edge_encoding,port_bits,initial,live
0,1,0,1
0,2,1,1
0,3,0,1
0,3,1,1
0,4,2,1
0,5,0,1
0,5,2,1
0,6,1,1
0,6,2,1
0,7,0,1
0,7,1,1
0,7,2,1
1,1,0,1
1,2,1,1
1,3,0,1
1,3,1,1
1,4,2,1
1,5,0,1
1,5,2,1
1,6,1,1
1,6,2,1
1,7,0,1
1,7,1,1
1,7,2,1
2,1,0,0
2,2,1,1
2,3,0,0
2,3,1,1
2,4,2,1
2,5,0,0
2,5,2,1
2,6,1,1
2,6,2,1
2,7,0,0
2,7,1,1
2,7,2,1
3,1,0,1
3,2,1,1
3,3,0,1
3,3,1,1
3,4,2,1
3,5,0,1
3,5,2,1
3,6,1,1
3,6,2,1
3,7,0,1
3,7,1,1
3,7,2,1
4,1,0,1
4,2,1,1
4,3,0,1
4,3,1,1
4,4,2,1
4,5,0,1
4,5,2,1
4,6,1,1
4,6,2,1
4,7,0,1
4,7,1,1
4,7,2,1
5,1,0,0
5,2,1,1
5,3,0,0
5,3,1,1
5,4,2,1
5,5,0,0
5,5,2,1
5,6,1,1
5,6,2,1
5,7,0,0
5,7,1,1
5,7,2,1
6,1,0,1
6,2,1,1
6,3,0,1
6,3,1,1
6,4,2,1
6,5,0,1
6,5,2,1
6,6,1,1
6,6,2,1
6,7,0,1
6,7,1,1
6,7,2,1
7,1,0,1
7,2,1,1
7,3,0,1
7,3,1,1
7,4,2,1
7,5,0,1
7,5,2,1
7,6,1,1
7,6,2,1
7,7,0,1
7,7,1,1
7,7,2,1
8,1,0,0
8,2,1,1
8,3,0,0
8,3,1,1
8,4,2,1
8,5,0,0
8,5,2,1
8,6,1,1
8,6,2,1
8,7,0,0
8,7,1,1
8,7,2,1
9,1,0,1
9,2,1,1
9,3,0,1
9,3,1,1
9,4,2,1
9,5,0,1
9,5,2,1
9,6,1,1
9,6,2,1
9,7,0,1
9,7,1,1
9,7,2,1
10,1,0,1
10,2,1,1
10,3,0,1
10,3,1,1
10,4,2,1
10,5,0,1
10,5,2,1
10,6,1,1
10,6,2,1
10,7,0,1
10,7,1,1
10,7,2,1
11,1,0,0
11,2,1,1
11,3,0,0
11,3,1,1
11,4,2,1
11,5,0,0
11,5,2,1
11,6,1,1
11,6,2,1
11,7,0,0
11,7,1,1
11,7,2,1
12,1,0,1
12,2,1,1
12,3,0,1
12,3,1,1
12,4,2,1
12,5,0,1
12,5,2,1
12,6,1,1
12,6,2,1
12,7,0,1
12,7,1,1
12,7,2,1
13,1,0,1
13,2,1,1
13,3,0,1
13,3,1,1
13,4,2,1
13,5,0,1
13,5,2,1
13,6,1,1
13,6,2,1
13,7,0,1
13,7,1,1
13,7,2,1
14,1,0,0
14,2,1,1
14,3,0,0
14,3,1,1
14,4,2,1
14,5,0,0
14,5,2,1
14,6,1,1
14,6,2,1
14,7,0,0
14,7,1,1
14,7,2,1
15,1,0,1
15,2,1,1
15,3,0,1
15,3,1,1
15,4,2,1
15,5,0,1
15,5,2,1
15,6,1,1
15,6,2,1
15,7,0,1
15,7,1,1
15,7,2,1
16,1,0,1
16,2,1,1
16,3,0,1
16,3,1,1
16,4,2,1
16,5,0,1
16,5,2,1
16,6,1,1
16,6,2,1
16,7,0,1
16,7,1,1
16,7,2,1
17,1,0,0
17,2,1,1
17,3,0,0
17,3,1,1
17,4,2,1
17,5,0,0
17,5,2,1
17,6,1,1
17,6,2,1
17,7,0,0
17,7,1,1
17,7,2,1
18,1,0,1
18,2,1,1
18,3,0,1
18,3,1,1
18,4,2,1
18,5,0,1
18,5,2,1
18,6,1,1
18,6,2,1
18,7,0,1
18,7,1,1
18,7,2,1
19,1,0,1
19,2,1,1
19,3,0,1
19,3,1,1
19,4,2,1
19,5,0,1
19,5,2,1
19,6,1,1
19,6,2,1
19,7,0,1
19,7,1,1
19,7,2,1
20,1,0,0
20,2,1,1
20,3,0,0
20,3,1,1
20,4,2,1
20,5,0,0
20,5,2,1
20,6,1,1
20,6,2,1
20,7,0,0
20,7,1,1
20,7,2,1
21,1,0,1
21,2,1,1
21,3,0,1
21,3,1,1
21,4,2,1
21,5,0,1
21,5,2,1
21,6,1,1
21,6,2,1
21,7,0,1
21,7,1,1
21,7,2,1
22,1,0,1
22,2,1,1
22,3,0,1
22,3,1,1
22,4,2,1
22,5,0,1
22,5,2,1
22,6,1,1
22,6,2,1
22,7,0,1
22,7,1,1
22,7,2,1
23,1,0,0
23,2,1,1
23,3,0,0
23,3,1,1
23,4,2,1
23,5,0,0
23,5,2,1
23,6,1,1
23,6,2,1
23,7,0,0
23,7,1,1
23,7,2,1
24,1,0,1
24,2,1,1
24,3,0,1
24,3,1,1
24,4,2,1
24,5,0,1
24,5,2,1
24,6,1,1
24,6,2,1
24,7,0,1
24,7,1,1
24,7,2,1
25,1,0,1
25,2,1,1
25,3,0,1
25,3,1,1
25,4,2,1
25,5,0,1
25,5,2,1
25,6,1,1
25,6,2,1
25,7,0,1
25,7,1,1
25,7,2,1
26,1,0,0
26,2,1,1
26,3,0,0
26,3,1,1
26,4,2,1
26,5,0,0
26,5,2,1
26,6,1,1
26,6,2,1
26,7,0,0
26,7,1,1
26,7,2,1
27,1,0,1
27,2,1,1
27,3,0,1
27,3,1,1
27,4,2,1
27,5,0,1
27,5,2,1
27,6,1,1
27,6,2,1
27,7,0,1
27,7,1,1
27,7,2,1
28,1,0,1
28,2,1,1
28,3,0,1
28,3,1,1
28,4,2,1
28,5,0,1
28,5,2,1
28,6,1,1
28,6,2,1
28,7,0,1
28,7,1,1
28,7,2,1
29,1,0,0
29,2,1,0
29,3,0,0
29,3,1,0
29,4,2,1
29,5,0,0
29,5,2,1
29,6,1,0
29,6,2,1
29,7,0,0
29,7,1,0
29,7,2,1
30,1,0,1
30,2,1,1
30,3,0,1
30,3,1,1
30,4,2,1
30,5,0,1
30,5,2,1
30,6,1,1
30,6,2,1
30,7,0,1
30,7,1,1
30,7,2,1
31,1,0,1
31,2,1,1
31,3,0,1
31,3,1,1
31,4,2,1
31,5,0,1
31,5,2,1
31,6,1,1
31,6,2,1
31,7,0,1
31,7,1,1
31,7,2,1
32,1,0,0
32,2,1,0
32,3,0,0
32,3,1,0
32,4,2,1
32,5,0,0
32,5,2,1
32,6,1,0
32,6,2,1
32,7,0,0
32,7,1,0
32,7,2,1
33,1,0,0
33,2,1,0
33,3,0,0
33,3,1,0
33,4,2,1
33,5,0,0
33,5,2,1
33,6,1,0
33,6,2,1
33,7,0,0
33,7,1,0
33,7,2,1
34,1,0,0
34,2,1,0
34,3,0,0
34,3,1,0
34,4,2,1
34,5,0,0
34,5,2,1
34,6,1,0
34,6,2,1
34,7,0,0
34,7,1,0
34,7,2,1
35,1,0,0
35,2,1,0
35,3,0,0
35,3,1,0
35,4,2,1
35,5,0,0
35,5,2,1
35,6,1,0
35,6,2,1
35,7,0,0
35,7,1,0
35,7,2,1
36,1,0,1
36,2,1,1
36,3,0,1
36,3,1,1
36,4,2,1
36,5,0,1
36,5,2,1
36,6,1,1
36,6,2,1
36,7,0,1
36,7,1,1
36,7,2,1
37,1,0,1
37,2,1,1
37,3,0,1
37,3,1,1
37,4,2,1
37,5,0,1
37,5,2,1
37,6,1,1
37,6,2,1
37,7,0,1
37,7,1,1
37,7,2,1
38,1,0,0
38,2,1,0
38,3,0,0
38,3,1,0
38,4,2,1
38,5,0,0
38,5,2,1
38,6,1,0
38,6,2,1
38,7,0,0
38,7,1,0
38,7,2,1
39,1,0,1
39,2,1,1
39,3,0,1
39,3,1,1
39,4,2,1
39,5,0,1
39,5,2,1
39,6,1,1
39,6,2,1
39,7,0,1
39,7,1,1
39,7,2,1
40,1,0,1
40,2,1,1
40,3,0,1
40,3,1,1
40,4,2,1
40,5,0,1
40,5,2,1
40,6,1,1
40,6,2,1
40,7,0,1
40,7,1,1
40,7,2,1
41,1,0,0
41,2,1,0
41,3,0,0
41,3,1,0
41,4,2,1
41,5,0,0
41,5,2,1
41,6,1,0
41,6,2,1
41,7,0,0
41,7,1,0
41,7,2,1
42,1,0,0
42,2,1,0
42,3,0,0
42,3,1,0
42,4,2,1
42,5,0,0
42,5,2,1
42,6,1,0
42,6,2,1
42,7,0,0
42,7,1,0
42,7,2,1
43,1,0,0
43,2,1,0
43,3,0,0
43,3,1,0
43,4,2,1
43,5,0,0
43,5,2,1
43,6,1,0
43,6,2,1
43,7,0,0
43,7,1,0
43,7,2,1
44,1,0,0
44,2,1,0
44,3,0,0
44,3,1,0
44,4,2,1
44,5,0,0
44,5,2,1
44,6,1,0
44,6,2,1
44,7,0,0
44,7,1,0
44,7,2,1
45,1,0,1
45,2,1,1
45,3,0,1
45,3,1,1
45,4,2,1
45,5,0,1
45,5,2,1
45,6,1,1
45,6,2,1
45,7,0,1
45,7,1,1
45,7,2,1
46,1,0,1
46,2,1,1
46,3,0,1
46,3,1,1
46,4,2,1
46,5,0,1
46,5,2,1
46,6,1,1
46,6,2,1
46,7,0,1
46,7,1,1
46,7,2,1
47,1,0,0
47,2,1,0
47,3,0,0
47,3,1,0
47,4,2,1
47,5,0,0
47,5,2,1
47,6,1,0
47,6,2,1
47,7,0,0
47,7,1,0
47,7,2,1
48,1,0,1
48,2,1,1
48,3,0,1
48,3,1,1
48,4,2,1
48,5,0,1
48,5,2,1
48,6,1,1
48,6,2,1
48,7,0,1
48,7,1,1
48,7,2,1
49,1,0,1
49,2,1,1
49,3,0,1
49,3,1,1
49,4,2,1
49,5,0,1
49,5,2,1
49,6,1,1
49,6,2,1
49,7,0,1
49,7,1,1
49,7,2,1
50,1,0,0
50,2,1,0
50,3,0,0
50,3,1,0
50,4,2,1
50,5,0,0
50,5,2,1
50,6,1,0
50,6,2,1
50,7,0,0
50,7,1,0
50,7,2,1
51,1,0,0
51,2,1,0
51,3,0,0
51,3,1,0
51,4,2,1
51,5,0,0
51,5,2,1
51,6,1,0
51,6,2,1
51,7,0,0
51,7,1,0
51,7,2,1
52,1,0,0
52,2,1,0
52,3,0,0
52,3,1,0
52,4,2,1
52,5,0,0
52,5,2,1
52,6,1,0
52,6,2,1
52,7,0,0
52,7,1,0
52,7,2,1
53,1,0,0
53,2,1,0
53,3,0,0
53,3,1,0
53,4,2,1
53,5,0,0
53,5,2,1
53,6,1,0
53,6,2,1
53,7,0,0
53,7,1,0
53,7,2,1
54,1,0,1
54,2,1,1
54,3,0,1
54,3,1,1
54,4,2,1
54,5,0,1
54,5,2,1
54,6,1,1
54,6,2,1
54,7,0,1
54,7,1,1
54,7,2,1
55,1,0,1
55,2,1,1
55,3,0,1
55,3,1,1
55,4,2,1
55,5,0,1
55,5,2,1
55,6,1,1
55,6,2,1
55,7,0,1
55,7,1,1
55,7,2,1
56,1,0,0
56,2,1,0
56,3,0,0
56,3,1,0
56,4,2,1
56,5,0,0
56,5,2,1
56,6,1,0
56,6,2,1
56,7,0,0
56,7,1,0
56,7,2,1
57,1,0,0
57,2,1,0
57,3,0,0
57,3,1,0
57,4,2,1
57,5,0,0
57,5,2,1
57,6,1,0
57,6,2,1
57,7,0,0
57,7,1,0
57,7,2,1
58,1,0,0
58,2,1,0
58,3,0,0
58,3,1,0
58,4,2,1
58,5,0,0
58,5,2,1
58,6,1,0
58,6,2,1
58,7,0,0
58,7,1,0
58,7,2,1
59,1,0,0
59,2,1,0
59,3,0,0
59,3,1,0
59,4,2,1
59,5,0,0
59,5,2,1
59,6,1,0
59,6,2,1
59,7,0,0
59,7,1,0
59,7,2,1
60,1,0,0
60,2,1,0
60,3,0,0
60,3,1,0
60,4,2,1
60,5,0,0
60,5,2,1
60,6,1,0
60,6,2,1
60,7,0,0
60,7,1,0
60,7,2,1
61,1,0,0
61,2,1,0
61,3,0,0
61,3,1,0
61,4,2,1
61,5,0,0
61,5,2,1
61,6,1,0
61,6,2,1
61,7,0,0
61,7,1,0
61,7,2,1
62,1,0,0
62,2,1,0
62,3,0,0
62,3,1,0
62,4,2,1
62,5,0,0
62,5,2,1
62,6,1,0
62,6,2,1
62,7,0,0
62,7,1,0
62,7,2,1
63,1,0,1
63,2,1,1
63,3,0,1
63,3,1,1
63,4,2,1
63,5,0,1
63,5,2,1
63,6,1,1
63,6,2,1
63,7,0,1
63,7,1,1
63,7,2,1
64,1,0,1
64,2,1,1
64,3,0,1
64,3,1,1
64,4,2,1
64,5,0,1
64,5,2,1
64,6,1,1
64,6,2,1
64,7,0,1
64,7,1,1
64,7,2,1
65,1,0,0
65,2,1,0
65,3,0,0
65,3,1,0
65,4,2,1
65,5,0,0
65,5,2,1
65,6,1,0
65,6,2,1
65,7,0,0
65,7,1,0
65,7,2,1
66,1,0,0
66,2,1,0
66,3,0,0
66,3,1,0
66,4,2,1
66,5,0,0
66,5,2,1
66,6,1,0
66,6,2,1
66,7,0,0
66,7,1,0
66,7,2,1
67,1,0,0
67,2,1,0
67,3,0,0
67,3,1,0
67,4,2,1
67,5,0,0
67,5,2,1
67,6,1,0
67,6,2,1
67,7,0,0
67,7,1,0
67,7,2,1
68,1,0,0
68,2,1,0
68,3,0,0
68,3,1,0
68,4,2,1
68,5,0,0
68,5,2,1
68,6,1,0
68,6,2,1
68,7,0,0
68,7,1,0
68,7,2,1
69,1,0,0
69,2,1,0
69,3,0,0
69,3,1,0
69,4,2,1
69,5,0,0
69,5,2,1
69,6,1,0
69,6,2,1
69,7,0,0
69,7,1,0
69,7,2,1
70,1,0,0
70,2,1,0
70,3,0,0
70,3,1,0
70,4,2,1
70,5,0,0
70,5,2,1
70,6,1,0
70,6,2,1
70,7,0,0
70,7,1,0
70,7,2,1
71,1,0,0
71,2,1,0
71,3,0,0
71,3,1,0
71,4,2,1
71,5,0,0
71,5,2,1
71,6,1,0
71,6,2,1
71,7,0,0
71,7,1,0
71,7,2,1
72,1,0,1
72,2,1,1
72,3,0,1
72,3,1,1
72,4,2,1
72,5,0,1
72,5,2,1
72,6,1,1
72,6,2,1
72,7,0,1
72,7,1,1
72,7,2,1
73,1,0,1
73,2,1,1
73,3,0,1
73,3,1,1
73,4,2,1
73,5,0,1
73,5,2,1
73,6,1,1
73,6,2,1
73,7,0,1
73,7,1,1
73,7,2,1
74,1,0,0
74,2,1,0
74,3,0,0
74,3,1,0
74,4,2,1
74,5,0,0
74,5,2,1
74,6,1,0
74,6,2,1
74,7,0,0
74,7,1,0
74,7,2,1
75,1,0,0
75,2,1,0
75,3,0,0
75,3,1,0
75,4,2,1
75,5,0,0
75,5,2,1
75,6,1,0
75,6,2,1
75,7,0,0
75,7,1,0
75,7,2,1
76,1,0,0
76,2,1,0
76,3,0,0
76,3,1,0
76,4,2,1
76,5,0,0
76,5,2,1
76,6,1,0
76,6,2,1
76,7,0,0
76,7,1,0
76,7,2,1
77,1,0,0
77,2,1,0
77,3,0,0
77,3,1,0
77,4,2,1
77,5,0,0
77,5,2,1
77,6,1,0
77,6,2,1
77,7,0,0
77,7,1,0
77,7,2,1
78,1,0,0
78,2,1,0
78,3,0,0
78,3,1,0
78,4,2,1
78,5,0,0
78,5,2,1
78,6,1,0
78,6,2,1
78,7,0,0
78,7,1,0
78,7,2,1
79,1,0,0
79,2,1,0
79,3,0,0
79,3,1,0
79,4,2,1
79,5,0,0
79,5,2,1
79,6,1,0
79,6,2,1
79,7,0,0
79,7,1,0
79,7,2,1
80,1,0,0
80,2,1,0
80,3,0,0
80,3,1,0
80,4,2,1
80,5,0,0
80,5,2,1
80,6,1,0
80,6,2,1
80,7,0,0
80,7,1,0
80,7,2,1
81,1,0,1
81,2,1,1
81,3,0,1
81,3,1,1
81,4,2,1
81,5,0,1
81,5,2,1
81,6,1,1
81,6,2,1
81,7,0,1
81,7,1,1
81,7,2,1
82,1,0,1
82,2,1,1
82,3,0,1
82,3,1,1
82,4,2,1
82,5,0,1
82,5,2,1
82,6,1,1
82,6,2,1
82,7,0,1
82,7,1,1
82,7,2,1
83,1,0,0
83,2,1,1
83,3,0,0
83,3,1,1
83,4,2,1
83,5,0,0
83,5,2,1
83,6,1,1
83,6,2,1
83,7,0,0
83,7,1,1
83,7,2,1
84,1,0,1
84,2,1,1
84,3,0,1
84,3,1,1
84,4,2,1
84,5,0,1
84,5,2,1
84,6,1,1
84,6,2,1
84,7,0,1
84,7,1,1
84,7,2,1
85,1,0,1
85,2,1,1
85,3,0,1
85,3,1,1
85,4,2,1
85,5,0,1
85,5,2,1
85,6,1,1
85,6,2,1
85,7,0,1
85,7,1,1
85,7,2,1
86,1,0,0
86,2,1,1
86,3,0,0
86,3,1,1
86,4,2,1
86,5,0,0
86,5,2,1
86,6,1,1
86,6,2,1
86,7,0,0
86,7,1,1
86,7,2,1
87,1,0,1
87,2,1,1
87,3,0,1
87,3,1,1
87,4,2,1
87,5,0,1
87,5,2,1
87,6,1,1
87,6,2,1
87,7,0,1
87,7,1,1
87,7,2,1
88,1,0,1
88,2,1,1
88,3,0,1
88,3,1,1
88,4,2,1
88,5,0,1
88,5,2,1
88,6,1,1
88,6,2,1
88,7,0,1
88,7,1,1
88,7,2,1
89,1,0,0
89,2,1,1
89,3,0,0
89,3,1,1
89,4,2,1
89,5,0,0
89,5,2,1
89,6,1,1
89,6,2,1
89,7,0,0
89,7,1,1
89,7,2,1
90,1,0,1
90,2,1,1
90,3,0,1
90,3,1,1
90,4,2,1
90,5,0,1
90,5,2,1
90,6,1,1
90,6,2,1
90,7,0,1
90,7,1,1
90,7,2,1
91,1,0,1
91,2,1,1
91,3,0,1
91,3,1,1
91,4,2,1
91,5,0,1
91,5,2,1
91,6,1,1
91,6,2,1
91,7,0,1
91,7,1,1
91,7,2,1
92,1,0,0
92,2,1,1
92,3,0,0
92,3,1,1
92,4,2,1
92,5,0,0
92,5,2,1
92,6,1,1
92,6,2,1
92,7,0,0
92,7,1,1
92,7,2,1
93,1,0,1
93,2,1,1
93,3,0,1
93,3,1,1
93,4,2,1
93,5,0,1
93,5,2,1
93,6,1,1
93,6,2,1
93,7,0,1
93,7,1,1
93,7,2,1
94,1,0,1
94,2,1,1
94,3,0,1
94,3,1,1
94,4,2,1
94,5,0,1
94,5,2,1
94,6,1,1
94,6,2,1
94,7,0,1
94,7,1,1
94,7,2,1
95,1,0,0
95,2,1,1
95,3,0,0
95,3,1,1
95,4,2,1
95,5,0,0
95,5,2,1
95,6,1,1
95,6,2,1
95,7,0,0
95,7,1,1
95,7,2,1
96,1,0,1
96,2,1,1
96,3,0,1
96,3,1,1
96,4,2,1
96,5,0,1
96,5,2,1
96,6,1,1
96,6,2,1
96,7,0,1
96,7,1,1
96,7,2,1
97,1,0,1
97,2,1,1
97,3,0,1
97,3,1,1
97,4,2,1
97,5,0,1
97,5,2,1
97,6,1,1
97,6,2,1
97,7,0,1
97,7,1,1
97,7,2,1
98,1,0,0
98,2,1,1
98,3,0,0
98,3,1,1
98,4,2,1
98,5,0,0
98,5,2,1
98,6,1,1
98,6,2,1
98,7,0,0
98,7,1,1
98,7,2,1
99,1,0,1
99,2,1,1
99,3,0,1
99,3,1,1
99,4,2,1
99,5,0,1
99,5,2,1
99,6,1,1
99,6,2,1
99,7,0,1
99,7,1,1
99,7,2,1
100,1,0,1
100,2,1,1
100,3,0,1
100,3,1,1
100,4,2,1
100,5,0,1
100,5,2,1
100,6,1,1
100,6,2,1
100,7,0,1
100,7,1,1
100,7,2,1
101,1,0,0
101,2,1,1
101,3,0,0
101,3,1,1
101,4,2,1
101,5,0,0
101,5,2,1
101,6,1,1
101,6,2,1
101,7,0,0
101,7,1,1
101,7,2,1
102,1,0,1
102,2,1,1
102,3,0,1
102,3,1,1
102,4,2,1
102,5,0,1
102,5,2,1
102,6,1,1
102,6,2,1
102,7,0,1
102,7,1,1
102,7,2,1
103,1,0,1
103,2,1,1
103,3,0,1
103,3,1,1
103,4,2,1
103,5,0,1
103,5,2,1
103,6,1,1
103,6,2,1
103,7,0,1
103,7,1,1
103,7,2,1
104,1,0,0
104,2,1,1
104,3,0,0
104,3,1,1
104,4,2,1
104,5,0,0
104,5,2,1
104,6,1,1
104,6,2,1
104,7,0,0
104,7,1,1
104,7,2,1
105,1,0,1
105,2,1,1
105,3,0,1
105,3,1,1
105,4,2,1
105,5,0,1
105,5,2,1
105,6,1,1
105,6,2,1
105,7,0,1
105,7,1,1
105,7,2,1
106,1,0,1
106,2,1,1
106,3,0,1
106,3,1,1
106,4,2,1
106,5,0,1
106,5,2,1
106,6,1,1
106,6,2,1
106,7,0,1
106,7,1,1
106,7,2,1
107,1,0,0
107,2,1,1
107,3,0,0
107,3,1,1
107,4,2,1
107,5,0,0
107,5,2,1
107,6,1,1
107,6,2,1
107,7,0,0
107,7,1,1
107,7,2,1
108,1,0,1
108,2,1,1
108,3,0,1
108,3,1,1
108,4,2,1
108,5,0,1
108,5,2,1
108,6,1,1
108,6,2,1
108,7,0,1
108,7,1,1
108,7,2,1
109,1,0,1
109,2,1,1
109,3,0,1
109,3,1,1
109,4,2,1
109,5,0,1
109,5,2,1
109,6,1,1
109,6,2,1
109,7,0,1
109,7,1,1
109,7,2,1
110,1,0,0
110,2,1,0
110,3,0,0
110,3,1,0
110,4,2,1
110,5,0,0
110,5,2,1
110,6,1,0
110,6,2,1
110,7,0,0
110,7,1,0
110,7,2,1
111,1,0,1
111,2,1,1
111,3,0,1
111,3,1,1
111,4,2,1
111,5,0,1
111,5,2,1
111,6,1,1
111,6,2,1
111,7,0,1
111,7,1,1
111,7,2,1
112,1,0,1
112,2,1,1
112,3,0,1
112,3,1,1
112,4,2,1
112,5,0,1
112,5,2,1
112,6,1,1
112,6,2,1
112,7,0,1
112,7,1,1
112,7,2,1
113,1,0,0
113,2,1,0
113,3,0,0
113,3,1,0
113,4,2,1
113,5,0,0
113,5,2,1
113,6,1,0
113,6,2,1
113,7,0,0
113,7,1,0
113,7,2,1
114,1,0,0
114,2,1,0
114,3,0,0
114,3,1,0
114,4,2,1
114,5,0,0
114,5,2,1
114,6,1,0
114,6,2,1
114,7,0,0
114,7,1,0
114,7,2,1
115,1,0,0
115,2,1,0
115,3,0,0
115,3,1,0
115,4,2,1
115,5,0,0
115,5,2,1
115,6,1,0
115,6,2,1
115,7,0,0
115,7,1,0
115,7,2,1
116,1,0,0
116,2,1,0
116,3,0,0
116,3,1,0
116,4,2,1
116,5,0,0
116,5,2,1
116,6,1,0
116,6,2,1
116,7,0,0
116,7,1,0
116,7,2,1
117,1,0,1
117,2,1,1
117,3,0,1
117,3,1,1
117,4,2,1
117,5,0,1
117,5,2,1
117,6,1,1
117,6,2,1
117,7,0,1
117,7,1,1
117,7,2,1
118,1,0,1
118,2,1,1
118,3,0,1
118,3,1,1
118,4,2,1
118,5,0,1
118,5,2,1
118,6,1,1
118,6,2,1
118,7,0,1
118,7,1,1
118,7,2,1
119,1,0,0
119,2,1,0
119,3,0,0
119,3,1,0
119,4,2,1
119,5,0,0
119,5,2,1
119,6,1,0
119,6,2,1
119,7,0,0
119,7,1,0
119,7,2,1
120,1,0,1
120,2,1,1
120,3,0,1
120,3,1,1
120,4,2,1
120,5,0,1
120,5,2,1
120,6,1,1
120,6,2,1
120,7,0,1
120,7,1,1
120,7,2,1
121,1,0,1
121,2,1,1
121,3,0,1
121,3,1,1
121,4,2,1
121,5,0,1
121,5,2,1
121,6,1,1
121,6,2,1
121,7,0,1
121,7,1,1
121,7,2,1
122,1,0,0
122,2,1,0
122,3,0,0
122,3,1,0
122,4,2,1
122,5,0,0
122,5,2,1
122,6,1,0
122,6,2,1
122,7,0,0
122,7,1,0
122,7,2,1
123,1,0,0
123,2,1,0
123,3,0,0
123,3,1,0
123,4,2,1
123,5,0,0
123,5,2,1
123,6,1,0
123,6,2,1
123,7,0,0
123,7,1,0
123,7,2,1
124,1,0,0
124,2,1,0
124,3,0,0
124,3,1,0
124,4,2,1
124,5,0,0
124,5,2,1
124,6,1,0
124,6,2,1
124,7,0,0
124,7,1,0
124,7,2,1
125,1,0,0
125,2,1,0
125,3,0,0
125,3,1,0
125,4,2,1
125,5,0,0
125,5,2,1
125,6,1,0
125,6,2,1
125,7,0,0
125,7,1,0
125,7,2,1
126,1,0,1
126,2,1,1
126,3,0,1
126,3,1,1
126,4,2,1
126,5,0,1
126,5,2,1
126,6,1,1
126,6,2,1
126,7,0,1
126,7,1,1
126,7,2,1
127,1,0,1
127,2,1,1
127,3,0,1
127,3,1,1
127,4,2,1
127,5,0,1
127,5,2,1
127,6,1,1
127,6,2,1
127,7,0,1
127,7,1,1
127,7,2,1
128,1,0,0
128,2,1,0
128,3,0,0
128,3,1,0
128,4,2,1
128,5,0,0
128,5,2,1
128,6,1,0
128,6,2,1
128,7,0,0
128,7,1,0
128,7,2,1
129,1,0,1
129,2,1,1
129,3,0,1
129,3,1,1
129,4,2,1
129,5,0,1
129,5,2,1
129,6,1,1
129,6,2,1
129,7,0,1
129,7,1,1
129,7,2,1
130,1,0,1
130,2,1,1
130,3,0,1
130,3,1,1
130,4,2,1
130,5,0,1
130,5,2,1
130,6,1,1
130,6,2,1
130,7,0,1
130,7,1,1
130,7,2,1
131,1,0,0
131,2,1,0
131,3,0,0
131,3,1,0
131,4,2,1
131,5,0,0
131,5,2,1
131,6,1,0
131,6,2,1
131,7,0,0
131,7,1,0
131,7,2,1
132,1,0,0
132,2,1,0
132,3,0,0
132,3,1,0
132,4,2,1
132,5,0,0
132,5,2,1
132,6,1,0
132,6,2,1
132,7,0,0
132,7,1,0
132,7,2,1
133,1,0,0
133,2,1,0
133,3,0,0
133,3,1,0
133,4,2,1
133,5,0,0
133,5,2,1
133,6,1,0
133,6,2,1
133,7,0,0
133,7,1,0
133,7,2,1
134,1,0,0
134,2,1,0
134,3,0,0
134,3,1,0
134,4,2,1
134,5,0,0
134,5,2,1
134,6,1,0
134,6,2,1
134,7,0,0
134,7,1,0
134,7,2,1
135,1,0,1
135,2,1,1
135,3,0,1
135,3,1,1
135,4,2,1
135,5,0,1
135,5,2,1
135,6,1,1
135,6,2,1
135,7,0,1
135,7,1,1
135,7,2,1
136,1,0,1
136,2,1,1
136,3,0,1
136,3,1,1
136,4,2,1
136,5,0,1
136,5,2,1
136,6,1,1
136,6,2,1
136,7,0,1
136,7,1,1
136,7,2,1
137,1,0,0
137,2,1,0
137,3,0,0
137,3,1,0
137,4,2,1
137,5,0,0
137,5,2,1
137,6,1,0
137,6,2,1
137,7,0,0
137,7,1,0
137,7,2,1
138,1,0,0
138,2,1,0
138,3,0,0
138,3,1,0
138,4,2,1
138,5,0,0
138,5,2,1
138,6,1,0
138,6,2,1
138,7,0,0
138,7,1,0
138,7,2,1
139,1,0,0
139,2,1,0
139,3,0,0
139,3,1,0
139,4,2,1
139,5,0,0
139,5,2,1
139,6,1,0
139,6,2,1
139,7,0,0
139,7,1,0
139,7,2,1
140,1,0,0
140,2,1,0
140,3,0,0
140,3,1,0
140,4,2,1
140,5,0,0
140,5,2,1
140,6,1,0
140,6,2,1
140,7,0,0
140,7,1,0
140,7,2,1
141,1,0,0
141,2,1,0
141,3,0,0
141,3,1,0
141,4,2,1
141,5,0,0
141,5,2,1
141,6,1,0
141,6,2,1
141,7,0,0
141,7,1,0
141,7,2,1
142,1,0,0
142,2,1,0
142,3,0,0
142,3,1,0
142,4,2,1
142,5,0,0
142,5,2,1
142,6,1,0
142,6,2,1
142,7,0,0
142,7,1,0
142,7,2,1
143,1,0,0
143,2,1,0
143,3,0,0
143,3,1,0
143,4,2,1
143,5,0,0
143,5,2,1
143,6,1,0
143,6,2,1
143,7,0,0
143,7,1,0
143,7,2,1
144,1,0,1
144,2,1,1
144,3,0,1
144,3,1,1
144,4,2,1
144,5,0,1
144,5,2,1
144,6,1,1
144,6,2,1
144,7,0,1
144,7,1,1
144,7,2,1
145,1,0,1
145,2,1,1
145,3,0,1
145,3,1,1
145,4,2,1
145,5,0,1
145,5,2,1
145,6,1,1
145,6,2,1
145,7,0,1
145,7,1,1
145,7,2,1
146,1,0,0
146,2,1,0
146,3,0,0
146,3,1,0
146,4,2,1
146,5,0,0
146,5,2,1
146,6,1,0
146,6,2,1
146,7,0,0
146,7,1,0
146,7,2,1
147,1,0,0
147,2,1,0
147,3,0,0
147,3,1,0
147,4,2,1
147,5,0,0
147,5,2,1
147,6,1,0
147,6,2,1
147,7,0,0
147,7,1,0
147,7,2,1
148,1,0,0
148,2,1,0
148,3,0,0
148,3,1,0
148,4,2,1
148,5,0,0
148,5,2,1
148,6,1,0
148,6,2,1
148,7,0,0
148,7,1,0
148,7,2,1
149,1,0,0
149,2,1,0
149,3,0,0
149,3,1,0
149,4,2,1
149,5,0,0
149,5,2,1
149,6,1,0
149,6,2,1
149,7,0,0
149,7,1,0
149,7,2,1
150,1,0,0
150,2,1,0
150,3,0,0
150,3,1,0
150,4,2,1
150,5,0,0
150,5,2,1
150,6,1,0
150,6,2,1
150,7,0,0
150,7,1,0
150,7,2,1
151,1,0,0
151,2,1,0
151,3,0,0
151,3,1,0
151,4,2,1
151,5,0,0
151,5,2,1
151,6,1,0
151,6,2,1
151,7,0,0
151,7,1,0
151,7,2,1
152,1,0,0
152,2,1,0
152,3,0,0
152,3,1,0
152,4,2,1
152,5,0,0
152,5,2,1
152,6,1,0
152,6,2,1
152,7,0,0
152,7,1,0
152,7,2,1
153,1,0,1
153,2,1,1
153,3,0,1
153,3,1,1
153,4,2,1
153,5,0,1
153,5,2,1
153,6,1,1
153,6,2,1
153,7,0,1
153,7,1,1
153,7,2,1
154,1,0,1
154,2,1,1
154,3,0,1
154,3,1,1
154,4,2,1
154,5,0,1
154,5,2,1
154,6,1,1
154,6,2,1
154,7,0,1
154,7,1,1
154,7,2,1
155,1,0,0
155,2,1,0
155,3,0,0
155,3,1,0
155,4,2,1
155,5,0,0
155,5,2,1
155,6,1,0
155,6,2,1
155,7,0,0
155,7,1,0
155,7,2,1
156,1,0,0
156,2,1,0
156,3,0,0
156,3,1,0
156,4,2,1
156,5,0,0
156,5,2,1
156,6,1,0
156,6,2,1
156,7,0,0
156,7,1,0
156,7,2,1
157,1,0,0
157,2,1,0
157,3,0,0
157,3,1,0
157,4,2,1
157,5,0,0
157,5,2,1
157,6,1,0
157,6,2,1
157,7,0,0
157,7,1,0
157,7,2,1
158,1,0,0
158,2,1,0
158,3,0,0
158,3,1,0
158,4,2,1
158,5,0,0
158,5,2,1
158,6,1,0
158,6,2,1
158,7,0,0
158,7,1,0
158,7,2,1
159,1,0,0
159,2,1,0
159,3,0,0
159,3,1,0
159,4,2,1
159,5,0,0
159,5,2,1
159,6,1,0
159,6,2,1
159,7,0,0
159,7,1,0
159,7,2,1
160,1,0,0
160,2,1,0
160,3,0,0
160,3,1,0
160,4,2,1
160,5,0,0
160,5,2,1
160,6,1,0
160,6,2,1
160,7,0,0
160,7,1,0
160,7,2,1
161,1,0,0
161,2,1,0
161,3,0,0
161,3,1,0
161,4,2,1
161,5,0,0
161,5,2,1
161,6,1,0
161,6,2,1
161,7,0,0
161,7,1,0
161,7,2,1
162,1,0,1
162,2,1,0
162,3,0,1
162,3,1,0
162,4,2,1
162,5,0,1
162,5,2,1
162,6,1,0
162,6,2,1
162,7,0,1
162,7,1,0
162,7,2,1
163,1,0,1
163,2,1,0
163,3,0,1
163,3,1,0
163,4,2,1
163,5,0,1
163,5,2,1
163,6,1,0
163,6,2,1
163,7,0,1
163,7,1,0
163,7,2,1
164,1,0,0
164,2,1,0
164,3,0,0
164,3,1,0
164,4,2,1
164,5,0,0
164,5,2,1
164,6,1,0
164,6,2,1
164,7,0,0
164,7,1,0
164,7,2,1
165,1,0,0
165,2,1,0
165,3,0,0
165,3,1,0
165,4,2,1
165,5,0,0
165,5,2,1
165,6,1,0
165,6,2,1
165,7,0,0
165,7,1,0
165,7,2,1
166,1,0,0
166,2,1,0
166,3,0,0
166,3,1,0
166,4,2,1
166,5,0,0
166,5,2,1
166,6,1,0
166,6,2,1
166,7,0,0
166,7,1,0
166,7,2,1
167,1,0,0
167,2,1,0
167,3,0,0
167,3,1,0
167,4,2,1
167,5,0,0
167,5,2,1
167,6,1,0
167,6,2,1
167,7,0,0
167,7,1,0
167,7,2,1
168,1,0,0
168,2,1,0
168,3,0,0
168,3,1,0
168,4,2,1
168,5,0,0
168,5,2,1
168,6,1,0
168,6,2,1
168,7,0,0
168,7,1,0
168,7,2,1
169,1,0,0
169,2,1,0
169,3,0,0
169,3,1,0
169,4,2,1
169,5,0,0
169,5,2,1
169,6,1,0
169,6,2,1
169,7,0,0
169,7,1,0
169,7,2,1
170,1,0,0
170,2,1,0
170,3,0,0
170,3,1,0
170,4,2,1
170,5,0,0
170,5,2,1
170,6,1,0
170,6,2,1
170,7,0,0
170,7,1,0
170,7,2,1
171,1,0,1
171,2,1,0
171,3,0,1
171,3,1,0
171,4,2,1
171,5,0,1
171,5,2,1
171,6,1,0
171,6,2,1
171,7,0,1
171,7,1,0
171,7,2,1
172,1,0,1
172,2,1,0
172,3,0,1
172,3,1,0
172,4,2,1
172,5,0,1
172,5,2,1
172,6,1,0
172,6,2,1
172,7,0,1
172,7,1,0
172,7,2,1
173,1,0,0
173,2,1,0
173,3,0,0
173,3,1,0
173,4,2,1
173,5,0,0
173,5,2,1
173,6,1,0
173,6,2,1
173,7,0,0
173,7,1,0
173,7,2,1
174,1,0,0
174,2,1,0
174,3,0,0
174,3,1,0
174,4,2,1
174,5,0,0
174,5,2,1
174,6,1,0
174,6,2,1
174,7,0,0
174,7,1,0
174,7,2,1
175,1,0,0
175,2,1,0
175,3,0,0
175,3,1,0
175,4,2,1
175,5,0,0
175,5,2,1
175,6,1,0
175,6,2,1
175,7,0,0
175,7,1,0
175,7,2,1
176,1,0,0
176,2,1,0
176,3,0,0
176,3,1,0
176,4,2,1
176,5,0,0
176,5,2,1
176,6,1,0
176,6,2,1
176,7,0,0
176,7,1,0
176,7,2,1
177,1,0,0
177,2,1,0
177,3,0,0
177,3,1,0
177,4,2,1
177,5,0,0
177,5,2,1
177,6,1,0
177,6,2,1
177,7,0,0
177,7,1,0
177,7,2,1
178,1,0,0
178,2,1,0
178,3,0,0
178,3,1,0
178,4,2,1
178,5,0,0
178,5,2,1
178,6,1,0
178,6,2,1
178,7,0,0
178,7,1,0
178,7,2,1
179,1,0,0
179,2,1,0
179,3,0,0
179,3,1,0
179,4,2,1
179,5,0,0
179,5,2,1
179,6,1,0
179,6,2,1
179,7,0,0
179,7,1,0
179,7,2,1
180,1,0,1
180,2,1,0
180,3,0,1
180,3,1,0
180,4,2,1
180,5,0,1
180,5,2,1
180,6,1,0
180,6,2,1
180,7,0,1
180,7,1,0
180,7,2,1
181,1,0,1
181,2,1,0
181,3,0,1
181,3,1,0
181,4,2,1
181,5,0,1
181,5,2,1
181,6,1,0
181,6,2,1
181,7,0,1
181,7,1,0
181,7,2,1
182,1,0,0
182,2,1,0
182,3,0,0
182,3,1,0
182,4,2,1
182,5,0,0
182,5,2,1
182,6,1,0
182,6,2,1
182,7,0,0
182,7,1,0
182,7,2,1
183,1,0,0
183,2,1,0
183,3,0,0
183,3,1,0
183,4,2,1
183,5,0,0
183,5,2,1
183,6,1,0
183,6,2,1
183,7,0,0
183,7,1,0
183,7,2,1
184,1,0,0
184,2,1,0
184,3,0,0
184,3,1,0
184,4,2,1
184,5,0,0
184,5,2,1
184,6,1,0
184,6,2,1
184,7,0,0
184,7,1,0
184,7,2,1
185,1,0,0
185,2,1,0
185,3,0,0
185,3,1,0
185,4,2,1
185,5,0,0
185,5,2,1
185,6,1,0
185,6,2,1
185,7,0,0
185,7,1,0
185,7,2,1
186,1,0,0
186,2,1,0
186,3,0,0
186,3,1,0
186,4,2,1
186,5,0,0
186,5,2,1
186,6,1,0
186,6,2,1
186,7,0,0
186,7,1,0
186,7,2,1
187,1,0,0
187,2,1,0
187,3,0,0
187,3,1,0
187,4,2,1
187,5,0,0
187,5,2,1
187,6,1,0
187,6,2,1
187,7,0,0
187,7,1,0
187,7,2,1
188,1,0,0
188,2,1,0
188,3,0,0
188,3,1,0
188,4,2,1
188,5,0,0
188,5,2,1
188,6,1,0
188,6,2,1
188,7,0,0
188,7,1,0
188,7,2,1
189,1,0,1
189,2,1,0
189,3,0,1
189,3,1,0
189,4,2,1
189,5,0,1
189,5,2,1
189,6,1,0
189,6,2,1
189,7,0,1
189,7,1,0
189,7,2,1
190,1,0,1
190,2,1,0
190,3,0,1
190,3,1,0
190,4,2,1
190,5,0,1
190,5,2,1
190,6,1,0
190,6,2,1
190,7,0,1
190,7,1,0
190,7,2,1
191,1,0,0
191,2,1,0
191,3,0,0
191,3,1,0
191,4,2,1
191,5,0,0
191,5,2,1
191,6,1,0
191,6,2,1
191,7,0,0
191,7,1,0
191,7,2,1
192,1,0,0
192,2,1,0
192,3,0,0
192,3,1,0
192,4,2,1
192,5,0,0
192,5,2,1
192,6,1,0
192,6,2,1
192,7,0,0
192,7,1,0
192,7,2,1
193,1,0,0
193,2,1,0
193,3,0,0
193,3,1,0
193,4,2,1
193,5,0,0
193,5,2,1
193,6,1,0
193,6,2,1
193,7,0,0
193,7,1,0
193,7,2,1
194,1,0,0
194,2,1,0
194,3,0,0
194,3,1,0
194,4,2,1
194,5,0,0
194,5,2,1
194,6,1,0
194,6,2,1
194,7,0,0
194,7,1,0
194,7,2,1
195,1,0,0
195,2,1,0
195,3,0,0
195,3,1,0
195,4,2,1
195,5,0,0
195,5,2,1
195,6,1,0
195,6,2,1
195,7,0,0
195,7,1,0
195,7,2,1
196,1,0,0
196,2,1,0
196,3,0,0
196,3,1,0
196,4,2,1
196,5,0,0
196,5,2,1
196,6,1,0
196,6,2,1
196,7,0,0
196,7,1,0
196,7,2,1
197,1,0,0
197,2,1,0
197,3,0,0
197,3,1,0
197,4,2,1
197,5,0,0
197,5,2,1
197,6,1,0
197,6,2,1
197,7,0,0
197,7,1,0
197,7,2,1
198,1,0,1
198,2,1,0
198,3,0,1
198,3,1,0
198,4,2,1
198,5,0,1
198,5,2,1
198,6,1,0
198,6,2,1
198,7,0,1
198,7,1,0
198,7,2,1
199,1,0,1
199,2,1,0
199,3,0,1
199,3,1,0
199,4,2,1
199,5,0,1
199,5,2,1
199,6,1,0
199,6,2,1
199,7,0,1
199,7,1,0
199,7,2,1
200,1,0,0
200,2,1,0
200,3,0,0
200,3,1,0
200,4,2,1
200,5,0,0
200,5,2,1
200,6,1,0
200,6,2,1
200,7,0,0
200,7,1,0
200,7,2,1
201,1,0,0
201,2,1,0
201,3,0,0
201,3,1,0
201,4,2,1
201,5,0,0
201,5,2,1
201,6,1,0
201,6,2,1
201,7,0,0
201,7,1,0
201,7,2,1
202,1,0,0
202,2,1,0
202,3,0,0
202,3,1,0
202,4,2,1
202,5,0,0
202,5,2,1
202,6,1,0
202,6,2,1
202,7,0,0
202,7,1,0
202,7,2,1
203,1,0,0
203,2,1,0
203,3,0,0
203,3,1,0
203,4,2,1
203,5,0,0
203,5,2,1
203,6,1,0
203,6,2,1
203,7,0,0
203,7,1,0
203,7,2,1
204,1,0,0
204,2,1,0
204,3,0,0
204,3,1,0
204,4,2,1
204,5,0,0
204,5,2,1
204,6,1,0
204,6,2,1
204,7,0,0
204,7,1,0
204,7,2,1
205,1,0,0
205,2,1,0
205,3,0,0
205,3,1,0
205,4,2,1
205,5,0,0
205,5,2,1
205,6,1,0
205,6,2,1
205,7,0,0
205,7,1,0
205,7,2,1
206,1,0,0
206,2,1,0
206,3,0,0
206,3,1,0
206,4,2,1
206,5,0,0
206,5,2,1
206,6,1,0
206,6,2,1
206,7,0,0
206,7,1,0
206,7,2,1
207,1,0,1
207,2,1,0
207,3,0,1
207,3,1,0
207,4,2,1
207,5,0,1
207,5,2,1
207,6,1,0
207,6,2,1
207,7,0,1
207,7,1,0
207,7,2,1
208,1,0,1
208,2,1,0
208,3,0,1
208,3,1,0
208,4,2,1
208,5,0,1
208,5,2,1
208,6,1,0
208,6,2,1
208,7,0,1
208,7,1,0
208,7,2,1
209,1,0,0
209,2,1,0
209,3,0,0
209,3,1,0
209,4,2,1
209,5,0,0
209,5,2,1
209,6,1,0
209,6,2,1
209,7,0,0
209,7,1,0
209,7,2,1
210,1,0,0
210,2,1,0
210,3,0,0
210,3,1,0
210,4,2,1
210,5,0,0
210,5,2,1
210,6,1,0
210,6,2,1
210,7,0,0
210,7,1,0
210,7,2,1
211,1,0,0
211,2,1,0
211,3,0,0
211,3,1,0
211,4,2,1
211,5,0,0
211,5,2,1
211,6,1,0
211,6,2,1
211,7,0,0
211,7,1,0
211,7,2,1
212,1,0,0
212,2,1,0
212,3,0,0
212,3,1,0
212,4,2,1
212,5,0,0
212,5,2,1
212,6,1,0
212,6,2,1
212,7,0,0
212,7,1,0
212,7,2,1
213,1,0,0
213,2,1,0
213,3,0,0
213,3,1,0
213,4,2,1
213,5,0,0
213,5,2,1
213,6,1,0
213,6,2,1
213,7,0,0
213,7,1,0
213,7,2,1
214,1,0,0
214,2,1,0
214,3,0,0
214,3,1,0
214,4,2,1
214,5,0,0
214,5,2,1
214,6,1,0
214,6,2,1
214,7,0,0
214,7,1,0
214,7,2,1
215,1,0,0
215,2,1,0
215,3,0,0
215,3,1,0
215,4,2,1
215,5,0,0
215,5,2,1
215,6,1,0
215,6,2,1
215,7,0,0
215,7,1,0
215,7,2,1
216,1,0,1
216,2,1,0
216,3,0,1
216,3,1,0
216,4,2,1
216,5,0,1
216,5,2,1
216,6,1,0
216,6,2,1
216,7,0,1
216,7,1,0
216,7,2,1
217,1,0,1
217,2,1,0
217,3,0,1
217,3,1,0
217,4,2,1
217,5,0,1
217,5,2,1
217,6,1,0
217,6,2,1
217,7,0,1
217,7,1,0
217,7,2,1
218,1,0,0
218,2,1,0
218,3,0,0
218,3,1,0
218,4,2,1
218,5,0,0
218,5,2,1
218,6,1,0
218,6,2,1
218,7,0,0
218,7,1,0
218,7,2,1
219,1,0,0
219,2,1,0
219,3,0,0
219,3,1,0
219,4,2,1
219,5,0,0
219,5,2,1
219,6,1,0
219,6,2,1
219,7,0,0
219,7,1,0
219,7,2,1
220,1,0,0
220,2,1,0
220,3,0,0
220,3,1,0
220,4,2,1
220,5,0,0
220,5,2,1
220,6,1,0
220,6,2,1
220,7,0,0
220,7,1,0
220,7,2,1
221,1,0,0
221,2,1,0
221,3,0,0
221,3,1,0
221,4,2,1
221,5,0,0
221,5,2,1
221,6,1,0
221,6,2,1
221,7,0,0
221,7,1,0
221,7,2,1
222,1,0,0
222,2,1,0
222,3,0,0
222,3,1,0
222,4,2,1
222,5,0,0
222,5,2,1
222,6,1,0
222,6,2,1
222,7,0,0
222,7,1,0
222,7,2,1
223,1,0,0
223,2,1,0
223,3,0,0
223,3,1,0
223,4,2,1
223,5,0,0
223,5,2,1
223,6,1,0
223,6,2,1
223,7,0,0
223,7,1,0
223,7,2,1
224,1,0,0
224,2,1,0
224,3,0,0
224,3,1,0
224,4,2,1
224,5,0,0
224,5,2,1
224,6,1,0
224,6,2,1
224,7,0,0
224,7,1,0
224,7,2,1
225,1,0,1
225,2,1,0
225,3,0,1
225,3,1,0
225,4,2,1
225,5,0,1
225,5,2,1
225,6,1,0
225,6,2,1
225,7,0,1
225,7,1,0
225,7,2,1
226,1,0,1
226,2,1,0
226,3,0,1
226,3,1,0
226,4,2,1
226,5,0,1
226,5,2,1
226,6,1,0
226,6,2,1
226,7,0,1
226,7,1,0
226,7,2,1
227,1,0,0
227,2,1,0
227,3,0,0
227,3,1,0
227,4,2,1
227,5,0,0
227,5,2,1
227,6,1,0
227,6,2,1
227,7,0,0
227,7,1,0
227,7,2,1
228,1,0,0
228,2,1,0
228,3,0,0
228,3,1,0
228,4,2,1
228,5,0,0
228,5,2,1
228,6,1,0
228,6,2,1
228,7,0,0
228,7,1,0
228,7,2,1
229,1,0,0
229,2,1,0
229,3,0,0
229,3,1,0
229,4,2,1
229,5,0,0
229,5,2,1
229,6,1,0
229,6,2,1
229,7,0,0
229,7,1,0
229,7,2,1
230,1,0,0
230,2,1,0
230,3,0,0
230,3,1,0
230,4,2,1
230,5,0,0
230,5,2,1
230,6,1,0
230,6,2,1
230,7,0,0
230,7,1,0
230,7,2,1
231,1,0,0
231,2,1,0
231,3,0,0
231,3,1,0
231,4,2,1
231,5,0,0
231,5,2,1
231,6,1,0
231,6,2,1
231,7,0,0
231,7,1,0
231,7,2,1
232,1,0,0
232,2,1,0
232,3,0,0
232,3,1,0
232,4,2,1
232,5,0,0
232,5,2,1
232,6,1,0
232,6,2,1
232,7,0,0
232,7,1,0
232,7,2,1
233,1,0,0
233,2,1,0
233,3,0,0
233,3,1,0
233,4,2,1
233,5,0,0
233,5,2,1
233,6,1,0
233,6,2,1
233,7,0,0
233,7,1,0
233,7,2,1
234,1,0,1
234,2,1,0
234,3,0,1
234,3,1,0
234,4,2,1
234,5,0,1
234,5,2,1
234,6,1,0
234,6,2,1
234,7,0,1
234,7,1,0
234,7,2,1
235,1,0,1
235,2,1,0
235,3,0,1
235,3,1,0
235,4,2,1
235,5,0,1
235,5,2,1
235,6,1,0
235,6,2,1
235,7,0,1
235,7,1,0
235,7,2,1
236,1,0,0
236,2,1,0
236,3,0,0
236,3,1,0
236,4,2,1
236,5,0,0
236,5,2,1
236,6,1,0
236,6,2,1
236,7,0,0
236,7,1,0
236,7,2,1
237,1,0,0
237,2,1,0
237,3,0,0
237,3,1,0
237,4,2,1
237,5,0,0
237,5,2,1
237,6,1,0
237,6,2,1
237,7,0,0
237,7,1,0
237,7,2,1
238,1,0,0
238,2,1,0
238,3,0,0
238,3,1,0
238,4,2,1
238,5,0,0
238,5,2,1
238,6,1,0
238,6,2,1
238,7,0,0
238,7,1,0
238,7,2,1
239,1,0,0
239,2,1,0
239,3,0,0
239,3,1,0
239,4,2,1
239,5,0,0
239,5,2,1
239,6,1,0
239,6,2,1
239,7,0,0
239,7,1,0
239,7,2,1
240,1,0,0
240,2,1,0
240,3,0,0
240,3,1,0
240,4,2,1
240,5,0,0
240,5,2,1
240,6,1,0
240,6,2,1
240,7,0,0
240,7,1,0
240,7,2,1
241,1,0,0
241,2,1,0
241,3,0,0
241,3,1,0
241,4,2,1
241,5,0,0
241,5,2,1
241,6,1,0
241,6,2,1
241,7,0,0
241,7,1,0
241,7,2,1
242,1,0,0
242,2,1,0
242,3,0,0
242,3,1,0
242,4,2,1
242,5,0,0
242,5,2,1
242,6,1,0
242,6,2,1
242,7,0,0
242,7,1,0
242,7,2,1
243,1,0,1
243,2,1,1
243,3,0,1
243,3,1,1
243,4,2,1
243,5,0,1
243,5,2,1
243,6,1,1
243,6,2,1
243,7,0,1
243,7,1,1
243,7,2,1
244,1,0,1
244,2,1,1
244,3,0,1
244,3,1,1
244,4,2,1
244,5,0,1
244,5,2,1
244,6,1,1
244,6,2,1
244,7,0,1
244,7,1,1
244,7,2,1
245,1,0,0
245,2,1,1
245,3,0,0
245,3,1,1
245,4,2,1
245,5,0,0
245,5,2,1
245,6,1,1
245,6,2,1
245,7,0,0
245,7,1,1
245,7,2,1
246,1,0,1
246,2,1,1
246,3,0,1
246,3,1,1
246,4,2,1
246,5,0,1
246,5,2,1
246,6,1,1
246,6,2,1
246,7,0,1
246,7,1,1
246,7,2,1
247,1,0,1
247,2,1,1
247,3,0,1
247,3,1,1
247,4,2,1
247,5,0,1
247,5,2,1
247,6,1,1
247,6,2,1
247,7,0,1
247,7,1,1
247,7,2,1
248,1,0,0
248,2,1,1
248,3,0,0
248,3,1,1
248,4,2,1
248,5,0,0
248,5,2,1
248,6,1,1
248,6,2,1
248,7,0,0
248,7,1,1
248,7,2,1
249,1,0,1
249,2,1,1
249,3,0,1
249,3,1,1
249,4,2,1
249,5,0,1
249,5,2,1
249,6,1,1
249,6,2,1
249,7,0,1
249,7,1,1
249,7,2,1
250,1,0,1
250,2,1,1
250,3,0,1
250,3,1,1
250,4,2,1
250,5,0,1
250,5,2,1
250,6,1,1
250,6,2,1
250,7,0,1
250,7,1,1
250,7,2,1
251,1,0,0
251,2,1,1
251,3,0,0
251,3,1,1
251,4,2,1
251,5,0,0
251,5,2,1
251,6,1,1
251,6,2,1
251,7,0,0
251,7,1,1
251,7,2,1
252,1,0,1
252,2,1,1
252,3,0,1
252,3,1,1
252,4,2,1
252,5,0,1
252,5,2,1
252,6,1,1
252,6,2,1
252,7,0,1
252,7,1,1
252,7,2,1
253,1,0,1
253,2,1,1
253,3,0,1
253,3,1,1
253,4,2,1
253,5,0,1
253,5,2,1
253,6,1,1
253,6,2,1
253,7,0,1
253,7,1,1
253,7,2,1
254,1,0,0
254,2,1,1
254,3,0,0
254,3,1,1
254,4,2,1
254,5,0,0
254,5,2,1
254,6,1,1
254,6,2,1
254,7,0,0
254,7,1,1
254,7,2,1
255,1,0,1
255,2,1,1
255,3,0,1
255,3,1,1
255,4,2,1
255,5,0,1
255,5,2,1
255,6,1,1
255,6,2,1
255,7,0,1
255,7,1,1
255,7,2,1
256,1,0,1
256,2,1,1
256,3,0,1
256,3,1,1
256,4,2,1
256,5,0,1
256,5,2,1
256,6,1,1
256,6,2,1
256,7,0,1
256,7,1,1
256,7,2,1
257,1,0,0
257,2,1,1
257,3,0,0
257,3,1,1
257,4,2,1
257,5,0,0
257,5,2,1
257,6,1,1
257,6,2,1
257,7,0,0
257,7,1,1
257,7,2,1
258,1,0,1
258,2,1,1
258,3,0,1
258,3,1,1
258,4,2,1
258,5,0,1
258,5,2,1
258,6,1,1
258,6,2,1
258,7,0,1
258,7,1,1
258,7,2,1
259,1,0,1
259,2,1,1
259,3,0,1
259,3,1,1
259,4,2,1
259,5,0,1
259,5,2,1
259,6,1,1
259,6,2,1
259,7,0,1
259,7,1,1
259,7,2,1
260,1,0,0
260,2,1,1
260,3,0,0
260,3,1,1
260,4,2,1
260,5,0,0
260,5,2,1
260,6,1,1
260,6,2,1
260,7,0,0
260,7,1,1
260,7,2,1
261,1,0,1
261,2,1,1
261,3,0,1
261,3,1,1
261,4,2,1
261,5,0,1
261,5,2,1
261,6,1,1
261,6,2,1
261,7,0,1
261,7,1,1
261,7,2,1
262,1,0,1
262,2,1,1
262,3,0,1
262,3,1,1
262,4,2,1
262,5,0,1
262,5,2,1
262,6,1,1
262,6,2,1
262,7,0,1
262,7,1,1
262,7,2,1
263,1,0,0
263,2,1,1
263,3,0,0
263,3,1,1
263,4,2,1
263,5,0,0
263,5,2,1
263,6,1,1
263,6,2,1
263,7,0,0
263,7,1,1
263,7,2,1
264,1,0,1
264,2,1,1
264,3,0,1
264,3,1,1
264,4,2,1
264,5,0,1
264,5,2,1
264,6,1,1
264,6,2,1
264,7,0,1
264,7,1,1
264,7,2,1
265,1,0,1
265,2,1,1
265,3,0,1
265,3,1,1
265,4,2,1
265,5,0,1
265,5,2,1
265,6,1,1
265,6,2,1
265,7,0,1
265,7,1,1
265,7,2,1
266,1,0,0
266,2,1,1
266,3,0,0
266,3,1,1
266,4,2,1
266,5,0,0
266,5,2,1
266,6,1,1
266,6,2,1
266,7,0,0
266,7,1,1
266,7,2,1
267,1,0,1
267,2,1,1
267,3,0,1
267,3,1,1
267,4,2,1
267,5,0,1
267,5,2,1
267,6,1,1
267,6,2,1
267,7,0,1
267,7,1,1
267,7,2,1
268,1,0,1
268,2,1,1
268,3,0,1
268,3,1,1
268,4,2,1
268,5,0,1
268,5,2,1
268,6,1,1
268,6,2,1
268,7,0,1
268,7,1,1
268,7,2,1
269,1,0,0
269,2,1,1
269,3,0,0
269,3,1,1
269,4,2,1
269,5,0,0
269,5,2,1
269,6,1,1
269,6,2,1
269,7,0,0
269,7,1,1
269,7,2,1
270,1,0,1
270,2,1,1
270,3,0,1
270,3,1,1
270,4,2,1
270,5,0,1
270,5,2,1
270,6,1,1
270,6,2,1
270,7,0,1
270,7,1,1
270,7,2,1
271,1,0,1
271,2,1,1
271,3,0,1
271,3,1,1
271,4,2,1
271,5,0,1
271,5,2,1
271,6,1,1
271,6,2,1
271,7,0,1
271,7,1,1
271,7,2,1
272,1,0,0
272,2,1,0
272,3,0,0
272,3,1,0
272,4,2,1
272,5,0,0
272,5,2,1
272,6,1,0
272,6,2,1
272,7,0,0
272,7,1,0
272,7,2,1
273,1,0,1
273,2,1,1
273,3,0,1
273,3,1,1
273,4,2,1
273,5,0,1
273,5,2,1
273,6,1,1
273,6,2,1
273,7,0,1
273,7,1,1
273,7,2,1
274,1,0,1
274,2,1,1
274,3,0,1
274,3,1,1
274,4,2,1
274,5,0,1
274,5,2,1
274,6,1,1
274,6,2,1
274,7,0,1
274,7,1,1
274,7,2,1
275,1,0,0
275,2,1,0
275,3,0,0
275,3,1,0
275,4,2,1
275,5,0,0
275,5,2,1
275,6,1,0
275,6,2,1
275,7,0,0
275,7,1,0
275,7,2,1
276,1,0,0
276,2,1,0
276,3,0,0
276,3,1,0
276,4,2,1
276,5,0,0
276,5,2,1
276,6,1,0
276,6,2,1
276,7,0,0
276,7,1,0
276,7,2,1
277,1,0,0
277,2,1,0
277,3,0,0
277,3,1,0
277,4,2,1
277,5,0,0
277,5,2,1
277,6,1,0
277,6,2,1
277,7,0,0
277,7,1,0
277,7,2,1
278,1,0,0
278,2,1,0
278,3,0,0
278,3,1,0
278,4,2,1
278,5,0,0
278,5,2,1
278,6,1,0
278,6,2,1
278,7,0,0
278,7,1,0
278,7,2,1
279,1,0,1
279,2,1,1
279,3,0,1
279,3,1,1
279,4,2,1
279,5,0,1
279,5,2,1
279,6,1,1
279,6,2,1
279,7,0,1
279,7,1,1
279,7,2,1
280,1,0,1
280,2,1,1
280,3,0,1
280,3,1,1
280,4,2,1
280,5,0,1
280,5,2,1
280,6,1,1
280,6,2,1
280,7,0,1
280,7,1,1
280,7,2,1
281,1,0,0
281,2,1,0
281,3,0,0
281,3,1,0
281,4,2,1
281,5,0,0
281,5,2,1
281,6,1,0
281,6,2,1
281,7,0,0
281,7,1,0
281,7,2,1
282,1,0,1
282,2,1,1
282,3,0,1
282,3,1,1
282,4,2,1
282,5,0,1
282,5,2,1
282,6,1,1
282,6,2,1
282,7,0,1
282,7,1,1
282,7,2,1
283,1,0,1
283,2,1,1
283,3,0,1
283,3,1,1
283,4,2,1
283,5,0,1
283,5,2,1
283,6,1,1
283,6,2,1
283,7,0,1
283,7,1,1
283,7,2,1
284,1,0,0
284,2,1,0
284,3,0,0
284,3,1,0
284,4,2,1
284,5,0,0
284,5,2,1
284,6,1,0
284,6,2,1
284,7,0,0
284,7,1,0
284,7,2,1
285,1,0,0
285,2,1,0
285,3,0,0
285,3,1,0
285,4,2,1
285,5,0,0
285,5,2,1
285,6,1,0
285,6,2,1
285,7,0,0
285,7,1,0
285,7,2,1
286,1,0,0
286,2,1,0
286,3,0,0
286,3,1,0
286,4,2,1
286,5,0,0
286,5,2,1
286,6,1,0
286,6,2,1
286,7,0,0
286,7,1,0
286,7,2,1
287,1,0,0
287,2,1,0
287,3,0,0
287,3,1,0
287,4,2,1
287,5,0,0
287,5,2,1
287,6,1,0
287,6,2,1
287,7,0,0
287,7,1,0
287,7,2,1
288,1,0,1
288,2,1,1
288,3,0,1
288,3,1,1
288,4,2,1
288,5,0,1
288,5,2,1
288,6,1,1
288,6,2,1
288,7,0,1
288,7,1,1
288,7,2,1
289,1,0,1
289,2,1,1
289,3,0,1
289,3,1,1
289,4,2,1
289,5,0,1
289,5,2,1
289,6,1,1
289,6,2,1
289,7,0,1
289,7,1,1
289,7,2,1
290,1,0,0
290,2,1,0
290,3,0,0
290,3,1,0
290,4,2,1
290,5,0,0
290,5,2,1
290,6,1,0
290,6,2,1
290,7,0,0
290,7,1,0
290,7,2,1
291,1,0,1
291,2,1,1
291,3,0,1
291,3,1,1
291,4,2,1
291,5,0,1
291,5,2,1
291,6,1,1
291,6,2,1
291,7,0,1
291,7,1,1
291,7,2,1
292,1,0,1
292,2,1,1
292,3,0,1
292,3,1,1
292,4,2,1
292,5,0,1
292,5,2,1
292,6,1,1
292,6,2,1
292,7,0,1
292,7,1,1
292,7,2,1
293,1,0,0
293,2,1,0
293,3,0,0
293,3,1,0
293,4,2,1
293,5,0,0
293,5,2,1
293,6,1,0
293,6,2,1
293,7,0,0
293,7,1,0
293,7,2,1
294,1,0,0
294,2,1,0
294,3,0,0
294,3,1,0
294,4,2,1
294,5,0,0
294,5,2,1
294,6,1,0
294,6,2,1
294,7,0,0
294,7,1,0
294,7,2,1
295,1,0,0
295,2,1,0
295,3,0,0
295,3,1,0
295,4,2,1
295,5,0,0
295,5,2,1
295,6,1,0
295,6,2,1
295,7,0,0
295,7,1,0
295,7,2,1
296,1,0,0
296,2,1,0
296,3,0,0
296,3,1,0
296,4,2,1
296,5,0,0
296,5,2,1
296,6,1,0
296,6,2,1
296,7,0,0
296,7,1,0
296,7,2,1
297,1,0,1
297,2,1,1
297,3,0,1
297,3,1,1
297,4,2,1
297,5,0,1
297,5,2,1
297,6,1,1
297,6,2,1
297,7,0,1
297,7,1,1
297,7,2,1
298,1,0,1
298,2,1,1
298,3,0,1
298,3,1,1
298,4,2,1
298,5,0,1
298,5,2,1
298,6,1,1
298,6,2,1
298,7,0,1
298,7,1,1
298,7,2,1
299,1,0,0
299,2,1,0
299,3,0,0
299,3,1,0
299,4,2,1
299,5,0,0
299,5,2,1
299,6,1,0
299,6,2,1
299,7,0,0
299,7,1,0
299,7,2,1
300,1,0,0
300,2,1,0
300,3,0,0
300,3,1,0
300,4,2,1
300,5,0,0
300,5,2,1
300,6,1,0
300,6,2,1
300,7,0,0
300,7,1,0
300,7,2,1
301,1,0,0
301,2,1,0
301,3,0,0
301,3,1,0
301,4,2,1
301,5,0,0
301,5,2,1
301,6,1,0
301,6,2,1
301,7,0,0
301,7,1,0
301,7,2,1
302,1,0,0
302,2,1,0
302,3,0,0
302,3,1,0
302,4,2,1
302,5,0,0
302,5,2,1
302,6,1,0
302,6,2,1
302,7,0,0
302,7,1,0
302,7,2,1
303,1,0,0
303,2,1,0
303,3,0,0
303,3,1,0
303,4,2,1
303,5,0,0
303,5,2,1
303,6,1,0
303,6,2,1
303,7,0,0
303,7,1,0
303,7,2,1
304,1,0,0
304,2,1,0
304,3,0,0
304,3,1,0
304,4,2,1
304,5,0,0
304,5,2,1
304,6,1,0
304,6,2,1
304,7,0,0
304,7,1,0
304,7,2,1
305,1,0,0
305,2,1,0
305,3,0,0
305,3,1,0
305,4,2,1
305,5,0,0
305,5,2,1
305,6,1,0
305,6,2,1
305,7,0,0
305,7,1,0
305,7,2,1
306,1,0,1
306,2,1,1
306,3,0,1
306,3,1,1
306,4,2,1
306,5,0,1
306,5,2,1
306,6,1,1
306,6,2,1
306,7,0,1
306,7,1,1
306,7,2,1
307,1,0,1
307,2,1,1
307,3,0,1
307,3,1,1
307,4,2,1
307,5,0,1
307,5,2,1
307,6,1,1
307,6,2,1
307,7,0,1
307,7,1,1
307,7,2,1
308,1,0,0
308,2,1,0
308,3,0,0
308,3,1,0
308,4,2,1
308,5,0,0
308,5,2,1
308,6,1,0
308,6,2,1
308,7,0,0
308,7,1,0
308,7,2,1
309,1,0,0
309,2,1,0
309,3,0,0
309,3,1,0
309,4,2,1
309,5,0,0
309,5,2,1
309,6,1,0
309,6,2,1
309,7,0,0
309,7,1,0
309,7,2,1
310,1,0,0
310,2,1,0
310,3,0,0
310,3,1,0
310,4,2,1
310,5,0,0
310,5,2,1
310,6,1,0
310,6,2,1
310,7,0,0
310,7,1,0
310,7,2,1
311,1,0,0
311,2,1,0
311,3,0,0
311,3,1,0
311,4,2,1
311,5,0,0
311,5,2,1
311,6,1,0
311,6,2,1
311,7,0,0
311,7,1,0
311,7,2,1
312,1,0,0
312,2,1,0
312,3,0,0
312,3,1,0
312,4,2,1
312,5,0,0
312,5,2,1
312,6,1,0
312,6,2,1
312,7,0,0
312,7,1,0
312,7,2,1
313,1,0,0
313,2,1,0
313,3,0,0
313,3,1,0
313,4,2,1
313,5,0,0
313,5,2,1
313,6,1,0
313,6,2,1
313,7,0,0
313,7,1,0
313,7,2,1
314,1,0,0
314,2,1,0
314,3,0,0
314,3,1,0
314,4,2,1
314,5,0,0
314,5,2,1
314,6,1,0
314,6,2,1
314,7,0,0
314,7,1,0
314,7,2,1
315,1,0,1
315,2,1,1
315,3,0,1
315,3,1,1
315,4,2,1
315,5,0,1
315,5,2,1
315,6,1,1
315,6,2,1
315,7,0,1
315,7,1,1
315,7,2,1
316,1,0,1
316,2,1,1
316,3,0,1
316,3,1,1
316,4,2,1
316,5,0,1
316,5,2,1
316,6,1,1
316,6,2,1
316,7,0,1
316,7,1,1
316,7,2,1
317,1,0,0
317,2,1,0
317,3,0,0
317,3,1,0
317,4,2,1
317,5,0,0
317,5,2,1
317,6,1,0
317,6,2,1
317,7,0,0
317,7,1,0
317,7,2,1
318,1,0,0
318,2,1,0
318,3,0,0
318,3,1,0
318,4,2,1
318,5,0,0
318,5,2,1
318,6,1,0
318,6,2,1
318,7,0,0
318,7,1,0
318,7,2,1
319,1,0,0
319,2,1,0
319,3,0,0
319,3,1,0
319,4,2,1
319,5,0,0
319,5,2,1
319,6,1,0
319,6,2,1
319,7,0,0
319,7,1,0
319,7,2,1
320,1,0,0
320,2,1,0
320,3,0,0
320,3,1,0
320,4,2,1
320,5,0,0
320,5,2,1
320,6,1,0
320,6,2,1
320,7,0,0
320,7,1,0
320,7,2,1
321,1,0,0
321,2,1,0
321,3,0,0
321,3,1,0
321,4,2,1
321,5,0,0
321,5,2,1
321,6,1,0
321,6,2,1
321,7,0,0
321,7,1,0
321,7,2,1
322,1,0,0
322,2,1,0
322,3,0,0
322,3,1,0
322,4,2,1
322,5,0,0
322,5,2,1
322,6,1,0
322,6,2,1
322,7,0,0
322,7,1,0
322,7,2,1
323,1,0,0
323,2,1,0
323,3,0,0
323,3,1,0
323,4,2,1
323,5,0,0
323,5,2,1
323,6,1,0
323,6,2,1
323,7,0,0
323,7,1,0
323,7,2,1
324,1,0,1
324,2,1,1
324,3,0,1
324,3,1,1
324,4,2,1
324,5,0,1
324,5,2,1
324,6,1,1
324,6,2,1
324,7,0,1
324,7,1,1
324,7,2,1
325,1,0,1
325,2,1,1
325,3,0,1
325,3,1,1
325,4,2,1
325,5,0,1
325,5,2,1
325,6,1,1
325,6,2,1
325,7,0,1
325,7,1,1
325,7,2,1
326,1,0,0
326,2,1,1
326,3,0,0
326,3,1,1
326,4,2,1
326,5,0,0
326,5,2,1
326,6,1,1
326,6,2,1
326,7,0,0
326,7,1,1
326,7,2,1
327,1,0,1
327,2,1,1
327,3,0,1
327,3,1,1
327,4,2,1
327,5,0,1
327,5,2,1
327,6,1,1
327,6,2,1
327,7,0,1
327,7,1,1
327,7,2,1
328,1,0,1
328,2,1,1
328,3,0,1
328,3,1,1
328,4,2,1
328,5,0,1
328,5,2,1
328,6,1,1
328,6,2,1
328,7,0,1
328,7,1,1
328,7,2,1
329,1,0,0
329,2,1,1
329,3,0,0
329,3,1,1
329,4,2,1
329,5,0,0
329,5,2,1
329,6,1,1
329,6,2,1
329,7,0,0
329,7,1,1
329,7,2,1
330,1,0,1
330,2,1,1
330,3,0,1
330,3,1,1
330,4,2,1
330,5,0,1
330,5,2,1
330,6,1,1
330,6,2,1
330,7,0,1
330,7,1,1
330,7,2,1
331,1,0,1
331,2,1,1
331,3,0,1
331,3,1,1
331,4,2,1
331,5,0,1
331,5,2,1
331,6,1,1
331,6,2,1
331,7,0,1
331,7,1,1
331,7,2,1
332,1,0,0
332,2,1,1
332,3,0,0
332,3,1,1
332,4,2,1
332,5,0,0
332,5,2,1
332,6,1,1
332,6,2,1
332,7,0,0
332,7,1,1
332,7,2,1
333,1,0,1
333,2,1,1
333,3,0,1
333,3,1,1
333,4,2,1
333,5,0,1
333,5,2,1
333,6,1,1
333,6,2,1
333,7,0,1
333,7,1,1
333,7,2,1
334,1,0,1
334,2,1,1
334,3,0,1
334,3,1,1
334,4,2,1
334,5,0,1
334,5,2,1
334,6,1,1
334,6,2,1
334,7,0,1
334,7,1,1
334,7,2,1
335,1,0,0
335,2,1,1
335,3,0,0
335,3,1,1
335,4,2,1
335,5,0,0
335,5,2,1
335,6,1,1
335,6,2,1
335,7,0,0
335,7,1,1
335,7,2,1
336,1,0,1
336,2,1,1
336,3,0,1
336,3,1,1
336,4,2,1
336,5,0,1
336,5,2,1
336,6,1,1
336,6,2,1
336,7,0,1
336,7,1,1
336,7,2,1
337,1,0,1
337,2,1,1
337,3,0,1
337,3,1,1
337,4,2,1
337,5,0,1
337,5,2,1
337,6,1,1
337,6,2,1
337,7,0,1
337,7,1,1
337,7,2,1
338,1,0,0
338,2,1,1
338,3,0,0
338,3,1,1
338,4,2,1
338,5,0,0
338,5,2,1
338,6,1,1
338,6,2,1
338,7,0,0
338,7,1,1
338,7,2,1
339,1,0,1
339,2,1,1
339,3,0,1
339,3,1,1
339,4,2,1
339,5,0,1
339,5,2,1
339,6,1,1
339,6,2,1
339,7,0,1
339,7,1,1
339,7,2,1
340,1,0,1
340,2,1,1
340,3,0,1
340,3,1,1
340,4,2,1
340,5,0,1
340,5,2,1
340,6,1,1
340,6,2,1
340,7,0,1
340,7,1,1
340,7,2,1
341,1,0,0
341,2,1,1
341,3,0,0
341,3,1,1
341,4,2,1
341,5,0,0
341,5,2,1
341,6,1,1
341,6,2,1
341,7,0,0
341,7,1,1
341,7,2,1
342,1,0,1
342,2,1,1
342,3,0,1
342,3,1,1
342,4,2,1
342,5,0,1
342,5,2,1
342,6,1,1
342,6,2,1
342,7,0,1
342,7,1,1
342,7,2,1
343,1,0,1
343,2,1,1
343,3,0,1
343,3,1,1
343,4,2,1
343,5,0,1
343,5,2,1
343,6,1,1
343,6,2,1
343,7,0,1
343,7,1,1
343,7,2,1
344,1,0,0
344,2,1,1
344,3,0,0
344,3,1,1
344,4,2,1
344,5,0,0
344,5,2,1
344,6,1,1
344,6,2,1
344,7,0,0
344,7,1,1
344,7,2,1
345,1,0,1
345,2,1,1
345,3,0,1
345,3,1,1
345,4,2,1
345,5,0,1
345,5,2,1
345,6,1,1
345,6,2,1
345,7,0,1
345,7,1,1
345,7,2,1
346,1,0,1
346,2,1,1
346,3,0,1
346,3,1,1
346,4,2,1
346,5,0,1
346,5,2,1
346,6,1,1
346,6,2,1
346,7,0,1
346,7,1,1
346,7,2,1
347,1,0,0
347,2,1,1
347,3,0,0
347,3,1,1
347,4,2,1
347,5,0,0
347,5,2,1
347,6,1,1
347,6,2,1
347,7,0,0
347,7,1,1
347,7,2,1
348,1,0,1
348,2,1,1
348,3,0,1
348,3,1,1
348,4,2,1
348,5,0,1
348,5,2,1
348,6,1,1
348,6,2,1
348,7,0,1
348,7,1,1
348,7,2,1
349,1,0,1
349,2,1,1
349,3,0,1
349,3,1,1
349,4,2,1
349,5,0,1
349,5,2,1
349,6,1,1
349,6,2,1
349,7,0,1
349,7,1,1
349,7,2,1
350,1,0,0
350,2,1,1
350,3,0,0
350,3,1,1
350,4,2,1
350,5,0,0
350,5,2,1
350,6,1,1
350,6,2,1
350,7,0,0
350,7,1,1
350,7,2,1
351,1,0,1
351,2,1,1
351,3,0,1
351,3,1,1
351,4,2,1
351,5,0,1
351,5,2,1
351,6,1,1
351,6,2,1
351,7,0,1
351,7,1,1
351,7,2,1
352,1,0,1
352,2,1,1
352,3,0,1
352,3,1,1
352,4,2,1
352,5,0,1
352,5,2,1
352,6,1,1
352,6,2,1
352,7,0,1
352,7,1,1
352,7,2,1
353,1,0,0
353,2,1,0
353,3,0,0
353,3,1,0
353,4,2,1
353,5,0,0
353,5,2,1
353,6,1,0
353,6,2,1
353,7,0,0
353,7,1,0
353,7,2,1
354,1,0,1
354,2,1,1
354,3,0,1
354,3,1,1
354,4,2,1
354,5,0,1
354,5,2,1
354,6,1,1
354,6,2,1
354,7,0,1
354,7,1,1
354,7,2,1
355,1,0,1
355,2,1,1
355,3,0,1
355,3,1,1
355,4,2,1
355,5,0,1
355,5,2,1
355,6,1,1
355,6,2,1
355,7,0,1
355,7,1,1
355,7,2,1
356,1,0,0
356,2,1,0
356,3,0,0
356,3,1,0
356,4,2,1
356,5,0,0
356,5,2,1
356,6,1,0
356,6,2,1
356,7,0,0
356,7,1,0
356,7,2,1
357,1,0,0
357,2,1,0
357,3,0,0
357,3,1,0
357,4,2,1
357,5,0,0
357,5,2,1
357,6,1,0
357,6,2,1
357,7,0,0
357,7,1,0
357,7,2,1
358,1,0,0
358,2,1,0
358,3,0,0
358,3,1,0
358,4,2,1
358,5,0,0
358,5,2,1
358,6,1,0
358,6,2,1
358,7,0,0
358,7,1,0
358,7,2,1
359,1,0,0
359,2,1,0
359,3,0,0
359,3,1,0
359,4,2,1
359,5,0,0
359,5,2,1
359,6,1,0
359,6,2,1
359,7,0,0
359,7,1,0
359,7,2,1
360,1,0,1
360,2,1,1
360,3,0,1
360,3,1,1
360,4,2,1
360,5,0,1
360,5,2,1
360,6,1,1
360,6,2,1
360,7,0,1
360,7,1,1
360,7,2,1
361,1,0,1
361,2,1,1
361,3,0,1
361,3,1,1
361,4,2,1
361,5,0,1
361,5,2,1
361,6,1,1
361,6,2,1
361,7,0,1
361,7,1,1
361,7,2,1
362,1,0,0
362,2,1,0
362,3,0,0
362,3,1,0
362,4,2,1
362,5,0,0
362,5,2,1
362,6,1,0
362,6,2,1
362,7,0,0
362,7,1,0
362,7,2,1
363,1,0,1
363,2,1,1
363,3,0,1
363,3,1,1
363,4,2,1
363,5,0,1
363,5,2,1
363,6,1,1
363,6,2,1
363,7,0,1
363,7,1,1
363,7,2,1
364,1,0,1
364,2,1,1
364,3,0,1
364,3,1,1
364,4,2,1
364,5,0,1
364,5,2,1
364,6,1,1
364,6,2,1
364,7,0,1
364,7,1,1
364,7,2,1
365,1,0,0
365,2,1,0
365,3,0,0
365,3,1,0
365,4,2,1
365,5,0,0
365,5,2,1
365,6,1,0
365,6,2,1
365,7,0,0
365,7,1,0
365,7,2,1
366,1,0,0
366,2,1,0
366,3,0,0
366,3,1,0
366,4,2,1
366,5,0,0
366,5,2,1
366,6,1,0
366,6,2,1
366,7,0,0
366,7,1,0
366,7,2,1
367,1,0,0
367,2,1,0
367,3,0,0
367,3,1,0
367,4,2,1
367,5,0,0
367,5,2,1
367,6,1,0
367,6,2,1
367,7,0,0
367,7,1,0
367,7,2,1
368,1,0,0
368,2,1,0
368,3,0,0
368,3,1,0
368,4,2,1
368,5,0,0
368,5,2,1
368,6,1,0
368,6,2,1
368,7,0,0
368,7,1,0
368,7,2,1
369,1,0,1
369,2,1,1
369,3,0,1
369,3,1,1
369,4,2,1
369,5,0,1
369,5,2,1
369,6,1,1
369,6,2,1
369,7,0,1
369,7,1,1
369,7,2,1
370,1,0,1
370,2,1,1
370,3,0,1
370,3,1,1
370,4,2,1
370,5,0,1
370,5,2,1
370,6,1,1
370,6,2,1
370,7,0,1
370,7,1,1
370,7,2,1
371,1,0,0
371,2,1,0
371,3,0,0
371,3,1,0
371,4,2,1
371,5,0,0
371,5,2,1
371,6,1,0
371,6,2,1
371,7,0,0
371,7,1,0
371,7,2,1
372,1,0,1
372,2,1,1
372,3,0,1
372,3,1,1
372,4,2,1
372,5,0,1
372,5,2,1
372,6,1,1
372,6,2,1
372,7,0,1
372,7,1,1
372,7,2,1
373,1,0,1
373,2,1,1
373,3,0,1
373,3,1,1
373,4,2,1
373,5,0,1
373,5,2,1
373,6,1,1
373,6,2,1
373,7,0,1
373,7,1,1
373,7,2,1
374,1,0,0
374,2,1,0
374,3,0,0
374,3,1,0
374,4,2,1
374,5,0,0
374,5,2,1
374,6,1,0
374,6,2,1
374,7,0,0
374,7,1,0
374,7,2,1
375,1,0,0
375,2,1,0
375,3,0,0
375,3,1,0
375,4,2,1
375,5,0,0
375,5,2,1
375,6,1,0
375,6,2,1
375,7,0,0
375,7,1,0
375,7,2,1
376,1,0,0
376,2,1,0
376,3,0,0
376,3,1,0
376,4,2,1
376,5,0,0
376,5,2,1
376,6,1,0
376,6,2,1
376,7,0,0
376,7,1,0
376,7,2,1
377,1,0,0
377,2,1,0
377,3,0,0
377,3,1,0
377,4,2,1
377,5,0,0
377,5,2,1
377,6,1,0
377,6,2,1
377,7,0,0
377,7,1,0
377,7,2,1
378,1,0,1
378,2,1,1
378,3,0,1
378,3,1,1
378,4,2,1
378,5,0,1
378,5,2,1
378,6,1,1
378,6,2,1
378,7,0,1
378,7,1,1
378,7,2,1
379,1,0,1
379,2,1,1
379,3,0,1
379,3,1,1
379,4,2,1
379,5,0,1
379,5,2,1
379,6,1,1
379,6,2,1
379,7,0,1
379,7,1,1
379,7,2,1
380,1,0,0
380,2,1,0
380,3,0,0
380,3,1,0
380,4,2,1
380,5,0,0
380,5,2,1
380,6,1,0
380,6,2,1
380,7,0,0
380,7,1,0
380,7,2,1
381,1,0,0
381,2,1,0
381,3,0,0
381,3,1,0
381,4,2,1
381,5,0,0
381,5,2,1
381,6,1,0
381,6,2,1
381,7,0,0
381,7,1,0
381,7,2,1
382,1,0,0
382,2,1,0
382,3,0,0
382,3,1,0
382,4,2,1
382,5,0,0
382,5,2,1
382,6,1,0
382,6,2,1
382,7,0,0
382,7,1,0
382,7,2,1
383,1,0,0
383,2,1,0
383,3,0,0
383,3,1,0
383,4,2,1
383,5,0,0
383,5,2,1
383,6,1,0
383,6,2,1
383,7,0,0
383,7,1,0
383,7,2,1
384,1,0,0
384,2,1,0
384,3,0,0
384,3,1,0
384,4,2,1
384,5,0,0
384,5,2,1
384,6,1,0
384,6,2,1
384,7,0,0
384,7,1,0
384,7,2,1
385,1,0,0
385,2,1,0
385,3,0,0
385,3,1,0
385,4,2,1
385,5,0,0
385,5,2,1
385,6,1,0
385,6,2,1
385,7,0,0
385,7,1,0
385,7,2,1
386,1,0,0
386,2,1,0
386,3,0,0
386,3,1,0
386,4,2,1
386,5,0,0
386,5,2,1
386,6,1,0
386,6,2,1
386,7,0,0
386,7,1,0
386,7,2,1
387,1,0,1
387,2,1,1
387,3,0,1
387,3,1,1
387,4,2,1
387,5,0,1
387,5,2,1
387,6,1,1
387,6,2,1
387,7,0,1
387,7,1,1
387,7,2,1
388,1,0,1
388,2,1,1
388,3,0,1
388,3,1,1
388,4,2,1
388,5,0,1
388,5,2,1
388,6,1,1
388,6,2,1
388,7,0,1
388,7,1,1
388,7,2,1
389,1,0,0
389,2,1,0
389,3,0,0
389,3,1,0
389,4,2,1
389,5,0,0
389,5,2,1
389,6,1,0
389,6,2,1
389,7,0,0
389,7,1,0
389,7,2,1
390,1,0,0
390,2,1,0
390,3,0,0
390,3,1,0
390,4,2,1
390,5,0,0
390,5,2,1
390,6,1,0
390,6,2,1
390,7,0,0
390,7,1,0
390,7,2,1
391,1,0,0
391,2,1,0
391,3,0,0
391,3,1,0
391,4,2,1
391,5,0,0
391,5,2,1
391,6,1,0
391,6,2,1
391,7,0,0
391,7,1,0
391,7,2,1
392,1,0,0
392,2,1,0
392,3,0,0
392,3,1,0
392,4,2,1
392,5,0,0
392,5,2,1
392,6,1,0
392,6,2,1
392,7,0,0
392,7,1,0
392,7,2,1
393,1,0,0
393,2,1,0
393,3,0,0
393,3,1,0
393,4,2,1
393,5,0,0
393,5,2,1
393,6,1,0
393,6,2,1
393,7,0,0
393,7,1,0
393,7,2,1
394,1,0,0
394,2,1,0
394,3,0,0
394,3,1,0
394,4,2,1
394,5,0,0
394,5,2,1
394,6,1,0
394,6,2,1
394,7,0,0
394,7,1,0
394,7,2,1
395,1,0,0
395,2,1,0
395,3,0,0
395,3,1,0
395,4,2,1
395,5,0,0
395,5,2,1
395,6,1,0
395,6,2,1
395,7,0,0
395,7,1,0
395,7,2,1
396,1,0,1
396,2,1,1
396,3,0,1
396,3,1,1
396,4,2,1
396,5,0,1
396,5,2,1
396,6,1,1
396,6,2,1
396,7,0,1
396,7,1,1
396,7,2,1
397,1,0,1
397,2,1,1
397,3,0,1
397,3,1,1
397,4,2,1
397,5,0,1
397,5,2,1
397,6,1,1
397,6,2,1
397,7,0,1
397,7,1,1
397,7,2,1
398,1,0,0
398,2,1,0
398,3,0,0
398,3,1,0
398,4,2,1
398,5,0,0
398,5,2,1
398,6,1,0
398,6,2,1
398,7,0,0
398,7,1,0
398,7,2,1
399,1,0,0
399,2,1,0
399,3,0,0
399,3,1,0
399,4,2,1
399,5,0,0
399,5,2,1
399,6,1,0
399,6,2,1
399,7,0,0
399,7,1,0
399,7,2,1
400,1,0,0
400,2,1,0
400,3,0,0
400,3,1,0
400,4,2,1
400,5,0,0
400,5,2,1
400,6,1,0
400,6,2,1
400,7,0,0
400,7,1,0
400,7,2,1
401,1,0,0
401,2,1,0
401,3,0,0
401,3,1,0
401,4,2,1
401,5,0,0
401,5,2,1
401,6,1,0
401,6,2,1
401,7,0,0
401,7,1,0
401,7,2,1
402,1,0,0
402,2,1,0
402,3,0,0
402,3,1,0
402,4,2,1
402,5,0,0
402,5,2,1
402,6,1,0
402,6,2,1
402,7,0,0
402,7,1,0
402,7,2,1
403,1,0,0
403,2,1,0
403,3,0,0
403,3,1,0
403,4,2,1
403,5,0,0
403,5,2,1
403,6,1,0
403,6,2,1
403,7,0,0
403,7,1,0
403,7,2,1
404,1,0,0
404,2,1,0
404,3,0,0
404,3,1,0
404,4,2,1
404,5,0,0
404,5,2,1
404,6,1,0
404,6,2,1
404,7,0,0
404,7,1,0
404,7,2,1
405,1,0,1
405,2,1,0
405,3,0,1
405,3,1,0
405,4,2,1
405,5,0,1
405,5,2,1
405,6,1,0
405,6,2,1
405,7,0,1
405,7,1,0
405,7,2,1
406,1,0,1
406,2,1,0
406,3,0,1
406,3,1,0
406,4,2,1
406,5,0,1
406,5,2,1
406,6,1,0
406,6,2,1
406,7,0,1
406,7,1,0
406,7,2,1
407,1,0,0
407,2,1,0
407,3,0,0
407,3,1,0
407,4,2,1
407,5,0,0
407,5,2,1
407,6,1,0
407,6,2,1
407,7,0,0
407,7,1,0
407,7,2,1
408,1,0,0
408,2,1,0
408,3,0,0
408,3,1,0
408,4,2,1
408,5,0,0
408,5,2,1
408,6,1,0
408,6,2,1
408,7,0,0
408,7,1,0
408,7,2,1
409,1,0,0
409,2,1,0
409,3,0,0
409,3,1,0
409,4,2,1
409,5,0,0
409,5,2,1
409,6,1,0
409,6,2,1
409,7,0,0
409,7,1,0
409,7,2,1
410,1,0,0
410,2,1,0
410,3,0,0
410,3,1,0
410,4,2,1
410,5,0,0
410,5,2,1
410,6,1,0
410,6,2,1
410,7,0,0
410,7,1,0
410,7,2,1
411,1,0,0
411,2,1,0
411,3,0,0
411,3,1,0
411,4,2,1
411,5,0,0
411,5,2,1
411,6,1,0
411,6,2,1
411,7,0,0
411,7,1,0
411,7,2,1
412,1,0,0
412,2,1,0
412,3,0,0
412,3,1,0
412,4,2,1
412,5,0,0
412,5,2,1
412,6,1,0
412,6,2,1
412,7,0,0
412,7,1,0
412,7,2,1
413,1,0,0
413,2,1,0
413,3,0,0
413,3,1,0
413,4,2,1
413,5,0,0
413,5,2,1
413,6,1,0
413,6,2,1
413,7,0,0
413,7,1,0
413,7,2,1
414,1,0,1
414,2,1,0
414,3,0,1
414,3,1,0
414,4,2,1
414,5,0,1
414,5,2,1
414,6,1,0
414,6,2,1
414,7,0,1
414,7,1,0
414,7,2,1
415,1,0,1
415,2,1,0
415,3,0,1
415,3,1,0
415,4,2,1
415,5,0,1
415,5,2,1
415,6,1,0
415,6,2,1
415,7,0,1
415,7,1,0
415,7,2,1
416,1,0,0
416,2,1,0
416,3,0,0
416,3,1,0
416,4,2,1
416,5,0,0
416,5,2,1
416,6,1,0
416,6,2,1
416,7,0,0
416,7,1,0
416,7,2,1
417,1,0,0
417,2,1,0
417,3,0,0
417,3,1,0
417,4,2,1
417,5,0,0
417,5,2,1
417,6,1,0
417,6,2,1
417,7,0,0
417,7,1,0
417,7,2,1
418,1,0,0
418,2,1,0
418,3,0,0
418,3,1,0
418,4,2,1
418,5,0,0
418,5,2,1
418,6,1,0
418,6,2,1
418,7,0,0
418,7,1,0
418,7,2,1
419,1,0,0
419,2,1,0
419,3,0,0
419,3,1,0
419,4,2,1
419,5,0,0
419,5,2,1
419,6,1,0
419,6,2,1
419,7,0,0
419,7,1,0
419,7,2,1
420,1,0,0
420,2,1,0
420,3,0,0
420,3,1,0
420,4,2,1
420,5,0,0
420,5,2,1
420,6,1,0
420,6,2,1
420,7,0,0
420,7,1,0
420,7,2,1
421,1,0,0
421,2,1,0
421,3,0,0
421,3,1,0
421,4,2,1
421,5,0,0
421,5,2,1
421,6,1,0
421,6,2,1
421,7,0,0
421,7,1,0
421,7,2,1
422,1,0,0
422,2,1,0
422,3,0,0
422,3,1,0
422,4,2,1
422,5,0,0
422,5,2,1
422,6,1,0
422,6,2,1
422,7,0,0
422,7,1,0
422,7,2,1
423,1,0,1
423,2,1,0
423,3,0,1
423,3,1,0
423,4,2,1
423,5,0,1
423,5,2,1
423,6,1,0
423,6,2,1
423,7,0,1
423,7,1,0
423,7,2,1
424,1,0,1
424,2,1,0
424,3,0,1
424,3,1,0
424,4,2,1
424,5,0,1
424,5,2,1
424,6,1,0
424,6,2,1
424,7,0,1
424,7,1,0
424,7,2,1
425,1,0,0
425,2,1,0
425,3,0,0
425,3,1,0
425,4,2,1
425,5,0,0
425,5,2,1
425,6,1,0
425,6,2,1
425,7,0,0
425,7,1,0
425,7,2,1
426,1,0,0
426,2,1,0
426,3,0,0
426,3,1,0
426,4,2,1
426,5,0,0
426,5,2,1
426,6,1,0
426,6,2,1
426,7,0,0
426,7,1,0
426,7,2,1
427,1,0,0
427,2,1,0
427,3,0,0
427,3,1,0
427,4,2,1
427,5,0,0
427,5,2,1
427,6,1,0
427,6,2,1
427,7,0,0
427,7,1,0
427,7,2,1
428,1,0,0
428,2,1,0
428,3,0,0
428,3,1,0
428,4,2,1
428,5,0,0
428,5,2,1
428,6,1,0
428,6,2,1
428,7,0,0
428,7,1,0
428,7,2,1
429,1,0,0
429,2,1,0
429,3,0,0
429,3,1,0
429,4,2,1
429,5,0,0
429,5,2,1
429,6,1,0
429,6,2,1
429,7,0,0
429,7,1,0
429,7,2,1
430,1,0,0
430,2,1,0
430,3,0,0
430,3,1,0
430,4,2,1
430,5,0,0
430,5,2,1
430,6,1,0
430,6,2,1
430,7,0,0
430,7,1,0
430,7,2,1
431,1,0,0
431,2,1,0
431,3,0,0
431,3,1,0
431,4,2,1
431,5,0,0
431,5,2,1
431,6,1,0
431,6,2,1
431,7,0,0
431,7,1,0
431,7,2,1
432,1,0,1
432,2,1,0
432,3,0,1
432,3,1,0
432,4,2,1
432,5,0,1
432,5,2,1
432,6,1,0
432,6,2,1
432,7,0,1
432,7,1,0
432,7,2,1
433,1,0,1
433,2,1,0
433,3,0,1
433,3,1,0
433,4,2,1
433,5,0,1
433,5,2,1
433,6,1,0
433,6,2,1
433,7,0,1
433,7,1,0
433,7,2,1
434,1,0,0
434,2,1,0
434,3,0,0
434,3,1,0
434,4,2,1
434,5,0,0
434,5,2,1
434,6,1,0
434,6,2,1
434,7,0,0
434,7,1,0
434,7,2,1
435,1,0,0
435,2,1,0
435,3,0,0
435,3,1,0
435,4,2,1
435,5,0,0
435,5,2,1
435,6,1,0
435,6,2,1
435,7,0,0
435,7,1,0
435,7,2,1
436,1,0,0
436,2,1,0
436,3,0,0
436,3,1,0
436,4,2,1
436,5,0,0
436,5,2,1
436,6,1,0
436,6,2,1
436,7,0,0
436,7,1,0
436,7,2,1
437,1,0,0
437,2,1,0
437,3,0,0
437,3,1,0
437,4,2,1
437,5,0,0
437,5,2,1
437,6,1,0
437,6,2,1
437,7,0,0
437,7,1,0
437,7,2,1
438,1,0,0
438,2,1,0
438,3,0,0
438,3,1,0
438,4,2,1
438,5,0,0
438,5,2,1
438,6,1,0
438,6,2,1
438,7,0,0
438,7,1,0
438,7,2,1
439,1,0,0
439,2,1,0
439,3,0,0
439,3,1,0
439,4,2,1
439,5,0,0
439,5,2,1
439,6,1,0
439,6,2,1
439,7,0,0
439,7,1,0
439,7,2,1
440,1,0,0
440,2,1,0
440,3,0,0
440,3,1,0
440,4,2,1
440,5,0,0
440,5,2,1
440,6,1,0
440,6,2,1
440,7,0,0
440,7,1,0
440,7,2,1
441,1,0,1
441,2,1,0
441,3,0,1
441,3,1,0
441,4,2,1
441,5,0,1
441,5,2,1
441,6,1,0
441,6,2,1
441,7,0,1
441,7,1,0
441,7,2,1
442,1,0,1
442,2,1,0
442,3,0,1
442,3,1,0
442,4,2,1
442,5,0,1
442,5,2,1
442,6,1,0
442,6,2,1
442,7,0,1
442,7,1,0
442,7,2,1
443,1,0,0
443,2,1,0
443,3,0,0
443,3,1,0
443,4,2,1
443,5,0,0
443,5,2,1
443,6,1,0
443,6,2,1
443,7,0,0
443,7,1,0
443,7,2,1
444,1,0,0
444,2,1,0
444,3,0,0
444,3,1,0
444,4,2,1
444,5,0,0
444,5,2,1
444,6,1,0
444,6,2,1
444,7,0,0
444,7,1,0
444,7,2,1
445,1,0,0
445,2,1,0
445,3,0,0
445,3,1,0
445,4,2,1
445,5,0,0
445,5,2,1
445,6,1,0
445,6,2,1
445,7,0,0
445,7,1,0
445,7,2,1
446,1,0,0
446,2,1,0
446,3,0,0
446,3,1,0
446,4,2,1
446,5,0,0
446,5,2,1
446,6,1,0
446,6,2,1
446,7,0,0
446,7,1,0
446,7,2,1
447,1,0,0
447,2,1,0
447,3,0,0
447,3,1,0
447,4,2,1
447,5,0,0
447,5,2,1
447,6,1,0
447,6,2,1
447,7,0,0
447,7,1,0
447,7,2,1
448,1,0,0
448,2,1,0
448,3,0,0
448,3,1,0
448,4,2,1
448,5,0,0
448,5,2,1
448,6,1,0
448,6,2,1
448,7,0,0
448,7,1,0
448,7,2,1
449,1,0,0
449,2,1,0
449,3,0,0
449,3,1,0
449,4,2,1
449,5,0,0
449,5,2,1
449,6,1,0
449,6,2,1
449,7,0,0
449,7,1,0
449,7,2,1
450,1,0,1
450,2,1,0
450,3,0,1
450,3,1,0
450,4,2,1
450,5,0,1
450,5,2,1
450,6,1,0
450,6,2,1
450,7,0,1
450,7,1,0
450,7,2,1
451,1,0,1
451,2,1,0
451,3,0,1
451,3,1,0
451,4,2,1
451,5,0,1
451,5,2,1
451,6,1,0
451,6,2,1
451,7,0,1
451,7,1,0
451,7,2,1
452,1,0,0
452,2,1,0
452,3,0,0
452,3,1,0
452,4,2,1
452,5,0,0
452,5,2,1
452,6,1,0
452,6,2,1
452,7,0,0
452,7,1,0
452,7,2,1
453,1,0,0
453,2,1,0
453,3,0,0
453,3,1,0
453,4,2,1
453,5,0,0
453,5,2,1
453,6,1,0
453,6,2,1
453,7,0,0
453,7,1,0
453,7,2,1
454,1,0,0
454,2,1,0
454,3,0,0
454,3,1,0
454,4,2,1
454,5,0,0
454,5,2,1
454,6,1,0
454,6,2,1
454,7,0,0
454,7,1,0
454,7,2,1
455,1,0,0
455,2,1,0
455,3,0,0
455,3,1,0
455,4,2,1
455,5,0,0
455,5,2,1
455,6,1,0
455,6,2,1
455,7,0,0
455,7,1,0
455,7,2,1
456,1,0,0
456,2,1,0
456,3,0,0
456,3,1,0
456,4,2,1
456,5,0,0
456,5,2,1
456,6,1,0
456,6,2,1
456,7,0,0
456,7,1,0
456,7,2,1
457,1,0,0
457,2,1,0
457,3,0,0
457,3,1,0
457,4,2,1
457,5,0,0
457,5,2,1
457,6,1,0
457,6,2,1
457,7,0,0
457,7,1,0
457,7,2,1
458,1,0,0
458,2,1,0
458,3,0,0
458,3,1,0
458,4,2,1
458,5,0,0
458,5,2,1
458,6,1,0
458,6,2,1
458,7,0,0
458,7,1,0
458,7,2,1
459,1,0,1
459,2,1,0
459,3,0,1
459,3,1,0
459,4,2,1
459,5,0,1
459,5,2,1
459,6,1,0
459,6,2,1
459,7,0,1
459,7,1,0
459,7,2,1
460,1,0,1
460,2,1,0
460,3,0,1
460,3,1,0
460,4,2,1
460,5,0,1
460,5,2,1
460,6,1,0
460,6,2,1
460,7,0,1
460,7,1,0
460,7,2,1
461,1,0,0
461,2,1,0
461,3,0,0
461,3,1,0
461,4,2,1
461,5,0,0
461,5,2,1
461,6,1,0
461,6,2,1
461,7,0,0
461,7,1,0
461,7,2,1
462,1,0,0
462,2,1,0
462,3,0,0
462,3,1,0
462,4,2,1
462,5,0,0
462,5,2,1
462,6,1,0
462,6,2,1
462,7,0,0
462,7,1,0
462,7,2,1
463,1,0,0
463,2,1,0
463,3,0,0
463,3,1,0
463,4,2,1
463,5,0,0
463,5,2,1
463,6,1,0
463,6,2,1
463,7,0,0
463,7,1,0
463,7,2,1
464,1,0,0
464,2,1,0
464,3,0,0
464,3,1,0
464,4,2,1
464,5,0,0
464,5,2,1
464,6,1,0
464,6,2,1
464,7,0,0
464,7,1,0
464,7,2,1
465,1,0,0
465,2,1,0
465,3,0,0
465,3,1,0
465,4,2,1
465,5,0,0
465,5,2,1
465,6,1,0
465,6,2,1
465,7,0,0
465,7,1,0
465,7,2,1
466,1,0,0
466,2,1,0
466,3,0,0
466,3,1,0
466,4,2,1
466,5,0,0
466,5,2,1
466,6,1,0
466,6,2,1
466,7,0,0
466,7,1,0
466,7,2,1
467,1,0,0
467,2,1,0
467,3,0,0
467,3,1,0
467,4,2,1
467,5,0,0
467,5,2,1
467,6,1,0
467,6,2,1
467,7,0,0
467,7,1,0
467,7,2,1
468,1,0,1
468,2,1,0
468,3,0,1
468,3,1,0
468,4,2,1
468,5,0,1
468,5,2,1
468,6,1,0
468,6,2,1
468,7,0,1
468,7,1,0
468,7,2,1
469,1,0,1
469,2,1,0
469,3,0,1
469,3,1,0
469,4,2,1
469,5,0,1
469,5,2,1
469,6,1,0
469,6,2,1
469,7,0,1
469,7,1,0
469,7,2,1
470,1,0,0
470,2,1,0
470,3,0,0
470,3,1,0
470,4,2,1
470,5,0,0
470,5,2,1
470,6,1,0
470,6,2,1
470,7,0,0
470,7,1,0
470,7,2,1
471,1,0,0
471,2,1,0
471,3,0,0
471,3,1,0
471,4,2,1
471,5,0,0
471,5,2,1
471,6,1,0
471,6,2,1
471,7,0,0
471,7,1,0
471,7,2,1
472,1,0,0
472,2,1,0
472,3,0,0
472,3,1,0
472,4,2,1
472,5,0,0
472,5,2,1
472,6,1,0
472,6,2,1
472,7,0,0
472,7,1,0
472,7,2,1
473,1,0,0
473,2,1,0
473,3,0,0
473,3,1,0
473,4,2,1
473,5,0,0
473,5,2,1
473,6,1,0
473,6,2,1
473,7,0,0
473,7,1,0
473,7,2,1
474,1,0,0
474,2,1,0
474,3,0,0
474,3,1,0
474,4,2,1
474,5,0,0
474,5,2,1
474,6,1,0
474,6,2,1
474,7,0,0
474,7,1,0
474,7,2,1
475,1,0,0
475,2,1,0
475,3,0,0
475,3,1,0
475,4,2,1
475,5,0,0
475,5,2,1
475,6,1,0
475,6,2,1
475,7,0,0
475,7,1,0
475,7,2,1
476,1,0,0
476,2,1,0
476,3,0,0
476,3,1,0
476,4,2,1
476,5,0,0
476,5,2,1
476,6,1,0
476,6,2,1
476,7,0,0
476,7,1,0
476,7,2,1
477,1,0,1
477,2,1,0
477,3,0,1
477,3,1,0
477,4,2,1
477,5,0,1
477,5,2,1
477,6,1,0
477,6,2,1
477,7,0,1
477,7,1,0
477,7,2,1
478,1,0,1
478,2,1,0
478,3,0,1
478,3,1,0
478,4,2,1
478,5,0,1
478,5,2,1
478,6,1,0
478,6,2,1
478,7,0,1
478,7,1,0
478,7,2,1
479,1,0,0
479,2,1,0
479,3,0,0
479,3,1,0
479,4,2,1
479,5,0,0
479,5,2,1
479,6,1,0
479,6,2,1
479,7,0,0
479,7,1,0
479,7,2,1
480,1,0,0
480,2,1,0
480,3,0,0
480,3,1,0
480,4,2,1
480,5,0,0
480,5,2,1
480,6,1,0
480,6,2,1
480,7,0,0
480,7,1,0
480,7,2,1
481,1,0,0
481,2,1,0
481,3,0,0
481,3,1,0
481,4,2,1
481,5,0,0
481,5,2,1
481,6,1,0
481,6,2,1
481,7,0,0
481,7,1,0
481,7,2,1
482,1,0,0
482,2,1,0
482,3,0,0
482,3,1,0
482,4,2,1
482,5,0,0
482,5,2,1
482,6,1,0
482,6,2,1
482,7,0,0
482,7,1,0
482,7,2,1
483,1,0,0
483,2,1,0
483,3,0,0
483,3,1,0
483,4,2,1
483,5,0,0
483,5,2,1
483,6,1,0
483,6,2,1
483,7,0,0
483,7,1,0
483,7,2,1
484,1,0,0
484,2,1,0
484,3,0,0
484,3,1,0
484,4,2,1
484,5,0,0
484,5,2,1
484,6,1,0
484,6,2,1
484,7,0,0
484,7,1,0
484,7,2,1
485,1,0,0
485,2,1,0
485,3,0,0
485,3,1,0
485,4,2,1
485,5,0,0
485,5,2,1
485,6,1,0
485,6,2,1
485,7,0,0
485,7,1,0
485,7,2,1
486,1,0,1
486,2,1,1
486,3,0,1
486,3,1,1
486,4,2,1
486,5,0,1
486,5,2,1
486,6,1,1
486,6,2,1
486,7,0,1
486,7,1,1
486,7,2,1
487,1,0,1
487,2,1,1
487,3,0,1
487,3,1,1
487,4,2,1
487,5,0,1
487,5,2,1
487,6,1,1
487,6,2,1
487,7,0,1
487,7,1,1
487,7,2,1
488,1,0,0
488,2,1,1
488,3,0,0
488,3,1,1
488,4,2,1
488,5,0,0
488,5,2,1
488,6,1,1
488,6,2,1
488,7,0,0
488,7,1,1
488,7,2,1
489,1,0,1
489,2,1,1
489,3,0,1
489,3,1,1
489,4,2,1
489,5,0,1
489,5,2,1
489,6,1,1
489,6,2,1
489,7,0,1
489,7,1,1
489,7,2,1
490,1,0,1
490,2,1,1
490,3,0,1
490,3,1,1
490,4,2,1
490,5,0,1
490,5,2,1
490,6,1,1
490,6,2,1
490,7,0,1
490,7,1,1
490,7,2,1
491,1,0,0
491,2,1,1
491,3,0,0
491,3,1,1
491,4,2,1
491,5,0,0
491,5,2,1
491,6,1,1
491,6,2,1
491,7,0,0
491,7,1,1
491,7,2,1
492,1,0,1
492,2,1,1
492,3,0,1
492,3,1,1
492,4,2,1
492,5,0,1
492,5,2,1
492,6,1,1
492,6,2,1
492,7,0,1
492,7,1,1
492,7,2,1
493,1,0,1
493,2,1,1
493,3,0,1
493,3,1,1
493,4,2,1
493,5,0,1
493,5,2,1
493,6,1,1
493,6,2,1
493,7,0,1
493,7,1,1
493,7,2,1
494,1,0,0
494,2,1,1
494,3,0,0
494,3,1,1
494,4,2,1
494,5,0,0
494,5,2,1
494,6,1,1
494,6,2,1
494,7,0,0
494,7,1,1
494,7,2,1
495,1,0,1
495,2,1,1
495,3,0,1
495,3,1,1
495,4,2,1
495,5,0,1
495,5,2,1
495,6,1,1
495,6,2,1
495,7,0,1
495,7,1,1
495,7,2,1
496,1,0,1
496,2,1,1
496,3,0,1
496,3,1,1
496,4,2,1
496,5,0,1
496,5,2,1
496,6,1,1
496,6,2,1
496,7,0,1
496,7,1,1
496,7,2,1
497,1,0,0
497,2,1,1
497,3,0,0
497,3,1,1
497,4,2,1
497,5,0,0
497,5,2,1
497,6,1,1
497,6,2,1
497,7,0,0
497,7,1,1
497,7,2,1
498,1,0,1
498,2,1,1
498,3,0,1
498,3,1,1
498,4,2,1
498,5,0,1
498,5,2,1
498,6,1,1
498,6,2,1
498,7,0,1
498,7,1,1
498,7,2,1
499,1,0,1
499,2,1,1
499,3,0,1
499,3,1,1
499,4,2,1
499,5,0,1
499,5,2,1
499,6,1,1
499,6,2,1
499,7,0,1
499,7,1,1
499,7,2,1
500,1,0,0
500,2,1,1
500,3,0,0
500,3,1,1
500,4,2,1
500,5,0,0
500,5,2,1
500,6,1,1
500,6,2,1
500,7,0,0
500,7,1,1
500,7,2,1
501,1,0,1
501,2,1,1
501,3,0,1
501,3,1,1
501,4,2,1
501,5,0,1
501,5,2,1
501,6,1,1
501,6,2,1
501,7,0,1
501,7,1,1
501,7,2,1
502,1,0,1
502,2,1,1
502,3,0,1
502,3,1,1
502,4,2,1
502,5,0,1
502,5,2,1
502,6,1,1
502,6,2,1
502,7,0,1
502,7,1,1
502,7,2,1
503,1,0,0
503,2,1,1
503,3,0,0
503,3,1,1
503,4,2,1
503,5,0,0
503,5,2,1
503,6,1,1
503,6,2,1
503,7,0,0
503,7,1,1
503,7,2,1
504,1,0,1
504,2,1,1
504,3,0,1
504,3,1,1
504,4,2,1
504,5,0,1
504,5,2,1
504,6,1,1
504,6,2,1
504,7,0,1
504,7,1,1
504,7,2,1
505,1,0,1
505,2,1,1
505,3,0,1
505,3,1,1
505,4,2,1
505,5,0,1
505,5,2,1
505,6,1,1
505,6,2,1
505,7,0,1
505,7,1,1
505,7,2,1
506,1,0,0
506,2,1,1
506,3,0,0
506,3,1,1
506,4,2,1
506,5,0,0
506,5,2,1
506,6,1,1
506,6,2,1
506,7,0,0
506,7,1,1
506,7,2,1
507,1,0,1
507,2,1,1
507,3,0,1
507,3,1,1
507,4,2,1
507,5,0,1
507,5,2,1
507,6,1,1
507,6,2,1
507,7,0,1
507,7,1,1
507,7,2,1
508,1,0,1
508,2,1,1
508,3,0,1
508,3,1,1
508,4,2,1
508,5,0,1
508,5,2,1
508,6,1,1
508,6,2,1
508,7,0,1
508,7,1,1
508,7,2,1
509,1,0,0
509,2,1,1
509,3,0,0
509,3,1,1
509,4,2,1
509,5,0,0
509,5,2,1
509,6,1,1
509,6,2,1
509,7,0,0
509,7,1,1
509,7,2,1
510,1,0,1
510,2,1,1
510,3,0,1
510,3,1,1
510,4,2,1
510,5,0,1
510,5,2,1
510,6,1,1
510,6,2,1
510,7,0,1
510,7,1,1
510,7,2,1
511,1,0,1
511,2,1,1
511,3,0,1
511,3,1,1
511,4,2,1
511,5,0,1
511,5,2,1
511,6,1,1
511,6,2,1
511,7,0,1
511,7,1,1
511,7,2,1
512,1,0,0
512,2,1,1
512,3,0,0
512,3,1,1
512,4,2,1
512,5,0,0
512,5,2,1
512,6,1,1
512,6,2,1
512,7,0,0
512,7,1,1
512,7,2,1
513,1,0,1
513,2,1,1
513,3,0,1
513,3,1,1
513,4,2,1
513,5,0,1
513,5,2,1
513,6,1,1
513,6,2,1
513,7,0,1
513,7,1,1
513,7,2,1
514,1,0,1
514,2,1,1
514,3,0,1
514,3,1,1
514,4,2,1
514,5,0,1
514,5,2,1
514,6,1,1
514,6,2,1
514,7,0,1
514,7,1,1
514,7,2,1
515,1,0,0
515,2,1,0
515,3,0,0
515,3,1,0
515,4,2,1
515,5,0,0
515,5,2,1
515,6,1,0
515,6,2,1
515,7,0,0
515,7,1,0
515,7,2,1
516,1,0,1
516,2,1,1
516,3,0,1
516,3,1,1
516,4,2,1
516,5,0,1
516,5,2,1
516,6,1,1
516,6,2,1
516,7,0,1
516,7,1,1
516,7,2,1
517,1,0,1
517,2,1,1
517,3,0,1
517,3,1,1
517,4,2,1
517,5,0,1
517,5,2,1
517,6,1,1
517,6,2,1
517,7,0,1
517,7,1,1
517,7,2,1
518,1,0,0
518,2,1,0
518,3,0,0
518,3,1,0
518,4,2,1
518,5,0,0
518,5,2,1
518,6,1,0
518,6,2,1
518,7,0,0
518,7,1,0
518,7,2,1
519,1,0,0
519,2,1,0
519,3,0,0
519,3,1,0
519,4,2,1
519,5,0,0
519,5,2,1
519,6,1,0
519,6,2,1
519,7,0,0
519,7,1,0
519,7,2,1
520,1,0,0
520,2,1,0
520,3,0,0
520,3,1,0
520,4,2,1
520,5,0,0
520,5,2,1
520,6,1,0
520,6,2,1
520,7,0,0
520,7,1,0
520,7,2,1
521,1,0,0
521,2,1,0
521,3,0,0
521,3,1,0
521,4,2,1
521,5,0,0
521,5,2,1
521,6,1,0
521,6,2,1
521,7,0,0
521,7,1,0
521,7,2,1
522,1,0,1
522,2,1,1
522,3,0,1
522,3,1,1
522,4,2,1
522,5,0,1
522,5,2,1
522,6,1,1
522,6,2,1
522,7,0,1
522,7,1,1
522,7,2,1
523,1,0,1
523,2,1,1
523,3,0,1
523,3,1,1
523,4,2,1
523,5,0,1
523,5,2,1
523,6,1,1
523,6,2,1
523,7,0,1
523,7,1,1
523,7,2,1
524,1,0,0
524,2,1,0
524,3,0,0
524,3,1,0
524,4,2,1
524,5,0,0
524,5,2,1
524,6,1,0
524,6,2,1
524,7,0,0
524,7,1,0
524,7,2,1
525,1,0,1
525,2,1,1
525,3,0,1
525,3,1,1
525,4,2,1
525,5,0,1
525,5,2,1
525,6,1,1
525,6,2,1
525,7,0,1
525,7,1,1
525,7,2,1
526,1,0,1
526,2,1,1
526,3,0,1
526,3,1,1
526,4,2,1
526,5,0,1
526,5,2,1
526,6,1,1
526,6,2,1
526,7,0,1
526,7,1,1
526,7,2,1
527,1,0,0
527,2,1,0
527,3,0,0
527,3,1,0
527,4,2,1
527,5,0,0
527,5,2,1
527,6,1,0
527,6,2,1
527,7,0,0
527,7,1,0
527,7,2,1
528,1,0,0
528,2,1,0
528,3,0,0
528,3,1,0
528,4,2,1
528,5,0,0
528,5,2,1
528,6,1,0
528,6,2,1
528,7,0,0
528,7,1,0
528,7,2,1
529,1,0,0
529,2,1,0
529,3,0,0
529,3,1,0
529,4,2,1
529,5,0,0
529,5,2,1
529,6,1,0
529,6,2,1
529,7,0,0
529,7,1,0
529,7,2,1
530,1,0,0
530,2,1,0
530,3,0,0
530,3,1,0
530,4,2,1
530,5,0,0
530,5,2,1
530,6,1,0
530,6,2,1
530,7,0,0
530,7,1,0
530,7,2,1
531,1,0,1
531,2,1,1
531,3,0,1
531,3,1,1
531,4,2,1
531,5,0,1
531,5,2,1
531,6,1,1
531,6,2,1
531,7,0,1
531,7,1,1
531,7,2,1
532,1,0,1
532,2,1,1
532,3,0,1
532,3,1,1
532,4,2,1
532,5,0,1
532,5,2,1
532,6,1,1
532,6,2,1
532,7,0,1
532,7,1,1
532,7,2,1
533,1,0,0
533,2,1,0
533,3,0,0
533,3,1,0
533,4,2,1
533,5,0,0
533,5,2,1
533,6,1,0
533,6,2,1
533,7,0,0
533,7,1,0
533,7,2,1
534,1,0,1
534,2,1,1
534,3,0,1
534,3,1,1
534,4,2,1
534,5,0,1
534,5,2,1
534,6,1,1
534,6,2,1
534,7,0,1
534,7,1,1
534,7,2,1
535,1,0,1
535,2,1,1
535,3,0,1
535,3,1,1
535,4,2,1
535,5,0,1
535,5,2,1
535,6,1,1
535,6,2,1
535,7,0,1
535,7,1,1
535,7,2,1
536,1,0,0
536,2,1,0
536,3,0,0
536,3,1,0
536,4,2,1
536,5,0,0
536,5,2,1
536,6,1,0
536,6,2,1
536,7,0,0
536,7,1,0
536,7,2,1
537,1,0,0
537,2,1,0
537,3,0,0
537,3,1,0
537,4,2,1
537,5,0,0
537,5,2,1
537,6,1,0
537,6,2,1
537,7,0,0
537,7,1,0
537,7,2,1
538,1,0,0
538,2,1,0
538,3,0,0
538,3,1,0
538,4,2,1
538,5,0,0
538,5,2,1
538,6,1,0
538,6,2,1
538,7,0,0
538,7,1,0
538,7,2,1
539,1,0,0
539,2,1,0
539,3,0,0
539,3,1,0
539,4,2,1
539,5,0,0
539,5,2,1
539,6,1,0
539,6,2,1
539,7,0,0
539,7,1,0
539,7,2,1
540,1,0,1
540,2,1,1
540,3,0,1
540,3,1,1
540,4,2,1
540,5,0,1
540,5,2,1
540,6,1,1
540,6,2,1
540,7,0,1
540,7,1,1
540,7,2,1
541,1,0,1
541,2,1,1
541,3,0,1
541,3,1,1
541,4,2,1
541,5,0,1
541,5,2,1
541,6,1,1
541,6,2,1
541,7,0,1
541,7,1,1
541,7,2,1
542,1,0,0
542,2,1,0
542,3,0,0
542,3,1,0
542,4,2,1
542,5,0,0
542,5,2,1
542,6,1,0
542,6,2,1
542,7,0,0
542,7,1,0
542,7,2,1
543,1,0,0
543,2,1,0
543,3,0,0
543,3,1,0
543,4,2,1
543,5,0,0
543,5,2,1
543,6,1,0
543,6,2,1
543,7,0,0
543,7,1,0
543,7,2,1
544,1,0,0
544,2,1,0
544,3,0,0
544,3,1,0
544,4,2,1
544,5,0,0
544,5,2,1
544,6,1,0
544,6,2,1
544,7,0,0
544,7,1,0
544,7,2,1
545,1,0,0
545,2,1,0
545,3,0,0
545,3,1,0
545,4,2,1
545,5,0,0
545,5,2,1
545,6,1,0
545,6,2,1
545,7,0,0
545,7,1,0
545,7,2,1
546,1,0,0
546,2,1,0
546,3,0,0
546,3,1,0
546,4,2,1
546,5,0,0
546,5,2,1
546,6,1,0
546,6,2,1
546,7,0,0
546,7,1,0
546,7,2,1
547,1,0,0
547,2,1,0
547,3,0,0
547,3,1,0
547,4,2,1
547,5,0,0
547,5,2,1
547,6,1,0
547,6,2,1
547,7,0,0
547,7,1,0
547,7,2,1
548,1,0,0
548,2,1,0
548,3,0,0
548,3,1,0
548,4,2,1
548,5,0,0
548,5,2,1
548,6,1,0
548,6,2,1
548,7,0,0
548,7,1,0
548,7,2,1
549,1,0,1
549,2,1,1
549,3,0,1
549,3,1,1
549,4,2,1
549,5,0,1
549,5,2,1
549,6,1,1
549,6,2,1
549,7,0,1
549,7,1,1
549,7,2,1
550,1,0,1
550,2,1,1
550,3,0,1
550,3,1,1
550,4,2,1
550,5,0,1
550,5,2,1
550,6,1,1
550,6,2,1
550,7,0,1
550,7,1,1
550,7,2,1
551,1,0,0
551,2,1,0
551,3,0,0
551,3,1,0
551,4,2,1
551,5,0,0
551,5,2,1
551,6,1,0
551,6,2,1
551,7,0,0
551,7,1,0
551,7,2,1
552,1,0,0
552,2,1,0
552,3,0,0
552,3,1,0
552,4,2,1
552,5,0,0
552,5,2,1
552,6,1,0
552,6,2,1
552,7,0,0
552,7,1,0
552,7,2,1
553,1,0,0
553,2,1,0
553,3,0,0
553,3,1,0
553,4,2,1
553,5,0,0
553,5,2,1
553,6,1,0
553,6,2,1
553,7,0,0
553,7,1,0
553,7,2,1
554,1,0,0
554,2,1,0
554,3,0,0
554,3,1,0
554,4,2,1
554,5,0,0
554,5,2,1
554,6,1,0
554,6,2,1
554,7,0,0
554,7,1,0
554,7,2,1
555,1,0,0
555,2,1,0
555,3,0,0
555,3,1,0
555,4,2,1
555,5,0,0
555,5,2,1
555,6,1,0
555,6,2,1
555,7,0,0
555,7,1,0
555,7,2,1
556,1,0,0
556,2,1,0
556,3,0,0
556,3,1,0
556,4,2,1
556,5,0,0
556,5,2,1
556,6,1,0
556,6,2,1
556,7,0,0
556,7,1,0
556,7,2,1
557,1,0,0
557,2,1,0
557,3,0,0
557,3,1,0
557,4,2,1
557,5,0,0
557,5,2,1
557,6,1,0
557,6,2,1
557,7,0,0
557,7,1,0
557,7,2,1
558,1,0,1
558,2,1,1
558,3,0,1
558,3,1,1
558,4,2,1
558,5,0,1
558,5,2,1
558,6,1,1
558,6,2,1
558,7,0,1
558,7,1,1
558,7,2,1
559,1,0,1
559,2,1,1
559,3,0,1
559,3,1,1
559,4,2,1
559,5,0,1
559,5,2,1
559,6,1,1
559,6,2,1
559,7,0,1
559,7,1,1
559,7,2,1
560,1,0,0
560,2,1,0
560,3,0,0
560,3,1,0
560,4,2,1
560,5,0,0
560,5,2,1
560,6,1,0
560,6,2,1
560,7,0,0
560,7,1,0
560,7,2,1
561,1,0,0
561,2,1,0
561,3,0,0
561,3,1,0
561,4,2,1
561,5,0,0
561,5,2,1
561,6,1,0
561,6,2,1
561,7,0,0
561,7,1,0
561,7,2,1
562,1,0,0
562,2,1,0
562,3,0,0
562,3,1,0
562,4,2,1
562,5,0,0
562,5,2,1
562,6,1,0
562,6,2,1
562,7,0,0
562,7,1,0
562,7,2,1
563,1,0,0
563,2,1,0
563,3,0,0
563,3,1,0
563,4,2,1
563,5,0,0
563,5,2,1
563,6,1,0
563,6,2,1
563,7,0,0
563,7,1,0
563,7,2,1
564,1,0,0
564,2,1,0
564,3,0,0
564,3,1,0
564,4,2,1
564,5,0,0
564,5,2,1
564,6,1,0
564,6,2,1
564,7,0,0
564,7,1,0
564,7,2,1
565,1,0,0
565,2,1,0
565,3,0,0
565,3,1,0
565,4,2,1
565,5,0,0
565,5,2,1
565,6,1,0
565,6,2,1
565,7,0,0
565,7,1,0
565,7,2,1
566,1,0,0
566,2,1,0
566,3,0,0
566,3,1,0
566,4,2,1
566,5,0,0
566,5,2,1
566,6,1,0
566,6,2,1
566,7,0,0
566,7,1,0
566,7,2,1
567,1,0,1
567,2,1,1
567,3,0,1
567,3,1,1
567,4,2,1
567,5,0,1
567,5,2,1
567,6,1,1
567,6,2,1
567,7,0,1
567,7,1,1
567,7,2,1
568,1,0,1
568,2,1,1
568,3,0,1
568,3,1,1
568,4,2,1
568,5,0,1
568,5,2,1
568,6,1,1
568,6,2,1
568,7,0,1
568,7,1,1
568,7,2,1
569,1,0,0
569,2,1,1
569,3,0,0
569,3,1,1
569,4,2,1
569,5,0,0
569,5,2,1
569,6,1,1
569,6,2,1
569,7,0,0
569,7,1,1
569,7,2,1
570,1,0,1
570,2,1,1
570,3,0,1
570,3,1,1
570,4,2,1
570,5,0,1
570,5,2,1
570,6,1,1
570,6,2,1
570,7,0,1
570,7,1,1
570,7,2,1
571,1,0,1
571,2,1,1
571,3,0,1
571,3,1,1
571,4,2,1
571,5,0,1
571,5,2,1
571,6,1,1
571,6,2,1
571,7,0,1
571,7,1,1
571,7,2,1
572,1,0,0
572,2,1,1
572,3,0,0
572,3,1,1
572,4,2,1
572,5,0,0
572,5,2,1
572,6,1,1
572,6,2,1
572,7,0,0
572,7,1,1
572,7,2,1
573,1,0,1
573,2,1,1
573,3,0,1
573,3,1,1
573,4,2,1
573,5,0,1
573,5,2,1
573,6,1,1
573,6,2,1
573,7,0,1
573,7,1,1
573,7,2,1
574,1,0,1
574,2,1,1
574,3,0,1
574,3,1,1
574,4,2,1
574,5,0,1
574,5,2,1
574,6,1,1
574,6,2,1
574,7,0,1
574,7,1,1
574,7,2,1
575,1,0,0
575,2,1,1
575,3,0,0
575,3,1,1
575,4,2,1
575,5,0,0
575,5,2,1
575,6,1,1
575,6,2,1
575,7,0,0
575,7,1,1
575,7,2,1
576,1,0,1
576,2,1,1
576,3,0,1
576,3,1,1
576,4,2,1
576,5,0,1
576,5,2,1
576,6,1,1
576,6,2,1
576,7,0,1
576,7,1,1
576,7,2,1
577,1,0,1
577,2,1,1
577,3,0,1
577,3,1,1
577,4,2,1
577,5,0,1
577,5,2,1
577,6,1,1
577,6,2,1
577,7,0,1
577,7,1,1
577,7,2,1
578,1,0,0
578,2,1,1
578,3,0,0
578,3,1,1
578,4,2,1
578,5,0,0
578,5,2,1
578,6,1,1
578,6,2,1
578,7,0,0
578,7,1,1
578,7,2,1
579,1,0,1
579,2,1,1
579,3,0,1
579,3,1,1
579,4,2,1
579,5,0,1
579,5,2,1
579,6,1,1
579,6,2,1
579,7,0,1
579,7,1,1
579,7,2,1
580,1,0,1
580,2,1,1
580,3,0,1
580,3,1,1
580,4,2,1
580,5,0,1
580,5,2,1
580,6,1,1
580,6,2,1
580,7,0,1
580,7,1,1
580,7,2,1
581,1,0,0
581,2,1,1
581,3,0,0
581,3,1,1
581,4,2,1
581,5,0,0
581,5,2,1
581,6,1,1
581,6,2,1
581,7,0,0
581,7,1,1
581,7,2,1
582,1,0,1
582,2,1,1
582,3,0,1
582,3,1,1
582,4,2,1
582,5,0,1
582,5,2,1
582,6,1,1
582,6,2,1
582,7,0,1
582,7,1,1
582,7,2,1
583,1,0,1
583,2,1,1
583,3,0,1
583,3,1,1
583,4,2,1
583,5,0,1
583,5,2,1
583,6,1,1
583,6,2,1
583,7,0,1
583,7,1,1
583,7,2,1
584,1,0,0
584,2,1,1
584,3,0,0
584,3,1,1
584,4,2,1
584,5,0,0
584,5,2,1
584,6,1,1
584,6,2,1
584,7,0,0
584,7,1,1
584,7,2,1
585,1,0,1
585,2,1,1
585,3,0,1
585,3,1,1
585,4,2,1
585,5,0,1
585,5,2,1
585,6,1,1
585,6,2,1
585,7,0,1
585,7,1,1
585,7,2,1
586,1,0,1
586,2,1,1
586,3,0,1
586,3,1,1
586,4,2,1
586,5,0,1
586,5,2,1
586,6,1,1
586,6,2,1
586,7,0,1
586,7,1,1
586,7,2,1
587,1,0,0
587,2,1,1
587,3,0,0
587,3,1,1
587,4,2,1
587,5,0,0
587,5,2,1
587,6,1,1
587,6,2,1
587,7,0,0
587,7,1,1
587,7,2,1
588,1,0,1
588,2,1,1
588,3,0,1
588,3,1,1
588,4,2,1
588,5,0,1
588,5,2,1
588,6,1,1
588,6,2,1
588,7,0,1
588,7,1,1
588,7,2,1
589,1,0,1
589,2,1,1
589,3,0,1
589,3,1,1
589,4,2,1
589,5,0,1
589,5,2,1
589,6,1,1
589,6,2,1
589,7,0,1
589,7,1,1
589,7,2,1
590,1,0,0
590,2,1,1
590,3,0,0
590,3,1,1
590,4,2,1
590,5,0,0
590,5,2,1
590,6,1,1
590,6,2,1
590,7,0,0
590,7,1,1
590,7,2,1
591,1,0,1
591,2,1,1
591,3,0,1
591,3,1,1
591,4,2,1
591,5,0,1
591,5,2,1
591,6,1,1
591,6,2,1
591,7,0,1
591,7,1,1
591,7,2,1
592,1,0,1
592,2,1,1
592,3,0,1
592,3,1,1
592,4,2,1
592,5,0,1
592,5,2,1
592,6,1,1
592,6,2,1
592,7,0,1
592,7,1,1
592,7,2,1
593,1,0,0
593,2,1,1
593,3,0,0
593,3,1,1
593,4,2,1
593,5,0,0
593,5,2,1
593,6,1,1
593,6,2,1
593,7,0,0
593,7,1,1
593,7,2,1
594,1,0,1
594,2,1,1
594,3,0,1
594,3,1,1
594,4,2,1
594,5,0,1
594,5,2,1
594,6,1,1
594,6,2,1
594,7,0,1
594,7,1,1
594,7,2,1
595,1,0,1
595,2,1,1
595,3,0,1
595,3,1,1
595,4,2,1
595,5,0,1
595,5,2,1
595,6,1,1
595,6,2,1
595,7,0,1
595,7,1,1
595,7,2,1
596,1,0,0
596,2,1,0
596,3,0,0
596,3,1,0
596,4,2,1
596,5,0,0
596,5,2,1
596,6,1,0
596,6,2,1
596,7,0,0
596,7,1,0
596,7,2,1
597,1,0,1
597,2,1,1
597,3,0,1
597,3,1,1
597,4,2,1
597,5,0,1
597,5,2,1
597,6,1,1
597,6,2,1
597,7,0,1
597,7,1,1
597,7,2,1
598,1,0,1
598,2,1,1
598,3,0,1
598,3,1,1
598,4,2,1
598,5,0,1
598,5,2,1
598,6,1,1
598,6,2,1
598,7,0,1
598,7,1,1
598,7,2,1
599,1,0,0
599,2,1,0
599,3,0,0
599,3,1,0
599,4,2,1
599,5,0,0
599,5,2,1
599,6,1,0
599,6,2,1
599,7,0,0
599,7,1,0
599,7,2,1
600,1,0,0
600,2,1,0
600,3,0,0
600,3,1,0
600,4,2,1
600,5,0,0
600,5,2,1
600,6,1,0
600,6,2,1
600,7,0,0
600,7,1,0
600,7,2,1
601,1,0,0
601,2,1,0
601,3,0,0
601,3,1,0
601,4,2,1
601,5,0,0
601,5,2,1
601,6,1,0
601,6,2,1
601,7,0,0
601,7,1,0
601,7,2,1
602,1,0,0
602,2,1,0
602,3,0,0
602,3,1,0
602,4,2,1
602,5,0,0
602,5,2,1
602,6,1,0
602,6,2,1
602,7,0,0
602,7,1,0
602,7,2,1
603,1,0,1
603,2,1,1
603,3,0,1
603,3,1,1
603,4,2,1
603,5,0,1
603,5,2,1
603,6,1,1
603,6,2,1
603,7,0,1
603,7,1,1
603,7,2,1
604,1,0,1
604,2,1,1
604,3,0,1
604,3,1,1
604,4,2,1
604,5,0,1
604,5,2,1
604,6,1,1
604,6,2,1
604,7,0,1
604,7,1,1
604,7,2,1
605,1,0,0
605,2,1,0
605,3,0,0
605,3,1,0
605,4,2,1
605,5,0,0
605,5,2,1
605,6,1,0
605,6,2,1
605,7,0,0
605,7,1,0
605,7,2,1
606,1,0,1
606,2,1,1
606,3,0,1
606,3,1,1
606,4,2,1
606,5,0,1
606,5,2,1
606,6,1,1
606,6,2,1
606,7,0,1
606,7,1,1
606,7,2,1
607,1,0,1
607,2,1,1
607,3,0,1
607,3,1,1
607,4,2,1
607,5,0,1
607,5,2,1
607,6,1,1
607,6,2,1
607,7,0,1
607,7,1,1
607,7,2,1
608,1,0,0
608,2,1,0
608,3,0,0
608,3,1,0
608,4,2,1
608,5,0,0
608,5,2,1
608,6,1,0
608,6,2,1
608,7,0,0
608,7,1,0
608,7,2,1
609,1,0,0
609,2,1,0
609,3,0,0
609,3,1,0
609,4,2,1
609,5,0,0
609,5,2,1
609,6,1,0
609,6,2,1
609,7,0,0
609,7,1,0
609,7,2,1
610,1,0,0
610,2,1,0
610,3,0,0
610,3,1,0
610,4,2,1
610,5,0,0
610,5,2,1
610,6,1,0
610,6,2,1
610,7,0,0
610,7,1,0
610,7,2,1
611,1,0,0
611,2,1,0
611,3,0,0
611,3,1,0
611,4,2,1
611,5,0,0
611,5,2,1
611,6,1,0
611,6,2,1
611,7,0,0
611,7,1,0
611,7,2,1
612,1,0,1
612,2,1,1
612,3,0,1
612,3,1,1
612,4,2,1
612,5,0,1
612,5,2,1
612,6,1,1
612,6,2,1
612,7,0,1
612,7,1,1
612,7,2,1
613,1,0,1
613,2,1,1
613,3,0,1
613,3,1,1
613,4,2,1
613,5,0,1
613,5,2,1
613,6,1,1
613,6,2,1
613,7,0,1
613,7,1,1
613,7,2,1
614,1,0,0
614,2,1,0
614,3,0,0
614,3,1,0
614,4,2,1
614,5,0,0
614,5,2,1
614,6,1,0
614,6,2,1
614,7,0,0
614,7,1,0
614,7,2,1
615,1,0,1
615,2,1,1
615,3,0,1
615,3,1,1
615,4,2,1
615,5,0,1
615,5,2,1
615,6,1,1
615,6,2,1
615,7,0,1
615,7,1,1
615,7,2,1
616,1,0,1
616,2,1,1
616,3,0,1
616,3,1,1
616,4,2,1
616,5,0,1
616,5,2,1
616,6,1,1
616,6,2,1
616,7,0,1
616,7,1,1
616,7,2,1
617,1,0,0
617,2,1,0
617,3,0,0
617,3,1,0
617,4,2,1
617,5,0,0
617,5,2,1
617,6,1,0
617,6,2,1
617,7,0,0
617,7,1,0
617,7,2,1
618,1,0,0
618,2,1,0
618,3,0,0
618,3,1,0
618,4,2,1
618,5,0,0
618,5,2,1
618,6,1,0
618,6,2,1
618,7,0,0
618,7,1,0
618,7,2,1
619,1,0,0
619,2,1,0
619,3,0,0
619,3,1,0
619,4,2,1
619,5,0,0
619,5,2,1
619,6,1,0
619,6,2,1
619,7,0,0
619,7,1,0
619,7,2,1
620,1,0,0
620,2,1,0
620,3,0,0
620,3,1,0
620,4,2,1
620,5,0,0
620,5,2,1
620,6,1,0
620,6,2,1
620,7,0,0
620,7,1,0
620,7,2,1
621,1,0,1
621,2,1,1
621,3,0,1
621,3,1,1
621,4,2,1
621,5,0,1
621,5,2,1
621,6,1,1
621,6,2,1
621,7,0,1
621,7,1,1
621,7,2,1
622,1,0,1
622,2,1,1
622,3,0,1
622,3,1,1
622,4,2,1
622,5,0,1
622,5,2,1
622,6,1,1
622,6,2,1
622,7,0,1
622,7,1,1
622,7,2,1
623,1,0,0
623,2,1,0
623,3,0,0
623,3,1,0
623,4,2,1
623,5,0,0
623,5,2,1
623,6,1,0
623,6,2,1
623,7,0,0
623,7,1,0
623,7,2,1
624,1,0,0
624,2,1,0
624,3,0,0
624,3,1,0
624,4,2,1
624,5,0,0
624,5,2,1
624,6,1,0
624,6,2,1
624,7,0,0
624,7,1,0
624,7,2,1
625,1,0,0
625,2,1,0
625,3,0,0
625,3,1,0
625,4,2,1
625,5,0,0
625,5,2,1
625,6,1,0
625,6,2,1
625,7,0,0
625,7,1,0
625,7,2,1
626,1,0,0
626,2,1,0
626,3,0,0
626,3,1,0
626,4,2,1
626,5,0,0
626,5,2,1
626,6,1,0
626,6,2,1
626,7,0,0
626,7,1,0
626,7,2,1
627,1,0,0
627,2,1,0
627,3,0,0
627,3,1,0
627,4,2,1
627,5,0,0
627,5,2,1
627,6,1,0
627,6,2,1
627,7,0,0
627,7,1,0
627,7,2,1
628,1,0,0
628,2,1,0
628,3,0,0
628,3,1,0
628,4,2,1
628,5,0,0
628,5,2,1
628,6,1,0
628,6,2,1
628,7,0,0
628,7,1,0
628,7,2,1
629,1,0,0
629,2,1,0
629,3,0,0
629,3,1,0
629,4,2,1
629,5,0,0
629,5,2,1
629,6,1,0
629,6,2,1
629,7,0,0
629,7,1,0
629,7,2,1
630,1,0,1
630,2,1,1
630,3,0,1
630,3,1,1
630,4,2,1
630,5,0,1
630,5,2,1
630,6,1,1
630,6,2,1
630,7,0,1
630,7,1,1
630,7,2,1
631,1,0,1
631,2,1,1
631,3,0,1
631,3,1,1
631,4,2,1
631,5,0,1
631,5,2,1
631,6,1,1
631,6,2,1
631,7,0,1
631,7,1,1
631,7,2,1
632,1,0,0
632,2,1,0
632,3,0,0
632,3,1,0
632,4,2,1
632,5,0,0
632,5,2,1
632,6,1,0
632,6,2,1
632,7,0,0
632,7,1,0
632,7,2,1
633,1,0,0
633,2,1,0
633,3,0,0
633,3,1,0
633,4,2,1
633,5,0,0
633,5,2,1
633,6,1,0
633,6,2,1
633,7,0,0
633,7,1,0
633,7,2,1
634,1,0,0
634,2,1,0
634,3,0,0
634,3,1,0
634,4,2,1
634,5,0,0
634,5,2,1
634,6,1,0
634,6,2,1
634,7,0,0
634,7,1,0
634,7,2,1
635,1,0,0
635,2,1,0
635,3,0,0
635,3,1,0
635,4,2,1
635,5,0,0
635,5,2,1
635,6,1,0
635,6,2,1
635,7,0,0
635,7,1,0
635,7,2,1
636,1,0,0
636,2,1,0
636,3,0,0
636,3,1,0
636,4,2,1
636,5,0,0
636,5,2,1
636,6,1,0
636,6,2,1
636,7,0,0
636,7,1,0
636,7,2,1
637,1,0,0
637,2,1,0
637,3,0,0
637,3,1,0
637,4,2,1
637,5,0,0
637,5,2,1
637,6,1,0
637,6,2,1
637,7,0,0
637,7,1,0
637,7,2,1
638,1,0,0
638,2,1,0
638,3,0,0
638,3,1,0
638,4,2,1
638,5,0,0
638,5,2,1
638,6,1,0
638,6,2,1
638,7,0,0
638,7,1,0
638,7,2,1
639,1,0,1
639,2,1,1
639,3,0,1
639,3,1,1
639,4,2,1
639,5,0,1
639,5,2,1
639,6,1,1
639,6,2,1
639,7,0,1
639,7,1,1
639,7,2,1
640,1,0,1
640,2,1,1
640,3,0,1
640,3,1,1
640,4,2,1
640,5,0,1
640,5,2,1
640,6,1,1
640,6,2,1
640,7,0,1
640,7,1,1
640,7,2,1
641,1,0,0
641,2,1,0
641,3,0,0
641,3,1,0
641,4,2,1
641,5,0,0
641,5,2,1
641,6,1,0
641,6,2,1
641,7,0,0
641,7,1,0
641,7,2,1
642,1,0,0
642,2,1,0
642,3,0,0
642,3,1,0
642,4,2,1
642,5,0,0
642,5,2,1
642,6,1,0
642,6,2,1
642,7,0,0
642,7,1,0
642,7,2,1
643,1,0,0
643,2,1,0
643,3,0,0
643,3,1,0
643,4,2,1
643,5,0,0
643,5,2,1
643,6,1,0
643,6,2,1
643,7,0,0
643,7,1,0
643,7,2,1
644,1,0,0
644,2,1,0
644,3,0,0
644,3,1,0
644,4,2,1
644,5,0,0
644,5,2,1
644,6,1,0
644,6,2,1
644,7,0,0
644,7,1,0
644,7,2,1
645,1,0,0
645,2,1,0
645,3,0,0
645,3,1,0
645,4,2,1
645,5,0,0
645,5,2,1
645,6,1,0
645,6,2,1
645,7,0,0
645,7,1,0
645,7,2,1
646,1,0,0
646,2,1,0
646,3,0,0
646,3,1,0
646,4,2,1
646,5,0,0
646,5,2,1
646,6,1,0
646,6,2,1
646,7,0,0
646,7,1,0
646,7,2,1
647,1,0,0
647,2,1,0
647,3,0,0
647,3,1,0
647,4,2,1
647,5,0,0
647,5,2,1
647,6,1,0
647,6,2,1
647,7,0,0
647,7,1,0
647,7,2,1
648,1,0,1
648,2,1,0
648,3,0,1
648,3,1,0
648,4,2,1
648,5,0,1
648,5,2,1
648,6,1,0
648,6,2,1
648,7,0,1
648,7,1,0
648,7,2,1
649,1,0,1
649,2,1,0
649,3,0,1
649,3,1,0
649,4,2,1
649,5,0,1
649,5,2,1
649,6,1,0
649,6,2,1
649,7,0,1
649,7,1,0
649,7,2,1
650,1,0,0
650,2,1,0
650,3,0,0
650,3,1,0
650,4,2,1
650,5,0,0
650,5,2,1
650,6,1,0
650,6,2,1
650,7,0,0
650,7,1,0
650,7,2,1
651,1,0,0
651,2,1,0
651,3,0,0
651,3,1,0
651,4,2,1
651,5,0,0
651,5,2,1
651,6,1,0
651,6,2,1
651,7,0,0
651,7,1,0
651,7,2,1
652,1,0,0
652,2,1,0
652,3,0,0
652,3,1,0
652,4,2,1
652,5,0,0
652,5,2,1
652,6,1,0
652,6,2,1
652,7,0,0
652,7,1,0
652,7,2,1
653,1,0,0
653,2,1,0
653,3,0,0
653,3,1,0
653,4,2,1
653,5,0,0
653,5,2,1
653,6,1,0
653,6,2,1
653,7,0,0
653,7,1,0
653,7,2,1
654,1,0,0
654,2,1,0
654,3,0,0
654,3,1,0
654,4,2,1
654,5,0,0
654,5,2,1
654,6,1,0
654,6,2,1
654,7,0,0
654,7,1,0
654,7,2,1
655,1,0,0
655,2,1,0
655,3,0,0
655,3,1,0
655,4,2,1
655,5,0,0
655,5,2,1
655,6,1,0
655,6,2,1
655,7,0,0
655,7,1,0
655,7,2,1
656,1,0,0
656,2,1,0
656,3,0,0
656,3,1,0
656,4,2,1
656,5,0,0
656,5,2,1
656,6,1,0
656,6,2,1
656,7,0,0
656,7,1,0
656,7,2,1
657,1,0,1
657,2,1,0
657,3,0,1
657,3,1,0
657,4,2,1
657,5,0,1
657,5,2,1
657,6,1,0
657,6,2,1
657,7,0,1
657,7,1,0
657,7,2,1
658,1,0,1
658,2,1,0
658,3,0,1
658,3,1,0
658,4,2,1
658,5,0,1
658,5,2,1
658,6,1,0
658,6,2,1
658,7,0,1
658,7,1,0
658,7,2,1
659,1,0,0
659,2,1,0
659,3,0,0
659,3,1,0
659,4,2,1
659,5,0,0
659,5,2,1
659,6,1,0
659,6,2,1
659,7,0,0
659,7,1,0
659,7,2,1
660,1,0,0
660,2,1,0
660,3,0,0
660,3,1,0
660,4,2,1
660,5,0,0
660,5,2,1
660,6,1,0
660,6,2,1
660,7,0,0
660,7,1,0
660,7,2,1
661,1,0,0
661,2,1,0
661,3,0,0
661,3,1,0
661,4,2,1
661,5,0,0
661,5,2,1
661,6,1,0
661,6,2,1
661,7,0,0
661,7,1,0
661,7,2,1
662,1,0,0
662,2,1,0
662,3,0,0
662,3,1,0
662,4,2,1
662,5,0,0
662,5,2,1
662,6,1,0
662,6,2,1
662,7,0,0
662,7,1,0
662,7,2,1
663,1,0,0
663,2,1,0
663,3,0,0
663,3,1,0
663,4,2,1
663,5,0,0
663,5,2,1
663,6,1,0
663,6,2,1
663,7,0,0
663,7,1,0
663,7,2,1
664,1,0,0
664,2,1,0
664,3,0,0
664,3,1,0
664,4,2,1
664,5,0,0
664,5,2,1
664,6,1,0
664,6,2,1
664,7,0,0
664,7,1,0
664,7,2,1
665,1,0,0
665,2,1,0
665,3,0,0
665,3,1,0
665,4,2,1
665,5,0,0
665,5,2,1
665,6,1,0
665,6,2,1
665,7,0,0
665,7,1,0
665,7,2,1
666,1,0,1
666,2,1,0
666,3,0,1
666,3,1,0
666,4,2,1
666,5,0,1
666,5,2,1
666,6,1,0
666,6,2,1
666,7,0,1
666,7,1,0
666,7,2,1
667,1,0,1
667,2,1,0
667,3,0,1
667,3,1,0
667,4,2,1
667,5,0,1
667,5,2,1
667,6,1,0
667,6,2,1
667,7,0,1
667,7,1,0
667,7,2,1
668,1,0,0
668,2,1,0
668,3,0,0
668,3,1,0
668,4,2,1
668,5,0,0
668,5,2,1
668,6,1,0
668,6,2,1
668,7,0,0
668,7,1,0
668,7,2,1
669,1,0,0
669,2,1,0
669,3,0,0
669,3,1,0
669,4,2,1
669,5,0,0
669,5,2,1
669,6,1,0
669,6,2,1
669,7,0,0
669,7,1,0
669,7,2,1
670,1,0,0
670,2,1,0
670,3,0,0
670,3,1,0
670,4,2,1
670,5,0,0
670,5,2,1
670,6,1,0
670,6,2,1
670,7,0,0
670,7,1,0
670,7,2,1
671,1,0,0
671,2,1,0
671,3,0,0
671,3,1,0
671,4,2,1
671,5,0,0
671,5,2,1
671,6,1,0
671,6,2,1
671,7,0,0
671,7,1,0
671,7,2,1
672,1,0,0
672,2,1,0
672,3,0,0
672,3,1,0
672,4,2,1
672,5,0,0
672,5,2,1
672,6,1,0
672,6,2,1
672,7,0,0
672,7,1,0
672,7,2,1
673,1,0,0
673,2,1,0
673,3,0,0
673,3,1,0
673,4,2,1
673,5,0,0
673,5,2,1
673,6,1,0
673,6,2,1
673,7,0,0
673,7,1,0
673,7,2,1
674,1,0,0
674,2,1,0
674,3,0,0
674,3,1,0
674,4,2,1
674,5,0,0
674,5,2,1
674,6,1,0
674,6,2,1
674,7,0,0
674,7,1,0
674,7,2,1
675,1,0,1
675,2,1,0
675,3,0,1
675,3,1,0
675,4,2,1
675,5,0,1
675,5,2,1
675,6,1,0
675,6,2,1
675,7,0,1
675,7,1,0
675,7,2,1
676,1,0,1
676,2,1,0
676,3,0,1
676,3,1,0
676,4,2,1
676,5,0,1
676,5,2,1
676,6,1,0
676,6,2,1
676,7,0,1
676,7,1,0
676,7,2,1
677,1,0,0
677,2,1,0
677,3,0,0
677,3,1,0
677,4,2,1
677,5,0,0
677,5,2,1
677,6,1,0
677,6,2,1
677,7,0,0
677,7,1,0
677,7,2,1
678,1,0,0
678,2,1,0
678,3,0,0
678,3,1,0
678,4,2,1
678,5,0,0
678,5,2,1
678,6,1,0
678,6,2,1
678,7,0,0
678,7,1,0
678,7,2,1
679,1,0,0
679,2,1,0
679,3,0,0
679,3,1,0
679,4,2,1
679,5,0,0
679,5,2,1
679,6,1,0
679,6,2,1
679,7,0,0
679,7,1,0
679,7,2,1
680,1,0,0
680,2,1,0
680,3,0,0
680,3,1,0
680,4,2,1
680,5,0,0
680,5,2,1
680,6,1,0
680,6,2,1
680,7,0,0
680,7,1,0
680,7,2,1
681,1,0,0
681,2,1,0
681,3,0,0
681,3,1,0
681,4,2,1
681,5,0,0
681,5,2,1
681,6,1,0
681,6,2,1
681,7,0,0
681,7,1,0
681,7,2,1
682,1,0,0
682,2,1,0
682,3,0,0
682,3,1,0
682,4,2,1
682,5,0,0
682,5,2,1
682,6,1,0
682,6,2,1
682,7,0,0
682,7,1,0
682,7,2,1
683,1,0,0
683,2,1,0
683,3,0,0
683,3,1,0
683,4,2,1
683,5,0,0
683,5,2,1
683,6,1,0
683,6,2,1
683,7,0,0
683,7,1,0
683,7,2,1
684,1,0,1
684,2,1,0
684,3,0,1
684,3,1,0
684,4,2,1
684,5,0,1
684,5,2,1
684,6,1,0
684,6,2,1
684,7,0,1
684,7,1,0
684,7,2,1
685,1,0,1
685,2,1,0
685,3,0,1
685,3,1,0
685,4,2,1
685,5,0,1
685,5,2,1
685,6,1,0
685,6,2,1
685,7,0,1
685,7,1,0
685,7,2,1
686,1,0,0
686,2,1,0
686,3,0,0
686,3,1,0
686,4,2,1
686,5,0,0
686,5,2,1
686,6,1,0
686,6,2,1
686,7,0,0
686,7,1,0
686,7,2,1
687,1,0,0
687,2,1,0
687,3,0,0
687,3,1,0
687,4,2,1
687,5,0,0
687,5,2,1
687,6,1,0
687,6,2,1
687,7,0,0
687,7,1,0
687,7,2,1
688,1,0,0
688,2,1,0
688,3,0,0
688,3,1,0
688,4,2,1
688,5,0,0
688,5,2,1
688,6,1,0
688,6,2,1
688,7,0,0
688,7,1,0
688,7,2,1
689,1,0,0
689,2,1,0
689,3,0,0
689,3,1,0
689,4,2,1
689,5,0,0
689,5,2,1
689,6,1,0
689,6,2,1
689,7,0,0
689,7,1,0
689,7,2,1
690,1,0,0
690,2,1,0
690,3,0,0
690,3,1,0
690,4,2,1
690,5,0,0
690,5,2,1
690,6,1,0
690,6,2,1
690,7,0,0
690,7,1,0
690,7,2,1
691,1,0,0
691,2,1,0
691,3,0,0
691,3,1,0
691,4,2,1
691,5,0,0
691,5,2,1
691,6,1,0
691,6,2,1
691,7,0,0
691,7,1,0
691,7,2,1
692,1,0,0
692,2,1,0
692,3,0,0
692,3,1,0
692,4,2,1
692,5,0,0
692,5,2,1
692,6,1,0
692,6,2,1
692,7,0,0
692,7,1,0
692,7,2,1
693,1,0,1
693,2,1,0
693,3,0,1
693,3,1,0
693,4,2,1
693,5,0,1
693,5,2,1
693,6,1,0
693,6,2,1
693,7,0,1
693,7,1,0
693,7,2,1
694,1,0,1
694,2,1,0
694,3,0,1
694,3,1,0
694,4,2,1
694,5,0,1
694,5,2,1
694,6,1,0
694,6,2,1
694,7,0,1
694,7,1,0
694,7,2,1
695,1,0,0
695,2,1,0
695,3,0,0
695,3,1,0
695,4,2,1
695,5,0,0
695,5,2,1
695,6,1,0
695,6,2,1
695,7,0,0
695,7,1,0
695,7,2,1
696,1,0,0
696,2,1,0
696,3,0,0
696,3,1,0
696,4,2,1
696,5,0,0
696,5,2,1
696,6,1,0
696,6,2,1
696,7,0,0
696,7,1,0
696,7,2,1
697,1,0,0
697,2,1,0
697,3,0,0
697,3,1,0
697,4,2,1
697,5,0,0
697,5,2,1
697,6,1,0
697,6,2,1
697,7,0,0
697,7,1,0
697,7,2,1
698,1,0,0
698,2,1,0
698,3,0,0
698,3,1,0
698,4,2,1
698,5,0,0
698,5,2,1
698,6,1,0
698,6,2,1
698,7,0,0
698,7,1,0
698,7,2,1
699,1,0,0
699,2,1,0
699,3,0,0
699,3,1,0
699,4,2,1
699,5,0,0
699,5,2,1
699,6,1,0
699,6,2,1
699,7,0,0
699,7,1,0
699,7,2,1
700,1,0,0
700,2,1,0
700,3,0,0
700,3,1,0
700,4,2,1
700,5,0,0
700,5,2,1
700,6,1,0
700,6,2,1
700,7,0,0
700,7,1,0
700,7,2,1
701,1,0,0
701,2,1,0
701,3,0,0
701,3,1,0
701,4,2,1
701,5,0,0
701,5,2,1
701,6,1,0
701,6,2,1
701,7,0,0
701,7,1,0
701,7,2,1
702,1,0,1
702,2,1,0
702,3,0,1
702,3,1,0
702,4,2,1
702,5,0,1
702,5,2,1
702,6,1,0
702,6,2,1
702,7,0,1
702,7,1,0
702,7,2,1
703,1,0,1
703,2,1,0
703,3,0,1
703,3,1,0
703,4,2,1
703,5,0,1
703,5,2,1
703,6,1,0
703,6,2,1
703,7,0,1
703,7,1,0
703,7,2,1
704,1,0,0
704,2,1,0
704,3,0,0
704,3,1,0
704,4,2,1
704,5,0,0
704,5,2,1
704,6,1,0
704,6,2,1
704,7,0,0
704,7,1,0
704,7,2,1
705,1,0,0
705,2,1,0
705,3,0,0
705,3,1,0
705,4,2,1
705,5,0,0
705,5,2,1
705,6,1,0
705,6,2,1
705,7,0,0
705,7,1,0
705,7,2,1
706,1,0,0
706,2,1,0
706,3,0,0
706,3,1,0
706,4,2,1
706,5,0,0
706,5,2,1
706,6,1,0
706,6,2,1
706,7,0,0
706,7,1,0
706,7,2,1
707,1,0,0
707,2,1,0
707,3,0,0
707,3,1,0
707,4,2,1
707,5,0,0
707,5,2,1
707,6,1,0
707,6,2,1
707,7,0,0
707,7,1,0
707,7,2,1
708,1,0,0
708,2,1,0
708,3,0,0
708,3,1,0
708,4,2,1
708,5,0,0
708,5,2,1
708,6,1,0
708,6,2,1
708,7,0,0
708,7,1,0
708,7,2,1
709,1,0,0
709,2,1,0
709,3,0,0
709,3,1,0
709,4,2,1
709,5,0,0
709,5,2,1
709,6,1,0
709,6,2,1
709,7,0,0
709,7,1,0
709,7,2,1
710,1,0,0
710,2,1,0
710,3,0,0
710,3,1,0
710,4,2,1
710,5,0,0
710,5,2,1
710,6,1,0
710,6,2,1
710,7,0,0
710,7,1,0
710,7,2,1
711,1,0,1
711,2,1,0
711,3,0,1
711,3,1,0
711,4,2,1
711,5,0,1
711,5,2,1
711,6,1,0
711,6,2,1
711,7,0,1
711,7,1,0
711,7,2,1
712,1,0,1
712,2,1,0
712,3,0,1
712,3,1,0
712,4,2,1
712,5,0,1
712,5,2,1
712,6,1,0
712,6,2,1
712,7,0,1
712,7,1,0
712,7,2,1
713,1,0,0
713,2,1,0
713,3,0,0
713,3,1,0
713,4,2,1
713,5,0,0
713,5,2,1
713,6,1,0
713,6,2,1
713,7,0,0
713,7,1,0
713,7,2,1
714,1,0,0
714,2,1,0
714,3,0,0
714,3,1,0
714,4,2,1
714,5,0,0
714,5,2,1
714,6,1,0
714,6,2,1
714,7,0,0
714,7,1,0
714,7,2,1
715,1,0,0
715,2,1,0
715,3,0,0
715,3,1,0
715,4,2,1
715,5,0,0
715,5,2,1
715,6,1,0
715,6,2,1
715,7,0,0
715,7,1,0
715,7,2,1
716,1,0,0
716,2,1,0
716,3,0,0
716,3,1,0
716,4,2,1
716,5,0,0
716,5,2,1
716,6,1,0
716,6,2,1
716,7,0,0
716,7,1,0
716,7,2,1
717,1,0,0
717,2,1,0
717,3,0,0
717,3,1,0
717,4,2,1
717,5,0,0
717,5,2,1
717,6,1,0
717,6,2,1
717,7,0,0
717,7,1,0
717,7,2,1
718,1,0,0
718,2,1,0
718,3,0,0
718,3,1,0
718,4,2,1
718,5,0,0
718,5,2,1
718,6,1,0
718,6,2,1
718,7,0,0
718,7,1,0
718,7,2,1
719,1,0,0
719,2,1,0
719,3,0,0
719,3,1,0
719,4,2,1
719,5,0,0
719,5,2,1
719,6,1,0
719,6,2,1
719,7,0,0
719,7,1,0
719,7,2,1
720,1,0,1
720,2,1,0
720,3,0,1
720,3,1,0
720,4,2,1
720,5,0,1
720,5,2,1
720,6,1,0
720,6,2,1
720,7,0,1
720,7,1,0
720,7,2,1
721,1,0,1
721,2,1,0
721,3,0,1
721,3,1,0
721,4,2,1
721,5,0,1
721,5,2,1
721,6,1,0
721,6,2,1
721,7,0,1
721,7,1,0
721,7,2,1
722,1,0,0
722,2,1,0
722,3,0,0
722,3,1,0
722,4,2,1
722,5,0,0
722,5,2,1
722,6,1,0
722,6,2,1
722,7,0,0
722,7,1,0
722,7,2,1
723,1,0,0
723,2,1,0
723,3,0,0
723,3,1,0
723,4,2,1
723,5,0,0
723,5,2,1
723,6,1,0
723,6,2,1
723,7,0,0
723,7,1,0
723,7,2,1
724,1,0,0
724,2,1,0
724,3,0,0
724,3,1,0
724,4,2,1
724,5,0,0
724,5,2,1
724,6,1,0
724,6,2,1
724,7,0,0
724,7,1,0
724,7,2,1
725,1,0,0
725,2,1,0
725,3,0,0
725,3,1,0
725,4,2,1
725,5,0,0
725,5,2,1
725,6,1,0
725,6,2,1
725,7,0,0
725,7,1,0
725,7,2,1
726,1,0,0
726,2,1,0
726,3,0,0
726,3,1,0
726,4,2,1
726,5,0,0
726,5,2,1
726,6,1,0
726,6,2,1
726,7,0,0
726,7,1,0
726,7,2,1
727,1,0,0
727,2,1,0
727,3,0,0
727,3,1,0
727,4,2,1
727,5,0,0
727,5,2,1
727,6,1,0
727,6,2,1
727,7,0,0
727,7,1,0
727,7,2,1
728,1,0,0
728,2,1,0
728,3,0,0
728,3,1,0
728,4,2,1
728,5,0,0
728,5,2,1
728,6,1,0
728,6,2,1
728,7,0,0
728,7,1,0
728,7,2,1
729,1,0,1
729,2,1,1
729,3,0,1
729,3,1,1
729,4,2,1
729,5,0,1
729,5,2,1
729,6,1,1
729,6,2,1
729,7,0,1
729,7,1,1
729,7,2,1
730,1,0,1
730,2,1,1
730,3,0,1
730,3,1,1
730,4,2,1
730,5,0,1
730,5,2,1
730,6,1,1
730,6,2,1
730,7,0,1
730,7,1,1
730,7,2,1
731,1,0,0
731,2,1,1
731,3,0,0
731,3,1,1
731,4,2,0
731,5,0,0
731,5,2,0
731,6,1,1
731,6,2,0
731,7,0,0
731,7,1,1
731,7,2,0
732,1,0,1
732,2,1,1
732,3,0,1
732,3,1,1
732,4,2,1
732,5,0,1
732,5,2,1
732,6,1,1
732,6,2,1
732,7,0,1
732,7,1,1
732,7,2,1
733,1,0,1
733,2,1,1
733,3,0,1
733,3,1,1
733,4,2,1
733,5,0,1
733,5,2,1
733,6,1,1
733,6,2,1
733,7,0,1
733,7,1,1
733,7,2,1
734,1,0,0
734,2,1,1
734,3,0,0
734,3,1,1
734,4,2,0
734,5,0,0
734,5,2,0
734,6,1,1
734,6,2,0
734,7,0,0
734,7,1,1
734,7,2,0
735,1,0,1
735,2,1,1
735,3,0,1
735,3,1,1
735,4,2,1
735,5,0,1
735,5,2,1
735,6,1,1
735,6,2,1
735,7,0,1
735,7,1,1
735,7,2,1
736,1,0,1
736,2,1,1
736,3,0,1
736,3,1,1
736,4,2,1
736,5,0,1
736,5,2,1
736,6,1,1
736,6,2,1
736,7,0,1
736,7,1,1
736,7,2,1
737,1,0,0
737,2,1,1
737,3,0,0
737,3,1,1
737,4,2,0
737,5,0,0
737,5,2,0
737,6,1,1
737,6,2,0
737,7,0,0
737,7,1,1
737,7,2,0
738,1,0,1
738,2,1,1
738,3,0,1
738,3,1,1
738,4,2,1
738,5,0,1
738,5,2,1
738,6,1,1
738,6,2,1
738,7,0,1
738,7,1,1
738,7,2,1
739,1,0,1
739,2,1,1
739,3,0,1
739,3,1,1
739,4,2,1
739,5,0,1
739,5,2,1
739,6,1,1
739,6,2,1
739,7,0,1
739,7,1,1
739,7,2,1
740,1,0,0
740,2,1,1
740,3,0,0
740,3,1,1
740,4,2,0
740,5,0,0
740,5,2,0
740,6,1,1
740,6,2,0
740,7,0,0
740,7,1,1
740,7,2,0
741,1,0,1
741,2,1,1
741,3,0,1
741,3,1,1
741,4,2,1
741,5,0,1
741,5,2,1
741,6,1,1
741,6,2,1
741,7,0,1
741,7,1,1
741,7,2,1
742,1,0,1
742,2,1,1
742,3,0,1
742,3,1,1
742,4,2,1
742,5,0,1
742,5,2,1
742,6,1,1
742,6,2,1
742,7,0,1
742,7,1,1
742,7,2,1
743,1,0,0
743,2,1,1
743,3,0,0
743,3,1,1
743,4,2,0
743,5,0,0
743,5,2,0
743,6,1,1
743,6,2,0
743,7,0,0
743,7,1,1
743,7,2,0
744,1,0,1
744,2,1,1
744,3,0,1
744,3,1,1
744,4,2,1
744,5,0,1
744,5,2,1
744,6,1,1
744,6,2,1
744,7,0,1
744,7,1,1
744,7,2,1
745,1,0,1
745,2,1,1
745,3,0,1
745,3,1,1
745,4,2,1
745,5,0,1
745,5,2,1
745,6,1,1
745,6,2,1
745,7,0,1
745,7,1,1
745,7,2,1
746,1,0,0
746,2,1,1
746,3,0,0
746,3,1,1
746,4,2,0
746,5,0,0
746,5,2,0
746,6,1,1
746,6,2,0
746,7,0,0
746,7,1,1
746,7,2,0
747,1,0,0
747,2,1,1
747,3,0,0
747,3,1,1
747,4,2,0
747,5,0,0
747,5,2,0
747,6,1,1
747,6,2,0
747,7,0,0
747,7,1,1
747,7,2,0
748,1,0,0
748,2,1,1
748,3,0,0
748,3,1,1
748,4,2,0
748,5,0,0
748,5,2,0
748,6,1,1
748,6,2,0
748,7,0,0
748,7,1,1
748,7,2,0
749,1,0,0
749,2,1,1
749,3,0,0
749,3,1,1
749,4,2,0
749,5,0,0
749,5,2,0
749,6,1,1
749,6,2,0
749,7,0,0
749,7,1,1
749,7,2,0
750,1,0,0
750,2,1,1
750,3,0,0
750,3,1,1
750,4,2,0
750,5,0,0
750,5,2,0
750,6,1,1
750,6,2,0
750,7,0,0
750,7,1,1
750,7,2,0
751,1,0,0
751,2,1,1
751,3,0,0
751,3,1,1
751,4,2,0
751,5,0,0
751,5,2,0
751,6,1,1
751,6,2,0
751,7,0,0
751,7,1,1
751,7,2,0
752,1,0,0
752,2,1,1
752,3,0,0
752,3,1,1
752,4,2,0
752,5,0,0
752,5,2,0
752,6,1,1
752,6,2,0
752,7,0,0
752,7,1,1
752,7,2,0
753,1,0,0
753,2,1,1
753,3,0,0
753,3,1,1
753,4,2,0
753,5,0,0
753,5,2,0
753,6,1,1
753,6,2,0
753,7,0,0
753,7,1,1
753,7,2,0
754,1,0,0
754,2,1,1
754,3,0,0
754,3,1,1
754,4,2,0
754,5,0,0
754,5,2,0
754,6,1,1
754,6,2,0
754,7,0,0
754,7,1,1
754,7,2,0
755,1,0,0
755,2,1,1
755,3,0,0
755,3,1,1
755,4,2,0
755,5,0,0
755,5,2,0
755,6,1,1
755,6,2,0
755,7,0,0
755,7,1,1
755,7,2,0
756,1,0,1
756,2,1,1
756,3,0,1
756,3,1,1
756,4,2,1
756,5,0,1
756,5,2,1
756,6,1,1
756,6,2,1
756,7,0,1
756,7,1,1
756,7,2,1
757,1,0,1
757,2,1,1
757,3,0,1
757,3,1,1
757,4,2,1
757,5,0,1
757,5,2,1
757,6,1,1
757,6,2,1
757,7,0,1
757,7,1,1
757,7,2,1
758,1,0,0
758,2,1,0
758,3,0,0
758,3,1,0
758,4,2,0
758,5,0,0
758,5,2,0
758,6,1,0
758,6,2,0
758,7,0,0
758,7,1,0
758,7,2,0
759,1,0,1
759,2,1,1
759,3,0,1
759,3,1,1
759,4,2,1
759,5,0,1
759,5,2,1
759,6,1,1
759,6,2,1
759,7,0,1
759,7,1,1
759,7,2,1
760,1,0,1
760,2,1,1
760,3,0,1
760,3,1,1
760,4,2,1
760,5,0,1
760,5,2,1
760,6,1,1
760,6,2,1
760,7,0,1
760,7,1,1
760,7,2,1
761,1,0,0
761,2,1,0
761,3,0,0
761,3,1,0
761,4,2,0
761,5,0,0
761,5,2,0
761,6,1,0
761,6,2,0
761,7,0,0
761,7,1,0
761,7,2,0
762,1,0,0
762,2,1,0
762,3,0,0
762,3,1,0
762,4,2,0
762,5,0,0
762,5,2,0
762,6,1,0
762,6,2,0
762,7,0,0
762,7,1,0
762,7,2,0
763,1,0,0
763,2,1,0
763,3,0,0
763,3,1,0
763,4,2,0
763,5,0,0
763,5,2,0
763,6,1,0
763,6,2,0
763,7,0,0
763,7,1,0
763,7,2,0
764,1,0,0
764,2,1,0
764,3,0,0
764,3,1,0
764,4,2,0
764,5,0,0
764,5,2,0
764,6,1,0
764,6,2,0
764,7,0,0
764,7,1,0
764,7,2,0
765,1,0,1
765,2,1,1
765,3,0,1
765,3,1,1
765,4,2,1
765,5,0,1
765,5,2,1
765,6,1,1
765,6,2,1
765,7,0,1
765,7,1,1
765,7,2,1
766,1,0,1
766,2,1,1
766,3,0,1
766,3,1,1
766,4,2,1
766,5,0,1
766,5,2,1
766,6,1,1
766,6,2,1
766,7,0,1
766,7,1,1
766,7,2,1
767,1,0,0
767,2,1,0
767,3,0,0
767,3,1,0
767,4,2,0
767,5,0,0
767,5,2,0
767,6,1,0
767,6,2,0
767,7,0,0
767,7,1,0
767,7,2,0
768,1,0,1
768,2,1,1
768,3,0,1
768,3,1,1
768,4,2,1
768,5,0,1
768,5,2,1
768,6,1,1
768,6,2,1
768,7,0,1
768,7,1,1
768,7,2,1
769,1,0,1
769,2,1,1
769,3,0,1
769,3,1,1
769,4,2,1
769,5,0,1
769,5,2,1
769,6,1,1
769,6,2,1
769,7,0,1
769,7,1,1
769,7,2,1
770,1,0,0
770,2,1,0
770,3,0,0
770,3,1,0
770,4,2,0
770,5,0,0
770,5,2,0
770,6,1,0
770,6,2,0
770,7,0,0
770,7,1,0
770,7,2,0
771,1,0,0
771,2,1,0
771,3,0,0
771,3,1,0
771,4,2,0
771,5,0,0
771,5,2,0
771,6,1,0
771,6,2,0
771,7,0,0
771,7,1,0
771,7,2,0
772,1,0,0
772,2,1,0
772,3,0,0
772,3,1,0
772,4,2,0
772,5,0,0
772,5,2,0
772,6,1,0
772,6,2,0
772,7,0,0
772,7,1,0
772,7,2,0
773,1,0,0
773,2,1,0
773,3,0,0
773,3,1,0
773,4,2,0
773,5,0,0
773,5,2,0
773,6,1,0
773,6,2,0
773,7,0,0
773,7,1,0
773,7,2,0
774,1,0,0
774,2,1,0
774,3,0,0
774,3,1,0
774,4,2,0
774,5,0,0
774,5,2,0
774,6,1,0
774,6,2,0
774,7,0,0
774,7,1,0
774,7,2,0
775,1,0,0
775,2,1,0
775,3,0,0
775,3,1,0
775,4,2,0
775,5,0,0
775,5,2,0
775,6,1,0
775,6,2,0
775,7,0,0
775,7,1,0
775,7,2,0
776,1,0,0
776,2,1,0
776,3,0,0
776,3,1,0
776,4,2,0
776,5,0,0
776,5,2,0
776,6,1,0
776,6,2,0
776,7,0,0
776,7,1,0
776,7,2,0
777,1,0,0
777,2,1,0
777,3,0,0
777,3,1,0
777,4,2,0
777,5,0,0
777,5,2,0
777,6,1,0
777,6,2,0
777,7,0,0
777,7,1,0
777,7,2,0
778,1,0,0
778,2,1,0
778,3,0,0
778,3,1,0
778,4,2,0
778,5,0,0
778,5,2,0
778,6,1,0
778,6,2,0
778,7,0,0
778,7,1,0
778,7,2,0
779,1,0,0
779,2,1,0
779,3,0,0
779,3,1,0
779,4,2,0
779,5,0,0
779,5,2,0
779,6,1,0
779,6,2,0
779,7,0,0
779,7,1,0
779,7,2,0
780,1,0,0
780,2,1,0
780,3,0,0
780,3,1,0
780,4,2,0
780,5,0,0
780,5,2,0
780,6,1,0
780,6,2,0
780,7,0,0
780,7,1,0
780,7,2,0
781,1,0,0
781,2,1,0
781,3,0,0
781,3,1,0
781,4,2,0
781,5,0,0
781,5,2,0
781,6,1,0
781,6,2,0
781,7,0,0
781,7,1,0
781,7,2,0
782,1,0,0
782,2,1,0
782,3,0,0
782,3,1,0
782,4,2,0
782,5,0,0
782,5,2,0
782,6,1,0
782,6,2,0
782,7,0,0
782,7,1,0
782,7,2,0
783,1,0,1
783,2,1,1
783,3,0,1
783,3,1,1
783,4,2,1
783,5,0,1
783,5,2,1
783,6,1,1
783,6,2,1
783,7,0,1
783,7,1,1
783,7,2,1
784,1,0,1
784,2,1,1
784,3,0,1
784,3,1,1
784,4,2,1
784,5,0,1
784,5,2,1
784,6,1,1
784,6,2,1
784,7,0,1
784,7,1,1
784,7,2,1
785,1,0,0
785,2,1,0
785,3,0,0
785,3,1,0
785,4,2,0
785,5,0,0
785,5,2,0
785,6,1,0
785,6,2,0
785,7,0,0
785,7,1,0
785,7,2,0
786,1,0,0
786,2,1,0
786,3,0,0
786,3,1,0
786,4,2,0
786,5,0,0
786,5,2,0
786,6,1,0
786,6,2,0
786,7,0,0
786,7,1,0
786,7,2,0
787,1,0,0
787,2,1,0
787,3,0,0
787,3,1,0
787,4,2,0
787,5,0,0
787,5,2,0
787,6,1,0
787,6,2,0
787,7,0,0
787,7,1,0
787,7,2,0
788,1,0,0
788,2,1,0
788,3,0,0
788,3,1,0
788,4,2,0
788,5,0,0
788,5,2,0
788,6,1,0
788,6,2,0
788,7,0,0
788,7,1,0
788,7,2,0
789,1,0,0
789,2,1,0
789,3,0,0
789,3,1,0
789,4,2,0
789,5,0,0
789,5,2,0
789,6,1,0
789,6,2,0
789,7,0,0
789,7,1,0
789,7,2,0
790,1,0,0
790,2,1,0
790,3,0,0
790,3,1,0
790,4,2,0
790,5,0,0
790,5,2,0
790,6,1,0
790,6,2,0
790,7,0,0
790,7,1,0
790,7,2,0
791,1,0,0
791,2,1,0
791,3,0,0
791,3,1,0
791,4,2,0
791,5,0,0
791,5,2,0
791,6,1,0
791,6,2,0
791,7,0,0
791,7,1,0
791,7,2,0
792,1,0,1
792,2,1,1
792,3,0,1
792,3,1,1
792,4,2,1
792,5,0,1
792,5,2,1
792,6,1,1
792,6,2,1
792,7,0,1
792,7,1,1
792,7,2,1
793,1,0,1
793,2,1,1
793,3,0,1
793,3,1,1
793,4,2,1
793,5,0,1
793,5,2,1
793,6,1,1
793,6,2,1
793,7,0,1
793,7,1,1
793,7,2,1
794,1,0,0
794,2,1,0
794,3,0,0
794,3,1,0
794,4,2,0
794,5,0,0
794,5,2,0
794,6,1,0
794,6,2,0
794,7,0,0
794,7,1,0
794,7,2,0
795,1,0,0
795,2,1,0
795,3,0,0
795,3,1,0
795,4,2,0
795,5,0,0
795,5,2,0
795,6,1,0
795,6,2,0
795,7,0,0
795,7,1,0
795,7,2,0
796,1,0,0
796,2,1,0
796,3,0,0
796,3,1,0
796,4,2,0
796,5,0,0
796,5,2,0
796,6,1,0
796,6,2,0
796,7,0,0
796,7,1,0
796,7,2,0
797,1,0,0
797,2,1,0
797,3,0,0
797,3,1,0
797,4,2,0
797,5,0,0
797,5,2,0
797,6,1,0
797,6,2,0
797,7,0,0
797,7,1,0
797,7,2,0
798,1,0,0
798,2,1,0
798,3,0,0
798,3,1,0
798,4,2,0
798,5,0,0
798,5,2,0
798,6,1,0
798,6,2,0
798,7,0,0
798,7,1,0
798,7,2,0
799,1,0,0
799,2,1,0
799,3,0,0
799,3,1,0
799,4,2,0
799,5,0,0
799,5,2,0
799,6,1,0
799,6,2,0
799,7,0,0
799,7,1,0
799,7,2,0
800,1,0,0
800,2,1,0
800,3,0,0
800,3,1,0
800,4,2,0
800,5,0,0
800,5,2,0
800,6,1,0
800,6,2,0
800,7,0,0
800,7,1,0
800,7,2,0
801,1,0,0
801,2,1,0
801,3,0,0
801,3,1,0
801,4,2,0
801,5,0,0
801,5,2,0
801,6,1,0
801,6,2,0
801,7,0,0
801,7,1,0
801,7,2,0
802,1,0,0
802,2,1,0
802,3,0,0
802,3,1,0
802,4,2,0
802,5,0,0
802,5,2,0
802,6,1,0
802,6,2,0
802,7,0,0
802,7,1,0
802,7,2,0
803,1,0,0
803,2,1,0
803,3,0,0
803,3,1,0
803,4,2,0
803,5,0,0
803,5,2,0
803,6,1,0
803,6,2,0
803,7,0,0
803,7,1,0
803,7,2,0
804,1,0,0
804,2,1,0
804,3,0,0
804,3,1,0
804,4,2,0
804,5,0,0
804,5,2,0
804,6,1,0
804,6,2,0
804,7,0,0
804,7,1,0
804,7,2,0
805,1,0,0
805,2,1,0
805,3,0,0
805,3,1,0
805,4,2,0
805,5,0,0
805,5,2,0
805,6,1,0
805,6,2,0
805,7,0,0
805,7,1,0
805,7,2,0
806,1,0,0
806,2,1,0
806,3,0,0
806,3,1,0
806,4,2,0
806,5,0,0
806,5,2,0
806,6,1,0
806,6,2,0
806,7,0,0
806,7,1,0
806,7,2,0
807,1,0,0
807,2,1,0
807,3,0,0
807,3,1,0
807,4,2,0
807,5,0,0
807,5,2,0
807,6,1,0
807,6,2,0
807,7,0,0
807,7,1,0
807,7,2,0
808,1,0,0
808,2,1,0
808,3,0,0
808,3,1,0
808,4,2,0
808,5,0,0
808,5,2,0
808,6,1,0
808,6,2,0
808,7,0,0
808,7,1,0
808,7,2,0
809,1,0,0
809,2,1,0
809,3,0,0
809,3,1,0
809,4,2,0
809,5,0,0
809,5,2,0
809,6,1,0
809,6,2,0
809,7,0,0
809,7,1,0
809,7,2,0
810,1,0,1
810,2,1,1
810,3,0,1
810,3,1,1
810,4,2,1
810,5,0,1
810,5,2,1
810,6,1,1
810,6,2,1
810,7,0,1
810,7,1,1
810,7,2,1
811,1,0,1
811,2,1,1
811,3,0,1
811,3,1,1
811,4,2,1
811,5,0,1
811,5,2,1
811,6,1,1
811,6,2,1
811,7,0,1
811,7,1,1
811,7,2,1
812,1,0,0
812,2,1,1
812,3,0,0
812,3,1,1
812,4,2,0
812,5,0,0
812,5,2,0
812,6,1,1
812,6,2,0
812,7,0,0
812,7,1,1
812,7,2,0
813,1,0,1
813,2,1,1
813,3,0,1
813,3,1,1
813,4,2,1
813,5,0,1
813,5,2,1
813,6,1,1
813,6,2,1
813,7,0,1
813,7,1,1
813,7,2,1
814,1,0,1
814,2,1,1
814,3,0,1
814,3,1,1
814,4,2,1
814,5,0,1
814,5,2,1
814,6,1,1
814,6,2,1
814,7,0,1
814,7,1,1
814,7,2,1
815,1,0,0
815,2,1,1
815,3,0,0
815,3,1,1
815,4,2,0
815,5,0,0
815,5,2,0
815,6,1,1
815,6,2,0
815,7,0,0
815,7,1,1
815,7,2,0
816,1,0,1
816,2,1,1
816,3,0,1
816,3,1,1
816,4,2,1
816,5,0,1
816,5,2,1
816,6,1,1
816,6,2,1
816,7,0,1
816,7,1,1
816,7,2,1
817,1,0,1
817,2,1,1
817,3,0,1
817,3,1,1
817,4,2,1
817,5,0,1
817,5,2,1
817,6,1,1
817,6,2,1
817,7,0,1
817,7,1,1
817,7,2,1
818,1,0,0
818,2,1,1
818,3,0,0
818,3,1,1
818,4,2,0
818,5,0,0
818,5,2,0
818,6,1,1
818,6,2,0
818,7,0,0
818,7,1,1
818,7,2,0
819,1,0,1
819,2,1,1
819,3,0,1
819,3,1,1
819,4,2,1
819,5,0,1
819,5,2,1
819,6,1,1
819,6,2,1
819,7,0,1
819,7,1,1
819,7,2,1
820,1,0,1
820,2,1,1
820,3,0,1
820,3,1,1
820,4,2,1
820,5,0,1
820,5,2,1
820,6,1,1
820,6,2,1
820,7,0,1
820,7,1,1
820,7,2,1
821,1,0,0
821,2,1,1
821,3,0,0
821,3,1,1
821,4,2,0
821,5,0,0
821,5,2,0
821,6,1,1
821,6,2,0
821,7,0,0
821,7,1,1
821,7,2,0
822,1,0,1
822,2,1,1
822,3,0,1
822,3,1,1
822,4,2,1
822,5,0,1
822,5,2,1
822,6,1,1
822,6,2,1
822,7,0,1
822,7,1,1
822,7,2,1
823,1,0,1
823,2,1,1
823,3,0,1
823,3,1,1
823,4,2,1
823,5,0,1
823,5,2,1
823,6,1,1
823,6,2,1
823,7,0,1
823,7,1,1
823,7,2,1
824,1,0,0
824,2,1,1
824,3,0,0
824,3,1,1
824,4,2,0
824,5,0,0
824,5,2,0
824,6,1,1
824,6,2,0
824,7,0,0
824,7,1,1
824,7,2,0
825,1,0,1
825,2,1,1
825,3,0,1
825,3,1,1
825,4,2,1
825,5,0,1
825,5,2,1
825,6,1,1
825,6,2,1
825,7,0,1
825,7,1,1
825,7,2,1
826,1,0,1
826,2,1,1
826,3,0,1
826,3,1,1
826,4,2,1
826,5,0,1
826,5,2,1
826,6,1,1
826,6,2,1
826,7,0,1
826,7,1,1
826,7,2,1
827,1,0,0
827,2,1,1
827,3,0,0
827,3,1,1
827,4,2,0
827,5,0,0
827,5,2,0
827,6,1,1
827,6,2,0
827,7,0,0
827,7,1,1
827,7,2,0
828,1,0,0
828,2,1,1
828,3,0,0
828,3,1,1
828,4,2,0
828,5,0,0
828,5,2,0
828,6,1,1
828,6,2,0
828,7,0,0
828,7,1,1
828,7,2,0
829,1,0,0
829,2,1,1
829,3,0,0
829,3,1,1
829,4,2,0
829,5,0,0
829,5,2,0
829,6,1,1
829,6,2,0
829,7,0,0
829,7,1,1
829,7,2,0
830,1,0,0
830,2,1,1
830,3,0,0
830,3,1,1
830,4,2,0
830,5,0,0
830,5,2,0
830,6,1,1
830,6,2,0
830,7,0,0
830,7,1,1
830,7,2,0
831,1,0,0
831,2,1,1
831,3,0,0
831,3,1,1
831,4,2,0
831,5,0,0
831,5,2,0
831,6,1,1
831,6,2,0
831,7,0,0
831,7,1,1
831,7,2,0
832,1,0,0
832,2,1,1
832,3,0,0
832,3,1,1
832,4,2,0
832,5,0,0
832,5,2,0
832,6,1,1
832,6,2,0
832,7,0,0
832,7,1,1
832,7,2,0
833,1,0,0
833,2,1,1
833,3,0,0
833,3,1,1
833,4,2,0
833,5,0,0
833,5,2,0
833,6,1,1
833,6,2,0
833,7,0,0
833,7,1,1
833,7,2,0
834,1,0,0
834,2,1,1
834,3,0,0
834,3,1,1
834,4,2,0
834,5,0,0
834,5,2,0
834,6,1,1
834,6,2,0
834,7,0,0
834,7,1,1
834,7,2,0
835,1,0,0
835,2,1,1
835,3,0,0
835,3,1,1
835,4,2,0
835,5,0,0
835,5,2,0
835,6,1,1
835,6,2,0
835,7,0,0
835,7,1,1
835,7,2,0
836,1,0,0
836,2,1,1
836,3,0,0
836,3,1,1
836,4,2,0
836,5,0,0
836,5,2,0
836,6,1,1
836,6,2,0
836,7,0,0
836,7,1,1
836,7,2,0
837,1,0,1
837,2,1,1
837,3,0,1
837,3,1,1
837,4,2,1
837,5,0,1
837,5,2,1
837,6,1,1
837,6,2,1
837,7,0,1
837,7,1,1
837,7,2,1
838,1,0,1
838,2,1,1
838,3,0,1
838,3,1,1
838,4,2,1
838,5,0,1
838,5,2,1
838,6,1,1
838,6,2,1
838,7,0,1
838,7,1,1
838,7,2,1
839,1,0,0
839,2,1,0
839,3,0,0
839,3,1,0
839,4,2,0
839,5,0,0
839,5,2,0
839,6,1,0
839,6,2,0
839,7,0,0
839,7,1,0
839,7,2,0
840,1,0,1
840,2,1,1
840,3,0,1
840,3,1,1
840,4,2,1
840,5,0,1
840,5,2,1
840,6,1,1
840,6,2,1
840,7,0,1
840,7,1,1
840,7,2,1
841,1,0,1
841,2,1,1
841,3,0,1
841,3,1,1
841,4,2,1
841,5,0,1
841,5,2,1
841,6,1,1
841,6,2,1
841,7,0,1
841,7,1,1
841,7,2,1
842,1,0,0
842,2,1,0
842,3,0,0
842,3,1,0
842,4,2,0
842,5,0,0
842,5,2,0
842,6,1,0
842,6,2,0
842,7,0,0
842,7,1,0
842,7,2,0
843,1,0,0
843,2,1,0
843,3,0,0
843,3,1,0
843,4,2,0
843,5,0,0
843,5,2,0
843,6,1,0
843,6,2,0
843,7,0,0
843,7,1,0
843,7,2,0
844,1,0,0
844,2,1,0
844,3,0,0
844,3,1,0
844,4,2,0
844,5,0,0
844,5,2,0
844,6,1,0
844,6,2,0
844,7,0,0
844,7,1,0
844,7,2,0
845,1,0,0
845,2,1,0
845,3,0,0
845,3,1,0
845,4,2,0
845,5,0,0
845,5,2,0
845,6,1,0
845,6,2,0
845,7,0,0
845,7,1,0
845,7,2,0
846,1,0,1
846,2,1,1
846,3,0,1
846,3,1,1
846,4,2,1
846,5,0,1
846,5,2,1
846,6,1,1
846,6,2,1
846,7,0,1
846,7,1,1
846,7,2,1
847,1,0,1
847,2,1,1
847,3,0,1
847,3,1,1
847,4,2,1
847,5,0,1
847,5,2,1
847,6,1,1
847,6,2,1
847,7,0,1
847,7,1,1
847,7,2,1
848,1,0,0
848,2,1,0
848,3,0,0
848,3,1,0
848,4,2,0
848,5,0,0
848,5,2,0
848,6,1,0
848,6,2,0
848,7,0,0
848,7,1,0
848,7,2,0
849,1,0,1
849,2,1,1
849,3,0,1
849,3,1,1
849,4,2,1
849,5,0,1
849,5,2,1
849,6,1,1
849,6,2,1
849,7,0,1
849,7,1,1
849,7,2,1
850,1,0,1
850,2,1,1
850,3,0,1
850,3,1,1
850,4,2,1
850,5,0,1
850,5,2,1
850,6,1,1
850,6,2,1
850,7,0,1
850,7,1,1
850,7,2,1
851,1,0,0
851,2,1,0
851,3,0,0
851,3,1,0
851,4,2,0
851,5,0,0
851,5,2,0
851,6,1,0
851,6,2,0
851,7,0,0
851,7,1,0
851,7,2,0
852,1,0,0
852,2,1,0
852,3,0,0
852,3,1,0
852,4,2,0
852,5,0,0
852,5,2,0
852,6,1,0
852,6,2,0
852,7,0,0
852,7,1,0
852,7,2,0
853,1,0,0
853,2,1,0
853,3,0,0
853,3,1,0
853,4,2,0
853,5,0,0
853,5,2,0
853,6,1,0
853,6,2,0
853,7,0,0
853,7,1,0
853,7,2,0
854,1,0,0
854,2,1,0
854,3,0,0
854,3,1,0
854,4,2,0
854,5,0,0
854,5,2,0
854,6,1,0
854,6,2,0
854,7,0,0
854,7,1,0
854,7,2,0
855,1,0,0
855,2,1,0
855,3,0,0
855,3,1,0
855,4,2,0
855,5,0,0
855,5,2,0
855,6,1,0
855,6,2,0
855,7,0,0
855,7,1,0
855,7,2,0
856,1,0,0
856,2,1,0
856,3,0,0
856,3,1,0
856,4,2,0
856,5,0,0
856,5,2,0
856,6,1,0
856,6,2,0
856,7,0,0
856,7,1,0
856,7,2,0
857,1,0,0
857,2,1,0
857,3,0,0
857,3,1,0
857,4,2,0
857,5,0,0
857,5,2,0
857,6,1,0
857,6,2,0
857,7,0,0
857,7,1,0
857,7,2,0
858,1,0,0
858,2,1,0
858,3,0,0
858,3,1,0
858,4,2,0
858,5,0,0
858,5,2,0
858,6,1,0
858,6,2,0
858,7,0,0
858,7,1,0
858,7,2,0
859,1,0,0
859,2,1,0
859,3,0,0
859,3,1,0
859,4,2,0
859,5,0,0
859,5,2,0
859,6,1,0
859,6,2,0
859,7,0,0
859,7,1,0
859,7,2,0
860,1,0,0
860,2,1,0
860,3,0,0
860,3,1,0
860,4,2,0
860,5,0,0
860,5,2,0
860,6,1,0
860,6,2,0
860,7,0,0
860,7,1,0
860,7,2,0
861,1,0,0
861,2,1,0
861,3,0,0
861,3,1,0
861,4,2,0
861,5,0,0
861,5,2,0
861,6,1,0
861,6,2,0
861,7,0,0
861,7,1,0
861,7,2,0
862,1,0,0
862,2,1,0
862,3,0,0
862,3,1,0
862,4,2,0
862,5,0,0
862,5,2,0
862,6,1,0
862,6,2,0
862,7,0,0
862,7,1,0
862,7,2,0
863,1,0,0
863,2,1,0
863,3,0,0
863,3,1,0
863,4,2,0
863,5,0,0
863,5,2,0
863,6,1,0
863,6,2,0
863,7,0,0
863,7,1,0
863,7,2,0
864,1,0,1
864,2,1,1
864,3,0,1
864,3,1,1
864,4,2,1
864,5,0,1
864,5,2,1
864,6,1,1
864,6,2,1
864,7,0,1
864,7,1,1
864,7,2,1
865,1,0,1
865,2,1,1
865,3,0,1
865,3,1,1
865,4,2,1
865,5,0,1
865,5,2,1
865,6,1,1
865,6,2,1
865,7,0,1
865,7,1,1
865,7,2,1
866,1,0,0
866,2,1,0
866,3,0,0
866,3,1,0
866,4,2,0
866,5,0,0
866,5,2,0
866,6,1,0
866,6,2,0
866,7,0,0
866,7,1,0
866,7,2,0
867,1,0,0
867,2,1,0
867,3,0,0
867,3,1,0
867,4,2,0
867,5,0,0
867,5,2,0
867,6,1,0
867,6,2,0
867,7,0,0
867,7,1,0
867,7,2,0
868,1,0,0
868,2,1,0
868,3,0,0
868,3,1,0
868,4,2,0
868,5,0,0
868,5,2,0
868,6,1,0
868,6,2,0
868,7,0,0
868,7,1,0
868,7,2,0
869,1,0,0
869,2,1,0
869,3,0,0
869,3,1,0
869,4,2,0
869,5,0,0
869,5,2,0
869,6,1,0
869,6,2,0
869,7,0,0
869,7,1,0
869,7,2,0
870,1,0,0
870,2,1,0
870,3,0,0
870,3,1,0
870,4,2,0
870,5,0,0
870,5,2,0
870,6,1,0
870,6,2,0
870,7,0,0
870,7,1,0
870,7,2,0
871,1,0,0
871,2,1,0
871,3,0,0
871,3,1,0
871,4,2,0
871,5,0,0
871,5,2,0
871,6,1,0
871,6,2,0
871,7,0,0
871,7,1,0
871,7,2,0
872,1,0,0
872,2,1,0
872,3,0,0
872,3,1,0
872,4,2,0
872,5,0,0
872,5,2,0
872,6,1,0
872,6,2,0
872,7,0,0
872,7,1,0
872,7,2,0
873,1,0,1
873,2,1,1
873,3,0,1
873,3,1,1
873,4,2,1
873,5,0,1
873,5,2,1
873,6,1,1
873,6,2,1
873,7,0,1
873,7,1,1
873,7,2,1
874,1,0,1
874,2,1,1
874,3,0,1
874,3,1,1
874,4,2,1
874,5,0,1
874,5,2,1
874,6,1,1
874,6,2,1
874,7,0,1
874,7,1,1
874,7,2,1
875,1,0,0
875,2,1,0
875,3,0,0
875,3,1,0
875,4,2,0
875,5,0,0
875,5,2,0
875,6,1,0
875,6,2,0
875,7,0,0
875,7,1,0
875,7,2,0
876,1,0,0
876,2,1,0
876,3,0,0
876,3,1,0
876,4,2,0
876,5,0,0
876,5,2,0
876,6,1,0
876,6,2,0
876,7,0,0
876,7,1,0
876,7,2,0
877,1,0,0
877,2,1,0
877,3,0,0
877,3,1,0
877,4,2,0
877,5,0,0
877,5,2,0
877,6,1,0
877,6,2,0
877,7,0,0
877,7,1,0
877,7,2,0
878,1,0,0
878,2,1,0
878,3,0,0
878,3,1,0
878,4,2,0
878,5,0,0
878,5,2,0
878,6,1,0
878,6,2,0
878,7,0,0
878,7,1,0
878,7,2,0
879,1,0,0
879,2,1,0
879,3,0,0
879,3,1,0
879,4,2,0
879,5,0,0
879,5,2,0
879,6,1,0
879,6,2,0
879,7,0,0
879,7,1,0
879,7,2,0
880,1,0,0
880,2,1,0
880,3,0,0
880,3,1,0
880,4,2,0
880,5,0,0
880,5,2,0
880,6,1,0
880,6,2,0
880,7,0,0
880,7,1,0
880,7,2,0
881,1,0,0
881,2,1,0
881,3,0,0
881,3,1,0
881,4,2,0
881,5,0,0
881,5,2,0
881,6,1,0
881,6,2,0
881,7,0,0
881,7,1,0
881,7,2,0
882,1,0,0
882,2,1,0
882,3,0,0
882,3,1,0
882,4,2,0
882,5,0,0
882,5,2,0
882,6,1,0
882,6,2,0
882,7,0,0
882,7,1,0
882,7,2,0
883,1,0,0
883,2,1,0
883,3,0,0
883,3,1,0
883,4,2,0
883,5,0,0
883,5,2,0
883,6,1,0
883,6,2,0
883,7,0,0
883,7,1,0
883,7,2,0
884,1,0,0
884,2,1,0
884,3,0,0
884,3,1,0
884,4,2,0
884,5,0,0
884,5,2,0
884,6,1,0
884,6,2,0
884,7,0,0
884,7,1,0
884,7,2,0
885,1,0,0
885,2,1,0
885,3,0,0
885,3,1,0
885,4,2,0
885,5,0,0
885,5,2,0
885,6,1,0
885,6,2,0
885,7,0,0
885,7,1,0
885,7,2,0
886,1,0,0
886,2,1,0
886,3,0,0
886,3,1,0
886,4,2,0
886,5,0,0
886,5,2,0
886,6,1,0
886,6,2,0
886,7,0,0
886,7,1,0
886,7,2,0
887,1,0,0
887,2,1,0
887,3,0,0
887,3,1,0
887,4,2,0
887,5,0,0
887,5,2,0
887,6,1,0
887,6,2,0
887,7,0,0
887,7,1,0
887,7,2,0
888,1,0,0
888,2,1,0
888,3,0,0
888,3,1,0
888,4,2,0
888,5,0,0
888,5,2,0
888,6,1,0
888,6,2,0
888,7,0,0
888,7,1,0
888,7,2,0
889,1,0,0
889,2,1,0
889,3,0,0
889,3,1,0
889,4,2,0
889,5,0,0
889,5,2,0
889,6,1,0
889,6,2,0
889,7,0,0
889,7,1,0
889,7,2,0
890,1,0,0
890,2,1,0
890,3,0,0
890,3,1,0
890,4,2,0
890,5,0,0
890,5,2,0
890,6,1,0
890,6,2,0
890,7,0,0
890,7,1,0
890,7,2,0
891,1,0,1
891,2,1,0
891,3,0,1
891,3,1,0
891,4,2,1
891,5,0,1
891,5,2,1
891,6,1,0
891,6,2,1
891,7,0,1
891,7,1,0
891,7,2,1
892,1,0,1
892,2,1,0
892,3,0,1
892,3,1,0
892,4,2,1
892,5,0,1
892,5,2,1
892,6,1,0
892,6,2,1
892,7,0,1
892,7,1,0
892,7,2,1
893,1,0,0
893,2,1,0
893,3,0,0
893,3,1,0
893,4,2,0
893,5,0,0
893,5,2,0
893,6,1,0
893,6,2,0
893,7,0,0
893,7,1,0
893,7,2,0
894,1,0,0
894,2,1,0
894,3,0,0
894,3,1,0
894,4,2,0
894,5,0,0
894,5,2,0
894,6,1,0
894,6,2,0
894,7,0,0
894,7,1,0
894,7,2,0
895,1,0,0
895,2,1,0
895,3,0,0
895,3,1,0
895,4,2,0
895,5,0,0
895,5,2,0
895,6,1,0
895,6,2,0
895,7,0,0
895,7,1,0
895,7,2,0
896,1,0,0
896,2,1,0
896,3,0,0
896,3,1,0
896,4,2,0
896,5,0,0
896,5,2,0
896,6,1,0
896,6,2,0
896,7,0,0
896,7,1,0
896,7,2,0
897,1,0,0
897,2,1,0
897,3,0,0
897,3,1,0
897,4,2,0
897,5,0,0
897,5,2,0
897,6,1,0
897,6,2,0
897,7,0,0
897,7,1,0
897,7,2,0
898,1,0,0
898,2,1,0
898,3,0,0
898,3,1,0
898,4,2,0
898,5,0,0
898,5,2,0
898,6,1,0
898,6,2,0
898,7,0,0
898,7,1,0
898,7,2,0
899,1,0,0
899,2,1,0
899,3,0,0
899,3,1,0
899,4,2,0
899,5,0,0
899,5,2,0
899,6,1,0
899,6,2,0
899,7,0,0
899,7,1,0
899,7,2,0
900,1,0,1
900,2,1,0
900,3,0,1
900,3,1,0
900,4,2,1
900,5,0,1
900,5,2,1
900,6,1,0
900,6,2,1
900,7,0,1
900,7,1,0
900,7,2,1
901,1,0,1
901,2,1,0
901,3,0,1
901,3,1,0
901,4,2,1
901,5,0,1
901,5,2,1
901,6,1,0
901,6,2,1
901,7,0,1
901,7,1,0
901,7,2,1
902,1,0,0
902,2,1,0
902,3,0,0
902,3,1,0
902,4,2,0
902,5,0,0
902,5,2,0
902,6,1,0
902,6,2,0
902,7,0,0
902,7,1,0
902,7,2,0
903,1,0,0
903,2,1,0
903,3,0,0
903,3,1,0
903,4,2,0
903,5,0,0
903,5,2,0
903,6,1,0
903,6,2,0
903,7,0,0
903,7,1,0
903,7,2,0
904,1,0,0
904,2,1,0
904,3,0,0
904,3,1,0
904,4,2,0
904,5,0,0
904,5,2,0
904,6,1,0
904,6,2,0
904,7,0,0
904,7,1,0
904,7,2,0
905,1,0,0
905,2,1,0
905,3,0,0
905,3,1,0
905,4,2,0
905,5,0,0
905,5,2,0
905,6,1,0
905,6,2,0
905,7,0,0
905,7,1,0
905,7,2,0
906,1,0,0
906,2,1,0
906,3,0,0
906,3,1,0
906,4,2,0
906,5,0,0
906,5,2,0
906,6,1,0
906,6,2,0
906,7,0,0
906,7,1,0
906,7,2,0
907,1,0,0
907,2,1,0
907,3,0,0
907,3,1,0
907,4,2,0
907,5,0,0
907,5,2,0
907,6,1,0
907,6,2,0
907,7,0,0
907,7,1,0
907,7,2,0
908,1,0,0
908,2,1,0
908,3,0,0
908,3,1,0
908,4,2,0
908,5,0,0
908,5,2,0
908,6,1,0
908,6,2,0
908,7,0,0
908,7,1,0
908,7,2,0
909,1,0,0
909,2,1,0
909,3,0,0
909,3,1,0
909,4,2,0
909,5,0,0
909,5,2,0
909,6,1,0
909,6,2,0
909,7,0,0
909,7,1,0
909,7,2,0
910,1,0,0
910,2,1,0
910,3,0,0
910,3,1,0
910,4,2,0
910,5,0,0
910,5,2,0
910,6,1,0
910,6,2,0
910,7,0,0
910,7,1,0
910,7,2,0
911,1,0,0
911,2,1,0
911,3,0,0
911,3,1,0
911,4,2,0
911,5,0,0
911,5,2,0
911,6,1,0
911,6,2,0
911,7,0,0
911,7,1,0
911,7,2,0
912,1,0,0
912,2,1,0
912,3,0,0
912,3,1,0
912,4,2,0
912,5,0,0
912,5,2,0
912,6,1,0
912,6,2,0
912,7,0,0
912,7,1,0
912,7,2,0
913,1,0,0
913,2,1,0
913,3,0,0
913,3,1,0
913,4,2,0
913,5,0,0
913,5,2,0
913,6,1,0
913,6,2,0
913,7,0,0
913,7,1,0
913,7,2,0
914,1,0,0
914,2,1,0
914,3,0,0
914,3,1,0
914,4,2,0
914,5,0,0
914,5,2,0
914,6,1,0
914,6,2,0
914,7,0,0
914,7,1,0
914,7,2,0
915,1,0,0
915,2,1,0
915,3,0,0
915,3,1,0
915,4,2,0
915,5,0,0
915,5,2,0
915,6,1,0
915,6,2,0
915,7,0,0
915,7,1,0
915,7,2,0
916,1,0,0
916,2,1,0
916,3,0,0
916,3,1,0
916,4,2,0
916,5,0,0
916,5,2,0
916,6,1,0
916,6,2,0
916,7,0,0
916,7,1,0
916,7,2,0
917,1,0,0
917,2,1,0
917,3,0,0
917,3,1,0
917,4,2,0
917,5,0,0
917,5,2,0
917,6,1,0
917,6,2,0
917,7,0,0
917,7,1,0
917,7,2,0
918,1,0,1
918,2,1,0
918,3,0,1
918,3,1,0
918,4,2,1
918,5,0,1
918,5,2,1
918,6,1,0
918,6,2,1
918,7,0,1
918,7,1,0
918,7,2,1
919,1,0,1
919,2,1,0
919,3,0,1
919,3,1,0
919,4,2,1
919,5,0,1
919,5,2,1
919,6,1,0
919,6,2,1
919,7,0,1
919,7,1,0
919,7,2,1
920,1,0,0
920,2,1,0
920,3,0,0
920,3,1,0
920,4,2,0
920,5,0,0
920,5,2,0
920,6,1,0
920,6,2,0
920,7,0,0
920,7,1,0
920,7,2,0
921,1,0,0
921,2,1,0
921,3,0,0
921,3,1,0
921,4,2,0
921,5,0,0
921,5,2,0
921,6,1,0
921,6,2,0
921,7,0,0
921,7,1,0
921,7,2,0
922,1,0,0
922,2,1,0
922,3,0,0
922,3,1,0
922,4,2,0
922,5,0,0
922,5,2,0
922,6,1,0
922,6,2,0
922,7,0,0
922,7,1,0
922,7,2,0
923,1,0,0
923,2,1,0
923,3,0,0
923,3,1,0
923,4,2,0
923,5,0,0
923,5,2,0
923,6,1,0
923,6,2,0
923,7,0,0
923,7,1,0
923,7,2,0
924,1,0,0
924,2,1,0
924,3,0,0
924,3,1,0
924,4,2,0
924,5,0,0
924,5,2,0
924,6,1,0
924,6,2,0
924,7,0,0
924,7,1,0
924,7,2,0
925,1,0,0
925,2,1,0
925,3,0,0
925,3,1,0
925,4,2,0
925,5,0,0
925,5,2,0
925,6,1,0
925,6,2,0
925,7,0,0
925,7,1,0
925,7,2,0
926,1,0,0
926,2,1,0
926,3,0,0
926,3,1,0
926,4,2,0
926,5,0,0
926,5,2,0
926,6,1,0
926,6,2,0
926,7,0,0
926,7,1,0
926,7,2,0
927,1,0,1
927,2,1,0
927,3,0,1
927,3,1,0
927,4,2,1
927,5,0,1
927,5,2,1
927,6,1,0
927,6,2,1
927,7,0,1
927,7,1,0
927,7,2,1
928,1,0,1
928,2,1,0
928,3,0,1
928,3,1,0
928,4,2,1
928,5,0,1
928,5,2,1
928,6,1,0
928,6,2,1
928,7,0,1
928,7,1,0
928,7,2,1
929,1,0,0
929,2,1,0
929,3,0,0
929,3,1,0
929,4,2,0
929,5,0,0
929,5,2,0
929,6,1,0
929,6,2,0
929,7,0,0
929,7,1,0
929,7,2,0
930,1,0,0
930,2,1,0
930,3,0,0
930,3,1,0
930,4,2,0
930,5,0,0
930,5,2,0
930,6,1,0
930,6,2,0
930,7,0,0
930,7,1,0
930,7,2,0
931,1,0,0
931,2,1,0
931,3,0,0
931,3,1,0
931,4,2,0
931,5,0,0
931,5,2,0
931,6,1,0
931,6,2,0
931,7,0,0
931,7,1,0
931,7,2,0
932,1,0,0
932,2,1,0
932,3,0,0
932,3,1,0
932,4,2,0
932,5,0,0
932,5,2,0
932,6,1,0
932,6,2,0
932,7,0,0
932,7,1,0
932,7,2,0
933,1,0,0
933,2,1,0
933,3,0,0
933,3,1,0
933,4,2,0
933,5,0,0
933,5,2,0
933,6,1,0
933,6,2,0
933,7,0,0
933,7,1,0
933,7,2,0
934,1,0,0
934,2,1,0
934,3,0,0
934,3,1,0
934,4,2,0
934,5,0,0
934,5,2,0
934,6,1,0
934,6,2,0
934,7,0,0
934,7,1,0
934,7,2,0
935,1,0,0
935,2,1,0
935,3,0,0
935,3,1,0
935,4,2,0
935,5,0,0
935,5,2,0
935,6,1,0
935,6,2,0
935,7,0,0
935,7,1,0
935,7,2,0
936,1,0,0
936,2,1,0
936,3,0,0
936,3,1,0
936,4,2,0
936,5,0,0
936,5,2,0
936,6,1,0
936,6,2,0
936,7,0,0
936,7,1,0
936,7,2,0
937,1,0,0
937,2,1,0
937,3,0,0
937,3,1,0
937,4,2,0
937,5,0,0
937,5,2,0
937,6,1,0
937,6,2,0
937,7,0,0
937,7,1,0
937,7,2,0
938,1,0,0
938,2,1,0
938,3,0,0
938,3,1,0
938,4,2,0
938,5,0,0
938,5,2,0
938,6,1,0
938,6,2,0
938,7,0,0
938,7,1,0
938,7,2,0
939,1,0,0
939,2,1,0
939,3,0,0
939,3,1,0
939,4,2,0
939,5,0,0
939,5,2,0
939,6,1,0
939,6,2,0
939,7,0,0
939,7,1,0
939,7,2,0
940,1,0,0
940,2,1,0
940,3,0,0
940,3,1,0
940,4,2,0
940,5,0,0
940,5,2,0
940,6,1,0
940,6,2,0
940,7,0,0
940,7,1,0
940,7,2,0
941,1,0,0
941,2,1,0
941,3,0,0
941,3,1,0
941,4,2,0
941,5,0,0
941,5,2,0
941,6,1,0
941,6,2,0
941,7,0,0
941,7,1,0
941,7,2,0
942,1,0,0
942,2,1,0
942,3,0,0
942,3,1,0
942,4,2,0
942,5,0,0
942,5,2,0
942,6,1,0
942,6,2,0
942,7,0,0
942,7,1,0
942,7,2,0
943,1,0,0
943,2,1,0
943,3,0,0
943,3,1,0
943,4,2,0
943,5,0,0
943,5,2,0
943,6,1,0
943,6,2,0
943,7,0,0
943,7,1,0
943,7,2,0
944,1,0,0
944,2,1,0
944,3,0,0
944,3,1,0
944,4,2,0
944,5,0,0
944,5,2,0
944,6,1,0
944,6,2,0
944,7,0,0
944,7,1,0
944,7,2,0
945,1,0,1
945,2,1,0
945,3,0,1
945,3,1,0
945,4,2,1
945,5,0,1
945,5,2,1
945,6,1,0
945,6,2,1
945,7,0,1
945,7,1,0
945,7,2,1
946,1,0,1
946,2,1,0
946,3,0,1
946,3,1,0
946,4,2,1
946,5,0,1
946,5,2,1
946,6,1,0
946,6,2,1
946,7,0,1
946,7,1,0
946,7,2,1
947,1,0,0
947,2,1,0
947,3,0,0
947,3,1,0
947,4,2,0
947,5,0,0
947,5,2,0
947,6,1,0
947,6,2,0
947,7,0,0
947,7,1,0
947,7,2,0
948,1,0,0
948,2,1,0
948,3,0,0
948,3,1,0
948,4,2,0
948,5,0,0
948,5,2,0
948,6,1,0
948,6,2,0
948,7,0,0
948,7,1,0
948,7,2,0
949,1,0,0
949,2,1,0
949,3,0,0
949,3,1,0
949,4,2,0
949,5,0,0
949,5,2,0
949,6,1,0
949,6,2,0
949,7,0,0
949,7,1,0
949,7,2,0
950,1,0,0
950,2,1,0
950,3,0,0
950,3,1,0
950,4,2,0
950,5,0,0
950,5,2,0
950,6,1,0
950,6,2,0
950,7,0,0
950,7,1,0
950,7,2,0
951,1,0,0
951,2,1,0
951,3,0,0
951,3,1,0
951,4,2,0
951,5,0,0
951,5,2,0
951,6,1,0
951,6,2,0
951,7,0,0
951,7,1,0
951,7,2,0
952,1,0,0
952,2,1,0
952,3,0,0
952,3,1,0
952,4,2,0
952,5,0,0
952,5,2,0
952,6,1,0
952,6,2,0
952,7,0,0
952,7,1,0
952,7,2,0
953,1,0,0
953,2,1,0
953,3,0,0
953,3,1,0
953,4,2,0
953,5,0,0
953,5,2,0
953,6,1,0
953,6,2,0
953,7,0,0
953,7,1,0
953,7,2,0
954,1,0,1
954,2,1,0
954,3,0,1
954,3,1,0
954,4,2,1
954,5,0,1
954,5,2,1
954,6,1,0
954,6,2,1
954,7,0,1
954,7,1,0
954,7,2,1
955,1,0,1
955,2,1,0
955,3,0,1
955,3,1,0
955,4,2,1
955,5,0,1
955,5,2,1
955,6,1,0
955,6,2,1
955,7,0,1
955,7,1,0
955,7,2,1
956,1,0,0
956,2,1,0
956,3,0,0
956,3,1,0
956,4,2,0
956,5,0,0
956,5,2,0
956,6,1,0
956,6,2,0
956,7,0,0
956,7,1,0
956,7,2,0
957,1,0,0
957,2,1,0
957,3,0,0
957,3,1,0
957,4,2,0
957,5,0,0
957,5,2,0
957,6,1,0
957,6,2,0
957,7,0,0
957,7,1,0
957,7,2,0
958,1,0,0
958,2,1,0
958,3,0,0
958,3,1,0
958,4,2,0
958,5,0,0
958,5,2,0
958,6,1,0
958,6,2,0
958,7,0,0
958,7,1,0
958,7,2,0
959,1,0,0
959,2,1,0
959,3,0,0
959,3,1,0
959,4,2,0
959,5,0,0
959,5,2,0
959,6,1,0
959,6,2,0
959,7,0,0
959,7,1,0
959,7,2,0
960,1,0,0
960,2,1,0
960,3,0,0
960,3,1,0
960,4,2,0
960,5,0,0
960,5,2,0
960,6,1,0
960,6,2,0
960,7,0,0
960,7,1,0
960,7,2,0
961,1,0,0
961,2,1,0
961,3,0,0
961,3,1,0
961,4,2,0
961,5,0,0
961,5,2,0
961,6,1,0
961,6,2,0
961,7,0,0
961,7,1,0
961,7,2,0
962,1,0,0
962,2,1,0
962,3,0,0
962,3,1,0
962,4,2,0
962,5,0,0
962,5,2,0
962,6,1,0
962,6,2,0
962,7,0,0
962,7,1,0
962,7,2,0
963,1,0,0
963,2,1,0
963,3,0,0
963,3,1,0
963,4,2,0
963,5,0,0
963,5,2,0
963,6,1,0
963,6,2,0
963,7,0,0
963,7,1,0
963,7,2,0
964,1,0,0
964,2,1,0
964,3,0,0
964,3,1,0
964,4,2,0
964,5,0,0
964,5,2,0
964,6,1,0
964,6,2,0
964,7,0,0
964,7,1,0
964,7,2,0
965,1,0,0
965,2,1,0
965,3,0,0
965,3,1,0
965,4,2,0
965,5,0,0
965,5,2,0
965,6,1,0
965,6,2,0
965,7,0,0
965,7,1,0
965,7,2,0
966,1,0,0
966,2,1,0
966,3,0,0
966,3,1,0
966,4,2,0
966,5,0,0
966,5,2,0
966,6,1,0
966,6,2,0
966,7,0,0
966,7,1,0
966,7,2,0
967,1,0,0
967,2,1,0
967,3,0,0
967,3,1,0
967,4,2,0
967,5,0,0
967,5,2,0
967,6,1,0
967,6,2,0
967,7,0,0
967,7,1,0
967,7,2,0
968,1,0,0
968,2,1,0
968,3,0,0
968,3,1,0
968,4,2,0
968,5,0,0
968,5,2,0
968,6,1,0
968,6,2,0
968,7,0,0
968,7,1,0
968,7,2,0
969,1,0,0
969,2,1,0
969,3,0,0
969,3,1,0
969,4,2,0
969,5,0,0
969,5,2,0
969,6,1,0
969,6,2,0
969,7,0,0
969,7,1,0
969,7,2,0
970,1,0,0
970,2,1,0
970,3,0,0
970,3,1,0
970,4,2,0
970,5,0,0
970,5,2,0
970,6,1,0
970,6,2,0
970,7,0,0
970,7,1,0
970,7,2,0
971,1,0,0
971,2,1,0
971,3,0,0
971,3,1,0
971,4,2,0
971,5,0,0
971,5,2,0
971,6,1,0
971,6,2,0
971,7,0,0
971,7,1,0
971,7,2,0
972,1,0,1
972,2,1,1
972,3,0,1
972,3,1,1
972,4,2,1
972,5,0,1
972,5,2,1
972,6,1,1
972,6,2,1
972,7,0,1
972,7,1,1
972,7,2,1
973,1,0,1
973,2,1,1
973,3,0,1
973,3,1,1
973,4,2,1
973,5,0,1
973,5,2,1
973,6,1,1
973,6,2,1
973,7,0,1
973,7,1,1
973,7,2,1
974,1,0,0
974,2,1,0
974,3,0,0
974,3,1,0
974,4,2,0
974,5,0,0
974,5,2,0
974,6,1,0
974,6,2,0
974,7,0,0
974,7,1,0
974,7,2,0
975,1,0,1
975,2,1,1
975,3,0,1
975,3,1,1
975,4,2,1
975,5,0,1
975,5,2,1
975,6,1,1
975,6,2,1
975,7,0,1
975,7,1,1
975,7,2,1
976,1,0,1
976,2,1,1
976,3,0,1
976,3,1,1
976,4,2,1
976,5,0,1
976,5,2,1
976,6,1,1
976,6,2,1
976,7,0,1
976,7,1,1
976,7,2,1
977,1,0,0
977,2,1,0
977,3,0,0
977,3,1,0
977,4,2,0
977,5,0,0
977,5,2,0
977,6,1,0
977,6,2,0
977,7,0,0
977,7,1,0
977,7,2,0
978,1,0,0
978,2,1,0
978,3,0,0
978,3,1,0
978,4,2,0
978,5,0,0
978,5,2,0
978,6,1,0
978,6,2,0
978,7,0,0
978,7,1,0
978,7,2,0
979,1,0,0
979,2,1,0
979,3,0,0
979,3,1,0
979,4,2,0
979,5,0,0
979,5,2,0
979,6,1,0
979,6,2,0
979,7,0,0
979,7,1,0
979,7,2,0
980,1,0,0
980,2,1,0
980,3,0,0
980,3,1,0
980,4,2,0
980,5,0,0
980,5,2,0
980,6,1,0
980,6,2,0
980,7,0,0
980,7,1,0
980,7,2,0
981,1,0,1
981,2,1,1
981,3,0,1
981,3,1,1
981,4,2,1
981,5,0,1
981,5,2,1
981,6,1,1
981,6,2,1
981,7,0,1
981,7,1,1
981,7,2,1
982,1,0,1
982,2,1,1
982,3,0,1
982,3,1,1
982,4,2,1
982,5,0,1
982,5,2,1
982,6,1,1
982,6,2,1
982,7,0,1
982,7,1,1
982,7,2,1
983,1,0,0
983,2,1,0
983,3,0,0
983,3,1,0
983,4,2,0
983,5,0,0
983,5,2,0
983,6,1,0
983,6,2,0
983,7,0,0
983,7,1,0
983,7,2,0
984,1,0,1
984,2,1,1
984,3,0,1
984,3,1,1
984,4,2,1
984,5,0,1
984,5,2,1
984,6,1,1
984,6,2,1
984,7,0,1
984,7,1,1
984,7,2,1
985,1,0,1
985,2,1,1
985,3,0,1
985,3,1,1
985,4,2,1
985,5,0,1
985,5,2,1
985,6,1,1
985,6,2,1
985,7,0,1
985,7,1,1
985,7,2,1
986,1,0,0
986,2,1,0
986,3,0,0
986,3,1,0
986,4,2,0
986,5,0,0
986,5,2,0
986,6,1,0
986,6,2,0
986,7,0,0
986,7,1,0
986,7,2,0
987,1,0,0
987,2,1,0
987,3,0,0
987,3,1,0
987,4,2,0
987,5,0,0
987,5,2,0
987,6,1,0
987,6,2,0
987,7,0,0
987,7,1,0
987,7,2,0
988,1,0,0
988,2,1,0
988,3,0,0
988,3,1,0
988,4,2,0
988,5,0,0
988,5,2,0
988,6,1,0
988,6,2,0
988,7,0,0
988,7,1,0
988,7,2,0
989,1,0,0
989,2,1,0
989,3,0,0
989,3,1,0
989,4,2,0
989,5,0,0
989,5,2,0
989,6,1,0
989,6,2,0
989,7,0,0
989,7,1,0
989,7,2,0
990,1,0,0
990,2,1,0
990,3,0,0
990,3,1,0
990,4,2,0
990,5,0,0
990,5,2,0
990,6,1,0
990,6,2,0
990,7,0,0
990,7,1,0
990,7,2,0
991,1,0,0
991,2,1,0
991,3,0,0
991,3,1,0
991,4,2,0
991,5,0,0
991,5,2,0
991,6,1,0
991,6,2,0
991,7,0,0
991,7,1,0
991,7,2,0
992,1,0,0
992,2,1,0
992,3,0,0
992,3,1,0
992,4,2,0
992,5,0,0
992,5,2,0
992,6,1,0
992,6,2,0
992,7,0,0
992,7,1,0
992,7,2,0
993,1,0,0
993,2,1,0
993,3,0,0
993,3,1,0
993,4,2,0
993,5,0,0
993,5,2,0
993,6,1,0
993,6,2,0
993,7,0,0
993,7,1,0
993,7,2,0
994,1,0,0
994,2,1,0
994,3,0,0
994,3,1,0
994,4,2,0
994,5,0,0
994,5,2,0
994,6,1,0
994,6,2,0
994,7,0,0
994,7,1,0
994,7,2,0
995,1,0,0
995,2,1,0
995,3,0,0
995,3,1,0
995,4,2,0
995,5,0,0
995,5,2,0
995,6,1,0
995,6,2,0
995,7,0,0
995,7,1,0
995,7,2,0
996,1,0,0
996,2,1,0
996,3,0,0
996,3,1,0
996,4,2,0
996,5,0,0
996,5,2,0
996,6,1,0
996,6,2,0
996,7,0,0
996,7,1,0
996,7,2,0
997,1,0,0
997,2,1,0
997,3,0,0
997,3,1,0
997,4,2,0
997,5,0,0
997,5,2,0
997,6,1,0
997,6,2,0
997,7,0,0
997,7,1,0
997,7,2,0
998,1,0,0
998,2,1,0
998,3,0,0
998,3,1,0
998,4,2,0
998,5,0,0
998,5,2,0
998,6,1,0
998,6,2,0
998,7,0,0
998,7,1,0
998,7,2,0
999,1,0,1
999,2,1,1
999,3,0,1
999,3,1,1
999,4,2,1
999,5,0,1
999,5,2,1
999,6,1,1
999,6,2,1
999,7,0,1
999,7,1,1
999,7,2,1
1000,1,0,1
1000,2,1,1
1000,3,0,1
1000,3,1,1
1000,4,2,1
1000,5,0,1
1000,5,2,1
1000,6,1,1
1000,6,2,1
1000,7,0,1
1000,7,1,1
1000,7,2,1
1001,1,0,0
1001,2,1,0
1001,3,0,0
1001,3,1,0
1001,4,2,0
1001,5,0,0
1001,5,2,0
1001,6,1,0
1001,6,2,0
1001,7,0,0
1001,7,1,0
1001,7,2,0
1002,1,0,1
1002,2,1,1
1002,3,0,1
1002,3,1,1
1002,4,2,1
1002,5,0,1
1002,5,2,1
1002,6,1,1
1002,6,2,1
1002,7,0,1
1002,7,1,1
1002,7,2,1
1003,1,0,1
1003,2,1,1
1003,3,0,1
1003,3,1,1
1003,4,2,1
1003,5,0,1
1003,5,2,1
1003,6,1,1
1003,6,2,1
1003,7,0,1
1003,7,1,1
1003,7,2,1
1004,1,0,0
1004,2,1,0
1004,3,0,0
1004,3,1,0
1004,4,2,0
1004,5,0,0
1004,5,2,0
1004,6,1,0
1004,6,2,0
1004,7,0,0
1004,7,1,0
1004,7,2,0
1005,1,0,0
1005,2,1,0
1005,3,0,0
1005,3,1,0
1005,4,2,0
1005,5,0,0
1005,5,2,0
1005,6,1,0
1005,6,2,0
1005,7,0,0
1005,7,1,0
1005,7,2,0
1006,1,0,0
1006,2,1,0
1006,3,0,0
1006,3,1,0
1006,4,2,0
1006,5,0,0
1006,5,2,0
1006,6,1,0
1006,6,2,0
1006,7,0,0
1006,7,1,0
1006,7,2,0
1007,1,0,0
1007,2,1,0
1007,3,0,0
1007,3,1,0
1007,4,2,0
1007,5,0,0
1007,5,2,0
1007,6,1,0
1007,6,2,0
1007,7,0,0
1007,7,1,0
1007,7,2,0
1008,1,0,1
1008,2,1,1
1008,3,0,1
1008,3,1,1
1008,4,2,1
1008,5,0,1
1008,5,2,1
1008,6,1,1
1008,6,2,1
1008,7,0,1
1008,7,1,1
1008,7,2,1
1009,1,0,1
1009,2,1,1
1009,3,0,1
1009,3,1,1
1009,4,2,1
1009,5,0,1
1009,5,2,1
1009,6,1,1
1009,6,2,1
1009,7,0,1
1009,7,1,1
1009,7,2,1
1010,1,0,0
1010,2,1,0
1010,3,0,0
1010,3,1,0
1010,4,2,0
1010,5,0,0
1010,5,2,0
1010,6,1,0
1010,6,2,0
1010,7,0,0
1010,7,1,0
1010,7,2,0
1011,1,0,1
1011,2,1,1
1011,3,0,1
1011,3,1,1
1011,4,2,1
1011,5,0,1
1011,5,2,1
1011,6,1,1
1011,6,2,1
1011,7,0,1
1011,7,1,1
1011,7,2,1
1012,1,0,1
1012,2,1,1
1012,3,0,1
1012,3,1,1
1012,4,2,1
1012,5,0,1
1012,5,2,1
1012,6,1,1
1012,6,2,1
1012,7,0,1
1012,7,1,1
1012,7,2,1
1013,1,0,0
1013,2,1,0
1013,3,0,0
1013,3,1,0
1013,4,2,0
1013,5,0,0
1013,5,2,0
1013,6,1,0
1013,6,2,0
1013,7,0,0
1013,7,1,0
1013,7,2,0
1014,1,0,0
1014,2,1,0
1014,3,0,0
1014,3,1,0
1014,4,2,0
1014,5,0,0
1014,5,2,0
1014,6,1,0
1014,6,2,0
1014,7,0,0
1014,7,1,0
1014,7,2,0
1015,1,0,0
1015,2,1,0
1015,3,0,0
1015,3,1,0
1015,4,2,0
1015,5,0,0
1015,5,2,0
1015,6,1,0
1015,6,2,0
1015,7,0,0
1015,7,1,0
1015,7,2,0
1016,1,0,0
1016,2,1,0
1016,3,0,0
1016,3,1,0
1016,4,2,0
1016,5,0,0
1016,5,2,0
1016,6,1,0
1016,6,2,0
1016,7,0,0
1016,7,1,0
1016,7,2,0
1017,1,0,0
1017,2,1,0
1017,3,0,0
1017,3,1,0
1017,4,2,0
1017,5,0,0
1017,5,2,0
1017,6,1,0
1017,6,2,0
1017,7,0,0
1017,7,1,0
1017,7,2,0
1018,1,0,0
1018,2,1,0
1018,3,0,0
1018,3,1,0
1018,4,2,0
1018,5,0,0
1018,5,2,0
1018,6,1,0
1018,6,2,0
1018,7,0,0
1018,7,1,0
1018,7,2,0
1019,1,0,0
1019,2,1,0
1019,3,0,0
1019,3,1,0
1019,4,2,0
1019,5,0,0
1019,5,2,0
1019,6,1,0
1019,6,2,0
1019,7,0,0
1019,7,1,0
1019,7,2,0
1020,1,0,0
1020,2,1,0
1020,3,0,0
1020,3,1,0
1020,4,2,0
1020,5,0,0
1020,5,2,0
1020,6,1,0
1020,6,2,0
1020,7,0,0
1020,7,1,0
1020,7,2,0
1021,1,0,0
1021,2,1,0
1021,3,0,0
1021,3,1,0
1021,4,2,0
1021,5,0,0
1021,5,2,0
1021,6,1,0
1021,6,2,0
1021,7,0,0
1021,7,1,0
1021,7,2,0
1022,1,0,0
1022,2,1,0
1022,3,0,0
1022,3,1,0
1022,4,2,0
1022,5,0,0
1022,5,2,0
1022,6,1,0
1022,6,2,0
1022,7,0,0
1022,7,1,0
1022,7,2,0
1023,1,0,0
1023,2,1,0
1023,3,0,0
1023,3,1,0
1023,4,2,0
1023,5,0,0
1023,5,2,0
1023,6,1,0
1023,6,2,0
1023,7,0,0
1023,7,1,0
1023,7,2,0
1024,1,0,0
1024,2,1,0
1024,3,0,0
1024,3,1,0
1024,4,2,0
1024,5,0,0
1024,5,2,0
1024,6,1,0
1024,6,2,0
1024,7,0,0
1024,7,1,0
1024,7,2,0
1025,1,0,0
1025,2,1,0
1025,3,0,0
1025,3,1,0
1025,4,2,0
1025,5,0,0
1025,5,2,0
1025,6,1,0
1025,6,2,0
1025,7,0,0
1025,7,1,0
1025,7,2,0
1026,1,0,1
1026,2,1,1
1026,3,0,1
1026,3,1,1
1026,4,2,1
1026,5,0,1
1026,5,2,1
1026,6,1,1
1026,6,2,1
1026,7,0,1
1026,7,1,1
1026,7,2,1
1027,1,0,1
1027,2,1,1
1027,3,0,1
1027,3,1,1
1027,4,2,1
1027,5,0,1
1027,5,2,1
1027,6,1,1
1027,6,2,1
1027,7,0,1
1027,7,1,1
1027,7,2,1
1028,1,0,0
1028,2,1,0
1028,3,0,0
1028,3,1,0
1028,4,2,0
1028,5,0,0
1028,5,2,0
1028,6,1,0
1028,6,2,0
1028,7,0,0
1028,7,1,0
1028,7,2,0
1029,1,0,0
1029,2,1,0
1029,3,0,0
1029,3,1,0
1029,4,2,0
1029,5,0,0
1029,5,2,0
1029,6,1,0
1029,6,2,0
1029,7,0,0
1029,7,1,0
1029,7,2,0
1030,1,0,0
1030,2,1,0
1030,3,0,0
1030,3,1,0
1030,4,2,0
1030,5,0,0
1030,5,2,0
1030,6,1,0
1030,6,2,0
1030,7,0,0
1030,7,1,0
1030,7,2,0
1031,1,0,0
1031,2,1,0
1031,3,0,0
1031,3,1,0
1031,4,2,0
1031,5,0,0
1031,5,2,0
1031,6,1,0
1031,6,2,0
1031,7,0,0
1031,7,1,0
1031,7,2,0
1032,1,0,0
1032,2,1,0
1032,3,0,0
1032,3,1,0
1032,4,2,0
1032,5,0,0
1032,5,2,0
1032,6,1,0
1032,6,2,0
1032,7,0,0
1032,7,1,0
1032,7,2,0
1033,1,0,0
1033,2,1,0
1033,3,0,0
1033,3,1,0
1033,4,2,0
1033,5,0,0
1033,5,2,0
1033,6,1,0
1033,6,2,0
1033,7,0,0
1033,7,1,0
1033,7,2,0
1034,1,0,0
1034,2,1,0
1034,3,0,0
1034,3,1,0
1034,4,2,0
1034,5,0,0
1034,5,2,0
1034,6,1,0
1034,6,2,0
1034,7,0,0
1034,7,1,0
1034,7,2,0
1035,1,0,1
1035,2,1,1
1035,3,0,1
1035,3,1,1
1035,4,2,1
1035,5,0,1
1035,5,2,1
1035,6,1,1
1035,6,2,1
1035,7,0,1
1035,7,1,1
1035,7,2,1
1036,1,0,1
1036,2,1,1
1036,3,0,1
1036,3,1,1
1036,4,2,1
1036,5,0,1
1036,5,2,1
1036,6,1,1
1036,6,2,1
1036,7,0,1
1036,7,1,1
1036,7,2,1
1037,1,0,0
1037,2,1,0
1037,3,0,0
1037,3,1,0
1037,4,2,0
1037,5,0,0
1037,5,2,0
1037,6,1,0
1037,6,2,0
1037,7,0,0
1037,7,1,0
1037,7,2,0
1038,1,0,0
1038,2,1,0
1038,3,0,0
1038,3,1,0
1038,4,2,0
1038,5,0,0
1038,5,2,0
1038,6,1,0
1038,6,2,0
1038,7,0,0
1038,7,1,0
1038,7,2,0
1039,1,0,0
1039,2,1,0
1039,3,0,0
1039,3,1,0
1039,4,2,0
1039,5,0,0
1039,5,2,0
1039,6,1,0
1039,6,2,0
1039,7,0,0
1039,7,1,0
1039,7,2,0
1040,1,0,0
1040,2,1,0
1040,3,0,0
1040,3,1,0
1040,4,2,0
1040,5,0,0
1040,5,2,0
1040,6,1,0
1040,6,2,0
1040,7,0,0
1040,7,1,0
1040,7,2,0
1041,1,0,0
1041,2,1,0
1041,3,0,0
1041,3,1,0
1041,4,2,0
1041,5,0,0
1041,5,2,0
1041,6,1,0
1041,6,2,0
1041,7,0,0
1041,7,1,0
1041,7,2,0
1042,1,0,0
1042,2,1,0
1042,3,0,0
1042,3,1,0
1042,4,2,0
1042,5,0,0
1042,5,2,0
1042,6,1,0
1042,6,2,0
1042,7,0,0
1042,7,1,0
1042,7,2,0
1043,1,0,0
1043,2,1,0
1043,3,0,0
1043,3,1,0
1043,4,2,0
1043,5,0,0
1043,5,2,0
1043,6,1,0
1043,6,2,0
1043,7,0,0
1043,7,1,0
1043,7,2,0
1044,1,0,0
1044,2,1,0
1044,3,0,0
1044,3,1,0
1044,4,2,0
1044,5,0,0
1044,5,2,0
1044,6,1,0
1044,6,2,0
1044,7,0,0
1044,7,1,0
1044,7,2,0
1045,1,0,0
1045,2,1,0
1045,3,0,0
1045,3,1,0
1045,4,2,0
1045,5,0,0
1045,5,2,0
1045,6,1,0
1045,6,2,0
1045,7,0,0
1045,7,1,0
1045,7,2,0
1046,1,0,0
1046,2,1,0
1046,3,0,0
1046,3,1,0
1046,4,2,0
1046,5,0,0
1046,5,2,0
1046,6,1,0
1046,6,2,0
1046,7,0,0
1046,7,1,0
1046,7,2,0
1047,1,0,0
1047,2,1,0
1047,3,0,0
1047,3,1,0
1047,4,2,0
1047,5,0,0
1047,5,2,0
1047,6,1,0
1047,6,2,0
1047,7,0,0
1047,7,1,0
1047,7,2,0
1048,1,0,0
1048,2,1,0
1048,3,0,0
1048,3,1,0
1048,4,2,0
1048,5,0,0
1048,5,2,0
1048,6,1,0
1048,6,2,0
1048,7,0,0
1048,7,1,0
1048,7,2,0
1049,1,0,0
1049,2,1,0
1049,3,0,0
1049,3,1,0
1049,4,2,0
1049,5,0,0
1049,5,2,0
1049,6,1,0
1049,6,2,0
1049,7,0,0
1049,7,1,0
1049,7,2,0
1050,1,0,0
1050,2,1,0
1050,3,0,0
1050,3,1,0
1050,4,2,0
1050,5,0,0
1050,5,2,0
1050,6,1,0
1050,6,2,0
1050,7,0,0
1050,7,1,0
1050,7,2,0
1051,1,0,0
1051,2,1,0
1051,3,0,0
1051,3,1,0
1051,4,2,0
1051,5,0,0
1051,5,2,0
1051,6,1,0
1051,6,2,0
1051,7,0,0
1051,7,1,0
1051,7,2,0
1052,1,0,0
1052,2,1,0
1052,3,0,0
1052,3,1,0
1052,4,2,0
1052,5,0,0
1052,5,2,0
1052,6,1,0
1052,6,2,0
1052,7,0,0
1052,7,1,0
1052,7,2,0
1053,1,0,1
1053,2,1,1
1053,3,0,1
1053,3,1,1
1053,4,2,1
1053,5,0,1
1053,5,2,1
1053,6,1,1
1053,6,2,1
1053,7,0,1
1053,7,1,1
1053,7,2,1
1054,1,0,1
1054,2,1,1
1054,3,0,1
1054,3,1,1
1054,4,2,1
1054,5,0,1
1054,5,2,1
1054,6,1,1
1054,6,2,1
1054,7,0,1
1054,7,1,1
1054,7,2,1
1055,1,0,0
1055,2,1,0
1055,3,0,0
1055,3,1,0
1055,4,2,0
1055,5,0,0
1055,5,2,0
1055,6,1,0
1055,6,2,0
1055,7,0,0
1055,7,1,0
1055,7,2,0
1056,1,0,1
1056,2,1,1
1056,3,0,1
1056,3,1,1
1056,4,2,1
1056,5,0,1
1056,5,2,1
1056,6,1,1
1056,6,2,1
1056,7,0,1
1056,7,1,1
1056,7,2,1
1057,1,0,1
1057,2,1,1
1057,3,0,1
1057,3,1,1
1057,4,2,1
1057,5,0,1
1057,5,2,1
1057,6,1,1
1057,6,2,1
1057,7,0,1
1057,7,1,1
1057,7,2,1
1058,1,0,0
1058,2,1,0
1058,3,0,0
1058,3,1,0
1058,4,2,0
1058,5,0,0
1058,5,2,0
1058,6,1,0
1058,6,2,0
1058,7,0,0
1058,7,1,0
1058,7,2,0
1059,1,0,0
1059,2,1,0
1059,3,0,0
1059,3,1,0
1059,4,2,0
1059,5,0,0
1059,5,2,0
1059,6,1,0
1059,6,2,0
1059,7,0,0
1059,7,1,0
1059,7,2,0
1060,1,0,0
1060,2,1,0
1060,3,0,0
1060,3,1,0
1060,4,2,0
1060,5,0,0
1060,5,2,0
1060,6,1,0
1060,6,2,0
1060,7,0,0
1060,7,1,0
1060,7,2,0
1061,1,0,0
1061,2,1,0
1061,3,0,0
1061,3,1,0
1061,4,2,0
1061,5,0,0
1061,5,2,0
1061,6,1,0
1061,6,2,0
1061,7,0,0
1061,7,1,0
1061,7,2,0
1062,1,0,1
1062,2,1,1
1062,3,0,1
1062,3,1,1
1062,4,2,1
1062,5,0,1
1062,5,2,1
1062,6,1,1
1062,6,2,1
1062,7,0,1
1062,7,1,1
1062,7,2,1
1063,1,0,1
1063,2,1,1
1063,3,0,1
1063,3,1,1
1063,4,2,1
1063,5,0,1
1063,5,2,1
1063,6,1,1
1063,6,2,1
1063,7,0,1
1063,7,1,1
1063,7,2,1
1064,1,0,0
1064,2,1,0
1064,3,0,0
1064,3,1,0
1064,4,2,0
1064,5,0,0
1064,5,2,0
1064,6,1,0
1064,6,2,0
1064,7,0,0
1064,7,1,0
1064,7,2,0
1065,1,0,1
1065,2,1,1
1065,3,0,1
1065,3,1,1
1065,4,2,1
1065,5,0,1
1065,5,2,1
1065,6,1,1
1065,6,2,1
1065,7,0,1
1065,7,1,1
1065,7,2,1
1066,1,0,1
1066,2,1,1
1066,3,0,1
1066,3,1,1
1066,4,2,1
1066,5,0,1
1066,5,2,1
1066,6,1,1
1066,6,2,1
1066,7,0,1
1066,7,1,1
1066,7,2,1
1067,1,0,0
1067,2,1,0
1067,3,0,0
1067,3,1,0
1067,4,2,0
1067,5,0,0
1067,5,2,0
1067,6,1,0
1067,6,2,0
1067,7,0,0
1067,7,1,0
1067,7,2,0
1068,1,0,0
1068,2,1,0
1068,3,0,0
1068,3,1,0
1068,4,2,0
1068,5,0,0
1068,5,2,0
1068,6,1,0
1068,6,2,0
1068,7,0,0
1068,7,1,0
1068,7,2,0
1069,1,0,0
1069,2,1,0
1069,3,0,0
1069,3,1,0
1069,4,2,0
1069,5,0,0
1069,5,2,0
1069,6,1,0
1069,6,2,0
1069,7,0,0
1069,7,1,0
1069,7,2,0
1070,1,0,0
1070,2,1,0
1070,3,0,0
1070,3,1,0
1070,4,2,0
1070,5,0,0
1070,5,2,0
1070,6,1,0
1070,6,2,0
1070,7,0,0
1070,7,1,0
1070,7,2,0
1071,1,0,0
1071,2,1,0
1071,3,0,0
1071,3,1,0
1071,4,2,0
1071,5,0,0
1071,5,2,0
1071,6,1,0
1071,6,2,0
1071,7,0,0
1071,7,1,0
1071,7,2,0
1072,1,0,0
1072,2,1,0
1072,3,0,0
1072,3,1,0
1072,4,2,0
1072,5,0,0
1072,5,2,0
1072,6,1,0
1072,6,2,0
1072,7,0,0
1072,7,1,0
1072,7,2,0
1073,1,0,0
1073,2,1,0
1073,3,0,0
1073,3,1,0
1073,4,2,0
1073,5,0,0
1073,5,2,0
1073,6,1,0
1073,6,2,0
1073,7,0,0
1073,7,1,0
1073,7,2,0
1074,1,0,0
1074,2,1,0
1074,3,0,0
1074,3,1,0
1074,4,2,0
1074,5,0,0
1074,5,2,0
1074,6,1,0
1074,6,2,0
1074,7,0,0
1074,7,1,0
1074,7,2,0
1075,1,0,0
1075,2,1,0
1075,3,0,0
1075,3,1,0
1075,4,2,0
1075,5,0,0
1075,5,2,0
1075,6,1,0
1075,6,2,0
1075,7,0,0
1075,7,1,0
1075,7,2,0
1076,1,0,0
1076,2,1,0
1076,3,0,0
1076,3,1,0
1076,4,2,0
1076,5,0,0
1076,5,2,0
1076,6,1,0
1076,6,2,0
1076,7,0,0
1076,7,1,0
1076,7,2,0
1077,1,0,0
1077,2,1,0
1077,3,0,0
1077,3,1,0
1077,4,2,0
1077,5,0,0
1077,5,2,0
1077,6,1,0
1077,6,2,0
1077,7,0,0
1077,7,1,0
1077,7,2,0
1078,1,0,0
1078,2,1,0
1078,3,0,0
1078,3,1,0
1078,4,2,0
1078,5,0,0
1078,5,2,0
1078,6,1,0
1078,6,2,0
1078,7,0,0
1078,7,1,0
1078,7,2,0
1079,1,0,0
1079,2,1,0
1079,3,0,0
1079,3,1,0
1079,4,2,0
1079,5,0,0
1079,5,2,0
1079,6,1,0
1079,6,2,0
1079,7,0,0
1079,7,1,0
1079,7,2,0
1080,1,0,1
1080,2,1,1
1080,3,0,1
1080,3,1,1
1080,4,2,1
1080,5,0,1
1080,5,2,1
1080,6,1,1
1080,6,2,1
1080,7,0,1
1080,7,1,1
1080,7,2,1
1081,1,0,1
1081,2,1,1
1081,3,0,1
1081,3,1,1
1081,4,2,1
1081,5,0,1
1081,5,2,1
1081,6,1,1
1081,6,2,1
1081,7,0,1
1081,7,1,1
1081,7,2,1
1082,1,0,0
1082,2,1,0
1082,3,0,0
1082,3,1,0
1082,4,2,0
1082,5,0,0
1082,5,2,0
1082,6,1,0
1082,6,2,0
1082,7,0,0
1082,7,1,0
1082,7,2,0
1083,1,0,1
1083,2,1,1
1083,3,0,1
1083,3,1,1
1083,4,2,1
1083,5,0,1
1083,5,2,1
1083,6,1,1
1083,6,2,1
1083,7,0,1
1083,7,1,1
1083,7,2,1
1084,1,0,1
1084,2,1,1
1084,3,0,1
1084,3,1,1
1084,4,2,1
1084,5,0,1
1084,5,2,1
1084,6,1,1
1084,6,2,1
1084,7,0,1
1084,7,1,1
1084,7,2,1
1085,1,0,0
1085,2,1,0
1085,3,0,0
1085,3,1,0
1085,4,2,0
1085,5,0,0
1085,5,2,0
1085,6,1,0
1085,6,2,0
1085,7,0,0
1085,7,1,0
1085,7,2,0
1086,1,0,0
1086,2,1,0
1086,3,0,0
1086,3,1,0
1086,4,2,0
1086,5,0,0
1086,5,2,0
1086,6,1,0
1086,6,2,0
1086,7,0,0
1086,7,1,0
1086,7,2,0
1087,1,0,0
1087,2,1,0
1087,3,0,0
1087,3,1,0
1087,4,2,0
1087,5,0,0
1087,5,2,0
1087,6,1,0
1087,6,2,0
1087,7,0,0
1087,7,1,0
1087,7,2,0
1088,1,0,0
1088,2,1,0
1088,3,0,0
1088,3,1,0
1088,4,2,0
1088,5,0,0
1088,5,2,0
1088,6,1,0
1088,6,2,0
1088,7,0,0
1088,7,1,0
1088,7,2,0
1089,1,0,1
1089,2,1,1
1089,3,0,1
1089,3,1,1
1089,4,2,1
1089,5,0,1
1089,5,2,1
1089,6,1,1
1089,6,2,1
1089,7,0,1
1089,7,1,1
1089,7,2,1
1090,1,0,1
1090,2,1,1
1090,3,0,1
1090,3,1,1
1090,4,2,1
1090,5,0,1
1090,5,2,1
1090,6,1,1
1090,6,2,1
1090,7,0,1
1090,7,1,1
1090,7,2,1
1091,1,0,0
1091,2,1,0
1091,3,0,0
1091,3,1,0
1091,4,2,0
1091,5,0,0
1091,5,2,0
1091,6,1,0
1091,6,2,0
1091,7,0,0
1091,7,1,0
1091,7,2,0
1092,1,0,1
1092,2,1,1
1092,3,0,1
1092,3,1,1
1092,4,2,1
1092,5,0,1
1092,5,2,1
1092,6,1,1
1092,6,2,1
1092,7,0,1
1092,7,1,1
1092,7,2,1
1093,1,0,1
1093,2,1,1
1093,3,0,1
1093,3,1,1
1093,4,2,1
1093,5,0,1
1093,5,2,1
1093,6,1,1
1093,6,2,1
1093,7,0,1
1093,7,1,1
1093,7,2,1
1094,1,0,0
1094,2,1,0
1094,3,0,0
1094,3,1,0
1094,4,2,0
1094,5,0,0
1094,5,2,0
1094,6,1,0
1094,6,2,0
1094,7,0,0
1094,7,1,0
1094,7,2,0
1095,1,0,0
1095,2,1,0
1095,3,0,0
1095,3,1,0
1095,4,2,0
1095,5,0,0
1095,5,2,0
1095,6,1,0
1095,6,2,0
1095,7,0,0
1095,7,1,0
1095,7,2,0
1096,1,0,0
1096,2,1,0
1096,3,0,0
1096,3,1,0
1096,4,2,0
1096,5,0,0
1096,5,2,0
1096,6,1,0
1096,6,2,0
1096,7,0,0
1096,7,1,0
1096,7,2,0
1097,1,0,0
1097,2,1,0
1097,3,0,0
1097,3,1,0
1097,4,2,0
1097,5,0,0
1097,5,2,0
1097,6,1,0
1097,6,2,0
1097,7,0,0
1097,7,1,0
1097,7,2,0
1098,1,0,0
1098,2,1,0
1098,3,0,0
1098,3,1,0
1098,4,2,0
1098,5,0,0
1098,5,2,0
1098,6,1,0
1098,6,2,0
1098,7,0,0
1098,7,1,0
1098,7,2,0
1099,1,0,0
1099,2,1,0
1099,3,0,0
1099,3,1,0
1099,4,2,0
1099,5,0,0
1099,5,2,0
1099,6,1,0
1099,6,2,0
1099,7,0,0
1099,7,1,0
1099,7,2,0
1100,1,0,0
1100,2,1,0
1100,3,0,0
1100,3,1,0
1100,4,2,0
1100,5,0,0
1100,5,2,0
1100,6,1,0
1100,6,2,0
1100,7,0,0
1100,7,1,0
1100,7,2,0
1101,1,0,0
1101,2,1,0
1101,3,0,0
1101,3,1,0
1101,4,2,0
1101,5,0,0
1101,5,2,0
1101,6,1,0
1101,6,2,0
1101,7,0,0
1101,7,1,0
1101,7,2,0
1102,1,0,0
1102,2,1,0
1102,3,0,0
1102,3,1,0
1102,4,2,0
1102,5,0,0
1102,5,2,0
1102,6,1,0
1102,6,2,0
1102,7,0,0
1102,7,1,0
1102,7,2,0
1103,1,0,0
1103,2,1,0
1103,3,0,0
1103,3,1,0
1103,4,2,0
1103,5,0,0
1103,5,2,0
1103,6,1,0
1103,6,2,0
1103,7,0,0
1103,7,1,0
1103,7,2,0
1104,1,0,0
1104,2,1,0
1104,3,0,0
1104,3,1,0
1104,4,2,0
1104,5,0,0
1104,5,2,0
1104,6,1,0
1104,6,2,0
1104,7,0,0
1104,7,1,0
1104,7,2,0
1105,1,0,0
1105,2,1,0
1105,3,0,0
1105,3,1,0
1105,4,2,0
1105,5,0,0
1105,5,2,0
1105,6,1,0
1105,6,2,0
1105,7,0,0
1105,7,1,0
1105,7,2,0
1106,1,0,0
1106,2,1,0
1106,3,0,0
1106,3,1,0
1106,4,2,0
1106,5,0,0
1106,5,2,0
1106,6,1,0
1106,6,2,0
1106,7,0,0
1106,7,1,0
1106,7,2,0
1107,1,0,1
1107,2,1,1
1107,3,0,1
1107,3,1,1
1107,4,2,1
1107,5,0,1
1107,5,2,1
1107,6,1,1
1107,6,2,1
1107,7,0,1
1107,7,1,1
1107,7,2,1
1108,1,0,1
1108,2,1,1
1108,3,0,1
1108,3,1,1
1108,4,2,1
1108,5,0,1
1108,5,2,1
1108,6,1,1
1108,6,2,1
1108,7,0,1
1108,7,1,1
1108,7,2,1
1109,1,0,0
1109,2,1,0
1109,3,0,0
1109,3,1,0
1109,4,2,0
1109,5,0,0
1109,5,2,0
1109,6,1,0
1109,6,2,0
1109,7,0,0
1109,7,1,0
1109,7,2,0
1110,1,0,0
1110,2,1,0
1110,3,0,0
1110,3,1,0
1110,4,2,0
1110,5,0,0
1110,5,2,0
1110,6,1,0
1110,6,2,0
1110,7,0,0
1110,7,1,0
1110,7,2,0
1111,1,0,0
1111,2,1,0
1111,3,0,0
1111,3,1,0
1111,4,2,0
1111,5,0,0
1111,5,2,0
1111,6,1,0
1111,6,2,0
1111,7,0,0
1111,7,1,0
1111,7,2,0
1112,1,0,0
1112,2,1,0
1112,3,0,0
1112,3,1,0
1112,4,2,0
1112,5,0,0
1112,5,2,0
1112,6,1,0
1112,6,2,0
1112,7,0,0
1112,7,1,0
1112,7,2,0
1113,1,0,0
1113,2,1,0
1113,3,0,0
1113,3,1,0
1113,4,2,0
1113,5,0,0
1113,5,2,0
1113,6,1,0
1113,6,2,0
1113,7,0,0
1113,7,1,0
1113,7,2,0
1114,1,0,0
1114,2,1,0
1114,3,0,0
1114,3,1,0
1114,4,2,0
1114,5,0,0
1114,5,2,0
1114,6,1,0
1114,6,2,0
1114,7,0,0
1114,7,1,0
1114,7,2,0
1115,1,0,0
1115,2,1,0
1115,3,0,0
1115,3,1,0
1115,4,2,0
1115,5,0,0
1115,5,2,0
1115,6,1,0
1115,6,2,0
1115,7,0,0
1115,7,1,0
1115,7,2,0
1116,1,0,1
1116,2,1,1
1116,3,0,1
1116,3,1,1
1116,4,2,1
1116,5,0,1
1116,5,2,1
1116,6,1,1
1116,6,2,1
1116,7,0,1
1116,7,1,1
1116,7,2,1
1117,1,0,1
1117,2,1,1
1117,3,0,1
1117,3,1,1
1117,4,2,1
1117,5,0,1
1117,5,2,1
1117,6,1,1
1117,6,2,1
1117,7,0,1
1117,7,1,1
1117,7,2,1
1118,1,0,0
1118,2,1,0
1118,3,0,0
1118,3,1,0
1118,4,2,0
1118,5,0,0
1118,5,2,0
1118,6,1,0
1118,6,2,0
1118,7,0,0
1118,7,1,0
1118,7,2,0
1119,1,0,0
1119,2,1,0
1119,3,0,0
1119,3,1,0
1119,4,2,0
1119,5,0,0
1119,5,2,0
1119,6,1,0
1119,6,2,0
1119,7,0,0
1119,7,1,0
1119,7,2,0
1120,1,0,0
1120,2,1,0
1120,3,0,0
1120,3,1,0
1120,4,2,0
1120,5,0,0
1120,5,2,0
1120,6,1,0
1120,6,2,0
1120,7,0,0
1120,7,1,0
1120,7,2,0
1121,1,0,0
1121,2,1,0
1121,3,0,0
1121,3,1,0
1121,4,2,0
1121,5,0,0
1121,5,2,0
1121,6,1,0
1121,6,2,0
1121,7,0,0
1121,7,1,0
1121,7,2,0
1122,1,0,0
1122,2,1,0
1122,3,0,0
1122,3,1,0
1122,4,2,0
1122,5,0,0
1122,5,2,0
1122,6,1,0
1122,6,2,0
1122,7,0,0
1122,7,1,0
1122,7,2,0
1123,1,0,0
1123,2,1,0
1123,3,0,0
1123,3,1,0
1123,4,2,0
1123,5,0,0
1123,5,2,0
1123,6,1,0
1123,6,2,0
1123,7,0,0
1123,7,1,0
1123,7,2,0
1124,1,0,0
1124,2,1,0
1124,3,0,0
1124,3,1,0
1124,4,2,0
1124,5,0,0
1124,5,2,0
1124,6,1,0
1124,6,2,0
1124,7,0,0
1124,7,1,0
1124,7,2,0
1125,1,0,0
1125,2,1,0
1125,3,0,0
1125,3,1,0
1125,4,2,0
1125,5,0,0
1125,5,2,0
1125,6,1,0
1125,6,2,0
1125,7,0,0
1125,7,1,0
1125,7,2,0
1126,1,0,0
1126,2,1,0
1126,3,0,0
1126,3,1,0
1126,4,2,0
1126,5,0,0
1126,5,2,0
1126,6,1,0
1126,6,2,0
1126,7,0,0
1126,7,1,0
1126,7,2,0
1127,1,0,0
1127,2,1,0
1127,3,0,0
1127,3,1,0
1127,4,2,0
1127,5,0,0
1127,5,2,0
1127,6,1,0
1127,6,2,0
1127,7,0,0
1127,7,1,0
1127,7,2,0
1128,1,0,0
1128,2,1,0
1128,3,0,0
1128,3,1,0
1128,4,2,0
1128,5,0,0
1128,5,2,0
1128,6,1,0
1128,6,2,0
1128,7,0,0
1128,7,1,0
1128,7,2,0
1129,1,0,0
1129,2,1,0
1129,3,0,0
1129,3,1,0
1129,4,2,0
1129,5,0,0
1129,5,2,0
1129,6,1,0
1129,6,2,0
1129,7,0,0
1129,7,1,0
1129,7,2,0
1130,1,0,0
1130,2,1,0
1130,3,0,0
1130,3,1,0
1130,4,2,0
1130,5,0,0
1130,5,2,0
1130,6,1,0
1130,6,2,0
1130,7,0,0
1130,7,1,0
1130,7,2,0
1131,1,0,0
1131,2,1,0
1131,3,0,0
1131,3,1,0
1131,4,2,0
1131,5,0,0
1131,5,2,0
1131,6,1,0
1131,6,2,0
1131,7,0,0
1131,7,1,0
1131,7,2,0
1132,1,0,0
1132,2,1,0
1132,3,0,0
1132,3,1,0
1132,4,2,0
1132,5,0,0
1132,5,2,0
1132,6,1,0
1132,6,2,0
1132,7,0,0
1132,7,1,0
1132,7,2,0
1133,1,0,0
1133,2,1,0
1133,3,0,0
1133,3,1,0
1133,4,2,0
1133,5,0,0
1133,5,2,0
1133,6,1,0
1133,6,2,0
1133,7,0,0
1133,7,1,0
1133,7,2,0
1134,1,0,1
1134,2,1,0
1134,3,0,1
1134,3,1,0
1134,4,2,1
1134,5,0,1
1134,5,2,1
1134,6,1,0
1134,6,2,1
1134,7,0,1
1134,7,1,0
1134,7,2,1
1135,1,0,1
1135,2,1,0
1135,3,0,1
1135,3,1,0
1135,4,2,1
1135,5,0,1
1135,5,2,1
1135,6,1,0
1135,6,2,1
1135,7,0,1
1135,7,1,0
1135,7,2,1
1136,1,0,0
1136,2,1,0
1136,3,0,0
1136,3,1,0
1136,4,2,0
1136,5,0,0
1136,5,2,0
1136,6,1,0
1136,6,2,0
1136,7,0,0
1136,7,1,0
1136,7,2,0
1137,1,0,0
1137,2,1,0
1137,3,0,0
1137,3,1,0
1137,4,2,0
1137,5,0,0
1137,5,2,0
1137,6,1,0
1137,6,2,0
1137,7,0,0
1137,7,1,0
1137,7,2,0
1138,1,0,0
1138,2,1,0
1138,3,0,0
1138,3,1,0
1138,4,2,0
1138,5,0,0
1138,5,2,0
1138,6,1,0
1138,6,2,0
1138,7,0,0
1138,7,1,0
1138,7,2,0
1139,1,0,0
1139,2,1,0
1139,3,0,0
1139,3,1,0
1139,4,2,0
1139,5,0,0
1139,5,2,0
1139,6,1,0
1139,6,2,0
1139,7,0,0
1139,7,1,0
1139,7,2,0
1140,1,0,0
1140,2,1,0
1140,3,0,0
1140,3,1,0
1140,4,2,0
1140,5,0,0
1140,5,2,0
1140,6,1,0
1140,6,2,0
1140,7,0,0
1140,7,1,0
1140,7,2,0
1141,1,0,0
1141,2,1,0
1141,3,0,0
1141,3,1,0
1141,4,2,0
1141,5,0,0
1141,5,2,0
1141,6,1,0
1141,6,2,0
1141,7,0,0
1141,7,1,0
1141,7,2,0
1142,1,0,0
1142,2,1,0
1142,3,0,0
1142,3,1,0
1142,4,2,0
1142,5,0,0
1142,5,2,0
1142,6,1,0
1142,6,2,0
1142,7,0,0
1142,7,1,0
1142,7,2,0
1143,1,0,1
1143,2,1,0
1143,3,0,1
1143,3,1,0
1143,4,2,1
1143,5,0,1
1143,5,2,1
1143,6,1,0
1143,6,2,1
1143,7,0,1
1143,7,1,0
1143,7,2,1
1144,1,0,1
1144,2,1,0
1144,3,0,1
1144,3,1,0
1144,4,2,1
1144,5,0,1
1144,5,2,1
1144,6,1,0
1144,6,2,1
1144,7,0,1
1144,7,1,0
1144,7,2,1
1145,1,0,0
1145,2,1,0
1145,3,0,0
1145,3,1,0
1145,4,2,0
1145,5,0,0
1145,5,2,0
1145,6,1,0
1145,6,2,0
1145,7,0,0
1145,7,1,0
1145,7,2,0
1146,1,0,0
1146,2,1,0
1146,3,0,0
1146,3,1,0
1146,4,2,0
1146,5,0,0
1146,5,2,0
1146,6,1,0
1146,6,2,0
1146,7,0,0
1146,7,1,0
1146,7,2,0
1147,1,0,0
1147,2,1,0
1147,3,0,0
1147,3,1,0
1147,4,2,0
1147,5,0,0
1147,5,2,0
1147,6,1,0
1147,6,2,0
1147,7,0,0
1147,7,1,0
1147,7,2,0
1148,1,0,0
1148,2,1,0
1148,3,0,0
1148,3,1,0
1148,4,2,0
1148,5,0,0
1148,5,2,0
1148,6,1,0
1148,6,2,0
1148,7,0,0
1148,7,1,0
1148,7,2,0
1149,1,0,0
1149,2,1,0
1149,3,0,0
1149,3,1,0
1149,4,2,0
1149,5,0,0
1149,5,2,0
1149,6,1,0
1149,6,2,0
1149,7,0,0
1149,7,1,0
1149,7,2,0
1150,1,0,0
1150,2,1,0
1150,3,0,0
1150,3,1,0
1150,4,2,0
1150,5,0,0
1150,5,2,0
1150,6,1,0
1150,6,2,0
1150,7,0,0
1150,7,1,0
1150,7,2,0
1151,1,0,0
1151,2,1,0
1151,3,0,0
1151,3,1,0
1151,4,2,0
1151,5,0,0
1151,5,2,0
1151,6,1,0
1151,6,2,0
1151,7,0,0
1151,7,1,0
1151,7,2,0
1152,1,0,0
1152,2,1,0
1152,3,0,0
1152,3,1,0
1152,4,2,0
1152,5,0,0
1152,5,2,0
1152,6,1,0
1152,6,2,0
1152,7,0,0
1152,7,1,0
1152,7,2,0
1153,1,0,0
1153,2,1,0
1153,3,0,0
1153,3,1,0
1153,4,2,0
1153,5,0,0
1153,5,2,0
1153,6,1,0
1153,6,2,0
1153,7,0,0
1153,7,1,0
1153,7,2,0
1154,1,0,0
1154,2,1,0
1154,3,0,0
1154,3,1,0
1154,4,2,0
1154,5,0,0
1154,5,2,0
1154,6,1,0
1154,6,2,0
1154,7,0,0
1154,7,1,0
1154,7,2,0
1155,1,0,0
1155,2,1,0
1155,3,0,0
1155,3,1,0
1155,4,2,0
1155,5,0,0
1155,5,2,0
1155,6,1,0
1155,6,2,0
1155,7,0,0
1155,7,1,0
1155,7,2,0
1156,1,0,0
1156,2,1,0
1156,3,0,0
1156,3,1,0
1156,4,2,0
1156,5,0,0
1156,5,2,0
1156,6,1,0
1156,6,2,0
1156,7,0,0
1156,7,1,0
1156,7,2,0
1157,1,0,0
1157,2,1,0
1157,3,0,0
1157,3,1,0
1157,4,2,0
1157,5,0,0
1157,5,2,0
1157,6,1,0
1157,6,2,0
1157,7,0,0
1157,7,1,0
1157,7,2,0
1158,1,0,0
1158,2,1,0
1158,3,0,0
1158,3,1,0
1158,4,2,0
1158,5,0,0
1158,5,2,0
1158,6,1,0
1158,6,2,0
1158,7,0,0
1158,7,1,0
1158,7,2,0
1159,1,0,0
1159,2,1,0
1159,3,0,0
1159,3,1,0
1159,4,2,0
1159,5,0,0
1159,5,2,0
1159,6,1,0
1159,6,2,0
1159,7,0,0
1159,7,1,0
1159,7,2,0
1160,1,0,0
1160,2,1,0
1160,3,0,0
1160,3,1,0
1160,4,2,0
1160,5,0,0
1160,5,2,0
1160,6,1,0
1160,6,2,0
1160,7,0,0
1160,7,1,0
1160,7,2,0
1161,1,0,1
1161,2,1,0
1161,3,0,1
1161,3,1,0
1161,4,2,1
1161,5,0,1
1161,5,2,1
1161,6,1,0
1161,6,2,1
1161,7,0,1
1161,7,1,0
1161,7,2,1
1162,1,0,1
1162,2,1,0
1162,3,0,1
1162,3,1,0
1162,4,2,1
1162,5,0,1
1162,5,2,1
1162,6,1,0
1162,6,2,1
1162,7,0,1
1162,7,1,0
1162,7,2,1
1163,1,0,0
1163,2,1,0
1163,3,0,0
1163,3,1,0
1163,4,2,0
1163,5,0,0
1163,5,2,0
1163,6,1,0
1163,6,2,0
1163,7,0,0
1163,7,1,0
1163,7,2,0
1164,1,0,0
1164,2,1,0
1164,3,0,0
1164,3,1,0
1164,4,2,0
1164,5,0,0
1164,5,2,0
1164,6,1,0
1164,6,2,0
1164,7,0,0
1164,7,1,0
1164,7,2,0
1165,1,0,0
1165,2,1,0
1165,3,0,0
1165,3,1,0
1165,4,2,0
1165,5,0,0
1165,5,2,0
1165,6,1,0
1165,6,2,0
1165,7,0,0
1165,7,1,0
1165,7,2,0
1166,1,0,0
1166,2,1,0
1166,3,0,0
1166,3,1,0
1166,4,2,0
1166,5,0,0
1166,5,2,0
1166,6,1,0
1166,6,2,0
1166,7,0,0
1166,7,1,0
1166,7,2,0
1167,1,0,0
1167,2,1,0
1167,3,0,0
1167,3,1,0
1167,4,2,0
1167,5,0,0
1167,5,2,0
1167,6,1,0
1167,6,2,0
1167,7,0,0
1167,7,1,0
1167,7,2,0
1168,1,0,0
1168,2,1,0
1168,3,0,0
1168,3,1,0
1168,4,2,0
1168,5,0,0
1168,5,2,0
1168,6,1,0
1168,6,2,0
1168,7,0,0
1168,7,1,0
1168,7,2,0
1169,1,0,0
1169,2,1,0
1169,3,0,0
1169,3,1,0
1169,4,2,0
1169,5,0,0
1169,5,2,0
1169,6,1,0
1169,6,2,0
1169,7,0,0
1169,7,1,0
1169,7,2,0
1170,1,0,1
1170,2,1,0
1170,3,0,1
1170,3,1,0
1170,4,2,1
1170,5,0,1
1170,5,2,1
1170,6,1,0
1170,6,2,1
1170,7,0,1
1170,7,1,0
1170,7,2,1
1171,1,0,1
1171,2,1,0
1171,3,0,1
1171,3,1,0
1171,4,2,1
1171,5,0,1
1171,5,2,1
1171,6,1,0
1171,6,2,1
1171,7,0,1
1171,7,1,0
1171,7,2,1
1172,1,0,0
1172,2,1,0
1172,3,0,0
1172,3,1,0
1172,4,2,0
1172,5,0,0
1172,5,2,0
1172,6,1,0
1172,6,2,0
1172,7,0,0
1172,7,1,0
1172,7,2,0
1173,1,0,0
1173,2,1,0
1173,3,0,0
1173,3,1,0
1173,4,2,0
1173,5,0,0
1173,5,2,0
1173,6,1,0
1173,6,2,0
1173,7,0,0
1173,7,1,0
1173,7,2,0
1174,1,0,0
1174,2,1,0
1174,3,0,0
1174,3,1,0
1174,4,2,0
1174,5,0,0
1174,5,2,0
1174,6,1,0
1174,6,2,0
1174,7,0,0
1174,7,1,0
1174,7,2,0
1175,1,0,0
1175,2,1,0
1175,3,0,0
1175,3,1,0
1175,4,2,0
1175,5,0,0
1175,5,2,0
1175,6,1,0
1175,6,2,0
1175,7,0,0
1175,7,1,0
1175,7,2,0
1176,1,0,0
1176,2,1,0
1176,3,0,0
1176,3,1,0
1176,4,2,0
1176,5,0,0
1176,5,2,0
1176,6,1,0
1176,6,2,0
1176,7,0,0
1176,7,1,0
1176,7,2,0
1177,1,0,0
1177,2,1,0
1177,3,0,0
1177,3,1,0
1177,4,2,0
1177,5,0,0
1177,5,2,0
1177,6,1,0
1177,6,2,0
1177,7,0,0
1177,7,1,0
1177,7,2,0
1178,1,0,0
1178,2,1,0
1178,3,0,0
1178,3,1,0
1178,4,2,0
1178,5,0,0
1178,5,2,0
1178,6,1,0
1178,6,2,0
1178,7,0,0
1178,7,1,0
1178,7,2,0
1179,1,0,0
1179,2,1,0
1179,3,0,0
1179,3,1,0
1179,4,2,0
1179,5,0,0
1179,5,2,0
1179,6,1,0
1179,6,2,0
1179,7,0,0
1179,7,1,0
1179,7,2,0
1180,1,0,0
1180,2,1,0
1180,3,0,0
1180,3,1,0
1180,4,2,0
1180,5,0,0
1180,5,2,0
1180,6,1,0
1180,6,2,0
1180,7,0,0
1180,7,1,0
1180,7,2,0
1181,1,0,0
1181,2,1,0
1181,3,0,0
1181,3,1,0
1181,4,2,0
1181,5,0,0
1181,5,2,0
1181,6,1,0
1181,6,2,0
1181,7,0,0
1181,7,1,0
1181,7,2,0
1182,1,0,0
1182,2,1,0
1182,3,0,0
1182,3,1,0
1182,4,2,0
1182,5,0,0
1182,5,2,0
1182,6,1,0
1182,6,2,0
1182,7,0,0
1182,7,1,0
1182,7,2,0
1183,1,0,0
1183,2,1,0
1183,3,0,0
1183,3,1,0
1183,4,2,0
1183,5,0,0
1183,5,2,0
1183,6,1,0
1183,6,2,0
1183,7,0,0
1183,7,1,0
1183,7,2,0
1184,1,0,0
1184,2,1,0
1184,3,0,0
1184,3,1,0
1184,4,2,0
1184,5,0,0
1184,5,2,0
1184,6,1,0
1184,6,2,0
1184,7,0,0
1184,7,1,0
1184,7,2,0
1185,1,0,0
1185,2,1,0
1185,3,0,0
1185,3,1,0
1185,4,2,0
1185,5,0,0
1185,5,2,0
1185,6,1,0
1185,6,2,0
1185,7,0,0
1185,7,1,0
1185,7,2,0
1186,1,0,0
1186,2,1,0
1186,3,0,0
1186,3,1,0
1186,4,2,0
1186,5,0,0
1186,5,2,0
1186,6,1,0
1186,6,2,0
1186,7,0,0
1186,7,1,0
1186,7,2,0
1187,1,0,0
1187,2,1,0
1187,3,0,0
1187,3,1,0
1187,4,2,0
1187,5,0,0
1187,5,2,0
1187,6,1,0
1187,6,2,0
1187,7,0,0
1187,7,1,0
1187,7,2,0
1188,1,0,1
1188,2,1,0
1188,3,0,1
1188,3,1,0
1188,4,2,1
1188,5,0,1
1188,5,2,1
1188,6,1,0
1188,6,2,1
1188,7,0,1
1188,7,1,0
1188,7,2,1
1189,1,0,1
1189,2,1,0
1189,3,0,1
1189,3,1,0
1189,4,2,1
1189,5,0,1
1189,5,2,1
1189,6,1,0
1189,6,2,1
1189,7,0,1
1189,7,1,0
1189,7,2,1
1190,1,0,0
1190,2,1,0
1190,3,0,0
1190,3,1,0
1190,4,2,0
1190,5,0,0
1190,5,2,0
1190,6,1,0
1190,6,2,0
1190,7,0,0
1190,7,1,0
1190,7,2,0
1191,1,0,0
1191,2,1,0
1191,3,0,0
1191,3,1,0
1191,4,2,0
1191,5,0,0
1191,5,2,0
1191,6,1,0
1191,6,2,0
1191,7,0,0
1191,7,1,0
1191,7,2,0
1192,1,0,0
1192,2,1,0
1192,3,0,0
1192,3,1,0
1192,4,2,0
1192,5,0,0
1192,5,2,0
1192,6,1,0
1192,6,2,0
1192,7,0,0
1192,7,1,0
1192,7,2,0
1193,1,0,0
1193,2,1,0
1193,3,0,0
1193,3,1,0
1193,4,2,0
1193,5,0,0
1193,5,2,0
1193,6,1,0
1193,6,2,0
1193,7,0,0
1193,7,1,0
1193,7,2,0
1194,1,0,0
1194,2,1,0
1194,3,0,0
1194,3,1,0
1194,4,2,0
1194,5,0,0
1194,5,2,0
1194,6,1,0
1194,6,2,0
1194,7,0,0
1194,7,1,0
1194,7,2,0
1195,1,0,0
1195,2,1,0
1195,3,0,0
1195,3,1,0
1195,4,2,0
1195,5,0,0
1195,5,2,0
1195,6,1,0
1195,6,2,0
1195,7,0,0
1195,7,1,0
1195,7,2,0
1196,1,0,0
1196,2,1,0
1196,3,0,0
1196,3,1,0
1196,4,2,0
1196,5,0,0
1196,5,2,0
1196,6,1,0
1196,6,2,0
1196,7,0,0
1196,7,1,0
1196,7,2,0
1197,1,0,1
1197,2,1,0
1197,3,0,1
1197,3,1,0
1197,4,2,1
1197,5,0,1
1197,5,2,1
1197,6,1,0
1197,6,2,1
1197,7,0,1
1197,7,1,0
1197,7,2,1
1198,1,0,1
1198,2,1,0
1198,3,0,1
1198,3,1,0
1198,4,2,1
1198,5,0,1
1198,5,2,1
1198,6,1,0
1198,6,2,1
1198,7,0,1
1198,7,1,0
1198,7,2,1
1199,1,0,0
1199,2,1,0
1199,3,0,0
1199,3,1,0
1199,4,2,0
1199,5,0,0
1199,5,2,0
1199,6,1,0
1199,6,2,0
1199,7,0,0
1199,7,1,0
1199,7,2,0
1200,1,0,0
1200,2,1,0
1200,3,0,0
1200,3,1,0
1200,4,2,0
1200,5,0,0
1200,5,2,0
1200,6,1,0
1200,6,2,0
1200,7,0,0
1200,7,1,0
1200,7,2,0
1201,1,0,0
1201,2,1,0
1201,3,0,0
1201,3,1,0
1201,4,2,0
1201,5,0,0
1201,5,2,0
1201,6,1,0
1201,6,2,0
1201,7,0,0
1201,7,1,0
1201,7,2,0
1202,1,0,0
1202,2,1,0
1202,3,0,0
1202,3,1,0
1202,4,2,0
1202,5,0,0
1202,5,2,0
1202,6,1,0
1202,6,2,0
1202,7,0,0
1202,7,1,0
1202,7,2,0
1203,1,0,0
1203,2,1,0
1203,3,0,0
1203,3,1,0
1203,4,2,0
1203,5,0,0
1203,5,2,0
1203,6,1,0
1203,6,2,0
1203,7,0,0
1203,7,1,0
1203,7,2,0
1204,1,0,0
1204,2,1,0
1204,3,0,0
1204,3,1,0
1204,4,2,0
1204,5,0,0
1204,5,2,0
1204,6,1,0
1204,6,2,0
1204,7,0,0
1204,7,1,0
1204,7,2,0
1205,1,0,0
1205,2,1,0
1205,3,0,0
1205,3,1,0
1205,4,2,0
1205,5,0,0
1205,5,2,0
1205,6,1,0
1205,6,2,0
1205,7,0,0
1205,7,1,0
1205,7,2,0
1206,1,0,0
1206,2,1,0
1206,3,0,0
1206,3,1,0
1206,4,2,0
1206,5,0,0
1206,5,2,0
1206,6,1,0
1206,6,2,0
1206,7,0,0
1206,7,1,0
1206,7,2,0
1207,1,0,0
1207,2,1,0
1207,3,0,0
1207,3,1,0
1207,4,2,0
1207,5,0,0
1207,5,2,0
1207,6,1,0
1207,6,2,0
1207,7,0,0
1207,7,1,0
1207,7,2,0
1208,1,0,0
1208,2,1,0
1208,3,0,0
1208,3,1,0
1208,4,2,0
1208,5,0,0
1208,5,2,0
1208,6,1,0
1208,6,2,0
1208,7,0,0
1208,7,1,0
1208,7,2,0
1209,1,0,0
1209,2,1,0
1209,3,0,0
1209,3,1,0
1209,4,2,0
1209,5,0,0
1209,5,2,0
1209,6,1,0
1209,6,2,0
1209,7,0,0
1209,7,1,0
1209,7,2,0
1210,1,0,0
1210,2,1,0
1210,3,0,0
1210,3,1,0
1210,4,2,0
1210,5,0,0
1210,5,2,0
1210,6,1,0
1210,6,2,0
1210,7,0,0
1210,7,1,0
1210,7,2,0
1211,1,0,0
1211,2,1,0
1211,3,0,0
1211,3,1,0
1211,4,2,0
1211,5,0,0
1211,5,2,0
1211,6,1,0
1211,6,2,0
1211,7,0,0
1211,7,1,0
1211,7,2,0
1212,1,0,0
1212,2,1,0
1212,3,0,0
1212,3,1,0
1212,4,2,0
1212,5,0,0
1212,5,2,0
1212,6,1,0
1212,6,2,0
1212,7,0,0
1212,7,1,0
1212,7,2,0
1213,1,0,0
1213,2,1,0
1213,3,0,0
1213,3,1,0
1213,4,2,0
1213,5,0,0
1213,5,2,0
1213,6,1,0
1213,6,2,0
1213,7,0,0
1213,7,1,0
1213,7,2,0
1214,1,0,0
1214,2,1,0
1214,3,0,0
1214,3,1,0
1214,4,2,0
1214,5,0,0
1214,5,2,0
1214,6,1,0
1214,6,2,0
1214,7,0,0
1214,7,1,0
1214,7,2,0
1215,1,0,1
1215,2,1,1
1215,3,0,1
1215,3,1,1
1215,4,2,1
1215,5,0,1
1215,5,2,1
1215,6,1,1
1215,6,2,1
1215,7,0,1
1215,7,1,1
1215,7,2,1
1216,1,0,1
1216,2,1,1
1216,3,0,1
1216,3,1,1
1216,4,2,1
1216,5,0,1
1216,5,2,1
1216,6,1,1
1216,6,2,1
1216,7,0,1
1216,7,1,1
1216,7,2,1
1217,1,0,0
1217,2,1,0
1217,3,0,0
1217,3,1,0
1217,4,2,0
1217,5,0,0
1217,5,2,0
1217,6,1,0
1217,6,2,0
1217,7,0,0
1217,7,1,0
1217,7,2,0
1218,1,0,0
1218,2,1,0
1218,3,0,0
1218,3,1,0
1218,4,2,0
1218,5,0,0
1218,5,2,0
1218,6,1,0
1218,6,2,0
1218,7,0,0
1218,7,1,0
1218,7,2,0
1219,1,0,0
1219,2,1,0
1219,3,0,0
1219,3,1,0
1219,4,2,0
1219,5,0,0
1219,5,2,0
1219,6,1,0
1219,6,2,0
1219,7,0,0
1219,7,1,0
1219,7,2,0
1220,1,0,0
1220,2,1,0
1220,3,0,0
1220,3,1,0
1220,4,2,0
1220,5,0,0
1220,5,2,0
1220,6,1,0
1220,6,2,0
1220,7,0,0
1220,7,1,0
1220,7,2,0
1221,1,0,0
1221,2,1,0
1221,3,0,0
1221,3,1,0
1221,4,2,0
1221,5,0,0
1221,5,2,0
1221,6,1,0
1221,6,2,0
1221,7,0,0
1221,7,1,0
1221,7,2,0
1222,1,0,0
1222,2,1,0
1222,3,0,0
1222,3,1,0
1222,4,2,0
1222,5,0,0
1222,5,2,0
1222,6,1,0
1222,6,2,0
1222,7,0,0
1222,7,1,0
1222,7,2,0
1223,1,0,0
1223,2,1,0
1223,3,0,0
1223,3,1,0
1223,4,2,0
1223,5,0,0
1223,5,2,0
1223,6,1,0
1223,6,2,0
1223,7,0,0
1223,7,1,0
1223,7,2,0
1224,1,0,1
1224,2,1,1
1224,3,0,1
1224,3,1,1
1224,4,2,1
1224,5,0,1
1224,5,2,1
1224,6,1,1
1224,6,2,1
1224,7,0,1
1224,7,1,1
1224,7,2,1
1225,1,0,1
1225,2,1,1
1225,3,0,1
1225,3,1,1
1225,4,2,1
1225,5,0,1
1225,5,2,1
1225,6,1,1
1225,6,2,1
1225,7,0,1
1225,7,1,1
1225,7,2,1
1226,1,0,0
1226,2,1,0
1226,3,0,0
1226,3,1,0
1226,4,2,0
1226,5,0,0
1226,5,2,0
1226,6,1,0
1226,6,2,0
1226,7,0,0
1226,7,1,0
1226,7,2,0
1227,1,0,0
1227,2,1,0
1227,3,0,0
1227,3,1,0
1227,4,2,0
1227,5,0,0
1227,5,2,0
1227,6,1,0
1227,6,2,0
1227,7,0,0
1227,7,1,0
1227,7,2,0
1228,1,0,0
1228,2,1,0
1228,3,0,0
1228,3,1,0
1228,4,2,0
1228,5,0,0
1228,5,2,0
1228,6,1,0
1228,6,2,0
1228,7,0,0
1228,7,1,0
1228,7,2,0
1229,1,0,0
1229,2,1,0
1229,3,0,0
1229,3,1,0
1229,4,2,0
1229,5,0,0
1229,5,2,0
1229,6,1,0
1229,6,2,0
1229,7,0,0
1229,7,1,0
1229,7,2,0
1230,1,0,0
1230,2,1,0
1230,3,0,0
1230,3,1,0
1230,4,2,0
1230,5,0,0
1230,5,2,0
1230,6,1,0
1230,6,2,0
1230,7,0,0
1230,7,1,0
1230,7,2,0
1231,1,0,0
1231,2,1,0
1231,3,0,0
1231,3,1,0
1231,4,2,0
1231,5,0,0
1231,5,2,0
1231,6,1,0
1231,6,2,0
1231,7,0,0
1231,7,1,0
1231,7,2,0
1232,1,0,0
1232,2,1,0
1232,3,0,0
1232,3,1,0
1232,4,2,0
1232,5,0,0
1232,5,2,0
1232,6,1,0
1232,6,2,0
1232,7,0,0
1232,7,1,0
1232,7,2,0
1233,1,0,0
1233,2,1,0
1233,3,0,0
1233,3,1,0
1233,4,2,0
1233,5,0,0
1233,5,2,0
1233,6,1,0
1233,6,2,0
1233,7,0,0
1233,7,1,0
1233,7,2,0
1234,1,0,0
1234,2,1,0
1234,3,0,0
1234,3,1,0
1234,4,2,0
1234,5,0,0
1234,5,2,0
1234,6,1,0
1234,6,2,0
1234,7,0,0
1234,7,1,0
1234,7,2,0
1235,1,0,0
1235,2,1,0
1235,3,0,0
1235,3,1,0
1235,4,2,0
1235,5,0,0
1235,5,2,0
1235,6,1,0
1235,6,2,0
1235,7,0,0
1235,7,1,0
1235,7,2,0
1236,1,0,0
1236,2,1,0
1236,3,0,0
1236,3,1,0
1236,4,2,0
1236,5,0,0
1236,5,2,0
1236,6,1,0
1236,6,2,0
1236,7,0,0
1236,7,1,0
1236,7,2,0
1237,1,0,0
1237,2,1,0
1237,3,0,0
1237,3,1,0
1237,4,2,0
1237,5,0,0
1237,5,2,0
1237,6,1,0
1237,6,2,0
1237,7,0,0
1237,7,1,0
1237,7,2,0
1238,1,0,0
1238,2,1,0
1238,3,0,0
1238,3,1,0
1238,4,2,0
1238,5,0,0
1238,5,2,0
1238,6,1,0
1238,6,2,0
1238,7,0,0
1238,7,1,0
1238,7,2,0
1239,1,0,0
1239,2,1,0
1239,3,0,0
1239,3,1,0
1239,4,2,0
1239,5,0,0
1239,5,2,0
1239,6,1,0
1239,6,2,0
1239,7,0,0
1239,7,1,0
1239,7,2,0
1240,1,0,0
1240,2,1,0
1240,3,0,0
1240,3,1,0
1240,4,2,0
1240,5,0,0
1240,5,2,0
1240,6,1,0
1240,6,2,0
1240,7,0,0
1240,7,1,0
1240,7,2,0
1241,1,0,0
1241,2,1,0
1241,3,0,0
1241,3,1,0
1241,4,2,0
1241,5,0,0
1241,5,2,0
1241,6,1,0
1241,6,2,0
1241,7,0,0
1241,7,1,0
1241,7,2,0
1242,1,0,1
1242,2,1,1
1242,3,0,1
1242,3,1,1
1242,4,2,1
1242,5,0,1
1242,5,2,1
1242,6,1,1
1242,6,2,1
1242,7,0,1
1242,7,1,1
1242,7,2,1
1243,1,0,1
1243,2,1,1
1243,3,0,1
1243,3,1,1
1243,4,2,1
1243,5,0,1
1243,5,2,1
1243,6,1,1
1243,6,2,1
1243,7,0,1
1243,7,1,1
1243,7,2,1
1244,1,0,0
1244,2,1,0
1244,3,0,0
1244,3,1,0
1244,4,2,0
1244,5,0,0
1244,5,2,0
1244,6,1,0
1244,6,2,0
1244,7,0,0
1244,7,1,0
1244,7,2,0
1245,1,0,0
1245,2,1,0
1245,3,0,0
1245,3,1,0
1245,4,2,0
1245,5,0,0
1245,5,2,0
1245,6,1,0
1245,6,2,0
1245,7,0,0
1245,7,1,0
1245,7,2,0
1246,1,0,0
1246,2,1,0
1246,3,0,0
1246,3,1,0
1246,4,2,0
1246,5,0,0
1246,5,2,0
1246,6,1,0
1246,6,2,0
1246,7,0,0
1246,7,1,0
1246,7,2,0
1247,1,0,0
1247,2,1,0
1247,3,0,0
1247,3,1,0
1247,4,2,0
1247,5,0,0
1247,5,2,0
1247,6,1,0
1247,6,2,0
1247,7,0,0
1247,7,1,0
1247,7,2,0
1248,1,0,0
1248,2,1,0
1248,3,0,0
1248,3,1,0
1248,4,2,0
1248,5,0,0
1248,5,2,0
1248,6,1,0
1248,6,2,0
1248,7,0,0
1248,7,1,0
1248,7,2,0
1249,1,0,0
1249,2,1,0
1249,3,0,0
1249,3,1,0
1249,4,2,0
1249,5,0,0
1249,5,2,0
1249,6,1,0
1249,6,2,0
1249,7,0,0
1249,7,1,0
1249,7,2,0
1250,1,0,0
1250,2,1,0
1250,3,0,0
1250,3,1,0
1250,4,2,0
1250,5,0,0
1250,5,2,0
1250,6,1,0
1250,6,2,0
1250,7,0,0
1250,7,1,0
1250,7,2,0
1251,1,0,1
1251,2,1,1
1251,3,0,1
1251,3,1,1
1251,4,2,1
1251,5,0,1
1251,5,2,1
1251,6,1,1
1251,6,2,1
1251,7,0,1
1251,7,1,1
1251,7,2,1
1252,1,0,1
1252,2,1,1
1252,3,0,1
1252,3,1,1
1252,4,2,1
1252,5,0,1
1252,5,2,1
1252,6,1,1
1252,6,2,1
1252,7,0,1
1252,7,1,1
1252,7,2,1
1253,1,0,0
1253,2,1,0
1253,3,0,0
1253,3,1,0
1253,4,2,0
1253,5,0,0
1253,5,2,0
1253,6,1,0
1253,6,2,0
1253,7,0,0
1253,7,1,0
1253,7,2,0
1254,1,0,0
1254,2,1,0
1254,3,0,0
1254,3,1,0
1254,4,2,0
1254,5,0,0
1254,5,2,0
1254,6,1,0
1254,6,2,0
1254,7,0,0
1254,7,1,0
1254,7,2,0
1255,1,0,0
1255,2,1,0
1255,3,0,0
1255,3,1,0
1255,4,2,0
1255,5,0,0
1255,5,2,0
1255,6,1,0
1255,6,2,0
1255,7,0,0
1255,7,1,0
1255,7,2,0
1256,1,0,0
1256,2,1,0
1256,3,0,0
1256,3,1,0
1256,4,2,0
1256,5,0,0
1256,5,2,0
1256,6,1,0
1256,6,2,0
1256,7,0,0
1256,7,1,0
1256,7,2,0
1257,1,0,0
1257,2,1,0
1257,3,0,0
1257,3,1,0
1257,4,2,0
1257,5,0,0
1257,5,2,0
1257,6,1,0
1257,6,2,0
1257,7,0,0
1257,7,1,0
1257,7,2,0
1258,1,0,0
1258,2,1,0
1258,3,0,0
1258,3,1,0
1258,4,2,0
1258,5,0,0
1258,5,2,0
1258,6,1,0
1258,6,2,0
1258,7,0,0
1258,7,1,0
1258,7,2,0
1259,1,0,0
1259,2,1,0
1259,3,0,0
1259,3,1,0
1259,4,2,0
1259,5,0,0
1259,5,2,0
1259,6,1,0
1259,6,2,0
1259,7,0,0
1259,7,1,0
1259,7,2,0
1260,1,0,0
1260,2,1,0
1260,3,0,0
1260,3,1,0
1260,4,2,0
1260,5,0,0
1260,5,2,0
1260,6,1,0
1260,6,2,0
1260,7,0,0
1260,7,1,0
1260,7,2,0
1261,1,0,0
1261,2,1,0
1261,3,0,0
1261,3,1,0
1261,4,2,0
1261,5,0,0
1261,5,2,0
1261,6,1,0
1261,6,2,0
1261,7,0,0
1261,7,1,0
1261,7,2,0
1262,1,0,0
1262,2,1,0
1262,3,0,0
1262,3,1,0
1262,4,2,0
1262,5,0,0
1262,5,2,0
1262,6,1,0
1262,6,2,0
1262,7,0,0
1262,7,1,0
1262,7,2,0
1263,1,0,0
1263,2,1,0
1263,3,0,0
1263,3,1,0
1263,4,2,0
1263,5,0,0
1263,5,2,0
1263,6,1,0
1263,6,2,0
1263,7,0,0
1263,7,1,0
1263,7,2,0
1264,1,0,0
1264,2,1,0
1264,3,0,0
1264,3,1,0
1264,4,2,0
1264,5,0,0
1264,5,2,0
1264,6,1,0
1264,6,2,0
1264,7,0,0
1264,7,1,0
1264,7,2,0
1265,1,0,0
1265,2,1,0
1265,3,0,0
1265,3,1,0
1265,4,2,0
1265,5,0,0
1265,5,2,0
1265,6,1,0
1265,6,2,0
1265,7,0,0
1265,7,1,0
1265,7,2,0
1266,1,0,0
1266,2,1,0
1266,3,0,0
1266,3,1,0
1266,4,2,0
1266,5,0,0
1266,5,2,0
1266,6,1,0
1266,6,2,0
1266,7,0,0
1266,7,1,0
1266,7,2,0
1267,1,0,0
1267,2,1,0
1267,3,0,0
1267,3,1,0
1267,4,2,0
1267,5,0,0
1267,5,2,0
1267,6,1,0
1267,6,2,0
1267,7,0,0
1267,7,1,0
1267,7,2,0
1268,1,0,0
1268,2,1,0
1268,3,0,0
1268,3,1,0
1268,4,2,0
1268,5,0,0
1268,5,2,0
1268,6,1,0
1268,6,2,0
1268,7,0,0
1268,7,1,0
1268,7,2,0
1269,1,0,1
1269,2,1,1
1269,3,0,1
1269,3,1,1
1269,4,2,1
1269,5,0,1
1269,5,2,1
1269,6,1,1
1269,6,2,1
1269,7,0,1
1269,7,1,1
1269,7,2,1
1270,1,0,1
1270,2,1,1
1270,3,0,1
1270,3,1,1
1270,4,2,1
1270,5,0,1
1270,5,2,1
1270,6,1,1
1270,6,2,1
1270,7,0,1
1270,7,1,1
1270,7,2,1
1271,1,0,0
1271,2,1,0
1271,3,0,0
1271,3,1,0
1271,4,2,0
1271,5,0,0
1271,5,2,0
1271,6,1,0
1271,6,2,0
1271,7,0,0
1271,7,1,0
1271,7,2,0
1272,1,0,0
1272,2,1,0
1272,3,0,0
1272,3,1,0
1272,4,2,0
1272,5,0,0
1272,5,2,0
1272,6,1,0
1272,6,2,0
1272,7,0,0
1272,7,1,0
1272,7,2,0
1273,1,0,0
1273,2,1,0
1273,3,0,0
1273,3,1,0
1273,4,2,0
1273,5,0,0
1273,5,2,0
1273,6,1,0
1273,6,2,0
1273,7,0,0
1273,7,1,0
1273,7,2,0
1274,1,0,0
1274,2,1,0
1274,3,0,0
1274,3,1,0
1274,4,2,0
1274,5,0,0
1274,5,2,0
1274,6,1,0
1274,6,2,0
1274,7,0,0
1274,7,1,0
1274,7,2,0
1275,1,0,0
1275,2,1,0
1275,3,0,0
1275,3,1,0
1275,4,2,0
1275,5,0,0
1275,5,2,0
1275,6,1,0
1275,6,2,0
1275,7,0,0
1275,7,1,0
1275,7,2,0
1276,1,0,0
1276,2,1,0
1276,3,0,0
1276,3,1,0
1276,4,2,0
1276,5,0,0
1276,5,2,0
1276,6,1,0
1276,6,2,0
1276,7,0,0
1276,7,1,0
1276,7,2,0
1277,1,0,0
1277,2,1,0
1277,3,0,0
1277,3,1,0
1277,4,2,0
1277,5,0,0
1277,5,2,0
1277,6,1,0
1277,6,2,0
1277,7,0,0
1277,7,1,0
1277,7,2,0
1278,1,0,1
1278,2,1,1
1278,3,0,1
1278,3,1,1
1278,4,2,1
1278,5,0,1
1278,5,2,1
1278,6,1,1
1278,6,2,1
1278,7,0,1
1278,7,1,1
1278,7,2,1
1279,1,0,1
1279,2,1,1
1279,3,0,1
1279,3,1,1
1279,4,2,1
1279,5,0,1
1279,5,2,1
1279,6,1,1
1279,6,2,1
1279,7,0,1
1279,7,1,1
1279,7,2,1
1280,1,0,0
1280,2,1,0
1280,3,0,0
1280,3,1,0
1280,4,2,0
1280,5,0,0
1280,5,2,0
1280,6,1,0
1280,6,2,0
1280,7,0,0
1280,7,1,0
1280,7,2,0
1281,1,0,0
1281,2,1,0
1281,3,0,0
1281,3,1,0
1281,4,2,0
1281,5,0,0
1281,5,2,0
1281,6,1,0
1281,6,2,0
1281,7,0,0
1281,7,1,0
1281,7,2,0
1282,1,0,0
1282,2,1,0
1282,3,0,0
1282,3,1,0
1282,4,2,0
1282,5,0,0
1282,5,2,0
1282,6,1,0
1282,6,2,0
1282,7,0,0
1282,7,1,0
1282,7,2,0
1283,1,0,0
1283,2,1,0
1283,3,0,0
1283,3,1,0
1283,4,2,0
1283,5,0,0
1283,5,2,0
1283,6,1,0
1283,6,2,0
1283,7,0,0
1283,7,1,0
1283,7,2,0
1284,1,0,0
1284,2,1,0
1284,3,0,0
1284,3,1,0
1284,4,2,0
1284,5,0,0
1284,5,2,0
1284,6,1,0
1284,6,2,0
1284,7,0,0
1284,7,1,0
1284,7,2,0
1285,1,0,0
1285,2,1,0
1285,3,0,0
1285,3,1,0
1285,4,2,0
1285,5,0,0
1285,5,2,0
1285,6,1,0
1285,6,2,0
1285,7,0,0
1285,7,1,0
1285,7,2,0
1286,1,0,0
1286,2,1,0
1286,3,0,0
1286,3,1,0
1286,4,2,0
1286,5,0,0
1286,5,2,0
1286,6,1,0
1286,6,2,0
1286,7,0,0
1286,7,1,0
1286,7,2,0
1287,1,0,0
1287,2,1,0
1287,3,0,0
1287,3,1,0
1287,4,2,0
1287,5,0,0
1287,5,2,0
1287,6,1,0
1287,6,2,0
1287,7,0,0
1287,7,1,0
1287,7,2,0
1288,1,0,0
1288,2,1,0
1288,3,0,0
1288,3,1,0
1288,4,2,0
1288,5,0,0
1288,5,2,0
1288,6,1,0
1288,6,2,0
1288,7,0,0
1288,7,1,0
1288,7,2,0
1289,1,0,0
1289,2,1,0
1289,3,0,0
1289,3,1,0
1289,4,2,0
1289,5,0,0
1289,5,2,0
1289,6,1,0
1289,6,2,0
1289,7,0,0
1289,7,1,0
1289,7,2,0
1290,1,0,0
1290,2,1,0
1290,3,0,0
1290,3,1,0
1290,4,2,0
1290,5,0,0
1290,5,2,0
1290,6,1,0
1290,6,2,0
1290,7,0,0
1290,7,1,0
1290,7,2,0
1291,1,0,0
1291,2,1,0
1291,3,0,0
1291,3,1,0
1291,4,2,0
1291,5,0,0
1291,5,2,0
1291,6,1,0
1291,6,2,0
1291,7,0,0
1291,7,1,0
1291,7,2,0
1292,1,0,0
1292,2,1,0
1292,3,0,0
1292,3,1,0
1292,4,2,0
1292,5,0,0
1292,5,2,0
1292,6,1,0
1292,6,2,0
1292,7,0,0
1292,7,1,0
1292,7,2,0
1293,1,0,0
1293,2,1,0
1293,3,0,0
1293,3,1,0
1293,4,2,0
1293,5,0,0
1293,5,2,0
1293,6,1,0
1293,6,2,0
1293,7,0,0
1293,7,1,0
1293,7,2,0
1294,1,0,0
1294,2,1,0
1294,3,0,0
1294,3,1,0
1294,4,2,0
1294,5,0,0
1294,5,2,0
1294,6,1,0
1294,6,2,0
1294,7,0,0
1294,7,1,0
1294,7,2,0
1295,1,0,0
1295,2,1,0
1295,3,0,0
1295,3,1,0
1295,4,2,0
1295,5,0,0
1295,5,2,0
1295,6,1,0
1295,6,2,0
1295,7,0,0
1295,7,1,0
1295,7,2,0
1296,1,0,1
1296,2,1,1
1296,3,0,1
1296,3,1,1
1296,4,2,1
1296,5,0,1
1296,5,2,1
1296,6,1,1
1296,6,2,1
1296,7,0,1
1296,7,1,1
1296,7,2,1
1297,1,0,1
1297,2,1,1
1297,3,0,1
1297,3,1,1
1297,4,2,1
1297,5,0,1
1297,5,2,1
1297,6,1,1
1297,6,2,1
1297,7,0,1
1297,7,1,1
1297,7,2,1
1298,1,0,0
1298,2,1,0
1298,3,0,0
1298,3,1,0
1298,4,2,0
1298,5,0,0
1298,5,2,0
1298,6,1,0
1298,6,2,0
1298,7,0,0
1298,7,1,0
1298,7,2,0
1299,1,0,0
1299,2,1,0
1299,3,0,0
1299,3,1,0
1299,4,2,0
1299,5,0,0
1299,5,2,0
1299,6,1,0
1299,6,2,0
1299,7,0,0
1299,7,1,0
1299,7,2,0
1300,1,0,0
1300,2,1,0
1300,3,0,0
1300,3,1,0
1300,4,2,0
1300,5,0,0
1300,5,2,0
1300,6,1,0
1300,6,2,0
1300,7,0,0
1300,7,1,0
1300,7,2,0
1301,1,0,0
1301,2,1,0
1301,3,0,0
1301,3,1,0
1301,4,2,0
1301,5,0,0
1301,5,2,0
1301,6,1,0
1301,6,2,0
1301,7,0,0
1301,7,1,0
1301,7,2,0
1302,1,0,0
1302,2,1,0
1302,3,0,0
1302,3,1,0
1302,4,2,0
1302,5,0,0
1302,5,2,0
1302,6,1,0
1302,6,2,0
1302,7,0,0
1302,7,1,0
1302,7,2,0
1303,1,0,0
1303,2,1,0
1303,3,0,0
1303,3,1,0
1303,4,2,0
1303,5,0,0
1303,5,2,0
1303,6,1,0
1303,6,2,0
1303,7,0,0
1303,7,1,0
1303,7,2,0
1304,1,0,0
1304,2,1,0
1304,3,0,0
1304,3,1,0
1304,4,2,0
1304,5,0,0
1304,5,2,0
1304,6,1,0
1304,6,2,0
1304,7,0,0
1304,7,1,0
1304,7,2,0
1305,1,0,1
1305,2,1,1
1305,3,0,1
1305,3,1,1
1305,4,2,1
1305,5,0,1
1305,5,2,1
1305,6,1,1
1305,6,2,1
1305,7,0,1
1305,7,1,1
1305,7,2,1
1306,1,0,1
1306,2,1,1
1306,3,0,1
1306,3,1,1
1306,4,2,1
1306,5,0,1
1306,5,2,1
1306,6,1,1
1306,6,2,1
1306,7,0,1
1306,7,1,1
1306,7,2,1
1307,1,0,0
1307,2,1,0
1307,3,0,0
1307,3,1,0
1307,4,2,0
1307,5,0,0
1307,5,2,0
1307,6,1,0
1307,6,2,0
1307,7,0,0
1307,7,1,0
1307,7,2,0
1308,1,0,0
1308,2,1,0
1308,3,0,0
1308,3,1,0
1308,4,2,0
1308,5,0,0
1308,5,2,0
1308,6,1,0
1308,6,2,0
1308,7,0,0
1308,7,1,0
1308,7,2,0
1309,1,0,0
1309,2,1,0
1309,3,0,0
1309,3,1,0
1309,4,2,0
1309,5,0,0
1309,5,2,0
1309,6,1,0
1309,6,2,0
1309,7,0,0
1309,7,1,0
1309,7,2,0
1310,1,0,0
1310,2,1,0
1310,3,0,0
1310,3,1,0
1310,4,2,0
1310,5,0,0
1310,5,2,0
1310,6,1,0
1310,6,2,0
1310,7,0,0
1310,7,1,0
1310,7,2,0
1311,1,0,0
1311,2,1,0
1311,3,0,0
1311,3,1,0
1311,4,2,0
1311,5,0,0
1311,5,2,0
1311,6,1,0
1311,6,2,0
1311,7,0,0
1311,7,1,0
1311,7,2,0
1312,1,0,0
1312,2,1,0
1312,3,0,0
1312,3,1,0
1312,4,2,0
1312,5,0,0
1312,5,2,0
1312,6,1,0
1312,6,2,0
1312,7,0,0
1312,7,1,0
1312,7,2,0
1313,1,0,0
1313,2,1,0
1313,3,0,0
1313,3,1,0
1313,4,2,0
1313,5,0,0
1313,5,2,0
1313,6,1,0
1313,6,2,0
1313,7,0,0
1313,7,1,0
1313,7,2,0
1314,1,0,0
1314,2,1,0
1314,3,0,0
1314,3,1,0
1314,4,2,0
1314,5,0,0
1314,5,2,0
1314,6,1,0
1314,6,2,0
1314,7,0,0
1314,7,1,0
1314,7,2,0
1315,1,0,0
1315,2,1,0
1315,3,0,0
1315,3,1,0
1315,4,2,0
1315,5,0,0
1315,5,2,0
1315,6,1,0
1315,6,2,0
1315,7,0,0
1315,7,1,0
1315,7,2,0
1316,1,0,0
1316,2,1,0
1316,3,0,0
1316,3,1,0
1316,4,2,0
1316,5,0,0
1316,5,2,0
1316,6,1,0
1316,6,2,0
1316,7,0,0
1316,7,1,0
1316,7,2,0
1317,1,0,0
1317,2,1,0
1317,3,0,0
1317,3,1,0
1317,4,2,0
1317,5,0,0
1317,5,2,0
1317,6,1,0
1317,6,2,0
1317,7,0,0
1317,7,1,0
1317,7,2,0
1318,1,0,0
1318,2,1,0
1318,3,0,0
1318,3,1,0
1318,4,2,0
1318,5,0,0
1318,5,2,0
1318,6,1,0
1318,6,2,0
1318,7,0,0
1318,7,1,0
1318,7,2,0
1319,1,0,0
1319,2,1,0
1319,3,0,0
1319,3,1,0
1319,4,2,0
1319,5,0,0
1319,5,2,0
1319,6,1,0
1319,6,2,0
1319,7,0,0
1319,7,1,0
1319,7,2,0
1320,1,0,0
1320,2,1,0
1320,3,0,0
1320,3,1,0
1320,4,2,0
1320,5,0,0
1320,5,2,0
1320,6,1,0
1320,6,2,0
1320,7,0,0
1320,7,1,0
1320,7,2,0
1321,1,0,0
1321,2,1,0
1321,3,0,0
1321,3,1,0
1321,4,2,0
1321,5,0,0
1321,5,2,0
1321,6,1,0
1321,6,2,0
1321,7,0,0
1321,7,1,0
1321,7,2,0
1322,1,0,0
1322,2,1,0
1322,3,0,0
1322,3,1,0
1322,4,2,0
1322,5,0,0
1322,5,2,0
1322,6,1,0
1322,6,2,0
1322,7,0,0
1322,7,1,0
1322,7,2,0
1323,1,0,1
1323,2,1,1
1323,3,0,1
1323,3,1,1
1323,4,2,1
1323,5,0,1
1323,5,2,1
1323,6,1,1
1323,6,2,1
1323,7,0,1
1323,7,1,1
1323,7,2,1
1324,1,0,1
1324,2,1,1
1324,3,0,1
1324,3,1,1
1324,4,2,1
1324,5,0,1
1324,5,2,1
1324,6,1,1
1324,6,2,1
1324,7,0,1
1324,7,1,1
1324,7,2,1
1325,1,0,0
1325,2,1,0
1325,3,0,0
1325,3,1,0
1325,4,2,0
1325,5,0,0
1325,5,2,0
1325,6,1,0
1325,6,2,0
1325,7,0,0
1325,7,1,0
1325,7,2,0
1326,1,0,0
1326,2,1,0
1326,3,0,0
1326,3,1,0
1326,4,2,0
1326,5,0,0
1326,5,2,0
1326,6,1,0
1326,6,2,0
1326,7,0,0
1326,7,1,0
1326,7,2,0
1327,1,0,0
1327,2,1,0
1327,3,0,0
1327,3,1,0
1327,4,2,0
1327,5,0,0
1327,5,2,0
1327,6,1,0
1327,6,2,0
1327,7,0,0
1327,7,1,0
1327,7,2,0
1328,1,0,0
1328,2,1,0
1328,3,0,0
1328,3,1,0
1328,4,2,0
1328,5,0,0
1328,5,2,0
1328,6,1,0
1328,6,2,0
1328,7,0,0
1328,7,1,0
1328,7,2,0
1329,1,0,0
1329,2,1,0
1329,3,0,0
1329,3,1,0
1329,4,2,0
1329,5,0,0
1329,5,2,0
1329,6,1,0
1329,6,2,0
1329,7,0,0
1329,7,1,0
1329,7,2,0
1330,1,0,0
1330,2,1,0
1330,3,0,0
1330,3,1,0
1330,4,2,0
1330,5,0,0
1330,5,2,0
1330,6,1,0
1330,6,2,0
1330,7,0,0
1330,7,1,0
1330,7,2,0
1331,1,0,0
1331,2,1,0
1331,3,0,0
1331,3,1,0
1331,4,2,0
1331,5,0,0
1331,5,2,0
1331,6,1,0
1331,6,2,0
1331,7,0,0
1331,7,1,0
1331,7,2,0
1332,1,0,1
1332,2,1,1
1332,3,0,1
1332,3,1,1
1332,4,2,1
1332,5,0,1
1332,5,2,1
1332,6,1,1
1332,6,2,1
1332,7,0,1
1332,7,1,1
1332,7,2,1
1333,1,0,1
1333,2,1,1
1333,3,0,1
1333,3,1,1
1333,4,2,1
1333,5,0,1
1333,5,2,1
1333,6,1,1
1333,6,2,1
1333,7,0,1
1333,7,1,1
1333,7,2,1
1334,1,0,0
1334,2,1,0
1334,3,0,0
1334,3,1,0
1334,4,2,0
1334,5,0,0
1334,5,2,0
1334,6,1,0
1334,6,2,0
1334,7,0,0
1334,7,1,0
1334,7,2,0
1335,1,0,0
1335,2,1,0
1335,3,0,0
1335,3,1,0
1335,4,2,0
1335,5,0,0
1335,5,2,0
1335,6,1,0
1335,6,2,0
1335,7,0,0
1335,7,1,0
1335,7,2,0
1336,1,0,0
1336,2,1,0
1336,3,0,0
1336,3,1,0
1336,4,2,0
1336,5,0,0
1336,5,2,0
1336,6,1,0
1336,6,2,0
1336,7,0,0
1336,7,1,0
1336,7,2,0
1337,1,0,0
1337,2,1,0
1337,3,0,0
1337,3,1,0
1337,4,2,0
1337,5,0,0
1337,5,2,0
1337,6,1,0
1337,6,2,0
1337,7,0,0
1337,7,1,0
1337,7,2,0
1338,1,0,0
1338,2,1,0
1338,3,0,0
1338,3,1,0
1338,4,2,0
1338,5,0,0
1338,5,2,0
1338,6,1,0
1338,6,2,0
1338,7,0,0
1338,7,1,0
1338,7,2,0
1339,1,0,0
1339,2,1,0
1339,3,0,0
1339,3,1,0
1339,4,2,0
1339,5,0,0
1339,5,2,0
1339,6,1,0
1339,6,2,0
1339,7,0,0
1339,7,1,0
1339,7,2,0
1340,1,0,0
1340,2,1,0
1340,3,0,0
1340,3,1,0
1340,4,2,0
1340,5,0,0
1340,5,2,0
1340,6,1,0
1340,6,2,0
1340,7,0,0
1340,7,1,0
1340,7,2,0
1341,1,0,0
1341,2,1,0
1341,3,0,0
1341,3,1,0
1341,4,2,0
1341,5,0,0
1341,5,2,0
1341,6,1,0
1341,6,2,0
1341,7,0,0
1341,7,1,0
1341,7,2,0
1342,1,0,0
1342,2,1,0
1342,3,0,0
1342,3,1,0
1342,4,2,0
1342,5,0,0
1342,5,2,0
1342,6,1,0
1342,6,2,0
1342,7,0,0
1342,7,1,0
1342,7,2,0
1343,1,0,0
1343,2,1,0
1343,3,0,0
1343,3,1,0
1343,4,2,0
1343,5,0,0
1343,5,2,0
1343,6,1,0
1343,6,2,0
1343,7,0,0
1343,7,1,0
1343,7,2,0
1344,1,0,0
1344,2,1,0
1344,3,0,0
1344,3,1,0
1344,4,2,0
1344,5,0,0
1344,5,2,0
1344,6,1,0
1344,6,2,0
1344,7,0,0
1344,7,1,0
1344,7,2,0
1345,1,0,0
1345,2,1,0
1345,3,0,0
1345,3,1,0
1345,4,2,0
1345,5,0,0
1345,5,2,0
1345,6,1,0
1345,6,2,0
1345,7,0,0
1345,7,1,0
1345,7,2,0
1346,1,0,0
1346,2,1,0
1346,3,0,0
1346,3,1,0
1346,4,2,0
1346,5,0,0
1346,5,2,0
1346,6,1,0
1346,6,2,0
1346,7,0,0
1346,7,1,0
1346,7,2,0
1347,1,0,0
1347,2,1,0
1347,3,0,0
1347,3,1,0
1347,4,2,0
1347,5,0,0
1347,5,2,0
1347,6,1,0
1347,6,2,0
1347,7,0,0
1347,7,1,0
1347,7,2,0
1348,1,0,0
1348,2,1,0
1348,3,0,0
1348,3,1,0
1348,4,2,0
1348,5,0,0
1348,5,2,0
1348,6,1,0
1348,6,2,0
1348,7,0,0
1348,7,1,0
1348,7,2,0
1349,1,0,0
1349,2,1,0
1349,3,0,0
1349,3,1,0
1349,4,2,0
1349,5,0,0
1349,5,2,0
1349,6,1,0
1349,6,2,0
1349,7,0,0
1349,7,1,0
1349,7,2,0
1350,1,0,1
1350,2,1,1
1350,3,0,1
1350,3,1,1
1350,4,2,1
1350,5,0,1
1350,5,2,1
1350,6,1,1
1350,6,2,1
1350,7,0,1
1350,7,1,1
1350,7,2,1
1351,1,0,1
1351,2,1,1
1351,3,0,1
1351,3,1,1
1351,4,2,1
1351,5,0,1
1351,5,2,1
1351,6,1,1
1351,6,2,1
1351,7,0,1
1351,7,1,1
1351,7,2,1
1352,1,0,0
1352,2,1,0
1352,3,0,0
1352,3,1,0
1352,4,2,0
1352,5,0,0
1352,5,2,0
1352,6,1,0
1352,6,2,0
1352,7,0,0
1352,7,1,0
1352,7,2,0
1353,1,0,0
1353,2,1,0
1353,3,0,0
1353,3,1,0
1353,4,2,0
1353,5,0,0
1353,5,2,0
1353,6,1,0
1353,6,2,0
1353,7,0,0
1353,7,1,0
1353,7,2,0
1354,1,0,0
1354,2,1,0
1354,3,0,0
1354,3,1,0
1354,4,2,0
1354,5,0,0
1354,5,2,0
1354,6,1,0
1354,6,2,0
1354,7,0,0
1354,7,1,0
1354,7,2,0
1355,1,0,0
1355,2,1,0
1355,3,0,0
1355,3,1,0
1355,4,2,0
1355,5,0,0
1355,5,2,0
1355,6,1,0
1355,6,2,0
1355,7,0,0
1355,7,1,0
1355,7,2,0
1356,1,0,0
1356,2,1,0
1356,3,0,0
1356,3,1,0
1356,4,2,0
1356,5,0,0
1356,5,2,0
1356,6,1,0
1356,6,2,0
1356,7,0,0
1356,7,1,0
1356,7,2,0
1357,1,0,0
1357,2,1,0
1357,3,0,0
1357,3,1,0
1357,4,2,0
1357,5,0,0
1357,5,2,0
1357,6,1,0
1357,6,2,0
1357,7,0,0
1357,7,1,0
1357,7,2,0
1358,1,0,0
1358,2,1,0
1358,3,0,0
1358,3,1,0
1358,4,2,0
1358,5,0,0
1358,5,2,0
1358,6,1,0
1358,6,2,0
1358,7,0,0
1358,7,1,0
1358,7,2,0
1359,1,0,1
1359,2,1,1
1359,3,0,1
1359,3,1,1
1359,4,2,1
1359,5,0,1
1359,5,2,1
1359,6,1,1
1359,6,2,1
1359,7,0,1
1359,7,1,1
1359,7,2,1
1360,1,0,1
1360,2,1,1
1360,3,0,1
1360,3,1,1
1360,4,2,1
1360,5,0,1
1360,5,2,1
1360,6,1,1
1360,6,2,1
1360,7,0,1
1360,7,1,1
1360,7,2,1
1361,1,0,0
1361,2,1,0
1361,3,0,0
1361,3,1,0
1361,4,2,0
1361,5,0,0
1361,5,2,0
1361,6,1,0
1361,6,2,0
1361,7,0,0
1361,7,1,0
1361,7,2,0
1362,1,0,0
1362,2,1,0
1362,3,0,0
1362,3,1,0
1362,4,2,0
1362,5,0,0
1362,5,2,0
1362,6,1,0
1362,6,2,0
1362,7,0,0
1362,7,1,0
1362,7,2,0
1363,1,0,0
1363,2,1,0
1363,3,0,0
1363,3,1,0
1363,4,2,0
1363,5,0,0
1363,5,2,0
1363,6,1,0
1363,6,2,0
1363,7,0,0
1363,7,1,0
1363,7,2,0
1364,1,0,0
1364,2,1,0
1364,3,0,0
1364,3,1,0
1364,4,2,0
1364,5,0,0
1364,5,2,0
1364,6,1,0
1364,6,2,0
1364,7,0,0
1364,7,1,0
1364,7,2,0
1365,1,0,0
1365,2,1,0
1365,3,0,0
1365,3,1,0
1365,4,2,0
1365,5,0,0
1365,5,2,0
1365,6,1,0
1365,6,2,0
1365,7,0,0
1365,7,1,0
1365,7,2,0
1366,1,0,0
1366,2,1,0
1366,3,0,0
1366,3,1,0
1366,4,2,0
1366,5,0,0
1366,5,2,0
1366,6,1,0
1366,6,2,0
1366,7,0,0
1366,7,1,0
1366,7,2,0
1367,1,0,0
1367,2,1,0
1367,3,0,0
1367,3,1,0
1367,4,2,0
1367,5,0,0
1367,5,2,0
1367,6,1,0
1367,6,2,0
1367,7,0,0
1367,7,1,0
1367,7,2,0
1368,1,0,0
1368,2,1,0
1368,3,0,0
1368,3,1,0
1368,4,2,0
1368,5,0,0
1368,5,2,0
1368,6,1,0
1368,6,2,0
1368,7,0,0
1368,7,1,0
1368,7,2,0
1369,1,0,0
1369,2,1,0
1369,3,0,0
1369,3,1,0
1369,4,2,0
1369,5,0,0
1369,5,2,0
1369,6,1,0
1369,6,2,0
1369,7,0,0
1369,7,1,0
1369,7,2,0
1370,1,0,0
1370,2,1,0
1370,3,0,0
1370,3,1,0
1370,4,2,0
1370,5,0,0
1370,5,2,0
1370,6,1,0
1370,6,2,0
1370,7,0,0
1370,7,1,0
1370,7,2,0
1371,1,0,0
1371,2,1,0
1371,3,0,0
1371,3,1,0
1371,4,2,0
1371,5,0,0
1371,5,2,0
1371,6,1,0
1371,6,2,0
1371,7,0,0
1371,7,1,0
1371,7,2,0
1372,1,0,0
1372,2,1,0
1372,3,0,0
1372,3,1,0
1372,4,2,0
1372,5,0,0
1372,5,2,0
1372,6,1,0
1372,6,2,0
1372,7,0,0
1372,7,1,0
1372,7,2,0
1373,1,0,0
1373,2,1,0
1373,3,0,0
1373,3,1,0
1373,4,2,0
1373,5,0,0
1373,5,2,0
1373,6,1,0
1373,6,2,0
1373,7,0,0
1373,7,1,0
1373,7,2,0
1374,1,0,0
1374,2,1,0
1374,3,0,0
1374,3,1,0
1374,4,2,0
1374,5,0,0
1374,5,2,0
1374,6,1,0
1374,6,2,0
1374,7,0,0
1374,7,1,0
1374,7,2,0
1375,1,0,0
1375,2,1,0
1375,3,0,0
1375,3,1,0
1375,4,2,0
1375,5,0,0
1375,5,2,0
1375,6,1,0
1375,6,2,0
1375,7,0,0
1375,7,1,0
1375,7,2,0
1376,1,0,0
1376,2,1,0
1376,3,0,0
1376,3,1,0
1376,4,2,0
1376,5,0,0
1376,5,2,0
1376,6,1,0
1376,6,2,0
1376,7,0,0
1376,7,1,0
1376,7,2,0
1377,1,0,1
1377,2,1,0
1377,3,0,1
1377,3,1,0
1377,4,2,1
1377,5,0,1
1377,5,2,1
1377,6,1,0
1377,6,2,1
1377,7,0,1
1377,7,1,0
1377,7,2,1
1378,1,0,1
1378,2,1,0
1378,3,0,1
1378,3,1,0
1378,4,2,1
1378,5,0,1
1378,5,2,1
1378,6,1,0
1378,6,2,1
1378,7,0,1
1378,7,1,0
1378,7,2,1
1379,1,0,0
1379,2,1,0
1379,3,0,0
1379,3,1,0
1379,4,2,0
1379,5,0,0
1379,5,2,0
1379,6,1,0
1379,6,2,0
1379,7,0,0
1379,7,1,0
1379,7,2,0
1380,1,0,0
1380,2,1,0
1380,3,0,0
1380,3,1,0
1380,4,2,0
1380,5,0,0
1380,5,2,0
1380,6,1,0
1380,6,2,0
1380,7,0,0
1380,7,1,0
1380,7,2,0
1381,1,0,0
1381,2,1,0
1381,3,0,0
1381,3,1,0
1381,4,2,0
1381,5,0,0
1381,5,2,0
1381,6,1,0
1381,6,2,0
1381,7,0,0
1381,7,1,0
1381,7,2,0
1382,1,0,0
1382,2,1,0
1382,3,0,0
1382,3,1,0
1382,4,2,0
1382,5,0,0
1382,5,2,0
1382,6,1,0
1382,6,2,0
1382,7,0,0
1382,7,1,0
1382,7,2,0
1383,1,0,0
1383,2,1,0
1383,3,0,0
1383,3,1,0
1383,4,2,0
1383,5,0,0
1383,5,2,0
1383,6,1,0
1383,6,2,0
1383,7,0,0
1383,7,1,0
1383,7,2,0
1384,1,0,0
1384,2,1,0
1384,3,0,0
1384,3,1,0
1384,4,2,0
1384,5,0,0
1384,5,2,0
1384,6,1,0
1384,6,2,0
1384,7,0,0
1384,7,1,0
1384,7,2,0
1385,1,0,0
1385,2,1,0
1385,3,0,0
1385,3,1,0
1385,4,2,0
1385,5,0,0
1385,5,2,0
1385,6,1,0
1385,6,2,0
1385,7,0,0
1385,7,1,0
1385,7,2,0
1386,1,0,1
1386,2,1,0
1386,3,0,1
1386,3,1,0
1386,4,2,1
1386,5,0,1
1386,5,2,1
1386,6,1,0
1386,6,2,1
1386,7,0,1
1386,7,1,0
1386,7,2,1
1387,1,0,1
1387,2,1,0
1387,3,0,1
1387,3,1,0
1387,4,2,1
1387,5,0,1
1387,5,2,1
1387,6,1,0
1387,6,2,1
1387,7,0,1
1387,7,1,0
1387,7,2,1
1388,1,0,0
1388,2,1,0
1388,3,0,0
1388,3,1,0
1388,4,2,0
1388,5,0,0
1388,5,2,0
1388,6,1,0
1388,6,2,0
1388,7,0,0
1388,7,1,0
1388,7,2,0
1389,1,0,0
1389,2,1,0
1389,3,0,0
1389,3,1,0
1389,4,2,0
1389,5,0,0
1389,5,2,0
1389,6,1,0
1389,6,2,0
1389,7,0,0
1389,7,1,0
1389,7,2,0
1390,1,0,0
1390,2,1,0
1390,3,0,0
1390,3,1,0
1390,4,2,0
1390,5,0,0
1390,5,2,0
1390,6,1,0
1390,6,2,0
1390,7,0,0
1390,7,1,0
1390,7,2,0
1391,1,0,0
1391,2,1,0
1391,3,0,0
1391,3,1,0
1391,4,2,0
1391,5,0,0
1391,5,2,0
1391,6,1,0
1391,6,2,0
1391,7,0,0
1391,7,1,0
1391,7,2,0
1392,1,0,0
1392,2,1,0
1392,3,0,0
1392,3,1,0
1392,4,2,0
1392,5,0,0
1392,5,2,0
1392,6,1,0
1392,6,2,0
1392,7,0,0
1392,7,1,0
1392,7,2,0
1393,1,0,0
1393,2,1,0
1393,3,0,0
1393,3,1,0
1393,4,2,0
1393,5,0,0
1393,5,2,0
1393,6,1,0
1393,6,2,0
1393,7,0,0
1393,7,1,0
1393,7,2,0
1394,1,0,0
1394,2,1,0
1394,3,0,0
1394,3,1,0
1394,4,2,0
1394,5,0,0
1394,5,2,0
1394,6,1,0
1394,6,2,0
1394,7,0,0
1394,7,1,0
1394,7,2,0
1395,1,0,0
1395,2,1,0
1395,3,0,0
1395,3,1,0
1395,4,2,0
1395,5,0,0
1395,5,2,0
1395,6,1,0
1395,6,2,0
1395,7,0,0
1395,7,1,0
1395,7,2,0
1396,1,0,0
1396,2,1,0
1396,3,0,0
1396,3,1,0
1396,4,2,0
1396,5,0,0
1396,5,2,0
1396,6,1,0
1396,6,2,0
1396,7,0,0
1396,7,1,0
1396,7,2,0
1397,1,0,0
1397,2,1,0
1397,3,0,0
1397,3,1,0
1397,4,2,0
1397,5,0,0
1397,5,2,0
1397,6,1,0
1397,6,2,0
1397,7,0,0
1397,7,1,0
1397,7,2,0
1398,1,0,0
1398,2,1,0
1398,3,0,0
1398,3,1,0
1398,4,2,0
1398,5,0,0
1398,5,2,0
1398,6,1,0
1398,6,2,0
1398,7,0,0
1398,7,1,0
1398,7,2,0
1399,1,0,0
1399,2,1,0
1399,3,0,0
1399,3,1,0
1399,4,2,0
1399,5,0,0
1399,5,2,0
1399,6,1,0
1399,6,2,0
1399,7,0,0
1399,7,1,0
1399,7,2,0
1400,1,0,0
1400,2,1,0
1400,3,0,0
1400,3,1,0
1400,4,2,0
1400,5,0,0
1400,5,2,0
1400,6,1,0
1400,6,2,0
1400,7,0,0
1400,7,1,0
1400,7,2,0
1401,1,0,0
1401,2,1,0
1401,3,0,0
1401,3,1,0
1401,4,2,0
1401,5,0,0
1401,5,2,0
1401,6,1,0
1401,6,2,0
1401,7,0,0
1401,7,1,0
1401,7,2,0
1402,1,0,0
1402,2,1,0
1402,3,0,0
1402,3,1,0
1402,4,2,0
1402,5,0,0
1402,5,2,0
1402,6,1,0
1402,6,2,0
1402,7,0,0
1402,7,1,0
1402,7,2,0
1403,1,0,0
1403,2,1,0
1403,3,0,0
1403,3,1,0
1403,4,2,0
1403,5,0,0
1403,5,2,0
1403,6,1,0
1403,6,2,0
1403,7,0,0
1403,7,1,0
1403,7,2,0
1404,1,0,1
1404,2,1,0
1404,3,0,1
1404,3,1,0
1404,4,2,1
1404,5,0,1
1404,5,2,1
1404,6,1,0
1404,6,2,1
1404,7,0,1
1404,7,1,0
1404,7,2,1
1405,1,0,1
1405,2,1,0
1405,3,0,1
1405,3,1,0
1405,4,2,1
1405,5,0,1
1405,5,2,1
1405,6,1,0
1405,6,2,1
1405,7,0,1
1405,7,1,0
1405,7,2,1
1406,1,0,0
1406,2,1,0
1406,3,0,0
1406,3,1,0
1406,4,2,0
1406,5,0,0
1406,5,2,0
1406,6,1,0
1406,6,2,0
1406,7,0,0
1406,7,1,0
1406,7,2,0
1407,1,0,0
1407,2,1,0
1407,3,0,0
1407,3,1,0
1407,4,2,0
1407,5,0,0
1407,5,2,0
1407,6,1,0
1407,6,2,0
1407,7,0,0
1407,7,1,0
1407,7,2,0
1408,1,0,0
1408,2,1,0
1408,3,0,0
1408,3,1,0
1408,4,2,0
1408,5,0,0
1408,5,2,0
1408,6,1,0
1408,6,2,0
1408,7,0,0
1408,7,1,0
1408,7,2,0
1409,1,0,0
1409,2,1,0
1409,3,0,0
1409,3,1,0
1409,4,2,0
1409,5,0,0
1409,5,2,0
1409,6,1,0
1409,6,2,0
1409,7,0,0
1409,7,1,0
1409,7,2,0
1410,1,0,0
1410,2,1,0
1410,3,0,0
1410,3,1,0
1410,4,2,0
1410,5,0,0
1410,5,2,0
1410,6,1,0
1410,6,2,0
1410,7,0,0
1410,7,1,0
1410,7,2,0
1411,1,0,0
1411,2,1,0
1411,3,0,0
1411,3,1,0
1411,4,2,0
1411,5,0,0
1411,5,2,0
1411,6,1,0
1411,6,2,0
1411,7,0,0
1411,7,1,0
1411,7,2,0
1412,1,0,0
1412,2,1,0
1412,3,0,0
1412,3,1,0
1412,4,2,0
1412,5,0,0
1412,5,2,0
1412,6,1,0
1412,6,2,0
1412,7,0,0
1412,7,1,0
1412,7,2,0
1413,1,0,1
1413,2,1,0
1413,3,0,1
1413,3,1,0
1413,4,2,1
1413,5,0,1
1413,5,2,1
1413,6,1,0
1413,6,2,1
1413,7,0,1
1413,7,1,0
1413,7,2,1
1414,1,0,1
1414,2,1,0
1414,3,0,1
1414,3,1,0
1414,4,2,1
1414,5,0,1
1414,5,2,1
1414,6,1,0
1414,6,2,1
1414,7,0,1
1414,7,1,0
1414,7,2,1
1415,1,0,0
1415,2,1,0
1415,3,0,0
1415,3,1,0
1415,4,2,0
1415,5,0,0
1415,5,2,0
1415,6,1,0
1415,6,2,0
1415,7,0,0
1415,7,1,0
1415,7,2,0
1416,1,0,0
1416,2,1,0
1416,3,0,0
1416,3,1,0
1416,4,2,0
1416,5,0,0
1416,5,2,0
1416,6,1,0
1416,6,2,0
1416,7,0,0
1416,7,1,0
1416,7,2,0
1417,1,0,0
1417,2,1,0
1417,3,0,0
1417,3,1,0
1417,4,2,0
1417,5,0,0
1417,5,2,0
1417,6,1,0
1417,6,2,0
1417,7,0,0
1417,7,1,0
1417,7,2,0
1418,1,0,0
1418,2,1,0
1418,3,0,0
1418,3,1,0
1418,4,2,0
1418,5,0,0
1418,5,2,0
1418,6,1,0
1418,6,2,0
1418,7,0,0
1418,7,1,0
1418,7,2,0
1419,1,0,0
1419,2,1,0
1419,3,0,0
1419,3,1,0
1419,4,2,0
1419,5,0,0
1419,5,2,0
1419,6,1,0
1419,6,2,0
1419,7,0,0
1419,7,1,0
1419,7,2,0
1420,1,0,0
1420,2,1,0
1420,3,0,0
1420,3,1,0
1420,4,2,0
1420,5,0,0
1420,5,2,0
1420,6,1,0
1420,6,2,0
1420,7,0,0
1420,7,1,0
1420,7,2,0
1421,1,0,0
1421,2,1,0
1421,3,0,0
1421,3,1,0
1421,4,2,0
1421,5,0,0
1421,5,2,0
1421,6,1,0
1421,6,2,0
1421,7,0,0
1421,7,1,0
1421,7,2,0
1422,1,0,0
1422,2,1,0
1422,3,0,0
1422,3,1,0
1422,4,2,0
1422,5,0,0
1422,5,2,0
1422,6,1,0
1422,6,2,0
1422,7,0,0
1422,7,1,0
1422,7,2,0
1423,1,0,0
1423,2,1,0
1423,3,0,0
1423,3,1,0
1423,4,2,0
1423,5,0,0
1423,5,2,0
1423,6,1,0
1423,6,2,0
1423,7,0,0
1423,7,1,0
1423,7,2,0
1424,1,0,0
1424,2,1,0
1424,3,0,0
1424,3,1,0
1424,4,2,0
1424,5,0,0
1424,5,2,0
1424,6,1,0
1424,6,2,0
1424,7,0,0
1424,7,1,0
1424,7,2,0
1425,1,0,0
1425,2,1,0
1425,3,0,0
1425,3,1,0
1425,4,2,0
1425,5,0,0
1425,5,2,0
1425,6,1,0
1425,6,2,0
1425,7,0,0
1425,7,1,0
1425,7,2,0
1426,1,0,0
1426,2,1,0
1426,3,0,0
1426,3,1,0
1426,4,2,0
1426,5,0,0
1426,5,2,0
1426,6,1,0
1426,6,2,0
1426,7,0,0
1426,7,1,0
1426,7,2,0
1427,1,0,0
1427,2,1,0
1427,3,0,0
1427,3,1,0
1427,4,2,0
1427,5,0,0
1427,5,2,0
1427,6,1,0
1427,6,2,0
1427,7,0,0
1427,7,1,0
1427,7,2,0
1428,1,0,0
1428,2,1,0
1428,3,0,0
1428,3,1,0
1428,4,2,0
1428,5,0,0
1428,5,2,0
1428,6,1,0
1428,6,2,0
1428,7,0,0
1428,7,1,0
1428,7,2,0
1429,1,0,0
1429,2,1,0
1429,3,0,0
1429,3,1,0
1429,4,2,0
1429,5,0,0
1429,5,2,0
1429,6,1,0
1429,6,2,0
1429,7,0,0
1429,7,1,0
1429,7,2,0
1430,1,0,0
1430,2,1,0
1430,3,0,0
1430,3,1,0
1430,4,2,0
1430,5,0,0
1430,5,2,0
1430,6,1,0
1430,6,2,0
1430,7,0,0
1430,7,1,0
1430,7,2,0
1431,1,0,1
1431,2,1,0
1431,3,0,1
1431,3,1,0
1431,4,2,1
1431,5,0,1
1431,5,2,1
1431,6,1,0
1431,6,2,1
1431,7,0,1
1431,7,1,0
1431,7,2,1
1432,1,0,1
1432,2,1,0
1432,3,0,1
1432,3,1,0
1432,4,2,1
1432,5,0,1
1432,5,2,1
1432,6,1,0
1432,6,2,1
1432,7,0,1
1432,7,1,0
1432,7,2,1
1433,1,0,0
1433,2,1,0
1433,3,0,0
1433,3,1,0
1433,4,2,0
1433,5,0,0
1433,5,2,0
1433,6,1,0
1433,6,2,0
1433,7,0,0
1433,7,1,0
1433,7,2,0
1434,1,0,0
1434,2,1,0
1434,3,0,0
1434,3,1,0
1434,4,2,0
1434,5,0,0
1434,5,2,0
1434,6,1,0
1434,6,2,0
1434,7,0,0
1434,7,1,0
1434,7,2,0
1435,1,0,0
1435,2,1,0
1435,3,0,0
1435,3,1,0
1435,4,2,0
1435,5,0,0
1435,5,2,0
1435,6,1,0
1435,6,2,0
1435,7,0,0
1435,7,1,0
1435,7,2,0
1436,1,0,0
1436,2,1,0
1436,3,0,0
1436,3,1,0
1436,4,2,0
1436,5,0,0
1436,5,2,0
1436,6,1,0
1436,6,2,0
1436,7,0,0
1436,7,1,0
1436,7,2,0
1437,1,0,0
1437,2,1,0
1437,3,0,0
1437,3,1,0
1437,4,2,0
1437,5,0,0
1437,5,2,0
1437,6,1,0
1437,6,2,0
1437,7,0,0
1437,7,1,0
1437,7,2,0
1438,1,0,0
1438,2,1,0
1438,3,0,0
1438,3,1,0
1438,4,2,0
1438,5,0,0
1438,5,2,0
1438,6,1,0
1438,6,2,0
1438,7,0,0
1438,7,1,0
1438,7,2,0
1439,1,0,0
1439,2,1,0
1439,3,0,0
1439,3,1,0
1439,4,2,0
1439,5,0,0
1439,5,2,0
1439,6,1,0
1439,6,2,0
1439,7,0,0
1439,7,1,0
1439,7,2,0
1440,1,0,1
1440,2,1,0
1440,3,0,1
1440,3,1,0
1440,4,2,1
1440,5,0,1
1440,5,2,1
1440,6,1,0
1440,6,2,1
1440,7,0,1
1440,7,1,0
1440,7,2,1
1441,1,0,1
1441,2,1,0
1441,3,0,1
1441,3,1,0
1441,4,2,1
1441,5,0,1
1441,5,2,1
1441,6,1,0
1441,6,2,1
1441,7,0,1
1441,7,1,0
1441,7,2,1
1442,1,0,0
1442,2,1,0
1442,3,0,0
1442,3,1,0
1442,4,2,0
1442,5,0,0
1442,5,2,0
1442,6,1,0
1442,6,2,0
1442,7,0,0
1442,7,1,0
1442,7,2,0
1443,1,0,0
1443,2,1,0
1443,3,0,0
1443,3,1,0
1443,4,2,0
1443,5,0,0
1443,5,2,0
1443,6,1,0
1443,6,2,0
1443,7,0,0
1443,7,1,0
1443,7,2,0
1444,1,0,0
1444,2,1,0
1444,3,0,0
1444,3,1,0
1444,4,2,0
1444,5,0,0
1444,5,2,0
1444,6,1,0
1444,6,2,0
1444,7,0,0
1444,7,1,0
1444,7,2,0
1445,1,0,0
1445,2,1,0
1445,3,0,0
1445,3,1,0
1445,4,2,0
1445,5,0,0
1445,5,2,0
1445,6,1,0
1445,6,2,0
1445,7,0,0
1445,7,1,0
1445,7,2,0
1446,1,0,0
1446,2,1,0
1446,3,0,0
1446,3,1,0
1446,4,2,0
1446,5,0,0
1446,5,2,0
1446,6,1,0
1446,6,2,0
1446,7,0,0
1446,7,1,0
1446,7,2,0
1447,1,0,0
1447,2,1,0
1447,3,0,0
1447,3,1,0
1447,4,2,0
1447,5,0,0
1447,5,2,0
1447,6,1,0
1447,6,2,0
1447,7,0,0
1447,7,1,0
1447,7,2,0
1448,1,0,0
1448,2,1,0
1448,3,0,0
1448,3,1,0
1448,4,2,0
1448,5,0,0
1448,5,2,0
1448,6,1,0
1448,6,2,0
1448,7,0,0
1448,7,1,0
1448,7,2,0
1449,1,0,0
1449,2,1,0
1449,3,0,0
1449,3,1,0
1449,4,2,0
1449,5,0,0
1449,5,2,0
1449,6,1,0
1449,6,2,0
1449,7,0,0
1449,7,1,0
1449,7,2,0
1450,1,0,0
1450,2,1,0
1450,3,0,0
1450,3,1,0
1450,4,2,0
1450,5,0,0
1450,5,2,0
1450,6,1,0
1450,6,2,0
1450,7,0,0
1450,7,1,0
1450,7,2,0
1451,1,0,0
1451,2,1,0
1451,3,0,0
1451,3,1,0
1451,4,2,0
1451,5,0,0
1451,5,2,0
1451,6,1,0
1451,6,2,0
1451,7,0,0
1451,7,1,0
1451,7,2,0
1452,1,0,0
1452,2,1,0
1452,3,0,0
1452,3,1,0
1452,4,2,0
1452,5,0,0
1452,5,2,0
1452,6,1,0
1452,6,2,0
1452,7,0,0
1452,7,1,0
1452,7,2,0
1453,1,0,0
1453,2,1,0
1453,3,0,0
1453,3,1,0
1453,4,2,0
1453,5,0,0
1453,5,2,0
1453,6,1,0
1453,6,2,0
1453,7,0,0
1453,7,1,0
1453,7,2,0
1454,1,0,0
1454,2,1,0
1454,3,0,0
1454,3,1,0
1454,4,2,0
1454,5,0,0
1454,5,2,0
1454,6,1,0
1454,6,2,0
1454,7,0,0
1454,7,1,0
1454,7,2,0
1455,1,0,0
1455,2,1,0
1455,3,0,0
1455,3,1,0
1455,4,2,0
1455,5,0,0
1455,5,2,0
1455,6,1,0
1455,6,2,0
1455,7,0,0
1455,7,1,0
1455,7,2,0
1456,1,0,0
1456,2,1,0
1456,3,0,0
1456,3,1,0
1456,4,2,0
1456,5,0,0
1456,5,2,0
1456,6,1,0
1456,6,2,0
1456,7,0,0
1456,7,1,0
1456,7,2,0
1457,1,0,0
1457,2,1,0
1457,3,0,0
1457,3,1,0
1457,4,2,0
1457,5,0,0
1457,5,2,0
1457,6,1,0
1457,6,2,0
1457,7,0,0
1457,7,1,0
1457,7,2,0
1458,1,0,1
1458,2,1,1
1458,3,0,1
1458,3,1,1
1458,4,2,1
1458,5,0,1
1458,5,2,1
1458,6,1,1
1458,6,2,1
1458,7,0,1
1458,7,1,1
1458,7,2,1
1459,1,0,1
1459,2,1,1
1459,3,0,1
1459,3,1,1
1459,4,2,1
1459,5,0,1
1459,5,2,1
1459,6,1,1
1459,6,2,1
1459,7,0,1
1459,7,1,1
1459,7,2,1
1460,1,0,0
1460,2,1,1
1460,3,0,0
1460,3,1,1
1460,4,2,0
1460,5,0,0
1460,5,2,0
1460,6,1,1
1460,6,2,0
1460,7,0,0
1460,7,1,1
1460,7,2,0
1461,1,0,1
1461,2,1,1
1461,3,0,1
1461,3,1,1
1461,4,2,1
1461,5,0,1
1461,5,2,1
1461,6,1,1
1461,6,2,1
1461,7,0,1
1461,7,1,1
1461,7,2,1
1462,1,0,1
1462,2,1,1
1462,3,0,1
1462,3,1,1
1462,4,2,1
1462,5,0,1
1462,5,2,1
1462,6,1,1
1462,6,2,1
1462,7,0,1
1462,7,1,1
1462,7,2,1
1463,1,0,0
1463,2,1,1
1463,3,0,0
1463,3,1,1
1463,4,2,0
1463,5,0,0
1463,5,2,0
1463,6,1,1
1463,6,2,0
1463,7,0,0
1463,7,1,1
1463,7,2,0
1464,1,0,1
1464,2,1,1
1464,3,0,1
1464,3,1,1
1464,4,2,1
1464,5,0,1
1464,5,2,1
1464,6,1,1
1464,6,2,1
1464,7,0,1
1464,7,1,1
1464,7,2,1
1465,1,0,1
1465,2,1,1
1465,3,0,1
1465,3,1,1
1465,4,2,1
1465,5,0,1
1465,5,2,1
1465,6,1,1
1465,6,2,1
1465,7,0,1
1465,7,1,1
1465,7,2,1
1466,1,0,0
1466,2,1,1
1466,3,0,0
1466,3,1,1
1466,4,2,0
1466,5,0,0
1466,5,2,0
1466,6,1,1
1466,6,2,0
1466,7,0,0
1466,7,1,1
1466,7,2,0
1467,1,0,0
1467,2,1,1
1467,3,0,0
1467,3,1,1
1467,4,2,0
1467,5,0,0
1467,5,2,0
1467,6,1,1
1467,6,2,0
1467,7,0,0
1467,7,1,1
1467,7,2,0
1468,1,0,0
1468,2,1,1
1468,3,0,0
1468,3,1,1
1468,4,2,0
1468,5,0,0
1468,5,2,0
1468,6,1,1
1468,6,2,0
1468,7,0,0
1468,7,1,1
1468,7,2,0
1469,1,0,0
1469,2,1,1
1469,3,0,0
1469,3,1,1
1469,4,2,0
1469,5,0,0
1469,5,2,0
1469,6,1,1
1469,6,2,0
1469,7,0,0
1469,7,1,1
1469,7,2,0
1470,1,0,0
1470,2,1,1
1470,3,0,0
1470,3,1,1
1470,4,2,0
1470,5,0,0
1470,5,2,0
1470,6,1,1
1470,6,2,0
1470,7,0,0
1470,7,1,1
1470,7,2,0
1471,1,0,0
1471,2,1,1
1471,3,0,0
1471,3,1,1
1471,4,2,0
1471,5,0,0
1471,5,2,0
1471,6,1,1
1471,6,2,0
1471,7,0,0
1471,7,1,1
1471,7,2,0
1472,1,0,0
1472,2,1,1
1472,3,0,0
1472,3,1,1
1472,4,2,0
1472,5,0,0
1472,5,2,0
1472,6,1,1
1472,6,2,0
1472,7,0,0
1472,7,1,1
1472,7,2,0
1473,1,0,0
1473,2,1,1
1473,3,0,0
1473,3,1,1
1473,4,2,0
1473,5,0,0
1473,5,2,0
1473,6,1,1
1473,6,2,0
1473,7,0,0
1473,7,1,1
1473,7,2,0
1474,1,0,0
1474,2,1,1
1474,3,0,0
1474,3,1,1
1474,4,2,0
1474,5,0,0
1474,5,2,0
1474,6,1,1
1474,6,2,0
1474,7,0,0
1474,7,1,1
1474,7,2,0
1475,1,0,0
1475,2,1,1
1475,3,0,0
1475,3,1,1
1475,4,2,0
1475,5,0,0
1475,5,2,0
1475,6,1,1
1475,6,2,0
1475,7,0,0
1475,7,1,1
1475,7,2,0
1476,1,0,0
1476,2,1,1
1476,3,0,0
1476,3,1,1
1476,4,2,0
1476,5,0,0
1476,5,2,0
1476,6,1,1
1476,6,2,0
1476,7,0,0
1476,7,1,1
1476,7,2,0
1477,1,0,0
1477,2,1,1
1477,3,0,0
1477,3,1,1
1477,4,2,0
1477,5,0,0
1477,5,2,0
1477,6,1,1
1477,6,2,0
1477,7,0,0
1477,7,1,1
1477,7,2,0
1478,1,0,0
1478,2,1,1
1478,3,0,0
1478,3,1,1
1478,4,2,0
1478,5,0,0
1478,5,2,0
1478,6,1,1
1478,6,2,0
1478,7,0,0
1478,7,1,1
1478,7,2,0
1479,1,0,0
1479,2,1,1
1479,3,0,0
1479,3,1,1
1479,4,2,0
1479,5,0,0
1479,5,2,0
1479,6,1,1
1479,6,2,0
1479,7,0,0
1479,7,1,1
1479,7,2,0
1480,1,0,0
1480,2,1,1
1480,3,0,0
1480,3,1,1
1480,4,2,0
1480,5,0,0
1480,5,2,0
1480,6,1,1
1480,6,2,0
1480,7,0,0
1480,7,1,1
1480,7,2,0
1481,1,0,0
1481,2,1,1
1481,3,0,0
1481,3,1,1
1481,4,2,0
1481,5,0,0
1481,5,2,0
1481,6,1,1
1481,6,2,0
1481,7,0,0
1481,7,1,1
1481,7,2,0
1482,1,0,0
1482,2,1,1
1482,3,0,0
1482,3,1,1
1482,4,2,0
1482,5,0,0
1482,5,2,0
1482,6,1,1
1482,6,2,0
1482,7,0,0
1482,7,1,1
1482,7,2,0
1483,1,0,0
1483,2,1,1
1483,3,0,0
1483,3,1,1
1483,4,2,0
1483,5,0,0
1483,5,2,0
1483,6,1,1
1483,6,2,0
1483,7,0,0
1483,7,1,1
1483,7,2,0
1484,1,0,0
1484,2,1,1
1484,3,0,0
1484,3,1,1
1484,4,2,0
1484,5,0,0
1484,5,2,0
1484,6,1,1
1484,6,2,0
1484,7,0,0
1484,7,1,1
1484,7,2,0
1485,1,0,1
1485,2,1,1
1485,3,0,1
1485,3,1,1
1485,4,2,1
1485,5,0,1
1485,5,2,1
1485,6,1,1
1485,6,2,1
1485,7,0,1
1485,7,1,1
1485,7,2,1
1486,1,0,1
1486,2,1,1
1486,3,0,1
1486,3,1,1
1486,4,2,1
1486,5,0,1
1486,5,2,1
1486,6,1,1
1486,6,2,1
1486,7,0,1
1486,7,1,1
1486,7,2,1
1487,1,0,0
1487,2,1,0
1487,3,0,0
1487,3,1,0
1487,4,2,0
1487,5,0,0
1487,5,2,0
1487,6,1,0
1487,6,2,0
1487,7,0,0
1487,7,1,0
1487,7,2,0
1488,1,0,1
1488,2,1,1
1488,3,0,1
1488,3,1,1
1488,4,2,1
1488,5,0,1
1488,5,2,1
1488,6,1,1
1488,6,2,1
1488,7,0,1
1488,7,1,1
1488,7,2,1
1489,1,0,1
1489,2,1,1
1489,3,0,1
1489,3,1,1
1489,4,2,1
1489,5,0,1
1489,5,2,1
1489,6,1,1
1489,6,2,1
1489,7,0,1
1489,7,1,1
1489,7,2,1
1490,1,0,0
1490,2,1,0
1490,3,0,0
1490,3,1,0
1490,4,2,0
1490,5,0,0
1490,5,2,0
1490,6,1,0
1490,6,2,0
1490,7,0,0
1490,7,1,0
1490,7,2,0
1491,1,0,0
1491,2,1,0
1491,3,0,0
1491,3,1,0
1491,4,2,0
1491,5,0,0
1491,5,2,0
1491,6,1,0
1491,6,2,0
1491,7,0,0
1491,7,1,0
1491,7,2,0
1492,1,0,0
1492,2,1,0
1492,3,0,0
1492,3,1,0
1492,4,2,0
1492,5,0,0
1492,5,2,0
1492,6,1,0
1492,6,2,0
1492,7,0,0
1492,7,1,0
1492,7,2,0
1493,1,0,0
1493,2,1,0
1493,3,0,0
1493,3,1,0
1493,4,2,0
1493,5,0,0
1493,5,2,0
1493,6,1,0
1493,6,2,0
1493,7,0,0
1493,7,1,0
1493,7,2,0
1494,1,0,0
1494,2,1,0
1494,3,0,0
1494,3,1,0
1494,4,2,0
1494,5,0,0
1494,5,2,0
1494,6,1,0
1494,6,2,0
1494,7,0,0
1494,7,1,0
1494,7,2,0
1495,1,0,0
1495,2,1,0
1495,3,0,0
1495,3,1,0
1495,4,2,0
1495,5,0,0
1495,5,2,0
1495,6,1,0
1495,6,2,0
1495,7,0,0
1495,7,1,0
1495,7,2,0
1496,1,0,0
1496,2,1,0
1496,3,0,0
1496,3,1,0
1496,4,2,0
1496,5,0,0
1496,5,2,0
1496,6,1,0
1496,6,2,0
1496,7,0,0
1496,7,1,0
1496,7,2,0
1497,1,0,0
1497,2,1,0
1497,3,0,0
1497,3,1,0
1497,4,2,0
1497,5,0,0
1497,5,2,0
1497,6,1,0
1497,6,2,0
1497,7,0,0
1497,7,1,0
1497,7,2,0
1498,1,0,0
1498,2,1,0
1498,3,0,0
1498,3,1,0
1498,4,2,0
1498,5,0,0
1498,5,2,0
1498,6,1,0
1498,6,2,0
1498,7,0,0
1498,7,1,0
1498,7,2,0
1499,1,0,0
1499,2,1,0
1499,3,0,0
1499,3,1,0
1499,4,2,0
1499,5,0,0
1499,5,2,0
1499,6,1,0
1499,6,2,0
1499,7,0,0
1499,7,1,0
1499,7,2,0
1500,1,0,0
1500,2,1,0
1500,3,0,0
1500,3,1,0
1500,4,2,0
1500,5,0,0
1500,5,2,0
1500,6,1,0
1500,6,2,0
1500,7,0,0
1500,7,1,0
1500,7,2,0
1501,1,0,0
1501,2,1,0
1501,3,0,0
1501,3,1,0
1501,4,2,0
1501,5,0,0
1501,5,2,0
1501,6,1,0
1501,6,2,0
1501,7,0,0
1501,7,1,0
1501,7,2,0
1502,1,0,0
1502,2,1,0
1502,3,0,0
1502,3,1,0
1502,4,2,0
1502,5,0,0
1502,5,2,0
1502,6,1,0
1502,6,2,0
1502,7,0,0
1502,7,1,0
1502,7,2,0
1503,1,0,0
1503,2,1,0
1503,3,0,0
1503,3,1,0
1503,4,2,0
1503,5,0,0
1503,5,2,0
1503,6,1,0
1503,6,2,0
1503,7,0,0
1503,7,1,0
1503,7,2,0
1504,1,0,0
1504,2,1,0
1504,3,0,0
1504,3,1,0
1504,4,2,0
1504,5,0,0
1504,5,2,0
1504,6,1,0
1504,6,2,0
1504,7,0,0
1504,7,1,0
1504,7,2,0
1505,1,0,0
1505,2,1,0
1505,3,0,0
1505,3,1,0
1505,4,2,0
1505,5,0,0
1505,5,2,0
1505,6,1,0
1505,6,2,0
1505,7,0,0
1505,7,1,0
1505,7,2,0
1506,1,0,0
1506,2,1,0
1506,3,0,0
1506,3,1,0
1506,4,2,0
1506,5,0,0
1506,5,2,0
1506,6,1,0
1506,6,2,0
1506,7,0,0
1506,7,1,0
1506,7,2,0
1507,1,0,0
1507,2,1,0
1507,3,0,0
1507,3,1,0
1507,4,2,0
1507,5,0,0
1507,5,2,0
1507,6,1,0
1507,6,2,0
1507,7,0,0
1507,7,1,0
1507,7,2,0
1508,1,0,0
1508,2,1,0
1508,3,0,0
1508,3,1,0
1508,4,2,0
1508,5,0,0
1508,5,2,0
1508,6,1,0
1508,6,2,0
1508,7,0,0
1508,7,1,0
1508,7,2,0
1509,1,0,0
1509,2,1,0
1509,3,0,0
1509,3,1,0
1509,4,2,0
1509,5,0,0
1509,5,2,0
1509,6,1,0
1509,6,2,0
1509,7,0,0
1509,7,1,0
1509,7,2,0
1510,1,0,0
1510,2,1,0
1510,3,0,0
1510,3,1,0
1510,4,2,0
1510,5,0,0
1510,5,2,0
1510,6,1,0
1510,6,2,0
1510,7,0,0
1510,7,1,0
1510,7,2,0
1511,1,0,0
1511,2,1,0
1511,3,0,0
1511,3,1,0
1511,4,2,0
1511,5,0,0
1511,5,2,0
1511,6,1,0
1511,6,2,0
1511,7,0,0
1511,7,1,0
1511,7,2,0
1512,1,0,1
1512,2,1,1
1512,3,0,1
1512,3,1,1
1512,4,2,1
1512,5,0,1
1512,5,2,1
1512,6,1,1
1512,6,2,1
1512,7,0,1
1512,7,1,1
1512,7,2,1
1513,1,0,1
1513,2,1,1
1513,3,0,1
1513,3,1,1
1513,4,2,1
1513,5,0,1
1513,5,2,1
1513,6,1,1
1513,6,2,1
1513,7,0,1
1513,7,1,1
1513,7,2,1
1514,1,0,0
1514,2,1,0
1514,3,0,0
1514,3,1,0
1514,4,2,0
1514,5,0,0
1514,5,2,0
1514,6,1,0
1514,6,2,0
1514,7,0,0
1514,7,1,0
1514,7,2,0
1515,1,0,0
1515,2,1,0
1515,3,0,0
1515,3,1,0
1515,4,2,0
1515,5,0,0
1515,5,2,0
1515,6,1,0
1515,6,2,0
1515,7,0,0
1515,7,1,0
1515,7,2,0
1516,1,0,0
1516,2,1,0
1516,3,0,0
1516,3,1,0
1516,4,2,0
1516,5,0,0
1516,5,2,0
1516,6,1,0
1516,6,2,0
1516,7,0,0
1516,7,1,0
1516,7,2,0
1517,1,0,0
1517,2,1,0
1517,3,0,0
1517,3,1,0
1517,4,2,0
1517,5,0,0
1517,5,2,0
1517,6,1,0
1517,6,2,0
1517,7,0,0
1517,7,1,0
1517,7,2,0
1518,1,0,0
1518,2,1,0
1518,3,0,0
1518,3,1,0
1518,4,2,0
1518,5,0,0
1518,5,2,0
1518,6,1,0
1518,6,2,0
1518,7,0,0
1518,7,1,0
1518,7,2,0
1519,1,0,0
1519,2,1,0
1519,3,0,0
1519,3,1,0
1519,4,2,0
1519,5,0,0
1519,5,2,0
1519,6,1,0
1519,6,2,0
1519,7,0,0
1519,7,1,0
1519,7,2,0
1520,1,0,0
1520,2,1,0
1520,3,0,0
1520,3,1,0
1520,4,2,0
1520,5,0,0
1520,5,2,0
1520,6,1,0
1520,6,2,0
1520,7,0,0
1520,7,1,0
1520,7,2,0
1521,1,0,0
1521,2,1,0
1521,3,0,0
1521,3,1,0
1521,4,2,0
1521,5,0,0
1521,5,2,0
1521,6,1,0
1521,6,2,0
1521,7,0,0
1521,7,1,0
1521,7,2,0
1522,1,0,0
1522,2,1,0
1522,3,0,0
1522,3,1,0
1522,4,2,0
1522,5,0,0
1522,5,2,0
1522,6,1,0
1522,6,2,0
1522,7,0,0
1522,7,1,0
1522,7,2,0
1523,1,0,0
1523,2,1,0
1523,3,0,0
1523,3,1,0
1523,4,2,0
1523,5,0,0
1523,5,2,0
1523,6,1,0
1523,6,2,0
1523,7,0,0
1523,7,1,0
1523,7,2,0
1524,1,0,0
1524,2,1,0
1524,3,0,0
1524,3,1,0
1524,4,2,0
1524,5,0,0
1524,5,2,0
1524,6,1,0
1524,6,2,0
1524,7,0,0
1524,7,1,0
1524,7,2,0
1525,1,0,0
1525,2,1,0
1525,3,0,0
1525,3,1,0
1525,4,2,0
1525,5,0,0
1525,5,2,0
1525,6,1,0
1525,6,2,0
1525,7,0,0
1525,7,1,0
1525,7,2,0
1526,1,0,0
1526,2,1,0
1526,3,0,0
1526,3,1,0
1526,4,2,0
1526,5,0,0
1526,5,2,0
1526,6,1,0
1526,6,2,0
1526,7,0,0
1526,7,1,0
1526,7,2,0
1527,1,0,0
1527,2,1,0
1527,3,0,0
1527,3,1,0
1527,4,2,0
1527,5,0,0
1527,5,2,0
1527,6,1,0
1527,6,2,0
1527,7,0,0
1527,7,1,0
1527,7,2,0
1528,1,0,0
1528,2,1,0
1528,3,0,0
1528,3,1,0
1528,4,2,0
1528,5,0,0
1528,5,2,0
1528,6,1,0
1528,6,2,0
1528,7,0,0
1528,7,1,0
1528,7,2,0
1529,1,0,0
1529,2,1,0
1529,3,0,0
1529,3,1,0
1529,4,2,0
1529,5,0,0
1529,5,2,0
1529,6,1,0
1529,6,2,0
1529,7,0,0
1529,7,1,0
1529,7,2,0
1530,1,0,0
1530,2,1,0
1530,3,0,0
1530,3,1,0
1530,4,2,0
1530,5,0,0
1530,5,2,0
1530,6,1,0
1530,6,2,0
1530,7,0,0
1530,7,1,0
1530,7,2,0
1531,1,0,0
1531,2,1,0
1531,3,0,0
1531,3,1,0
1531,4,2,0
1531,5,0,0
1531,5,2,0
1531,6,1,0
1531,6,2,0
1531,7,0,0
1531,7,1,0
1531,7,2,0
1532,1,0,0
1532,2,1,0
1532,3,0,0
1532,3,1,0
1532,4,2,0
1532,5,0,0
1532,5,2,0
1532,6,1,0
1532,6,2,0
1532,7,0,0
1532,7,1,0
1532,7,2,0
1533,1,0,0
1533,2,1,0
1533,3,0,0
1533,3,1,0
1533,4,2,0
1533,5,0,0
1533,5,2,0
1533,6,1,0
1533,6,2,0
1533,7,0,0
1533,7,1,0
1533,7,2,0
1534,1,0,0
1534,2,1,0
1534,3,0,0
1534,3,1,0
1534,4,2,0
1534,5,0,0
1534,5,2,0
1534,6,1,0
1534,6,2,0
1534,7,0,0
1534,7,1,0
1534,7,2,0
1535,1,0,0
1535,2,1,0
1535,3,0,0
1535,3,1,0
1535,4,2,0
1535,5,0,0
1535,5,2,0
1535,6,1,0
1535,6,2,0
1535,7,0,0
1535,7,1,0
1535,7,2,0
1536,1,0,0
1536,2,1,0
1536,3,0,0
1536,3,1,0
1536,4,2,0
1536,5,0,0
1536,5,2,0
1536,6,1,0
1536,6,2,0
1536,7,0,0
1536,7,1,0
1536,7,2,0
1537,1,0,0
1537,2,1,0
1537,3,0,0
1537,3,1,0
1537,4,2,0
1537,5,0,0
1537,5,2,0
1537,6,1,0
1537,6,2,0
1537,7,0,0
1537,7,1,0
1537,7,2,0
1538,1,0,0
1538,2,1,0
1538,3,0,0
1538,3,1,0
1538,4,2,0
1538,5,0,0
1538,5,2,0
1538,6,1,0
1538,6,2,0
1538,7,0,0
1538,7,1,0
1538,7,2,0
1539,1,0,1
1539,2,1,1
1539,3,0,1
1539,3,1,1
1539,4,2,1
1539,5,0,1
1539,5,2,1
1539,6,1,1
1539,6,2,1
1539,7,0,1
1539,7,1,1
1539,7,2,1
1540,1,0,1
1540,2,1,1
1540,3,0,1
1540,3,1,1
1540,4,2,1
1540,5,0,1
1540,5,2,1
1540,6,1,1
1540,6,2,1
1540,7,0,1
1540,7,1,1
1540,7,2,1
1541,1,0,0
1541,2,1,1
1541,3,0,0
1541,3,1,1
1541,4,2,0
1541,5,0,0
1541,5,2,0
1541,6,1,1
1541,6,2,0
1541,7,0,0
1541,7,1,1
1541,7,2,0
1542,1,0,1
1542,2,1,1
1542,3,0,1
1542,3,1,1
1542,4,2,1
1542,5,0,1
1542,5,2,1
1542,6,1,1
1542,6,2,1
1542,7,0,1
1542,7,1,1
1542,7,2,1
1543,1,0,1
1543,2,1,1
1543,3,0,1
1543,3,1,1
1543,4,2,1
1543,5,0,1
1543,5,2,1
1543,6,1,1
1543,6,2,1
1543,7,0,1
1543,7,1,1
1543,7,2,1
1544,1,0,0
1544,2,1,1
1544,3,0,0
1544,3,1,1
1544,4,2,0
1544,5,0,0
1544,5,2,0
1544,6,1,1
1544,6,2,0
1544,7,0,0
1544,7,1,1
1544,7,2,0
1545,1,0,1
1545,2,1,1
1545,3,0,1
1545,3,1,1
1545,4,2,1
1545,5,0,1
1545,5,2,1
1545,6,1,1
1545,6,2,1
1545,7,0,1
1545,7,1,1
1545,7,2,1
1546,1,0,1
1546,2,1,1
1546,3,0,1
1546,3,1,1
1546,4,2,1
1546,5,0,1
1546,5,2,1
1546,6,1,1
1546,6,2,1
1546,7,0,1
1546,7,1,1
1546,7,2,1
1547,1,0,0
1547,2,1,1
1547,3,0,0
1547,3,1,1
1547,4,2,0
1547,5,0,0
1547,5,2,0
1547,6,1,1
1547,6,2,0
1547,7,0,0
1547,7,1,1
1547,7,2,0
1548,1,0,0
1548,2,1,1
1548,3,0,0
1548,3,1,1
1548,4,2,0
1548,5,0,0
1548,5,2,0
1548,6,1,1
1548,6,2,0
1548,7,0,0
1548,7,1,1
1548,7,2,0
1549,1,0,0
1549,2,1,1
1549,3,0,0
1549,3,1,1
1549,4,2,0
1549,5,0,0
1549,5,2,0
1549,6,1,1
1549,6,2,0
1549,7,0,0
1549,7,1,1
1549,7,2,0
1550,1,0,0
1550,2,1,1
1550,3,0,0
1550,3,1,1
1550,4,2,0
1550,5,0,0
1550,5,2,0
1550,6,1,1
1550,6,2,0
1550,7,0,0
1550,7,1,1
1550,7,2,0
1551,1,0,0
1551,2,1,1
1551,3,0,0
1551,3,1,1
1551,4,2,0
1551,5,0,0
1551,5,2,0
1551,6,1,1
1551,6,2,0
1551,7,0,0
1551,7,1,1
1551,7,2,0
1552,1,0,0
1552,2,1,1
1552,3,0,0
1552,3,1,1
1552,4,2,0
1552,5,0,0
1552,5,2,0
1552,6,1,1
1552,6,2,0
1552,7,0,0
1552,7,1,1
1552,7,2,0
1553,1,0,0
1553,2,1,1
1553,3,0,0
1553,3,1,1
1553,4,2,0
1553,5,0,0
1553,5,2,0
1553,6,1,1
1553,6,2,0
1553,7,0,0
1553,7,1,1
1553,7,2,0
1554,1,0,0
1554,2,1,1
1554,3,0,0
1554,3,1,1
1554,4,2,0
1554,5,0,0
1554,5,2,0
1554,6,1,1
1554,6,2,0
1554,7,0,0
1554,7,1,1
1554,7,2,0
1555,1,0,0
1555,2,1,1
1555,3,0,0
1555,3,1,1
1555,4,2,0
1555,5,0,0
1555,5,2,0
1555,6,1,1
1555,6,2,0
1555,7,0,0
1555,7,1,1
1555,7,2,0
1556,1,0,0
1556,2,1,1
1556,3,0,0
1556,3,1,1
1556,4,2,0
1556,5,0,0
1556,5,2,0
1556,6,1,1
1556,6,2,0
1556,7,0,0
1556,7,1,1
1556,7,2,0
1557,1,0,0
1557,2,1,1
1557,3,0,0
1557,3,1,1
1557,4,2,0
1557,5,0,0
1557,5,2,0
1557,6,1,1
1557,6,2,0
1557,7,0,0
1557,7,1,1
1557,7,2,0
1558,1,0,0
1558,2,1,1
1558,3,0,0
1558,3,1,1
1558,4,2,0
1558,5,0,0
1558,5,2,0
1558,6,1,1
1558,6,2,0
1558,7,0,0
1558,7,1,1
1558,7,2,0
1559,1,0,0
1559,2,1,1
1559,3,0,0
1559,3,1,1
1559,4,2,0
1559,5,0,0
1559,5,2,0
1559,6,1,1
1559,6,2,0
1559,7,0,0
1559,7,1,1
1559,7,2,0
1560,1,0,0
1560,2,1,1
1560,3,0,0
1560,3,1,1
1560,4,2,0
1560,5,0,0
1560,5,2,0
1560,6,1,1
1560,6,2,0
1560,7,0,0
1560,7,1,1
1560,7,2,0
1561,1,0,0
1561,2,1,1
1561,3,0,0
1561,3,1,1
1561,4,2,0
1561,5,0,0
1561,5,2,0
1561,6,1,1
1561,6,2,0
1561,7,0,0
1561,7,1,1
1561,7,2,0
1562,1,0,0
1562,2,1,1
1562,3,0,0
1562,3,1,1
1562,4,2,0
1562,5,0,0
1562,5,2,0
1562,6,1,1
1562,6,2,0
1562,7,0,0
1562,7,1,1
1562,7,2,0
1563,1,0,0
1563,2,1,1
1563,3,0,0
1563,3,1,1
1563,4,2,0
1563,5,0,0
1563,5,2,0
1563,6,1,1
1563,6,2,0
1563,7,0,0
1563,7,1,1
1563,7,2,0
1564,1,0,0
1564,2,1,1
1564,3,0,0
1564,3,1,1
1564,4,2,0
1564,5,0,0
1564,5,2,0
1564,6,1,1
1564,6,2,0
1564,7,0,0
1564,7,1,1
1564,7,2,0
1565,1,0,0
1565,2,1,1
1565,3,0,0
1565,3,1,1
1565,4,2,0
1565,5,0,0
1565,5,2,0
1565,6,1,1
1565,6,2,0
1565,7,0,0
1565,7,1,1
1565,7,2,0
1566,1,0,1
1566,2,1,1
1566,3,0,1
1566,3,1,1
1566,4,2,1
1566,5,0,1
1566,5,2,1
1566,6,1,1
1566,6,2,1
1566,7,0,1
1566,7,1,1
1566,7,2,1
1567,1,0,1
1567,2,1,1
1567,3,0,1
1567,3,1,1
1567,4,2,1
1567,5,0,1
1567,5,2,1
1567,6,1,1
1567,6,2,1
1567,7,0,1
1567,7,1,1
1567,7,2,1
1568,1,0,0
1568,2,1,0
1568,3,0,0
1568,3,1,0
1568,4,2,0
1568,5,0,0
1568,5,2,0
1568,6,1,0
1568,6,2,0
1568,7,0,0
1568,7,1,0
1568,7,2,0
1569,1,0,1
1569,2,1,1
1569,3,0,1
1569,3,1,1
1569,4,2,1
1569,5,0,1
1569,5,2,1
1569,6,1,1
1569,6,2,1
1569,7,0,1
1569,7,1,1
1569,7,2,1
1570,1,0,1
1570,2,1,1
1570,3,0,1
1570,3,1,1
1570,4,2,1
1570,5,0,1
1570,5,2,1
1570,6,1,1
1570,6,2,1
1570,7,0,1
1570,7,1,1
1570,7,2,1
1571,1,0,0
1571,2,1,0
1571,3,0,0
1571,3,1,0
1571,4,2,0
1571,5,0,0
1571,5,2,0
1571,6,1,0
1571,6,2,0
1571,7,0,0
1571,7,1,0
1571,7,2,0
1572,1,0,0
1572,2,1,0
1572,3,0,0
1572,3,1,0
1572,4,2,0
1572,5,0,0
1572,5,2,0
1572,6,1,0
1572,6,2,0
1572,7,0,0
1572,7,1,0
1572,7,2,0
1573,1,0,0
1573,2,1,0
1573,3,0,0
1573,3,1,0
1573,4,2,0
1573,5,0,0
1573,5,2,0
1573,6,1,0
1573,6,2,0
1573,7,0,0
1573,7,1,0
1573,7,2,0
1574,1,0,0
1574,2,1,0
1574,3,0,0
1574,3,1,0
1574,4,2,0
1574,5,0,0
1574,5,2,0
1574,6,1,0
1574,6,2,0
1574,7,0,0
1574,7,1,0
1574,7,2,0
1575,1,0,0
1575,2,1,0
1575,3,0,0
1575,3,1,0
1575,4,2,0
1575,5,0,0
1575,5,2,0
1575,6,1,0
1575,6,2,0
1575,7,0,0
1575,7,1,0
1575,7,2,0
1576,1,0,0
1576,2,1,0
1576,3,0,0
1576,3,1,0
1576,4,2,0
1576,5,0,0
1576,5,2,0
1576,6,1,0
1576,6,2,0
1576,7,0,0
1576,7,1,0
1576,7,2,0
1577,1,0,0
1577,2,1,0
1577,3,0,0
1577,3,1,0
1577,4,2,0
1577,5,0,0
1577,5,2,0
1577,6,1,0
1577,6,2,0
1577,7,0,0
1577,7,1,0
1577,7,2,0
1578,1,0,0
1578,2,1,0
1578,3,0,0
1578,3,1,0
1578,4,2,0
1578,5,0,0
1578,5,2,0
1578,6,1,0
1578,6,2,0
1578,7,0,0
1578,7,1,0
1578,7,2,0
1579,1,0,0
1579,2,1,0
1579,3,0,0
1579,3,1,0
1579,4,2,0
1579,5,0,0
1579,5,2,0
1579,6,1,0
1579,6,2,0
1579,7,0,0
1579,7,1,0
1579,7,2,0
1580,1,0,0
1580,2,1,0
1580,3,0,0
1580,3,1,0
1580,4,2,0
1580,5,0,0
1580,5,2,0
1580,6,1,0
1580,6,2,0
1580,7,0,0
1580,7,1,0
1580,7,2,0
1581,1,0,0
1581,2,1,0
1581,3,0,0
1581,3,1,0
1581,4,2,0
1581,5,0,0
1581,5,2,0
1581,6,1,0
1581,6,2,0
1581,7,0,0
1581,7,1,0
1581,7,2,0
1582,1,0,0
1582,2,1,0
1582,3,0,0
1582,3,1,0
1582,4,2,0
1582,5,0,0
1582,5,2,0
1582,6,1,0
1582,6,2,0
1582,7,0,0
1582,7,1,0
1582,7,2,0
1583,1,0,0
1583,2,1,0
1583,3,0,0
1583,3,1,0
1583,4,2,0
1583,5,0,0
1583,5,2,0
1583,6,1,0
1583,6,2,0
1583,7,0,0
1583,7,1,0
1583,7,2,0
1584,1,0,0
1584,2,1,0
1584,3,0,0
1584,3,1,0
1584,4,2,0
1584,5,0,0
1584,5,2,0
1584,6,1,0
1584,6,2,0
1584,7,0,0
1584,7,1,0
1584,7,2,0
1585,1,0,0
1585,2,1,0
1585,3,0,0
1585,3,1,0
1585,4,2,0
1585,5,0,0
1585,5,2,0
1585,6,1,0
1585,6,2,0
1585,7,0,0
1585,7,1,0
1585,7,2,0
1586,1,0,0
1586,2,1,0
1586,3,0,0
1586,3,1,0
1586,4,2,0
1586,5,0,0
1586,5,2,0
1586,6,1,0
1586,6,2,0
1586,7,0,0
1586,7,1,0
1586,7,2,0
1587,1,0,0
1587,2,1,0
1587,3,0,0
1587,3,1,0
1587,4,2,0
1587,5,0,0
1587,5,2,0
1587,6,1,0
1587,6,2,0
1587,7,0,0
1587,7,1,0
1587,7,2,0
1588,1,0,0
1588,2,1,0
1588,3,0,0
1588,3,1,0
1588,4,2,0
1588,5,0,0
1588,5,2,0
1588,6,1,0
1588,6,2,0
1588,7,0,0
1588,7,1,0
1588,7,2,0
1589,1,0,0
1589,2,1,0
1589,3,0,0
1589,3,1,0
1589,4,2,0
1589,5,0,0
1589,5,2,0
1589,6,1,0
1589,6,2,0
1589,7,0,0
1589,7,1,0
1589,7,2,0
1590,1,0,0
1590,2,1,0
1590,3,0,0
1590,3,1,0
1590,4,2,0
1590,5,0,0
1590,5,2,0
1590,6,1,0
1590,6,2,0
1590,7,0,0
1590,7,1,0
1590,7,2,0
1591,1,0,0
1591,2,1,0
1591,3,0,0
1591,3,1,0
1591,4,2,0
1591,5,0,0
1591,5,2,0
1591,6,1,0
1591,6,2,0
1591,7,0,0
1591,7,1,0
1591,7,2,0
1592,1,0,0
1592,2,1,0
1592,3,0,0
1592,3,1,0
1592,4,2,0
1592,5,0,0
1592,5,2,0
1592,6,1,0
1592,6,2,0
1592,7,0,0
1592,7,1,0
1592,7,2,0
1593,1,0,1
1593,2,1,1
1593,3,0,1
1593,3,1,1
1593,4,2,1
1593,5,0,1
1593,5,2,1
1593,6,1,1
1593,6,2,1
1593,7,0,1
1593,7,1,1
1593,7,2,1
1594,1,0,1
1594,2,1,1
1594,3,0,1
1594,3,1,1
1594,4,2,1
1594,5,0,1
1594,5,2,1
1594,6,1,1
1594,6,2,1
1594,7,0,1
1594,7,1,1
1594,7,2,1
1595,1,0,0
1595,2,1,0
1595,3,0,0
1595,3,1,0
1595,4,2,0
1595,5,0,0
1595,5,2,0
1595,6,1,0
1595,6,2,0
1595,7,0,0
1595,7,1,0
1595,7,2,0
1596,1,0,0
1596,2,1,0
1596,3,0,0
1596,3,1,0
1596,4,2,0
1596,5,0,0
1596,5,2,0
1596,6,1,0
1596,6,2,0
1596,7,0,0
1596,7,1,0
1596,7,2,0
1597,1,0,0
1597,2,1,0
1597,3,0,0
1597,3,1,0
1597,4,2,0
1597,5,0,0
1597,5,2,0
1597,6,1,0
1597,6,2,0
1597,7,0,0
1597,7,1,0
1597,7,2,0
1598,1,0,0
1598,2,1,0
1598,3,0,0
1598,3,1,0
1598,4,2,0
1598,5,0,0
1598,5,2,0
1598,6,1,0
1598,6,2,0
1598,7,0,0
1598,7,1,0
1598,7,2,0
1599,1,0,0
1599,2,1,0
1599,3,0,0
1599,3,1,0
1599,4,2,0
1599,5,0,0
1599,5,2,0
1599,6,1,0
1599,6,2,0
1599,7,0,0
1599,7,1,0
1599,7,2,0
1600,1,0,0
1600,2,1,0
1600,3,0,0
1600,3,1,0
1600,4,2,0
1600,5,0,0
1600,5,2,0
1600,6,1,0
1600,6,2,0
1600,7,0,0
1600,7,1,0
1600,7,2,0
1601,1,0,0
1601,2,1,0
1601,3,0,0
1601,3,1,0
1601,4,2,0
1601,5,0,0
1601,5,2,0
1601,6,1,0
1601,6,2,0
1601,7,0,0
1601,7,1,0
1601,7,2,0
1602,1,0,0
1602,2,1,0
1602,3,0,0
1602,3,1,0
1602,4,2,0
1602,5,0,0
1602,5,2,0
1602,6,1,0
1602,6,2,0
1602,7,0,0
1602,7,1,0
1602,7,2,0
1603,1,0,0
1603,2,1,0
1603,3,0,0
1603,3,1,0
1603,4,2,0
1603,5,0,0
1603,5,2,0
1603,6,1,0
1603,6,2,0
1603,7,0,0
1603,7,1,0
1603,7,2,0
1604,1,0,0
1604,2,1,0
1604,3,0,0
1604,3,1,0
1604,4,2,0
1604,5,0,0
1604,5,2,0
1604,6,1,0
1604,6,2,0
1604,7,0,0
1604,7,1,0
1604,7,2,0
1605,1,0,0
1605,2,1,0
1605,3,0,0
1605,3,1,0
1605,4,2,0
1605,5,0,0
1605,5,2,0
1605,6,1,0
1605,6,2,0
1605,7,0,0
1605,7,1,0
1605,7,2,0
1606,1,0,0
1606,2,1,0
1606,3,0,0
1606,3,1,0
1606,4,2,0
1606,5,0,0
1606,5,2,0
1606,6,1,0
1606,6,2,0
1606,7,0,0
1606,7,1,0
1606,7,2,0
1607,1,0,0
1607,2,1,0
1607,3,0,0
1607,3,1,0
1607,4,2,0
1607,5,0,0
1607,5,2,0
1607,6,1,0
1607,6,2,0
1607,7,0,0
1607,7,1,0
1607,7,2,0
1608,1,0,0
1608,2,1,0
1608,3,0,0
1608,3,1,0
1608,4,2,0
1608,5,0,0
1608,5,2,0
1608,6,1,0
1608,6,2,0
1608,7,0,0
1608,7,1,0
1608,7,2,0
1609,1,0,0
1609,2,1,0
1609,3,0,0
1609,3,1,0
1609,4,2,0
1609,5,0,0
1609,5,2,0
1609,6,1,0
1609,6,2,0
1609,7,0,0
1609,7,1,0
1609,7,2,0
1610,1,0,0
1610,2,1,0
1610,3,0,0
1610,3,1,0
1610,4,2,0
1610,5,0,0
1610,5,2,0
1610,6,1,0
1610,6,2,0
1610,7,0,0
1610,7,1,0
1610,7,2,0
1611,1,0,0
1611,2,1,0
1611,3,0,0
1611,3,1,0
1611,4,2,0
1611,5,0,0
1611,5,2,0
1611,6,1,0
1611,6,2,0
1611,7,0,0
1611,7,1,0
1611,7,2,0
1612,1,0,0
1612,2,1,0
1612,3,0,0
1612,3,1,0
1612,4,2,0
1612,5,0,0
1612,5,2,0
1612,6,1,0
1612,6,2,0
1612,7,0,0
1612,7,1,0
1612,7,2,0
1613,1,0,0
1613,2,1,0
1613,3,0,0
1613,3,1,0
1613,4,2,0
1613,5,0,0
1613,5,2,0
1613,6,1,0
1613,6,2,0
1613,7,0,0
1613,7,1,0
1613,7,2,0
1614,1,0,0
1614,2,1,0
1614,3,0,0
1614,3,1,0
1614,4,2,0
1614,5,0,0
1614,5,2,0
1614,6,1,0
1614,6,2,0
1614,7,0,0
1614,7,1,0
1614,7,2,0
1615,1,0,0
1615,2,1,0
1615,3,0,0
1615,3,1,0
1615,4,2,0
1615,5,0,0
1615,5,2,0
1615,6,1,0
1615,6,2,0
1615,7,0,0
1615,7,1,0
1615,7,2,0
1616,1,0,0
1616,2,1,0
1616,3,0,0
1616,3,1,0
1616,4,2,0
1616,5,0,0
1616,5,2,0
1616,6,1,0
1616,6,2,0
1616,7,0,0
1616,7,1,0
1616,7,2,0
1617,1,0,0
1617,2,1,0
1617,3,0,0
1617,3,1,0
1617,4,2,0
1617,5,0,0
1617,5,2,0
1617,6,1,0
1617,6,2,0
1617,7,0,0
1617,7,1,0
1617,7,2,0
1618,1,0,0
1618,2,1,0
1618,3,0,0
1618,3,1,0
1618,4,2,0
1618,5,0,0
1618,5,2,0
1618,6,1,0
1618,6,2,0
1618,7,0,0
1618,7,1,0
1618,7,2,0
1619,1,0,0
1619,2,1,0
1619,3,0,0
1619,3,1,0
1619,4,2,0
1619,5,0,0
1619,5,2,0
1619,6,1,0
1619,6,2,0
1619,7,0,0
1619,7,1,0
1619,7,2,0
1620,1,0,1
1620,2,1,0
1620,3,0,1
1620,3,1,0
1620,4,2,1
1620,5,0,1
1620,5,2,1
1620,6,1,0
1620,6,2,1
1620,7,0,1
1620,7,1,0
1620,7,2,1
1621,1,0,1
1621,2,1,0
1621,3,0,1
1621,3,1,0
1621,4,2,1
1621,5,0,1
1621,5,2,1
1621,6,1,0
1621,6,2,1
1621,7,0,1
1621,7,1,0
1621,7,2,1
1622,1,0,0
1622,2,1,0
1622,3,0,0
1622,3,1,0
1622,4,2,0
1622,5,0,0
1622,5,2,0
1622,6,1,0
1622,6,2,0
1622,7,0,0
1622,7,1,0
1622,7,2,0
1623,1,0,0
1623,2,1,0
1623,3,0,0
1623,3,1,0
1623,4,2,0
1623,5,0,0
1623,5,2,0
1623,6,1,0
1623,6,2,0
1623,7,0,0
1623,7,1,0
1623,7,2,0
1624,1,0,0
1624,2,1,0
1624,3,0,0
1624,3,1,0
1624,4,2,0
1624,5,0,0
1624,5,2,0
1624,6,1,0
1624,6,2,0
1624,7,0,0
1624,7,1,0
1624,7,2,0
1625,1,0,0
1625,2,1,0
1625,3,0,0
1625,3,1,0
1625,4,2,0
1625,5,0,0
1625,5,2,0
1625,6,1,0
1625,6,2,0
1625,7,0,0
1625,7,1,0
1625,7,2,0
1626,1,0,0
1626,2,1,0
1626,3,0,0
1626,3,1,0
1626,4,2,0
1626,5,0,0
1626,5,2,0
1626,6,1,0
1626,6,2,0
1626,7,0,0
1626,7,1,0
1626,7,2,0
1627,1,0,0
1627,2,1,0
1627,3,0,0
1627,3,1,0
1627,4,2,0
1627,5,0,0
1627,5,2,0
1627,6,1,0
1627,6,2,0
1627,7,0,0
1627,7,1,0
1627,7,2,0
1628,1,0,0
1628,2,1,0
1628,3,0,0
1628,3,1,0
1628,4,2,0
1628,5,0,0
1628,5,2,0
1628,6,1,0
1628,6,2,0
1628,7,0,0
1628,7,1,0
1628,7,2,0
1629,1,0,0
1629,2,1,0
1629,3,0,0
1629,3,1,0
1629,4,2,0
1629,5,0,0
1629,5,2,0
1629,6,1,0
1629,6,2,0
1629,7,0,0
1629,7,1,0
1629,7,2,0
1630,1,0,0
1630,2,1,0
1630,3,0,0
1630,3,1,0
1630,4,2,0
1630,5,0,0
1630,5,2,0
1630,6,1,0
1630,6,2,0
1630,7,0,0
1630,7,1,0
1630,7,2,0
1631,1,0,0
1631,2,1,0
1631,3,0,0
1631,3,1,0
1631,4,2,0
1631,5,0,0
1631,5,2,0
1631,6,1,0
1631,6,2,0
1631,7,0,0
1631,7,1,0
1631,7,2,0
1632,1,0,0
1632,2,1,0
1632,3,0,0
1632,3,1,0
1632,4,2,0
1632,5,0,0
1632,5,2,0
1632,6,1,0
1632,6,2,0
1632,7,0,0
1632,7,1,0
1632,7,2,0
1633,1,0,0
1633,2,1,0
1633,3,0,0
1633,3,1,0
1633,4,2,0
1633,5,0,0
1633,5,2,0
1633,6,1,0
1633,6,2,0
1633,7,0,0
1633,7,1,0
1633,7,2,0
1634,1,0,0
1634,2,1,0
1634,3,0,0
1634,3,1,0
1634,4,2,0
1634,5,0,0
1634,5,2,0
1634,6,1,0
1634,6,2,0
1634,7,0,0
1634,7,1,0
1634,7,2,0
1635,1,0,0
1635,2,1,0
1635,3,0,0
1635,3,1,0
1635,4,2,0
1635,5,0,0
1635,5,2,0
1635,6,1,0
1635,6,2,0
1635,7,0,0
1635,7,1,0
1635,7,2,0
1636,1,0,0
1636,2,1,0
1636,3,0,0
1636,3,1,0
1636,4,2,0
1636,5,0,0
1636,5,2,0
1636,6,1,0
1636,6,2,0
1636,7,0,0
1636,7,1,0
1636,7,2,0
1637,1,0,0
1637,2,1,0
1637,3,0,0
1637,3,1,0
1637,4,2,0
1637,5,0,0
1637,5,2,0
1637,6,1,0
1637,6,2,0
1637,7,0,0
1637,7,1,0
1637,7,2,0
1638,1,0,0
1638,2,1,0
1638,3,0,0
1638,3,1,0
1638,4,2,0
1638,5,0,0
1638,5,2,0
1638,6,1,0
1638,6,2,0
1638,7,0,0
1638,7,1,0
1638,7,2,0
1639,1,0,0
1639,2,1,0
1639,3,0,0
1639,3,1,0
1639,4,2,0
1639,5,0,0
1639,5,2,0
1639,6,1,0
1639,6,2,0
1639,7,0,0
1639,7,1,0
1639,7,2,0
1640,1,0,0
1640,2,1,0
1640,3,0,0
1640,3,1,0
1640,4,2,0
1640,5,0,0
1640,5,2,0
1640,6,1,0
1640,6,2,0
1640,7,0,0
1640,7,1,0
1640,7,2,0
1641,1,0,0
1641,2,1,0
1641,3,0,0
1641,3,1,0
1641,4,2,0
1641,5,0,0
1641,5,2,0
1641,6,1,0
1641,6,2,0
1641,7,0,0
1641,7,1,0
1641,7,2,0
1642,1,0,0
1642,2,1,0
1642,3,0,0
1642,3,1,0
1642,4,2,0
1642,5,0,0
1642,5,2,0
1642,6,1,0
1642,6,2,0
1642,7,0,0
1642,7,1,0
1642,7,2,0
1643,1,0,0
1643,2,1,0
1643,3,0,0
1643,3,1,0
1643,4,2,0
1643,5,0,0
1643,5,2,0
1643,6,1,0
1643,6,2,0
1643,7,0,0
1643,7,1,0
1643,7,2,0
1644,1,0,0
1644,2,1,0
1644,3,0,0
1644,3,1,0
1644,4,2,0
1644,5,0,0
1644,5,2,0
1644,6,1,0
1644,6,2,0
1644,7,0,0
1644,7,1,0
1644,7,2,0
1645,1,0,0
1645,2,1,0
1645,3,0,0
1645,3,1,0
1645,4,2,0
1645,5,0,0
1645,5,2,0
1645,6,1,0
1645,6,2,0
1645,7,0,0
1645,7,1,0
1645,7,2,0
1646,1,0,0
1646,2,1,0
1646,3,0,0
1646,3,1,0
1646,4,2,0
1646,5,0,0
1646,5,2,0
1646,6,1,0
1646,6,2,0
1646,7,0,0
1646,7,1,0
1646,7,2,0
1647,1,0,1
1647,2,1,0
1647,3,0,1
1647,3,1,0
1647,4,2,1
1647,5,0,1
1647,5,2,1
1647,6,1,0
1647,6,2,1
1647,7,0,1
1647,7,1,0
1647,7,2,1
1648,1,0,1
1648,2,1,0
1648,3,0,1
1648,3,1,0
1648,4,2,1
1648,5,0,1
1648,5,2,1
1648,6,1,0
1648,6,2,1
1648,7,0,1
1648,7,1,0
1648,7,2,1
1649,1,0,0
1649,2,1,0
1649,3,0,0
1649,3,1,0
1649,4,2,0
1649,5,0,0
1649,5,2,0
1649,6,1,0
1649,6,2,0
1649,7,0,0
1649,7,1,0
1649,7,2,0
1650,1,0,0
1650,2,1,0
1650,3,0,0
1650,3,1,0
1650,4,2,0
1650,5,0,0
1650,5,2,0
1650,6,1,0
1650,6,2,0
1650,7,0,0
1650,7,1,0
1650,7,2,0
1651,1,0,0
1651,2,1,0
1651,3,0,0
1651,3,1,0
1651,4,2,0
1651,5,0,0
1651,5,2,0
1651,6,1,0
1651,6,2,0
1651,7,0,0
1651,7,1,0
1651,7,2,0
1652,1,0,0
1652,2,1,0
1652,3,0,0
1652,3,1,0
1652,4,2,0
1652,5,0,0
1652,5,2,0
1652,6,1,0
1652,6,2,0
1652,7,0,0
1652,7,1,0
1652,7,2,0
1653,1,0,0
1653,2,1,0
1653,3,0,0
1653,3,1,0
1653,4,2,0
1653,5,0,0
1653,5,2,0
1653,6,1,0
1653,6,2,0
1653,7,0,0
1653,7,1,0
1653,7,2,0
1654,1,0,0
1654,2,1,0
1654,3,0,0
1654,3,1,0
1654,4,2,0
1654,5,0,0
1654,5,2,0
1654,6,1,0
1654,6,2,0
1654,7,0,0
1654,7,1,0
1654,7,2,0
1655,1,0,0
1655,2,1,0
1655,3,0,0
1655,3,1,0
1655,4,2,0
1655,5,0,0
1655,5,2,0
1655,6,1,0
1655,6,2,0
1655,7,0,0
1655,7,1,0
1655,7,2,0
1656,1,0,0
1656,2,1,0
1656,3,0,0
1656,3,1,0
1656,4,2,0
1656,5,0,0
1656,5,2,0
1656,6,1,0
1656,6,2,0
1656,7,0,0
1656,7,1,0
1656,7,2,0
1657,1,0,0
1657,2,1,0
1657,3,0,0
1657,3,1,0
1657,4,2,0
1657,5,0,0
1657,5,2,0
1657,6,1,0
1657,6,2,0
1657,7,0,0
1657,7,1,0
1657,7,2,0
1658,1,0,0
1658,2,1,0
1658,3,0,0
1658,3,1,0
1658,4,2,0
1658,5,0,0
1658,5,2,0
1658,6,1,0
1658,6,2,0
1658,7,0,0
1658,7,1,0
1658,7,2,0
1659,1,0,0
1659,2,1,0
1659,3,0,0
1659,3,1,0
1659,4,2,0
1659,5,0,0
1659,5,2,0
1659,6,1,0
1659,6,2,0
1659,7,0,0
1659,7,1,0
1659,7,2,0
1660,1,0,0
1660,2,1,0
1660,3,0,0
1660,3,1,0
1660,4,2,0
1660,5,0,0
1660,5,2,0
1660,6,1,0
1660,6,2,0
1660,7,0,0
1660,7,1,0
1660,7,2,0
1661,1,0,0
1661,2,1,0
1661,3,0,0
1661,3,1,0
1661,4,2,0
1661,5,0,0
1661,5,2,0
1661,6,1,0
1661,6,2,0
1661,7,0,0
1661,7,1,0
1661,7,2,0
1662,1,0,0
1662,2,1,0
1662,3,0,0
1662,3,1,0
1662,4,2,0
1662,5,0,0
1662,5,2,0
1662,6,1,0
1662,6,2,0
1662,7,0,0
1662,7,1,0
1662,7,2,0
1663,1,0,0
1663,2,1,0
1663,3,0,0
1663,3,1,0
1663,4,2,0
1663,5,0,0
1663,5,2,0
1663,6,1,0
1663,6,2,0
1663,7,0,0
1663,7,1,0
1663,7,2,0
1664,1,0,0
1664,2,1,0
1664,3,0,0
1664,3,1,0
1664,4,2,0
1664,5,0,0
1664,5,2,0
1664,6,1,0
1664,6,2,0
1664,7,0,0
1664,7,1,0
1664,7,2,0
1665,1,0,0
1665,2,1,0
1665,3,0,0
1665,3,1,0
1665,4,2,0
1665,5,0,0
1665,5,2,0
1665,6,1,0
1665,6,2,0
1665,7,0,0
1665,7,1,0
1665,7,2,0
1666,1,0,0
1666,2,1,0
1666,3,0,0
1666,3,1,0
1666,4,2,0
1666,5,0,0
1666,5,2,0
1666,6,1,0
1666,6,2,0
1666,7,0,0
1666,7,1,0
1666,7,2,0
1667,1,0,0
1667,2,1,0
1667,3,0,0
1667,3,1,0
1667,4,2,0
1667,5,0,0
1667,5,2,0
1667,6,1,0
1667,6,2,0
1667,7,0,0
1667,7,1,0
1667,7,2,0
1668,1,0,0
1668,2,1,0
1668,3,0,0
1668,3,1,0
1668,4,2,0
1668,5,0,0
1668,5,2,0
1668,6,1,0
1668,6,2,0
1668,7,0,0
1668,7,1,0
1668,7,2,0
1669,1,0,0
1669,2,1,0
1669,3,0,0
1669,3,1,0
1669,4,2,0
1669,5,0,0
1669,5,2,0
1669,6,1,0
1669,6,2,0
1669,7,0,0
1669,7,1,0
1669,7,2,0
1670,1,0,0
1670,2,1,0
1670,3,0,0
1670,3,1,0
1670,4,2,0
1670,5,0,0
1670,5,2,0
1670,6,1,0
1670,6,2,0
1670,7,0,0
1670,7,1,0
1670,7,2,0
1671,1,0,0
1671,2,1,0
1671,3,0,0
1671,3,1,0
1671,4,2,0
1671,5,0,0
1671,5,2,0
1671,6,1,0
1671,6,2,0
1671,7,0,0
1671,7,1,0
1671,7,2,0
1672,1,0,0
1672,2,1,0
1672,3,0,0
1672,3,1,0
1672,4,2,0
1672,5,0,0
1672,5,2,0
1672,6,1,0
1672,6,2,0
1672,7,0,0
1672,7,1,0
1672,7,2,0
1673,1,0,0
1673,2,1,0
1673,3,0,0
1673,3,1,0
1673,4,2,0
1673,5,0,0
1673,5,2,0
1673,6,1,0
1673,6,2,0
1673,7,0,0
1673,7,1,0
1673,7,2,0
1674,1,0,1
1674,2,1,0
1674,3,0,1
1674,3,1,0
1674,4,2,1
1674,5,0,1
1674,5,2,1
1674,6,1,0
1674,6,2,1
1674,7,0,1
1674,7,1,0
1674,7,2,1
1675,1,0,1
1675,2,1,0
1675,3,0,1
1675,3,1,0
1675,4,2,1
1675,5,0,1
1675,5,2,1
1675,6,1,0
1675,6,2,1
1675,7,0,1
1675,7,1,0
1675,7,2,1
1676,1,0,0
1676,2,1,0
1676,3,0,0
1676,3,1,0
1676,4,2,0
1676,5,0,0
1676,5,2,0
1676,6,1,0
1676,6,2,0
1676,7,0,0
1676,7,1,0
1676,7,2,0
1677,1,0,0
1677,2,1,0
1677,3,0,0
1677,3,1,0
1677,4,2,0
1677,5,0,0
1677,5,2,0
1677,6,1,0
1677,6,2,0
1677,7,0,0
1677,7,1,0
1677,7,2,0
1678,1,0,0
1678,2,1,0
1678,3,0,0
1678,3,1,0
1678,4,2,0
1678,5,0,0
1678,5,2,0
1678,6,1,0
1678,6,2,0
1678,7,0,0
1678,7,1,0
1678,7,2,0
1679,1,0,0
1679,2,1,0
1679,3,0,0
1679,3,1,0
1679,4,2,0
1679,5,0,0
1679,5,2,0
1679,6,1,0
1679,6,2,0
1679,7,0,0
1679,7,1,0
1679,7,2,0
1680,1,0,0
1680,2,1,0
1680,3,0,0
1680,3,1,0
1680,4,2,0
1680,5,0,0
1680,5,2,0
1680,6,1,0
1680,6,2,0
1680,7,0,0
1680,7,1,0
1680,7,2,0
1681,1,0,0
1681,2,1,0
1681,3,0,0
1681,3,1,0
1681,4,2,0
1681,5,0,0
1681,5,2,0
1681,6,1,0
1681,6,2,0
1681,7,0,0
1681,7,1,0
1681,7,2,0
1682,1,0,0
1682,2,1,0
1682,3,0,0
1682,3,1,0
1682,4,2,0
1682,5,0,0
1682,5,2,0
1682,6,1,0
1682,6,2,0
1682,7,0,0
1682,7,1,0
1682,7,2,0
1683,1,0,0
1683,2,1,0
1683,3,0,0
1683,3,1,0
1683,4,2,0
1683,5,0,0
1683,5,2,0
1683,6,1,0
1683,6,2,0
1683,7,0,0
1683,7,1,0
1683,7,2,0
1684,1,0,0
1684,2,1,0
1684,3,0,0
1684,3,1,0
1684,4,2,0
1684,5,0,0
1684,5,2,0
1684,6,1,0
1684,6,2,0
1684,7,0,0
1684,7,1,0
1684,7,2,0
1685,1,0,0
1685,2,1,0
1685,3,0,0
1685,3,1,0
1685,4,2,0
1685,5,0,0
1685,5,2,0
1685,6,1,0
1685,6,2,0
1685,7,0,0
1685,7,1,0
1685,7,2,0
1686,1,0,0
1686,2,1,0
1686,3,0,0
1686,3,1,0
1686,4,2,0
1686,5,0,0
1686,5,2,0
1686,6,1,0
1686,6,2,0
1686,7,0,0
1686,7,1,0
1686,7,2,0
1687,1,0,0
1687,2,1,0
1687,3,0,0
1687,3,1,0
1687,4,2,0
1687,5,0,0
1687,5,2,0
1687,6,1,0
1687,6,2,0
1687,7,0,0
1687,7,1,0
1687,7,2,0
1688,1,0,0
1688,2,1,0
1688,3,0,0
1688,3,1,0
1688,4,2,0
1688,5,0,0
1688,5,2,0
1688,6,1,0
1688,6,2,0
1688,7,0,0
1688,7,1,0
1688,7,2,0
1689,1,0,0
1689,2,1,0
1689,3,0,0
1689,3,1,0
1689,4,2,0
1689,5,0,0
1689,5,2,0
1689,6,1,0
1689,6,2,0
1689,7,0,0
1689,7,1,0
1689,7,2,0
1690,1,0,0
1690,2,1,0
1690,3,0,0
1690,3,1,0
1690,4,2,0
1690,5,0,0
1690,5,2,0
1690,6,1,0
1690,6,2,0
1690,7,0,0
1690,7,1,0
1690,7,2,0
1691,1,0,0
1691,2,1,0
1691,3,0,0
1691,3,1,0
1691,4,2,0
1691,5,0,0
1691,5,2,0
1691,6,1,0
1691,6,2,0
1691,7,0,0
1691,7,1,0
1691,7,2,0
1692,1,0,0
1692,2,1,0
1692,3,0,0
1692,3,1,0
1692,4,2,0
1692,5,0,0
1692,5,2,0
1692,6,1,0
1692,6,2,0
1692,7,0,0
1692,7,1,0
1692,7,2,0
1693,1,0,0
1693,2,1,0
1693,3,0,0
1693,3,1,0
1693,4,2,0
1693,5,0,0
1693,5,2,0
1693,6,1,0
1693,6,2,0
1693,7,0,0
1693,7,1,0
1693,7,2,0
1694,1,0,0
1694,2,1,0
1694,3,0,0
1694,3,1,0
1694,4,2,0
1694,5,0,0
1694,5,2,0
1694,6,1,0
1694,6,2,0
1694,7,0,0
1694,7,1,0
1694,7,2,0
1695,1,0,0
1695,2,1,0
1695,3,0,0
1695,3,1,0
1695,4,2,0
1695,5,0,0
1695,5,2,0
1695,6,1,0
1695,6,2,0
1695,7,0,0
1695,7,1,0
1695,7,2,0
1696,1,0,0
1696,2,1,0
1696,3,0,0
1696,3,1,0
1696,4,2,0
1696,5,0,0
1696,5,2,0
1696,6,1,0
1696,6,2,0
1696,7,0,0
1696,7,1,0
1696,7,2,0
1697,1,0,0
1697,2,1,0
1697,3,0,0
1697,3,1,0
1697,4,2,0
1697,5,0,0
1697,5,2,0
1697,6,1,0
1697,6,2,0
1697,7,0,0
1697,7,1,0
1697,7,2,0
1698,1,0,0
1698,2,1,0
1698,3,0,0
1698,3,1,0
1698,4,2,0
1698,5,0,0
1698,5,2,0
1698,6,1,0
1698,6,2,0
1698,7,0,0
1698,7,1,0
1698,7,2,0
1699,1,0,0
1699,2,1,0
1699,3,0,0
1699,3,1,0
1699,4,2,0
1699,5,0,0
1699,5,2,0
1699,6,1,0
1699,6,2,0
1699,7,0,0
1699,7,1,0
1699,7,2,0
1700,1,0,0
1700,2,1,0
1700,3,0,0
1700,3,1,0
1700,4,2,0
1700,5,0,0
1700,5,2,0
1700,6,1,0
1700,6,2,0
1700,7,0,0
1700,7,1,0
1700,7,2,0
1701,1,0,1
1701,2,1,1
1701,3,0,1
1701,3,1,1
1701,4,2,1
1701,5,0,1
1701,5,2,1
1701,6,1,1
1701,6,2,1
1701,7,0,1
1701,7,1,1
1701,7,2,1
1702,1,0,1
1702,2,1,1
1702,3,0,1
1702,3,1,1
1702,4,2,1
1702,5,0,1
1702,5,2,1
1702,6,1,1
1702,6,2,1
1702,7,0,1
1702,7,1,1
1702,7,2,1
1703,1,0,0
1703,2,1,0
1703,3,0,0
1703,3,1,0
1703,4,2,0
1703,5,0,0
1703,5,2,0
1703,6,1,0
1703,6,2,0
1703,7,0,0
1703,7,1,0
1703,7,2,0
1704,1,0,0
1704,2,1,0
1704,3,0,0
1704,3,1,0
1704,4,2,0
1704,5,0,0
1704,5,2,0
1704,6,1,0
1704,6,2,0
1704,7,0,0
1704,7,1,0
1704,7,2,0
1705,1,0,0
1705,2,1,0
1705,3,0,0
1705,3,1,0
1705,4,2,0
1705,5,0,0
1705,5,2,0
1705,6,1,0
1705,6,2,0
1705,7,0,0
1705,7,1,0
1705,7,2,0
1706,1,0,0
1706,2,1,0
1706,3,0,0
1706,3,1,0
1706,4,2,0
1706,5,0,0
1706,5,2,0
1706,6,1,0
1706,6,2,0
1706,7,0,0
1706,7,1,0
1706,7,2,0
1707,1,0,0
1707,2,1,0
1707,3,0,0
1707,3,1,0
1707,4,2,0
1707,5,0,0
1707,5,2,0
1707,6,1,0
1707,6,2,0
1707,7,0,0
1707,7,1,0
1707,7,2,0
1708,1,0,0
1708,2,1,0
1708,3,0,0
1708,3,1,0
1708,4,2,0
1708,5,0,0
1708,5,2,0
1708,6,1,0
1708,6,2,0
1708,7,0,0
1708,7,1,0
1708,7,2,0
1709,1,0,0
1709,2,1,0
1709,3,0,0
1709,3,1,0
1709,4,2,0
1709,5,0,0
1709,5,2,0
1709,6,1,0
1709,6,2,0
1709,7,0,0
1709,7,1,0
1709,7,2,0
1710,1,0,0
1710,2,1,0
1710,3,0,0
1710,3,1,0
1710,4,2,0
1710,5,0,0
1710,5,2,0
1710,6,1,0
1710,6,2,0
1710,7,0,0
1710,7,1,0
1710,7,2,0
1711,1,0,0
1711,2,1,0
1711,3,0,0
1711,3,1,0
1711,4,2,0
1711,5,0,0
1711,5,2,0
1711,6,1,0
1711,6,2,0
1711,7,0,0
1711,7,1,0
1711,7,2,0
1712,1,0,0
1712,2,1,0
1712,3,0,0
1712,3,1,0
1712,4,2,0
1712,5,0,0
1712,5,2,0
1712,6,1,0
1712,6,2,0
1712,7,0,0
1712,7,1,0
1712,7,2,0
1713,1,0,0
1713,2,1,0
1713,3,0,0
1713,3,1,0
1713,4,2,0
1713,5,0,0
1713,5,2,0
1713,6,1,0
1713,6,2,0
1713,7,0,0
1713,7,1,0
1713,7,2,0
1714,1,0,0
1714,2,1,0
1714,3,0,0
1714,3,1,0
1714,4,2,0
1714,5,0,0
1714,5,2,0
1714,6,1,0
1714,6,2,0
1714,7,0,0
1714,7,1,0
1714,7,2,0
1715,1,0,0
1715,2,1,0
1715,3,0,0
1715,3,1,0
1715,4,2,0
1715,5,0,0
1715,5,2,0
1715,6,1,0
1715,6,2,0
1715,7,0,0
1715,7,1,0
1715,7,2,0
1716,1,0,0
1716,2,1,0
1716,3,0,0
1716,3,1,0
1716,4,2,0
1716,5,0,0
1716,5,2,0
1716,6,1,0
1716,6,2,0
1716,7,0,0
1716,7,1,0
1716,7,2,0
1717,1,0,0
1717,2,1,0
1717,3,0,0
1717,3,1,0
1717,4,2,0
1717,5,0,0
1717,5,2,0
1717,6,1,0
1717,6,2,0
1717,7,0,0
1717,7,1,0
1717,7,2,0
1718,1,0,0
1718,2,1,0
1718,3,0,0
1718,3,1,0
1718,4,2,0
1718,5,0,0
1718,5,2,0
1718,6,1,0
1718,6,2,0
1718,7,0,0
1718,7,1,0
1718,7,2,0
1719,1,0,0
1719,2,1,0
1719,3,0,0
1719,3,1,0
1719,4,2,0
1719,5,0,0
1719,5,2,0
1719,6,1,0
1719,6,2,0
1719,7,0,0
1719,7,1,0
1719,7,2,0
1720,1,0,0
1720,2,1,0
1720,3,0,0
1720,3,1,0
1720,4,2,0
1720,5,0,0
1720,5,2,0
1720,6,1,0
1720,6,2,0
1720,7,0,0
1720,7,1,0
1720,7,2,0
1721,1,0,0
1721,2,1,0
1721,3,0,0
1721,3,1,0
1721,4,2,0
1721,5,0,0
1721,5,2,0
1721,6,1,0
1721,6,2,0
1721,7,0,0
1721,7,1,0
1721,7,2,0
1722,1,0,0
1722,2,1,0
1722,3,0,0
1722,3,1,0
1722,4,2,0
1722,5,0,0
1722,5,2,0
1722,6,1,0
1722,6,2,0
1722,7,0,0
1722,7,1,0
1722,7,2,0
1723,1,0,0
1723,2,1,0
1723,3,0,0
1723,3,1,0
1723,4,2,0
1723,5,0,0
1723,5,2,0
1723,6,1,0
1723,6,2,0
1723,7,0,0
1723,7,1,0
1723,7,2,0
1724,1,0,0
1724,2,1,0
1724,3,0,0
1724,3,1,0
1724,4,2,0
1724,5,0,0
1724,5,2,0
1724,6,1,0
1724,6,2,0
1724,7,0,0
1724,7,1,0
1724,7,2,0
1725,1,0,0
1725,2,1,0
1725,3,0,0
1725,3,1,0
1725,4,2,0
1725,5,0,0
1725,5,2,0
1725,6,1,0
1725,6,2,0
1725,7,0,0
1725,7,1,0
1725,7,2,0
1726,1,0,0
1726,2,1,0
1726,3,0,0
1726,3,1,0
1726,4,2,0
1726,5,0,0
1726,5,2,0
1726,6,1,0
1726,6,2,0
1726,7,0,0
1726,7,1,0
1726,7,2,0
1727,1,0,0
1727,2,1,0
1727,3,0,0
1727,3,1,0
1727,4,2,0
1727,5,0,0
1727,5,2,0
1727,6,1,0
1727,6,2,0
1727,7,0,0
1727,7,1,0
1727,7,2,0
1728,1,0,1
1728,2,1,1
1728,3,0,1
1728,3,1,1
1728,4,2,1
1728,5,0,1
1728,5,2,1
1728,6,1,1
1728,6,2,1
1728,7,0,1
1728,7,1,1
1728,7,2,1
1729,1,0,1
1729,2,1,1
1729,3,0,1
1729,3,1,1
1729,4,2,1
1729,5,0,1
1729,5,2,1
1729,6,1,1
1729,6,2,1
1729,7,0,1
1729,7,1,1
1729,7,2,1
1730,1,0,0
1730,2,1,0
1730,3,0,0
1730,3,1,0
1730,4,2,0
1730,5,0,0
1730,5,2,0
1730,6,1,0
1730,6,2,0
1730,7,0,0
1730,7,1,0
1730,7,2,0
1731,1,0,0
1731,2,1,0
1731,3,0,0
1731,3,1,0
1731,4,2,0
1731,5,0,0
1731,5,2,0
1731,6,1,0
1731,6,2,0
1731,7,0,0
1731,7,1,0
1731,7,2,0
1732,1,0,0
1732,2,1,0
1732,3,0,0
1732,3,1,0
1732,4,2,0
1732,5,0,0
1732,5,2,0
1732,6,1,0
1732,6,2,0
1732,7,0,0
1732,7,1,0
1732,7,2,0
1733,1,0,0
1733,2,1,0
1733,3,0,0
1733,3,1,0
1733,4,2,0
1733,5,0,0
1733,5,2,0
1733,6,1,0
1733,6,2,0
1733,7,0,0
1733,7,1,0
1733,7,2,0
1734,1,0,0
1734,2,1,0
1734,3,0,0
1734,3,1,0
1734,4,2,0
1734,5,0,0
1734,5,2,0
1734,6,1,0
1734,6,2,0
1734,7,0,0
1734,7,1,0
1734,7,2,0
1735,1,0,0
1735,2,1,0
1735,3,0,0
1735,3,1,0
1735,4,2,0
1735,5,0,0
1735,5,2,0
1735,6,1,0
1735,6,2,0
1735,7,0,0
1735,7,1,0
1735,7,2,0
1736,1,0,0
1736,2,1,0
1736,3,0,0
1736,3,1,0
1736,4,2,0
1736,5,0,0
1736,5,2,0
1736,6,1,0
1736,6,2,0
1736,7,0,0
1736,7,1,0
1736,7,2,0
1737,1,0,0
1737,2,1,0
1737,3,0,0
1737,3,1,0
1737,4,2,0
1737,5,0,0
1737,5,2,0
1737,6,1,0
1737,6,2,0
1737,7,0,0
1737,7,1,0
1737,7,2,0
1738,1,0,0
1738,2,1,0
1738,3,0,0
1738,3,1,0
1738,4,2,0
1738,5,0,0
1738,5,2,0
1738,6,1,0
1738,6,2,0
1738,7,0,0
1738,7,1,0
1738,7,2,0
1739,1,0,0
1739,2,1,0
1739,3,0,0
1739,3,1,0
1739,4,2,0
1739,5,0,0
1739,5,2,0
1739,6,1,0
1739,6,2,0
1739,7,0,0
1739,7,1,0
1739,7,2,0
1740,1,0,0
1740,2,1,0
1740,3,0,0
1740,3,1,0
1740,4,2,0
1740,5,0,0
1740,5,2,0
1740,6,1,0
1740,6,2,0
1740,7,0,0
1740,7,1,0
1740,7,2,0
1741,1,0,0
1741,2,1,0
1741,3,0,0
1741,3,1,0
1741,4,2,0
1741,5,0,0
1741,5,2,0
1741,6,1,0
1741,6,2,0
1741,7,0,0
1741,7,1,0
1741,7,2,0
1742,1,0,0
1742,2,1,0
1742,3,0,0
1742,3,1,0
1742,4,2,0
1742,5,0,0
1742,5,2,0
1742,6,1,0
1742,6,2,0
1742,7,0,0
1742,7,1,0
1742,7,2,0
1743,1,0,0
1743,2,1,0
1743,3,0,0
1743,3,1,0
1743,4,2,0
1743,5,0,0
1743,5,2,0
1743,6,1,0
1743,6,2,0
1743,7,0,0
1743,7,1,0
1743,7,2,0
1744,1,0,0
1744,2,1,0
1744,3,0,0
1744,3,1,0
1744,4,2,0
1744,5,0,0
1744,5,2,0
1744,6,1,0
1744,6,2,0
1744,7,0,0
1744,7,1,0
1744,7,2,0
1745,1,0,0
1745,2,1,0
1745,3,0,0
1745,3,1,0
1745,4,2,0
1745,5,0,0
1745,5,2,0
1745,6,1,0
1745,6,2,0
1745,7,0,0
1745,7,1,0
1745,7,2,0
1746,1,0,0
1746,2,1,0
1746,3,0,0
1746,3,1,0
1746,4,2,0
1746,5,0,0
1746,5,2,0
1746,6,1,0
1746,6,2,0
1746,7,0,0
1746,7,1,0
1746,7,2,0
1747,1,0,0
1747,2,1,0
1747,3,0,0
1747,3,1,0
1747,4,2,0
1747,5,0,0
1747,5,2,0
1747,6,1,0
1747,6,2,0
1747,7,0,0
1747,7,1,0
1747,7,2,0
1748,1,0,0
1748,2,1,0
1748,3,0,0
1748,3,1,0
1748,4,2,0
1748,5,0,0
1748,5,2,0
1748,6,1,0
1748,6,2,0
1748,7,0,0
1748,7,1,0
1748,7,2,0
1749,1,0,0
1749,2,1,0
1749,3,0,0
1749,3,1,0
1749,4,2,0
1749,5,0,0
1749,5,2,0
1749,6,1,0
1749,6,2,0
1749,7,0,0
1749,7,1,0
1749,7,2,0
1750,1,0,0
1750,2,1,0
1750,3,0,0
1750,3,1,0
1750,4,2,0
1750,5,0,0
1750,5,2,0
1750,6,1,0
1750,6,2,0
1750,7,0,0
1750,7,1,0
1750,7,2,0
1751,1,0,0
1751,2,1,0
1751,3,0,0
1751,3,1,0
1751,4,2,0
1751,5,0,0
1751,5,2,0
1751,6,1,0
1751,6,2,0
1751,7,0,0
1751,7,1,0
1751,7,2,0
1752,1,0,0
1752,2,1,0
1752,3,0,0
1752,3,1,0
1752,4,2,0
1752,5,0,0
1752,5,2,0
1752,6,1,0
1752,6,2,0
1752,7,0,0
1752,7,1,0
1752,7,2,0
1753,1,0,0
1753,2,1,0
1753,3,0,0
1753,3,1,0
1753,4,2,0
1753,5,0,0
1753,5,2,0
1753,6,1,0
1753,6,2,0
1753,7,0,0
1753,7,1,0
1753,7,2,0
1754,1,0,0
1754,2,1,0
1754,3,0,0
1754,3,1,0
1754,4,2,0
1754,5,0,0
1754,5,2,0
1754,6,1,0
1754,6,2,0
1754,7,0,0
1754,7,1,0
1754,7,2,0
1755,1,0,1
1755,2,1,1
1755,3,0,1
1755,3,1,1
1755,4,2,1
1755,5,0,1
1755,5,2,1
1755,6,1,1
1755,6,2,1
1755,7,0,1
1755,7,1,1
1755,7,2,1
1756,1,0,1
1756,2,1,1
1756,3,0,1
1756,3,1,1
1756,4,2,1
1756,5,0,1
1756,5,2,1
1756,6,1,1
1756,6,2,1
1756,7,0,1
1756,7,1,1
1756,7,2,1
1757,1,0,0
1757,2,1,0
1757,3,0,0
1757,3,1,0
1757,4,2,0
1757,5,0,0
1757,5,2,0
1757,6,1,0
1757,6,2,0
1757,7,0,0
1757,7,1,0
1757,7,2,0
1758,1,0,0
1758,2,1,0
1758,3,0,0
1758,3,1,0
1758,4,2,0
1758,5,0,0
1758,5,2,0
1758,6,1,0
1758,6,2,0
1758,7,0,0
1758,7,1,0
1758,7,2,0
1759,1,0,0
1759,2,1,0
1759,3,0,0
1759,3,1,0
1759,4,2,0
1759,5,0,0
1759,5,2,0
1759,6,1,0
1759,6,2,0
1759,7,0,0
1759,7,1,0
1759,7,2,0
1760,1,0,0
1760,2,1,0
1760,3,0,0
1760,3,1,0
1760,4,2,0
1760,5,0,0
1760,5,2,0
1760,6,1,0
1760,6,2,0
1760,7,0,0
1760,7,1,0
1760,7,2,0
1761,1,0,0
1761,2,1,0
1761,3,0,0
1761,3,1,0
1761,4,2,0
1761,5,0,0
1761,5,2,0
1761,6,1,0
1761,6,2,0
1761,7,0,0
1761,7,1,0
1761,7,2,0
1762,1,0,0
1762,2,1,0
1762,3,0,0
1762,3,1,0
1762,4,2,0
1762,5,0,0
1762,5,2,0
1762,6,1,0
1762,6,2,0
1762,7,0,0
1762,7,1,0
1762,7,2,0
1763,1,0,0
1763,2,1,0
1763,3,0,0
1763,3,1,0
1763,4,2,0
1763,5,0,0
1763,5,2,0
1763,6,1,0
1763,6,2,0
1763,7,0,0
1763,7,1,0
1763,7,2,0
1764,1,0,0
1764,2,1,0
1764,3,0,0
1764,3,1,0
1764,4,2,0
1764,5,0,0
1764,5,2,0
1764,6,1,0
1764,6,2,0
1764,7,0,0
1764,7,1,0
1764,7,2,0
1765,1,0,0
1765,2,1,0
1765,3,0,0
1765,3,1,0
1765,4,2,0
1765,5,0,0
1765,5,2,0
1765,6,1,0
1765,6,2,0
1765,7,0,0
1765,7,1,0
1765,7,2,0
1766,1,0,0
1766,2,1,0
1766,3,0,0
1766,3,1,0
1766,4,2,0
1766,5,0,0
1766,5,2,0
1766,6,1,0
1766,6,2,0
1766,7,0,0
1766,7,1,0
1766,7,2,0
1767,1,0,0
1767,2,1,0
1767,3,0,0
1767,3,1,0
1767,4,2,0
1767,5,0,0
1767,5,2,0
1767,6,1,0
1767,6,2,0
1767,7,0,0
1767,7,1,0
1767,7,2,0
1768,1,0,0
1768,2,1,0
1768,3,0,0
1768,3,1,0
1768,4,2,0
1768,5,0,0
1768,5,2,0
1768,6,1,0
1768,6,2,0
1768,7,0,0
1768,7,1,0
1768,7,2,0
1769,1,0,0
1769,2,1,0
1769,3,0,0
1769,3,1,0
1769,4,2,0
1769,5,0,0
1769,5,2,0
1769,6,1,0
1769,6,2,0
1769,7,0,0
1769,7,1,0
1769,7,2,0
1770,1,0,0
1770,2,1,0
1770,3,0,0
1770,3,1,0
1770,4,2,0
1770,5,0,0
1770,5,2,0
1770,6,1,0
1770,6,2,0
1770,7,0,0
1770,7,1,0
1770,7,2,0
1771,1,0,0
1771,2,1,0
1771,3,0,0
1771,3,1,0
1771,4,2,0
1771,5,0,0
1771,5,2,0
1771,6,1,0
1771,6,2,0
1771,7,0,0
1771,7,1,0
1771,7,2,0
1772,1,0,0
1772,2,1,0
1772,3,0,0
1772,3,1,0
1772,4,2,0
1772,5,0,0
1772,5,2,0
1772,6,1,0
1772,6,2,0
1772,7,0,0
1772,7,1,0
1772,7,2,0
1773,1,0,0
1773,2,1,0
1773,3,0,0
1773,3,1,0
1773,4,2,0
1773,5,0,0
1773,5,2,0
1773,6,1,0
1773,6,2,0
1773,7,0,0
1773,7,1,0
1773,7,2,0
1774,1,0,0
1774,2,1,0
1774,3,0,0
1774,3,1,0
1774,4,2,0
1774,5,0,0
1774,5,2,0
1774,6,1,0
1774,6,2,0
1774,7,0,0
1774,7,1,0
1774,7,2,0
1775,1,0,0
1775,2,1,0
1775,3,0,0
1775,3,1,0
1775,4,2,0
1775,5,0,0
1775,5,2,0
1775,6,1,0
1775,6,2,0
1775,7,0,0
1775,7,1,0
1775,7,2,0
1776,1,0,0
1776,2,1,0
1776,3,0,0
1776,3,1,0
1776,4,2,0
1776,5,0,0
1776,5,2,0
1776,6,1,0
1776,6,2,0
1776,7,0,0
1776,7,1,0
1776,7,2,0
1777,1,0,0
1777,2,1,0
1777,3,0,0
1777,3,1,0
1777,4,2,0
1777,5,0,0
1777,5,2,0
1777,6,1,0
1777,6,2,0
1777,7,0,0
1777,7,1,0
1777,7,2,0
1778,1,0,0
1778,2,1,0
1778,3,0,0
1778,3,1,0
1778,4,2,0
1778,5,0,0
1778,5,2,0
1778,6,1,0
1778,6,2,0
1778,7,0,0
1778,7,1,0
1778,7,2,0
1779,1,0,0
1779,2,1,0
1779,3,0,0
1779,3,1,0
1779,4,2,0
1779,5,0,0
1779,5,2,0
1779,6,1,0
1779,6,2,0
1779,7,0,0
1779,7,1,0
1779,7,2,0
1780,1,0,0
1780,2,1,0
1780,3,0,0
1780,3,1,0
1780,4,2,0
1780,5,0,0
1780,5,2,0
1780,6,1,0
1780,6,2,0
1780,7,0,0
1780,7,1,0
1780,7,2,0
1781,1,0,0
1781,2,1,0
1781,3,0,0
1781,3,1,0
1781,4,2,0
1781,5,0,0
1781,5,2,0
1781,6,1,0
1781,6,2,0
1781,7,0,0
1781,7,1,0
1781,7,2,0
1782,1,0,1
1782,2,1,1
1782,3,0,1
1782,3,1,1
1782,4,2,1
1782,5,0,1
1782,5,2,1
1782,6,1,1
1782,6,2,1
1782,7,0,1
1782,7,1,1
1782,7,2,1
1783,1,0,1
1783,2,1,1
1783,3,0,1
1783,3,1,1
1783,4,2,1
1783,5,0,1
1783,5,2,1
1783,6,1,1
1783,6,2,1
1783,7,0,1
1783,7,1,1
1783,7,2,1
1784,1,0,0
1784,2,1,0
1784,3,0,0
1784,3,1,0
1784,4,2,0
1784,5,0,0
1784,5,2,0
1784,6,1,0
1784,6,2,0
1784,7,0,0
1784,7,1,0
1784,7,2,0
1785,1,0,0
1785,2,1,0
1785,3,0,0
1785,3,1,0
1785,4,2,0
1785,5,0,0
1785,5,2,0
1785,6,1,0
1785,6,2,0
1785,7,0,0
1785,7,1,0
1785,7,2,0
1786,1,0,0
1786,2,1,0
1786,3,0,0
1786,3,1,0
1786,4,2,0
1786,5,0,0
1786,5,2,0
1786,6,1,0
1786,6,2,0
1786,7,0,0
1786,7,1,0
1786,7,2,0
1787,1,0,0
1787,2,1,0
1787,3,0,0
1787,3,1,0
1787,4,2,0
1787,5,0,0
1787,5,2,0
1787,6,1,0
1787,6,2,0
1787,7,0,0
1787,7,1,0
1787,7,2,0
1788,1,0,0
1788,2,1,0
1788,3,0,0
1788,3,1,0
1788,4,2,0
1788,5,0,0
1788,5,2,0
1788,6,1,0
1788,6,2,0
1788,7,0,0
1788,7,1,0
1788,7,2,0
1789,1,0,0
1789,2,1,0
1789,3,0,0
1789,3,1,0
1789,4,2,0
1789,5,0,0
1789,5,2,0
1789,6,1,0
1789,6,2,0
1789,7,0,0
1789,7,1,0
1789,7,2,0
1790,1,0,0
1790,2,1,0
1790,3,0,0
1790,3,1,0
1790,4,2,0
1790,5,0,0
1790,5,2,0
1790,6,1,0
1790,6,2,0
1790,7,0,0
1790,7,1,0
1790,7,2,0
1791,1,0,0
1791,2,1,0
1791,3,0,0
1791,3,1,0
1791,4,2,0
1791,5,0,0
1791,5,2,0
1791,6,1,0
1791,6,2,0
1791,7,0,0
1791,7,1,0
1791,7,2,0
1792,1,0,0
1792,2,1,0
1792,3,0,0
1792,3,1,0
1792,4,2,0
1792,5,0,0
1792,5,2,0
1792,6,1,0
1792,6,2,0
1792,7,0,0
1792,7,1,0
1792,7,2,0
1793,1,0,0
1793,2,1,0
1793,3,0,0
1793,3,1,0
1793,4,2,0
1793,5,0,0
1793,5,2,0
1793,6,1,0
1793,6,2,0
1793,7,0,0
1793,7,1,0
1793,7,2,0
1794,1,0,0
1794,2,1,0
1794,3,0,0
1794,3,1,0
1794,4,2,0
1794,5,0,0
1794,5,2,0
1794,6,1,0
1794,6,2,0
1794,7,0,0
1794,7,1,0
1794,7,2,0
1795,1,0,0
1795,2,1,0
1795,3,0,0
1795,3,1,0
1795,4,2,0
1795,5,0,0
1795,5,2,0
1795,6,1,0
1795,6,2,0
1795,7,0,0
1795,7,1,0
1795,7,2,0
1796,1,0,0
1796,2,1,0
1796,3,0,0
1796,3,1,0
1796,4,2,0
1796,5,0,0
1796,5,2,0
1796,6,1,0
1796,6,2,0
1796,7,0,0
1796,7,1,0
1796,7,2,0
1797,1,0,0
1797,2,1,0
1797,3,0,0
1797,3,1,0
1797,4,2,0
1797,5,0,0
1797,5,2,0
1797,6,1,0
1797,6,2,0
1797,7,0,0
1797,7,1,0
1797,7,2,0
1798,1,0,0
1798,2,1,0
1798,3,0,0
1798,3,1,0
1798,4,2,0
1798,5,0,0
1798,5,2,0
1798,6,1,0
1798,6,2,0
1798,7,0,0
1798,7,1,0
1798,7,2,0
1799,1,0,0
1799,2,1,0
1799,3,0,0
1799,3,1,0
1799,4,2,0
1799,5,0,0
1799,5,2,0
1799,6,1,0
1799,6,2,0
1799,7,0,0
1799,7,1,0
1799,7,2,0
1800,1,0,0
1800,2,1,0
1800,3,0,0
1800,3,1,0
1800,4,2,0
1800,5,0,0
1800,5,2,0
1800,6,1,0
1800,6,2,0
1800,7,0,0
1800,7,1,0
1800,7,2,0
1801,1,0,0
1801,2,1,0
1801,3,0,0
1801,3,1,0
1801,4,2,0
1801,5,0,0
1801,5,2,0
1801,6,1,0
1801,6,2,0
1801,7,0,0
1801,7,1,0
1801,7,2,0
1802,1,0,0
1802,2,1,0
1802,3,0,0
1802,3,1,0
1802,4,2,0
1802,5,0,0
1802,5,2,0
1802,6,1,0
1802,6,2,0
1802,7,0,0
1802,7,1,0
1802,7,2,0
1803,1,0,0
1803,2,1,0
1803,3,0,0
1803,3,1,0
1803,4,2,0
1803,5,0,0
1803,5,2,0
1803,6,1,0
1803,6,2,0
1803,7,0,0
1803,7,1,0
1803,7,2,0
1804,1,0,0
1804,2,1,0
1804,3,0,0
1804,3,1,0
1804,4,2,0
1804,5,0,0
1804,5,2,0
1804,6,1,0
1804,6,2,0
1804,7,0,0
1804,7,1,0
1804,7,2,0
1805,1,0,0
1805,2,1,0
1805,3,0,0
1805,3,1,0
1805,4,2,0
1805,5,0,0
1805,5,2,0
1805,6,1,0
1805,6,2,0
1805,7,0,0
1805,7,1,0
1805,7,2,0
1806,1,0,0
1806,2,1,0
1806,3,0,0
1806,3,1,0
1806,4,2,0
1806,5,0,0
1806,5,2,0
1806,6,1,0
1806,6,2,0
1806,7,0,0
1806,7,1,0
1806,7,2,0
1807,1,0,0
1807,2,1,0
1807,3,0,0
1807,3,1,0
1807,4,2,0
1807,5,0,0
1807,5,2,0
1807,6,1,0
1807,6,2,0
1807,7,0,0
1807,7,1,0
1807,7,2,0
1808,1,0,0
1808,2,1,0
1808,3,0,0
1808,3,1,0
1808,4,2,0
1808,5,0,0
1808,5,2,0
1808,6,1,0
1808,6,2,0
1808,7,0,0
1808,7,1,0
1808,7,2,0
1809,1,0,1
1809,2,1,1
1809,3,0,1
1809,3,1,1
1809,4,2,1
1809,5,0,1
1809,5,2,1
1809,6,1,1
1809,6,2,1
1809,7,0,1
1809,7,1,1
1809,7,2,1
1810,1,0,1
1810,2,1,1
1810,3,0,1
1810,3,1,1
1810,4,2,1
1810,5,0,1
1810,5,2,1
1810,6,1,1
1810,6,2,1
1810,7,0,1
1810,7,1,1
1810,7,2,1
1811,1,0,0
1811,2,1,0
1811,3,0,0
1811,3,1,0
1811,4,2,0
1811,5,0,0
1811,5,2,0
1811,6,1,0
1811,6,2,0
1811,7,0,0
1811,7,1,0
1811,7,2,0
1812,1,0,0
1812,2,1,0
1812,3,0,0
1812,3,1,0
1812,4,2,0
1812,5,0,0
1812,5,2,0
1812,6,1,0
1812,6,2,0
1812,7,0,0
1812,7,1,0
1812,7,2,0
1813,1,0,0
1813,2,1,0
1813,3,0,0
1813,3,1,0
1813,4,2,0
1813,5,0,0
1813,5,2,0
1813,6,1,0
1813,6,2,0
1813,7,0,0
1813,7,1,0
1813,7,2,0
1814,1,0,0
1814,2,1,0
1814,3,0,0
1814,3,1,0
1814,4,2,0
1814,5,0,0
1814,5,2,0
1814,6,1,0
1814,6,2,0
1814,7,0,0
1814,7,1,0
1814,7,2,0
1815,1,0,0
1815,2,1,0
1815,3,0,0
1815,3,1,0
1815,4,2,0
1815,5,0,0
1815,5,2,0
1815,6,1,0
1815,6,2,0
1815,7,0,0
1815,7,1,0
1815,7,2,0
1816,1,0,0
1816,2,1,0
1816,3,0,0
1816,3,1,0
1816,4,2,0
1816,5,0,0
1816,5,2,0
1816,6,1,0
1816,6,2,0
1816,7,0,0
1816,7,1,0
1816,7,2,0
1817,1,0,0
1817,2,1,0
1817,3,0,0
1817,3,1,0
1817,4,2,0
1817,5,0,0
1817,5,2,0
1817,6,1,0
1817,6,2,0
1817,7,0,0
1817,7,1,0
1817,7,2,0
1818,1,0,0
1818,2,1,0
1818,3,0,0
1818,3,1,0
1818,4,2,0
1818,5,0,0
1818,5,2,0
1818,6,1,0
1818,6,2,0
1818,7,0,0
1818,7,1,0
1818,7,2,0
1819,1,0,0
1819,2,1,0
1819,3,0,0
1819,3,1,0
1819,4,2,0
1819,5,0,0
1819,5,2,0
1819,6,1,0
1819,6,2,0
1819,7,0,0
1819,7,1,0
1819,7,2,0
1820,1,0,0
1820,2,1,0
1820,3,0,0
1820,3,1,0
1820,4,2,0
1820,5,0,0
1820,5,2,0
1820,6,1,0
1820,6,2,0
1820,7,0,0
1820,7,1,0
1820,7,2,0
1821,1,0,0
1821,2,1,0
1821,3,0,0
1821,3,1,0
1821,4,2,0
1821,5,0,0
1821,5,2,0
1821,6,1,0
1821,6,2,0
1821,7,0,0
1821,7,1,0
1821,7,2,0
1822,1,0,0
1822,2,1,0
1822,3,0,0
1822,3,1,0
1822,4,2,0
1822,5,0,0
1822,5,2,0
1822,6,1,0
1822,6,2,0
1822,7,0,0
1822,7,1,0
1822,7,2,0
1823,1,0,0
1823,2,1,0
1823,3,0,0
1823,3,1,0
1823,4,2,0
1823,5,0,0
1823,5,2,0
1823,6,1,0
1823,6,2,0
1823,7,0,0
1823,7,1,0
1823,7,2,0
1824,1,0,0
1824,2,1,0
1824,3,0,0
1824,3,1,0
1824,4,2,0
1824,5,0,0
1824,5,2,0
1824,6,1,0
1824,6,2,0
1824,7,0,0
1824,7,1,0
1824,7,2,0
1825,1,0,0
1825,2,1,0
1825,3,0,0
1825,3,1,0
1825,4,2,0
1825,5,0,0
1825,5,2,0
1825,6,1,0
1825,6,2,0
1825,7,0,0
1825,7,1,0
1825,7,2,0
1826,1,0,0
1826,2,1,0
1826,3,0,0
1826,3,1,0
1826,4,2,0
1826,5,0,0
1826,5,2,0
1826,6,1,0
1826,6,2,0
1826,7,0,0
1826,7,1,0
1826,7,2,0
1827,1,0,0
1827,2,1,0
1827,3,0,0
1827,3,1,0
1827,4,2,0
1827,5,0,0
1827,5,2,0
1827,6,1,0
1827,6,2,0
1827,7,0,0
1827,7,1,0
1827,7,2,0
1828,1,0,0
1828,2,1,0
1828,3,0,0
1828,3,1,0
1828,4,2,0
1828,5,0,0
1828,5,2,0
1828,6,1,0
1828,6,2,0
1828,7,0,0
1828,7,1,0
1828,7,2,0
1829,1,0,0
1829,2,1,0
1829,3,0,0
1829,3,1,0
1829,4,2,0
1829,5,0,0
1829,5,2,0
1829,6,1,0
1829,6,2,0
1829,7,0,0
1829,7,1,0
1829,7,2,0
1830,1,0,0
1830,2,1,0
1830,3,0,0
1830,3,1,0
1830,4,2,0
1830,5,0,0
1830,5,2,0
1830,6,1,0
1830,6,2,0
1830,7,0,0
1830,7,1,0
1830,7,2,0
1831,1,0,0
1831,2,1,0
1831,3,0,0
1831,3,1,0
1831,4,2,0
1831,5,0,0
1831,5,2,0
1831,6,1,0
1831,6,2,0
1831,7,0,0
1831,7,1,0
1831,7,2,0
1832,1,0,0
1832,2,1,0
1832,3,0,0
1832,3,1,0
1832,4,2,0
1832,5,0,0
1832,5,2,0
1832,6,1,0
1832,6,2,0
1832,7,0,0
1832,7,1,0
1832,7,2,0
1833,1,0,0
1833,2,1,0
1833,3,0,0
1833,3,1,0
1833,4,2,0
1833,5,0,0
1833,5,2,0
1833,6,1,0
1833,6,2,0
1833,7,0,0
1833,7,1,0
1833,7,2,0
1834,1,0,0
1834,2,1,0
1834,3,0,0
1834,3,1,0
1834,4,2,0
1834,5,0,0
1834,5,2,0
1834,6,1,0
1834,6,2,0
1834,7,0,0
1834,7,1,0
1834,7,2,0
1835,1,0,0
1835,2,1,0
1835,3,0,0
1835,3,1,0
1835,4,2,0
1835,5,0,0
1835,5,2,0
1835,6,1,0
1835,6,2,0
1835,7,0,0
1835,7,1,0
1835,7,2,0
1836,1,0,1
1836,2,1,1
1836,3,0,1
1836,3,1,1
1836,4,2,1
1836,5,0,1
1836,5,2,1
1836,6,1,1
1836,6,2,1
1836,7,0,1
1836,7,1,1
1836,7,2,1
1837,1,0,1
1837,2,1,1
1837,3,0,1
1837,3,1,1
1837,4,2,1
1837,5,0,1
1837,5,2,1
1837,6,1,1
1837,6,2,1
1837,7,0,1
1837,7,1,1
1837,7,2,1
1838,1,0,0
1838,2,1,0
1838,3,0,0
1838,3,1,0
1838,4,2,0
1838,5,0,0
1838,5,2,0
1838,6,1,0
1838,6,2,0
1838,7,0,0
1838,7,1,0
1838,7,2,0
1839,1,0,0
1839,2,1,0
1839,3,0,0
1839,3,1,0
1839,4,2,0
1839,5,0,0
1839,5,2,0
1839,6,1,0
1839,6,2,0
1839,7,0,0
1839,7,1,0
1839,7,2,0
1840,1,0,0
1840,2,1,0
1840,3,0,0
1840,3,1,0
1840,4,2,0
1840,5,0,0
1840,5,2,0
1840,6,1,0
1840,6,2,0
1840,7,0,0
1840,7,1,0
1840,7,2,0
1841,1,0,0
1841,2,1,0
1841,3,0,0
1841,3,1,0
1841,4,2,0
1841,5,0,0
1841,5,2,0
1841,6,1,0
1841,6,2,0
1841,7,0,0
1841,7,1,0
1841,7,2,0
1842,1,0,0
1842,2,1,0
1842,3,0,0
1842,3,1,0
1842,4,2,0
1842,5,0,0
1842,5,2,0
1842,6,1,0
1842,6,2,0
1842,7,0,0
1842,7,1,0
1842,7,2,0
1843,1,0,0
1843,2,1,0
1843,3,0,0
1843,3,1,0
1843,4,2,0
1843,5,0,0
1843,5,2,0
1843,6,1,0
1843,6,2,0
1843,7,0,0
1843,7,1,0
1843,7,2,0
1844,1,0,0
1844,2,1,0
1844,3,0,0
1844,3,1,0
1844,4,2,0
1844,5,0,0
1844,5,2,0
1844,6,1,0
1844,6,2,0
1844,7,0,0
1844,7,1,0
1844,7,2,0
1845,1,0,0
1845,2,1,0
1845,3,0,0
1845,3,1,0
1845,4,2,0
1845,5,0,0
1845,5,2,0
1845,6,1,0
1845,6,2,0
1845,7,0,0
1845,7,1,0
1845,7,2,0
1846,1,0,0
1846,2,1,0
1846,3,0,0
1846,3,1,0
1846,4,2,0
1846,5,0,0
1846,5,2,0
1846,6,1,0
1846,6,2,0
1846,7,0,0
1846,7,1,0
1846,7,2,0
1847,1,0,0
1847,2,1,0
1847,3,0,0
1847,3,1,0
1847,4,2,0
1847,5,0,0
1847,5,2,0
1847,6,1,0
1847,6,2,0
1847,7,0,0
1847,7,1,0
1847,7,2,0
1848,1,0,0
1848,2,1,0
1848,3,0,0
1848,3,1,0
1848,4,2,0
1848,5,0,0
1848,5,2,0
1848,6,1,0
1848,6,2,0
1848,7,0,0
1848,7,1,0
1848,7,2,0
1849,1,0,0
1849,2,1,0
1849,3,0,0
1849,3,1,0
1849,4,2,0
1849,5,0,0
1849,5,2,0
1849,6,1,0
1849,6,2,0
1849,7,0,0
1849,7,1,0
1849,7,2,0
1850,1,0,0
1850,2,1,0
1850,3,0,0
1850,3,1,0
1850,4,2,0
1850,5,0,0
1850,5,2,0
1850,6,1,0
1850,6,2,0
1850,7,0,0
1850,7,1,0
1850,7,2,0
1851,1,0,0
1851,2,1,0
1851,3,0,0
1851,3,1,0
1851,4,2,0
1851,5,0,0
1851,5,2,0
1851,6,1,0
1851,6,2,0
1851,7,0,0
1851,7,1,0
1851,7,2,0
1852,1,0,0
1852,2,1,0
1852,3,0,0
1852,3,1,0
1852,4,2,0
1852,5,0,0
1852,5,2,0
1852,6,1,0
1852,6,2,0
1852,7,0,0
1852,7,1,0
1852,7,2,0
1853,1,0,0
1853,2,1,0
1853,3,0,0
1853,3,1,0
1853,4,2,0
1853,5,0,0
1853,5,2,0
1853,6,1,0
1853,6,2,0
1853,7,0,0
1853,7,1,0
1853,7,2,0
1854,1,0,0
1854,2,1,0
1854,3,0,0
1854,3,1,0
1854,4,2,0
1854,5,0,0
1854,5,2,0
1854,6,1,0
1854,6,2,0
1854,7,0,0
1854,7,1,0
1854,7,2,0
1855,1,0,0
1855,2,1,0
1855,3,0,0
1855,3,1,0
1855,4,2,0
1855,5,0,0
1855,5,2,0
1855,6,1,0
1855,6,2,0
1855,7,0,0
1855,7,1,0
1855,7,2,0
1856,1,0,0
1856,2,1,0
1856,3,0,0
1856,3,1,0
1856,4,2,0
1856,5,0,0
1856,5,2,0
1856,6,1,0
1856,6,2,0
1856,7,0,0
1856,7,1,0
1856,7,2,0
1857,1,0,0
1857,2,1,0
1857,3,0,0
1857,3,1,0
1857,4,2,0
1857,5,0,0
1857,5,2,0
1857,6,1,0
1857,6,2,0
1857,7,0,0
1857,7,1,0
1857,7,2,0
1858,1,0,0
1858,2,1,0
1858,3,0,0
1858,3,1,0
1858,4,2,0
1858,5,0,0
1858,5,2,0
1858,6,1,0
1858,6,2,0
1858,7,0,0
1858,7,1,0
1858,7,2,0
1859,1,0,0
1859,2,1,0
1859,3,0,0
1859,3,1,0
1859,4,2,0
1859,5,0,0
1859,5,2,0
1859,6,1,0
1859,6,2,0
1859,7,0,0
1859,7,1,0
1859,7,2,0
1860,1,0,0
1860,2,1,0
1860,3,0,0
1860,3,1,0
1860,4,2,0
1860,5,0,0
1860,5,2,0
1860,6,1,0
1860,6,2,0
1860,7,0,0
1860,7,1,0
1860,7,2,0
1861,1,0,0
1861,2,1,0
1861,3,0,0
1861,3,1,0
1861,4,2,0
1861,5,0,0
1861,5,2,0
1861,6,1,0
1861,6,2,0
1861,7,0,0
1861,7,1,0
1861,7,2,0
1862,1,0,0
1862,2,1,0
1862,3,0,0
1862,3,1,0
1862,4,2,0
1862,5,0,0
1862,5,2,0
1862,6,1,0
1862,6,2,0
1862,7,0,0
1862,7,1,0
1862,7,2,0
1863,1,0,1
1863,2,1,0
1863,3,0,1
1863,3,1,0
1863,4,2,1
1863,5,0,1
1863,5,2,1
1863,6,1,0
1863,6,2,1
1863,7,0,1
1863,7,1,0
1863,7,2,1
1864,1,0,1
1864,2,1,0
1864,3,0,1
1864,3,1,0
1864,4,2,1
1864,5,0,1
1864,5,2,1
1864,6,1,0
1864,6,2,1
1864,7,0,1
1864,7,1,0
1864,7,2,1
1865,1,0,0
1865,2,1,0
1865,3,0,0
1865,3,1,0
1865,4,2,0
1865,5,0,0
1865,5,2,0
1865,6,1,0
1865,6,2,0
1865,7,0,0
1865,7,1,0
1865,7,2,0
1866,1,0,0
1866,2,1,0
1866,3,0,0
1866,3,1,0
1866,4,2,0
1866,5,0,0
1866,5,2,0
1866,6,1,0
1866,6,2,0
1866,7,0,0
1866,7,1,0
1866,7,2,0
1867,1,0,0
1867,2,1,0
1867,3,0,0
1867,3,1,0
1867,4,2,0
1867,5,0,0
1867,5,2,0
1867,6,1,0
1867,6,2,0
1867,7,0,0
1867,7,1,0
1867,7,2,0
1868,1,0,0
1868,2,1,0
1868,3,0,0
1868,3,1,0
1868,4,2,0
1868,5,0,0
1868,5,2,0
1868,6,1,0
1868,6,2,0
1868,7,0,0
1868,7,1,0
1868,7,2,0
1869,1,0,0
1869,2,1,0
1869,3,0,0
1869,3,1,0
1869,4,2,0
1869,5,0,0
1869,5,2,0
1869,6,1,0
1869,6,2,0
1869,7,0,0
1869,7,1,0
1869,7,2,0
1870,1,0,0
1870,2,1,0
1870,3,0,0
1870,3,1,0
1870,4,2,0
1870,5,0,0
1870,5,2,0
1870,6,1,0
1870,6,2,0
1870,7,0,0
1870,7,1,0
1870,7,2,0
1871,1,0,0
1871,2,1,0
1871,3,0,0
1871,3,1,0
1871,4,2,0
1871,5,0,0
1871,5,2,0
1871,6,1,0
1871,6,2,0
1871,7,0,0
1871,7,1,0
1871,7,2,0
1872,1,0,0
1872,2,1,0
1872,3,0,0
1872,3,1,0
1872,4,2,0
1872,5,0,0
1872,5,2,0
1872,6,1,0
1872,6,2,0
1872,7,0,0
1872,7,1,0
1872,7,2,0
1873,1,0,0
1873,2,1,0
1873,3,0,0
1873,3,1,0
1873,4,2,0
1873,5,0,0
1873,5,2,0
1873,6,1,0
1873,6,2,0
1873,7,0,0
1873,7,1,0
1873,7,2,0
1874,1,0,0
1874,2,1,0
1874,3,0,0
1874,3,1,0
1874,4,2,0
1874,5,0,0
1874,5,2,0
1874,6,1,0
1874,6,2,0
1874,7,0,0
1874,7,1,0
1874,7,2,0
1875,1,0,0
1875,2,1,0
1875,3,0,0
1875,3,1,0
1875,4,2,0
1875,5,0,0
1875,5,2,0
1875,6,1,0
1875,6,2,0
1875,7,0,0
1875,7,1,0
1875,7,2,0
1876,1,0,0
1876,2,1,0
1876,3,0,0
1876,3,1,0
1876,4,2,0
1876,5,0,0
1876,5,2,0
1876,6,1,0
1876,6,2,0
1876,7,0,0
1876,7,1,0
1876,7,2,0
1877,1,0,0
1877,2,1,0
1877,3,0,0
1877,3,1,0
1877,4,2,0
1877,5,0,0
1877,5,2,0
1877,6,1,0
1877,6,2,0
1877,7,0,0
1877,7,1,0
1877,7,2,0
1878,1,0,0
1878,2,1,0
1878,3,0,0
1878,3,1,0
1878,4,2,0
1878,5,0,0
1878,5,2,0
1878,6,1,0
1878,6,2,0
1878,7,0,0
1878,7,1,0
1878,7,2,0
1879,1,0,0
1879,2,1,0
1879,3,0,0
1879,3,1,0
1879,4,2,0
1879,5,0,0
1879,5,2,0
1879,6,1,0
1879,6,2,0
1879,7,0,0
1879,7,1,0
1879,7,2,0
1880,1,0,0
1880,2,1,0
1880,3,0,0
1880,3,1,0
1880,4,2,0
1880,5,0,0
1880,5,2,0
1880,6,1,0
1880,6,2,0
1880,7,0,0
1880,7,1,0
1880,7,2,0
1881,1,0,0
1881,2,1,0
1881,3,0,0
1881,3,1,0
1881,4,2,0
1881,5,0,0
1881,5,2,0
1881,6,1,0
1881,6,2,0
1881,7,0,0
1881,7,1,0
1881,7,2,0
1882,1,0,0
1882,2,1,0
1882,3,0,0
1882,3,1,0
1882,4,2,0
1882,5,0,0
1882,5,2,0
1882,6,1,0
1882,6,2,0
1882,7,0,0
1882,7,1,0
1882,7,2,0
1883,1,0,0
1883,2,1,0
1883,3,0,0
1883,3,1,0
1883,4,2,0
1883,5,0,0
1883,5,2,0
1883,6,1,0
1883,6,2,0
1883,7,0,0
1883,7,1,0
1883,7,2,0
1884,1,0,0
1884,2,1,0
1884,3,0,0
1884,3,1,0
1884,4,2,0
1884,5,0,0
1884,5,2,0
1884,6,1,0
1884,6,2,0
1884,7,0,0
1884,7,1,0
1884,7,2,0
1885,1,0,0
1885,2,1,0
1885,3,0,0
1885,3,1,0
1885,4,2,0
1885,5,0,0
1885,5,2,0
1885,6,1,0
1885,6,2,0
1885,7,0,0
1885,7,1,0
1885,7,2,0
1886,1,0,0
1886,2,1,0
1886,3,0,0
1886,3,1,0
1886,4,2,0
1886,5,0,0
1886,5,2,0
1886,6,1,0
1886,6,2,0
1886,7,0,0
1886,7,1,0
1886,7,2,0
1887,1,0,0
1887,2,1,0
1887,3,0,0
1887,3,1,0
1887,4,2,0
1887,5,0,0
1887,5,2,0
1887,6,1,0
1887,6,2,0
1887,7,0,0
1887,7,1,0
1887,7,2,0
1888,1,0,0
1888,2,1,0
1888,3,0,0
1888,3,1,0
1888,4,2,0
1888,5,0,0
1888,5,2,0
1888,6,1,0
1888,6,2,0
1888,7,0,0
1888,7,1,0
1888,7,2,0
1889,1,0,0
1889,2,1,0
1889,3,0,0
1889,3,1,0
1889,4,2,0
1889,5,0,0
1889,5,2,0
1889,6,1,0
1889,6,2,0
1889,7,0,0
1889,7,1,0
1889,7,2,0
1890,1,0,1
1890,2,1,0
1890,3,0,1
1890,3,1,0
1890,4,2,1
1890,5,0,1
1890,5,2,1
1890,6,1,0
1890,6,2,1
1890,7,0,1
1890,7,1,0
1890,7,2,1
1891,1,0,1
1891,2,1,0
1891,3,0,1
1891,3,1,0
1891,4,2,1
1891,5,0,1
1891,5,2,1
1891,6,1,0
1891,6,2,1
1891,7,0,1
1891,7,1,0
1891,7,2,1
1892,1,0,0
1892,2,1,0
1892,3,0,0
1892,3,1,0
1892,4,2,0
1892,5,0,0
1892,5,2,0
1892,6,1,0
1892,6,2,0
1892,7,0,0
1892,7,1,0
1892,7,2,0
1893,1,0,0
1893,2,1,0
1893,3,0,0
1893,3,1,0
1893,4,2,0
1893,5,0,0
1893,5,2,0
1893,6,1,0
1893,6,2,0
1893,7,0,0
1893,7,1,0
1893,7,2,0
1894,1,0,0
1894,2,1,0
1894,3,0,0
1894,3,1,0
1894,4,2,0
1894,5,0,0
1894,5,2,0
1894,6,1,0
1894,6,2,0
1894,7,0,0
1894,7,1,0
1894,7,2,0
1895,1,0,0
1895,2,1,0
1895,3,0,0
1895,3,1,0
1895,4,2,0
1895,5,0,0
1895,5,2,0
1895,6,1,0
1895,6,2,0
1895,7,0,0
1895,7,1,0
1895,7,2,0
1896,1,0,0
1896,2,1,0
1896,3,0,0
1896,3,1,0
1896,4,2,0
1896,5,0,0
1896,5,2,0
1896,6,1,0
1896,6,2,0
1896,7,0,0
1896,7,1,0
1896,7,2,0
1897,1,0,0
1897,2,1,0
1897,3,0,0
1897,3,1,0
1897,4,2,0
1897,5,0,0
1897,5,2,0
1897,6,1,0
1897,6,2,0
1897,7,0,0
1897,7,1,0
1897,7,2,0
1898,1,0,0
1898,2,1,0
1898,3,0,0
1898,3,1,0
1898,4,2,0
1898,5,0,0
1898,5,2,0
1898,6,1,0
1898,6,2,0
1898,7,0,0
1898,7,1,0
1898,7,2,0
1899,1,0,0
1899,2,1,0
1899,3,0,0
1899,3,1,0
1899,4,2,0
1899,5,0,0
1899,5,2,0
1899,6,1,0
1899,6,2,0
1899,7,0,0
1899,7,1,0
1899,7,2,0
1900,1,0,0
1900,2,1,0
1900,3,0,0
1900,3,1,0
1900,4,2,0
1900,5,0,0
1900,5,2,0
1900,6,1,0
1900,6,2,0
1900,7,0,0
1900,7,1,0
1900,7,2,0
1901,1,0,0
1901,2,1,0
1901,3,0,0
1901,3,1,0
1901,4,2,0
1901,5,0,0
1901,5,2,0
1901,6,1,0
1901,6,2,0
1901,7,0,0
1901,7,1,0
1901,7,2,0
1902,1,0,0
1902,2,1,0
1902,3,0,0
1902,3,1,0
1902,4,2,0
1902,5,0,0
1902,5,2,0
1902,6,1,0
1902,6,2,0
1902,7,0,0
1902,7,1,0
1902,7,2,0
1903,1,0,0
1903,2,1,0
1903,3,0,0
1903,3,1,0
1903,4,2,0
1903,5,0,0
1903,5,2,0
1903,6,1,0
1903,6,2,0
1903,7,0,0
1903,7,1,0
1903,7,2,0
1904,1,0,0
1904,2,1,0
1904,3,0,0
1904,3,1,0
1904,4,2,0
1904,5,0,0
1904,5,2,0
1904,6,1,0
1904,6,2,0
1904,7,0,0
1904,7,1,0
1904,7,2,0
1905,1,0,0
1905,2,1,0
1905,3,0,0
1905,3,1,0
1905,4,2,0
1905,5,0,0
1905,5,2,0
1905,6,1,0
1905,6,2,0
1905,7,0,0
1905,7,1,0
1905,7,2,0
1906,1,0,0
1906,2,1,0
1906,3,0,0
1906,3,1,0
1906,4,2,0
1906,5,0,0
1906,5,2,0
1906,6,1,0
1906,6,2,0
1906,7,0,0
1906,7,1,0
1906,7,2,0
1907,1,0,0
1907,2,1,0
1907,3,0,0
1907,3,1,0
1907,4,2,0
1907,5,0,0
1907,5,2,0
1907,6,1,0
1907,6,2,0
1907,7,0,0
1907,7,1,0
1907,7,2,0
1908,1,0,0
1908,2,1,0
1908,3,0,0
1908,3,1,0
1908,4,2,0
1908,5,0,0
1908,5,2,0
1908,6,1,0
1908,6,2,0
1908,7,0,0
1908,7,1,0
1908,7,2,0
1909,1,0,0
1909,2,1,0
1909,3,0,0
1909,3,1,0
1909,4,2,0
1909,5,0,0
1909,5,2,0
1909,6,1,0
1909,6,2,0
1909,7,0,0
1909,7,1,0
1909,7,2,0
1910,1,0,0
1910,2,1,0
1910,3,0,0
1910,3,1,0
1910,4,2,0
1910,5,0,0
1910,5,2,0
1910,6,1,0
1910,6,2,0
1910,7,0,0
1910,7,1,0
1910,7,2,0
1911,1,0,0
1911,2,1,0
1911,3,0,0
1911,3,1,0
1911,4,2,0
1911,5,0,0
1911,5,2,0
1911,6,1,0
1911,6,2,0
1911,7,0,0
1911,7,1,0
1911,7,2,0
1912,1,0,0
1912,2,1,0
1912,3,0,0
1912,3,1,0
1912,4,2,0
1912,5,0,0
1912,5,2,0
1912,6,1,0
1912,6,2,0
1912,7,0,0
1912,7,1,0
1912,7,2,0
1913,1,0,0
1913,2,1,0
1913,3,0,0
1913,3,1,0
1913,4,2,0
1913,5,0,0
1913,5,2,0
1913,6,1,0
1913,6,2,0
1913,7,0,0
1913,7,1,0
1913,7,2,0
1914,1,0,0
1914,2,1,0
1914,3,0,0
1914,3,1,0
1914,4,2,0
1914,5,0,0
1914,5,2,0
1914,6,1,0
1914,6,2,0
1914,7,0,0
1914,7,1,0
1914,7,2,0
1915,1,0,0
1915,2,1,0
1915,3,0,0
1915,3,1,0
1915,4,2,0
1915,5,0,0
1915,5,2,0
1915,6,1,0
1915,6,2,0
1915,7,0,0
1915,7,1,0
1915,7,2,0
1916,1,0,0
1916,2,1,0
1916,3,0,0
1916,3,1,0
1916,4,2,0
1916,5,0,0
1916,5,2,0
1916,6,1,0
1916,6,2,0
1916,7,0,0
1916,7,1,0
1916,7,2,0
1917,1,0,1
1917,2,1,0
1917,3,0,1
1917,3,1,0
1917,4,2,1
1917,5,0,1
1917,5,2,1
1917,6,1,0
1917,6,2,1
1917,7,0,1
1917,7,1,0
1917,7,2,1
1918,1,0,1
1918,2,1,0
1918,3,0,1
1918,3,1,0
1918,4,2,1
1918,5,0,1
1918,5,2,1
1918,6,1,0
1918,6,2,1
1918,7,0,1
1918,7,1,0
1918,7,2,1
1919,1,0,0
1919,2,1,0
1919,3,0,0
1919,3,1,0
1919,4,2,0
1919,5,0,0
1919,5,2,0
1919,6,1,0
1919,6,2,0
1919,7,0,0
1919,7,1,0
1919,7,2,0
1920,1,0,0
1920,2,1,0
1920,3,0,0
1920,3,1,0
1920,4,2,0
1920,5,0,0
1920,5,2,0
1920,6,1,0
1920,6,2,0
1920,7,0,0
1920,7,1,0
1920,7,2,0
1921,1,0,0
1921,2,1,0
1921,3,0,0
1921,3,1,0
1921,4,2,0
1921,5,0,0
1921,5,2,0
1921,6,1,0
1921,6,2,0
1921,7,0,0
1921,7,1,0
1921,7,2,0
1922,1,0,0
1922,2,1,0
1922,3,0,0
1922,3,1,0
1922,4,2,0
1922,5,0,0
1922,5,2,0
1922,6,1,0
1922,6,2,0
1922,7,0,0
1922,7,1,0
1922,7,2,0
1923,1,0,0
1923,2,1,0
1923,3,0,0
1923,3,1,0
1923,4,2,0
1923,5,0,0
1923,5,2,0
1923,6,1,0
1923,6,2,0
1923,7,0,0
1923,7,1,0
1923,7,2,0
1924,1,0,0
1924,2,1,0
1924,3,0,0
1924,3,1,0
1924,4,2,0
1924,5,0,0
1924,5,2,0
1924,6,1,0
1924,6,2,0
1924,7,0,0
1924,7,1,0
1924,7,2,0
1925,1,0,0
1925,2,1,0
1925,3,0,0
1925,3,1,0
1925,4,2,0
1925,5,0,0
1925,5,2,0
1925,6,1,0
1925,6,2,0
1925,7,0,0
1925,7,1,0
1925,7,2,0
1926,1,0,0
1926,2,1,0
1926,3,0,0
1926,3,1,0
1926,4,2,0
1926,5,0,0
1926,5,2,0
1926,6,1,0
1926,6,2,0
1926,7,0,0
1926,7,1,0
1926,7,2,0
1927,1,0,0
1927,2,1,0
1927,3,0,0
1927,3,1,0
1927,4,2,0
1927,5,0,0
1927,5,2,0
1927,6,1,0
1927,6,2,0
1927,7,0,0
1927,7,1,0
1927,7,2,0
1928,1,0,0
1928,2,1,0
1928,3,0,0
1928,3,1,0
1928,4,2,0
1928,5,0,0
1928,5,2,0
1928,6,1,0
1928,6,2,0
1928,7,0,0
1928,7,1,0
1928,7,2,0
1929,1,0,0
1929,2,1,0
1929,3,0,0
1929,3,1,0
1929,4,2,0
1929,5,0,0
1929,5,2,0
1929,6,1,0
1929,6,2,0
1929,7,0,0
1929,7,1,0
1929,7,2,0
1930,1,0,0
1930,2,1,0
1930,3,0,0
1930,3,1,0
1930,4,2,0
1930,5,0,0
1930,5,2,0
1930,6,1,0
1930,6,2,0
1930,7,0,0
1930,7,1,0
1930,7,2,0
1931,1,0,0
1931,2,1,0
1931,3,0,0
1931,3,1,0
1931,4,2,0
1931,5,0,0
1931,5,2,0
1931,6,1,0
1931,6,2,0
1931,7,0,0
1931,7,1,0
1931,7,2,0
1932,1,0,0
1932,2,1,0
1932,3,0,0
1932,3,1,0
1932,4,2,0
1932,5,0,0
1932,5,2,0
1932,6,1,0
1932,6,2,0
1932,7,0,0
1932,7,1,0
1932,7,2,0
1933,1,0,0
1933,2,1,0
1933,3,0,0
1933,3,1,0
1933,4,2,0
1933,5,0,0
1933,5,2,0
1933,6,1,0
1933,6,2,0
1933,7,0,0
1933,7,1,0
1933,7,2,0
1934,1,0,0
1934,2,1,0
1934,3,0,0
1934,3,1,0
1934,4,2,0
1934,5,0,0
1934,5,2,0
1934,6,1,0
1934,6,2,0
1934,7,0,0
1934,7,1,0
1934,7,2,0
1935,1,0,0
1935,2,1,0
1935,3,0,0
1935,3,1,0
1935,4,2,0
1935,5,0,0
1935,5,2,0
1935,6,1,0
1935,6,2,0
1935,7,0,0
1935,7,1,0
1935,7,2,0
1936,1,0,0
1936,2,1,0
1936,3,0,0
1936,3,1,0
1936,4,2,0
1936,5,0,0
1936,5,2,0
1936,6,1,0
1936,6,2,0
1936,7,0,0
1936,7,1,0
1936,7,2,0
1937,1,0,0
1937,2,1,0
1937,3,0,0
1937,3,1,0
1937,4,2,0
1937,5,0,0
1937,5,2,0
1937,6,1,0
1937,6,2,0
1937,7,0,0
1937,7,1,0
1937,7,2,0
1938,1,0,0
1938,2,1,0
1938,3,0,0
1938,3,1,0
1938,4,2,0
1938,5,0,0
1938,5,2,0
1938,6,1,0
1938,6,2,0
1938,7,0,0
1938,7,1,0
1938,7,2,0
1939,1,0,0
1939,2,1,0
1939,3,0,0
1939,3,1,0
1939,4,2,0
1939,5,0,0
1939,5,2,0
1939,6,1,0
1939,6,2,0
1939,7,0,0
1939,7,1,0
1939,7,2,0
1940,1,0,0
1940,2,1,0
1940,3,0,0
1940,3,1,0
1940,4,2,0
1940,5,0,0
1940,5,2,0
1940,6,1,0
1940,6,2,0
1940,7,0,0
1940,7,1,0
1940,7,2,0
1941,1,0,0
1941,2,1,0
1941,3,0,0
1941,3,1,0
1941,4,2,0
1941,5,0,0
1941,5,2,0
1941,6,1,0
1941,6,2,0
1941,7,0,0
1941,7,1,0
1941,7,2,0
1942,1,0,0
1942,2,1,0
1942,3,0,0
1942,3,1,0
1942,4,2,0
1942,5,0,0
1942,5,2,0
1942,6,1,0
1942,6,2,0
1942,7,0,0
1942,7,1,0
1942,7,2,0
1943,1,0,0
1943,2,1,0
1943,3,0,0
1943,3,1,0
1943,4,2,0
1943,5,0,0
1943,5,2,0
1943,6,1,0
1943,6,2,0
1943,7,0,0
1943,7,1,0
1943,7,2,0
1944,1,0,1
1944,2,1,1
1944,3,0,1
1944,3,1,1
1944,4,2,1
1944,5,0,1
1944,5,2,1
1944,6,1,1
1944,6,2,1
1944,7,0,1
1944,7,1,1
1944,7,2,1
1945,1,0,1
1945,2,1,1
1945,3,0,1
1945,3,1,1
1945,4,2,1
1945,5,0,1
1945,5,2,1
1945,6,1,1
1945,6,2,1
1945,7,0,1
1945,7,1,1
1945,7,2,1
1946,1,0,0
1946,2,1,0
1946,3,0,0
1946,3,1,0
1946,4,2,0
1946,5,0,0
1946,5,2,0
1946,6,1,0
1946,6,2,0
1946,7,0,0
1946,7,1,0
1946,7,2,0
1947,1,0,0
1947,2,1,0
1947,3,0,0
1947,3,1,0
1947,4,2,0
1947,5,0,0
1947,5,2,0
1947,6,1,0
1947,6,2,0
1947,7,0,0
1947,7,1,0
1947,7,2,0
1948,1,0,0
1948,2,1,0
1948,3,0,0
1948,3,1,0
1948,4,2,0
1948,5,0,0
1948,5,2,0
1948,6,1,0
1948,6,2,0
1948,7,0,0
1948,7,1,0
1948,7,2,0
1949,1,0,0
1949,2,1,0
1949,3,0,0
1949,3,1,0
1949,4,2,0
1949,5,0,0
1949,5,2,0
1949,6,1,0
1949,6,2,0
1949,7,0,0
1949,7,1,0
1949,7,2,0
1950,1,0,0
1950,2,1,0
1950,3,0,0
1950,3,1,0
1950,4,2,0
1950,5,0,0
1950,5,2,0
1950,6,1,0
1950,6,2,0
1950,7,0,0
1950,7,1,0
1950,7,2,0
1951,1,0,0
1951,2,1,0
1951,3,0,0
1951,3,1,0
1951,4,2,0
1951,5,0,0
1951,5,2,0
1951,6,1,0
1951,6,2,0
1951,7,0,0
1951,7,1,0
1951,7,2,0
1952,1,0,0
1952,2,1,0
1952,3,0,0
1952,3,1,0
1952,4,2,0
1952,5,0,0
1952,5,2,0
1952,6,1,0
1952,6,2,0
1952,7,0,0
1952,7,1,0
1952,7,2,0
1953,1,0,0
1953,2,1,0
1953,3,0,0
1953,3,1,0
1953,4,2,0
1953,5,0,0
1953,5,2,0
1953,6,1,0
1953,6,2,0
1953,7,0,0
1953,7,1,0
1953,7,2,0
1954,1,0,0
1954,2,1,0
1954,3,0,0
1954,3,1,0
1954,4,2,0
1954,5,0,0
1954,5,2,0
1954,6,1,0
1954,6,2,0
1954,7,0,0
1954,7,1,0
1954,7,2,0
1955,1,0,0
1955,2,1,0
1955,3,0,0
1955,3,1,0
1955,4,2,0
1955,5,0,0
1955,5,2,0
1955,6,1,0
1955,6,2,0
1955,7,0,0
1955,7,1,0
1955,7,2,0
1956,1,0,0
1956,2,1,0
1956,3,0,0
1956,3,1,0
1956,4,2,0
1956,5,0,0
1956,5,2,0
1956,6,1,0
1956,6,2,0
1956,7,0,0
1956,7,1,0
1956,7,2,0
1957,1,0,0
1957,2,1,0
1957,3,0,0
1957,3,1,0
1957,4,2,0
1957,5,0,0
1957,5,2,0
1957,6,1,0
1957,6,2,0
1957,7,0,0
1957,7,1,0
1957,7,2,0
1958,1,0,0
1958,2,1,0
1958,3,0,0
1958,3,1,0
1958,4,2,0
1958,5,0,0
1958,5,2,0
1958,6,1,0
1958,6,2,0
1958,7,0,0
1958,7,1,0
1958,7,2,0
1959,1,0,0
1959,2,1,0
1959,3,0,0
1959,3,1,0
1959,4,2,0
1959,5,0,0
1959,5,2,0
1959,6,1,0
1959,6,2,0
1959,7,0,0
1959,7,1,0
1959,7,2,0
1960,1,0,0
1960,2,1,0
1960,3,0,0
1960,3,1,0
1960,4,2,0
1960,5,0,0
1960,5,2,0
1960,6,1,0
1960,6,2,0
1960,7,0,0
1960,7,1,0
1960,7,2,0
1961,1,0,0
1961,2,1,0
1961,3,0,0
1961,3,1,0
1961,4,2,0
1961,5,0,0
1961,5,2,0
1961,6,1,0
1961,6,2,0
1961,7,0,0
1961,7,1,0
1961,7,2,0
1962,1,0,0
1962,2,1,0
1962,3,0,0
1962,3,1,0
1962,4,2,0
1962,5,0,0
1962,5,2,0
1962,6,1,0
1962,6,2,0
1962,7,0,0
1962,7,1,0
1962,7,2,0
1963,1,0,0
1963,2,1,0
1963,3,0,0
1963,3,1,0
1963,4,2,0
1963,5,0,0
1963,5,2,0
1963,6,1,0
1963,6,2,0
1963,7,0,0
1963,7,1,0
1963,7,2,0
1964,1,0,0
1964,2,1,0
1964,3,0,0
1964,3,1,0
1964,4,2,0
1964,5,0,0
1964,5,2,0
1964,6,1,0
1964,6,2,0
1964,7,0,0
1964,7,1,0
1964,7,2,0
1965,1,0,0
1965,2,1,0
1965,3,0,0
1965,3,1,0
1965,4,2,0
1965,5,0,0
1965,5,2,0
1965,6,1,0
1965,6,2,0
1965,7,0,0
1965,7,1,0
1965,7,2,0
1966,1,0,0
1966,2,1,0
1966,3,0,0
1966,3,1,0
1966,4,2,0
1966,5,0,0
1966,5,2,0
1966,6,1,0
1966,6,2,0
1966,7,0,0
1966,7,1,0
1966,7,2,0
1967,1,0,0
1967,2,1,0
1967,3,0,0
1967,3,1,0
1967,4,2,0
1967,5,0,0
1967,5,2,0
1967,6,1,0
1967,6,2,0
1967,7,0,0
1967,7,1,0
1967,7,2,0
1968,1,0,0
1968,2,1,0
1968,3,0,0
1968,3,1,0
1968,4,2,0
1968,5,0,0
1968,5,2,0
1968,6,1,0
1968,6,2,0
1968,7,0,0
1968,7,1,0
1968,7,2,0
1969,1,0,0
1969,2,1,0
1969,3,0,0
1969,3,1,0
1969,4,2,0
1969,5,0,0
1969,5,2,0
1969,6,1,0
1969,6,2,0
1969,7,0,0
1969,7,1,0
1969,7,2,0
1970,1,0,0
1970,2,1,0
1970,3,0,0
1970,3,1,0
1970,4,2,0
1970,5,0,0
1970,5,2,0
1970,6,1,0
1970,6,2,0
1970,7,0,0
1970,7,1,0
1970,7,2,0
1971,1,0,1
1971,2,1,1
1971,3,0,1
1971,3,1,1
1971,4,2,1
1971,5,0,1
1971,5,2,1
1971,6,1,1
1971,6,2,1
1971,7,0,1
1971,7,1,1
1971,7,2,1
1972,1,0,1
1972,2,1,1
1972,3,0,1
1972,3,1,1
1972,4,2,1
1972,5,0,1
1972,5,2,1
1972,6,1,1
1972,6,2,1
1972,7,0,1
1972,7,1,1
1972,7,2,1
1973,1,0,0
1973,2,1,0
1973,3,0,0
1973,3,1,0
1973,4,2,0
1973,5,0,0
1973,5,2,0
1973,6,1,0
1973,6,2,0
1973,7,0,0
1973,7,1,0
1973,7,2,0
1974,1,0,0
1974,2,1,0
1974,3,0,0
1974,3,1,0
1974,4,2,0
1974,5,0,0
1974,5,2,0
1974,6,1,0
1974,6,2,0
1974,7,0,0
1974,7,1,0
1974,7,2,0
1975,1,0,0
1975,2,1,0
1975,3,0,0
1975,3,1,0
1975,4,2,0
1975,5,0,0
1975,5,2,0
1975,6,1,0
1975,6,2,0
1975,7,0,0
1975,7,1,0
1975,7,2,0
1976,1,0,0
1976,2,1,0
1976,3,0,0
1976,3,1,0
1976,4,2,0
1976,5,0,0
1976,5,2,0
1976,6,1,0
1976,6,2,0
1976,7,0,0
1976,7,1,0
1976,7,2,0
1977,1,0,0
1977,2,1,0
1977,3,0,0
1977,3,1,0
1977,4,2,0
1977,5,0,0
1977,5,2,0
1977,6,1,0
1977,6,2,0
1977,7,0,0
1977,7,1,0
1977,7,2,0
1978,1,0,0
1978,2,1,0
1978,3,0,0
1978,3,1,0
1978,4,2,0
1978,5,0,0
1978,5,2,0
1978,6,1,0
1978,6,2,0
1978,7,0,0
1978,7,1,0
1978,7,2,0
1979,1,0,0
1979,2,1,0
1979,3,0,0
1979,3,1,0
1979,4,2,0
1979,5,0,0
1979,5,2,0
1979,6,1,0
1979,6,2,0
1979,7,0,0
1979,7,1,0
1979,7,2,0
1980,1,0,0
1980,2,1,0
1980,3,0,0
1980,3,1,0
1980,4,2,0
1980,5,0,0
1980,5,2,0
1980,6,1,0
1980,6,2,0
1980,7,0,0
1980,7,1,0
1980,7,2,0
1981,1,0,0
1981,2,1,0
1981,3,0,0
1981,3,1,0
1981,4,2,0
1981,5,0,0
1981,5,2,0
1981,6,1,0
1981,6,2,0
1981,7,0,0
1981,7,1,0
1981,7,2,0
1982,1,0,0
1982,2,1,0
1982,3,0,0
1982,3,1,0
1982,4,2,0
1982,5,0,0
1982,5,2,0
1982,6,1,0
1982,6,2,0
1982,7,0,0
1982,7,1,0
1982,7,2,0
1983,1,0,0
1983,2,1,0
1983,3,0,0
1983,3,1,0
1983,4,2,0
1983,5,0,0
1983,5,2,0
1983,6,1,0
1983,6,2,0
1983,7,0,0
1983,7,1,0
1983,7,2,0
1984,1,0,0
1984,2,1,0
1984,3,0,0
1984,3,1,0
1984,4,2,0
1984,5,0,0
1984,5,2,0
1984,6,1,0
1984,6,2,0
1984,7,0,0
1984,7,1,0
1984,7,2,0
1985,1,0,0
1985,2,1,0
1985,3,0,0
1985,3,1,0
1985,4,2,0
1985,5,0,0
1985,5,2,0
1985,6,1,0
1985,6,2,0
1985,7,0,0
1985,7,1,0
1985,7,2,0
1986,1,0,0
1986,2,1,0
1986,3,0,0
1986,3,1,0
1986,4,2,0
1986,5,0,0
1986,5,2,0
1986,6,1,0
1986,6,2,0
1986,7,0,0
1986,7,1,0
1986,7,2,0
1987,1,0,0
1987,2,1,0
1987,3,0,0
1987,3,1,0
1987,4,2,0
1987,5,0,0
1987,5,2,0
1987,6,1,0
1987,6,2,0
1987,7,0,0
1987,7,1,0
1987,7,2,0
1988,1,0,0
1988,2,1,0
1988,3,0,0
1988,3,1,0
1988,4,2,0
1988,5,0,0
1988,5,2,0
1988,6,1,0
1988,6,2,0
1988,7,0,0
1988,7,1,0
1988,7,2,0
1989,1,0,0
1989,2,1,0
1989,3,0,0
1989,3,1,0
1989,4,2,0
1989,5,0,0
1989,5,2,0
1989,6,1,0
1989,6,2,0
1989,7,0,0
1989,7,1,0
1989,7,2,0
1990,1,0,0
1990,2,1,0
1990,3,0,0
1990,3,1,0
1990,4,2,0
1990,5,0,0
1990,5,2,0
1990,6,1,0
1990,6,2,0
1990,7,0,0
1990,7,1,0
1990,7,2,0
1991,1,0,0
1991,2,1,0
1991,3,0,0
1991,3,1,0
1991,4,2,0
1991,5,0,0
1991,5,2,0
1991,6,1,0
1991,6,2,0
1991,7,0,0
1991,7,1,0
1991,7,2,0
1992,1,0,0
1992,2,1,0
1992,3,0,0
1992,3,1,0
1992,4,2,0
1992,5,0,0
1992,5,2,0
1992,6,1,0
1992,6,2,0
1992,7,0,0
1992,7,1,0
1992,7,2,0
1993,1,0,0
1993,2,1,0
1993,3,0,0
1993,3,1,0
1993,4,2,0
1993,5,0,0
1993,5,2,0
1993,6,1,0
1993,6,2,0
1993,7,0,0
1993,7,1,0
1993,7,2,0
1994,1,0,0
1994,2,1,0
1994,3,0,0
1994,3,1,0
1994,4,2,0
1994,5,0,0
1994,5,2,0
1994,6,1,0
1994,6,2,0
1994,7,0,0
1994,7,1,0
1994,7,2,0
1995,1,0,0
1995,2,1,0
1995,3,0,0
1995,3,1,0
1995,4,2,0
1995,5,0,0
1995,5,2,0
1995,6,1,0
1995,6,2,0
1995,7,0,0
1995,7,1,0
1995,7,2,0
1996,1,0,0
1996,2,1,0
1996,3,0,0
1996,3,1,0
1996,4,2,0
1996,5,0,0
1996,5,2,0
1996,6,1,0
1996,6,2,0
1996,7,0,0
1996,7,1,0
1996,7,2,0
1997,1,0,0
1997,2,1,0
1997,3,0,0
1997,3,1,0
1997,4,2,0
1997,5,0,0
1997,5,2,0
1997,6,1,0
1997,6,2,0
1997,7,0,0
1997,7,1,0
1997,7,2,0
1998,1,0,1
1998,2,1,1
1998,3,0,1
1998,3,1,1
1998,4,2,1
1998,5,0,1
1998,5,2,1
1998,6,1,1
1998,6,2,1
1998,7,0,1
1998,7,1,1
1998,7,2,1
1999,1,0,1
1999,2,1,1
1999,3,0,1
1999,3,1,1
1999,4,2,1
1999,5,0,1
1999,5,2,1
1999,6,1,1
1999,6,2,1
1999,7,0,1
1999,7,1,1
1999,7,2,1
