edge_encoding,port_bits,initial,live
12000,1,0,0
12000,2,1,0
12000,3,0,0
12000,3,1,0
12000,4,2,0
12000,5,0,0
12000,5,2,0
12000,6,1,0
12000,6,2,0
12000,7,0,0
12000,7,1,0
12000,7,2,0
12001,1,0,0
12001,2,1,0
12001,3,0,0
12001,3,1,0
12001,4,2,0
12001,5,0,0
12001,5,2,0
12001,6,1,0
12001,6,2,0
12001,7,0,0
12001,7,1,0
12001,7,2,0
12002,1,0,0
12002,2,1,0
12002,3,0,0
12002,3,1,0
12002,4,2,0
12002,5,0,0
12002,5,2,0
12002,6,1,0
12002,6,2,0
12002,7,0,0
12002,7,1,0
12002,7,2,0
12003,1,0,0
12003,2,1,0
12003,3,0,0
12003,3,1,0
12003,4,2,0
12003,5,0,0
12003,5,2,0
12003,6,1,0
12003,6,2,0
12003,7,0,0
12003,7,1,0
12003,7,2,0
12004,1,0,0
12004,2,1,0
12004,3,0,0
12004,3,1,0
12004,4,2,0
12004,5,0,0
12004,5,2,0
12004,6,1,0
12004,6,2,0
12004,7,0,0
12004,7,1,0
12004,7,2,0
12005,1,0,0
12005,2,1,0
12005,3,0,0
12005,3,1,0
12005,4,2,0
12005,5,0,0
12005,5,2,0
12005,6,1,0
12005,6,2,0
12005,7,0,0
12005,7,1,0
12005,7,2,0
12006,1,0,0
12006,2,1,0
12006,3,0,0
12006,3,1,0
12006,4,2,0
12006,5,0,0
12006,5,2,0
12006,6,1,0
12006,6,2,0
12006,7,0,0
12006,7,1,0
12006,7,2,0
12007,1,0,0
12007,2,1,0
12007,3,0,0
12007,3,1,0
12007,4,2,0
12007,5,0,0
12007,5,2,0
12007,6,1,0
12007,6,2,0
12007,7,0,0
12007,7,1,0
12007,7,2,0
12008,1,0,0
12008,2,1,0
12008,3,0,0
12008,3,1,0
12008,4,2,0
12008,5,0,0
12008,5,2,0
12008,6,1,0
12008,6,2,0
12008,7,0,0
12008,7,1,0
12008,7,2,0
12009,1,0,0
12009,2,1,0
12009,3,0,0
12009,3,1,0
12009,4,2,0
12009,5,0,0
12009,5,2,0
12009,6,1,0
12009,6,2,0
12009,7,0,0
12009,7,1,0
12009,7,2,0
12010,1,0,0
12010,2,1,0
12010,3,0,0
12010,3,1,0
12010,4,2,0
12010,5,0,0
12010,5,2,0
12010,6,1,0
12010,6,2,0
12010,7,0,0
12010,7,1,0
12010,7,2,0
12011,1,0,0
12011,2,1,0
12011,3,0,0
12011,3,1,0
12011,4,2,0
12011,5,0,0
12011,5,2,0
12011,6,1,0
12011,6,2,0
12011,7,0,0
12011,7,1,0
12011,7,2,0
12012,1,0,0
12012,2,1,0
12012,3,0,0
12012,3,1,0
12012,4,2,0
12012,5,0,0
12012,5,2,0
12012,6,1,0
12012,6,2,0
12012,7,0,0
12012,7,1,0
12012,7,2,0
12013,1,0,0
12013,2,1,0
12013,3,0,0
12013,3,1,0
12013,4,2,0
12013,5,0,0
12013,5,2,0
12013,6,1,0
12013,6,2,0
12013,7,0,0
12013,7,1,0
12013,7,2,0
12014,1,0,0
12014,2,1,0
12014,3,0,0
12014,3,1,0
12014,4,2,0
12014,5,0,0
12014,5,2,0
12014,6,1,0
12014,6,2,0
12014,7,0,0
12014,7,1,0
12014,7,2,0
12015,1,0,1
12015,2,1,0
12015,3,0,1
12015,3,1,0
12015,4,2,0
12015,5,0,1
12015,5,2,0
12015,6,1,0
12015,6,2,0
12015,7,0,1
12015,7,1,0
12015,7,2,0
12016,1,0,1
12016,2,1,0
12016,3,0,1
12016,3,1,0
12016,4,2,0
12016,5,0,1
12016,5,2,0
12016,6,1,0
12016,6,2,0
12016,7,0,1
12016,7,1,0
12016,7,2,0
12017,1,0,0
12017,2,1,0
12017,3,0,0
12017,3,1,0
12017,4,2,0
12017,5,0,0
12017,5,2,0
12017,6,1,0
12017,6,2,0
12017,7,0,0
12017,7,1,0
12017,7,2,0
12018,1,0,0
12018,2,1,0
12018,3,0,0
12018,3,1,0
12018,4,2,0
12018,5,0,0
12018,5,2,0
12018,6,1,0
12018,6,2,0
12018,7,0,0
12018,7,1,0
12018,7,2,0
12019,1,0,0
12019,2,1,0
12019,3,0,0
12019,3,1,0
12019,4,2,0
12019,5,0,0
12019,5,2,0
12019,6,1,0
12019,6,2,0
12019,7,0,0
12019,7,1,0
12019,7,2,0
12020,1,0,0
12020,2,1,0
12020,3,0,0
12020,3,1,0
12020,4,2,0
12020,5,0,0
12020,5,2,0
12020,6,1,0
12020,6,2,0
12020,7,0,0
12020,7,1,0
12020,7,2,0
12021,1,0,0
12021,2,1,0
12021,3,0,0
12021,3,1,0
12021,4,2,0
12021,5,0,0
12021,5,2,0
12021,6,1,0
12021,6,2,0
12021,7,0,0
12021,7,1,0
12021,7,2,0
12022,1,0,0
12022,2,1,0
12022,3,0,0
12022,3,1,0
12022,4,2,0
12022,5,0,0
12022,5,2,0
12022,6,1,0
12022,6,2,0
12022,7,0,0
12022,7,1,0
12022,7,2,0
12023,1,0,0
12023,2,1,0
12023,3,0,0
12023,3,1,0
12023,4,2,0
12023,5,0,0
12023,5,2,0
12023,6,1,0
12023,6,2,0
12023,7,0,0
12023,7,1,0
12023,7,2,0
12024,1,0,0
12024,2,1,0
12024,3,0,0
12024,3,1,0
12024,4,2,0
12024,5,0,0
12024,5,2,0
12024,6,1,0
12024,6,2,0
12024,7,0,0
12024,7,1,0
12024,7,2,0
12025,1,0,0
12025,2,1,0
12025,3,0,0
12025,3,1,0
12025,4,2,0
12025,5,0,0
12025,5,2,0
12025,6,1,0
12025,6,2,0
12025,7,0,0
12025,7,1,0
12025,7,2,0
12026,1,0,0
12026,2,1,0
12026,3,0,0
12026,3,1,0
12026,4,2,0
12026,5,0,0
12026,5,2,0
12026,6,1,0
12026,6,2,0
12026,7,0,0
12026,7,1,0
12026,7,2,0
12027,1,0,0
12027,2,1,0
12027,3,0,0
12027,3,1,0
12027,4,2,0
12027,5,0,0
12027,5,2,0
12027,6,1,0
12027,6,2,0
12027,7,0,0
12027,7,1,0
12027,7,2,0
12028,1,0,0
12028,2,1,0
12028,3,0,0
12028,3,1,0
12028,4,2,0
12028,5,0,0
12028,5,2,0
12028,6,1,0
12028,6,2,0
12028,7,0,0
12028,7,1,0
12028,7,2,0
12029,1,0,0
12029,2,1,0
12029,3,0,0
12029,3,1,0
12029,4,2,0
12029,5,0,0
12029,5,2,0
12029,6,1,0
12029,6,2,0
12029,7,0,0
12029,7,1,0
12029,7,2,0
12030,1,0,0
12030,2,1,0
12030,3,0,0
12030,3,1,0
12030,4,2,0
12030,5,0,0
12030,5,2,0
12030,6,1,0
12030,6,2,0
12030,7,0,0
12030,7,1,0
12030,7,2,0
12031,1,0,0
12031,2,1,0
12031,3,0,0
12031,3,1,0
12031,4,2,0
12031,5,0,0
12031,5,2,0
12031,6,1,0
12031,6,2,0
12031,7,0,0
12031,7,1,0
12031,7,2,0
12032,1,0,0
12032,2,1,0
12032,3,0,0
12032,3,1,0
12032,4,2,0
12032,5,0,0
12032,5,2,0
12032,6,1,0
12032,6,2,0
12032,7,0,0
12032,7,1,0
12032,7,2,0
12033,1,0,0
12033,2,1,0
12033,3,0,0
12033,3,1,0
12033,4,2,0
12033,5,0,0
12033,5,2,0
12033,6,1,0
12033,6,2,0
12033,7,0,0
12033,7,1,0
12033,7,2,0
12034,1,0,0
12034,2,1,0
12034,3,0,0
12034,3,1,0
12034,4,2,0
12034,5,0,0
12034,5,2,0
12034,6,1,0
12034,6,2,0
12034,7,0,0
12034,7,1,0
12034,7,2,0
12035,1,0,0
12035,2,1,0
12035,3,0,0
12035,3,1,0
12035,4,2,0
12035,5,0,0
12035,5,2,0
12035,6,1,0
12035,6,2,0
12035,7,0,0
12035,7,1,0
12035,7,2,0
12036,1,0,0
12036,2,1,0
12036,3,0,0
12036,3,1,0
12036,4,2,0
12036,5,0,0
12036,5,2,0
12036,6,1,0
12036,6,2,0
12036,7,0,0
12036,7,1,0
12036,7,2,0
12037,1,0,0
12037,2,1,0
12037,3,0,0
12037,3,1,0
12037,4,2,0
12037,5,0,0
12037,5,2,0
12037,6,1,0
12037,6,2,0
12037,7,0,0
12037,7,1,0
12037,7,2,0
12038,1,0,0
12038,2,1,0
12038,3,0,0
12038,3,1,0
12038,4,2,0
12038,5,0,0
12038,5,2,0
12038,6,1,0
12038,6,2,0
12038,7,0,0
12038,7,1,0
12038,7,2,0
12039,1,0,0
12039,2,1,0
12039,3,0,0
12039,3,1,0
12039,4,2,0
12039,5,0,0
12039,5,2,0
12039,6,1,0
12039,6,2,0
12039,7,0,0
12039,7,1,0
12039,7,2,0
12040,1,0,0
12040,2,1,0
12040,3,0,0
12040,3,1,0
12040,4,2,0
12040,5,0,0
12040,5,2,0
12040,6,1,0
12040,6,2,0
12040,7,0,0
12040,7,1,0
12040,7,2,0
12041,1,0,0
12041,2,1,0
12041,3,0,0
12041,3,1,0
12041,4,2,0
12041,5,0,0
12041,5,2,0
12041,6,1,0
12041,6,2,0
12041,7,0,0
12041,7,1,0
12041,7,2,0
12042,1,0,1
12042,2,1,0
12042,3,0,1
12042,3,1,0
12042,4,2,0
12042,5,0,1
12042,5,2,0
12042,6,1,0
12042,6,2,0
12042,7,0,1
12042,7,1,0
12042,7,2,0
12043,1,0,1
12043,2,1,0
12043,3,0,1
12043,3,1,0
12043,4,2,0
12043,5,0,1
12043,5,2,0
12043,6,1,0
12043,6,2,0
12043,7,0,1
12043,7,1,0
12043,7,2,0
12044,1,0,0
12044,2,1,0
12044,3,0,0
12044,3,1,0
12044,4,2,0
12044,5,0,0
12044,5,2,0
12044,6,1,0
12044,6,2,0
12044,7,0,0
12044,7,1,0
12044,7,2,0
12045,1,0,0
12045,2,1,0
12045,3,0,0
12045,3,1,0
12045,4,2,0
12045,5,0,0
12045,5,2,0
12045,6,1,0
12045,6,2,0
12045,7,0,0
12045,7,1,0
12045,7,2,0
12046,1,0,0
12046,2,1,0
12046,3,0,0
12046,3,1,0
12046,4,2,0
12046,5,0,0
12046,5,2,0
12046,6,1,0
12046,6,2,0
12046,7,0,0
12046,7,1,0
12046,7,2,0
12047,1,0,0
12047,2,1,0
12047,3,0,0
12047,3,1,0
12047,4,2,0
12047,5,0,0
12047,5,2,0
12047,6,1,0
12047,6,2,0
12047,7,0,0
12047,7,1,0
12047,7,2,0
12048,1,0,0
12048,2,1,0
12048,3,0,0
12048,3,1,0
12048,4,2,0
12048,5,0,0
12048,5,2,0
12048,6,1,0
12048,6,2,0
12048,7,0,0
12048,7,1,0
12048,7,2,0
12049,1,0,0
12049,2,1,0
12049,3,0,0
12049,3,1,0
12049,4,2,0
12049,5,0,0
12049,5,2,0
12049,6,1,0
12049,6,2,0
12049,7,0,0
12049,7,1,0
12049,7,2,0
12050,1,0,0
12050,2,1,0
12050,3,0,0
12050,3,1,0
12050,4,2,0
12050,5,0,0
12050,5,2,0
12050,6,1,0
12050,6,2,0
12050,7,0,0
12050,7,1,0
12050,7,2,0
12051,1,0,0
12051,2,1,0
12051,3,0,0
12051,3,1,0
12051,4,2,0
12051,5,0,0
12051,5,2,0
12051,6,1,0
12051,6,2,0
12051,7,0,0
12051,7,1,0
12051,7,2,0
12052,1,0,0
12052,2,1,0
12052,3,0,0
12052,3,1,0
12052,4,2,0
12052,5,0,0
12052,5,2,0
12052,6,1,0
12052,6,2,0
12052,7,0,0
12052,7,1,0
12052,7,2,0
12053,1,0,0
12053,2,1,0
12053,3,0,0
12053,3,1,0
12053,4,2,0
12053,5,0,0
12053,5,2,0
12053,6,1,0
12053,6,2,0
12053,7,0,0
12053,7,1,0
12053,7,2,0
12054,1,0,0
12054,2,1,0
12054,3,0,0
12054,3,1,0
12054,4,2,0
12054,5,0,0
12054,5,2,0
12054,6,1,0
12054,6,2,0
12054,7,0,0
12054,7,1,0
12054,7,2,0
12055,1,0,0
12055,2,1,0
12055,3,0,0
12055,3,1,0
12055,4,2,0
12055,5,0,0
12055,5,2,0
12055,6,1,0
12055,6,2,0
12055,7,0,0
12055,7,1,0
12055,7,2,0
12056,1,0,0
12056,2,1,0
12056,3,0,0
12056,3,1,0
12056,4,2,0
12056,5,0,0
12056,5,2,0
12056,6,1,0
12056,6,2,0
12056,7,0,0
12056,7,1,0
12056,7,2,0
12057,1,0,0
12057,2,1,0
12057,3,0,0
12057,3,1,0
12057,4,2,0
12057,5,0,0
12057,5,2,0
12057,6,1,0
12057,6,2,0
12057,7,0,0
12057,7,1,0
12057,7,2,0
12058,1,0,0
12058,2,1,0
12058,3,0,0
12058,3,1,0
12058,4,2,0
12058,5,0,0
12058,5,2,0
12058,6,1,0
12058,6,2,0
12058,7,0,0
12058,7,1,0
12058,7,2,0
12059,1,0,0
12059,2,1,0
12059,3,0,0
12059,3,1,0
12059,4,2,0
12059,5,0,0
12059,5,2,0
12059,6,1,0
12059,6,2,0
12059,7,0,0
12059,7,1,0
12059,7,2,0
12060,1,0,0
12060,2,1,0
12060,3,0,0
12060,3,1,0
12060,4,2,0
12060,5,0,0
12060,5,2,0
12060,6,1,0
12060,6,2,0
12060,7,0,0
12060,7,1,0
12060,7,2,0
12061,1,0,0
12061,2,1,0
12061,3,0,0
12061,3,1,0
12061,4,2,0
12061,5,0,0
12061,5,2,0
12061,6,1,0
12061,6,2,0
12061,7,0,0
12061,7,1,0
12061,7,2,0
12062,1,0,0
12062,2,1,0
12062,3,0,0
12062,3,1,0
12062,4,2,0
12062,5,0,0
12062,5,2,0
12062,6,1,0
12062,6,2,0
12062,7,0,0
12062,7,1,0
12062,7,2,0
12063,1,0,0
12063,2,1,0
12063,3,0,0
12063,3,1,0
12063,4,2,0
12063,5,0,0
12063,5,2,0
12063,6,1,0
12063,6,2,0
12063,7,0,0
12063,7,1,0
12063,7,2,0
12064,1,0,0
12064,2,1,0
12064,3,0,0
12064,3,1,0
12064,4,2,0
12064,5,0,0
12064,5,2,0
12064,6,1,0
12064,6,2,0
12064,7,0,0
12064,7,1,0
12064,7,2,0
12065,1,0,0
12065,2,1,0
12065,3,0,0
12065,3,1,0
12065,4,2,0
12065,5,0,0
12065,5,2,0
12065,6,1,0
12065,6,2,0
12065,7,0,0
12065,7,1,0
12065,7,2,0
12066,1,0,0
12066,2,1,0
12066,3,0,0
12066,3,1,0
12066,4,2,0
12066,5,0,0
12066,5,2,0
12066,6,1,0
12066,6,2,0
12066,7,0,0
12066,7,1,0
12066,7,2,0
12067,1,0,0
12067,2,1,0
12067,3,0,0
12067,3,1,0
12067,4,2,0
12067,5,0,0
12067,5,2,0
12067,6,1,0
12067,6,2,0
12067,7,0,0
12067,7,1,0
12067,7,2,0
12068,1,0,0
12068,2,1,0
12068,3,0,0
12068,3,1,0
12068,4,2,0
12068,5,0,0
12068,5,2,0
12068,6,1,0
12068,6,2,0
12068,7,0,0
12068,7,1,0
12068,7,2,0
12069,1,0,1
12069,2,1,0
12069,3,0,1
12069,3,1,0
12069,4,2,0
12069,5,0,1
12069,5,2,0
12069,6,1,0
12069,6,2,0
12069,7,0,1
12069,7,1,0
12069,7,2,0
12070,1,0,1
12070,2,1,0
12070,3,0,1
12070,3,1,0
12070,4,2,0
12070,5,0,1
12070,5,2,0
12070,6,1,0
12070,6,2,0
12070,7,0,1
12070,7,1,0
12070,7,2,0
12071,1,0,0
12071,2,1,0
12071,3,0,0
12071,3,1,0
12071,4,2,0
12071,5,0,0
12071,5,2,0
12071,6,1,0
12071,6,2,0
12071,7,0,0
12071,7,1,0
12071,7,2,0
12072,1,0,0
12072,2,1,0
12072,3,0,0
12072,3,1,0
12072,4,2,0
12072,5,0,0
12072,5,2,0
12072,6,1,0
12072,6,2,0
12072,7,0,0
12072,7,1,0
12072,7,2,0
12073,1,0,0
12073,2,1,0
12073,3,0,0
12073,3,1,0
12073,4,2,0
12073,5,0,0
12073,5,2,0
12073,6,1,0
12073,6,2,0
12073,7,0,0
12073,7,1,0
12073,7,2,0
12074,1,0,0
12074,2,1,0
12074,3,0,0
12074,3,1,0
12074,4,2,0
12074,5,0,0
12074,5,2,0
12074,6,1,0
12074,6,2,0
12074,7,0,0
12074,7,1,0
12074,7,2,0
12075,1,0,0
12075,2,1,0
12075,3,0,0
12075,3,1,0
12075,4,2,0
12075,5,0,0
12075,5,2,0
12075,6,1,0
12075,6,2,0
12075,7,0,0
12075,7,1,0
12075,7,2,0
12076,1,0,0
12076,2,1,0
12076,3,0,0
12076,3,1,0
12076,4,2,0
12076,5,0,0
12076,5,2,0
12076,6,1,0
12076,6,2,0
12076,7,0,0
12076,7,1,0
12076,7,2,0
12077,1,0,0
12077,2,1,0
12077,3,0,0
12077,3,1,0
12077,4,2,0
12077,5,0,0
12077,5,2,0
12077,6,1,0
12077,6,2,0
12077,7,0,0
12077,7,1,0
12077,7,2,0
12078,1,0,0
12078,2,1,0
12078,3,0,0
12078,3,1,0
12078,4,2,0
12078,5,0,0
12078,5,2,0
12078,6,1,0
12078,6,2,0
12078,7,0,0
12078,7,1,0
12078,7,2,0
12079,1,0,0
12079,2,1,0
12079,3,0,0
12079,3,1,0
12079,4,2,0
12079,5,0,0
12079,5,2,0
12079,6,1,0
12079,6,2,0
12079,7,0,0
12079,7,1,0
12079,7,2,0
12080,1,0,0
12080,2,1,0
12080,3,0,0
12080,3,1,0
12080,4,2,0
12080,5,0,0
12080,5,2,0
12080,6,1,0
12080,6,2,0
12080,7,0,0
12080,7,1,0
12080,7,2,0
12081,1,0,0
12081,2,1,0
12081,3,0,0
12081,3,1,0
12081,4,2,0
12081,5,0,0
12081,5,2,0
12081,6,1,0
12081,6,2,0
12081,7,0,0
12081,7,1,0
12081,7,2,0
12082,1,0,0
12082,2,1,0
12082,3,0,0
12082,3,1,0
12082,4,2,0
12082,5,0,0
12082,5,2,0
12082,6,1,0
12082,6,2,0
12082,7,0,0
12082,7,1,0
12082,7,2,0
12083,1,0,0
12083,2,1,0
12083,3,0,0
12083,3,1,0
12083,4,2,0
12083,5,0,0
12083,5,2,0
12083,6,1,0
12083,6,2,0
12083,7,0,0
12083,7,1,0
12083,7,2,0
12084,1,0,0
12084,2,1,0
12084,3,0,0
12084,3,1,0
12084,4,2,0
12084,5,0,0
12084,5,2,0
12084,6,1,0
12084,6,2,0
12084,7,0,0
12084,7,1,0
12084,7,2,0
12085,1,0,0
12085,2,1,0
12085,3,0,0
12085,3,1,0
12085,4,2,0
12085,5,0,0
12085,5,2,0
12085,6,1,0
12085,6,2,0
12085,7,0,0
12085,7,1,0
12085,7,2,0
12086,1,0,0
12086,2,1,0
12086,3,0,0
12086,3,1,0
12086,4,2,0
12086,5,0,0
12086,5,2,0
12086,6,1,0
12086,6,2,0
12086,7,0,0
12086,7,1,0
12086,7,2,0
12087,1,0,0
12087,2,1,0
12087,3,0,0
12087,3,1,0
12087,4,2,0
12087,5,0,0
12087,5,2,0
12087,6,1,0
12087,6,2,0
12087,7,0,0
12087,7,1,0
12087,7,2,0
12088,1,0,0
12088,2,1,0
12088,3,0,0
12088,3,1,0
12088,4,2,0
12088,5,0,0
12088,5,2,0
12088,6,1,0
12088,6,2,0
12088,7,0,0
12088,7,1,0
12088,7,2,0
12089,1,0,0
12089,2,1,0
12089,3,0,0
12089,3,1,0
12089,4,2,0
12089,5,0,0
12089,5,2,0
12089,6,1,0
12089,6,2,0
12089,7,0,0
12089,7,1,0
12089,7,2,0
12090,1,0,0
12090,2,1,0
12090,3,0,0
12090,3,1,0
12090,4,2,0
12090,5,0,0
12090,5,2,0
12090,6,1,0
12090,6,2,0
12090,7,0,0
12090,7,1,0
12090,7,2,0
12091,1,0,0
12091,2,1,0
12091,3,0,0
12091,3,1,0
12091,4,2,0
12091,5,0,0
12091,5,2,0
12091,6,1,0
12091,6,2,0
12091,7,0,0
12091,7,1,0
12091,7,2,0
12092,1,0,0
12092,2,1,0
12092,3,0,0
12092,3,1,0
12092,4,2,0
12092,5,0,0
12092,5,2,0
12092,6,1,0
12092,6,2,0
12092,7,0,0
12092,7,1,0
12092,7,2,0
12093,1,0,0
12093,2,1,0
12093,3,0,0
12093,3,1,0
12093,4,2,0
12093,5,0,0
12093,5,2,0
12093,6,1,0
12093,6,2,0
12093,7,0,0
12093,7,1,0
12093,7,2,0
12094,1,0,0
12094,2,1,0
12094,3,0,0
12094,3,1,0
12094,4,2,0
12094,5,0,0
12094,5,2,0
12094,6,1,0
12094,6,2,0
12094,7,0,0
12094,7,1,0
12094,7,2,0
12095,1,0,0
12095,2,1,0
12095,3,0,0
12095,3,1,0
12095,4,2,0
12095,5,0,0
12095,5,2,0
12095,6,1,0
12095,6,2,0
12095,7,0,0
12095,7,1,0
12095,7,2,0
12096,1,0,1
12096,2,1,0
12096,3,0,1
12096,3,1,0
12096,4,2,0
12096,5,0,1
12096,5,2,0
12096,6,1,0
12096,6,2,0
12096,7,0,1
12096,7,1,0
12096,7,2,0
12097,1,0,1
12097,2,1,0
12097,3,0,1
12097,3,1,0
12097,4,2,0
12097,5,0,1
12097,5,2,0
12097,6,1,0
12097,6,2,0
12097,7,0,1
12097,7,1,0
12097,7,2,0
12098,1,0,0
12098,2,1,0
12098,3,0,0
12098,3,1,0
12098,4,2,0
12098,5,0,0
12098,5,2,0
12098,6,1,0
12098,6,2,0
12098,7,0,0
12098,7,1,0
12098,7,2,0
12099,1,0,0
12099,2,1,0
12099,3,0,0
12099,3,1,0
12099,4,2,0
12099,5,0,0
12099,5,2,0
12099,6,1,0
12099,6,2,0
12099,7,0,0
12099,7,1,0
12099,7,2,0
12100,1,0,0
12100,2,1,0
12100,3,0,0
12100,3,1,0
12100,4,2,0
12100,5,0,0
12100,5,2,0
12100,6,1,0
12100,6,2,0
12100,7,0,0
12100,7,1,0
12100,7,2,0
12101,1,0,0
12101,2,1,0
12101,3,0,0
12101,3,1,0
12101,4,2,0
12101,5,0,0
12101,5,2,0
12101,6,1,0
12101,6,2,0
12101,7,0,0
12101,7,1,0
12101,7,2,0
12102,1,0,0
12102,2,1,0
12102,3,0,0
12102,3,1,0
12102,4,2,0
12102,5,0,0
12102,5,2,0
12102,6,1,0
12102,6,2,0
12102,7,0,0
12102,7,1,0
12102,7,2,0
12103,1,0,0
12103,2,1,0
12103,3,0,0
12103,3,1,0
12103,4,2,0
12103,5,0,0
12103,5,2,0
12103,6,1,0
12103,6,2,0
12103,7,0,0
12103,7,1,0
12103,7,2,0
12104,1,0,0
12104,2,1,0
12104,3,0,0
12104,3,1,0
12104,4,2,0
12104,5,0,0
12104,5,2,0
12104,6,1,0
12104,6,2,0
12104,7,0,0
12104,7,1,0
12104,7,2,0
12105,1,0,0
12105,2,1,0
12105,3,0,0
12105,3,1,0
12105,4,2,0
12105,5,0,0
12105,5,2,0
12105,6,1,0
12105,6,2,0
12105,7,0,0
12105,7,1,0
12105,7,2,0
12106,1,0,0
12106,2,1,0
12106,3,0,0
12106,3,1,0
12106,4,2,0
12106,5,0,0
12106,5,2,0
12106,6,1,0
12106,6,2,0
12106,7,0,0
12106,7,1,0
12106,7,2,0
12107,1,0,0
12107,2,1,0
12107,3,0,0
12107,3,1,0
12107,4,2,0
12107,5,0,0
12107,5,2,0
12107,6,1,0
12107,6,2,0
12107,7,0,0
12107,7,1,0
12107,7,2,0
12108,1,0,0
12108,2,1,0
12108,3,0,0
12108,3,1,0
12108,4,2,0
12108,5,0,0
12108,5,2,0
12108,6,1,0
12108,6,2,0
12108,7,0,0
12108,7,1,0
12108,7,2,0
12109,1,0,0
12109,2,1,0
12109,3,0,0
12109,3,1,0
12109,4,2,0
12109,5,0,0
12109,5,2,0
12109,6,1,0
12109,6,2,0
12109,7,0,0
12109,7,1,0
12109,7,2,0
12110,1,0,0
12110,2,1,0
12110,3,0,0
12110,3,1,0
12110,4,2,0
12110,5,0,0
12110,5,2,0
12110,6,1,0
12110,6,2,0
12110,7,0,0
12110,7,1,0
12110,7,2,0
12111,1,0,0
12111,2,1,0
12111,3,0,0
12111,3,1,0
12111,4,2,0
12111,5,0,0
12111,5,2,0
12111,6,1,0
12111,6,2,0
12111,7,0,0
12111,7,1,0
12111,7,2,0
12112,1,0,0
12112,2,1,0
12112,3,0,0
12112,3,1,0
12112,4,2,0
12112,5,0,0
12112,5,2,0
12112,6,1,0
12112,6,2,0
12112,7,0,0
12112,7,1,0
12112,7,2,0
12113,1,0,0
12113,2,1,0
12113,3,0,0
12113,3,1,0
12113,4,2,0
12113,5,0,0
12113,5,2,0
12113,6,1,0
12113,6,2,0
12113,7,0,0
12113,7,1,0
12113,7,2,0
12114,1,0,0
12114,2,1,0
12114,3,0,0
12114,3,1,0
12114,4,2,0
12114,5,0,0
12114,5,2,0
12114,6,1,0
12114,6,2,0
12114,7,0,0
12114,7,1,0
12114,7,2,0
12115,1,0,0
12115,2,1,0
12115,3,0,0
12115,3,1,0
12115,4,2,0
12115,5,0,0
12115,5,2,0
12115,6,1,0
12115,6,2,0
12115,7,0,0
12115,7,1,0
12115,7,2,0
12116,1,0,0
12116,2,1,0
12116,3,0,0
12116,3,1,0
12116,4,2,0
12116,5,0,0
12116,5,2,0
12116,6,1,0
12116,6,2,0
12116,7,0,0
12116,7,1,0
12116,7,2,0
12117,1,0,0
12117,2,1,0
12117,3,0,0
12117,3,1,0
12117,4,2,0
12117,5,0,0
12117,5,2,0
12117,6,1,0
12117,6,2,0
12117,7,0,0
12117,7,1,0
12117,7,2,0
12118,1,0,0
12118,2,1,0
12118,3,0,0
12118,3,1,0
12118,4,2,0
12118,5,0,0
12118,5,2,0
12118,6,1,0
12118,6,2,0
12118,7,0,0
12118,7,1,0
12118,7,2,0
12119,1,0,0
12119,2,1,0
12119,3,0,0
12119,3,1,0
12119,4,2,0
12119,5,0,0
12119,5,2,0
12119,6,1,0
12119,6,2,0
12119,7,0,0
12119,7,1,0
12119,7,2,0
12120,1,0,0
12120,2,1,0
12120,3,0,0
12120,3,1,0
12120,4,2,0
12120,5,0,0
12120,5,2,0
12120,6,1,0
12120,6,2,0
12120,7,0,0
12120,7,1,0
12120,7,2,0
12121,1,0,0
12121,2,1,0
12121,3,0,0
12121,3,1,0
12121,4,2,0
12121,5,0,0
12121,5,2,0
12121,6,1,0
12121,6,2,0
12121,7,0,0
12121,7,1,0
12121,7,2,0
12122,1,0,0
12122,2,1,0
12122,3,0,0
12122,3,1,0
12122,4,2,0
12122,5,0,0
12122,5,2,0
12122,6,1,0
12122,6,2,0
12122,7,0,0
12122,7,1,0
12122,7,2,0
12123,1,0,1
12123,2,1,0
12123,3,0,1
12123,3,1,0
12123,4,2,0
12123,5,0,1
12123,5,2,0
12123,6,1,0
12123,6,2,0
12123,7,0,1
12123,7,1,0
12123,7,2,0
12124,1,0,1
12124,2,1,0
12124,3,0,1
12124,3,1,0
12124,4,2,0
12124,5,0,1
12124,5,2,0
12124,6,1,0
12124,6,2,0
12124,7,0,1
12124,7,1,0
12124,7,2,0
12125,1,0,0
12125,2,1,0
12125,3,0,0
12125,3,1,0
12125,4,2,0
12125,5,0,0
12125,5,2,0
12125,6,1,0
12125,6,2,0
12125,7,0,0
12125,7,1,0
12125,7,2,0
12126,1,0,0
12126,2,1,0
12126,3,0,0
12126,3,1,0
12126,4,2,0
12126,5,0,0
12126,5,2,0
12126,6,1,0
12126,6,2,0
12126,7,0,0
12126,7,1,0
12126,7,2,0
12127,1,0,0
12127,2,1,0
12127,3,0,0
12127,3,1,0
12127,4,2,0
12127,5,0,0
12127,5,2,0
12127,6,1,0
12127,6,2,0
12127,7,0,0
12127,7,1,0
12127,7,2,0
12128,1,0,0
12128,2,1,0
12128,3,0,0
12128,3,1,0
12128,4,2,0
12128,5,0,0
12128,5,2,0
12128,6,1,0
12128,6,2,0
12128,7,0,0
12128,7,1,0
12128,7,2,0
12129,1,0,0
12129,2,1,0
12129,3,0,0
12129,3,1,0
12129,4,2,0
12129,5,0,0
12129,5,2,0
12129,6,1,0
12129,6,2,0
12129,7,0,0
12129,7,1,0
12129,7,2,0
12130,1,0,0
12130,2,1,0
12130,3,0,0
12130,3,1,0
12130,4,2,0
12130,5,0,0
12130,5,2,0
12130,6,1,0
12130,6,2,0
12130,7,0,0
12130,7,1,0
12130,7,2,0
12131,1,0,0
12131,2,1,0
12131,3,0,0
12131,3,1,0
12131,4,2,0
12131,5,0,0
12131,5,2,0
12131,6,1,0
12131,6,2,0
12131,7,0,0
12131,7,1,0
12131,7,2,0
12132,1,0,0
12132,2,1,0
12132,3,0,0
12132,3,1,0
12132,4,2,0
12132,5,0,0
12132,5,2,0
12132,6,1,0
12132,6,2,0
12132,7,0,0
12132,7,1,0
12132,7,2,0
12133,1,0,0
12133,2,1,0
12133,3,0,0
12133,3,1,0
12133,4,2,0
12133,5,0,0
12133,5,2,0
12133,6,1,0
12133,6,2,0
12133,7,0,0
12133,7,1,0
12133,7,2,0
12134,1,0,0
12134,2,1,0
12134,3,0,0
12134,3,1,0
12134,4,2,0
12134,5,0,0
12134,5,2,0
12134,6,1,0
12134,6,2,0
12134,7,0,0
12134,7,1,0
12134,7,2,0
12135,1,0,0
12135,2,1,0
12135,3,0,0
12135,3,1,0
12135,4,2,0
12135,5,0,0
12135,5,2,0
12135,6,1,0
12135,6,2,0
12135,7,0,0
12135,7,1,0
12135,7,2,0
12136,1,0,0
12136,2,1,0
12136,3,0,0
12136,3,1,0
12136,4,2,0
12136,5,0,0
12136,5,2,0
12136,6,1,0
12136,6,2,0
12136,7,0,0
12136,7,1,0
12136,7,2,0
12137,1,0,0
12137,2,1,0
12137,3,0,0
12137,3,1,0
12137,4,2,0
12137,5,0,0
12137,5,2,0
12137,6,1,0
12137,6,2,0
12137,7,0,0
12137,7,1,0
12137,7,2,0
12138,1,0,0
12138,2,1,0
12138,3,0,0
12138,3,1,0
12138,4,2,0
12138,5,0,0
12138,5,2,0
12138,6,1,0
12138,6,2,0
12138,7,0,0
12138,7,1,0
12138,7,2,0
12139,1,0,0
12139,2,1,0
12139,3,0,0
12139,3,1,0
12139,4,2,0
12139,5,0,0
12139,5,2,0
12139,6,1,0
12139,6,2,0
12139,7,0,0
12139,7,1,0
12139,7,2,0
12140,1,0,0
12140,2,1,0
12140,3,0,0
12140,3,1,0
12140,4,2,0
12140,5,0,0
12140,5,2,0
12140,6,1,0
12140,6,2,0
12140,7,0,0
12140,7,1,0
12140,7,2,0
12141,1,0,0
12141,2,1,0
12141,3,0,0
12141,3,1,0
12141,4,2,0
12141,5,0,0
12141,5,2,0
12141,6,1,0
12141,6,2,0
12141,7,0,0
12141,7,1,0
12141,7,2,0
12142,1,0,0
12142,2,1,0
12142,3,0,0
12142,3,1,0
12142,4,2,0
12142,5,0,0
12142,5,2,0
12142,6,1,0
12142,6,2,0
12142,7,0,0
12142,7,1,0
12142,7,2,0
12143,1,0,0
12143,2,1,0
12143,3,0,0
12143,3,1,0
12143,4,2,0
12143,5,0,0
12143,5,2,0
12143,6,1,0
12143,6,2,0
12143,7,0,0
12143,7,1,0
12143,7,2,0
12144,1,0,0
12144,2,1,0
12144,3,0,0
12144,3,1,0
12144,4,2,0
12144,5,0,0
12144,5,2,0
12144,6,1,0
12144,6,2,0
12144,7,0,0
12144,7,1,0
12144,7,2,0
12145,1,0,0
12145,2,1,0
12145,3,0,0
12145,3,1,0
12145,4,2,0
12145,5,0,0
12145,5,2,0
12145,6,1,0
12145,6,2,0
12145,7,0,0
12145,7,1,0
12145,7,2,0
12146,1,0,0
12146,2,1,0
12146,3,0,0
12146,3,1,0
12146,4,2,0
12146,5,0,0
12146,5,2,0
12146,6,1,0
12146,6,2,0
12146,7,0,0
12146,7,1,0
12146,7,2,0
12147,1,0,0
12147,2,1,0
12147,3,0,0
12147,3,1,0
12147,4,2,0
12147,5,0,0
12147,5,2,0
12147,6,1,0
12147,6,2,0
12147,7,0,0
12147,7,1,0
12147,7,2,0
12148,1,0,0
12148,2,1,0
12148,3,0,0
12148,3,1,0
12148,4,2,0
12148,5,0,0
12148,5,2,0
12148,6,1,0
12148,6,2,0
12148,7,0,0
12148,7,1,0
12148,7,2,0
12149,1,0,0
12149,2,1,0
12149,3,0,0
12149,3,1,0
12149,4,2,0
12149,5,0,0
12149,5,2,0
12149,6,1,0
12149,6,2,0
12149,7,0,0
12149,7,1,0
12149,7,2,0
12150,1,0,1
12150,2,1,0
12150,3,0,1
12150,3,1,0
12150,4,2,0
12150,5,0,1
12150,5,2,0
12150,6,1,0
12150,6,2,0
12150,7,0,1
12150,7,1,0
12150,7,2,0
12151,1,0,1
12151,2,1,0
12151,3,0,1
12151,3,1,0
12151,4,2,0
12151,5,0,1
12151,5,2,0
12151,6,1,0
12151,6,2,0
12151,7,0,1
12151,7,1,0
12151,7,2,0
12152,1,0,0
12152,2,1,0
12152,3,0,0
12152,3,1,0
12152,4,2,0
12152,5,0,0
12152,5,2,0
12152,6,1,0
12152,6,2,0
12152,7,0,0
12152,7,1,0
12152,7,2,0
12153,1,0,0
12153,2,1,0
12153,3,0,0
12153,3,1,0
12153,4,2,0
12153,5,0,0
12153,5,2,0
12153,6,1,0
12153,6,2,0
12153,7,0,0
12153,7,1,0
12153,7,2,0
12154,1,0,0
12154,2,1,0
12154,3,0,0
12154,3,1,0
12154,4,2,0
12154,5,0,0
12154,5,2,0
12154,6,1,0
12154,6,2,0
12154,7,0,0
12154,7,1,0
12154,7,2,0
12155,1,0,0
12155,2,1,0
12155,3,0,0
12155,3,1,0
12155,4,2,0
12155,5,0,0
12155,5,2,0
12155,6,1,0
12155,6,2,0
12155,7,0,0
12155,7,1,0
12155,7,2,0
12156,1,0,0
12156,2,1,0
12156,3,0,0
12156,3,1,0
12156,4,2,0
12156,5,0,0
12156,5,2,0
12156,6,1,0
12156,6,2,0
12156,7,0,0
12156,7,1,0
12156,7,2,0
12157,1,0,0
12157,2,1,0
12157,3,0,0
12157,3,1,0
12157,4,2,0
12157,5,0,0
12157,5,2,0
12157,6,1,0
12157,6,2,0
12157,7,0,0
12157,7,1,0
12157,7,2,0
12158,1,0,0
12158,2,1,0
12158,3,0,0
12158,3,1,0
12158,4,2,0
12158,5,0,0
12158,5,2,0
12158,6,1,0
12158,6,2,0
12158,7,0,0
12158,7,1,0
12158,7,2,0
12159,1,0,0
12159,2,1,0
12159,3,0,0
12159,3,1,0
12159,4,2,0
12159,5,0,0
12159,5,2,0
12159,6,1,0
12159,6,2,0
12159,7,0,0
12159,7,1,0
12159,7,2,0
12160,1,0,0
12160,2,1,0
12160,3,0,0
12160,3,1,0
12160,4,2,0
12160,5,0,0
12160,5,2,0
12160,6,1,0
12160,6,2,0
12160,7,0,0
12160,7,1,0
12160,7,2,0
12161,1,0,0
12161,2,1,0
12161,3,0,0
12161,3,1,0
12161,4,2,0
12161,5,0,0
12161,5,2,0
12161,6,1,0
12161,6,2,0
12161,7,0,0
12161,7,1,0
12161,7,2,0
12162,1,0,0
12162,2,1,0
12162,3,0,0
12162,3,1,0
12162,4,2,0
12162,5,0,0
12162,5,2,0
12162,6,1,0
12162,6,2,0
12162,7,0,0
12162,7,1,0
12162,7,2,0
12163,1,0,0
12163,2,1,0
12163,3,0,0
12163,3,1,0
12163,4,2,0
12163,5,0,0
12163,5,2,0
12163,6,1,0
12163,6,2,0
12163,7,0,0
12163,7,1,0
12163,7,2,0
12164,1,0,0
12164,2,1,0
12164,3,0,0
12164,3,1,0
12164,4,2,0
12164,5,0,0
12164,5,2,0
12164,6,1,0
12164,6,2,0
12164,7,0,0
12164,7,1,0
12164,7,2,0
12165,1,0,0
12165,2,1,0
12165,3,0,0
12165,3,1,0
12165,4,2,0
12165,5,0,0
12165,5,2,0
12165,6,1,0
12165,6,2,0
12165,7,0,0
12165,7,1,0
12165,7,2,0
12166,1,0,0
12166,2,1,0
12166,3,0,0
12166,3,1,0
12166,4,2,0
12166,5,0,0
12166,5,2,0
12166,6,1,0
12166,6,2,0
12166,7,0,0
12166,7,1,0
12166,7,2,0
12167,1,0,0
12167,2,1,0
12167,3,0,0
12167,3,1,0
12167,4,2,0
12167,5,0,0
12167,5,2,0
12167,6,1,0
12167,6,2,0
12167,7,0,0
12167,7,1,0
12167,7,2,0
12168,1,0,0
12168,2,1,0
12168,3,0,0
12168,3,1,0
12168,4,2,0
12168,5,0,0
12168,5,2,0
12168,6,1,0
12168,6,2,0
12168,7,0,0
12168,7,1,0
12168,7,2,0
12169,1,0,0
12169,2,1,0
12169,3,0,0
12169,3,1,0
12169,4,2,0
12169,5,0,0
12169,5,2,0
12169,6,1,0
12169,6,2,0
12169,7,0,0
12169,7,1,0
12169,7,2,0
12170,1,0,0
12170,2,1,0
12170,3,0,0
12170,3,1,0
12170,4,2,0
12170,5,0,0
12170,5,2,0
12170,6,1,0
12170,6,2,0
12170,7,0,0
12170,7,1,0
12170,7,2,0
12171,1,0,0
12171,2,1,0
12171,3,0,0
12171,3,1,0
12171,4,2,0
12171,5,0,0
12171,5,2,0
12171,6,1,0
12171,6,2,0
12171,7,0,0
12171,7,1,0
12171,7,2,0
12172,1,0,0
12172,2,1,0
12172,3,0,0
12172,3,1,0
12172,4,2,0
12172,5,0,0
12172,5,2,0
12172,6,1,0
12172,6,2,0
12172,7,0,0
12172,7,1,0
12172,7,2,0
12173,1,0,0
12173,2,1,0
12173,3,0,0
12173,3,1,0
12173,4,2,0
12173,5,0,0
12173,5,2,0
12173,6,1,0
12173,6,2,0
12173,7,0,0
12173,7,1,0
12173,7,2,0
12174,1,0,0
12174,2,1,0
12174,3,0,0
12174,3,1,0
12174,4,2,0
12174,5,0,0
12174,5,2,0
12174,6,1,0
12174,6,2,0
12174,7,0,0
12174,7,1,0
12174,7,2,0
12175,1,0,0
12175,2,1,0
12175,3,0,0
12175,3,1,0
12175,4,2,0
12175,5,0,0
12175,5,2,0
12175,6,1,0
12175,6,2,0
12175,7,0,0
12175,7,1,0
12175,7,2,0
12176,1,0,0
12176,2,1,0
12176,3,0,0
12176,3,1,0
12176,4,2,0
12176,5,0,0
12176,5,2,0
12176,6,1,0
12176,6,2,0
12176,7,0,0
12176,7,1,0
12176,7,2,0
12177,1,0,1
12177,2,1,0
12177,3,0,1
12177,3,1,0
12177,4,2,0
12177,5,0,1
12177,5,2,0
12177,6,1,0
12177,6,2,0
12177,7,0,1
12177,7,1,0
12177,7,2,0
12178,1,0,1
12178,2,1,0
12178,3,0,1
12178,3,1,0
12178,4,2,0
12178,5,0,1
12178,5,2,0
12178,6,1,0
12178,6,2,0
12178,7,0,1
12178,7,1,0
12178,7,2,0
12179,1,0,0
12179,2,1,0
12179,3,0,0
12179,3,1,0
12179,4,2,0
12179,5,0,0
12179,5,2,0
12179,6,1,0
12179,6,2,0
12179,7,0,0
12179,7,1,0
12179,7,2,0
12180,1,0,0
12180,2,1,0
12180,3,0,0
12180,3,1,0
12180,4,2,0
12180,5,0,0
12180,5,2,0
12180,6,1,0
12180,6,2,0
12180,7,0,0
12180,7,1,0
12180,7,2,0
12181,1,0,0
12181,2,1,0
12181,3,0,0
12181,3,1,0
12181,4,2,0
12181,5,0,0
12181,5,2,0
12181,6,1,0
12181,6,2,0
12181,7,0,0
12181,7,1,0
12181,7,2,0
12182,1,0,0
12182,2,1,0
12182,3,0,0
12182,3,1,0
12182,4,2,0
12182,5,0,0
12182,5,2,0
12182,6,1,0
12182,6,2,0
12182,7,0,0
12182,7,1,0
12182,7,2,0
12183,1,0,0
12183,2,1,0
12183,3,0,0
12183,3,1,0
12183,4,2,0
12183,5,0,0
12183,5,2,0
12183,6,1,0
12183,6,2,0
12183,7,0,0
12183,7,1,0
12183,7,2,0
12184,1,0,0
12184,2,1,0
12184,3,0,0
12184,3,1,0
12184,4,2,0
12184,5,0,0
12184,5,2,0
12184,6,1,0
12184,6,2,0
12184,7,0,0
12184,7,1,0
12184,7,2,0
12185,1,0,0
12185,2,1,0
12185,3,0,0
12185,3,1,0
12185,4,2,0
12185,5,0,0
12185,5,2,0
12185,6,1,0
12185,6,2,0
12185,7,0,0
12185,7,1,0
12185,7,2,0
12186,1,0,0
12186,2,1,0
12186,3,0,0
12186,3,1,0
12186,4,2,0
12186,5,0,0
12186,5,2,0
12186,6,1,0
12186,6,2,0
12186,7,0,0
12186,7,1,0
12186,7,2,0
12187,1,0,0
12187,2,1,0
12187,3,0,0
12187,3,1,0
12187,4,2,0
12187,5,0,0
12187,5,2,0
12187,6,1,0
12187,6,2,0
12187,7,0,0
12187,7,1,0
12187,7,2,0
12188,1,0,0
12188,2,1,0
12188,3,0,0
12188,3,1,0
12188,4,2,0
12188,5,0,0
12188,5,2,0
12188,6,1,0
12188,6,2,0
12188,7,0,0
12188,7,1,0
12188,7,2,0
12189,1,0,0
12189,2,1,0
12189,3,0,0
12189,3,1,0
12189,4,2,0
12189,5,0,0
12189,5,2,0
12189,6,1,0
12189,6,2,0
12189,7,0,0
12189,7,1,0
12189,7,2,0
12190,1,0,0
12190,2,1,0
12190,3,0,0
12190,3,1,0
12190,4,2,0
12190,5,0,0
12190,5,2,0
12190,6,1,0
12190,6,2,0
12190,7,0,0
12190,7,1,0
12190,7,2,0
12191,1,0,0
12191,2,1,0
12191,3,0,0
12191,3,1,0
12191,4,2,0
12191,5,0,0
12191,5,2,0
12191,6,1,0
12191,6,2,0
12191,7,0,0
12191,7,1,0
12191,7,2,0
12192,1,0,0
12192,2,1,0
12192,3,0,0
12192,3,1,0
12192,4,2,0
12192,5,0,0
12192,5,2,0
12192,6,1,0
12192,6,2,0
12192,7,0,0
12192,7,1,0
12192,7,2,0
12193,1,0,0
12193,2,1,0
12193,3,0,0
12193,3,1,0
12193,4,2,0
12193,5,0,0
12193,5,2,0
12193,6,1,0
12193,6,2,0
12193,7,0,0
12193,7,1,0
12193,7,2,0
12194,1,0,0
12194,2,1,0
12194,3,0,0
12194,3,1,0
12194,4,2,0
12194,5,0,0
12194,5,2,0
12194,6,1,0
12194,6,2,0
12194,7,0,0
12194,7,1,0
12194,7,2,0
12195,1,0,0
12195,2,1,0
12195,3,0,0
12195,3,1,0
12195,4,2,0
12195,5,0,0
12195,5,2,0
12195,6,1,0
12195,6,2,0
12195,7,0,0
12195,7,1,0
12195,7,2,0
12196,1,0,0
12196,2,1,0
12196,3,0,0
12196,3,1,0
12196,4,2,0
12196,5,0,0
12196,5,2,0
12196,6,1,0
12196,6,2,0
12196,7,0,0
12196,7,1,0
12196,7,2,0
12197,1,0,0
12197,2,1,0
12197,3,0,0
12197,3,1,0
12197,4,2,0
12197,5,0,0
12197,5,2,0
12197,6,1,0
12197,6,2,0
12197,7,0,0
12197,7,1,0
12197,7,2,0
12198,1,0,0
12198,2,1,0
12198,3,0,0
12198,3,1,0
12198,4,2,0
12198,5,0,0
12198,5,2,0
12198,6,1,0
12198,6,2,0
12198,7,0,0
12198,7,1,0
12198,7,2,0
12199,1,0,0
12199,2,1,0
12199,3,0,0
12199,3,1,0
12199,4,2,0
12199,5,0,0
12199,5,2,0
12199,6,1,0
12199,6,2,0
12199,7,0,0
12199,7,1,0
12199,7,2,0
12200,1,0,0
12200,2,1,0
12200,3,0,0
12200,3,1,0
12200,4,2,0
12200,5,0,0
12200,5,2,0
12200,6,1,0
12200,6,2,0
12200,7,0,0
12200,7,1,0
12200,7,2,0
12201,1,0,0
12201,2,1,0
12201,3,0,0
12201,3,1,0
12201,4,2,0
12201,5,0,0
12201,5,2,0
12201,6,1,0
12201,6,2,0
12201,7,0,0
12201,7,1,0
12201,7,2,0
12202,1,0,0
12202,2,1,0
12202,3,0,0
12202,3,1,0
12202,4,2,0
12202,5,0,0
12202,5,2,0
12202,6,1,0
12202,6,2,0
12202,7,0,0
12202,7,1,0
12202,7,2,0
12203,1,0,0
12203,2,1,0
12203,3,0,0
12203,3,1,0
12203,4,2,0
12203,5,0,0
12203,5,2,0
12203,6,1,0
12203,6,2,0
12203,7,0,0
12203,7,1,0
12203,7,2,0
12204,1,0,1
12204,2,1,0
12204,3,0,1
12204,3,1,0
12204,4,2,0
12204,5,0,1
12204,5,2,0
12204,6,1,0
12204,6,2,0
12204,7,0,1
12204,7,1,0
12204,7,2,0
12205,1,0,1
12205,2,1,0
12205,3,0,1
12205,3,1,0
12205,4,2,0
12205,5,0,1
12205,5,2,0
12205,6,1,0
12205,6,2,0
12205,7,0,1
12205,7,1,0
12205,7,2,0
12206,1,0,0
12206,2,1,0
12206,3,0,0
12206,3,1,0
12206,4,2,0
12206,5,0,0
12206,5,2,0
12206,6,1,0
12206,6,2,0
12206,7,0,0
12206,7,1,0
12206,7,2,0
12207,1,0,0
12207,2,1,0
12207,3,0,0
12207,3,1,0
12207,4,2,0
12207,5,0,0
12207,5,2,0
12207,6,1,0
12207,6,2,0
12207,7,0,0
12207,7,1,0
12207,7,2,0
12208,1,0,0
12208,2,1,0
12208,3,0,0
12208,3,1,0
12208,4,2,0
12208,5,0,0
12208,5,2,0
12208,6,1,0
12208,6,2,0
12208,7,0,0
12208,7,1,0
12208,7,2,0
12209,1,0,0
12209,2,1,0
12209,3,0,0
12209,3,1,0
12209,4,2,0
12209,5,0,0
12209,5,2,0
12209,6,1,0
12209,6,2,0
12209,7,0,0
12209,7,1,0
12209,7,2,0
12210,1,0,0
12210,2,1,0
12210,3,0,0
12210,3,1,0
12210,4,2,0
12210,5,0,0
12210,5,2,0
12210,6,1,0
12210,6,2,0
12210,7,0,0
12210,7,1,0
12210,7,2,0
12211,1,0,0
12211,2,1,0
12211,3,0,0
12211,3,1,0
12211,4,2,0
12211,5,0,0
12211,5,2,0
12211,6,1,0
12211,6,2,0
12211,7,0,0
12211,7,1,0
12211,7,2,0
12212,1,0,0
12212,2,1,0
12212,3,0,0
12212,3,1,0
12212,4,2,0
12212,5,0,0
12212,5,2,0
12212,6,1,0
12212,6,2,0
12212,7,0,0
12212,7,1,0
12212,7,2,0
12213,1,0,0
12213,2,1,0
12213,3,0,0
12213,3,1,0
12213,4,2,0
12213,5,0,0
12213,5,2,0
12213,6,1,0
12213,6,2,0
12213,7,0,0
12213,7,1,0
12213,7,2,0
12214,1,0,0
12214,2,1,0
12214,3,0,0
12214,3,1,0
12214,4,2,0
12214,5,0,0
12214,5,2,0
12214,6,1,0
12214,6,2,0
12214,7,0,0
12214,7,1,0
12214,7,2,0
12215,1,0,0
12215,2,1,0
12215,3,0,0
12215,3,1,0
12215,4,2,0
12215,5,0,0
12215,5,2,0
12215,6,1,0
12215,6,2,0
12215,7,0,0
12215,7,1,0
12215,7,2,0
12216,1,0,0
12216,2,1,0
12216,3,0,0
12216,3,1,0
12216,4,2,0
12216,5,0,0
12216,5,2,0
12216,6,1,0
12216,6,2,0
12216,7,0,0
12216,7,1,0
12216,7,2,0
12217,1,0,0
12217,2,1,0
12217,3,0,0
12217,3,1,0
12217,4,2,0
12217,5,0,0
12217,5,2,0
12217,6,1,0
12217,6,2,0
12217,7,0,0
12217,7,1,0
12217,7,2,0
12218,1,0,0
12218,2,1,0
12218,3,0,0
12218,3,1,0
12218,4,2,0
12218,5,0,0
12218,5,2,0
12218,6,1,0
12218,6,2,0
12218,7,0,0
12218,7,1,0
12218,7,2,0
12219,1,0,0
12219,2,1,0
12219,3,0,0
12219,3,1,0
12219,4,2,0
12219,5,0,0
12219,5,2,0
12219,6,1,0
12219,6,2,0
12219,7,0,0
12219,7,1,0
12219,7,2,0
12220,1,0,0
12220,2,1,0
12220,3,0,0
12220,3,1,0
12220,4,2,0
12220,5,0,0
12220,5,2,0
12220,6,1,0
12220,6,2,0
12220,7,0,0
12220,7,1,0
12220,7,2,0
12221,1,0,0
12221,2,1,0
12221,3,0,0
12221,3,1,0
12221,4,2,0
12221,5,0,0
12221,5,2,0
12221,6,1,0
12221,6,2,0
12221,7,0,0
12221,7,1,0
12221,7,2,0
12222,1,0,0
12222,2,1,0
12222,3,0,0
12222,3,1,0
12222,4,2,0
12222,5,0,0
12222,5,2,0
12222,6,1,0
12222,6,2,0
12222,7,0,0
12222,7,1,0
12222,7,2,0
12223,1,0,0
12223,2,1,0
12223,3,0,0
12223,3,1,0
12223,4,2,0
12223,5,0,0
12223,5,2,0
12223,6,1,0
12223,6,2,0
12223,7,0,0
12223,7,1,0
12223,7,2,0
12224,1,0,0
12224,2,1,0
12224,3,0,0
12224,3,1,0
12224,4,2,0
12224,5,0,0
12224,5,2,0
12224,6,1,0
12224,6,2,0
12224,7,0,0
12224,7,1,0
12224,7,2,0
12225,1,0,0
12225,2,1,0
12225,3,0,0
12225,3,1,0
12225,4,2,0
12225,5,0,0
12225,5,2,0
12225,6,1,0
12225,6,2,0
12225,7,0,0
12225,7,1,0
12225,7,2,0
12226,1,0,0
12226,2,1,0
12226,3,0,0
12226,3,1,0
12226,4,2,0
12226,5,0,0
12226,5,2,0
12226,6,1,0
12226,6,2,0
12226,7,0,0
12226,7,1,0
12226,7,2,0
12227,1,0,0
12227,2,1,0
12227,3,0,0
12227,3,1,0
12227,4,2,0
12227,5,0,0
12227,5,2,0
12227,6,1,0
12227,6,2,0
12227,7,0,0
12227,7,1,0
12227,7,2,0
12228,1,0,0
12228,2,1,0
12228,3,0,0
12228,3,1,0
12228,4,2,0
12228,5,0,0
12228,5,2,0
12228,6,1,0
12228,6,2,0
12228,7,0,0
12228,7,1,0
12228,7,2,0
12229,1,0,0
12229,2,1,0
12229,3,0,0
12229,3,1,0
12229,4,2,0
12229,5,0,0
12229,5,2,0
12229,6,1,0
12229,6,2,0
12229,7,0,0
12229,7,1,0
12229,7,2,0
12230,1,0,0
12230,2,1,0
12230,3,0,0
12230,3,1,0
12230,4,2,0
12230,5,0,0
12230,5,2,0
12230,6,1,0
12230,6,2,0
12230,7,0,0
12230,7,1,0
12230,7,2,0
12231,1,0,1
12231,2,1,0
12231,3,0,1
12231,3,1,0
12231,4,2,0
12231,5,0,1
12231,5,2,0
12231,6,1,0
12231,6,2,0
12231,7,0,1
12231,7,1,0
12231,7,2,0
12232,1,0,1
12232,2,1,0
12232,3,0,1
12232,3,1,0
12232,4,2,0
12232,5,0,1
12232,5,2,0
12232,6,1,0
12232,6,2,0
12232,7,0,1
12232,7,1,0
12232,7,2,0
12233,1,0,0
12233,2,1,0
12233,3,0,0
12233,3,1,0
12233,4,2,0
12233,5,0,0
12233,5,2,0
12233,6,1,0
12233,6,2,0
12233,7,0,0
12233,7,1,0
12233,7,2,0
12234,1,0,0
12234,2,1,0
12234,3,0,0
12234,3,1,0
12234,4,2,0
12234,5,0,0
12234,5,2,0
12234,6,1,0
12234,6,2,0
12234,7,0,0
12234,7,1,0
12234,7,2,0
12235,1,0,0
12235,2,1,0
12235,3,0,0
12235,3,1,0
12235,4,2,0
12235,5,0,0
12235,5,2,0
12235,6,1,0
12235,6,2,0
12235,7,0,0
12235,7,1,0
12235,7,2,0
12236,1,0,0
12236,2,1,0
12236,3,0,0
12236,3,1,0
12236,4,2,0
12236,5,0,0
12236,5,2,0
12236,6,1,0
12236,6,2,0
12236,7,0,0
12236,7,1,0
12236,7,2,0
12237,1,0,0
12237,2,1,0
12237,3,0,0
12237,3,1,0
12237,4,2,0
12237,5,0,0
12237,5,2,0
12237,6,1,0
12237,6,2,0
12237,7,0,0
12237,7,1,0
12237,7,2,0
12238,1,0,0
12238,2,1,0
12238,3,0,0
12238,3,1,0
12238,4,2,0
12238,5,0,0
12238,5,2,0
12238,6,1,0
12238,6,2,0
12238,7,0,0
12238,7,1,0
12238,7,2,0
12239,1,0,0
12239,2,1,0
12239,3,0,0
12239,3,1,0
12239,4,2,0
12239,5,0,0
12239,5,2,0
12239,6,1,0
12239,6,2,0
12239,7,0,0
12239,7,1,0
12239,7,2,0
12240,1,0,0
12240,2,1,0
12240,3,0,0
12240,3,1,0
12240,4,2,0
12240,5,0,0
12240,5,2,0
12240,6,1,0
12240,6,2,0
12240,7,0,0
12240,7,1,0
12240,7,2,0
12241,1,0,0
12241,2,1,0
12241,3,0,0
12241,3,1,0
12241,4,2,0
12241,5,0,0
12241,5,2,0
12241,6,1,0
12241,6,2,0
12241,7,0,0
12241,7,1,0
12241,7,2,0
12242,1,0,0
12242,2,1,0
12242,3,0,0
12242,3,1,0
12242,4,2,0
12242,5,0,0
12242,5,2,0
12242,6,1,0
12242,6,2,0
12242,7,0,0
12242,7,1,0
12242,7,2,0
12243,1,0,0
12243,2,1,0
12243,3,0,0
12243,3,1,0
12243,4,2,0
12243,5,0,0
12243,5,2,0
12243,6,1,0
12243,6,2,0
12243,7,0,0
12243,7,1,0
12243,7,2,0
12244,1,0,0
12244,2,1,0
12244,3,0,0
12244,3,1,0
12244,4,2,0
12244,5,0,0
12244,5,2,0
12244,6,1,0
12244,6,2,0
12244,7,0,0
12244,7,1,0
12244,7,2,0
12245,1,0,0
12245,2,1,0
12245,3,0,0
12245,3,1,0
12245,4,2,0
12245,5,0,0
12245,5,2,0
12245,6,1,0
12245,6,2,0
12245,7,0,0
12245,7,1,0
12245,7,2,0
12246,1,0,0
12246,2,1,0
12246,3,0,0
12246,3,1,0
12246,4,2,0
12246,5,0,0
12246,5,2,0
12246,6,1,0
12246,6,2,0
12246,7,0,0
12246,7,1,0
12246,7,2,0
12247,1,0,0
12247,2,1,0
12247,3,0,0
12247,3,1,0
12247,4,2,0
12247,5,0,0
12247,5,2,0
12247,6,1,0
12247,6,2,0
12247,7,0,0
12247,7,1,0
12247,7,2,0
12248,1,0,0
12248,2,1,0
12248,3,0,0
12248,3,1,0
12248,4,2,0
12248,5,0,0
12248,5,2,0
12248,6,1,0
12248,6,2,0
12248,7,0,0
12248,7,1,0
12248,7,2,0
12249,1,0,0
12249,2,1,0
12249,3,0,0
12249,3,1,0
12249,4,2,0
12249,5,0,0
12249,5,2,0
12249,6,1,0
12249,6,2,0
12249,7,0,0
12249,7,1,0
12249,7,2,0
12250,1,0,0
12250,2,1,0
12250,3,0,0
12250,3,1,0
12250,4,2,0
12250,5,0,0
12250,5,2,0
12250,6,1,0
12250,6,2,0
12250,7,0,0
12250,7,1,0
12250,7,2,0
12251,1,0,0
12251,2,1,0
12251,3,0,0
12251,3,1,0
12251,4,2,0
12251,5,0,0
12251,5,2,0
12251,6,1,0
12251,6,2,0
12251,7,0,0
12251,7,1,0
12251,7,2,0
12252,1,0,0
12252,2,1,0
12252,3,0,0
12252,3,1,0
12252,4,2,0
12252,5,0,0
12252,5,2,0
12252,6,1,0
12252,6,2,0
12252,7,0,0
12252,7,1,0
12252,7,2,0
12253,1,0,0
12253,2,1,0
12253,3,0,0
12253,3,1,0
12253,4,2,0
12253,5,0,0
12253,5,2,0
12253,6,1,0
12253,6,2,0
12253,7,0,0
12253,7,1,0
12253,7,2,0
12254,1,0,0
12254,2,1,0
12254,3,0,0
12254,3,1,0
12254,4,2,0
12254,5,0,0
12254,5,2,0
12254,6,1,0
12254,6,2,0
12254,7,0,0
12254,7,1,0
12254,7,2,0
12255,1,0,0
12255,2,1,0
12255,3,0,0
12255,3,1,0
12255,4,2,0
12255,5,0,0
12255,5,2,0
12255,6,1,0
12255,6,2,0
12255,7,0,0
12255,7,1,0
12255,7,2,0
12256,1,0,0
12256,2,1,0
12256,3,0,0
12256,3,1,0
12256,4,2,0
12256,5,0,0
12256,5,2,0
12256,6,1,0
12256,6,2,0
12256,7,0,0
12256,7,1,0
12256,7,2,0
12257,1,0,0
12257,2,1,0
12257,3,0,0
12257,3,1,0
12257,4,2,0
12257,5,0,0
12257,5,2,0
12257,6,1,0
12257,6,2,0
12257,7,0,0
12257,7,1,0
12257,7,2,0
12258,1,0,1
12258,2,1,0
12258,3,0,1
12258,3,1,0
12258,4,2,0
12258,5,0,1
12258,5,2,0
12258,6,1,0
12258,6,2,0
12258,7,0,1
12258,7,1,0
12258,7,2,0
12259,1,0,1
12259,2,1,0
12259,3,0,1
12259,3,1,0
12259,4,2,0
12259,5,0,1
12259,5,2,0
12259,6,1,0
12259,6,2,0
12259,7,0,1
12259,7,1,0
12259,7,2,0
12260,1,0,0
12260,2,1,0
12260,3,0,0
12260,3,1,0
12260,4,2,0
12260,5,0,0
12260,5,2,0
12260,6,1,0
12260,6,2,0
12260,7,0,0
12260,7,1,0
12260,7,2,0
12261,1,0,0
12261,2,1,0
12261,3,0,0
12261,3,1,0
12261,4,2,0
12261,5,0,0
12261,5,2,0
12261,6,1,0
12261,6,2,0
12261,7,0,0
12261,7,1,0
12261,7,2,0
12262,1,0,0
12262,2,1,0
12262,3,0,0
12262,3,1,0
12262,4,2,0
12262,5,0,0
12262,5,2,0
12262,6,1,0
12262,6,2,0
12262,7,0,0
12262,7,1,0
12262,7,2,0
12263,1,0,0
12263,2,1,0
12263,3,0,0
12263,3,1,0
12263,4,2,0
12263,5,0,0
12263,5,2,0
12263,6,1,0
12263,6,2,0
12263,7,0,0
12263,7,1,0
12263,7,2,0
12264,1,0,0
12264,2,1,0
12264,3,0,0
12264,3,1,0
12264,4,2,0
12264,5,0,0
12264,5,2,0
12264,6,1,0
12264,6,2,0
12264,7,0,0
12264,7,1,0
12264,7,2,0
12265,1,0,0
12265,2,1,0
12265,3,0,0
12265,3,1,0
12265,4,2,0
12265,5,0,0
12265,5,2,0
12265,6,1,0
12265,6,2,0
12265,7,0,0
12265,7,1,0
12265,7,2,0
12266,1,0,0
12266,2,1,0
12266,3,0,0
12266,3,1,0
12266,4,2,0
12266,5,0,0
12266,5,2,0
12266,6,1,0
12266,6,2,0
12266,7,0,0
12266,7,1,0
12266,7,2,0
12267,1,0,0
12267,2,1,0
12267,3,0,0
12267,3,1,0
12267,4,2,0
12267,5,0,0
12267,5,2,0
12267,6,1,0
12267,6,2,0
12267,7,0,0
12267,7,1,0
12267,7,2,0
12268,1,0,0
12268,2,1,0
12268,3,0,0
12268,3,1,0
12268,4,2,0
12268,5,0,0
12268,5,2,0
12268,6,1,0
12268,6,2,0
12268,7,0,0
12268,7,1,0
12268,7,2,0
12269,1,0,0
12269,2,1,0
12269,3,0,0
12269,3,1,0
12269,4,2,0
12269,5,0,0
12269,5,2,0
12269,6,1,0
12269,6,2,0
12269,7,0,0
12269,7,1,0
12269,7,2,0
12270,1,0,0
12270,2,1,0
12270,3,0,0
12270,3,1,0
12270,4,2,0
12270,5,0,0
12270,5,2,0
12270,6,1,0
12270,6,2,0
12270,7,0,0
12270,7,1,0
12270,7,2,0
12271,1,0,0
12271,2,1,0
12271,3,0,0
12271,3,1,0
12271,4,2,0
12271,5,0,0
12271,5,2,0
12271,6,1,0
12271,6,2,0
12271,7,0,0
12271,7,1,0
12271,7,2,0
12272,1,0,0
12272,2,1,0
12272,3,0,0
12272,3,1,0
12272,4,2,0
12272,5,0,0
12272,5,2,0
12272,6,1,0
12272,6,2,0
12272,7,0,0
12272,7,1,0
12272,7,2,0
12273,1,0,0
12273,2,1,0
12273,3,0,0
12273,3,1,0
12273,4,2,0
12273,5,0,0
12273,5,2,0
12273,6,1,0
12273,6,2,0
12273,7,0,0
12273,7,1,0
12273,7,2,0
12274,1,0,0
12274,2,1,0
12274,3,0,0
12274,3,1,0
12274,4,2,0
12274,5,0,0
12274,5,2,0
12274,6,1,0
12274,6,2,0
12274,7,0,0
12274,7,1,0
12274,7,2,0
12275,1,0,0
12275,2,1,0
12275,3,0,0
12275,3,1,0
12275,4,2,0
12275,5,0,0
12275,5,2,0
12275,6,1,0
12275,6,2,0
12275,7,0,0
12275,7,1,0
12275,7,2,0
12276,1,0,0
12276,2,1,0
12276,3,0,0
12276,3,1,0
12276,4,2,0
12276,5,0,0
12276,5,2,0
12276,6,1,0
12276,6,2,0
12276,7,0,0
12276,7,1,0
12276,7,2,0
12277,1,0,0
12277,2,1,0
12277,3,0,0
12277,3,1,0
12277,4,2,0
12277,5,0,0
12277,5,2,0
12277,6,1,0
12277,6,2,0
12277,7,0,0
12277,7,1,0
12277,7,2,0
12278,1,0,0
12278,2,1,0
12278,3,0,0
12278,3,1,0
12278,4,2,0
12278,5,0,0
12278,5,2,0
12278,6,1,0
12278,6,2,0
12278,7,0,0
12278,7,1,0
12278,7,2,0
12279,1,0,0
12279,2,1,0
12279,3,0,0
12279,3,1,0
12279,4,2,0
12279,5,0,0
12279,5,2,0
12279,6,1,0
12279,6,2,0
12279,7,0,0
12279,7,1,0
12279,7,2,0
12280,1,0,0
12280,2,1,0
12280,3,0,0
12280,3,1,0
12280,4,2,0
12280,5,0,0
12280,5,2,0
12280,6,1,0
12280,6,2,0
12280,7,0,0
12280,7,1,0
12280,7,2,0
12281,1,0,0
12281,2,1,0
12281,3,0,0
12281,3,1,0
12281,4,2,0
12281,5,0,0
12281,5,2,0
12281,6,1,0
12281,6,2,0
12281,7,0,0
12281,7,1,0
12281,7,2,0
12282,1,0,0
12282,2,1,0
12282,3,0,0
12282,3,1,0
12282,4,2,0
12282,5,0,0
12282,5,2,0
12282,6,1,0
12282,6,2,0
12282,7,0,0
12282,7,1,0
12282,7,2,0
12283,1,0,0
12283,2,1,0
12283,3,0,0
12283,3,1,0
12283,4,2,0
12283,5,0,0
12283,5,2,0
12283,6,1,0
12283,6,2,0
12283,7,0,0
12283,7,1,0
12283,7,2,0
12284,1,0,0
12284,2,1,0
12284,3,0,0
12284,3,1,0
12284,4,2,0
12284,5,0,0
12284,5,2,0
12284,6,1,0
12284,6,2,0
12284,7,0,0
12284,7,1,0
12284,7,2,0
12285,1,0,1
12285,2,1,0
12285,3,0,1
12285,3,1,0
12285,4,2,0
12285,5,0,1
12285,5,2,0
12285,6,1,0
12285,6,2,0
12285,7,0,1
12285,7,1,0
12285,7,2,0
12286,1,0,1
12286,2,1,0
12286,3,0,1
12286,3,1,0
12286,4,2,0
12286,5,0,1
12286,5,2,0
12286,6,1,0
12286,6,2,0
12286,7,0,1
12286,7,1,0
12286,7,2,0
12287,1,0,0
12287,2,1,0
12287,3,0,0
12287,3,1,0
12287,4,2,0
12287,5,0,0
12287,5,2,0
12287,6,1,0
12287,6,2,0
12287,7,0,0
12287,7,1,0
12287,7,2,0
12288,1,0,0
12288,2,1,0
12288,3,0,0
12288,3,1,0
12288,4,2,0
12288,5,0,0
12288,5,2,0
12288,6,1,0
12288,6,2,0
12288,7,0,0
12288,7,1,0
12288,7,2,0
12289,1,0,0
12289,2,1,0
12289,3,0,0
12289,3,1,0
12289,4,2,0
12289,5,0,0
12289,5,2,0
12289,6,1,0
12289,6,2,0
12289,7,0,0
12289,7,1,0
12289,7,2,0
12290,1,0,0
12290,2,1,0
12290,3,0,0
12290,3,1,0
12290,4,2,0
12290,5,0,0
12290,5,2,0
12290,6,1,0
12290,6,2,0
12290,7,0,0
12290,7,1,0
12290,7,2,0
12291,1,0,0
12291,2,1,0
12291,3,0,0
12291,3,1,0
12291,4,2,0
12291,5,0,0
12291,5,2,0
12291,6,1,0
12291,6,2,0
12291,7,0,0
12291,7,1,0
12291,7,2,0
12292,1,0,0
12292,2,1,0
12292,3,0,0
12292,3,1,0
12292,4,2,0
12292,5,0,0
12292,5,2,0
12292,6,1,0
12292,6,2,0
12292,7,0,0
12292,7,1,0
12292,7,2,0
12293,1,0,0
12293,2,1,0
12293,3,0,0
12293,3,1,0
12293,4,2,0
12293,5,0,0
12293,5,2,0
12293,6,1,0
12293,6,2,0
12293,7,0,0
12293,7,1,0
12293,7,2,0
12294,1,0,0
12294,2,1,0
12294,3,0,0
12294,3,1,0
12294,4,2,0
12294,5,0,0
12294,5,2,0
12294,6,1,0
12294,6,2,0
12294,7,0,0
12294,7,1,0
12294,7,2,0
12295,1,0,0
12295,2,1,0
12295,3,0,0
12295,3,1,0
12295,4,2,0
12295,5,0,0
12295,5,2,0
12295,6,1,0
12295,6,2,0
12295,7,0,0
12295,7,1,0
12295,7,2,0
12296,1,0,0
12296,2,1,0
12296,3,0,0
12296,3,1,0
12296,4,2,0
12296,5,0,0
12296,5,2,0
12296,6,1,0
12296,6,2,0
12296,7,0,0
12296,7,1,0
12296,7,2,0
12297,1,0,0
12297,2,1,0
12297,3,0,0
12297,3,1,0
12297,4,2,0
12297,5,0,0
12297,5,2,0
12297,6,1,0
12297,6,2,0
12297,7,0,0
12297,7,1,0
12297,7,2,0
12298,1,0,0
12298,2,1,0
12298,3,0,0
12298,3,1,0
12298,4,2,0
12298,5,0,0
12298,5,2,0
12298,6,1,0
12298,6,2,0
12298,7,0,0
12298,7,1,0
12298,7,2,0
12299,1,0,0
12299,2,1,0
12299,3,0,0
12299,3,1,0
12299,4,2,0
12299,5,0,0
12299,5,2,0
12299,6,1,0
12299,6,2,0
12299,7,0,0
12299,7,1,0
12299,7,2,0
12300,1,0,0
12300,2,1,0
12300,3,0,0
12300,3,1,0
12300,4,2,0
12300,5,0,0
12300,5,2,0
12300,6,1,0
12300,6,2,0
12300,7,0,0
12300,7,1,0
12300,7,2,0
12301,1,0,0
12301,2,1,0
12301,3,0,0
12301,3,1,0
12301,4,2,0
12301,5,0,0
12301,5,2,0
12301,6,1,0
12301,6,2,0
12301,7,0,0
12301,7,1,0
12301,7,2,0
12302,1,0,0
12302,2,1,0
12302,3,0,0
12302,3,1,0
12302,4,2,0
12302,5,0,0
12302,5,2,0
12302,6,1,0
12302,6,2,0
12302,7,0,0
12302,7,1,0
12302,7,2,0
12303,1,0,0
12303,2,1,0
12303,3,0,0
12303,3,1,0
12303,4,2,0
12303,5,0,0
12303,5,2,0
12303,6,1,0
12303,6,2,0
12303,7,0,0
12303,7,1,0
12303,7,2,0
12304,1,0,0
12304,2,1,0
12304,3,0,0
12304,3,1,0
12304,4,2,0
12304,5,0,0
12304,5,2,0
12304,6,1,0
12304,6,2,0
12304,7,0,0
12304,7,1,0
12304,7,2,0
12305,1,0,0
12305,2,1,0
12305,3,0,0
12305,3,1,0
12305,4,2,0
12305,5,0,0
12305,5,2,0
12305,6,1,0
12305,6,2,0
12305,7,0,0
12305,7,1,0
12305,7,2,0
12306,1,0,0
12306,2,1,0
12306,3,0,0
12306,3,1,0
12306,4,2,0
12306,5,0,0
12306,5,2,0
12306,6,1,0
12306,6,2,0
12306,7,0,0
12306,7,1,0
12306,7,2,0
12307,1,0,0
12307,2,1,0
12307,3,0,0
12307,3,1,0
12307,4,2,0
12307,5,0,0
12307,5,2,0
12307,6,1,0
12307,6,2,0
12307,7,0,0
12307,7,1,0
12307,7,2,0
12308,1,0,0
12308,2,1,0
12308,3,0,0
12308,3,1,0
12308,4,2,0
12308,5,0,0
12308,5,2,0
12308,6,1,0
12308,6,2,0
12308,7,0,0
12308,7,1,0
12308,7,2,0
12309,1,0,0
12309,2,1,0
12309,3,0,0
12309,3,1,0
12309,4,2,0
12309,5,0,0
12309,5,2,0
12309,6,1,0
12309,6,2,0
12309,7,0,0
12309,7,1,0
12309,7,2,0
12310,1,0,0
12310,2,1,0
12310,3,0,0
12310,3,1,0
12310,4,2,0
12310,5,0,0
12310,5,2,0
12310,6,1,0
12310,6,2,0
12310,7,0,0
12310,7,1,0
12310,7,2,0
12311,1,0,0
12311,2,1,0
12311,3,0,0
12311,3,1,0
12311,4,2,0
12311,5,0,0
12311,5,2,0
12311,6,1,0
12311,6,2,0
12311,7,0,0
12311,7,1,0
12311,7,2,0
12312,1,0,1
12312,2,1,0
12312,3,0,1
12312,3,1,0
12312,4,2,0
12312,5,0,1
12312,5,2,0
12312,6,1,0
12312,6,2,0
12312,7,0,1
12312,7,1,0
12312,7,2,0
12313,1,0,1
12313,2,1,0
12313,3,0,1
12313,3,1,0
12313,4,2,0
12313,5,0,1
12313,5,2,0
12313,6,1,0
12313,6,2,0
12313,7,0,1
12313,7,1,0
12313,7,2,0
12314,1,0,0
12314,2,1,0
12314,3,0,0
12314,3,1,0
12314,4,2,0
12314,5,0,0
12314,5,2,0
12314,6,1,0
12314,6,2,0
12314,7,0,0
12314,7,1,0
12314,7,2,0
12315,1,0,0
12315,2,1,0
12315,3,0,0
12315,3,1,0
12315,4,2,0
12315,5,0,0
12315,5,2,0
12315,6,1,0
12315,6,2,0
12315,7,0,0
12315,7,1,0
12315,7,2,0
12316,1,0,0
12316,2,1,0
12316,3,0,0
12316,3,1,0
12316,4,2,0
12316,5,0,0
12316,5,2,0
12316,6,1,0
12316,6,2,0
12316,7,0,0
12316,7,1,0
12316,7,2,0
12317,1,0,0
12317,2,1,0
12317,3,0,0
12317,3,1,0
12317,4,2,0
12317,5,0,0
12317,5,2,0
12317,6,1,0
12317,6,2,0
12317,7,0,0
12317,7,1,0
12317,7,2,0
12318,1,0,0
12318,2,1,0
12318,3,0,0
12318,3,1,0
12318,4,2,0
12318,5,0,0
12318,5,2,0
12318,6,1,0
12318,6,2,0
12318,7,0,0
12318,7,1,0
12318,7,2,0
12319,1,0,0
12319,2,1,0
12319,3,0,0
12319,3,1,0
12319,4,2,0
12319,5,0,0
12319,5,2,0
12319,6,1,0
12319,6,2,0
12319,7,0,0
12319,7,1,0
12319,7,2,0
12320,1,0,0
12320,2,1,0
12320,3,0,0
12320,3,1,0
12320,4,2,0
12320,5,0,0
12320,5,2,0
12320,6,1,0
12320,6,2,0
12320,7,0,0
12320,7,1,0
12320,7,2,0
12321,1,0,0
12321,2,1,0
12321,3,0,0
12321,3,1,0
12321,4,2,0
12321,5,0,0
12321,5,2,0
12321,6,1,0
12321,6,2,0
12321,7,0,0
12321,7,1,0
12321,7,2,0
12322,1,0,0
12322,2,1,0
12322,3,0,0
12322,3,1,0
12322,4,2,0
12322,5,0,0
12322,5,2,0
12322,6,1,0
12322,6,2,0
12322,7,0,0
12322,7,1,0
12322,7,2,0
12323,1,0,0
12323,2,1,0
12323,3,0,0
12323,3,1,0
12323,4,2,0
12323,5,0,0
12323,5,2,0
12323,6,1,0
12323,6,2,0
12323,7,0,0
12323,7,1,0
12323,7,2,0
12324,1,0,0
12324,2,1,0
12324,3,0,0
12324,3,1,0
12324,4,2,0
12324,5,0,0
12324,5,2,0
12324,6,1,0
12324,6,2,0
12324,7,0,0
12324,7,1,0
12324,7,2,0
12325,1,0,0
12325,2,1,0
12325,3,0,0
12325,3,1,0
12325,4,2,0
12325,5,0,0
12325,5,2,0
12325,6,1,0
12325,6,2,0
12325,7,0,0
12325,7,1,0
12325,7,2,0
12326,1,0,0
12326,2,1,0
12326,3,0,0
12326,3,1,0
12326,4,2,0
12326,5,0,0
12326,5,2,0
12326,6,1,0
12326,6,2,0
12326,7,0,0
12326,7,1,0
12326,7,2,0
12327,1,0,0
12327,2,1,0
12327,3,0,0
12327,3,1,0
12327,4,2,0
12327,5,0,0
12327,5,2,0
12327,6,1,0
12327,6,2,0
12327,7,0,0
12327,7,1,0
12327,7,2,0
12328,1,0,0
12328,2,1,0
12328,3,0,0
12328,3,1,0
12328,4,2,0
12328,5,0,0
12328,5,2,0
12328,6,1,0
12328,6,2,0
12328,7,0,0
12328,7,1,0
12328,7,2,0
12329,1,0,0
12329,2,1,0
12329,3,0,0
12329,3,1,0
12329,4,2,0
12329,5,0,0
12329,5,2,0
12329,6,1,0
12329,6,2,0
12329,7,0,0
12329,7,1,0
12329,7,2,0
12330,1,0,0
12330,2,1,0
12330,3,0,0
12330,3,1,0
12330,4,2,0
12330,5,0,0
12330,5,2,0
12330,6,1,0
12330,6,2,0
12330,7,0,0
12330,7,1,0
12330,7,2,0
12331,1,0,0
12331,2,1,0
12331,3,0,0
12331,3,1,0
12331,4,2,0
12331,5,0,0
12331,5,2,0
12331,6,1,0
12331,6,2,0
12331,7,0,0
12331,7,1,0
12331,7,2,0
12332,1,0,0
12332,2,1,0
12332,3,0,0
12332,3,1,0
12332,4,2,0
12332,5,0,0
12332,5,2,0
12332,6,1,0
12332,6,2,0
12332,7,0,0
12332,7,1,0
12332,7,2,0
12333,1,0,0
12333,2,1,0
12333,3,0,0
12333,3,1,0
12333,4,2,0
12333,5,0,0
12333,5,2,0
12333,6,1,0
12333,6,2,0
12333,7,0,0
12333,7,1,0
12333,7,2,0
12334,1,0,0
12334,2,1,0
12334,3,0,0
12334,3,1,0
12334,4,2,0
12334,5,0,0
12334,5,2,0
12334,6,1,0
12334,6,2,0
12334,7,0,0
12334,7,1,0
12334,7,2,0
12335,1,0,0
12335,2,1,0
12335,3,0,0
12335,3,1,0
12335,4,2,0
12335,5,0,0
12335,5,2,0
12335,6,1,0
12335,6,2,0
12335,7,0,0
12335,7,1,0
12335,7,2,0
12336,1,0,0
12336,2,1,0
12336,3,0,0
12336,3,1,0
12336,4,2,0
12336,5,0,0
12336,5,2,0
12336,6,1,0
12336,6,2,0
12336,7,0,0
12336,7,1,0
12336,7,2,0
12337,1,0,0
12337,2,1,0
12337,3,0,0
12337,3,1,0
12337,4,2,0
12337,5,0,0
12337,5,2,0
12337,6,1,0
12337,6,2,0
12337,7,0,0
12337,7,1,0
12337,7,2,0
12338,1,0,0
12338,2,1,0
12338,3,0,0
12338,3,1,0
12338,4,2,0
12338,5,0,0
12338,5,2,0
12338,6,1,0
12338,6,2,0
12338,7,0,0
12338,7,1,0
12338,7,2,0
12339,1,0,1
12339,2,1,0
12339,3,0,1
12339,3,1,0
12339,4,2,0
12339,5,0,1
12339,5,2,0
12339,6,1,0
12339,6,2,0
12339,7,0,1
12339,7,1,0
12339,7,2,0
12340,1,0,1
12340,2,1,0
12340,3,0,1
12340,3,1,0
12340,4,2,0
12340,5,0,1
12340,5,2,0
12340,6,1,0
12340,6,2,0
12340,7,0,1
12340,7,1,0
12340,7,2,0
12341,1,0,0
12341,2,1,0
12341,3,0,0
12341,3,1,0
12341,4,2,0
12341,5,0,0
12341,5,2,0
12341,6,1,0
12341,6,2,0
12341,7,0,0
12341,7,1,0
12341,7,2,0
12342,1,0,0
12342,2,1,0
12342,3,0,0
12342,3,1,0
12342,4,2,0
12342,5,0,0
12342,5,2,0
12342,6,1,0
12342,6,2,0
12342,7,0,0
12342,7,1,0
12342,7,2,0
12343,1,0,0
12343,2,1,0
12343,3,0,0
12343,3,1,0
12343,4,2,0
12343,5,0,0
12343,5,2,0
12343,6,1,0
12343,6,2,0
12343,7,0,0
12343,7,1,0
12343,7,2,0
12344,1,0,0
12344,2,1,0
12344,3,0,0
12344,3,1,0
12344,4,2,0
12344,5,0,0
12344,5,2,0
12344,6,1,0
12344,6,2,0
12344,7,0,0
12344,7,1,0
12344,7,2,0
12345,1,0,0
12345,2,1,0
12345,3,0,0
12345,3,1,0
12345,4,2,0
12345,5,0,0
12345,5,2,0
12345,6,1,0
12345,6,2,0
12345,7,0,0
12345,7,1,0
12345,7,2,0
12346,1,0,0
12346,2,1,0
12346,3,0,0
12346,3,1,0
12346,4,2,0
12346,5,0,0
12346,5,2,0
12346,6,1,0
12346,6,2,0
12346,7,0,0
12346,7,1,0
12346,7,2,0
12347,1,0,0
12347,2,1,0
12347,3,0,0
12347,3,1,0
12347,4,2,0
12347,5,0,0
12347,5,2,0
12347,6,1,0
12347,6,2,0
12347,7,0,0
12347,7,1,0
12347,7,2,0
12348,1,0,0
12348,2,1,0
12348,3,0,0
12348,3,1,0
12348,4,2,0
12348,5,0,0
12348,5,2,0
12348,6,1,0
12348,6,2,0
12348,7,0,0
12348,7,1,0
12348,7,2,0
12349,1,0,0
12349,2,1,0
12349,3,0,0
12349,3,1,0
12349,4,2,0
12349,5,0,0
12349,5,2,0
12349,6,1,0
12349,6,2,0
12349,7,0,0
12349,7,1,0
12349,7,2,0
12350,1,0,0
12350,2,1,0
12350,3,0,0
12350,3,1,0
12350,4,2,0
12350,5,0,0
12350,5,2,0
12350,6,1,0
12350,6,2,0
12350,7,0,0
12350,7,1,0
12350,7,2,0
12351,1,0,0
12351,2,1,0
12351,3,0,0
12351,3,1,0
12351,4,2,0
12351,5,0,0
12351,5,2,0
12351,6,1,0
12351,6,2,0
12351,7,0,0
12351,7,1,0
12351,7,2,0
12352,1,0,0
12352,2,1,0
12352,3,0,0
12352,3,1,0
12352,4,2,0
12352,5,0,0
12352,5,2,0
12352,6,1,0
12352,6,2,0
12352,7,0,0
12352,7,1,0
12352,7,2,0
12353,1,0,0
12353,2,1,0
12353,3,0,0
12353,3,1,0
12353,4,2,0
12353,5,0,0
12353,5,2,0
12353,6,1,0
12353,6,2,0
12353,7,0,0
12353,7,1,0
12353,7,2,0
12354,1,0,0
12354,2,1,0
12354,3,0,0
12354,3,1,0
12354,4,2,0
12354,5,0,0
12354,5,2,0
12354,6,1,0
12354,6,2,0
12354,7,0,0
12354,7,1,0
12354,7,2,0
12355,1,0,0
12355,2,1,0
12355,3,0,0
12355,3,1,0
12355,4,2,0
12355,5,0,0
12355,5,2,0
12355,6,1,0
12355,6,2,0
12355,7,0,0
12355,7,1,0
12355,7,2,0
12356,1,0,0
12356,2,1,0
12356,3,0,0
12356,3,1,0
12356,4,2,0
12356,5,0,0
12356,5,2,0
12356,6,1,0
12356,6,2,0
12356,7,0,0
12356,7,1,0
12356,7,2,0
12357,1,0,0
12357,2,1,0
12357,3,0,0
12357,3,1,0
12357,4,2,0
12357,5,0,0
12357,5,2,0
12357,6,1,0
12357,6,2,0
12357,7,0,0
12357,7,1,0
12357,7,2,0
12358,1,0,0
12358,2,1,0
12358,3,0,0
12358,3,1,0
12358,4,2,0
12358,5,0,0
12358,5,2,0
12358,6,1,0
12358,6,2,0
12358,7,0,0
12358,7,1,0
12358,7,2,0
12359,1,0,0
12359,2,1,0
12359,3,0,0
12359,3,1,0
12359,4,2,0
12359,5,0,0
12359,5,2,0
12359,6,1,0
12359,6,2,0
12359,7,0,0
12359,7,1,0
12359,7,2,0
12360,1,0,0
12360,2,1,0
12360,3,0,0
12360,3,1,0
12360,4,2,0
12360,5,0,0
12360,5,2,0
12360,6,1,0
12360,6,2,0
12360,7,0,0
12360,7,1,0
12360,7,2,0
12361,1,0,0
12361,2,1,0
12361,3,0,0
12361,3,1,0
12361,4,2,0
12361,5,0,0
12361,5,2,0
12361,6,1,0
12361,6,2,0
12361,7,0,0
12361,7,1,0
12361,7,2,0
12362,1,0,0
12362,2,1,0
12362,3,0,0
12362,3,1,0
12362,4,2,0
12362,5,0,0
12362,5,2,0
12362,6,1,0
12362,6,2,0
12362,7,0,0
12362,7,1,0
12362,7,2,0
12363,1,0,0
12363,2,1,0
12363,3,0,0
12363,3,1,0
12363,4,2,0
12363,5,0,0
12363,5,2,0
12363,6,1,0
12363,6,2,0
12363,7,0,0
12363,7,1,0
12363,7,2,0
12364,1,0,0
12364,2,1,0
12364,3,0,0
12364,3,1,0
12364,4,2,0
12364,5,0,0
12364,5,2,0
12364,6,1,0
12364,6,2,0
12364,7,0,0
12364,7,1,0
12364,7,2,0
12365,1,0,0
12365,2,1,0
12365,3,0,0
12365,3,1,0
12365,4,2,0
12365,5,0,0
12365,5,2,0
12365,6,1,0
12365,6,2,0
12365,7,0,0
12365,7,1,0
12365,7,2,0
12366,1,0,1
12366,2,1,0
12366,3,0,1
12366,3,1,0
12366,4,2,0
12366,5,0,1
12366,5,2,0
12366,6,1,0
12366,6,2,0
12366,7,0,1
12366,7,1,0
12366,7,2,0
12367,1,0,1
12367,2,1,0
12367,3,0,1
12367,3,1,0
12367,4,2,0
12367,5,0,1
12367,5,2,0
12367,6,1,0
12367,6,2,0
12367,7,0,1
12367,7,1,0
12367,7,2,0
12368,1,0,0
12368,2,1,0
12368,3,0,0
12368,3,1,0
12368,4,2,0
12368,5,0,0
12368,5,2,0
12368,6,1,0
12368,6,2,0
12368,7,0,0
12368,7,1,0
12368,7,2,0
12369,1,0,0
12369,2,1,0
12369,3,0,0
12369,3,1,0
12369,4,2,0
12369,5,0,0
12369,5,2,0
12369,6,1,0
12369,6,2,0
12369,7,0,0
12369,7,1,0
12369,7,2,0
12370,1,0,0
12370,2,1,0
12370,3,0,0
12370,3,1,0
12370,4,2,0
12370,5,0,0
12370,5,2,0
12370,6,1,0
12370,6,2,0
12370,7,0,0
12370,7,1,0
12370,7,2,0
12371,1,0,0
12371,2,1,0
12371,3,0,0
12371,3,1,0
12371,4,2,0
12371,5,0,0
12371,5,2,0
12371,6,1,0
12371,6,2,0
12371,7,0,0
12371,7,1,0
12371,7,2,0
12372,1,0,0
12372,2,1,0
12372,3,0,0
12372,3,1,0
12372,4,2,0
12372,5,0,0
12372,5,2,0
12372,6,1,0
12372,6,2,0
12372,7,0,0
12372,7,1,0
12372,7,2,0
12373,1,0,0
12373,2,1,0
12373,3,0,0
12373,3,1,0
12373,4,2,0
12373,5,0,0
12373,5,2,0
12373,6,1,0
12373,6,2,0
12373,7,0,0
12373,7,1,0
12373,7,2,0
12374,1,0,0
12374,2,1,0
12374,3,0,0
12374,3,1,0
12374,4,2,0
12374,5,0,0
12374,5,2,0
12374,6,1,0
12374,6,2,0
12374,7,0,0
12374,7,1,0
12374,7,2,0
12375,1,0,0
12375,2,1,0
12375,3,0,0
12375,3,1,0
12375,4,2,0
12375,5,0,0
12375,5,2,0
12375,6,1,0
12375,6,2,0
12375,7,0,0
12375,7,1,0
12375,7,2,0
12376,1,0,0
12376,2,1,0
12376,3,0,0
12376,3,1,0
12376,4,2,0
12376,5,0,0
12376,5,2,0
12376,6,1,0
12376,6,2,0
12376,7,0,0
12376,7,1,0
12376,7,2,0
12377,1,0,0
12377,2,1,0
12377,3,0,0
12377,3,1,0
12377,4,2,0
12377,5,0,0
12377,5,2,0
12377,6,1,0
12377,6,2,0
12377,7,0,0
12377,7,1,0
12377,7,2,0
12378,1,0,0
12378,2,1,0
12378,3,0,0
12378,3,1,0
12378,4,2,0
12378,5,0,0
12378,5,2,0
12378,6,1,0
12378,6,2,0
12378,7,0,0
12378,7,1,0
12378,7,2,0
12379,1,0,0
12379,2,1,0
12379,3,0,0
12379,3,1,0
12379,4,2,0
12379,5,0,0
12379,5,2,0
12379,6,1,0
12379,6,2,0
12379,7,0,0
12379,7,1,0
12379,7,2,0
12380,1,0,0
12380,2,1,0
12380,3,0,0
12380,3,1,0
12380,4,2,0
12380,5,0,0
12380,5,2,0
12380,6,1,0
12380,6,2,0
12380,7,0,0
12380,7,1,0
12380,7,2,0
12381,1,0,0
12381,2,1,0
12381,3,0,0
12381,3,1,0
12381,4,2,0
12381,5,0,0
12381,5,2,0
12381,6,1,0
12381,6,2,0
12381,7,0,0
12381,7,1,0
12381,7,2,0
12382,1,0,0
12382,2,1,0
12382,3,0,0
12382,3,1,0
12382,4,2,0
12382,5,0,0
12382,5,2,0
12382,6,1,0
12382,6,2,0
12382,7,0,0
12382,7,1,0
12382,7,2,0
12383,1,0,0
12383,2,1,0
12383,3,0,0
12383,3,1,0
12383,4,2,0
12383,5,0,0
12383,5,2,0
12383,6,1,0
12383,6,2,0
12383,7,0,0
12383,7,1,0
12383,7,2,0
12384,1,0,0
12384,2,1,0
12384,3,0,0
12384,3,1,0
12384,4,2,0
12384,5,0,0
12384,5,2,0
12384,6,1,0
12384,6,2,0
12384,7,0,0
12384,7,1,0
12384,7,2,0
12385,1,0,0
12385,2,1,0
12385,3,0,0
12385,3,1,0
12385,4,2,0
12385,5,0,0
12385,5,2,0
12385,6,1,0
12385,6,2,0
12385,7,0,0
12385,7,1,0
12385,7,2,0
12386,1,0,0
12386,2,1,0
12386,3,0,0
12386,3,1,0
12386,4,2,0
12386,5,0,0
12386,5,2,0
12386,6,1,0
12386,6,2,0
12386,7,0,0
12386,7,1,0
12386,7,2,0
12387,1,0,0
12387,2,1,0
12387,3,0,0
12387,3,1,0
12387,4,2,0
12387,5,0,0
12387,5,2,0
12387,6,1,0
12387,6,2,0
12387,7,0,0
12387,7,1,0
12387,7,2,0
12388,1,0,0
12388,2,1,0
12388,3,0,0
12388,3,1,0
12388,4,2,0
12388,5,0,0
12388,5,2,0
12388,6,1,0
12388,6,2,0
12388,7,0,0
12388,7,1,0
12388,7,2,0
12389,1,0,0
12389,2,1,0
12389,3,0,0
12389,3,1,0
12389,4,2,0
12389,5,0,0
12389,5,2,0
12389,6,1,0
12389,6,2,0
12389,7,0,0
12389,7,1,0
12389,7,2,0
12390,1,0,0
12390,2,1,0
12390,3,0,0
12390,3,1,0
12390,4,2,0
12390,5,0,0
12390,5,2,0
12390,6,1,0
12390,6,2,0
12390,7,0,0
12390,7,1,0
12390,7,2,0
12391,1,0,0
12391,2,1,0
12391,3,0,0
12391,3,1,0
12391,4,2,0
12391,5,0,0
12391,5,2,0
12391,6,1,0
12391,6,2,0
12391,7,0,0
12391,7,1,0
12391,7,2,0
12392,1,0,0
12392,2,1,0
12392,3,0,0
12392,3,1,0
12392,4,2,0
12392,5,0,0
12392,5,2,0
12392,6,1,0
12392,6,2,0
12392,7,0,0
12392,7,1,0
12392,7,2,0
12393,1,0,1
12393,2,1,1
12393,3,0,1
12393,3,1,1
12393,4,2,1
12393,5,0,1
12393,5,2,1
12393,6,1,1
12393,6,2,1
12393,7,0,1
12393,7,1,1
12393,7,2,1
12394,1,0,1
12394,2,1,1
12394,3,0,1
12394,3,1,1
12394,4,2,1
12394,5,0,1
12394,5,2,1
12394,6,1,1
12394,6,2,1
12394,7,0,1
12394,7,1,1
12394,7,2,1
12395,1,0,0
12395,2,1,1
12395,3,0,0
12395,3,1,1
12395,4,2,0
12395,5,0,0
12395,5,2,0
12395,6,1,1
12395,6,2,0
12395,7,0,0
12395,7,1,1
12395,7,2,0
12396,1,0,1
12396,2,1,1
12396,3,0,1
12396,3,1,1
12396,4,2,1
12396,5,0,1
12396,5,2,1
12396,6,1,1
12396,6,2,1
12396,7,0,1
12396,7,1,1
12396,7,2,1
12397,1,0,1
12397,2,1,1
12397,3,0,1
12397,3,1,1
12397,4,2,1
12397,5,0,1
12397,5,2,1
12397,6,1,1
12397,6,2,1
12397,7,0,1
12397,7,1,1
12397,7,2,1
12398,1,0,0
12398,2,1,1
12398,3,0,0
12398,3,1,1
12398,4,2,0
12398,5,0,0
12398,5,2,0
12398,6,1,1
12398,6,2,0
12398,7,0,0
12398,7,1,1
12398,7,2,0
12399,1,0,1
12399,2,1,1
12399,3,0,1
12399,3,1,1
12399,4,2,1
12399,5,0,1
12399,5,2,1
12399,6,1,1
12399,6,2,1
12399,7,0,1
12399,7,1,1
12399,7,2,1
12400,1,0,1
12400,2,1,1
12400,3,0,1
12400,3,1,1
12400,4,2,1
12400,5,0,1
12400,5,2,1
12400,6,1,1
12400,6,2,1
12400,7,0,1
12400,7,1,1
12400,7,2,1
12401,1,0,0
12401,2,1,1
12401,3,0,0
12401,3,1,1
12401,4,2,0
12401,5,0,0
12401,5,2,0
12401,6,1,1
12401,6,2,0
12401,7,0,0
12401,7,1,1
12401,7,2,0
12402,1,0,0
12402,2,1,1
12402,3,0,0
12402,3,1,1
12402,4,2,0
12402,5,0,0
12402,5,2,0
12402,6,1,1
12402,6,2,0
12402,7,0,0
12402,7,1,1
12402,7,2,0
12403,1,0,0
12403,2,1,1
12403,3,0,0
12403,3,1,1
12403,4,2,0
12403,5,0,0
12403,5,2,0
12403,6,1,1
12403,6,2,0
12403,7,0,0
12403,7,1,1
12403,7,2,0
12404,1,0,0
12404,2,1,1
12404,3,0,0
12404,3,1,1
12404,4,2,0
12404,5,0,0
12404,5,2,0
12404,6,1,1
12404,6,2,0
12404,7,0,0
12404,7,1,1
12404,7,2,0
12405,1,0,0
12405,2,1,1
12405,3,0,0
12405,3,1,1
12405,4,2,0
12405,5,0,0
12405,5,2,0
12405,6,1,1
12405,6,2,0
12405,7,0,0
12405,7,1,1
12405,7,2,0
12406,1,0,0
12406,2,1,1
12406,3,0,0
12406,3,1,1
12406,4,2,0
12406,5,0,0
12406,5,2,0
12406,6,1,1
12406,6,2,0
12406,7,0,0
12406,7,1,1
12406,7,2,0
12407,1,0,0
12407,2,1,1
12407,3,0,0
12407,3,1,1
12407,4,2,0
12407,5,0,0
12407,5,2,0
12407,6,1,1
12407,6,2,0
12407,7,0,0
12407,7,1,1
12407,7,2,0
12408,1,0,0
12408,2,1,1
12408,3,0,0
12408,3,1,1
12408,4,2,0
12408,5,0,0
12408,5,2,0
12408,6,1,1
12408,6,2,0
12408,7,0,0
12408,7,1,1
12408,7,2,0
12409,1,0,0
12409,2,1,1
12409,3,0,0
12409,3,1,1
12409,4,2,0
12409,5,0,0
12409,5,2,0
12409,6,1,1
12409,6,2,0
12409,7,0,0
12409,7,1,1
12409,7,2,0
12410,1,0,0
12410,2,1,1
12410,3,0,0
12410,3,1,1
12410,4,2,0
12410,5,0,0
12410,5,2,0
12410,6,1,1
12410,6,2,0
12410,7,0,0
12410,7,1,1
12410,7,2,0
12411,1,0,0
12411,2,1,1
12411,3,0,0
12411,3,1,1
12411,4,2,0
12411,5,0,0
12411,5,2,0
12411,6,1,1
12411,6,2,0
12411,7,0,0
12411,7,1,1
12411,7,2,0
12412,1,0,0
12412,2,1,1
12412,3,0,0
12412,3,1,1
12412,4,2,0
12412,5,0,0
12412,5,2,0
12412,6,1,1
12412,6,2,0
12412,7,0,0
12412,7,1,1
12412,7,2,0
12413,1,0,0
12413,2,1,1
12413,3,0,0
12413,3,1,1
12413,4,2,0
12413,5,0,0
12413,5,2,0
12413,6,1,1
12413,6,2,0
12413,7,0,0
12413,7,1,1
12413,7,2,0
12414,1,0,0
12414,2,1,1
12414,3,0,0
12414,3,1,1
12414,4,2,0
12414,5,0,0
12414,5,2,0
12414,6,1,1
12414,6,2,0
12414,7,0,0
12414,7,1,1
12414,7,2,0
12415,1,0,0
12415,2,1,1
12415,3,0,0
12415,3,1,1
12415,4,2,0
12415,5,0,0
12415,5,2,0
12415,6,1,1
12415,6,2,0
12415,7,0,0
12415,7,1,1
12415,7,2,0
12416,1,0,0
12416,2,1,1
12416,3,0,0
12416,3,1,1
12416,4,2,0
12416,5,0,0
12416,5,2,0
12416,6,1,1
12416,6,2,0
12416,7,0,0
12416,7,1,1
12416,7,2,0
12417,1,0,0
12417,2,1,1
12417,3,0,0
12417,3,1,1
12417,4,2,0
12417,5,0,0
12417,5,2,0
12417,6,1,1
12417,6,2,0
12417,7,0,0
12417,7,1,1
12417,7,2,0
12418,1,0,0
12418,2,1,1
12418,3,0,0
12418,3,1,1
12418,4,2,0
12418,5,0,0
12418,5,2,0
12418,6,1,1
12418,6,2,0
12418,7,0,0
12418,7,1,1
12418,7,2,0
12419,1,0,0
12419,2,1,1
12419,3,0,0
12419,3,1,1
12419,4,2,0
12419,5,0,0
12419,5,2,0
12419,6,1,1
12419,6,2,0
12419,7,0,0
12419,7,1,1
12419,7,2,0
12420,1,0,1
12420,2,1,1
12420,3,0,1
12420,3,1,1
12420,4,2,1
12420,5,0,1
12420,5,2,1
12420,6,1,1
12420,6,2,1
12420,7,0,1
12420,7,1,1
12420,7,2,1
12421,1,0,1
12421,2,1,1
12421,3,0,1
12421,3,1,1
12421,4,2,1
12421,5,0,1
12421,5,2,1
12421,6,1,1
12421,6,2,1
12421,7,0,1
12421,7,1,1
12421,7,2,1
12422,1,0,0
12422,2,1,0
12422,3,0,0
12422,3,1,0
12422,4,2,0
12422,5,0,0
12422,5,2,0
12422,6,1,0
12422,6,2,0
12422,7,0,0
12422,7,1,0
12422,7,2,0
12423,1,0,1
12423,2,1,1
12423,3,0,1
12423,3,1,1
12423,4,2,1
12423,5,0,1
12423,5,2,1
12423,6,1,1
12423,6,2,1
12423,7,0,1
12423,7,1,1
12423,7,2,1
12424,1,0,1
12424,2,1,1
12424,3,0,1
12424,3,1,1
12424,4,2,1
12424,5,0,1
12424,5,2,1
12424,6,1,1
12424,6,2,1
12424,7,0,1
12424,7,1,1
12424,7,2,1
12425,1,0,0
12425,2,1,0
12425,3,0,0
12425,3,1,0
12425,4,2,0
12425,5,0,0
12425,5,2,0
12425,6,1,0
12425,6,2,0
12425,7,0,0
12425,7,1,0
12425,7,2,0
12426,1,0,0
12426,2,1,0
12426,3,0,0
12426,3,1,0
12426,4,2,0
12426,5,0,0
12426,5,2,0
12426,6,1,0
12426,6,2,0
12426,7,0,0
12426,7,1,0
12426,7,2,0
12427,1,0,0
12427,2,1,0
12427,3,0,0
12427,3,1,0
12427,4,2,0
12427,5,0,0
12427,5,2,0
12427,6,1,0
12427,6,2,0
12427,7,0,0
12427,7,1,0
12427,7,2,0
12428,1,0,0
12428,2,1,0
12428,3,0,0
12428,3,1,0
12428,4,2,0
12428,5,0,0
12428,5,2,0
12428,6,1,0
12428,6,2,0
12428,7,0,0
12428,7,1,0
12428,7,2,0
12429,1,0,0
12429,2,1,0
12429,3,0,0
12429,3,1,0
12429,4,2,0
12429,5,0,0
12429,5,2,0
12429,6,1,0
12429,6,2,0
12429,7,0,0
12429,7,1,0
12429,7,2,0
12430,1,0,0
12430,2,1,0
12430,3,0,0
12430,3,1,0
12430,4,2,0
12430,5,0,0
12430,5,2,0
12430,6,1,0
12430,6,2,0
12430,7,0,0
12430,7,1,0
12430,7,2,0
12431,1,0,0
12431,2,1,0
12431,3,0,0
12431,3,1,0
12431,4,2,0
12431,5,0,0
12431,5,2,0
12431,6,1,0
12431,6,2,0
12431,7,0,0
12431,7,1,0
12431,7,2,0
12432,1,0,0
12432,2,1,0
12432,3,0,0
12432,3,1,0
12432,4,2,0
12432,5,0,0
12432,5,2,0
12432,6,1,0
12432,6,2,0
12432,7,0,0
12432,7,1,0
12432,7,2,0
12433,1,0,0
12433,2,1,0
12433,3,0,0
12433,3,1,0
12433,4,2,0
12433,5,0,0
12433,5,2,0
12433,6,1,0
12433,6,2,0
12433,7,0,0
12433,7,1,0
12433,7,2,0
12434,1,0,0
12434,2,1,0
12434,3,0,0
12434,3,1,0
12434,4,2,0
12434,5,0,0
12434,5,2,0
12434,6,1,0
12434,6,2,0
12434,7,0,0
12434,7,1,0
12434,7,2,0
12435,1,0,0
12435,2,1,0
12435,3,0,0
12435,3,1,0
12435,4,2,0
12435,5,0,0
12435,5,2,0
12435,6,1,0
12435,6,2,0
12435,7,0,0
12435,7,1,0
12435,7,2,0
12436,1,0,0
12436,2,1,0
12436,3,0,0
12436,3,1,0
12436,4,2,0
12436,5,0,0
12436,5,2,0
12436,6,1,0
12436,6,2,0
12436,7,0,0
12436,7,1,0
12436,7,2,0
12437,1,0,0
12437,2,1,0
12437,3,0,0
12437,3,1,0
12437,4,2,0
12437,5,0,0
12437,5,2,0
12437,6,1,0
12437,6,2,0
12437,7,0,0
12437,7,1,0
12437,7,2,0
12438,1,0,0
12438,2,1,0
12438,3,0,0
12438,3,1,0
12438,4,2,0
12438,5,0,0
12438,5,2,0
12438,6,1,0
12438,6,2,0
12438,7,0,0
12438,7,1,0
12438,7,2,0
12439,1,0,0
12439,2,1,0
12439,3,0,0
12439,3,1,0
12439,4,2,0
12439,5,0,0
12439,5,2,0
12439,6,1,0
12439,6,2,0
12439,7,0,0
12439,7,1,0
12439,7,2,0
12440,1,0,0
12440,2,1,0
12440,3,0,0
12440,3,1,0
12440,4,2,0
12440,5,0,0
12440,5,2,0
12440,6,1,0
12440,6,2,0
12440,7,0,0
12440,7,1,0
12440,7,2,0
12441,1,0,0
12441,2,1,0
12441,3,0,0
12441,3,1,0
12441,4,2,0
12441,5,0,0
12441,5,2,0
12441,6,1,0
12441,6,2,0
12441,7,0,0
12441,7,1,0
12441,7,2,0
12442,1,0,0
12442,2,1,0
12442,3,0,0
12442,3,1,0
12442,4,2,0
12442,5,0,0
12442,5,2,0
12442,6,1,0
12442,6,2,0
12442,7,0,0
12442,7,1,0
12442,7,2,0
12443,1,0,0
12443,2,1,0
12443,3,0,0
12443,3,1,0
12443,4,2,0
12443,5,0,0
12443,5,2,0
12443,6,1,0
12443,6,2,0
12443,7,0,0
12443,7,1,0
12443,7,2,0
12444,1,0,0
12444,2,1,0
12444,3,0,0
12444,3,1,0
12444,4,2,0
12444,5,0,0
12444,5,2,0
12444,6,1,0
12444,6,2,0
12444,7,0,0
12444,7,1,0
12444,7,2,0
12445,1,0,0
12445,2,1,0
12445,3,0,0
12445,3,1,0
12445,4,2,0
12445,5,0,0
12445,5,2,0
12445,6,1,0
12445,6,2,0
12445,7,0,0
12445,7,1,0
12445,7,2,0
12446,1,0,0
12446,2,1,0
12446,3,0,0
12446,3,1,0
12446,4,2,0
12446,5,0,0
12446,5,2,0
12446,6,1,0
12446,6,2,0
12446,7,0,0
12446,7,1,0
12446,7,2,0
12447,1,0,1
12447,2,1,1
12447,3,0,1
12447,3,1,1
12447,4,2,1
12447,5,0,1
12447,5,2,1
12447,6,1,1
12447,6,2,1
12447,7,0,1
12447,7,1,1
12447,7,2,1
12448,1,0,1
12448,2,1,1
12448,3,0,1
12448,3,1,1
12448,4,2,1
12448,5,0,1
12448,5,2,1
12448,6,1,1
12448,6,2,1
12448,7,0,1
12448,7,1,1
12448,7,2,1
12449,1,0,0
12449,2,1,0
12449,3,0,0
12449,3,1,0
12449,4,2,0
12449,5,0,0
12449,5,2,0
12449,6,1,0
12449,6,2,0
12449,7,0,0
12449,7,1,0
12449,7,2,0
12450,1,0,0
12450,2,1,0
12450,3,0,0
12450,3,1,0
12450,4,2,0
12450,5,0,0
12450,5,2,0
12450,6,1,0
12450,6,2,0
12450,7,0,0
12450,7,1,0
12450,7,2,0
12451,1,0,0
12451,2,1,0
12451,3,0,0
12451,3,1,0
12451,4,2,0
12451,5,0,0
12451,5,2,0
12451,6,1,0
12451,6,2,0
12451,7,0,0
12451,7,1,0
12451,7,2,0
12452,1,0,0
12452,2,1,0
12452,3,0,0
12452,3,1,0
12452,4,2,0
12452,5,0,0
12452,5,2,0
12452,6,1,0
12452,6,2,0
12452,7,0,0
12452,7,1,0
12452,7,2,0
12453,1,0,0
12453,2,1,0
12453,3,0,0
12453,3,1,0
12453,4,2,0
12453,5,0,0
12453,5,2,0
12453,6,1,0
12453,6,2,0
12453,7,0,0
12453,7,1,0
12453,7,2,0
12454,1,0,0
12454,2,1,0
12454,3,0,0
12454,3,1,0
12454,4,2,0
12454,5,0,0
12454,5,2,0
12454,6,1,0
12454,6,2,0
12454,7,0,0
12454,7,1,0
12454,7,2,0
12455,1,0,0
12455,2,1,0
12455,3,0,0
12455,3,1,0
12455,4,2,0
12455,5,0,0
12455,5,2,0
12455,6,1,0
12455,6,2,0
12455,7,0,0
12455,7,1,0
12455,7,2,0
12456,1,0,0
12456,2,1,0
12456,3,0,0
12456,3,1,0
12456,4,2,0
12456,5,0,0
12456,5,2,0
12456,6,1,0
12456,6,2,0
12456,7,0,0
12456,7,1,0
12456,7,2,0
12457,1,0,0
12457,2,1,0
12457,3,0,0
12457,3,1,0
12457,4,2,0
12457,5,0,0
12457,5,2,0
12457,6,1,0
12457,6,2,0
12457,7,0,0
12457,7,1,0
12457,7,2,0
12458,1,0,0
12458,2,1,0
12458,3,0,0
12458,3,1,0
12458,4,2,0
12458,5,0,0
12458,5,2,0
12458,6,1,0
12458,6,2,0
12458,7,0,0
12458,7,1,0
12458,7,2,0
12459,1,0,0
12459,2,1,0
12459,3,0,0
12459,3,1,0
12459,4,2,0
12459,5,0,0
12459,5,2,0
12459,6,1,0
12459,6,2,0
12459,7,0,0
12459,7,1,0
12459,7,2,0
12460,1,0,0
12460,2,1,0
12460,3,0,0
12460,3,1,0
12460,4,2,0
12460,5,0,0
12460,5,2,0
12460,6,1,0
12460,6,2,0
12460,7,0,0
12460,7,1,0
12460,7,2,0
12461,1,0,0
12461,2,1,0
12461,3,0,0
12461,3,1,0
12461,4,2,0
12461,5,0,0
12461,5,2,0
12461,6,1,0
12461,6,2,0
12461,7,0,0
12461,7,1,0
12461,7,2,0
12462,1,0,0
12462,2,1,0
12462,3,0,0
12462,3,1,0
12462,4,2,0
12462,5,0,0
12462,5,2,0
12462,6,1,0
12462,6,2,0
12462,7,0,0
12462,7,1,0
12462,7,2,0
12463,1,0,0
12463,2,1,0
12463,3,0,0
12463,3,1,0
12463,4,2,0
12463,5,0,0
12463,5,2,0
12463,6,1,0
12463,6,2,0
12463,7,0,0
12463,7,1,0
12463,7,2,0
12464,1,0,0
12464,2,1,0
12464,3,0,0
12464,3,1,0
12464,4,2,0
12464,5,0,0
12464,5,2,0
12464,6,1,0
12464,6,2,0
12464,7,0,0
12464,7,1,0
12464,7,2,0
12465,1,0,0
12465,2,1,0
12465,3,0,0
12465,3,1,0
12465,4,2,0
12465,5,0,0
12465,5,2,0
12465,6,1,0
12465,6,2,0
12465,7,0,0
12465,7,1,0
12465,7,2,0
12466,1,0,0
12466,2,1,0
12466,3,0,0
12466,3,1,0
12466,4,2,0
12466,5,0,0
12466,5,2,0
12466,6,1,0
12466,6,2,0
12466,7,0,0
12466,7,1,0
12466,7,2,0
12467,1,0,0
12467,2,1,0
12467,3,0,0
12467,3,1,0
12467,4,2,0
12467,5,0,0
12467,5,2,0
12467,6,1,0
12467,6,2,0
12467,7,0,0
12467,7,1,0
12467,7,2,0
12468,1,0,0
12468,2,1,0
12468,3,0,0
12468,3,1,0
12468,4,2,0
12468,5,0,0
12468,5,2,0
12468,6,1,0
12468,6,2,0
12468,7,0,0
12468,7,1,0
12468,7,2,0
12469,1,0,0
12469,2,1,0
12469,3,0,0
12469,3,1,0
12469,4,2,0
12469,5,0,0
12469,5,2,0
12469,6,1,0
12469,6,2,0
12469,7,0,0
12469,7,1,0
12469,7,2,0
12470,1,0,0
12470,2,1,0
12470,3,0,0
12470,3,1,0
12470,4,2,0
12470,5,0,0
12470,5,2,0
12470,6,1,0
12470,6,2,0
12470,7,0,0
12470,7,1,0
12470,7,2,0
12471,1,0,0
12471,2,1,0
12471,3,0,0
12471,3,1,0
12471,4,2,0
12471,5,0,0
12471,5,2,0
12471,6,1,0
12471,6,2,0
12471,7,0,0
12471,7,1,0
12471,7,2,0
12472,1,0,0
12472,2,1,0
12472,3,0,0
12472,3,1,0
12472,4,2,0
12472,5,0,0
12472,5,2,0
12472,6,1,0
12472,6,2,0
12472,7,0,0
12472,7,1,0
12472,7,2,0
12473,1,0,0
12473,2,1,0
12473,3,0,0
12473,3,1,0
12473,4,2,0
12473,5,0,0
12473,5,2,0
12473,6,1,0
12473,6,2,0
12473,7,0,0
12473,7,1,0
12473,7,2,0
12474,1,0,1
12474,2,1,1
12474,3,0,1
12474,3,1,1
12474,4,2,1
12474,5,0,1
12474,5,2,1
12474,6,1,1
12474,6,2,1
12474,7,0,1
12474,7,1,1
12474,7,2,1
12475,1,0,1
12475,2,1,1
12475,3,0,1
12475,3,1,1
12475,4,2,1
12475,5,0,1
12475,5,2,1
12475,6,1,1
12475,6,2,1
12475,7,0,1
12475,7,1,1
12475,7,2,1
12476,1,0,0
12476,2,1,1
12476,3,0,0
12476,3,1,1
12476,4,2,0
12476,5,0,0
12476,5,2,0
12476,6,1,1
12476,6,2,0
12476,7,0,0
12476,7,1,1
12476,7,2,0
12477,1,0,1
12477,2,1,1
12477,3,0,1
12477,3,1,1
12477,4,2,1
12477,5,0,1
12477,5,2,1
12477,6,1,1
12477,6,2,1
12477,7,0,1
12477,7,1,1
12477,7,2,1
12478,1,0,1
12478,2,1,1
12478,3,0,1
12478,3,1,1
12478,4,2,1
12478,5,0,1
12478,5,2,1
12478,6,1,1
12478,6,2,1
12478,7,0,1
12478,7,1,1
12478,7,2,1
12479,1,0,0
12479,2,1,1
12479,3,0,0
12479,3,1,1
12479,4,2,0
12479,5,0,0
12479,5,2,0
12479,6,1,1
12479,6,2,0
12479,7,0,0
12479,7,1,1
12479,7,2,0
12480,1,0,1
12480,2,1,1
12480,3,0,1
12480,3,1,1
12480,4,2,1
12480,5,0,1
12480,5,2,1
12480,6,1,1
12480,6,2,1
12480,7,0,1
12480,7,1,1
12480,7,2,1
12481,1,0,1
12481,2,1,1
12481,3,0,1
12481,3,1,1
12481,4,2,1
12481,5,0,1
12481,5,2,1
12481,6,1,1
12481,6,2,1
12481,7,0,1
12481,7,1,1
12481,7,2,1
12482,1,0,0
12482,2,1,1
12482,3,0,0
12482,3,1,1
12482,4,2,0
12482,5,0,0
12482,5,2,0
12482,6,1,1
12482,6,2,0
12482,7,0,0
12482,7,1,1
12482,7,2,0
12483,1,0,0
12483,2,1,1
12483,3,0,0
12483,3,1,1
12483,4,2,0
12483,5,0,0
12483,5,2,0
12483,6,1,1
12483,6,2,0
12483,7,0,0
12483,7,1,1
12483,7,2,0
12484,1,0,0
12484,2,1,1
12484,3,0,0
12484,3,1,1
12484,4,2,0
12484,5,0,0
12484,5,2,0
12484,6,1,1
12484,6,2,0
12484,7,0,0
12484,7,1,1
12484,7,2,0
12485,1,0,0
12485,2,1,1
12485,3,0,0
12485,3,1,1
12485,4,2,0
12485,5,0,0
12485,5,2,0
12485,6,1,1
12485,6,2,0
12485,7,0,0
12485,7,1,1
12485,7,2,0
12486,1,0,0
12486,2,1,1
12486,3,0,0
12486,3,1,1
12486,4,2,0
12486,5,0,0
12486,5,2,0
12486,6,1,1
12486,6,2,0
12486,7,0,0
12486,7,1,1
12486,7,2,0
12487,1,0,0
12487,2,1,1
12487,3,0,0
12487,3,1,1
12487,4,2,0
12487,5,0,0
12487,5,2,0
12487,6,1,1
12487,6,2,0
12487,7,0,0
12487,7,1,1
12487,7,2,0
12488,1,0,0
12488,2,1,1
12488,3,0,0
12488,3,1,1
12488,4,2,0
12488,5,0,0
12488,5,2,0
12488,6,1,1
12488,6,2,0
12488,7,0,0
12488,7,1,1
12488,7,2,0
12489,1,0,0
12489,2,1,1
12489,3,0,0
12489,3,1,1
12489,4,2,0
12489,5,0,0
12489,5,2,0
12489,6,1,1
12489,6,2,0
12489,7,0,0
12489,7,1,1
12489,7,2,0
12490,1,0,0
12490,2,1,1
12490,3,0,0
12490,3,1,1
12490,4,2,0
12490,5,0,0
12490,5,2,0
12490,6,1,1
12490,6,2,0
12490,7,0,0
12490,7,1,1
12490,7,2,0
12491,1,0,0
12491,2,1,1
12491,3,0,0
12491,3,1,1
12491,4,2,0
12491,5,0,0
12491,5,2,0
12491,6,1,1
12491,6,2,0
12491,7,0,0
12491,7,1,1
12491,7,2,0
12492,1,0,0
12492,2,1,1
12492,3,0,0
12492,3,1,1
12492,4,2,0
12492,5,0,0
12492,5,2,0
12492,6,1,1
12492,6,2,0
12492,7,0,0
12492,7,1,1
12492,7,2,0
12493,1,0,0
12493,2,1,1
12493,3,0,0
12493,3,1,1
12493,4,2,0
12493,5,0,0
12493,5,2,0
12493,6,1,1
12493,6,2,0
12493,7,0,0
12493,7,1,1
12493,7,2,0
12494,1,0,0
12494,2,1,1
12494,3,0,0
12494,3,1,1
12494,4,2,0
12494,5,0,0
12494,5,2,0
12494,6,1,1
12494,6,2,0
12494,7,0,0
12494,7,1,1
12494,7,2,0
12495,1,0,0
12495,2,1,1
12495,3,0,0
12495,3,1,1
12495,4,2,0
12495,5,0,0
12495,5,2,0
12495,6,1,1
12495,6,2,0
12495,7,0,0
12495,7,1,1
12495,7,2,0
12496,1,0,0
12496,2,1,1
12496,3,0,0
12496,3,1,1
12496,4,2,0
12496,5,0,0
12496,5,2,0
12496,6,1,1
12496,6,2,0
12496,7,0,0
12496,7,1,1
12496,7,2,0
12497,1,0,0
12497,2,1,1
12497,3,0,0
12497,3,1,1
12497,4,2,0
12497,5,0,0
12497,5,2,0
12497,6,1,1
12497,6,2,0
12497,7,0,0
12497,7,1,1
12497,7,2,0
12498,1,0,0
12498,2,1,1
12498,3,0,0
12498,3,1,1
12498,4,2,0
12498,5,0,0
12498,5,2,0
12498,6,1,1
12498,6,2,0
12498,7,0,0
12498,7,1,1
12498,7,2,0
12499,1,0,0
12499,2,1,1
12499,3,0,0
12499,3,1,1
12499,4,2,0
12499,5,0,0
12499,5,2,0
12499,6,1,1
12499,6,2,0
12499,7,0,0
12499,7,1,1
12499,7,2,0
12500,1,0,0
12500,2,1,1
12500,3,0,0
12500,3,1,1
12500,4,2,0
12500,5,0,0
12500,5,2,0
12500,6,1,1
12500,6,2,0
12500,7,0,0
12500,7,1,1
12500,7,2,0
12501,1,0,1
12501,2,1,1
12501,3,0,1
12501,3,1,1
12501,4,2,1
12501,5,0,1
12501,5,2,1
12501,6,1,1
12501,6,2,1
12501,7,0,1
12501,7,1,1
12501,7,2,1
12502,1,0,1
12502,2,1,1
12502,3,0,1
12502,3,1,1
12502,4,2,1
12502,5,0,1
12502,5,2,1
12502,6,1,1
12502,6,2,1
12502,7,0,1
12502,7,1,1
12502,7,2,1
12503,1,0,0
12503,2,1,0
12503,3,0,0
12503,3,1,0
12503,4,2,0
12503,5,0,0
12503,5,2,0
12503,6,1,0
12503,6,2,0
12503,7,0,0
12503,7,1,0
12503,7,2,0
12504,1,0,1
12504,2,1,1
12504,3,0,1
12504,3,1,1
12504,4,2,1
12504,5,0,1
12504,5,2,1
12504,6,1,1
12504,6,2,1
12504,7,0,1
12504,7,1,1
12504,7,2,1
12505,1,0,1
12505,2,1,1
12505,3,0,1
12505,3,1,1
12505,4,2,1
12505,5,0,1
12505,5,2,1
12505,6,1,1
12505,6,2,1
12505,7,0,1
12505,7,1,1
12505,7,2,1
12506,1,0,0
12506,2,1,0
12506,3,0,0
12506,3,1,0
12506,4,2,0
12506,5,0,0
12506,5,2,0
12506,6,1,0
12506,6,2,0
12506,7,0,0
12506,7,1,0
12506,7,2,0
12507,1,0,0
12507,2,1,0
12507,3,0,0
12507,3,1,0
12507,4,2,0
12507,5,0,0
12507,5,2,0
12507,6,1,0
12507,6,2,0
12507,7,0,0
12507,7,1,0
12507,7,2,0
12508,1,0,0
12508,2,1,0
12508,3,0,0
12508,3,1,0
12508,4,2,0
12508,5,0,0
12508,5,2,0
12508,6,1,0
12508,6,2,0
12508,7,0,0
12508,7,1,0
12508,7,2,0
12509,1,0,0
12509,2,1,0
12509,3,0,0
12509,3,1,0
12509,4,2,0
12509,5,0,0
12509,5,2,0
12509,6,1,0
12509,6,2,0
12509,7,0,0
12509,7,1,0
12509,7,2,0
12510,1,0,0
12510,2,1,0
12510,3,0,0
12510,3,1,0
12510,4,2,0
12510,5,0,0
12510,5,2,0
12510,6,1,0
12510,6,2,0
12510,7,0,0
12510,7,1,0
12510,7,2,0
12511,1,0,0
12511,2,1,0
12511,3,0,0
12511,3,1,0
12511,4,2,0
12511,5,0,0
12511,5,2,0
12511,6,1,0
12511,6,2,0
12511,7,0,0
12511,7,1,0
12511,7,2,0
12512,1,0,0
12512,2,1,0
12512,3,0,0
12512,3,1,0
12512,4,2,0
12512,5,0,0
12512,5,2,0
12512,6,1,0
12512,6,2,0
12512,7,0,0
12512,7,1,0
12512,7,2,0
12513,1,0,0
12513,2,1,0
12513,3,0,0
12513,3,1,0
12513,4,2,0
12513,5,0,0
12513,5,2,0
12513,6,1,0
12513,6,2,0
12513,7,0,0
12513,7,1,0
12513,7,2,0
12514,1,0,0
12514,2,1,0
12514,3,0,0
12514,3,1,0
12514,4,2,0
12514,5,0,0
12514,5,2,0
12514,6,1,0
12514,6,2,0
12514,7,0,0
12514,7,1,0
12514,7,2,0
12515,1,0,0
12515,2,1,0
12515,3,0,0
12515,3,1,0
12515,4,2,0
12515,5,0,0
12515,5,2,0
12515,6,1,0
12515,6,2,0
12515,7,0,0
12515,7,1,0
12515,7,2,0
12516,1,0,0
12516,2,1,0
12516,3,0,0
12516,3,1,0
12516,4,2,0
12516,5,0,0
12516,5,2,0
12516,6,1,0
12516,6,2,0
12516,7,0,0
12516,7,1,0
12516,7,2,0
12517,1,0,0
12517,2,1,0
12517,3,0,0
12517,3,1,0
12517,4,2,0
12517,5,0,0
12517,5,2,0
12517,6,1,0
12517,6,2,0
12517,7,0,0
12517,7,1,0
12517,7,2,0
12518,1,0,0
12518,2,1,0
12518,3,0,0
12518,3,1,0
12518,4,2,0
12518,5,0,0
12518,5,2,0
12518,6,1,0
12518,6,2,0
12518,7,0,0
12518,7,1,0
12518,7,2,0
12519,1,0,0
12519,2,1,0
12519,3,0,0
12519,3,1,0
12519,4,2,0
12519,5,0,0
12519,5,2,0
12519,6,1,0
12519,6,2,0
12519,7,0,0
12519,7,1,0
12519,7,2,0
12520,1,0,0
12520,2,1,0
12520,3,0,0
12520,3,1,0
12520,4,2,0
12520,5,0,0
12520,5,2,0
12520,6,1,0
12520,6,2,0
12520,7,0,0
12520,7,1,0
12520,7,2,0
12521,1,0,0
12521,2,1,0
12521,3,0,0
12521,3,1,0
12521,4,2,0
12521,5,0,0
12521,5,2,0
12521,6,1,0
12521,6,2,0
12521,7,0,0
12521,7,1,0
12521,7,2,0
12522,1,0,0
12522,2,1,0
12522,3,0,0
12522,3,1,0
12522,4,2,0
12522,5,0,0
12522,5,2,0
12522,6,1,0
12522,6,2,0
12522,7,0,0
12522,7,1,0
12522,7,2,0
12523,1,0,0
12523,2,1,0
12523,3,0,0
12523,3,1,0
12523,4,2,0
12523,5,0,0
12523,5,2,0
12523,6,1,0
12523,6,2,0
12523,7,0,0
12523,7,1,0
12523,7,2,0
12524,1,0,0
12524,2,1,0
12524,3,0,0
12524,3,1,0
12524,4,2,0
12524,5,0,0
12524,5,2,0
12524,6,1,0
12524,6,2,0
12524,7,0,0
12524,7,1,0
12524,7,2,0
12525,1,0,0
12525,2,1,0
12525,3,0,0
12525,3,1,0
12525,4,2,0
12525,5,0,0
12525,5,2,0
12525,6,1,0
12525,6,2,0
12525,7,0,0
12525,7,1,0
12525,7,2,0
12526,1,0,0
12526,2,1,0
12526,3,0,0
12526,3,1,0
12526,4,2,0
12526,5,0,0
12526,5,2,0
12526,6,1,0
12526,6,2,0
12526,7,0,0
12526,7,1,0
12526,7,2,0
12527,1,0,0
12527,2,1,0
12527,3,0,0
12527,3,1,0
12527,4,2,0
12527,5,0,0
12527,5,2,0
12527,6,1,0
12527,6,2,0
12527,7,0,0
12527,7,1,0
12527,7,2,0
12528,1,0,1
12528,2,1,1
12528,3,0,1
12528,3,1,1
12528,4,2,1
12528,5,0,1
12528,5,2,1
12528,6,1,1
12528,6,2,1
12528,7,0,1
12528,7,1,1
12528,7,2,1
12529,1,0,1
12529,2,1,1
12529,3,0,1
12529,3,1,1
12529,4,2,1
12529,5,0,1
12529,5,2,1
12529,6,1,1
12529,6,2,1
12529,7,0,1
12529,7,1,1
12529,7,2,1
12530,1,0,0
12530,2,1,0
12530,3,0,0
12530,3,1,0
12530,4,2,0
12530,5,0,0
12530,5,2,0
12530,6,1,0
12530,6,2,0
12530,7,0,0
12530,7,1,0
12530,7,2,0
12531,1,0,0
12531,2,1,0
12531,3,0,0
12531,3,1,0
12531,4,2,0
12531,5,0,0
12531,5,2,0
12531,6,1,0
12531,6,2,0
12531,7,0,0
12531,7,1,0
12531,7,2,0
12532,1,0,0
12532,2,1,0
12532,3,0,0
12532,3,1,0
12532,4,2,0
12532,5,0,0
12532,5,2,0
12532,6,1,0
12532,6,2,0
12532,7,0,0
12532,7,1,0
12532,7,2,0
12533,1,0,0
12533,2,1,0
12533,3,0,0
12533,3,1,0
12533,4,2,0
12533,5,0,0
12533,5,2,0
12533,6,1,0
12533,6,2,0
12533,7,0,0
12533,7,1,0
12533,7,2,0
12534,1,0,0
12534,2,1,0
12534,3,0,0
12534,3,1,0
12534,4,2,0
12534,5,0,0
12534,5,2,0
12534,6,1,0
12534,6,2,0
12534,7,0,0
12534,7,1,0
12534,7,2,0
12535,1,0,0
12535,2,1,0
12535,3,0,0
12535,3,1,0
12535,4,2,0
12535,5,0,0
12535,5,2,0
12535,6,1,0
12535,6,2,0
12535,7,0,0
12535,7,1,0
12535,7,2,0
12536,1,0,0
12536,2,1,0
12536,3,0,0
12536,3,1,0
12536,4,2,0
12536,5,0,0
12536,5,2,0
12536,6,1,0
12536,6,2,0
12536,7,0,0
12536,7,1,0
12536,7,2,0
12537,1,0,0
12537,2,1,0
12537,3,0,0
12537,3,1,0
12537,4,2,0
12537,5,0,0
12537,5,2,0
12537,6,1,0
12537,6,2,0
12537,7,0,0
12537,7,1,0
12537,7,2,0
12538,1,0,0
12538,2,1,0
12538,3,0,0
12538,3,1,0
12538,4,2,0
12538,5,0,0
12538,5,2,0
12538,6,1,0
12538,6,2,0
12538,7,0,0
12538,7,1,0
12538,7,2,0
12539,1,0,0
12539,2,1,0
12539,3,0,0
12539,3,1,0
12539,4,2,0
12539,5,0,0
12539,5,2,0
12539,6,1,0
12539,6,2,0
12539,7,0,0
12539,7,1,0
12539,7,2,0
12540,1,0,0
12540,2,1,0
12540,3,0,0
12540,3,1,0
12540,4,2,0
12540,5,0,0
12540,5,2,0
12540,6,1,0
12540,6,2,0
12540,7,0,0
12540,7,1,0
12540,7,2,0
12541,1,0,0
12541,2,1,0
12541,3,0,0
12541,3,1,0
12541,4,2,0
12541,5,0,0
12541,5,2,0
12541,6,1,0
12541,6,2,0
12541,7,0,0
12541,7,1,0
12541,7,2,0
12542,1,0,0
12542,2,1,0
12542,3,0,0
12542,3,1,0
12542,4,2,0
12542,5,0,0
12542,5,2,0
12542,6,1,0
12542,6,2,0
12542,7,0,0
12542,7,1,0
12542,7,2,0
12543,1,0,0
12543,2,1,0
12543,3,0,0
12543,3,1,0
12543,4,2,0
12543,5,0,0
12543,5,2,0
12543,6,1,0
12543,6,2,0
12543,7,0,0
12543,7,1,0
12543,7,2,0
12544,1,0,0
12544,2,1,0
12544,3,0,0
12544,3,1,0
12544,4,2,0
12544,5,0,0
12544,5,2,0
12544,6,1,0
12544,6,2,0
12544,7,0,0
12544,7,1,0
12544,7,2,0
12545,1,0,0
12545,2,1,0
12545,3,0,0
12545,3,1,0
12545,4,2,0
12545,5,0,0
12545,5,2,0
12545,6,1,0
12545,6,2,0
12545,7,0,0
12545,7,1,0
12545,7,2,0
12546,1,0,0
12546,2,1,0
12546,3,0,0
12546,3,1,0
12546,4,2,0
12546,5,0,0
12546,5,2,0
12546,6,1,0
12546,6,2,0
12546,7,0,0
12546,7,1,0
12546,7,2,0
12547,1,0,0
12547,2,1,0
12547,3,0,0
12547,3,1,0
12547,4,2,0
12547,5,0,0
12547,5,2,0
12547,6,1,0
12547,6,2,0
12547,7,0,0
12547,7,1,0
12547,7,2,0
12548,1,0,0
12548,2,1,0
12548,3,0,0
12548,3,1,0
12548,4,2,0
12548,5,0,0
12548,5,2,0
12548,6,1,0
12548,6,2,0
12548,7,0,0
12548,7,1,0
12548,7,2,0
12549,1,0,0
12549,2,1,0
12549,3,0,0
12549,3,1,0
12549,4,2,0
12549,5,0,0
12549,5,2,0
12549,6,1,0
12549,6,2,0
12549,7,0,0
12549,7,1,0
12549,7,2,0
12550,1,0,0
12550,2,1,0
12550,3,0,0
12550,3,1,0
12550,4,2,0
12550,5,0,0
12550,5,2,0
12550,6,1,0
12550,6,2,0
12550,7,0,0
12550,7,1,0
12550,7,2,0
12551,1,0,0
12551,2,1,0
12551,3,0,0
12551,3,1,0
12551,4,2,0
12551,5,0,0
12551,5,2,0
12551,6,1,0
12551,6,2,0
12551,7,0,0
12551,7,1,0
12551,7,2,0
12552,1,0,0
12552,2,1,0
12552,3,0,0
12552,3,1,0
12552,4,2,0
12552,5,0,0
12552,5,2,0
12552,6,1,0
12552,6,2,0
12552,7,0,0
12552,7,1,0
12552,7,2,0
12553,1,0,0
12553,2,1,0
12553,3,0,0
12553,3,1,0
12553,4,2,0
12553,5,0,0
12553,5,2,0
12553,6,1,0
12553,6,2,0
12553,7,0,0
12553,7,1,0
12553,7,2,0
12554,1,0,0
12554,2,1,0
12554,3,0,0
12554,3,1,0
12554,4,2,0
12554,5,0,0
12554,5,2,0
12554,6,1,0
12554,6,2,0
12554,7,0,0
12554,7,1,0
12554,7,2,0
12555,1,0,1
12555,2,1,0
12555,3,0,1
12555,3,1,0
12555,4,2,0
12555,5,0,1
12555,5,2,0
12555,6,1,0
12555,6,2,0
12555,7,0,1
12555,7,1,0
12555,7,2,0
12556,1,0,1
12556,2,1,0
12556,3,0,1
12556,3,1,0
12556,4,2,0
12556,5,0,1
12556,5,2,0
12556,6,1,0
12556,6,2,0
12556,7,0,1
12556,7,1,0
12556,7,2,0
12557,1,0,0
12557,2,1,0
12557,3,0,0
12557,3,1,0
12557,4,2,0
12557,5,0,0
12557,5,2,0
12557,6,1,0
12557,6,2,0
12557,7,0,0
12557,7,1,0
12557,7,2,0
12558,1,0,0
12558,2,1,0
12558,3,0,0
12558,3,1,0
12558,4,2,0
12558,5,0,0
12558,5,2,0
12558,6,1,0
12558,6,2,0
12558,7,0,0
12558,7,1,0
12558,7,2,0
12559,1,0,0
12559,2,1,0
12559,3,0,0
12559,3,1,0
12559,4,2,0
12559,5,0,0
12559,5,2,0
12559,6,1,0
12559,6,2,0
12559,7,0,0
12559,7,1,0
12559,7,2,0
12560,1,0,0
12560,2,1,0
12560,3,0,0
12560,3,1,0
12560,4,2,0
12560,5,0,0
12560,5,2,0
12560,6,1,0
12560,6,2,0
12560,7,0,0
12560,7,1,0
12560,7,2,0
12561,1,0,0
12561,2,1,0
12561,3,0,0
12561,3,1,0
12561,4,2,0
12561,5,0,0
12561,5,2,0
12561,6,1,0
12561,6,2,0
12561,7,0,0
12561,7,1,0
12561,7,2,0
12562,1,0,0
12562,2,1,0
12562,3,0,0
12562,3,1,0
12562,4,2,0
12562,5,0,0
12562,5,2,0
12562,6,1,0
12562,6,2,0
12562,7,0,0
12562,7,1,0
12562,7,2,0
12563,1,0,0
12563,2,1,0
12563,3,0,0
12563,3,1,0
12563,4,2,0
12563,5,0,0
12563,5,2,0
12563,6,1,0
12563,6,2,0
12563,7,0,0
12563,7,1,0
12563,7,2,0
12564,1,0,0
12564,2,1,0
12564,3,0,0
12564,3,1,0
12564,4,2,0
12564,5,0,0
12564,5,2,0
12564,6,1,0
12564,6,2,0
12564,7,0,0
12564,7,1,0
12564,7,2,0
12565,1,0,0
12565,2,1,0
12565,3,0,0
12565,3,1,0
12565,4,2,0
12565,5,0,0
12565,5,2,0
12565,6,1,0
12565,6,2,0
12565,7,0,0
12565,7,1,0
12565,7,2,0
12566,1,0,0
12566,2,1,0
12566,3,0,0
12566,3,1,0
12566,4,2,0
12566,5,0,0
12566,5,2,0
12566,6,1,0
12566,6,2,0
12566,7,0,0
12566,7,1,0
12566,7,2,0
12567,1,0,0
12567,2,1,0
12567,3,0,0
12567,3,1,0
12567,4,2,0
12567,5,0,0
12567,5,2,0
12567,6,1,0
12567,6,2,0
12567,7,0,0
12567,7,1,0
12567,7,2,0
12568,1,0,0
12568,2,1,0
12568,3,0,0
12568,3,1,0
12568,4,2,0
12568,5,0,0
12568,5,2,0
12568,6,1,0
12568,6,2,0
12568,7,0,0
12568,7,1,0
12568,7,2,0
12569,1,0,0
12569,2,1,0
12569,3,0,0
12569,3,1,0
12569,4,2,0
12569,5,0,0
12569,5,2,0
12569,6,1,0
12569,6,2,0
12569,7,0,0
12569,7,1,0
12569,7,2,0
12570,1,0,0
12570,2,1,0
12570,3,0,0
12570,3,1,0
12570,4,2,0
12570,5,0,0
12570,5,2,0
12570,6,1,0
12570,6,2,0
12570,7,0,0
12570,7,1,0
12570,7,2,0
12571,1,0,0
12571,2,1,0
12571,3,0,0
12571,3,1,0
12571,4,2,0
12571,5,0,0
12571,5,2,0
12571,6,1,0
12571,6,2,0
12571,7,0,0
12571,7,1,0
12571,7,2,0
12572,1,0,0
12572,2,1,0
12572,3,0,0
12572,3,1,0
12572,4,2,0
12572,5,0,0
12572,5,2,0
12572,6,1,0
12572,6,2,0
12572,7,0,0
12572,7,1,0
12572,7,2,0
12573,1,0,0
12573,2,1,0
12573,3,0,0
12573,3,1,0
12573,4,2,0
12573,5,0,0
12573,5,2,0
12573,6,1,0
12573,6,2,0
12573,7,0,0
12573,7,1,0
12573,7,2,0
12574,1,0,0
12574,2,1,0
12574,3,0,0
12574,3,1,0
12574,4,2,0
12574,5,0,0
12574,5,2,0
12574,6,1,0
12574,6,2,0
12574,7,0,0
12574,7,1,0
12574,7,2,0
12575,1,0,0
12575,2,1,0
12575,3,0,0
12575,3,1,0
12575,4,2,0
12575,5,0,0
12575,5,2,0
12575,6,1,0
12575,6,2,0
12575,7,0,0
12575,7,1,0
12575,7,2,0
12576,1,0,0
12576,2,1,0
12576,3,0,0
12576,3,1,0
12576,4,2,0
12576,5,0,0
12576,5,2,0
12576,6,1,0
12576,6,2,0
12576,7,0,0
12576,7,1,0
12576,7,2,0
12577,1,0,0
12577,2,1,0
12577,3,0,0
12577,3,1,0
12577,4,2,0
12577,5,0,0
12577,5,2,0
12577,6,1,0
12577,6,2,0
12577,7,0,0
12577,7,1,0
12577,7,2,0
12578,1,0,0
12578,2,1,0
12578,3,0,0
12578,3,1,0
12578,4,2,0
12578,5,0,0
12578,5,2,0
12578,6,1,0
12578,6,2,0
12578,7,0,0
12578,7,1,0
12578,7,2,0
12579,1,0,0
12579,2,1,0
12579,3,0,0
12579,3,1,0
12579,4,2,0
12579,5,0,0
12579,5,2,0
12579,6,1,0
12579,6,2,0
12579,7,0,0
12579,7,1,0
12579,7,2,0
12580,1,0,0
12580,2,1,0
12580,3,0,0
12580,3,1,0
12580,4,2,0
12580,5,0,0
12580,5,2,0
12580,6,1,0
12580,6,2,0
12580,7,0,0
12580,7,1,0
12580,7,2,0
12581,1,0,0
12581,2,1,0
12581,3,0,0
12581,3,1,0
12581,4,2,0
12581,5,0,0
12581,5,2,0
12581,6,1,0
12581,6,2,0
12581,7,0,0
12581,7,1,0
12581,7,2,0
12582,1,0,1
12582,2,1,0
12582,3,0,1
12582,3,1,0
12582,4,2,0
12582,5,0,1
12582,5,2,0
12582,6,1,0
12582,6,2,0
12582,7,0,1
12582,7,1,0
12582,7,2,0
12583,1,0,1
12583,2,1,0
12583,3,0,1
12583,3,1,0
12583,4,2,0
12583,5,0,1
12583,5,2,0
12583,6,1,0
12583,6,2,0
12583,7,0,1
12583,7,1,0
12583,7,2,0
12584,1,0,0
12584,2,1,0
12584,3,0,0
12584,3,1,0
12584,4,2,0
12584,5,0,0
12584,5,2,0
12584,6,1,0
12584,6,2,0
12584,7,0,0
12584,7,1,0
12584,7,2,0
12585,1,0,0
12585,2,1,0
12585,3,0,0
12585,3,1,0
12585,4,2,0
12585,5,0,0
12585,5,2,0
12585,6,1,0
12585,6,2,0
12585,7,0,0
12585,7,1,0
12585,7,2,0
12586,1,0,0
12586,2,1,0
12586,3,0,0
12586,3,1,0
12586,4,2,0
12586,5,0,0
12586,5,2,0
12586,6,1,0
12586,6,2,0
12586,7,0,0
12586,7,1,0
12586,7,2,0
12587,1,0,0
12587,2,1,0
12587,3,0,0
12587,3,1,0
12587,4,2,0
12587,5,0,0
12587,5,2,0
12587,6,1,0
12587,6,2,0
12587,7,0,0
12587,7,1,0
12587,7,2,0
12588,1,0,0
12588,2,1,0
12588,3,0,0
12588,3,1,0
12588,4,2,0
12588,5,0,0
12588,5,2,0
12588,6,1,0
12588,6,2,0
12588,7,0,0
12588,7,1,0
12588,7,2,0
12589,1,0,0
12589,2,1,0
12589,3,0,0
12589,3,1,0
12589,4,2,0
12589,5,0,0
12589,5,2,0
12589,6,1,0
12589,6,2,0
12589,7,0,0
12589,7,1,0
12589,7,2,0
12590,1,0,0
12590,2,1,0
12590,3,0,0
12590,3,1,0
12590,4,2,0
12590,5,0,0
12590,5,2,0
12590,6,1,0
12590,6,2,0
12590,7,0,0
12590,7,1,0
12590,7,2,0
12591,1,0,0
12591,2,1,0
12591,3,0,0
12591,3,1,0
12591,4,2,0
12591,5,0,0
12591,5,2,0
12591,6,1,0
12591,6,2,0
12591,7,0,0
12591,7,1,0
12591,7,2,0
12592,1,0,0
12592,2,1,0
12592,3,0,0
12592,3,1,0
12592,4,2,0
12592,5,0,0
12592,5,2,0
12592,6,1,0
12592,6,2,0
12592,7,0,0
12592,7,1,0
12592,7,2,0
12593,1,0,0
12593,2,1,0
12593,3,0,0
12593,3,1,0
12593,4,2,0
12593,5,0,0
12593,5,2,0
12593,6,1,0
12593,6,2,0
12593,7,0,0
12593,7,1,0
12593,7,2,0
12594,1,0,0
12594,2,1,0
12594,3,0,0
12594,3,1,0
12594,4,2,0
12594,5,0,0
12594,5,2,0
12594,6,1,0
12594,6,2,0
12594,7,0,0
12594,7,1,0
12594,7,2,0
12595,1,0,0
12595,2,1,0
12595,3,0,0
12595,3,1,0
12595,4,2,0
12595,5,0,0
12595,5,2,0
12595,6,1,0
12595,6,2,0
12595,7,0,0
12595,7,1,0
12595,7,2,0
12596,1,0,0
12596,2,1,0
12596,3,0,0
12596,3,1,0
12596,4,2,0
12596,5,0,0
12596,5,2,0
12596,6,1,0
12596,6,2,0
12596,7,0,0
12596,7,1,0
12596,7,2,0
12597,1,0,0
12597,2,1,0
12597,3,0,0
12597,3,1,0
12597,4,2,0
12597,5,0,0
12597,5,2,0
12597,6,1,0
12597,6,2,0
12597,7,0,0
12597,7,1,0
12597,7,2,0
12598,1,0,0
12598,2,1,0
12598,3,0,0
12598,3,1,0
12598,4,2,0
12598,5,0,0
12598,5,2,0
12598,6,1,0
12598,6,2,0
12598,7,0,0
12598,7,1,0
12598,7,2,0
12599,1,0,0
12599,2,1,0
12599,3,0,0
12599,3,1,0
12599,4,2,0
12599,5,0,0
12599,5,2,0
12599,6,1,0
12599,6,2,0
12599,7,0,0
12599,7,1,0
12599,7,2,0
12600,1,0,0
12600,2,1,0
12600,3,0,0
12600,3,1,0
12600,4,2,0
12600,5,0,0
12600,5,2,0
12600,6,1,0
12600,6,2,0
12600,7,0,0
12600,7,1,0
12600,7,2,0
12601,1,0,0
12601,2,1,0
12601,3,0,0
12601,3,1,0
12601,4,2,0
12601,5,0,0
12601,5,2,0
12601,6,1,0
12601,6,2,0
12601,7,0,0
12601,7,1,0
12601,7,2,0
12602,1,0,0
12602,2,1,0
12602,3,0,0
12602,3,1,0
12602,4,2,0
12602,5,0,0
12602,5,2,0
12602,6,1,0
12602,6,2,0
12602,7,0,0
12602,7,1,0
12602,7,2,0
12603,1,0,0
12603,2,1,0
12603,3,0,0
12603,3,1,0
12603,4,2,0
12603,5,0,0
12603,5,2,0
12603,6,1,0
12603,6,2,0
12603,7,0,0
12603,7,1,0
12603,7,2,0
12604,1,0,0
12604,2,1,0
12604,3,0,0
12604,3,1,0
12604,4,2,0
12604,5,0,0
12604,5,2,0
12604,6,1,0
12604,6,2,0
12604,7,0,0
12604,7,1,0
12604,7,2,0
12605,1,0,0
12605,2,1,0
12605,3,0,0
12605,3,1,0
12605,4,2,0
12605,5,0,0
12605,5,2,0
12605,6,1,0
12605,6,2,0
12605,7,0,0
12605,7,1,0
12605,7,2,0
12606,1,0,0
12606,2,1,0
12606,3,0,0
12606,3,1,0
12606,4,2,0
12606,5,0,0
12606,5,2,0
12606,6,1,0
12606,6,2,0
12606,7,0,0
12606,7,1,0
12606,7,2,0
12607,1,0,0
12607,2,1,0
12607,3,0,0
12607,3,1,0
12607,4,2,0
12607,5,0,0
12607,5,2,0
12607,6,1,0
12607,6,2,0
12607,7,0,0
12607,7,1,0
12607,7,2,0
12608,1,0,0
12608,2,1,0
12608,3,0,0
12608,3,1,0
12608,4,2,0
12608,5,0,0
12608,5,2,0
12608,6,1,0
12608,6,2,0
12608,7,0,0
12608,7,1,0
12608,7,2,0
12609,1,0,1
12609,2,1,0
12609,3,0,1
12609,3,1,0
12609,4,2,0
12609,5,0,1
12609,5,2,0
12609,6,1,0
12609,6,2,0
12609,7,0,1
12609,7,1,0
12609,7,2,0
12610,1,0,1
12610,2,1,0
12610,3,0,1
12610,3,1,0
12610,4,2,0
12610,5,0,1
12610,5,2,0
12610,6,1,0
12610,6,2,0
12610,7,0,1
12610,7,1,0
12610,7,2,0
12611,1,0,0
12611,2,1,0
12611,3,0,0
12611,3,1,0
12611,4,2,0
12611,5,0,0
12611,5,2,0
12611,6,1,0
12611,6,2,0
12611,7,0,0
12611,7,1,0
12611,7,2,0
12612,1,0,0
12612,2,1,0
12612,3,0,0
12612,3,1,0
12612,4,2,0
12612,5,0,0
12612,5,2,0
12612,6,1,0
12612,6,2,0
12612,7,0,0
12612,7,1,0
12612,7,2,0
12613,1,0,0
12613,2,1,0
12613,3,0,0
12613,3,1,0
12613,4,2,0
12613,5,0,0
12613,5,2,0
12613,6,1,0
12613,6,2,0
12613,7,0,0
12613,7,1,0
12613,7,2,0
12614,1,0,0
12614,2,1,0
12614,3,0,0
12614,3,1,0
12614,4,2,0
12614,5,0,0
12614,5,2,0
12614,6,1,0
12614,6,2,0
12614,7,0,0
12614,7,1,0
12614,7,2,0
12615,1,0,0
12615,2,1,0
12615,3,0,0
12615,3,1,0
12615,4,2,0
12615,5,0,0
12615,5,2,0
12615,6,1,0
12615,6,2,0
12615,7,0,0
12615,7,1,0
12615,7,2,0
12616,1,0,0
12616,2,1,0
12616,3,0,0
12616,3,1,0
12616,4,2,0
12616,5,0,0
12616,5,2,0
12616,6,1,0
12616,6,2,0
12616,7,0,0
12616,7,1,0
12616,7,2,0
12617,1,0,0
12617,2,1,0
12617,3,0,0
12617,3,1,0
12617,4,2,0
12617,5,0,0
12617,5,2,0
12617,6,1,0
12617,6,2,0
12617,7,0,0
12617,7,1,0
12617,7,2,0
12618,1,0,0
12618,2,1,0
12618,3,0,0
12618,3,1,0
12618,4,2,0
12618,5,0,0
12618,5,2,0
12618,6,1,0
12618,6,2,0
12618,7,0,0
12618,7,1,0
12618,7,2,0
12619,1,0,0
12619,2,1,0
12619,3,0,0
12619,3,1,0
12619,4,2,0
12619,5,0,0
12619,5,2,0
12619,6,1,0
12619,6,2,0
12619,7,0,0
12619,7,1,0
12619,7,2,0
12620,1,0,0
12620,2,1,0
12620,3,0,0
12620,3,1,0
12620,4,2,0
12620,5,0,0
12620,5,2,0
12620,6,1,0
12620,6,2,0
12620,7,0,0
12620,7,1,0
12620,7,2,0
12621,1,0,0
12621,2,1,0
12621,3,0,0
12621,3,1,0
12621,4,2,0
12621,5,0,0
12621,5,2,0
12621,6,1,0
12621,6,2,0
12621,7,0,0
12621,7,1,0
12621,7,2,0
12622,1,0,0
12622,2,1,0
12622,3,0,0
12622,3,1,0
12622,4,2,0
12622,5,0,0
12622,5,2,0
12622,6,1,0
12622,6,2,0
12622,7,0,0
12622,7,1,0
12622,7,2,0
12623,1,0,0
12623,2,1,0
12623,3,0,0
12623,3,1,0
12623,4,2,0
12623,5,0,0
12623,5,2,0
12623,6,1,0
12623,6,2,0
12623,7,0,0
12623,7,1,0
12623,7,2,0
12624,1,0,0
12624,2,1,0
12624,3,0,0
12624,3,1,0
12624,4,2,0
12624,5,0,0
12624,5,2,0
12624,6,1,0
12624,6,2,0
12624,7,0,0
12624,7,1,0
12624,7,2,0
12625,1,0,0
12625,2,1,0
12625,3,0,0
12625,3,1,0
12625,4,2,0
12625,5,0,0
12625,5,2,0
12625,6,1,0
12625,6,2,0
12625,7,0,0
12625,7,1,0
12625,7,2,0
12626,1,0,0
12626,2,1,0
12626,3,0,0
12626,3,1,0
12626,4,2,0
12626,5,0,0
12626,5,2,0
12626,6,1,0
12626,6,2,0
12626,7,0,0
12626,7,1,0
12626,7,2,0
12627,1,0,0
12627,2,1,0
12627,3,0,0
12627,3,1,0
12627,4,2,0
12627,5,0,0
12627,5,2,0
12627,6,1,0
12627,6,2,0
12627,7,0,0
12627,7,1,0
12627,7,2,0
12628,1,0,0
12628,2,1,0
12628,3,0,0
12628,3,1,0
12628,4,2,0
12628,5,0,0
12628,5,2,0
12628,6,1,0
12628,6,2,0
12628,7,0,0
12628,7,1,0
12628,7,2,0
12629,1,0,0
12629,2,1,0
12629,3,0,0
12629,3,1,0
12629,4,2,0
12629,5,0,0
12629,5,2,0
12629,6,1,0
12629,6,2,0
12629,7,0,0
12629,7,1,0
12629,7,2,0
12630,1,0,0
12630,2,1,0
12630,3,0,0
12630,3,1,0
12630,4,2,0
12630,5,0,0
12630,5,2,0
12630,6,1,0
12630,6,2,0
12630,7,0,0
12630,7,1,0
12630,7,2,0
12631,1,0,0
12631,2,1,0
12631,3,0,0
12631,3,1,0
12631,4,2,0
12631,5,0,0
12631,5,2,0
12631,6,1,0
12631,6,2,0
12631,7,0,0
12631,7,1,0
12631,7,2,0
12632,1,0,0
12632,2,1,0
12632,3,0,0
12632,3,1,0
12632,4,2,0
12632,5,0,0
12632,5,2,0
12632,6,1,0
12632,6,2,0
12632,7,0,0
12632,7,1,0
12632,7,2,0
12633,1,0,0
12633,2,1,0
12633,3,0,0
12633,3,1,0
12633,4,2,0
12633,5,0,0
12633,5,2,0
12633,6,1,0
12633,6,2,0
12633,7,0,0
12633,7,1,0
12633,7,2,0
12634,1,0,0
12634,2,1,0
12634,3,0,0
12634,3,1,0
12634,4,2,0
12634,5,0,0
12634,5,2,0
12634,6,1,0
12634,6,2,0
12634,7,0,0
12634,7,1,0
12634,7,2,0
12635,1,0,0
12635,2,1,0
12635,3,0,0
12635,3,1,0
12635,4,2,0
12635,5,0,0
12635,5,2,0
12635,6,1,0
12635,6,2,0
12635,7,0,0
12635,7,1,0
12635,7,2,0
12636,1,0,1
12636,2,1,0
12636,3,0,1
12636,3,1,0
12636,4,2,0
12636,5,0,1
12636,5,2,0
12636,6,1,0
12636,6,2,0
12636,7,0,1
12636,7,1,0
12636,7,2,0
12637,1,0,1
12637,2,1,0
12637,3,0,1
12637,3,1,0
12637,4,2,0
12637,5,0,1
12637,5,2,0
12637,6,1,0
12637,6,2,0
12637,7,0,1
12637,7,1,0
12637,7,2,0
12638,1,0,0
12638,2,1,0
12638,3,0,0
12638,3,1,0
12638,4,2,0
12638,5,0,0
12638,5,2,0
12638,6,1,0
12638,6,2,0
12638,7,0,0
12638,7,1,0
12638,7,2,0
12639,1,0,0
12639,2,1,0
12639,3,0,0
12639,3,1,0
12639,4,2,0
12639,5,0,0
12639,5,2,0
12639,6,1,0
12639,6,2,0
12639,7,0,0
12639,7,1,0
12639,7,2,0
12640,1,0,0
12640,2,1,0
12640,3,0,0
12640,3,1,0
12640,4,2,0
12640,5,0,0
12640,5,2,0
12640,6,1,0
12640,6,2,0
12640,7,0,0
12640,7,1,0
12640,7,2,0
12641,1,0,0
12641,2,1,0
12641,3,0,0
12641,3,1,0
12641,4,2,0
12641,5,0,0
12641,5,2,0
12641,6,1,0
12641,6,2,0
12641,7,0,0
12641,7,1,0
12641,7,2,0
12642,1,0,0
12642,2,1,0
12642,3,0,0
12642,3,1,0
12642,4,2,0
12642,5,0,0
12642,5,2,0
12642,6,1,0
12642,6,2,0
12642,7,0,0
12642,7,1,0
12642,7,2,0
12643,1,0,0
12643,2,1,0
12643,3,0,0
12643,3,1,0
12643,4,2,0
12643,5,0,0
12643,5,2,0
12643,6,1,0
12643,6,2,0
12643,7,0,0
12643,7,1,0
12643,7,2,0
12644,1,0,0
12644,2,1,0
12644,3,0,0
12644,3,1,0
12644,4,2,0
12644,5,0,0
12644,5,2,0
12644,6,1,0
12644,6,2,0
12644,7,0,0
12644,7,1,0
12644,7,2,0
12645,1,0,0
12645,2,1,0
12645,3,0,0
12645,3,1,0
12645,4,2,0
12645,5,0,0
12645,5,2,0
12645,6,1,0
12645,6,2,0
12645,7,0,0
12645,7,1,0
12645,7,2,0
12646,1,0,0
12646,2,1,0
12646,3,0,0
12646,3,1,0
12646,4,2,0
12646,5,0,0
12646,5,2,0
12646,6,1,0
12646,6,2,0
12646,7,0,0
12646,7,1,0
12646,7,2,0
12647,1,0,0
12647,2,1,0
12647,3,0,0
12647,3,1,0
12647,4,2,0
12647,5,0,0
12647,5,2,0
12647,6,1,0
12647,6,2,0
12647,7,0,0
12647,7,1,0
12647,7,2,0
12648,1,0,0
12648,2,1,0
12648,3,0,0
12648,3,1,0
12648,4,2,0
12648,5,0,0
12648,5,2,0
12648,6,1,0
12648,6,2,0
12648,7,0,0
12648,7,1,0
12648,7,2,0
12649,1,0,0
12649,2,1,0
12649,3,0,0
12649,3,1,0
12649,4,2,0
12649,5,0,0
12649,5,2,0
12649,6,1,0
12649,6,2,0
12649,7,0,0
12649,7,1,0
12649,7,2,0
12650,1,0,0
12650,2,1,0
12650,3,0,0
12650,3,1,0
12650,4,2,0
12650,5,0,0
12650,5,2,0
12650,6,1,0
12650,6,2,0
12650,7,0,0
12650,7,1,0
12650,7,2,0
12651,1,0,0
12651,2,1,0
12651,3,0,0
12651,3,1,0
12651,4,2,0
12651,5,0,0
12651,5,2,0
12651,6,1,0
12651,6,2,0
12651,7,0,0
12651,7,1,0
12651,7,2,0
12652,1,0,0
12652,2,1,0
12652,3,0,0
12652,3,1,0
12652,4,2,0
12652,5,0,0
12652,5,2,0
12652,6,1,0
12652,6,2,0
12652,7,0,0
12652,7,1,0
12652,7,2,0
12653,1,0,0
12653,2,1,0
12653,3,0,0
12653,3,1,0
12653,4,2,0
12653,5,0,0
12653,5,2,0
12653,6,1,0
12653,6,2,0
12653,7,0,0
12653,7,1,0
12653,7,2,0
12654,1,0,0
12654,2,1,0
12654,3,0,0
12654,3,1,0
12654,4,2,0
12654,5,0,0
12654,5,2,0
12654,6,1,0
12654,6,2,0
12654,7,0,0
12654,7,1,0
12654,7,2,0
12655,1,0,0
12655,2,1,0
12655,3,0,0
12655,3,1,0
12655,4,2,0
12655,5,0,0
12655,5,2,0
12655,6,1,0
12655,6,2,0
12655,7,0,0
12655,7,1,0
12655,7,2,0
12656,1,0,0
12656,2,1,0
12656,3,0,0
12656,3,1,0
12656,4,2,0
12656,5,0,0
12656,5,2,0
12656,6,1,0
12656,6,2,0
12656,7,0,0
12656,7,1,0
12656,7,2,0
12657,1,0,0
12657,2,1,0
12657,3,0,0
12657,3,1,0
12657,4,2,0
12657,5,0,0
12657,5,2,0
12657,6,1,0
12657,6,2,0
12657,7,0,0
12657,7,1,0
12657,7,2,0
12658,1,0,0
12658,2,1,0
12658,3,0,0
12658,3,1,0
12658,4,2,0
12658,5,0,0
12658,5,2,0
12658,6,1,0
12658,6,2,0
12658,7,0,0
12658,7,1,0
12658,7,2,0
12659,1,0,0
12659,2,1,0
12659,3,0,0
12659,3,1,0
12659,4,2,0
12659,5,0,0
12659,5,2,0
12659,6,1,0
12659,6,2,0
12659,7,0,0
12659,7,1,0
12659,7,2,0
12660,1,0,0
12660,2,1,0
12660,3,0,0
12660,3,1,0
12660,4,2,0
12660,5,0,0
12660,5,2,0
12660,6,1,0
12660,6,2,0
12660,7,0,0
12660,7,1,0
12660,7,2,0
12661,1,0,0
12661,2,1,0
12661,3,0,0
12661,3,1,0
12661,4,2,0
12661,5,0,0
12661,5,2,0
12661,6,1,0
12661,6,2,0
12661,7,0,0
12661,7,1,0
12661,7,2,0
12662,1,0,0
12662,2,1,0
12662,3,0,0
12662,3,1,0
12662,4,2,0
12662,5,0,0
12662,5,2,0
12662,6,1,0
12662,6,2,0
12662,7,0,0
12662,7,1,0
12662,7,2,0
12663,1,0,1
12663,2,1,0
12663,3,0,1
12663,3,1,0
12663,4,2,0
12663,5,0,1
12663,5,2,0
12663,6,1,0
12663,6,2,0
12663,7,0,1
12663,7,1,0
12663,7,2,0
12664,1,0,1
12664,2,1,0
12664,3,0,1
12664,3,1,0
12664,4,2,0
12664,5,0,1
12664,5,2,0
12664,6,1,0
12664,6,2,0
12664,7,0,1
12664,7,1,0
12664,7,2,0
12665,1,0,0
12665,2,1,0
12665,3,0,0
12665,3,1,0
12665,4,2,0
12665,5,0,0
12665,5,2,0
12665,6,1,0
12665,6,2,0
12665,7,0,0
12665,7,1,0
12665,7,2,0
12666,1,0,0
12666,2,1,0
12666,3,0,0
12666,3,1,0
12666,4,2,0
12666,5,0,0
12666,5,2,0
12666,6,1,0
12666,6,2,0
12666,7,0,0
12666,7,1,0
12666,7,2,0
12667,1,0,0
12667,2,1,0
12667,3,0,0
12667,3,1,0
12667,4,2,0
12667,5,0,0
12667,5,2,0
12667,6,1,0
12667,6,2,0
12667,7,0,0
12667,7,1,0
12667,7,2,0
12668,1,0,0
12668,2,1,0
12668,3,0,0
12668,3,1,0
12668,4,2,0
12668,5,0,0
12668,5,2,0
12668,6,1,0
12668,6,2,0
12668,7,0,0
12668,7,1,0
12668,7,2,0
12669,1,0,0
12669,2,1,0
12669,3,0,0
12669,3,1,0
12669,4,2,0
12669,5,0,0
12669,5,2,0
12669,6,1,0
12669,6,2,0
12669,7,0,0
12669,7,1,0
12669,7,2,0
12670,1,0,0
12670,2,1,0
12670,3,0,0
12670,3,1,0
12670,4,2,0
12670,5,0,0
12670,5,2,0
12670,6,1,0
12670,6,2,0
12670,7,0,0
12670,7,1,0
12670,7,2,0
12671,1,0,0
12671,2,1,0
12671,3,0,0
12671,3,1,0
12671,4,2,0
12671,5,0,0
12671,5,2,0
12671,6,1,0
12671,6,2,0
12671,7,0,0
12671,7,1,0
12671,7,2,0
12672,1,0,0
12672,2,1,0
12672,3,0,0
12672,3,1,0
12672,4,2,0
12672,5,0,0
12672,5,2,0
12672,6,1,0
12672,6,2,0
12672,7,0,0
12672,7,1,0
12672,7,2,0
12673,1,0,0
12673,2,1,0
12673,3,0,0
12673,3,1,0
12673,4,2,0
12673,5,0,0
12673,5,2,0
12673,6,1,0
12673,6,2,0
12673,7,0,0
12673,7,1,0
12673,7,2,0
12674,1,0,0
12674,2,1,0
12674,3,0,0
12674,3,1,0
12674,4,2,0
12674,5,0,0
12674,5,2,0
12674,6,1,0
12674,6,2,0
12674,7,0,0
12674,7,1,0
12674,7,2,0
12675,1,0,0
12675,2,1,0
12675,3,0,0
12675,3,1,0
12675,4,2,0
12675,5,0,0
12675,5,2,0
12675,6,1,0
12675,6,2,0
12675,7,0,0
12675,7,1,0
12675,7,2,0
12676,1,0,0
12676,2,1,0
12676,3,0,0
12676,3,1,0
12676,4,2,0
12676,5,0,0
12676,5,2,0
12676,6,1,0
12676,6,2,0
12676,7,0,0
12676,7,1,0
12676,7,2,0
12677,1,0,0
12677,2,1,0
12677,3,0,0
12677,3,1,0
12677,4,2,0
12677,5,0,0
12677,5,2,0
12677,6,1,0
12677,6,2,0
12677,7,0,0
12677,7,1,0
12677,7,2,0
12678,1,0,0
12678,2,1,0
12678,3,0,0
12678,3,1,0
12678,4,2,0
12678,5,0,0
12678,5,2,0
12678,6,1,0
12678,6,2,0
12678,7,0,0
12678,7,1,0
12678,7,2,0
12679,1,0,0
12679,2,1,0
12679,3,0,0
12679,3,1,0
12679,4,2,0
12679,5,0,0
12679,5,2,0
12679,6,1,0
12679,6,2,0
12679,7,0,0
12679,7,1,0
12679,7,2,0
12680,1,0,0
12680,2,1,0
12680,3,0,0
12680,3,1,0
12680,4,2,0
12680,5,0,0
12680,5,2,0
12680,6,1,0
12680,6,2,0
12680,7,0,0
12680,7,1,0
12680,7,2,0
12681,1,0,0
12681,2,1,0
12681,3,0,0
12681,3,1,0
12681,4,2,0
12681,5,0,0
12681,5,2,0
12681,6,1,0
12681,6,2,0
12681,7,0,0
12681,7,1,0
12681,7,2,0
12682,1,0,0
12682,2,1,0
12682,3,0,0
12682,3,1,0
12682,4,2,0
12682,5,0,0
12682,5,2,0
12682,6,1,0
12682,6,2,0
12682,7,0,0
12682,7,1,0
12682,7,2,0
12683,1,0,0
12683,2,1,0
12683,3,0,0
12683,3,1,0
12683,4,2,0
12683,5,0,0
12683,5,2,0
12683,6,1,0
12683,6,2,0
12683,7,0,0
12683,7,1,0
12683,7,2,0
12684,1,0,0
12684,2,1,0
12684,3,0,0
12684,3,1,0
12684,4,2,0
12684,5,0,0
12684,5,2,0
12684,6,1,0
12684,6,2,0
12684,7,0,0
12684,7,1,0
12684,7,2,0
12685,1,0,0
12685,2,1,0
12685,3,0,0
12685,3,1,0
12685,4,2,0
12685,5,0,0
12685,5,2,0
12685,6,1,0
12685,6,2,0
12685,7,0,0
12685,7,1,0
12685,7,2,0
12686,1,0,0
12686,2,1,0
12686,3,0,0
12686,3,1,0
12686,4,2,0
12686,5,0,0
12686,5,2,0
12686,6,1,0
12686,6,2,0
12686,7,0,0
12686,7,1,0
12686,7,2,0
12687,1,0,0
12687,2,1,0
12687,3,0,0
12687,3,1,0
12687,4,2,0
12687,5,0,0
12687,5,2,0
12687,6,1,0
12687,6,2,0
12687,7,0,0
12687,7,1,0
12687,7,2,0
12688,1,0,0
12688,2,1,0
12688,3,0,0
12688,3,1,0
12688,4,2,0
12688,5,0,0
12688,5,2,0
12688,6,1,0
12688,6,2,0
12688,7,0,0
12688,7,1,0
12688,7,2,0
12689,1,0,0
12689,2,1,0
12689,3,0,0
12689,3,1,0
12689,4,2,0
12689,5,0,0
12689,5,2,0
12689,6,1,0
12689,6,2,0
12689,7,0,0
12689,7,1,0
12689,7,2,0
12690,1,0,1
12690,2,1,0
12690,3,0,1
12690,3,1,0
12690,4,2,0
12690,5,0,1
12690,5,2,0
12690,6,1,0
12690,6,2,0
12690,7,0,1
12690,7,1,0
12690,7,2,0
12691,1,0,1
12691,2,1,0
12691,3,0,1
12691,3,1,0
12691,4,2,0
12691,5,0,1
12691,5,2,0
12691,6,1,0
12691,6,2,0
12691,7,0,1
12691,7,1,0
12691,7,2,0
12692,1,0,0
12692,2,1,0
12692,3,0,0
12692,3,1,0
12692,4,2,0
12692,5,0,0
12692,5,2,0
12692,6,1,0
12692,6,2,0
12692,7,0,0
12692,7,1,0
12692,7,2,0
12693,1,0,0
12693,2,1,0
12693,3,0,0
12693,3,1,0
12693,4,2,0
12693,5,0,0
12693,5,2,0
12693,6,1,0
12693,6,2,0
12693,7,0,0
12693,7,1,0
12693,7,2,0
12694,1,0,0
12694,2,1,0
12694,3,0,0
12694,3,1,0
12694,4,2,0
12694,5,0,0
12694,5,2,0
12694,6,1,0
12694,6,2,0
12694,7,0,0
12694,7,1,0
12694,7,2,0
12695,1,0,0
12695,2,1,0
12695,3,0,0
12695,3,1,0
12695,4,2,0
12695,5,0,0
12695,5,2,0
12695,6,1,0
12695,6,2,0
12695,7,0,0
12695,7,1,0
12695,7,2,0
12696,1,0,0
12696,2,1,0
12696,3,0,0
12696,3,1,0
12696,4,2,0
12696,5,0,0
12696,5,2,0
12696,6,1,0
12696,6,2,0
12696,7,0,0
12696,7,1,0
12696,7,2,0
12697,1,0,0
12697,2,1,0
12697,3,0,0
12697,3,1,0
12697,4,2,0
12697,5,0,0
12697,5,2,0
12697,6,1,0
12697,6,2,0
12697,7,0,0
12697,7,1,0
12697,7,2,0
12698,1,0,0
12698,2,1,0
12698,3,0,0
12698,3,1,0
12698,4,2,0
12698,5,0,0
12698,5,2,0
12698,6,1,0
12698,6,2,0
12698,7,0,0
12698,7,1,0
12698,7,2,0
12699,1,0,0
12699,2,1,0
12699,3,0,0
12699,3,1,0
12699,4,2,0
12699,5,0,0
12699,5,2,0
12699,6,1,0
12699,6,2,0
12699,7,0,0
12699,7,1,0
12699,7,2,0
12700,1,0,0
12700,2,1,0
12700,3,0,0
12700,3,1,0
12700,4,2,0
12700,5,0,0
12700,5,2,0
12700,6,1,0
12700,6,2,0
12700,7,0,0
12700,7,1,0
12700,7,2,0
12701,1,0,0
12701,2,1,0
12701,3,0,0
12701,3,1,0
12701,4,2,0
12701,5,0,0
12701,5,2,0
12701,6,1,0
12701,6,2,0
12701,7,0,0
12701,7,1,0
12701,7,2,0
12702,1,0,0
12702,2,1,0
12702,3,0,0
12702,3,1,0
12702,4,2,0
12702,5,0,0
12702,5,2,0
12702,6,1,0
12702,6,2,0
12702,7,0,0
12702,7,1,0
12702,7,2,0
12703,1,0,0
12703,2,1,0
12703,3,0,0
12703,3,1,0
12703,4,2,0
12703,5,0,0
12703,5,2,0
12703,6,1,0
12703,6,2,0
12703,7,0,0
12703,7,1,0
12703,7,2,0
12704,1,0,0
12704,2,1,0
12704,3,0,0
12704,3,1,0
12704,4,2,0
12704,5,0,0
12704,5,2,0
12704,6,1,0
12704,6,2,0
12704,7,0,0
12704,7,1,0
12704,7,2,0
12705,1,0,0
12705,2,1,0
12705,3,0,0
12705,3,1,0
12705,4,2,0
12705,5,0,0
12705,5,2,0
12705,6,1,0
12705,6,2,0
12705,7,0,0
12705,7,1,0
12705,7,2,0
12706,1,0,0
12706,2,1,0
12706,3,0,0
12706,3,1,0
12706,4,2,0
12706,5,0,0
12706,5,2,0
12706,6,1,0
12706,6,2,0
12706,7,0,0
12706,7,1,0
12706,7,2,0
12707,1,0,0
12707,2,1,0
12707,3,0,0
12707,3,1,0
12707,4,2,0
12707,5,0,0
12707,5,2,0
12707,6,1,0
12707,6,2,0
12707,7,0,0
12707,7,1,0
12707,7,2,0
12708,1,0,0
12708,2,1,0
12708,3,0,0
12708,3,1,0
12708,4,2,0
12708,5,0,0
12708,5,2,0
12708,6,1,0
12708,6,2,0
12708,7,0,0
12708,7,1,0
12708,7,2,0
12709,1,0,0
12709,2,1,0
12709,3,0,0
12709,3,1,0
12709,4,2,0
12709,5,0,0
12709,5,2,0
12709,6,1,0
12709,6,2,0
12709,7,0,0
12709,7,1,0
12709,7,2,0
12710,1,0,0
12710,2,1,0
12710,3,0,0
12710,3,1,0
12710,4,2,0
12710,5,0,0
12710,5,2,0
12710,6,1,0
12710,6,2,0
12710,7,0,0
12710,7,1,0
12710,7,2,0
12711,1,0,0
12711,2,1,0
12711,3,0,0
12711,3,1,0
12711,4,2,0
12711,5,0,0
12711,5,2,0
12711,6,1,0
12711,6,2,0
12711,7,0,0
12711,7,1,0
12711,7,2,0
12712,1,0,0
12712,2,1,0
12712,3,0,0
12712,3,1,0
12712,4,2,0
12712,5,0,0
12712,5,2,0
12712,6,1,0
12712,6,2,0
12712,7,0,0
12712,7,1,0
12712,7,2,0
12713,1,0,0
12713,2,1,0
12713,3,0,0
12713,3,1,0
12713,4,2,0
12713,5,0,0
12713,5,2,0
12713,6,1,0
12713,6,2,0
12713,7,0,0
12713,7,1,0
12713,7,2,0
12714,1,0,0
12714,2,1,0
12714,3,0,0
12714,3,1,0
12714,4,2,0
12714,5,0,0
12714,5,2,0
12714,6,1,0
12714,6,2,0
12714,7,0,0
12714,7,1,0
12714,7,2,0
12715,1,0,0
12715,2,1,0
12715,3,0,0
12715,3,1,0
12715,4,2,0
12715,5,0,0
12715,5,2,0
12715,6,1,0
12715,6,2,0
12715,7,0,0
12715,7,1,0
12715,7,2,0
12716,1,0,0
12716,2,1,0
12716,3,0,0
12716,3,1,0
12716,4,2,0
12716,5,0,0
12716,5,2,0
12716,6,1,0
12716,6,2,0
12716,7,0,0
12716,7,1,0
12716,7,2,0
12717,1,0,1
12717,2,1,0
12717,3,0,1
12717,3,1,0
12717,4,2,0
12717,5,0,1
12717,5,2,0
12717,6,1,0
12717,6,2,0
12717,7,0,1
12717,7,1,0
12717,7,2,0
12718,1,0,1
12718,2,1,0
12718,3,0,1
12718,3,1,0
12718,4,2,0
12718,5,0,1
12718,5,2,0
12718,6,1,0
12718,6,2,0
12718,7,0,1
12718,7,1,0
12718,7,2,0
12719,1,0,0
12719,2,1,0
12719,3,0,0
12719,3,1,0
12719,4,2,0
12719,5,0,0
12719,5,2,0
12719,6,1,0
12719,6,2,0
12719,7,0,0
12719,7,1,0
12719,7,2,0
12720,1,0,0
12720,2,1,0
12720,3,0,0
12720,3,1,0
12720,4,2,0
12720,5,0,0
12720,5,2,0
12720,6,1,0
12720,6,2,0
12720,7,0,0
12720,7,1,0
12720,7,2,0
12721,1,0,0
12721,2,1,0
12721,3,0,0
12721,3,1,0
12721,4,2,0
12721,5,0,0
12721,5,2,0
12721,6,1,0
12721,6,2,0
12721,7,0,0
12721,7,1,0
12721,7,2,0
12722,1,0,0
12722,2,1,0
12722,3,0,0
12722,3,1,0
12722,4,2,0
12722,5,0,0
12722,5,2,0
12722,6,1,0
12722,6,2,0
12722,7,0,0
12722,7,1,0
12722,7,2,0
12723,1,0,0
12723,2,1,0
12723,3,0,0
12723,3,1,0
12723,4,2,0
12723,5,0,0
12723,5,2,0
12723,6,1,0
12723,6,2,0
12723,7,0,0
12723,7,1,0
12723,7,2,0
12724,1,0,0
12724,2,1,0
12724,3,0,0
12724,3,1,0
12724,4,2,0
12724,5,0,0
12724,5,2,0
12724,6,1,0
12724,6,2,0
12724,7,0,0
12724,7,1,0
12724,7,2,0
12725,1,0,0
12725,2,1,0
12725,3,0,0
12725,3,1,0
12725,4,2,0
12725,5,0,0
12725,5,2,0
12725,6,1,0
12725,6,2,0
12725,7,0,0
12725,7,1,0
12725,7,2,0
12726,1,0,0
12726,2,1,0
12726,3,0,0
12726,3,1,0
12726,4,2,0
12726,5,0,0
12726,5,2,0
12726,6,1,0
12726,6,2,0
12726,7,0,0
12726,7,1,0
12726,7,2,0
12727,1,0,0
12727,2,1,0
12727,3,0,0
12727,3,1,0
12727,4,2,0
12727,5,0,0
12727,5,2,0
12727,6,1,0
12727,6,2,0
12727,7,0,0
12727,7,1,0
12727,7,2,0
12728,1,0,0
12728,2,1,0
12728,3,0,0
12728,3,1,0
12728,4,2,0
12728,5,0,0
12728,5,2,0
12728,6,1,0
12728,6,2,0
12728,7,0,0
12728,7,1,0
12728,7,2,0
12729,1,0,0
12729,2,1,0
12729,3,0,0
12729,3,1,0
12729,4,2,0
12729,5,0,0
12729,5,2,0
12729,6,1,0
12729,6,2,0
12729,7,0,0
12729,7,1,0
12729,7,2,0
12730,1,0,0
12730,2,1,0
12730,3,0,0
12730,3,1,0
12730,4,2,0
12730,5,0,0
12730,5,2,0
12730,6,1,0
12730,6,2,0
12730,7,0,0
12730,7,1,0
12730,7,2,0
12731,1,0,0
12731,2,1,0
12731,3,0,0
12731,3,1,0
12731,4,2,0
12731,5,0,0
12731,5,2,0
12731,6,1,0
12731,6,2,0
12731,7,0,0
12731,7,1,0
12731,7,2,0
12732,1,0,0
12732,2,1,0
12732,3,0,0
12732,3,1,0
12732,4,2,0
12732,5,0,0
12732,5,2,0
12732,6,1,0
12732,6,2,0
12732,7,0,0
12732,7,1,0
12732,7,2,0
12733,1,0,0
12733,2,1,0
12733,3,0,0
12733,3,1,0
12733,4,2,0
12733,5,0,0
12733,5,2,0
12733,6,1,0
12733,6,2,0
12733,7,0,0
12733,7,1,0
12733,7,2,0
12734,1,0,0
12734,2,1,0
12734,3,0,0
12734,3,1,0
12734,4,2,0
12734,5,0,0
12734,5,2,0
12734,6,1,0
12734,6,2,0
12734,7,0,0
12734,7,1,0
12734,7,2,0
12735,1,0,0
12735,2,1,0
12735,3,0,0
12735,3,1,0
12735,4,2,0
12735,5,0,0
12735,5,2,0
12735,6,1,0
12735,6,2,0
12735,7,0,0
12735,7,1,0
12735,7,2,0
12736,1,0,0
12736,2,1,0
12736,3,0,0
12736,3,1,0
12736,4,2,0
12736,5,0,0
12736,5,2,0
12736,6,1,0
12736,6,2,0
12736,7,0,0
12736,7,1,0
12736,7,2,0
12737,1,0,0
12737,2,1,0
12737,3,0,0
12737,3,1,0
12737,4,2,0
12737,5,0,0
12737,5,2,0
12737,6,1,0
12737,6,2,0
12737,7,0,0
12737,7,1,0
12737,7,2,0
12738,1,0,0
12738,2,1,0
12738,3,0,0
12738,3,1,0
12738,4,2,0
12738,5,0,0
12738,5,2,0
12738,6,1,0
12738,6,2,0
12738,7,0,0
12738,7,1,0
12738,7,2,0
12739,1,0,0
12739,2,1,0
12739,3,0,0
12739,3,1,0
12739,4,2,0
12739,5,0,0
12739,5,2,0
12739,6,1,0
12739,6,2,0
12739,7,0,0
12739,7,1,0
12739,7,2,0
12740,1,0,0
12740,2,1,0
12740,3,0,0
12740,3,1,0
12740,4,2,0
12740,5,0,0
12740,5,2,0
12740,6,1,0
12740,6,2,0
12740,7,0,0
12740,7,1,0
12740,7,2,0
12741,1,0,0
12741,2,1,0
12741,3,0,0
12741,3,1,0
12741,4,2,0
12741,5,0,0
12741,5,2,0
12741,6,1,0
12741,6,2,0
12741,7,0,0
12741,7,1,0
12741,7,2,0
12742,1,0,0
12742,2,1,0
12742,3,0,0
12742,3,1,0
12742,4,2,0
12742,5,0,0
12742,5,2,0
12742,6,1,0
12742,6,2,0
12742,7,0,0
12742,7,1,0
12742,7,2,0
12743,1,0,0
12743,2,1,0
12743,3,0,0
12743,3,1,0
12743,4,2,0
12743,5,0,0
12743,5,2,0
12743,6,1,0
12743,6,2,0
12743,7,0,0
12743,7,1,0
12743,7,2,0
12744,1,0,1
12744,2,1,0
12744,3,0,1
12744,3,1,0
12744,4,2,0
12744,5,0,1
12744,5,2,0
12744,6,1,0
12744,6,2,0
12744,7,0,1
12744,7,1,0
12744,7,2,0
12745,1,0,1
12745,2,1,0
12745,3,0,1
12745,3,1,0
12745,4,2,0
12745,5,0,1
12745,5,2,0
12745,6,1,0
12745,6,2,0
12745,7,0,1
12745,7,1,0
12745,7,2,0
12746,1,0,0
12746,2,1,0
12746,3,0,0
12746,3,1,0
12746,4,2,0
12746,5,0,0
12746,5,2,0
12746,6,1,0
12746,6,2,0
12746,7,0,0
12746,7,1,0
12746,7,2,0
12747,1,0,0
12747,2,1,0
12747,3,0,0
12747,3,1,0
12747,4,2,0
12747,5,0,0
12747,5,2,0
12747,6,1,0
12747,6,2,0
12747,7,0,0
12747,7,1,0
12747,7,2,0
12748,1,0,0
12748,2,1,0
12748,3,0,0
12748,3,1,0
12748,4,2,0
12748,5,0,0
12748,5,2,0
12748,6,1,0
12748,6,2,0
12748,7,0,0
12748,7,1,0
12748,7,2,0
12749,1,0,0
12749,2,1,0
12749,3,0,0
12749,3,1,0
12749,4,2,0
12749,5,0,0
12749,5,2,0
12749,6,1,0
12749,6,2,0
12749,7,0,0
12749,7,1,0
12749,7,2,0
12750,1,0,0
12750,2,1,0
12750,3,0,0
12750,3,1,0
12750,4,2,0
12750,5,0,0
12750,5,2,0
12750,6,1,0
12750,6,2,0
12750,7,0,0
12750,7,1,0
12750,7,2,0
12751,1,0,0
12751,2,1,0
12751,3,0,0
12751,3,1,0
12751,4,2,0
12751,5,0,0
12751,5,2,0
12751,6,1,0
12751,6,2,0
12751,7,0,0
12751,7,1,0
12751,7,2,0
12752,1,0,0
12752,2,1,0
12752,3,0,0
12752,3,1,0
12752,4,2,0
12752,5,0,0
12752,5,2,0
12752,6,1,0
12752,6,2,0
12752,7,0,0
12752,7,1,0
12752,7,2,0
12753,1,0,0
12753,2,1,0
12753,3,0,0
12753,3,1,0
12753,4,2,0
12753,5,0,0
12753,5,2,0
12753,6,1,0
12753,6,2,0
12753,7,0,0
12753,7,1,0
12753,7,2,0
12754,1,0,0
12754,2,1,0
12754,3,0,0
12754,3,1,0
12754,4,2,0
12754,5,0,0
12754,5,2,0
12754,6,1,0
12754,6,2,0
12754,7,0,0
12754,7,1,0
12754,7,2,0
12755,1,0,0
12755,2,1,0
12755,3,0,0
12755,3,1,0
12755,4,2,0
12755,5,0,0
12755,5,2,0
12755,6,1,0
12755,6,2,0
12755,7,0,0
12755,7,1,0
12755,7,2,0
12756,1,0,0
12756,2,1,0
12756,3,0,0
12756,3,1,0
12756,4,2,0
12756,5,0,0
12756,5,2,0
12756,6,1,0
12756,6,2,0
12756,7,0,0
12756,7,1,0
12756,7,2,0
12757,1,0,0
12757,2,1,0
12757,3,0,0
12757,3,1,0
12757,4,2,0
12757,5,0,0
12757,5,2,0
12757,6,1,0
12757,6,2,0
12757,7,0,0
12757,7,1,0
12757,7,2,0
12758,1,0,0
12758,2,1,0
12758,3,0,0
12758,3,1,0
12758,4,2,0
12758,5,0,0
12758,5,2,0
12758,6,1,0
12758,6,2,0
12758,7,0,0
12758,7,1,0
12758,7,2,0
12759,1,0,0
12759,2,1,0
12759,3,0,0
12759,3,1,0
12759,4,2,0
12759,5,0,0
12759,5,2,0
12759,6,1,0
12759,6,2,0
12759,7,0,0
12759,7,1,0
12759,7,2,0
12760,1,0,0
12760,2,1,0
12760,3,0,0
12760,3,1,0
12760,4,2,0
12760,5,0,0
12760,5,2,0
12760,6,1,0
12760,6,2,0
12760,7,0,0
12760,7,1,0
12760,7,2,0
12761,1,0,0
12761,2,1,0
12761,3,0,0
12761,3,1,0
12761,4,2,0
12761,5,0,0
12761,5,2,0
12761,6,1,0
12761,6,2,0
12761,7,0,0
12761,7,1,0
12761,7,2,0
12762,1,0,0
12762,2,1,0
12762,3,0,0
12762,3,1,0
12762,4,2,0
12762,5,0,0
12762,5,2,0
12762,6,1,0
12762,6,2,0
12762,7,0,0
12762,7,1,0
12762,7,2,0
12763,1,0,0
12763,2,1,0
12763,3,0,0
12763,3,1,0
12763,4,2,0
12763,5,0,0
12763,5,2,0
12763,6,1,0
12763,6,2,0
12763,7,0,0
12763,7,1,0
12763,7,2,0
12764,1,0,0
12764,2,1,0
12764,3,0,0
12764,3,1,0
12764,4,2,0
12764,5,0,0
12764,5,2,0
12764,6,1,0
12764,6,2,0
12764,7,0,0
12764,7,1,0
12764,7,2,0
12765,1,0,0
12765,2,1,0
12765,3,0,0
12765,3,1,0
12765,4,2,0
12765,5,0,0
12765,5,2,0
12765,6,1,0
12765,6,2,0
12765,7,0,0
12765,7,1,0
12765,7,2,0
12766,1,0,0
12766,2,1,0
12766,3,0,0
12766,3,1,0
12766,4,2,0
12766,5,0,0
12766,5,2,0
12766,6,1,0
12766,6,2,0
12766,7,0,0
12766,7,1,0
12766,7,2,0
12767,1,0,0
12767,2,1,0
12767,3,0,0
12767,3,1,0
12767,4,2,0
12767,5,0,0
12767,5,2,0
12767,6,1,0
12767,6,2,0
12767,7,0,0
12767,7,1,0
12767,7,2,0
12768,1,0,0
12768,2,1,0
12768,3,0,0
12768,3,1,0
12768,4,2,0
12768,5,0,0
12768,5,2,0
12768,6,1,0
12768,6,2,0
12768,7,0,0
12768,7,1,0
12768,7,2,0
12769,1,0,0
12769,2,1,0
12769,3,0,0
12769,3,1,0
12769,4,2,0
12769,5,0,0
12769,5,2,0
12769,6,1,0
12769,6,2,0
12769,7,0,0
12769,7,1,0
12769,7,2,0
12770,1,0,0
12770,2,1,0
12770,3,0,0
12770,3,1,0
12770,4,2,0
12770,5,0,0
12770,5,2,0
12770,6,1,0
12770,6,2,0
12770,7,0,0
12770,7,1,0
12770,7,2,0
12771,1,0,1
12771,2,1,0
12771,3,0,1
12771,3,1,0
12771,4,2,0
12771,5,0,1
12771,5,2,0
12771,6,1,0
12771,6,2,0
12771,7,0,1
12771,7,1,0
12771,7,2,0
12772,1,0,1
12772,2,1,0
12772,3,0,1
12772,3,1,0
12772,4,2,0
12772,5,0,1
12772,5,2,0
12772,6,1,0
12772,6,2,0
12772,7,0,1
12772,7,1,0
12772,7,2,0
12773,1,0,0
12773,2,1,0
12773,3,0,0
12773,3,1,0
12773,4,2,0
12773,5,0,0
12773,5,2,0
12773,6,1,0
12773,6,2,0
12773,7,0,0
12773,7,1,0
12773,7,2,0
12774,1,0,0
12774,2,1,0
12774,3,0,0
12774,3,1,0
12774,4,2,0
12774,5,0,0
12774,5,2,0
12774,6,1,0
12774,6,2,0
12774,7,0,0
12774,7,1,0
12774,7,2,0
12775,1,0,0
12775,2,1,0
12775,3,0,0
12775,3,1,0
12775,4,2,0
12775,5,0,0
12775,5,2,0
12775,6,1,0
12775,6,2,0
12775,7,0,0
12775,7,1,0
12775,7,2,0
12776,1,0,0
12776,2,1,0
12776,3,0,0
12776,3,1,0
12776,4,2,0
12776,5,0,0
12776,5,2,0
12776,6,1,0
12776,6,2,0
12776,7,0,0
12776,7,1,0
12776,7,2,0
12777,1,0,0
12777,2,1,0
12777,3,0,0
12777,3,1,0
12777,4,2,0
12777,5,0,0
12777,5,2,0
12777,6,1,0
12777,6,2,0
12777,7,0,0
12777,7,1,0
12777,7,2,0
12778,1,0,0
12778,2,1,0
12778,3,0,0
12778,3,1,0
12778,4,2,0
12778,5,0,0
12778,5,2,0
12778,6,1,0
12778,6,2,0
12778,7,0,0
12778,7,1,0
12778,7,2,0
12779,1,0,0
12779,2,1,0
12779,3,0,0
12779,3,1,0
12779,4,2,0
12779,5,0,0
12779,5,2,0
12779,6,1,0
12779,6,2,0
12779,7,0,0
12779,7,1,0
12779,7,2,0
12780,1,0,0
12780,2,1,0
12780,3,0,0
12780,3,1,0
12780,4,2,0
12780,5,0,0
12780,5,2,0
12780,6,1,0
12780,6,2,0
12780,7,0,0
12780,7,1,0
12780,7,2,0
12781,1,0,0
12781,2,1,0
12781,3,0,0
12781,3,1,0
12781,4,2,0
12781,5,0,0
12781,5,2,0
12781,6,1,0
12781,6,2,0
12781,7,0,0
12781,7,1,0
12781,7,2,0
12782,1,0,0
12782,2,1,0
12782,3,0,0
12782,3,1,0
12782,4,2,0
12782,5,0,0
12782,5,2,0
12782,6,1,0
12782,6,2,0
12782,7,0,0
12782,7,1,0
12782,7,2,0
12783,1,0,0
12783,2,1,0
12783,3,0,0
12783,3,1,0
12783,4,2,0
12783,5,0,0
12783,5,2,0
12783,6,1,0
12783,6,2,0
12783,7,0,0
12783,7,1,0
12783,7,2,0
12784,1,0,0
12784,2,1,0
12784,3,0,0
12784,3,1,0
12784,4,2,0
12784,5,0,0
12784,5,2,0
12784,6,1,0
12784,6,2,0
12784,7,0,0
12784,7,1,0
12784,7,2,0
12785,1,0,0
12785,2,1,0
12785,3,0,0
12785,3,1,0
12785,4,2,0
12785,5,0,0
12785,5,2,0
12785,6,1,0
12785,6,2,0
12785,7,0,0
12785,7,1,0
12785,7,2,0
12786,1,0,0
12786,2,1,0
12786,3,0,0
12786,3,1,0
12786,4,2,0
12786,5,0,0
12786,5,2,0
12786,6,1,0
12786,6,2,0
12786,7,0,0
12786,7,1,0
12786,7,2,0
12787,1,0,0
12787,2,1,0
12787,3,0,0
12787,3,1,0
12787,4,2,0
12787,5,0,0
12787,5,2,0
12787,6,1,0
12787,6,2,0
12787,7,0,0
12787,7,1,0
12787,7,2,0
12788,1,0,0
12788,2,1,0
12788,3,0,0
12788,3,1,0
12788,4,2,0
12788,5,0,0
12788,5,2,0
12788,6,1,0
12788,6,2,0
12788,7,0,0
12788,7,1,0
12788,7,2,0
12789,1,0,0
12789,2,1,0
12789,3,0,0
12789,3,1,0
12789,4,2,0
12789,5,0,0
12789,5,2,0
12789,6,1,0
12789,6,2,0
12789,7,0,0
12789,7,1,0
12789,7,2,0
12790,1,0,0
12790,2,1,0
12790,3,0,0
12790,3,1,0
12790,4,2,0
12790,5,0,0
12790,5,2,0
12790,6,1,0
12790,6,2,0
12790,7,0,0
12790,7,1,0
12790,7,2,0
12791,1,0,0
12791,2,1,0
12791,3,0,0
12791,3,1,0
12791,4,2,0
12791,5,0,0
12791,5,2,0
12791,6,1,0
12791,6,2,0
12791,7,0,0
12791,7,1,0
12791,7,2,0
12792,1,0,0
12792,2,1,0
12792,3,0,0
12792,3,1,0
12792,4,2,0
12792,5,0,0
12792,5,2,0
12792,6,1,0
12792,6,2,0
12792,7,0,0
12792,7,1,0
12792,7,2,0
12793,1,0,0
12793,2,1,0
12793,3,0,0
12793,3,1,0
12793,4,2,0
12793,5,0,0
12793,5,2,0
12793,6,1,0
12793,6,2,0
12793,7,0,0
12793,7,1,0
12793,7,2,0
12794,1,0,0
12794,2,1,0
12794,3,0,0
12794,3,1,0
12794,4,2,0
12794,5,0,0
12794,5,2,0
12794,6,1,0
12794,6,2,0
12794,7,0,0
12794,7,1,0
12794,7,2,0
12795,1,0,0
12795,2,1,0
12795,3,0,0
12795,3,1,0
12795,4,2,0
12795,5,0,0
12795,5,2,0
12795,6,1,0
12795,6,2,0
12795,7,0,0
12795,7,1,0
12795,7,2,0
12796,1,0,0
12796,2,1,0
12796,3,0,0
12796,3,1,0
12796,4,2,0
12796,5,0,0
12796,5,2,0
12796,6,1,0
12796,6,2,0
12796,7,0,0
12796,7,1,0
12796,7,2,0
12797,1,0,0
12797,2,1,0
12797,3,0,0
12797,3,1,0
12797,4,2,0
12797,5,0,0
12797,5,2,0
12797,6,1,0
12797,6,2,0
12797,7,0,0
12797,7,1,0
12797,7,2,0
12798,1,0,1
12798,2,1,0
12798,3,0,1
12798,3,1,0
12798,4,2,0
12798,5,0,1
12798,5,2,0
12798,6,1,0
12798,6,2,0
12798,7,0,1
12798,7,1,0
12798,7,2,0
12799,1,0,1
12799,2,1,0
12799,3,0,1
12799,3,1,0
12799,4,2,0
12799,5,0,1
12799,5,2,0
12799,6,1,0
12799,6,2,0
12799,7,0,1
12799,7,1,0
12799,7,2,0
12800,1,0,0
12800,2,1,0
12800,3,0,0
12800,3,1,0
12800,4,2,0
12800,5,0,0
12800,5,2,0
12800,6,1,0
12800,6,2,0
12800,7,0,0
12800,7,1,0
12800,7,2,0
12801,1,0,0
12801,2,1,0
12801,3,0,0
12801,3,1,0
12801,4,2,0
12801,5,0,0
12801,5,2,0
12801,6,1,0
12801,6,2,0
12801,7,0,0
12801,7,1,0
12801,7,2,0
12802,1,0,0
12802,2,1,0
12802,3,0,0
12802,3,1,0
12802,4,2,0
12802,5,0,0
12802,5,2,0
12802,6,1,0
12802,6,2,0
12802,7,0,0
12802,7,1,0
12802,7,2,0
12803,1,0,0
12803,2,1,0
12803,3,0,0
12803,3,1,0
12803,4,2,0
12803,5,0,0
12803,5,2,0
12803,6,1,0
12803,6,2,0
12803,7,0,0
12803,7,1,0
12803,7,2,0
12804,1,0,0
12804,2,1,0
12804,3,0,0
12804,3,1,0
12804,4,2,0
12804,5,0,0
12804,5,2,0
12804,6,1,0
12804,6,2,0
12804,7,0,0
12804,7,1,0
12804,7,2,0
12805,1,0,0
12805,2,1,0
12805,3,0,0
12805,3,1,0
12805,4,2,0
12805,5,0,0
12805,5,2,0
12805,6,1,0
12805,6,2,0
12805,7,0,0
12805,7,1,0
12805,7,2,0
12806,1,0,0
12806,2,1,0
12806,3,0,0
12806,3,1,0
12806,4,2,0
12806,5,0,0
12806,5,2,0
12806,6,1,0
12806,6,2,0
12806,7,0,0
12806,7,1,0
12806,7,2,0
12807,1,0,0
12807,2,1,0
12807,3,0,0
12807,3,1,0
12807,4,2,0
12807,5,0,0
12807,5,2,0
12807,6,1,0
12807,6,2,0
12807,7,0,0
12807,7,1,0
12807,7,2,0
12808,1,0,0
12808,2,1,0
12808,3,0,0
12808,3,1,0
12808,4,2,0
12808,5,0,0
12808,5,2,0
12808,6,1,0
12808,6,2,0
12808,7,0,0
12808,7,1,0
12808,7,2,0
12809,1,0,0
12809,2,1,0
12809,3,0,0
12809,3,1,0
12809,4,2,0
12809,5,0,0
12809,5,2,0
12809,6,1,0
12809,6,2,0
12809,7,0,0
12809,7,1,0
12809,7,2,0
12810,1,0,0
12810,2,1,0
12810,3,0,0
12810,3,1,0
12810,4,2,0
12810,5,0,0
12810,5,2,0
12810,6,1,0
12810,6,2,0
12810,7,0,0
12810,7,1,0
12810,7,2,0
12811,1,0,0
12811,2,1,0
12811,3,0,0
12811,3,1,0
12811,4,2,0
12811,5,0,0
12811,5,2,0
12811,6,1,0
12811,6,2,0
12811,7,0,0
12811,7,1,0
12811,7,2,0
12812,1,0,0
12812,2,1,0
12812,3,0,0
12812,3,1,0
12812,4,2,0
12812,5,0,0
12812,5,2,0
12812,6,1,0
12812,6,2,0
12812,7,0,0
12812,7,1,0
12812,7,2,0
12813,1,0,0
12813,2,1,0
12813,3,0,0
12813,3,1,0
12813,4,2,0
12813,5,0,0
12813,5,2,0
12813,6,1,0
12813,6,2,0
12813,7,0,0
12813,7,1,0
12813,7,2,0
12814,1,0,0
12814,2,1,0
12814,3,0,0
12814,3,1,0
12814,4,2,0
12814,5,0,0
12814,5,2,0
12814,6,1,0
12814,6,2,0
12814,7,0,0
12814,7,1,0
12814,7,2,0
12815,1,0,0
12815,2,1,0
12815,3,0,0
12815,3,1,0
12815,4,2,0
12815,5,0,0
12815,5,2,0
12815,6,1,0
12815,6,2,0
12815,7,0,0
12815,7,1,0
12815,7,2,0
12816,1,0,0
12816,2,1,0
12816,3,0,0
12816,3,1,0
12816,4,2,0
12816,5,0,0
12816,5,2,0
12816,6,1,0
12816,6,2,0
12816,7,0,0
12816,7,1,0
12816,7,2,0
12817,1,0,0
12817,2,1,0
12817,3,0,0
12817,3,1,0
12817,4,2,0
12817,5,0,0
12817,5,2,0
12817,6,1,0
12817,6,2,0
12817,7,0,0
12817,7,1,0
12817,7,2,0
12818,1,0,0
12818,2,1,0
12818,3,0,0
12818,3,1,0
12818,4,2,0
12818,5,0,0
12818,5,2,0
12818,6,1,0
12818,6,2,0
12818,7,0,0
12818,7,1,0
12818,7,2,0
12819,1,0,0
12819,2,1,0
12819,3,0,0
12819,3,1,0
12819,4,2,0
12819,5,0,0
12819,5,2,0
12819,6,1,0
12819,6,2,0
12819,7,0,0
12819,7,1,0
12819,7,2,0
12820,1,0,0
12820,2,1,0
12820,3,0,0
12820,3,1,0
12820,4,2,0
12820,5,0,0
12820,5,2,0
12820,6,1,0
12820,6,2,0
12820,7,0,0
12820,7,1,0
12820,7,2,0
12821,1,0,0
12821,2,1,0
12821,3,0,0
12821,3,1,0
12821,4,2,0
12821,5,0,0
12821,5,2,0
12821,6,1,0
12821,6,2,0
12821,7,0,0
12821,7,1,0
12821,7,2,0
12822,1,0,0
12822,2,1,0
12822,3,0,0
12822,3,1,0
12822,4,2,0
12822,5,0,0
12822,5,2,0
12822,6,1,0
12822,6,2,0
12822,7,0,0
12822,7,1,0
12822,7,2,0
12823,1,0,0
12823,2,1,0
12823,3,0,0
12823,3,1,0
12823,4,2,0
12823,5,0,0
12823,5,2,0
12823,6,1,0
12823,6,2,0
12823,7,0,0
12823,7,1,0
12823,7,2,0
12824,1,0,0
12824,2,1,0
12824,3,0,0
12824,3,1,0
12824,4,2,0
12824,5,0,0
12824,5,2,0
12824,6,1,0
12824,6,2,0
12824,7,0,0
12824,7,1,0
12824,7,2,0
12825,1,0,1
12825,2,1,0
12825,3,0,1
12825,3,1,0
12825,4,2,0
12825,5,0,1
12825,5,2,0
12825,6,1,0
12825,6,2,0
12825,7,0,1
12825,7,1,0
12825,7,2,0
12826,1,0,1
12826,2,1,0
12826,3,0,1
12826,3,1,0
12826,4,2,0
12826,5,0,1
12826,5,2,0
12826,6,1,0
12826,6,2,0
12826,7,0,1
12826,7,1,0
12826,7,2,0
12827,1,0,0
12827,2,1,0
12827,3,0,0
12827,3,1,0
12827,4,2,0
12827,5,0,0
12827,5,2,0
12827,6,1,0
12827,6,2,0
12827,7,0,0
12827,7,1,0
12827,7,2,0
12828,1,0,0
12828,2,1,0
12828,3,0,0
12828,3,1,0
12828,4,2,0
12828,5,0,0
12828,5,2,0
12828,6,1,0
12828,6,2,0
12828,7,0,0
12828,7,1,0
12828,7,2,0
12829,1,0,0
12829,2,1,0
12829,3,0,0
12829,3,1,0
12829,4,2,0
12829,5,0,0
12829,5,2,0
12829,6,1,0
12829,6,2,0
12829,7,0,0
12829,7,1,0
12829,7,2,0
12830,1,0,0
12830,2,1,0
12830,3,0,0
12830,3,1,0
12830,4,2,0
12830,5,0,0
12830,5,2,0
12830,6,1,0
12830,6,2,0
12830,7,0,0
12830,7,1,0
12830,7,2,0
12831,1,0,0
12831,2,1,0
12831,3,0,0
12831,3,1,0
12831,4,2,0
12831,5,0,0
12831,5,2,0
12831,6,1,0
12831,6,2,0
12831,7,0,0
12831,7,1,0
12831,7,2,0
12832,1,0,0
12832,2,1,0
12832,3,0,0
12832,3,1,0
12832,4,2,0
12832,5,0,0
12832,5,2,0
12832,6,1,0
12832,6,2,0
12832,7,0,0
12832,7,1,0
12832,7,2,0
12833,1,0,0
12833,2,1,0
12833,3,0,0
12833,3,1,0
12833,4,2,0
12833,5,0,0
12833,5,2,0
12833,6,1,0
12833,6,2,0
12833,7,0,0
12833,7,1,0
12833,7,2,0
12834,1,0,0
12834,2,1,0
12834,3,0,0
12834,3,1,0
12834,4,2,0
12834,5,0,0
12834,5,2,0
12834,6,1,0
12834,6,2,0
12834,7,0,0
12834,7,1,0
12834,7,2,0
12835,1,0,0
12835,2,1,0
12835,3,0,0
12835,3,1,0
12835,4,2,0
12835,5,0,0
12835,5,2,0
12835,6,1,0
12835,6,2,0
12835,7,0,0
12835,7,1,0
12835,7,2,0
12836,1,0,0
12836,2,1,0
12836,3,0,0
12836,3,1,0
12836,4,2,0
12836,5,0,0
12836,5,2,0
12836,6,1,0
12836,6,2,0
12836,7,0,0
12836,7,1,0
12836,7,2,0
12837,1,0,0
12837,2,1,0
12837,3,0,0
12837,3,1,0
12837,4,2,0
12837,5,0,0
12837,5,2,0
12837,6,1,0
12837,6,2,0
12837,7,0,0
12837,7,1,0
12837,7,2,0
12838,1,0,0
12838,2,1,0
12838,3,0,0
12838,3,1,0
12838,4,2,0
12838,5,0,0
12838,5,2,0
12838,6,1,0
12838,6,2,0
12838,7,0,0
12838,7,1,0
12838,7,2,0
12839,1,0,0
12839,2,1,0
12839,3,0,0
12839,3,1,0
12839,4,2,0
12839,5,0,0
12839,5,2,0
12839,6,1,0
12839,6,2,0
12839,7,0,0
12839,7,1,0
12839,7,2,0
12840,1,0,0
12840,2,1,0
12840,3,0,0
12840,3,1,0
12840,4,2,0
12840,5,0,0
12840,5,2,0
12840,6,1,0
12840,6,2,0
12840,7,0,0
12840,7,1,0
12840,7,2,0
12841,1,0,0
12841,2,1,0
12841,3,0,0
12841,3,1,0
12841,4,2,0
12841,5,0,0
12841,5,2,0
12841,6,1,0
12841,6,2,0
12841,7,0,0
12841,7,1,0
12841,7,2,0
12842,1,0,0
12842,2,1,0
12842,3,0,0
12842,3,1,0
12842,4,2,0
12842,5,0,0
12842,5,2,0
12842,6,1,0
12842,6,2,0
12842,7,0,0
12842,7,1,0
12842,7,2,0
12843,1,0,0
12843,2,1,0
12843,3,0,0
12843,3,1,0
12843,4,2,0
12843,5,0,0
12843,5,2,0
12843,6,1,0
12843,6,2,0
12843,7,0,0
12843,7,1,0
12843,7,2,0
12844,1,0,0
12844,2,1,0
12844,3,0,0
12844,3,1,0
12844,4,2,0
12844,5,0,0
12844,5,2,0
12844,6,1,0
12844,6,2,0
12844,7,0,0
12844,7,1,0
12844,7,2,0
12845,1,0,0
12845,2,1,0
12845,3,0,0
12845,3,1,0
12845,4,2,0
12845,5,0,0
12845,5,2,0
12845,6,1,0
12845,6,2,0
12845,7,0,0
12845,7,1,0
12845,7,2,0
12846,1,0,0
12846,2,1,0
12846,3,0,0
12846,3,1,0
12846,4,2,0
12846,5,0,0
12846,5,2,0
12846,6,1,0
12846,6,2,0
12846,7,0,0
12846,7,1,0
12846,7,2,0
12847,1,0,0
12847,2,1,0
12847,3,0,0
12847,3,1,0
12847,4,2,0
12847,5,0,0
12847,5,2,0
12847,6,1,0
12847,6,2,0
12847,7,0,0
12847,7,1,0
12847,7,2,0
12848,1,0,0
12848,2,1,0
12848,3,0,0
12848,3,1,0
12848,4,2,0
12848,5,0,0
12848,5,2,0
12848,6,1,0
12848,6,2,0
12848,7,0,0
12848,7,1,0
12848,7,2,0
12849,1,0,0
12849,2,1,0
12849,3,0,0
12849,3,1,0
12849,4,2,0
12849,5,0,0
12849,5,2,0
12849,6,1,0
12849,6,2,0
12849,7,0,0
12849,7,1,0
12849,7,2,0
12850,1,0,0
12850,2,1,0
12850,3,0,0
12850,3,1,0
12850,4,2,0
12850,5,0,0
12850,5,2,0
12850,6,1,0
12850,6,2,0
12850,7,0,0
12850,7,1,0
12850,7,2,0
12851,1,0,0
12851,2,1,0
12851,3,0,0
12851,3,1,0
12851,4,2,0
12851,5,0,0
12851,5,2,0
12851,6,1,0
12851,6,2,0
12851,7,0,0
12851,7,1,0
12851,7,2,0
12852,1,0,1
12852,2,1,0
12852,3,0,1
12852,3,1,0
12852,4,2,0
12852,5,0,1
12852,5,2,0
12852,6,1,0
12852,6,2,0
12852,7,0,1
12852,7,1,0
12852,7,2,0
12853,1,0,1
12853,2,1,0
12853,3,0,1
12853,3,1,0
12853,4,2,0
12853,5,0,1
12853,5,2,0
12853,6,1,0
12853,6,2,0
12853,7,0,1
12853,7,1,0
12853,7,2,0
12854,1,0,0
12854,2,1,0
12854,3,0,0
12854,3,1,0
12854,4,2,0
12854,5,0,0
12854,5,2,0
12854,6,1,0
12854,6,2,0
12854,7,0,0
12854,7,1,0
12854,7,2,0
12855,1,0,0
12855,2,1,0
12855,3,0,0
12855,3,1,0
12855,4,2,0
12855,5,0,0
12855,5,2,0
12855,6,1,0
12855,6,2,0
12855,7,0,0
12855,7,1,0
12855,7,2,0
12856,1,0,0
12856,2,1,0
12856,3,0,0
12856,3,1,0
12856,4,2,0
12856,5,0,0
12856,5,2,0
12856,6,1,0
12856,6,2,0
12856,7,0,0
12856,7,1,0
12856,7,2,0
12857,1,0,0
12857,2,1,0
12857,3,0,0
12857,3,1,0
12857,4,2,0
12857,5,0,0
12857,5,2,0
12857,6,1,0
12857,6,2,0
12857,7,0,0
12857,7,1,0
12857,7,2,0
12858,1,0,0
12858,2,1,0
12858,3,0,0
12858,3,1,0
12858,4,2,0
12858,5,0,0
12858,5,2,0
12858,6,1,0
12858,6,2,0
12858,7,0,0
12858,7,1,0
12858,7,2,0
12859,1,0,0
12859,2,1,0
12859,3,0,0
12859,3,1,0
12859,4,2,0
12859,5,0,0
12859,5,2,0
12859,6,1,0
12859,6,2,0
12859,7,0,0
12859,7,1,0
12859,7,2,0
12860,1,0,0
12860,2,1,0
12860,3,0,0
12860,3,1,0
12860,4,2,0
12860,5,0,0
12860,5,2,0
12860,6,1,0
12860,6,2,0
12860,7,0,0
12860,7,1,0
12860,7,2,0
12861,1,0,0
12861,2,1,0
12861,3,0,0
12861,3,1,0
12861,4,2,0
12861,5,0,0
12861,5,2,0
12861,6,1,0
12861,6,2,0
12861,7,0,0
12861,7,1,0
12861,7,2,0
12862,1,0,0
12862,2,1,0
12862,3,0,0
12862,3,1,0
12862,4,2,0
12862,5,0,0
12862,5,2,0
12862,6,1,0
12862,6,2,0
12862,7,0,0
12862,7,1,0
12862,7,2,0
12863,1,0,0
12863,2,1,0
12863,3,0,0
12863,3,1,0
12863,4,2,0
12863,5,0,0
12863,5,2,0
12863,6,1,0
12863,6,2,0
12863,7,0,0
12863,7,1,0
12863,7,2,0
12864,1,0,0
12864,2,1,0
12864,3,0,0
12864,3,1,0
12864,4,2,0
12864,5,0,0
12864,5,2,0
12864,6,1,0
12864,6,2,0
12864,7,0,0
12864,7,1,0
12864,7,2,0
12865,1,0,0
12865,2,1,0
12865,3,0,0
12865,3,1,0
12865,4,2,0
12865,5,0,0
12865,5,2,0
12865,6,1,0
12865,6,2,0
12865,7,0,0
12865,7,1,0
12865,7,2,0
12866,1,0,0
12866,2,1,0
12866,3,0,0
12866,3,1,0
12866,4,2,0
12866,5,0,0
12866,5,2,0
12866,6,1,0
12866,6,2,0
12866,7,0,0
12866,7,1,0
12866,7,2,0
12867,1,0,0
12867,2,1,0
12867,3,0,0
12867,3,1,0
12867,4,2,0
12867,5,0,0
12867,5,2,0
12867,6,1,0
12867,6,2,0
12867,7,0,0
12867,7,1,0
12867,7,2,0
12868,1,0,0
12868,2,1,0
12868,3,0,0
12868,3,1,0
12868,4,2,0
12868,5,0,0
12868,5,2,0
12868,6,1,0
12868,6,2,0
12868,7,0,0
12868,7,1,0
12868,7,2,0
12869,1,0,0
12869,2,1,0
12869,3,0,0
12869,3,1,0
12869,4,2,0
12869,5,0,0
12869,5,2,0
12869,6,1,0
12869,6,2,0
12869,7,0,0
12869,7,1,0
12869,7,2,0
12870,1,0,0
12870,2,1,0
12870,3,0,0
12870,3,1,0
12870,4,2,0
12870,5,0,0
12870,5,2,0
12870,6,1,0
12870,6,2,0
12870,7,0,0
12870,7,1,0
12870,7,2,0
12871,1,0,0
12871,2,1,0
12871,3,0,0
12871,3,1,0
12871,4,2,0
12871,5,0,0
12871,5,2,0
12871,6,1,0
12871,6,2,0
12871,7,0,0
12871,7,1,0
12871,7,2,0
12872,1,0,0
12872,2,1,0
12872,3,0,0
12872,3,1,0
12872,4,2,0
12872,5,0,0
12872,5,2,0
12872,6,1,0
12872,6,2,0
12872,7,0,0
12872,7,1,0
12872,7,2,0
12873,1,0,0
12873,2,1,0
12873,3,0,0
12873,3,1,0
12873,4,2,0
12873,5,0,0
12873,5,2,0
12873,6,1,0
12873,6,2,0
12873,7,0,0
12873,7,1,0
12873,7,2,0
12874,1,0,0
12874,2,1,0
12874,3,0,0
12874,3,1,0
12874,4,2,0
12874,5,0,0
12874,5,2,0
12874,6,1,0
12874,6,2,0
12874,7,0,0
12874,7,1,0
12874,7,2,0
12875,1,0,0
12875,2,1,0
12875,3,0,0
12875,3,1,0
12875,4,2,0
12875,5,0,0
12875,5,2,0
12875,6,1,0
12875,6,2,0
12875,7,0,0
12875,7,1,0
12875,7,2,0
12876,1,0,0
12876,2,1,0
12876,3,0,0
12876,3,1,0
12876,4,2,0
12876,5,0,0
12876,5,2,0
12876,6,1,0
12876,6,2,0
12876,7,0,0
12876,7,1,0
12876,7,2,0
12877,1,0,0
12877,2,1,0
12877,3,0,0
12877,3,1,0
12877,4,2,0
12877,5,0,0
12877,5,2,0
12877,6,1,0
12877,6,2,0
12877,7,0,0
12877,7,1,0
12877,7,2,0
12878,1,0,0
12878,2,1,0
12878,3,0,0
12878,3,1,0
12878,4,2,0
12878,5,0,0
12878,5,2,0
12878,6,1,0
12878,6,2,0
12878,7,0,0
12878,7,1,0
12878,7,2,0
12879,1,0,1
12879,2,1,0
12879,3,0,1
12879,3,1,0
12879,4,2,0
12879,5,0,1
12879,5,2,0
12879,6,1,0
12879,6,2,0
12879,7,0,1
12879,7,1,0
12879,7,2,0
12880,1,0,1
12880,2,1,0
12880,3,0,1
12880,3,1,0
12880,4,2,0
12880,5,0,1
12880,5,2,0
12880,6,1,0
12880,6,2,0
12880,7,0,1
12880,7,1,0
12880,7,2,0
12881,1,0,0
12881,2,1,0
12881,3,0,0
12881,3,1,0
12881,4,2,0
12881,5,0,0
12881,5,2,0
12881,6,1,0
12881,6,2,0
12881,7,0,0
12881,7,1,0
12881,7,2,0
12882,1,0,0
12882,2,1,0
12882,3,0,0
12882,3,1,0
12882,4,2,0
12882,5,0,0
12882,5,2,0
12882,6,1,0
12882,6,2,0
12882,7,0,0
12882,7,1,0
12882,7,2,0
12883,1,0,0
12883,2,1,0
12883,3,0,0
12883,3,1,0
12883,4,2,0
12883,5,0,0
12883,5,2,0
12883,6,1,0
12883,6,2,0
12883,7,0,0
12883,7,1,0
12883,7,2,0
12884,1,0,0
12884,2,1,0
12884,3,0,0
12884,3,1,0
12884,4,2,0
12884,5,0,0
12884,5,2,0
12884,6,1,0
12884,6,2,0
12884,7,0,0
12884,7,1,0
12884,7,2,0
12885,1,0,0
12885,2,1,0
12885,3,0,0
12885,3,1,0
12885,4,2,0
12885,5,0,0
12885,5,2,0
12885,6,1,0
12885,6,2,0
12885,7,0,0
12885,7,1,0
12885,7,2,0
12886,1,0,0
12886,2,1,0
12886,3,0,0
12886,3,1,0
12886,4,2,0
12886,5,0,0
12886,5,2,0
12886,6,1,0
12886,6,2,0
12886,7,0,0
12886,7,1,0
12886,7,2,0
12887,1,0,0
12887,2,1,0
12887,3,0,0
12887,3,1,0
12887,4,2,0
12887,5,0,0
12887,5,2,0
12887,6,1,0
12887,6,2,0
12887,7,0,0
12887,7,1,0
12887,7,2,0
12888,1,0,0
12888,2,1,0
12888,3,0,0
12888,3,1,0
12888,4,2,0
12888,5,0,0
12888,5,2,0
12888,6,1,0
12888,6,2,0
12888,7,0,0
12888,7,1,0
12888,7,2,0
12889,1,0,0
12889,2,1,0
12889,3,0,0
12889,3,1,0
12889,4,2,0
12889,5,0,0
12889,5,2,0
12889,6,1,0
12889,6,2,0
12889,7,0,0
12889,7,1,0
12889,7,2,0
12890,1,0,0
12890,2,1,0
12890,3,0,0
12890,3,1,0
12890,4,2,0
12890,5,0,0
12890,5,2,0
12890,6,1,0
12890,6,2,0
12890,7,0,0
12890,7,1,0
12890,7,2,0
12891,1,0,0
12891,2,1,0
12891,3,0,0
12891,3,1,0
12891,4,2,0
12891,5,0,0
12891,5,2,0
12891,6,1,0
12891,6,2,0
12891,7,0,0
12891,7,1,0
12891,7,2,0
12892,1,0,0
12892,2,1,0
12892,3,0,0
12892,3,1,0
12892,4,2,0
12892,5,0,0
12892,5,2,0
12892,6,1,0
12892,6,2,0
12892,7,0,0
12892,7,1,0
12892,7,2,0
12893,1,0,0
12893,2,1,0
12893,3,0,0
12893,3,1,0
12893,4,2,0
12893,5,0,0
12893,5,2,0
12893,6,1,0
12893,6,2,0
12893,7,0,0
12893,7,1,0
12893,7,2,0
12894,1,0,0
12894,2,1,0
12894,3,0,0
12894,3,1,0
12894,4,2,0
12894,5,0,0
12894,5,2,0
12894,6,1,0
12894,6,2,0
12894,7,0,0
12894,7,1,0
12894,7,2,0
12895,1,0,0
12895,2,1,0
12895,3,0,0
12895,3,1,0
12895,4,2,0
12895,5,0,0
12895,5,2,0
12895,6,1,0
12895,6,2,0
12895,7,0,0
12895,7,1,0
12895,7,2,0
12896,1,0,0
12896,2,1,0
12896,3,0,0
12896,3,1,0
12896,4,2,0
12896,5,0,0
12896,5,2,0
12896,6,1,0
12896,6,2,0
12896,7,0,0
12896,7,1,0
12896,7,2,0
12897,1,0,0
12897,2,1,0
12897,3,0,0
12897,3,1,0
12897,4,2,0
12897,5,0,0
12897,5,2,0
12897,6,1,0
12897,6,2,0
12897,7,0,0
12897,7,1,0
12897,7,2,0
12898,1,0,0
12898,2,1,0
12898,3,0,0
12898,3,1,0
12898,4,2,0
12898,5,0,0
12898,5,2,0
12898,6,1,0
12898,6,2,0
12898,7,0,0
12898,7,1,0
12898,7,2,0
12899,1,0,0
12899,2,1,0
12899,3,0,0
12899,3,1,0
12899,4,2,0
12899,5,0,0
12899,5,2,0
12899,6,1,0
12899,6,2,0
12899,7,0,0
12899,7,1,0
12899,7,2,0
12900,1,0,0
12900,2,1,0
12900,3,0,0
12900,3,1,0
12900,4,2,0
12900,5,0,0
12900,5,2,0
12900,6,1,0
12900,6,2,0
12900,7,0,0
12900,7,1,0
12900,7,2,0
12901,1,0,0
12901,2,1,0
12901,3,0,0
12901,3,1,0
12901,4,2,0
12901,5,0,0
12901,5,2,0
12901,6,1,0
12901,6,2,0
12901,7,0,0
12901,7,1,0
12901,7,2,0
12902,1,0,0
12902,2,1,0
12902,3,0,0
12902,3,1,0
12902,4,2,0
12902,5,0,0
12902,5,2,0
12902,6,1,0
12902,6,2,0
12902,7,0,0
12902,7,1,0
12902,7,2,0
12903,1,0,0
12903,2,1,0
12903,3,0,0
12903,3,1,0
12903,4,2,0
12903,5,0,0
12903,5,2,0
12903,6,1,0
12903,6,2,0
12903,7,0,0
12903,7,1,0
12903,7,2,0
12904,1,0,0
12904,2,1,0
12904,3,0,0
12904,3,1,0
12904,4,2,0
12904,5,0,0
12904,5,2,0
12904,6,1,0
12904,6,2,0
12904,7,0,0
12904,7,1,0
12904,7,2,0
12905,1,0,0
12905,2,1,0
12905,3,0,0
12905,3,1,0
12905,4,2,0
12905,5,0,0
12905,5,2,0
12905,6,1,0
12905,6,2,0
12905,7,0,0
12905,7,1,0
12905,7,2,0
12906,1,0,1
12906,2,1,0
12906,3,0,1
12906,3,1,0
12906,4,2,0
12906,5,0,1
12906,5,2,0
12906,6,1,0
12906,6,2,0
12906,7,0,1
12906,7,1,0
12906,7,2,0
12907,1,0,1
12907,2,1,0
12907,3,0,1
12907,3,1,0
12907,4,2,0
12907,5,0,1
12907,5,2,0
12907,6,1,0
12907,6,2,0
12907,7,0,1
12907,7,1,0
12907,7,2,0
12908,1,0,0
12908,2,1,0
12908,3,0,0
12908,3,1,0
12908,4,2,0
12908,5,0,0
12908,5,2,0
12908,6,1,0
12908,6,2,0
12908,7,0,0
12908,7,1,0
12908,7,2,0
12909,1,0,0
12909,2,1,0
12909,3,0,0
12909,3,1,0
12909,4,2,0
12909,5,0,0
12909,5,2,0
12909,6,1,0
12909,6,2,0
12909,7,0,0
12909,7,1,0
12909,7,2,0
12910,1,0,0
12910,2,1,0
12910,3,0,0
12910,3,1,0
12910,4,2,0
12910,5,0,0
12910,5,2,0
12910,6,1,0
12910,6,2,0
12910,7,0,0
12910,7,1,0
12910,7,2,0
12911,1,0,0
12911,2,1,0
12911,3,0,0
12911,3,1,0
12911,4,2,0
12911,5,0,0
12911,5,2,0
12911,6,1,0
12911,6,2,0
12911,7,0,0
12911,7,1,0
12911,7,2,0
12912,1,0,0
12912,2,1,0
12912,3,0,0
12912,3,1,0
12912,4,2,0
12912,5,0,0
12912,5,2,0
12912,6,1,0
12912,6,2,0
12912,7,0,0
12912,7,1,0
12912,7,2,0
12913,1,0,0
12913,2,1,0
12913,3,0,0
12913,3,1,0
12913,4,2,0
12913,5,0,0
12913,5,2,0
12913,6,1,0
12913,6,2,0
12913,7,0,0
12913,7,1,0
12913,7,2,0
12914,1,0,0
12914,2,1,0
12914,3,0,0
12914,3,1,0
12914,4,2,0
12914,5,0,0
12914,5,2,0
12914,6,1,0
12914,6,2,0
12914,7,0,0
12914,7,1,0
12914,7,2,0
12915,1,0,0
12915,2,1,0
12915,3,0,0
12915,3,1,0
12915,4,2,0
12915,5,0,0
12915,5,2,0
12915,6,1,0
12915,6,2,0
12915,7,0,0
12915,7,1,0
12915,7,2,0
12916,1,0,0
12916,2,1,0
12916,3,0,0
12916,3,1,0
12916,4,2,0
12916,5,0,0
12916,5,2,0
12916,6,1,0
12916,6,2,0
12916,7,0,0
12916,7,1,0
12916,7,2,0
12917,1,0,0
12917,2,1,0
12917,3,0,0
12917,3,1,0
12917,4,2,0
12917,5,0,0
12917,5,2,0
12917,6,1,0
12917,6,2,0
12917,7,0,0
12917,7,1,0
12917,7,2,0
12918,1,0,0
12918,2,1,0
12918,3,0,0
12918,3,1,0
12918,4,2,0
12918,5,0,0
12918,5,2,0
12918,6,1,0
12918,6,2,0
12918,7,0,0
12918,7,1,0
12918,7,2,0
12919,1,0,0
12919,2,1,0
12919,3,0,0
12919,3,1,0
12919,4,2,0
12919,5,0,0
12919,5,2,0
12919,6,1,0
12919,6,2,0
12919,7,0,0
12919,7,1,0
12919,7,2,0
12920,1,0,0
12920,2,1,0
12920,3,0,0
12920,3,1,0
12920,4,2,0
12920,5,0,0
12920,5,2,0
12920,6,1,0
12920,6,2,0
12920,7,0,0
12920,7,1,0
12920,7,2,0
12921,1,0,0
12921,2,1,0
12921,3,0,0
12921,3,1,0
12921,4,2,0
12921,5,0,0
12921,5,2,0
12921,6,1,0
12921,6,2,0
12921,7,0,0
12921,7,1,0
12921,7,2,0
12922,1,0,0
12922,2,1,0
12922,3,0,0
12922,3,1,0
12922,4,2,0
12922,5,0,0
12922,5,2,0
12922,6,1,0
12922,6,2,0
12922,7,0,0
12922,7,1,0
12922,7,2,0
12923,1,0,0
12923,2,1,0
12923,3,0,0
12923,3,1,0
12923,4,2,0
12923,5,0,0
12923,5,2,0
12923,6,1,0
12923,6,2,0
12923,7,0,0
12923,7,1,0
12923,7,2,0
12924,1,0,0
12924,2,1,0
12924,3,0,0
12924,3,1,0
12924,4,2,0
12924,5,0,0
12924,5,2,0
12924,6,1,0
12924,6,2,0
12924,7,0,0
12924,7,1,0
12924,7,2,0
12925,1,0,0
12925,2,1,0
12925,3,0,0
12925,3,1,0
12925,4,2,0
12925,5,0,0
12925,5,2,0
12925,6,1,0
12925,6,2,0
12925,7,0,0
12925,7,1,0
12925,7,2,0
12926,1,0,0
12926,2,1,0
12926,3,0,0
12926,3,1,0
12926,4,2,0
12926,5,0,0
12926,5,2,0
12926,6,1,0
12926,6,2,0
12926,7,0,0
12926,7,1,0
12926,7,2,0
12927,1,0,0
12927,2,1,0
12927,3,0,0
12927,3,1,0
12927,4,2,0
12927,5,0,0
12927,5,2,0
12927,6,1,0
12927,6,2,0
12927,7,0,0
12927,7,1,0
12927,7,2,0
12928,1,0,0
12928,2,1,0
12928,3,0,0
12928,3,1,0
12928,4,2,0
12928,5,0,0
12928,5,2,0
12928,6,1,0
12928,6,2,0
12928,7,0,0
12928,7,1,0
12928,7,2,0
12929,1,0,0
12929,2,1,0
12929,3,0,0
12929,3,1,0
12929,4,2,0
12929,5,0,0
12929,5,2,0
12929,6,1,0
12929,6,2,0
12929,7,0,0
12929,7,1,0
12929,7,2,0
12930,1,0,0
12930,2,1,0
12930,3,0,0
12930,3,1,0
12930,4,2,0
12930,5,0,0
12930,5,2,0
12930,6,1,0
12930,6,2,0
12930,7,0,0
12930,7,1,0
12930,7,2,0
12931,1,0,0
12931,2,1,0
12931,3,0,0
12931,3,1,0
12931,4,2,0
12931,5,0,0
12931,5,2,0
12931,6,1,0
12931,6,2,0
12931,7,0,0
12931,7,1,0
12931,7,2,0
12932,1,0,0
12932,2,1,0
12932,3,0,0
12932,3,1,0
12932,4,2,0
12932,5,0,0
12932,5,2,0
12932,6,1,0
12932,6,2,0
12932,7,0,0
12932,7,1,0
12932,7,2,0
12933,1,0,1
12933,2,1,0
12933,3,0,1
12933,3,1,0
12933,4,2,0
12933,5,0,1
12933,5,2,0
12933,6,1,0
12933,6,2,0
12933,7,0,1
12933,7,1,0
12933,7,2,0
12934,1,0,1
12934,2,1,0
12934,3,0,1
12934,3,1,0
12934,4,2,0
12934,5,0,1
12934,5,2,0
12934,6,1,0
12934,6,2,0
12934,7,0,1
12934,7,1,0
12934,7,2,0
12935,1,0,0
12935,2,1,0
12935,3,0,0
12935,3,1,0
12935,4,2,0
12935,5,0,0
12935,5,2,0
12935,6,1,0
12935,6,2,0
12935,7,0,0
12935,7,1,0
12935,7,2,0
12936,1,0,0
12936,2,1,0
12936,3,0,0
12936,3,1,0
12936,4,2,0
12936,5,0,0
12936,5,2,0
12936,6,1,0
12936,6,2,0
12936,7,0,0
12936,7,1,0
12936,7,2,0
12937,1,0,0
12937,2,1,0
12937,3,0,0
12937,3,1,0
12937,4,2,0
12937,5,0,0
12937,5,2,0
12937,6,1,0
12937,6,2,0
12937,7,0,0
12937,7,1,0
12937,7,2,0
12938,1,0,0
12938,2,1,0
12938,3,0,0
12938,3,1,0
12938,4,2,0
12938,5,0,0
12938,5,2,0
12938,6,1,0
12938,6,2,0
12938,7,0,0
12938,7,1,0
12938,7,2,0
12939,1,0,0
12939,2,1,0
12939,3,0,0
12939,3,1,0
12939,4,2,0
12939,5,0,0
12939,5,2,0
12939,6,1,0
12939,6,2,0
12939,7,0,0
12939,7,1,0
12939,7,2,0
12940,1,0,0
12940,2,1,0
12940,3,0,0
12940,3,1,0
12940,4,2,0
12940,5,0,0
12940,5,2,0
12940,6,1,0
12940,6,2,0
12940,7,0,0
12940,7,1,0
12940,7,2,0
12941,1,0,0
12941,2,1,0
12941,3,0,0
12941,3,1,0
12941,4,2,0
12941,5,0,0
12941,5,2,0
12941,6,1,0
12941,6,2,0
12941,7,0,0
12941,7,1,0
12941,7,2,0
12942,1,0,0
12942,2,1,0
12942,3,0,0
12942,3,1,0
12942,4,2,0
12942,5,0,0
12942,5,2,0
12942,6,1,0
12942,6,2,0
12942,7,0,0
12942,7,1,0
12942,7,2,0
12943,1,0,0
12943,2,1,0
12943,3,0,0
12943,3,1,0
12943,4,2,0
12943,5,0,0
12943,5,2,0
12943,6,1,0
12943,6,2,0
12943,7,0,0
12943,7,1,0
12943,7,2,0
12944,1,0,0
12944,2,1,0
12944,3,0,0
12944,3,1,0
12944,4,2,0
12944,5,0,0
12944,5,2,0
12944,6,1,0
12944,6,2,0
12944,7,0,0
12944,7,1,0
12944,7,2,0
12945,1,0,0
12945,2,1,0
12945,3,0,0
12945,3,1,0
12945,4,2,0
12945,5,0,0
12945,5,2,0
12945,6,1,0
12945,6,2,0
12945,7,0,0
12945,7,1,0
12945,7,2,0
12946,1,0,0
12946,2,1,0
12946,3,0,0
12946,3,1,0
12946,4,2,0
12946,5,0,0
12946,5,2,0
12946,6,1,0
12946,6,2,0
12946,7,0,0
12946,7,1,0
12946,7,2,0
12947,1,0,0
12947,2,1,0
12947,3,0,0
12947,3,1,0
12947,4,2,0
12947,5,0,0
12947,5,2,0
12947,6,1,0
12947,6,2,0
12947,7,0,0
12947,7,1,0
12947,7,2,0
12948,1,0,0
12948,2,1,0
12948,3,0,0
12948,3,1,0
12948,4,2,0
12948,5,0,0
12948,5,2,0
12948,6,1,0
12948,6,2,0
12948,7,0,0
12948,7,1,0
12948,7,2,0
12949,1,0,0
12949,2,1,0
12949,3,0,0
12949,3,1,0
12949,4,2,0
12949,5,0,0
12949,5,2,0
12949,6,1,0
12949,6,2,0
12949,7,0,0
12949,7,1,0
12949,7,2,0
12950,1,0,0
12950,2,1,0
12950,3,0,0
12950,3,1,0
12950,4,2,0
12950,5,0,0
12950,5,2,0
12950,6,1,0
12950,6,2,0
12950,7,0,0
12950,7,1,0
12950,7,2,0
12951,1,0,0
12951,2,1,0
12951,3,0,0
12951,3,1,0
12951,4,2,0
12951,5,0,0
12951,5,2,0
12951,6,1,0
12951,6,2,0
12951,7,0,0
12951,7,1,0
12951,7,2,0
12952,1,0,0
12952,2,1,0
12952,3,0,0
12952,3,1,0
12952,4,2,0
12952,5,0,0
12952,5,2,0
12952,6,1,0
12952,6,2,0
12952,7,0,0
12952,7,1,0
12952,7,2,0
12953,1,0,0
12953,2,1,0
12953,3,0,0
12953,3,1,0
12953,4,2,0
12953,5,0,0
12953,5,2,0
12953,6,1,0
12953,6,2,0
12953,7,0,0
12953,7,1,0
12953,7,2,0
12954,1,0,0
12954,2,1,0
12954,3,0,0
12954,3,1,0
12954,4,2,0
12954,5,0,0
12954,5,2,0
12954,6,1,0
12954,6,2,0
12954,7,0,0
12954,7,1,0
12954,7,2,0
12955,1,0,0
12955,2,1,0
12955,3,0,0
12955,3,1,0
12955,4,2,0
12955,5,0,0
12955,5,2,0
12955,6,1,0
12955,6,2,0
12955,7,0,0
12955,7,1,0
12955,7,2,0
12956,1,0,0
12956,2,1,0
12956,3,0,0
12956,3,1,0
12956,4,2,0
12956,5,0,0
12956,5,2,0
12956,6,1,0
12956,6,2,0
12956,7,0,0
12956,7,1,0
12956,7,2,0
12957,1,0,0
12957,2,1,0
12957,3,0,0
12957,3,1,0
12957,4,2,0
12957,5,0,0
12957,5,2,0
12957,6,1,0
12957,6,2,0
12957,7,0,0
12957,7,1,0
12957,7,2,0
12958,1,0,0
12958,2,1,0
12958,3,0,0
12958,3,1,0
12958,4,2,0
12958,5,0,0
12958,5,2,0
12958,6,1,0
12958,6,2,0
12958,7,0,0
12958,7,1,0
12958,7,2,0
12959,1,0,0
12959,2,1,0
12959,3,0,0
12959,3,1,0
12959,4,2,0
12959,5,0,0
12959,5,2,0
12959,6,1,0
12959,6,2,0
12959,7,0,0
12959,7,1,0
12959,7,2,0
12960,1,0,1
12960,2,1,0
12960,3,0,1
12960,3,1,0
12960,4,2,0
12960,5,0,1
12960,5,2,0
12960,6,1,0
12960,6,2,0
12960,7,0,1
12960,7,1,0
12960,7,2,0
12961,1,0,1
12961,2,1,0
12961,3,0,1
12961,3,1,0
12961,4,2,0
12961,5,0,1
12961,5,2,0
12961,6,1,0
12961,6,2,0
12961,7,0,1
12961,7,1,0
12961,7,2,0
12962,1,0,0
12962,2,1,0
12962,3,0,0
12962,3,1,0
12962,4,2,0
12962,5,0,0
12962,5,2,0
12962,6,1,0
12962,6,2,0
12962,7,0,0
12962,7,1,0
12962,7,2,0
12963,1,0,0
12963,2,1,0
12963,3,0,0
12963,3,1,0
12963,4,2,0
12963,5,0,0
12963,5,2,0
12963,6,1,0
12963,6,2,0
12963,7,0,0
12963,7,1,0
12963,7,2,0
12964,1,0,0
12964,2,1,0
12964,3,0,0
12964,3,1,0
12964,4,2,0
12964,5,0,0
12964,5,2,0
12964,6,1,0
12964,6,2,0
12964,7,0,0
12964,7,1,0
12964,7,2,0
12965,1,0,0
12965,2,1,0
12965,3,0,0
12965,3,1,0
12965,4,2,0
12965,5,0,0
12965,5,2,0
12965,6,1,0
12965,6,2,0
12965,7,0,0
12965,7,1,0
12965,7,2,0
12966,1,0,0
12966,2,1,0
12966,3,0,0
12966,3,1,0
12966,4,2,0
12966,5,0,0
12966,5,2,0
12966,6,1,0
12966,6,2,0
12966,7,0,0
12966,7,1,0
12966,7,2,0
12967,1,0,0
12967,2,1,0
12967,3,0,0
12967,3,1,0
12967,4,2,0
12967,5,0,0
12967,5,2,0
12967,6,1,0
12967,6,2,0
12967,7,0,0
12967,7,1,0
12967,7,2,0
12968,1,0,0
12968,2,1,0
12968,3,0,0
12968,3,1,0
12968,4,2,0
12968,5,0,0
12968,5,2,0
12968,6,1,0
12968,6,2,0
12968,7,0,0
12968,7,1,0
12968,7,2,0
12969,1,0,0
12969,2,1,0
12969,3,0,0
12969,3,1,0
12969,4,2,0
12969,5,0,0
12969,5,2,0
12969,6,1,0
12969,6,2,0
12969,7,0,0
12969,7,1,0
12969,7,2,0
12970,1,0,0
12970,2,1,0
12970,3,0,0
12970,3,1,0
12970,4,2,0
12970,5,0,0
12970,5,2,0
12970,6,1,0
12970,6,2,0
12970,7,0,0
12970,7,1,0
12970,7,2,0
12971,1,0,0
12971,2,1,0
12971,3,0,0
12971,3,1,0
12971,4,2,0
12971,5,0,0
12971,5,2,0
12971,6,1,0
12971,6,2,0
12971,7,0,0
12971,7,1,0
12971,7,2,0
12972,1,0,0
12972,2,1,0
12972,3,0,0
12972,3,1,0
12972,4,2,0
12972,5,0,0
12972,5,2,0
12972,6,1,0
12972,6,2,0
12972,7,0,0
12972,7,1,0
12972,7,2,0
12973,1,0,0
12973,2,1,0
12973,3,0,0
12973,3,1,0
12973,4,2,0
12973,5,0,0
12973,5,2,0
12973,6,1,0
12973,6,2,0
12973,7,0,0
12973,7,1,0
12973,7,2,0
12974,1,0,0
12974,2,1,0
12974,3,0,0
12974,3,1,0
12974,4,2,0
12974,5,0,0
12974,5,2,0
12974,6,1,0
12974,6,2,0
12974,7,0,0
12974,7,1,0
12974,7,2,0
12975,1,0,0
12975,2,1,0
12975,3,0,0
12975,3,1,0
12975,4,2,0
12975,5,0,0
12975,5,2,0
12975,6,1,0
12975,6,2,0
12975,7,0,0
12975,7,1,0
12975,7,2,0
12976,1,0,0
12976,2,1,0
12976,3,0,0
12976,3,1,0
12976,4,2,0
12976,5,0,0
12976,5,2,0
12976,6,1,0
12976,6,2,0
12976,7,0,0
12976,7,1,0
12976,7,2,0
12977,1,0,0
12977,2,1,0
12977,3,0,0
12977,3,1,0
12977,4,2,0
12977,5,0,0
12977,5,2,0
12977,6,1,0
12977,6,2,0
12977,7,0,0
12977,7,1,0
12977,7,2,0
12978,1,0,0
12978,2,1,0
12978,3,0,0
12978,3,1,0
12978,4,2,0
12978,5,0,0
12978,5,2,0
12978,6,1,0
12978,6,2,0
12978,7,0,0
12978,7,1,0
12978,7,2,0
12979,1,0,0
12979,2,1,0
12979,3,0,0
12979,3,1,0
12979,4,2,0
12979,5,0,0
12979,5,2,0
12979,6,1,0
12979,6,2,0
12979,7,0,0
12979,7,1,0
12979,7,2,0
12980,1,0,0
12980,2,1,0
12980,3,0,0
12980,3,1,0
12980,4,2,0
12980,5,0,0
12980,5,2,0
12980,6,1,0
12980,6,2,0
12980,7,0,0
12980,7,1,0
12980,7,2,0
12981,1,0,0
12981,2,1,0
12981,3,0,0
12981,3,1,0
12981,4,2,0
12981,5,0,0
12981,5,2,0
12981,6,1,0
12981,6,2,0
12981,7,0,0
12981,7,1,0
12981,7,2,0
12982,1,0,0
12982,2,1,0
12982,3,0,0
12982,3,1,0
12982,4,2,0
12982,5,0,0
12982,5,2,0
12982,6,1,0
12982,6,2,0
12982,7,0,0
12982,7,1,0
12982,7,2,0
12983,1,0,0
12983,2,1,0
12983,3,0,0
12983,3,1,0
12983,4,2,0
12983,5,0,0
12983,5,2,0
12983,6,1,0
12983,6,2,0
12983,7,0,0
12983,7,1,0
12983,7,2,0
12984,1,0,0
12984,2,1,0
12984,3,0,0
12984,3,1,0
12984,4,2,0
12984,5,0,0
12984,5,2,0
12984,6,1,0
12984,6,2,0
12984,7,0,0
12984,7,1,0
12984,7,2,0
12985,1,0,0
12985,2,1,0
12985,3,0,0
12985,3,1,0
12985,4,2,0
12985,5,0,0
12985,5,2,0
12985,6,1,0
12985,6,2,0
12985,7,0,0
12985,7,1,0
12985,7,2,0
12986,1,0,0
12986,2,1,0
12986,3,0,0
12986,3,1,0
12986,4,2,0
12986,5,0,0
12986,5,2,0
12986,6,1,0
12986,6,2,0
12986,7,0,0
12986,7,1,0
12986,7,2,0
12987,1,0,1
12987,2,1,0
12987,3,0,1
12987,3,1,0
12987,4,2,0
12987,5,0,1
12987,5,2,0
12987,6,1,0
12987,6,2,0
12987,7,0,1
12987,7,1,0
12987,7,2,0
12988,1,0,1
12988,2,1,0
12988,3,0,1
12988,3,1,0
12988,4,2,0
12988,5,0,1
12988,5,2,0
12988,6,1,0
12988,6,2,0
12988,7,0,1
12988,7,1,0
12988,7,2,0
12989,1,0,0
12989,2,1,0
12989,3,0,0
12989,3,1,0
12989,4,2,0
12989,5,0,0
12989,5,2,0
12989,6,1,0
12989,6,2,0
12989,7,0,0
12989,7,1,0
12989,7,2,0
12990,1,0,0
12990,2,1,0
12990,3,0,0
12990,3,1,0
12990,4,2,0
12990,5,0,0
12990,5,2,0
12990,6,1,0
12990,6,2,0
12990,7,0,0
12990,7,1,0
12990,7,2,0
12991,1,0,0
12991,2,1,0
12991,3,0,0
12991,3,1,0
12991,4,2,0
12991,5,0,0
12991,5,2,0
12991,6,1,0
12991,6,2,0
12991,7,0,0
12991,7,1,0
12991,7,2,0
12992,1,0,0
12992,2,1,0
12992,3,0,0
12992,3,1,0
12992,4,2,0
12992,5,0,0
12992,5,2,0
12992,6,1,0
12992,6,2,0
12992,7,0,0
12992,7,1,0
12992,7,2,0
12993,1,0,0
12993,2,1,0
12993,3,0,0
12993,3,1,0
12993,4,2,0
12993,5,0,0
12993,5,2,0
12993,6,1,0
12993,6,2,0
12993,7,0,0
12993,7,1,0
12993,7,2,0
12994,1,0,0
12994,2,1,0
12994,3,0,0
12994,3,1,0
12994,4,2,0
12994,5,0,0
12994,5,2,0
12994,6,1,0
12994,6,2,0
12994,7,0,0
12994,7,1,0
12994,7,2,0
12995,1,0,0
12995,2,1,0
12995,3,0,0
12995,3,1,0
12995,4,2,0
12995,5,0,0
12995,5,2,0
12995,6,1,0
12995,6,2,0
12995,7,0,0
12995,7,1,0
12995,7,2,0
12996,1,0,0
12996,2,1,0
12996,3,0,0
12996,3,1,0
12996,4,2,0
12996,5,0,0
12996,5,2,0
12996,6,1,0
12996,6,2,0
12996,7,0,0
12996,7,1,0
12996,7,2,0
12997,1,0,0
12997,2,1,0
12997,3,0,0
12997,3,1,0
12997,4,2,0
12997,5,0,0
12997,5,2,0
12997,6,1,0
12997,6,2,0
12997,7,0,0
12997,7,1,0
12997,7,2,0
12998,1,0,0
12998,2,1,0
12998,3,0,0
12998,3,1,0
12998,4,2,0
12998,5,0,0
12998,5,2,0
12998,6,1,0
12998,6,2,0
12998,7,0,0
12998,7,1,0
12998,7,2,0
12999,1,0,0
12999,2,1,0
12999,3,0,0
12999,3,1,0
12999,4,2,0
12999,5,0,0
12999,5,2,0
12999,6,1,0
12999,6,2,0
12999,7,0,0
12999,7,1,0
12999,7,2,0
13000,1,0,0
13000,2,1,0
13000,3,0,0
13000,3,1,0
13000,4,2,0
13000,5,0,0
13000,5,2,0
13000,6,1,0
13000,6,2,0
13000,7,0,0
13000,7,1,0
13000,7,2,0
13001,1,0,0
13001,2,1,0
13001,3,0,0
13001,3,1,0
13001,4,2,0
13001,5,0,0
13001,5,2,0
13001,6,1,0
13001,6,2,0
13001,7,0,0
13001,7,1,0
13001,7,2,0
13002,1,0,0
13002,2,1,0
13002,3,0,0
13002,3,1,0
13002,4,2,0
13002,5,0,0
13002,5,2,0
13002,6,1,0
13002,6,2,0
13002,7,0,0
13002,7,1,0
13002,7,2,0
13003,1,0,0
13003,2,1,0
13003,3,0,0
13003,3,1,0
13003,4,2,0
13003,5,0,0
13003,5,2,0
13003,6,1,0
13003,6,2,0
13003,7,0,0
13003,7,1,0
13003,7,2,0
13004,1,0,0
13004,2,1,0
13004,3,0,0
13004,3,1,0
13004,4,2,0
13004,5,0,0
13004,5,2,0
13004,6,1,0
13004,6,2,0
13004,7,0,0
13004,7,1,0
13004,7,2,0
13005,1,0,0
13005,2,1,0
13005,3,0,0
13005,3,1,0
13005,4,2,0
13005,5,0,0
13005,5,2,0
13005,6,1,0
13005,6,2,0
13005,7,0,0
13005,7,1,0
13005,7,2,0
13006,1,0,0
13006,2,1,0
13006,3,0,0
13006,3,1,0
13006,4,2,0
13006,5,0,0
13006,5,2,0
13006,6,1,0
13006,6,2,0
13006,7,0,0
13006,7,1,0
13006,7,2,0
13007,1,0,0
13007,2,1,0
13007,3,0,0
13007,3,1,0
13007,4,2,0
13007,5,0,0
13007,5,2,0
13007,6,1,0
13007,6,2,0
13007,7,0,0
13007,7,1,0
13007,7,2,0
13008,1,0,0
13008,2,1,0
13008,3,0,0
13008,3,1,0
13008,4,2,0
13008,5,0,0
13008,5,2,0
13008,6,1,0
13008,6,2,0
13008,7,0,0
13008,7,1,0
13008,7,2,0
13009,1,0,0
13009,2,1,0
13009,3,0,0
13009,3,1,0
13009,4,2,0
13009,5,0,0
13009,5,2,0
13009,6,1,0
13009,6,2,0
13009,7,0,0
13009,7,1,0
13009,7,2,0
13010,1,0,0
13010,2,1,0
13010,3,0,0
13010,3,1,0
13010,4,2,0
13010,5,0,0
13010,5,2,0
13010,6,1,0
13010,6,2,0
13010,7,0,0
13010,7,1,0
13010,7,2,0
13011,1,0,0
13011,2,1,0
13011,3,0,0
13011,3,1,0
13011,4,2,0
13011,5,0,0
13011,5,2,0
13011,6,1,0
13011,6,2,0
13011,7,0,0
13011,7,1,0
13011,7,2,0
13012,1,0,0
13012,2,1,0
13012,3,0,0
13012,3,1,0
13012,4,2,0
13012,5,0,0
13012,5,2,0
13012,6,1,0
13012,6,2,0
13012,7,0,0
13012,7,1,0
13012,7,2,0
13013,1,0,0
13013,2,1,0
13013,3,0,0
13013,3,1,0
13013,4,2,0
13013,5,0,0
13013,5,2,0
13013,6,1,0
13013,6,2,0
13013,7,0,0
13013,7,1,0
13013,7,2,0
13014,1,0,1
13014,2,1,0
13014,3,0,1
13014,3,1,0
13014,4,2,0
13014,5,0,1
13014,5,2,0
13014,6,1,0
13014,6,2,0
13014,7,0,1
13014,7,1,0
13014,7,2,0
13015,1,0,1
13015,2,1,0
13015,3,0,1
13015,3,1,0
13015,4,2,0
13015,5,0,1
13015,5,2,0
13015,6,1,0
13015,6,2,0
13015,7,0,1
13015,7,1,0
13015,7,2,0
13016,1,0,0
13016,2,1,0
13016,3,0,0
13016,3,1,0
13016,4,2,0
13016,5,0,0
13016,5,2,0
13016,6,1,0
13016,6,2,0
13016,7,0,0
13016,7,1,0
13016,7,2,0
13017,1,0,0
13017,2,1,0
13017,3,0,0
13017,3,1,0
13017,4,2,0
13017,5,0,0
13017,5,2,0
13017,6,1,0
13017,6,2,0
13017,7,0,0
13017,7,1,0
13017,7,2,0
13018,1,0,0
13018,2,1,0
13018,3,0,0
13018,3,1,0
13018,4,2,0
13018,5,0,0
13018,5,2,0
13018,6,1,0
13018,6,2,0
13018,7,0,0
13018,7,1,0
13018,7,2,0
13019,1,0,0
13019,2,1,0
13019,3,0,0
13019,3,1,0
13019,4,2,0
13019,5,0,0
13019,5,2,0
13019,6,1,0
13019,6,2,0
13019,7,0,0
13019,7,1,0
13019,7,2,0
13020,1,0,0
13020,2,1,0
13020,3,0,0
13020,3,1,0
13020,4,2,0
13020,5,0,0
13020,5,2,0
13020,6,1,0
13020,6,2,0
13020,7,0,0
13020,7,1,0
13020,7,2,0
13021,1,0,0
13021,2,1,0
13021,3,0,0
13021,3,1,0
13021,4,2,0
13021,5,0,0
13021,5,2,0
13021,6,1,0
13021,6,2,0
13021,7,0,0
13021,7,1,0
13021,7,2,0
13022,1,0,0
13022,2,1,0
13022,3,0,0
13022,3,1,0
13022,4,2,0
13022,5,0,0
13022,5,2,0
13022,6,1,0
13022,6,2,0
13022,7,0,0
13022,7,1,0
13022,7,2,0
13023,1,0,0
13023,2,1,0
13023,3,0,0
13023,3,1,0
13023,4,2,0
13023,5,0,0
13023,5,2,0
13023,6,1,0
13023,6,2,0
13023,7,0,0
13023,7,1,0
13023,7,2,0
13024,1,0,0
13024,2,1,0
13024,3,0,0
13024,3,1,0
13024,4,2,0
13024,5,0,0
13024,5,2,0
13024,6,1,0
13024,6,2,0
13024,7,0,0
13024,7,1,0
13024,7,2,0
13025,1,0,0
13025,2,1,0
13025,3,0,0
13025,3,1,0
13025,4,2,0
13025,5,0,0
13025,5,2,0
13025,6,1,0
13025,6,2,0
13025,7,0,0
13025,7,1,0
13025,7,2,0
13026,1,0,0
13026,2,1,0
13026,3,0,0
13026,3,1,0
13026,4,2,0
13026,5,0,0
13026,5,2,0
13026,6,1,0
13026,6,2,0
13026,7,0,0
13026,7,1,0
13026,7,2,0
13027,1,0,0
13027,2,1,0
13027,3,0,0
13027,3,1,0
13027,4,2,0
13027,5,0,0
13027,5,2,0
13027,6,1,0
13027,6,2,0
13027,7,0,0
13027,7,1,0
13027,7,2,0
13028,1,0,0
13028,2,1,0
13028,3,0,0
13028,3,1,0
13028,4,2,0
13028,5,0,0
13028,5,2,0
13028,6,1,0
13028,6,2,0
13028,7,0,0
13028,7,1,0
13028,7,2,0
13029,1,0,0
13029,2,1,0
13029,3,0,0
13029,3,1,0
13029,4,2,0
13029,5,0,0
13029,5,2,0
13029,6,1,0
13029,6,2,0
13029,7,0,0
13029,7,1,0
13029,7,2,0
13030,1,0,0
13030,2,1,0
13030,3,0,0
13030,3,1,0
13030,4,2,0
13030,5,0,0
13030,5,2,0
13030,6,1,0
13030,6,2,0
13030,7,0,0
13030,7,1,0
13030,7,2,0
13031,1,0,0
13031,2,1,0
13031,3,0,0
13031,3,1,0
13031,4,2,0
13031,5,0,0
13031,5,2,0
13031,6,1,0
13031,6,2,0
13031,7,0,0
13031,7,1,0
13031,7,2,0
13032,1,0,0
13032,2,1,0
13032,3,0,0
13032,3,1,0
13032,4,2,0
13032,5,0,0
13032,5,2,0
13032,6,1,0
13032,6,2,0
13032,7,0,0
13032,7,1,0
13032,7,2,0
13033,1,0,0
13033,2,1,0
13033,3,0,0
13033,3,1,0
13033,4,2,0
13033,5,0,0
13033,5,2,0
13033,6,1,0
13033,6,2,0
13033,7,0,0
13033,7,1,0
13033,7,2,0
13034,1,0,0
13034,2,1,0
13034,3,0,0
13034,3,1,0
13034,4,2,0
13034,5,0,0
13034,5,2,0
13034,6,1,0
13034,6,2,0
13034,7,0,0
13034,7,1,0
13034,7,2,0
13035,1,0,0
13035,2,1,0
13035,3,0,0
13035,3,1,0
13035,4,2,0
13035,5,0,0
13035,5,2,0
13035,6,1,0
13035,6,2,0
13035,7,0,0
13035,7,1,0
13035,7,2,0
13036,1,0,0
13036,2,1,0
13036,3,0,0
13036,3,1,0
13036,4,2,0
13036,5,0,0
13036,5,2,0
13036,6,1,0
13036,6,2,0
13036,7,0,0
13036,7,1,0
13036,7,2,0
13037,1,0,0
13037,2,1,0
13037,3,0,0
13037,3,1,0
13037,4,2,0
13037,5,0,0
13037,5,2,0
13037,6,1,0
13037,6,2,0
13037,7,0,0
13037,7,1,0
13037,7,2,0
13038,1,0,0
13038,2,1,0
13038,3,0,0
13038,3,1,0
13038,4,2,0
13038,5,0,0
13038,5,2,0
13038,6,1,0
13038,6,2,0
13038,7,0,0
13038,7,1,0
13038,7,2,0
13039,1,0,0
13039,2,1,0
13039,3,0,0
13039,3,1,0
13039,4,2,0
13039,5,0,0
13039,5,2,0
13039,6,1,0
13039,6,2,0
13039,7,0,0
13039,7,1,0
13039,7,2,0
13040,1,0,0
13040,2,1,0
13040,3,0,0
13040,3,1,0
13040,4,2,0
13040,5,0,0
13040,5,2,0
13040,6,1,0
13040,6,2,0
13040,7,0,0
13040,7,1,0
13040,7,2,0
13041,1,0,1
13041,2,1,0
13041,3,0,1
13041,3,1,0
13041,4,2,0
13041,5,0,1
13041,5,2,0
13041,6,1,0
13041,6,2,0
13041,7,0,1
13041,7,1,0
13041,7,2,0
13042,1,0,1
13042,2,1,0
13042,3,0,1
13042,3,1,0
13042,4,2,0
13042,5,0,1
13042,5,2,0
13042,6,1,0
13042,6,2,0
13042,7,0,1
13042,7,1,0
13042,7,2,0
13043,1,0,0
13043,2,1,0
13043,3,0,0
13043,3,1,0
13043,4,2,0
13043,5,0,0
13043,5,2,0
13043,6,1,0
13043,6,2,0
13043,7,0,0
13043,7,1,0
13043,7,2,0
13044,1,0,0
13044,2,1,0
13044,3,0,0
13044,3,1,0
13044,4,2,0
13044,5,0,0
13044,5,2,0
13044,6,1,0
13044,6,2,0
13044,7,0,0
13044,7,1,0
13044,7,2,0
13045,1,0,0
13045,2,1,0
13045,3,0,0
13045,3,1,0
13045,4,2,0
13045,5,0,0
13045,5,2,0
13045,6,1,0
13045,6,2,0
13045,7,0,0
13045,7,1,0
13045,7,2,0
13046,1,0,0
13046,2,1,0
13046,3,0,0
13046,3,1,0
13046,4,2,0
13046,5,0,0
13046,5,2,0
13046,6,1,0
13046,6,2,0
13046,7,0,0
13046,7,1,0
13046,7,2,0
13047,1,0,0
13047,2,1,0
13047,3,0,0
13047,3,1,0
13047,4,2,0
13047,5,0,0
13047,5,2,0
13047,6,1,0
13047,6,2,0
13047,7,0,0
13047,7,1,0
13047,7,2,0
13048,1,0,0
13048,2,1,0
13048,3,0,0
13048,3,1,0
13048,4,2,0
13048,5,0,0
13048,5,2,0
13048,6,1,0
13048,6,2,0
13048,7,0,0
13048,7,1,0
13048,7,2,0
13049,1,0,0
13049,2,1,0
13049,3,0,0
13049,3,1,0
13049,4,2,0
13049,5,0,0
13049,5,2,0
13049,6,1,0
13049,6,2,0
13049,7,0,0
13049,7,1,0
13049,7,2,0
13050,1,0,0
13050,2,1,0
13050,3,0,0
13050,3,1,0
13050,4,2,0
13050,5,0,0
13050,5,2,0
13050,6,1,0
13050,6,2,0
13050,7,0,0
13050,7,1,0
13050,7,2,0
13051,1,0,0
13051,2,1,0
13051,3,0,0
13051,3,1,0
13051,4,2,0
13051,5,0,0
13051,5,2,0
13051,6,1,0
13051,6,2,0
13051,7,0,0
13051,7,1,0
13051,7,2,0
13052,1,0,0
13052,2,1,0
13052,3,0,0
13052,3,1,0
13052,4,2,0
13052,5,0,0
13052,5,2,0
13052,6,1,0
13052,6,2,0
13052,7,0,0
13052,7,1,0
13052,7,2,0
13053,1,0,0
13053,2,1,0
13053,3,0,0
13053,3,1,0
13053,4,2,0
13053,5,0,0
13053,5,2,0
13053,6,1,0
13053,6,2,0
13053,7,0,0
13053,7,1,0
13053,7,2,0
13054,1,0,0
13054,2,1,0
13054,3,0,0
13054,3,1,0
13054,4,2,0
13054,5,0,0
13054,5,2,0
13054,6,1,0
13054,6,2,0
13054,7,0,0
13054,7,1,0
13054,7,2,0
13055,1,0,0
13055,2,1,0
13055,3,0,0
13055,3,1,0
13055,4,2,0
13055,5,0,0
13055,5,2,0
13055,6,1,0
13055,6,2,0
13055,7,0,0
13055,7,1,0
13055,7,2,0
13056,1,0,0
13056,2,1,0
13056,3,0,0
13056,3,1,0
13056,4,2,0
13056,5,0,0
13056,5,2,0
13056,6,1,0
13056,6,2,0
13056,7,0,0
13056,7,1,0
13056,7,2,0
13057,1,0,0
13057,2,1,0
13057,3,0,0
13057,3,1,0
13057,4,2,0
13057,5,0,0
13057,5,2,0
13057,6,1,0
13057,6,2,0
13057,7,0,0
13057,7,1,0
13057,7,2,0
13058,1,0,0
13058,2,1,0
13058,3,0,0
13058,3,1,0
13058,4,2,0
13058,5,0,0
13058,5,2,0
13058,6,1,0
13058,6,2,0
13058,7,0,0
13058,7,1,0
13058,7,2,0
13059,1,0,0
13059,2,1,0
13059,3,0,0
13059,3,1,0
13059,4,2,0
13059,5,0,0
13059,5,2,0
13059,6,1,0
13059,6,2,0
13059,7,0,0
13059,7,1,0
13059,7,2,0
13060,1,0,0
13060,2,1,0
13060,3,0,0
13060,3,1,0
13060,4,2,0
13060,5,0,0
13060,5,2,0
13060,6,1,0
13060,6,2,0
13060,7,0,0
13060,7,1,0
13060,7,2,0
13061,1,0,0
13061,2,1,0
13061,3,0,0
13061,3,1,0
13061,4,2,0
13061,5,0,0
13061,5,2,0
13061,6,1,0
13061,6,2,0
13061,7,0,0
13061,7,1,0
13061,7,2,0
13062,1,0,0
13062,2,1,0
13062,3,0,0
13062,3,1,0
13062,4,2,0
13062,5,0,0
13062,5,2,0
13062,6,1,0
13062,6,2,0
13062,7,0,0
13062,7,1,0
13062,7,2,0
13063,1,0,0
13063,2,1,0
13063,3,0,0
13063,3,1,0
13063,4,2,0
13063,5,0,0
13063,5,2,0
13063,6,1,0
13063,6,2,0
13063,7,0,0
13063,7,1,0
13063,7,2,0
13064,1,0,0
13064,2,1,0
13064,3,0,0
13064,3,1,0
13064,4,2,0
13064,5,0,0
13064,5,2,0
13064,6,1,0
13064,6,2,0
13064,7,0,0
13064,7,1,0
13064,7,2,0
13065,1,0,0
13065,2,1,0
13065,3,0,0
13065,3,1,0
13065,4,2,0
13065,5,0,0
13065,5,2,0
13065,6,1,0
13065,6,2,0
13065,7,0,0
13065,7,1,0
13065,7,2,0
13066,1,0,0
13066,2,1,0
13066,3,0,0
13066,3,1,0
13066,4,2,0
13066,5,0,0
13066,5,2,0
13066,6,1,0
13066,6,2,0
13066,7,0,0
13066,7,1,0
13066,7,2,0
13067,1,0,0
13067,2,1,0
13067,3,0,0
13067,3,1,0
13067,4,2,0
13067,5,0,0
13067,5,2,0
13067,6,1,0
13067,6,2,0
13067,7,0,0
13067,7,1,0
13067,7,2,0
13068,1,0,1
13068,2,1,0
13068,3,0,1
13068,3,1,0
13068,4,2,0
13068,5,0,1
13068,5,2,0
13068,6,1,0
13068,6,2,0
13068,7,0,1
13068,7,1,0
13068,7,2,0
13069,1,0,1
13069,2,1,0
13069,3,0,1
13069,3,1,0
13069,4,2,0
13069,5,0,1
13069,5,2,0
13069,6,1,0
13069,6,2,0
13069,7,0,1
13069,7,1,0
13069,7,2,0
13070,1,0,0
13070,2,1,0
13070,3,0,0
13070,3,1,0
13070,4,2,0
13070,5,0,0
13070,5,2,0
13070,6,1,0
13070,6,2,0
13070,7,0,0
13070,7,1,0
13070,7,2,0
13071,1,0,0
13071,2,1,0
13071,3,0,0
13071,3,1,0
13071,4,2,0
13071,5,0,0
13071,5,2,0
13071,6,1,0
13071,6,2,0
13071,7,0,0
13071,7,1,0
13071,7,2,0
13072,1,0,0
13072,2,1,0
13072,3,0,0
13072,3,1,0
13072,4,2,0
13072,5,0,0
13072,5,2,0
13072,6,1,0
13072,6,2,0
13072,7,0,0
13072,7,1,0
13072,7,2,0
13073,1,0,0
13073,2,1,0
13073,3,0,0
13073,3,1,0
13073,4,2,0
13073,5,0,0
13073,5,2,0
13073,6,1,0
13073,6,2,0
13073,7,0,0
13073,7,1,0
13073,7,2,0
13074,1,0,0
13074,2,1,0
13074,3,0,0
13074,3,1,0
13074,4,2,0
13074,5,0,0
13074,5,2,0
13074,6,1,0
13074,6,2,0
13074,7,0,0
13074,7,1,0
13074,7,2,0
13075,1,0,0
13075,2,1,0
13075,3,0,0
13075,3,1,0
13075,4,2,0
13075,5,0,0
13075,5,2,0
13075,6,1,0
13075,6,2,0
13075,7,0,0
13075,7,1,0
13075,7,2,0
13076,1,0,0
13076,2,1,0
13076,3,0,0
13076,3,1,0
13076,4,2,0
13076,5,0,0
13076,5,2,0
13076,6,1,0
13076,6,2,0
13076,7,0,0
13076,7,1,0
13076,7,2,0
13077,1,0,0
13077,2,1,0
13077,3,0,0
13077,3,1,0
13077,4,2,0
13077,5,0,0
13077,5,2,0
13077,6,1,0
13077,6,2,0
13077,7,0,0
13077,7,1,0
13077,7,2,0
13078,1,0,0
13078,2,1,0
13078,3,0,0
13078,3,1,0
13078,4,2,0
13078,5,0,0
13078,5,2,0
13078,6,1,0
13078,6,2,0
13078,7,0,0
13078,7,1,0
13078,7,2,0
13079,1,0,0
13079,2,1,0
13079,3,0,0
13079,3,1,0
13079,4,2,0
13079,5,0,0
13079,5,2,0
13079,6,1,0
13079,6,2,0
13079,7,0,0
13079,7,1,0
13079,7,2,0
13080,1,0,0
13080,2,1,0
13080,3,0,0
13080,3,1,0
13080,4,2,0
13080,5,0,0
13080,5,2,0
13080,6,1,0
13080,6,2,0
13080,7,0,0
13080,7,1,0
13080,7,2,0
13081,1,0,0
13081,2,1,0
13081,3,0,0
13081,3,1,0
13081,4,2,0
13081,5,0,0
13081,5,2,0
13081,6,1,0
13081,6,2,0
13081,7,0,0
13081,7,1,0
13081,7,2,0
13082,1,0,0
13082,2,1,0
13082,3,0,0
13082,3,1,0
13082,4,2,0
13082,5,0,0
13082,5,2,0
13082,6,1,0
13082,6,2,0
13082,7,0,0
13082,7,1,0
13082,7,2,0
13083,1,0,0
13083,2,1,0
13083,3,0,0
13083,3,1,0
13083,4,2,0
13083,5,0,0
13083,5,2,0
13083,6,1,0
13083,6,2,0
13083,7,0,0
13083,7,1,0
13083,7,2,0
13084,1,0,0
13084,2,1,0
13084,3,0,0
13084,3,1,0
13084,4,2,0
13084,5,0,0
13084,5,2,0
13084,6,1,0
13084,6,2,0
13084,7,0,0
13084,7,1,0
13084,7,2,0
13085,1,0,0
13085,2,1,0
13085,3,0,0
13085,3,1,0
13085,4,2,0
13085,5,0,0
13085,5,2,0
13085,6,1,0
13085,6,2,0
13085,7,0,0
13085,7,1,0
13085,7,2,0
13086,1,0,0
13086,2,1,0
13086,3,0,0
13086,3,1,0
13086,4,2,0
13086,5,0,0
13086,5,2,0
13086,6,1,0
13086,6,2,0
13086,7,0,0
13086,7,1,0
13086,7,2,0
13087,1,0,0
13087,2,1,0
13087,3,0,0
13087,3,1,0
13087,4,2,0
13087,5,0,0
13087,5,2,0
13087,6,1,0
13087,6,2,0
13087,7,0,0
13087,7,1,0
13087,7,2,0
13088,1,0,0
13088,2,1,0
13088,3,0,0
13088,3,1,0
13088,4,2,0
13088,5,0,0
13088,5,2,0
13088,6,1,0
13088,6,2,0
13088,7,0,0
13088,7,1,0
13088,7,2,0
13089,1,0,0
13089,2,1,0
13089,3,0,0
13089,3,1,0
13089,4,2,0
13089,5,0,0
13089,5,2,0
13089,6,1,0
13089,6,2,0
13089,7,0,0
13089,7,1,0
13089,7,2,0
13090,1,0,0
13090,2,1,0
13090,3,0,0
13090,3,1,0
13090,4,2,0
13090,5,0,0
13090,5,2,0
13090,6,1,0
13090,6,2,0
13090,7,0,0
13090,7,1,0
13090,7,2,0
13091,1,0,0
13091,2,1,0
13091,3,0,0
13091,3,1,0
13091,4,2,0
13091,5,0,0
13091,5,2,0
13091,6,1,0
13091,6,2,0
13091,7,0,0
13091,7,1,0
13091,7,2,0
13092,1,0,0
13092,2,1,0
13092,3,0,0
13092,3,1,0
13092,4,2,0
13092,5,0,0
13092,5,2,0
13092,6,1,0
13092,6,2,0
13092,7,0,0
13092,7,1,0
13092,7,2,0
13093,1,0,0
13093,2,1,0
13093,3,0,0
13093,3,1,0
13093,4,2,0
13093,5,0,0
13093,5,2,0
13093,6,1,0
13093,6,2,0
13093,7,0,0
13093,7,1,0
13093,7,2,0
13094,1,0,0
13094,2,1,0
13094,3,0,0
13094,3,1,0
13094,4,2,0
13094,5,0,0
13094,5,2,0
13094,6,1,0
13094,6,2,0
13094,7,0,0
13094,7,1,0
13094,7,2,0
13095,1,0,1
13095,2,1,0
13095,3,0,1
13095,3,1,0
13095,4,2,0
13095,5,0,1
13095,5,2,0
13095,6,1,0
13095,6,2,0
13095,7,0,1
13095,7,1,0
13095,7,2,0
13096,1,0,1
13096,2,1,0
13096,3,0,1
13096,3,1,0
13096,4,2,0
13096,5,0,1
13096,5,2,0
13096,6,1,0
13096,6,2,0
13096,7,0,1
13096,7,1,0
13096,7,2,0
13097,1,0,0
13097,2,1,0
13097,3,0,0
13097,3,1,0
13097,4,2,0
13097,5,0,0
13097,5,2,0
13097,6,1,0
13097,6,2,0
13097,7,0,0
13097,7,1,0
13097,7,2,0
13098,1,0,0
13098,2,1,0
13098,3,0,0
13098,3,1,0
13098,4,2,0
13098,5,0,0
13098,5,2,0
13098,6,1,0
13098,6,2,0
13098,7,0,0
13098,7,1,0
13098,7,2,0
13099,1,0,0
13099,2,1,0
13099,3,0,0
13099,3,1,0
13099,4,2,0
13099,5,0,0
13099,5,2,0
13099,6,1,0
13099,6,2,0
13099,7,0,0
13099,7,1,0
13099,7,2,0
13100,1,0,0
13100,2,1,0
13100,3,0,0
13100,3,1,0
13100,4,2,0
13100,5,0,0
13100,5,2,0
13100,6,1,0
13100,6,2,0
13100,7,0,0
13100,7,1,0
13100,7,2,0
13101,1,0,0
13101,2,1,0
13101,3,0,0
13101,3,1,0
13101,4,2,0
13101,5,0,0
13101,5,2,0
13101,6,1,0
13101,6,2,0
13101,7,0,0
13101,7,1,0
13101,7,2,0
13102,1,0,0
13102,2,1,0
13102,3,0,0
13102,3,1,0
13102,4,2,0
13102,5,0,0
13102,5,2,0
13102,6,1,0
13102,6,2,0
13102,7,0,0
13102,7,1,0
13102,7,2,0
13103,1,0,0
13103,2,1,0
13103,3,0,0
13103,3,1,0
13103,4,2,0
13103,5,0,0
13103,5,2,0
13103,6,1,0
13103,6,2,0
13103,7,0,0
13103,7,1,0
13103,7,2,0
13104,1,0,0
13104,2,1,0
13104,3,0,0
13104,3,1,0
13104,4,2,0
13104,5,0,0
13104,5,2,0
13104,6,1,0
13104,6,2,0
13104,7,0,0
13104,7,1,0
13104,7,2,0
13105,1,0,0
13105,2,1,0
13105,3,0,0
13105,3,1,0
13105,4,2,0
13105,5,0,0
13105,5,2,0
13105,6,1,0
13105,6,2,0
13105,7,0,0
13105,7,1,0
13105,7,2,0
13106,1,0,0
13106,2,1,0
13106,3,0,0
13106,3,1,0
13106,4,2,0
13106,5,0,0
13106,5,2,0
13106,6,1,0
13106,6,2,0
13106,7,0,0
13106,7,1,0
13106,7,2,0
13107,1,0,0
13107,2,1,0
13107,3,0,0
13107,3,1,0
13107,4,2,0
13107,5,0,0
13107,5,2,0
13107,6,1,0
13107,6,2,0
13107,7,0,0
13107,7,1,0
13107,7,2,0
13108,1,0,0
13108,2,1,0
13108,3,0,0
13108,3,1,0
13108,4,2,0
13108,5,0,0
13108,5,2,0
13108,6,1,0
13108,6,2,0
13108,7,0,0
13108,7,1,0
13108,7,2,0
13109,1,0,0
13109,2,1,0
13109,3,0,0
13109,3,1,0
13109,4,2,0
13109,5,0,0
13109,5,2,0
13109,6,1,0
13109,6,2,0
13109,7,0,0
13109,7,1,0
13109,7,2,0
13110,1,0,0
13110,2,1,0
13110,3,0,0
13110,3,1,0
13110,4,2,0
13110,5,0,0
13110,5,2,0
13110,6,1,0
13110,6,2,0
13110,7,0,0
13110,7,1,0
13110,7,2,0
13111,1,0,0
13111,2,1,0
13111,3,0,0
13111,3,1,0
13111,4,2,0
13111,5,0,0
13111,5,2,0
13111,6,1,0
13111,6,2,0
13111,7,0,0
13111,7,1,0
13111,7,2,0
13112,1,0,0
13112,2,1,0
13112,3,0,0
13112,3,1,0
13112,4,2,0
13112,5,0,0
13112,5,2,0
13112,6,1,0
13112,6,2,0
13112,7,0,0
13112,7,1,0
13112,7,2,0
13113,1,0,0
13113,2,1,0
13113,3,0,0
13113,3,1,0
13113,4,2,0
13113,5,0,0
13113,5,2,0
13113,6,1,0
13113,6,2,0
13113,7,0,0
13113,7,1,0
13113,7,2,0
13114,1,0,0
13114,2,1,0
13114,3,0,0
13114,3,1,0
13114,4,2,0
13114,5,0,0
13114,5,2,0
13114,6,1,0
13114,6,2,0
13114,7,0,0
13114,7,1,0
13114,7,2,0
13115,1,0,0
13115,2,1,0
13115,3,0,0
13115,3,1,0
13115,4,2,0
13115,5,0,0
13115,5,2,0
13115,6,1,0
13115,6,2,0
13115,7,0,0
13115,7,1,0
13115,7,2,0
13116,1,0,0
13116,2,1,0
13116,3,0,0
13116,3,1,0
13116,4,2,0
13116,5,0,0
13116,5,2,0
13116,6,1,0
13116,6,2,0
13116,7,0,0
13116,7,1,0
13116,7,2,0
13117,1,0,0
13117,2,1,0
13117,3,0,0
13117,3,1,0
13117,4,2,0
13117,5,0,0
13117,5,2,0
13117,6,1,0
13117,6,2,0
13117,7,0,0
13117,7,1,0
13117,7,2,0
13118,1,0,0
13118,2,1,0
13118,3,0,0
13118,3,1,0
13118,4,2,0
13118,5,0,0
13118,5,2,0
13118,6,1,0
13118,6,2,0
13118,7,0,0
13118,7,1,0
13118,7,2,0
13119,1,0,0
13119,2,1,0
13119,3,0,0
13119,3,1,0
13119,4,2,0
13119,5,0,0
13119,5,2,0
13119,6,1,0
13119,6,2,0
13119,7,0,0
13119,7,1,0
13119,7,2,0
13120,1,0,0
13120,2,1,0
13120,3,0,0
13120,3,1,0
13120,4,2,0
13120,5,0,0
13120,5,2,0
13120,6,1,0
13120,6,2,0
13120,7,0,0
13120,7,1,0
13120,7,2,0
13121,1,0,0
13121,2,1,0
13121,3,0,0
13121,3,1,0
13121,4,2,0
13121,5,0,0
13121,5,2,0
13121,6,1,0
13121,6,2,0
13121,7,0,0
13121,7,1,0
13121,7,2,0
13122,1,0,1
13122,2,1,1
13122,3,0,1
13122,3,1,1
13122,4,2,0
13122,5,0,1
13122,5,2,0
13122,6,1,1
13122,6,2,0
13122,7,0,1
13122,7,1,1
13122,7,2,0
13123,1,0,1
13123,2,1,1
13123,3,0,1
13123,3,1,1
13123,4,2,0
13123,5,0,1
13123,5,2,0
13123,6,1,1
13123,6,2,0
13123,7,0,1
13123,7,1,1
13123,7,2,0
13124,1,0,0
13124,2,1,1
13124,3,0,0
13124,3,1,1
13124,4,2,0
13124,5,0,0
13124,5,2,0
13124,6,1,1
13124,6,2,0
13124,7,0,0
13124,7,1,1
13124,7,2,0
13125,1,0,1
13125,2,1,1
13125,3,0,1
13125,3,1,1
13125,4,2,0
13125,5,0,1
13125,5,2,0
13125,6,1,1
13125,6,2,0
13125,7,0,1
13125,7,1,1
13125,7,2,0
13126,1,0,1
13126,2,1,1
13126,3,0,1
13126,3,1,1
13126,4,2,0
13126,5,0,1
13126,5,2,0
13126,6,1,1
13126,6,2,0
13126,7,0,1
13126,7,1,1
13126,7,2,0
13127,1,0,0
13127,2,1,1
13127,3,0,0
13127,3,1,1
13127,4,2,0
13127,5,0,0
13127,5,2,0
13127,6,1,1
13127,6,2,0
13127,7,0,0
13127,7,1,1
13127,7,2,0
13128,1,0,1
13128,2,1,1
13128,3,0,1
13128,3,1,1
13128,4,2,0
13128,5,0,1
13128,5,2,0
13128,6,1,1
13128,6,2,0
13128,7,0,1
13128,7,1,1
13128,7,2,0
13129,1,0,1
13129,2,1,1
13129,3,0,1
13129,3,1,1
13129,4,2,0
13129,5,0,1
13129,5,2,0
13129,6,1,1
13129,6,2,0
13129,7,0,1
13129,7,1,1
13129,7,2,0
13130,1,0,0
13130,2,1,1
13130,3,0,0
13130,3,1,1
13130,4,2,0
13130,5,0,0
13130,5,2,0
13130,6,1,1
13130,6,2,0
13130,7,0,0
13130,7,1,1
13130,7,2,0
13131,1,0,0
13131,2,1,1
13131,3,0,0
13131,3,1,1
13131,4,2,0
13131,5,0,0
13131,5,2,0
13131,6,1,1
13131,6,2,0
13131,7,0,0
13131,7,1,1
13131,7,2,0
13132,1,0,0
13132,2,1,1
13132,3,0,0
13132,3,1,1
13132,4,2,0
13132,5,0,0
13132,5,2,0
13132,6,1,1
13132,6,2,0
13132,7,0,0
13132,7,1,1
13132,7,2,0
13133,1,0,0
13133,2,1,1
13133,3,0,0
13133,3,1,1
13133,4,2,0
13133,5,0,0
13133,5,2,0
13133,6,1,1
13133,6,2,0
13133,7,0,0
13133,7,1,1
13133,7,2,0
13134,1,0,0
13134,2,1,1
13134,3,0,0
13134,3,1,1
13134,4,2,0
13134,5,0,0
13134,5,2,0
13134,6,1,1
13134,6,2,0
13134,7,0,0
13134,7,1,1
13134,7,2,0
13135,1,0,0
13135,2,1,1
13135,3,0,0
13135,3,1,1
13135,4,2,0
13135,5,0,0
13135,5,2,0
13135,6,1,1
13135,6,2,0
13135,7,0,0
13135,7,1,1
13135,7,2,0
13136,1,0,0
13136,2,1,1
13136,3,0,0
13136,3,1,1
13136,4,2,0
13136,5,0,0
13136,5,2,0
13136,6,1,1
13136,6,2,0
13136,7,0,0
13136,7,1,1
13136,7,2,0
13137,1,0,0
13137,2,1,1
13137,3,0,0
13137,3,1,1
13137,4,2,0
13137,5,0,0
13137,5,2,0
13137,6,1,1
13137,6,2,0
13137,7,0,0
13137,7,1,1
13137,7,2,0
13138,1,0,0
13138,2,1,1
13138,3,0,0
13138,3,1,1
13138,4,2,0
13138,5,0,0
13138,5,2,0
13138,6,1,1
13138,6,2,0
13138,7,0,0
13138,7,1,1
13138,7,2,0
13139,1,0,0
13139,2,1,1
13139,3,0,0
13139,3,1,1
13139,4,2,0
13139,5,0,0
13139,5,2,0
13139,6,1,1
13139,6,2,0
13139,7,0,0
13139,7,1,1
13139,7,2,0
13140,1,0,0
13140,2,1,1
13140,3,0,0
13140,3,1,1
13140,4,2,0
13140,5,0,0
13140,5,2,0
13140,6,1,1
13140,6,2,0
13140,7,0,0
13140,7,1,1
13140,7,2,0
13141,1,0,0
13141,2,1,1
13141,3,0,0
13141,3,1,1
13141,4,2,0
13141,5,0,0
13141,5,2,0
13141,6,1,1
13141,6,2,0
13141,7,0,0
13141,7,1,1
13141,7,2,0
13142,1,0,0
13142,2,1,1
13142,3,0,0
13142,3,1,1
13142,4,2,0
13142,5,0,0
13142,5,2,0
13142,6,1,1
13142,6,2,0
13142,7,0,0
13142,7,1,1
13142,7,2,0
13143,1,0,0
13143,2,1,1
13143,3,0,0
13143,3,1,1
13143,4,2,0
13143,5,0,0
13143,5,2,0
13143,6,1,1
13143,6,2,0
13143,7,0,0
13143,7,1,1
13143,7,2,0
13144,1,0,0
13144,2,1,1
13144,3,0,0
13144,3,1,1
13144,4,2,0
13144,5,0,0
13144,5,2,0
13144,6,1,1
13144,6,2,0
13144,7,0,0
13144,7,1,1
13144,7,2,0
13145,1,0,0
13145,2,1,1
13145,3,0,0
13145,3,1,1
13145,4,2,0
13145,5,0,0
13145,5,2,0
13145,6,1,1
13145,6,2,0
13145,7,0,0
13145,7,1,1
13145,7,2,0
13146,1,0,0
13146,2,1,1
13146,3,0,0
13146,3,1,1
13146,4,2,0
13146,5,0,0
13146,5,2,0
13146,6,1,1
13146,6,2,0
13146,7,0,0
13146,7,1,1
13146,7,2,0
13147,1,0,0
13147,2,1,1
13147,3,0,0
13147,3,1,1
13147,4,2,0
13147,5,0,0
13147,5,2,0
13147,6,1,1
13147,6,2,0
13147,7,0,0
13147,7,1,1
13147,7,2,0
13148,1,0,0
13148,2,1,1
13148,3,0,0
13148,3,1,1
13148,4,2,0
13148,5,0,0
13148,5,2,0
13148,6,1,1
13148,6,2,0
13148,7,0,0
13148,7,1,1
13148,7,2,0
13149,1,0,1
13149,2,1,1
13149,3,0,1
13149,3,1,1
13149,4,2,0
13149,5,0,1
13149,5,2,0
13149,6,1,1
13149,6,2,0
13149,7,0,1
13149,7,1,1
13149,7,2,0
13150,1,0,1
13150,2,1,1
13150,3,0,1
13150,3,1,1
13150,4,2,0
13150,5,0,1
13150,5,2,0
13150,6,1,1
13150,6,2,0
13150,7,0,1
13150,7,1,1
13150,7,2,0
13151,1,0,0
13151,2,1,0
13151,3,0,0
13151,3,1,0
13151,4,2,0
13151,5,0,0
13151,5,2,0
13151,6,1,0
13151,6,2,0
13151,7,0,0
13151,7,1,0
13151,7,2,0
13152,1,0,1
13152,2,1,1
13152,3,0,1
13152,3,1,1
13152,4,2,0
13152,5,0,1
13152,5,2,0
13152,6,1,1
13152,6,2,0
13152,7,0,1
13152,7,1,1
13152,7,2,0
13153,1,0,1
13153,2,1,1
13153,3,0,1
13153,3,1,1
13153,4,2,0
13153,5,0,1
13153,5,2,0
13153,6,1,1
13153,6,2,0
13153,7,0,1
13153,7,1,1
13153,7,2,0
13154,1,0,0
13154,2,1,0
13154,3,0,0
13154,3,1,0
13154,4,2,0
13154,5,0,0
13154,5,2,0
13154,6,1,0
13154,6,2,0
13154,7,0,0
13154,7,1,0
13154,7,2,0
13155,1,0,0
13155,2,1,0
13155,3,0,0
13155,3,1,0
13155,4,2,0
13155,5,0,0
13155,5,2,0
13155,6,1,0
13155,6,2,0
13155,7,0,0
13155,7,1,0
13155,7,2,0
13156,1,0,0
13156,2,1,0
13156,3,0,0
13156,3,1,0
13156,4,2,0
13156,5,0,0
13156,5,2,0
13156,6,1,0
13156,6,2,0
13156,7,0,0
13156,7,1,0
13156,7,2,0
13157,1,0,0
13157,2,1,0
13157,3,0,0
13157,3,1,0
13157,4,2,0
13157,5,0,0
13157,5,2,0
13157,6,1,0
13157,6,2,0
13157,7,0,0
13157,7,1,0
13157,7,2,0
13158,1,0,0
13158,2,1,0
13158,3,0,0
13158,3,1,0
13158,4,2,0
13158,5,0,0
13158,5,2,0
13158,6,1,0
13158,6,2,0
13158,7,0,0
13158,7,1,0
13158,7,2,0
13159,1,0,0
13159,2,1,0
13159,3,0,0
13159,3,1,0
13159,4,2,0
13159,5,0,0
13159,5,2,0
13159,6,1,0
13159,6,2,0
13159,7,0,0
13159,7,1,0
13159,7,2,0
13160,1,0,0
13160,2,1,0
13160,3,0,0
13160,3,1,0
13160,4,2,0
13160,5,0,0
13160,5,2,0
13160,6,1,0
13160,6,2,0
13160,7,0,0
13160,7,1,0
13160,7,2,0
13161,1,0,0
13161,2,1,0
13161,3,0,0
13161,3,1,0
13161,4,2,0
13161,5,0,0
13161,5,2,0
13161,6,1,0
13161,6,2,0
13161,7,0,0
13161,7,1,0
13161,7,2,0
13162,1,0,0
13162,2,1,0
13162,3,0,0
13162,3,1,0
13162,4,2,0
13162,5,0,0
13162,5,2,0
13162,6,1,0
13162,6,2,0
13162,7,0,0
13162,7,1,0
13162,7,2,0
13163,1,0,0
13163,2,1,0
13163,3,0,0
13163,3,1,0
13163,4,2,0
13163,5,0,0
13163,5,2,0
13163,6,1,0
13163,6,2,0
13163,7,0,0
13163,7,1,0
13163,7,2,0
13164,1,0,0
13164,2,1,0
13164,3,0,0
13164,3,1,0
13164,4,2,0
13164,5,0,0
13164,5,2,0
13164,6,1,0
13164,6,2,0
13164,7,0,0
13164,7,1,0
13164,7,2,0
13165,1,0,0
13165,2,1,0
13165,3,0,0
13165,3,1,0
13165,4,2,0
13165,5,0,0
13165,5,2,0
13165,6,1,0
13165,6,2,0
13165,7,0,0
13165,7,1,0
13165,7,2,0
13166,1,0,0
13166,2,1,0
13166,3,0,0
13166,3,1,0
13166,4,2,0
13166,5,0,0
13166,5,2,0
13166,6,1,0
13166,6,2,0
13166,7,0,0
13166,7,1,0
13166,7,2,0
13167,1,0,0
13167,2,1,0
13167,3,0,0
13167,3,1,0
13167,4,2,0
13167,5,0,0
13167,5,2,0
13167,6,1,0
13167,6,2,0
13167,7,0,0
13167,7,1,0
13167,7,2,0
13168,1,0,0
13168,2,1,0
13168,3,0,0
13168,3,1,0
13168,4,2,0
13168,5,0,0
13168,5,2,0
13168,6,1,0
13168,6,2,0
13168,7,0,0
13168,7,1,0
13168,7,2,0
13169,1,0,0
13169,2,1,0
13169,3,0,0
13169,3,1,0
13169,4,2,0
13169,5,0,0
13169,5,2,0
13169,6,1,0
13169,6,2,0
13169,7,0,0
13169,7,1,0
13169,7,2,0
13170,1,0,0
13170,2,1,0
13170,3,0,0
13170,3,1,0
13170,4,2,0
13170,5,0,0
13170,5,2,0
13170,6,1,0
13170,6,2,0
13170,7,0,0
13170,7,1,0
13170,7,2,0
13171,1,0,0
13171,2,1,0
13171,3,0,0
13171,3,1,0
13171,4,2,0
13171,5,0,0
13171,5,2,0
13171,6,1,0
13171,6,2,0
13171,7,0,0
13171,7,1,0
13171,7,2,0
13172,1,0,0
13172,2,1,0
13172,3,0,0
13172,3,1,0
13172,4,2,0
13172,5,0,0
13172,5,2,0
13172,6,1,0
13172,6,2,0
13172,7,0,0
13172,7,1,0
13172,7,2,0
13173,1,0,0
13173,2,1,0
13173,3,0,0
13173,3,1,0
13173,4,2,0
13173,5,0,0
13173,5,2,0
13173,6,1,0
13173,6,2,0
13173,7,0,0
13173,7,1,0
13173,7,2,0
13174,1,0,0
13174,2,1,0
13174,3,0,0
13174,3,1,0
13174,4,2,0
13174,5,0,0
13174,5,2,0
13174,6,1,0
13174,6,2,0
13174,7,0,0
13174,7,1,0
13174,7,2,0
13175,1,0,0
13175,2,1,0
13175,3,0,0
13175,3,1,0
13175,4,2,0
13175,5,0,0
13175,5,2,0
13175,6,1,0
13175,6,2,0
13175,7,0,0
13175,7,1,0
13175,7,2,0
13176,1,0,1
13176,2,1,1
13176,3,0,1
13176,3,1,1
13176,4,2,0
13176,5,0,1
13176,5,2,0
13176,6,1,1
13176,6,2,0
13176,7,0,1
13176,7,1,1
13176,7,2,0
13177,1,0,1
13177,2,1,1
13177,3,0,1
13177,3,1,1
13177,4,2,0
13177,5,0,1
13177,5,2,0
13177,6,1,1
13177,6,2,0
13177,7,0,1
13177,7,1,1
13177,7,2,0
13178,1,0,0
13178,2,1,0
13178,3,0,0
13178,3,1,0
13178,4,2,0
13178,5,0,0
13178,5,2,0
13178,6,1,0
13178,6,2,0
13178,7,0,0
13178,7,1,0
13178,7,2,0
13179,1,0,0
13179,2,1,0
13179,3,0,0
13179,3,1,0
13179,4,2,0
13179,5,0,0
13179,5,2,0
13179,6,1,0
13179,6,2,0
13179,7,0,0
13179,7,1,0
13179,7,2,0
13180,1,0,0
13180,2,1,0
13180,3,0,0
13180,3,1,0
13180,4,2,0
13180,5,0,0
13180,5,2,0
13180,6,1,0
13180,6,2,0
13180,7,0,0
13180,7,1,0
13180,7,2,0
13181,1,0,0
13181,2,1,0
13181,3,0,0
13181,3,1,0
13181,4,2,0
13181,5,0,0
13181,5,2,0
13181,6,1,0
13181,6,2,0
13181,7,0,0
13181,7,1,0
13181,7,2,0
13182,1,0,0
13182,2,1,0
13182,3,0,0
13182,3,1,0
13182,4,2,0
13182,5,0,0
13182,5,2,0
13182,6,1,0
13182,6,2,0
13182,7,0,0
13182,7,1,0
13182,7,2,0
13183,1,0,0
13183,2,1,0
13183,3,0,0
13183,3,1,0
13183,4,2,0
13183,5,0,0
13183,5,2,0
13183,6,1,0
13183,6,2,0
13183,7,0,0
13183,7,1,0
13183,7,2,0
13184,1,0,0
13184,2,1,0
13184,3,0,0
13184,3,1,0
13184,4,2,0
13184,5,0,0
13184,5,2,0
13184,6,1,0
13184,6,2,0
13184,7,0,0
13184,7,1,0
13184,7,2,0
13185,1,0,0
13185,2,1,0
13185,3,0,0
13185,3,1,0
13185,4,2,0
13185,5,0,0
13185,5,2,0
13185,6,1,0
13185,6,2,0
13185,7,0,0
13185,7,1,0
13185,7,2,0
13186,1,0,0
13186,2,1,0
13186,3,0,0
13186,3,1,0
13186,4,2,0
13186,5,0,0
13186,5,2,0
13186,6,1,0
13186,6,2,0
13186,7,0,0
13186,7,1,0
13186,7,2,0
13187,1,0,0
13187,2,1,0
13187,3,0,0
13187,3,1,0
13187,4,2,0
13187,5,0,0
13187,5,2,0
13187,6,1,0
13187,6,2,0
13187,7,0,0
13187,7,1,0
13187,7,2,0
13188,1,0,0
13188,2,1,0
13188,3,0,0
13188,3,1,0
13188,4,2,0
13188,5,0,0
13188,5,2,0
13188,6,1,0
13188,6,2,0
13188,7,0,0
13188,7,1,0
13188,7,2,0
13189,1,0,0
13189,2,1,0
13189,3,0,0
13189,3,1,0
13189,4,2,0
13189,5,0,0
13189,5,2,0
13189,6,1,0
13189,6,2,0
13189,7,0,0
13189,7,1,0
13189,7,2,0
13190,1,0,0
13190,2,1,0
13190,3,0,0
13190,3,1,0
13190,4,2,0
13190,5,0,0
13190,5,2,0
13190,6,1,0
13190,6,2,0
13190,7,0,0
13190,7,1,0
13190,7,2,0
13191,1,0,0
13191,2,1,0
13191,3,0,0
13191,3,1,0
13191,4,2,0
13191,5,0,0
13191,5,2,0
13191,6,1,0
13191,6,2,0
13191,7,0,0
13191,7,1,0
13191,7,2,0
13192,1,0,0
13192,2,1,0
13192,3,0,0
13192,3,1,0
13192,4,2,0
13192,5,0,0
13192,5,2,0
13192,6,1,0
13192,6,2,0
13192,7,0,0
13192,7,1,0
13192,7,2,0
13193,1,0,0
13193,2,1,0
13193,3,0,0
13193,3,1,0
13193,4,2,0
13193,5,0,0
13193,5,2,0
13193,6,1,0
13193,6,2,0
13193,7,0,0
13193,7,1,0
13193,7,2,0
13194,1,0,0
13194,2,1,0
13194,3,0,0
13194,3,1,0
13194,4,2,0
13194,5,0,0
13194,5,2,0
13194,6,1,0
13194,6,2,0
13194,7,0,0
13194,7,1,0
13194,7,2,0
13195,1,0,0
13195,2,1,0
13195,3,0,0
13195,3,1,0
13195,4,2,0
13195,5,0,0
13195,5,2,0
13195,6,1,0
13195,6,2,0
13195,7,0,0
13195,7,1,0
13195,7,2,0
13196,1,0,0
13196,2,1,0
13196,3,0,0
13196,3,1,0
13196,4,2,0
13196,5,0,0
13196,5,2,0
13196,6,1,0
13196,6,2,0
13196,7,0,0
13196,7,1,0
13196,7,2,0
13197,1,0,0
13197,2,1,0
13197,3,0,0
13197,3,1,0
13197,4,2,0
13197,5,0,0
13197,5,2,0
13197,6,1,0
13197,6,2,0
13197,7,0,0
13197,7,1,0
13197,7,2,0
13198,1,0,0
13198,2,1,0
13198,3,0,0
13198,3,1,0
13198,4,2,0
13198,5,0,0
13198,5,2,0
13198,6,1,0
13198,6,2,0
13198,7,0,0
13198,7,1,0
13198,7,2,0
13199,1,0,0
13199,2,1,0
13199,3,0,0
13199,3,1,0
13199,4,2,0
13199,5,0,0
13199,5,2,0
13199,6,1,0
13199,6,2,0
13199,7,0,0
13199,7,1,0
13199,7,2,0
13200,1,0,0
13200,2,1,0
13200,3,0,0
13200,3,1,0
13200,4,2,0
13200,5,0,0
13200,5,2,0
13200,6,1,0
13200,6,2,0
13200,7,0,0
13200,7,1,0
13200,7,2,0
13201,1,0,0
13201,2,1,0
13201,3,0,0
13201,3,1,0
13201,4,2,0
13201,5,0,0
13201,5,2,0
13201,6,1,0
13201,6,2,0
13201,7,0,0
13201,7,1,0
13201,7,2,0
13202,1,0,0
13202,2,1,0
13202,3,0,0
13202,3,1,0
13202,4,2,0
13202,5,0,0
13202,5,2,0
13202,6,1,0
13202,6,2,0
13202,7,0,0
13202,7,1,0
13202,7,2,0
13203,1,0,1
13203,2,1,1
13203,3,0,1
13203,3,1,1
13203,4,2,0
13203,5,0,1
13203,5,2,0
13203,6,1,1
13203,6,2,0
13203,7,0,1
13203,7,1,1
13203,7,2,0
13204,1,0,1
13204,2,1,1
13204,3,0,1
13204,3,1,1
13204,4,2,0
13204,5,0,1
13204,5,2,0
13204,6,1,1
13204,6,2,0
13204,7,0,1
13204,7,1,1
13204,7,2,0
13205,1,0,0
13205,2,1,1
13205,3,0,0
13205,3,1,1
13205,4,2,0
13205,5,0,0
13205,5,2,0
13205,6,1,1
13205,6,2,0
13205,7,0,0
13205,7,1,1
13205,7,2,0
13206,1,0,1
13206,2,1,1
13206,3,0,1
13206,3,1,1
13206,4,2,0
13206,5,0,1
13206,5,2,0
13206,6,1,1
13206,6,2,0
13206,7,0,1
13206,7,1,1
13206,7,2,0
13207,1,0,1
13207,2,1,1
13207,3,0,1
13207,3,1,1
13207,4,2,0
13207,5,0,1
13207,5,2,0
13207,6,1,1
13207,6,2,0
13207,7,0,1
13207,7,1,1
13207,7,2,0
13208,1,0,0
13208,2,1,1
13208,3,0,0
13208,3,1,1
13208,4,2,0
13208,5,0,0
13208,5,2,0
13208,6,1,1
13208,6,2,0
13208,7,0,0
13208,7,1,1
13208,7,2,0
13209,1,0,1
13209,2,1,1
13209,3,0,1
13209,3,1,1
13209,4,2,0
13209,5,0,1
13209,5,2,0
13209,6,1,1
13209,6,2,0
13209,7,0,1
13209,7,1,1
13209,7,2,0
13210,1,0,1
13210,2,1,1
13210,3,0,1
13210,3,1,1
13210,4,2,0
13210,5,0,1
13210,5,2,0
13210,6,1,1
13210,6,2,0
13210,7,0,1
13210,7,1,1
13210,7,2,0
13211,1,0,0
13211,2,1,1
13211,3,0,0
13211,3,1,1
13211,4,2,0
13211,5,0,0
13211,5,2,0
13211,6,1,1
13211,6,2,0
13211,7,0,0
13211,7,1,1
13211,7,2,0
13212,1,0,0
13212,2,1,1
13212,3,0,0
13212,3,1,1
13212,4,2,0
13212,5,0,0
13212,5,2,0
13212,6,1,1
13212,6,2,0
13212,7,0,0
13212,7,1,1
13212,7,2,0
13213,1,0,0
13213,2,1,1
13213,3,0,0
13213,3,1,1
13213,4,2,0
13213,5,0,0
13213,5,2,0
13213,6,1,1
13213,6,2,0
13213,7,0,0
13213,7,1,1
13213,7,2,0
13214,1,0,0
13214,2,1,1
13214,3,0,0
13214,3,1,1
13214,4,2,0
13214,5,0,0
13214,5,2,0
13214,6,1,1
13214,6,2,0
13214,7,0,0
13214,7,1,1
13214,7,2,0
13215,1,0,0
13215,2,1,1
13215,3,0,0
13215,3,1,1
13215,4,2,0
13215,5,0,0
13215,5,2,0
13215,6,1,1
13215,6,2,0
13215,7,0,0
13215,7,1,1
13215,7,2,0
13216,1,0,0
13216,2,1,1
13216,3,0,0
13216,3,1,1
13216,4,2,0
13216,5,0,0
13216,5,2,0
13216,6,1,1
13216,6,2,0
13216,7,0,0
13216,7,1,1
13216,7,2,0
13217,1,0,0
13217,2,1,1
13217,3,0,0
13217,3,1,1
13217,4,2,0
13217,5,0,0
13217,5,2,0
13217,6,1,1
13217,6,2,0
13217,7,0,0
13217,7,1,1
13217,7,2,0
13218,1,0,0
13218,2,1,1
13218,3,0,0
13218,3,1,1
13218,4,2,0
13218,5,0,0
13218,5,2,0
13218,6,1,1
13218,6,2,0
13218,7,0,0
13218,7,1,1
13218,7,2,0
13219,1,0,0
13219,2,1,1
13219,3,0,0
13219,3,1,1
13219,4,2,0
13219,5,0,0
13219,5,2,0
13219,6,1,1
13219,6,2,0
13219,7,0,0
13219,7,1,1
13219,7,2,0
13220,1,0,0
13220,2,1,1
13220,3,0,0
13220,3,1,1
13220,4,2,0
13220,5,0,0
13220,5,2,0
13220,6,1,1
13220,6,2,0
13220,7,0,0
13220,7,1,1
13220,7,2,0
13221,1,0,0
13221,2,1,1
13221,3,0,0
13221,3,1,1
13221,4,2,0
13221,5,0,0
13221,5,2,0
13221,6,1,1
13221,6,2,0
13221,7,0,0
13221,7,1,1
13221,7,2,0
13222,1,0,0
13222,2,1,1
13222,3,0,0
13222,3,1,1
13222,4,2,0
13222,5,0,0
13222,5,2,0
13222,6,1,1
13222,6,2,0
13222,7,0,0
13222,7,1,1
13222,7,2,0
13223,1,0,0
13223,2,1,1
13223,3,0,0
13223,3,1,1
13223,4,2,0
13223,5,0,0
13223,5,2,0
13223,6,1,1
13223,6,2,0
13223,7,0,0
13223,7,1,1
13223,7,2,0
13224,1,0,0
13224,2,1,1
13224,3,0,0
13224,3,1,1
13224,4,2,0
13224,5,0,0
13224,5,2,0
13224,6,1,1
13224,6,2,0
13224,7,0,0
13224,7,1,1
13224,7,2,0
13225,1,0,0
13225,2,1,1
13225,3,0,0
13225,3,1,1
13225,4,2,0
13225,5,0,0
13225,5,2,0
13225,6,1,1
13225,6,2,0
13225,7,0,0
13225,7,1,1
13225,7,2,0
13226,1,0,0
13226,2,1,1
13226,3,0,0
13226,3,1,1
13226,4,2,0
13226,5,0,0
13226,5,2,0
13226,6,1,1
13226,6,2,0
13226,7,0,0
13226,7,1,1
13226,7,2,0
13227,1,0,0
13227,2,1,1
13227,3,0,0
13227,3,1,1
13227,4,2,0
13227,5,0,0
13227,5,2,0
13227,6,1,1
13227,6,2,0
13227,7,0,0
13227,7,1,1
13227,7,2,0
13228,1,0,0
13228,2,1,1
13228,3,0,0
13228,3,1,1
13228,4,2,0
13228,5,0,0
13228,5,2,0
13228,6,1,1
13228,6,2,0
13228,7,0,0
13228,7,1,1
13228,7,2,0
13229,1,0,0
13229,2,1,1
13229,3,0,0
13229,3,1,1
13229,4,2,0
13229,5,0,0
13229,5,2,0
13229,6,1,1
13229,6,2,0
13229,7,0,0
13229,7,1,1
13229,7,2,0
13230,1,0,1
13230,2,1,1
13230,3,0,1
13230,3,1,1
13230,4,2,0
13230,5,0,1
13230,5,2,0
13230,6,1,1
13230,6,2,0
13230,7,0,1
13230,7,1,1
13230,7,2,0
13231,1,0,1
13231,2,1,1
13231,3,0,1
13231,3,1,1
13231,4,2,0
13231,5,0,1
13231,5,2,0
13231,6,1,1
13231,6,2,0
13231,7,0,1
13231,7,1,1
13231,7,2,0
13232,1,0,0
13232,2,1,0
13232,3,0,0
13232,3,1,0
13232,4,2,0
13232,5,0,0
13232,5,2,0
13232,6,1,0
13232,6,2,0
13232,7,0,0
13232,7,1,0
13232,7,2,0
13233,1,0,1
13233,2,1,1
13233,3,0,1
13233,3,1,1
13233,4,2,0
13233,5,0,1
13233,5,2,0
13233,6,1,1
13233,6,2,0
13233,7,0,1
13233,7,1,1
13233,7,2,0
13234,1,0,1
13234,2,1,1
13234,3,0,1
13234,3,1,1
13234,4,2,0
13234,5,0,1
13234,5,2,0
13234,6,1,1
13234,6,2,0
13234,7,0,1
13234,7,1,1
13234,7,2,0
13235,1,0,0
13235,2,1,0
13235,3,0,0
13235,3,1,0
13235,4,2,0
13235,5,0,0
13235,5,2,0
13235,6,1,0
13235,6,2,0
13235,7,0,0
13235,7,1,0
13235,7,2,0
13236,1,0,0
13236,2,1,0
13236,3,0,0
13236,3,1,0
13236,4,2,0
13236,5,0,0
13236,5,2,0
13236,6,1,0
13236,6,2,0
13236,7,0,0
13236,7,1,0
13236,7,2,0
13237,1,0,0
13237,2,1,0
13237,3,0,0
13237,3,1,0
13237,4,2,0
13237,5,0,0
13237,5,2,0
13237,6,1,0
13237,6,2,0
13237,7,0,0
13237,7,1,0
13237,7,2,0
13238,1,0,0
13238,2,1,0
13238,3,0,0
13238,3,1,0
13238,4,2,0
13238,5,0,0
13238,5,2,0
13238,6,1,0
13238,6,2,0
13238,7,0,0
13238,7,1,0
13238,7,2,0
13239,1,0,0
13239,2,1,0
13239,3,0,0
13239,3,1,0
13239,4,2,0
13239,5,0,0
13239,5,2,0
13239,6,1,0
13239,6,2,0
13239,7,0,0
13239,7,1,0
13239,7,2,0
13240,1,0,0
13240,2,1,0
13240,3,0,0
13240,3,1,0
13240,4,2,0
13240,5,0,0
13240,5,2,0
13240,6,1,0
13240,6,2,0
13240,7,0,0
13240,7,1,0
13240,7,2,0
13241,1,0,0
13241,2,1,0
13241,3,0,0
13241,3,1,0
13241,4,2,0
13241,5,0,0
13241,5,2,0
13241,6,1,0
13241,6,2,0
13241,7,0,0
13241,7,1,0
13241,7,2,0
13242,1,0,0
13242,2,1,0
13242,3,0,0
13242,3,1,0
13242,4,2,0
13242,5,0,0
13242,5,2,0
13242,6,1,0
13242,6,2,0
13242,7,0,0
13242,7,1,0
13242,7,2,0
13243,1,0,0
13243,2,1,0
13243,3,0,0
13243,3,1,0
13243,4,2,0
13243,5,0,0
13243,5,2,0
13243,6,1,0
13243,6,2,0
13243,7,0,0
13243,7,1,0
13243,7,2,0
13244,1,0,0
13244,2,1,0
13244,3,0,0
13244,3,1,0
13244,4,2,0
13244,5,0,0
13244,5,2,0
13244,6,1,0
13244,6,2,0
13244,7,0,0
13244,7,1,0
13244,7,2,0
13245,1,0,0
13245,2,1,0
13245,3,0,0
13245,3,1,0
13245,4,2,0
13245,5,0,0
13245,5,2,0
13245,6,1,0
13245,6,2,0
13245,7,0,0
13245,7,1,0
13245,7,2,0
13246,1,0,0
13246,2,1,0
13246,3,0,0
13246,3,1,0
13246,4,2,0
13246,5,0,0
13246,5,2,0
13246,6,1,0
13246,6,2,0
13246,7,0,0
13246,7,1,0
13246,7,2,0
13247,1,0,0
13247,2,1,0
13247,3,0,0
13247,3,1,0
13247,4,2,0
13247,5,0,0
13247,5,2,0
13247,6,1,0
13247,6,2,0
13247,7,0,0
13247,7,1,0
13247,7,2,0
13248,1,0,0
13248,2,1,0
13248,3,0,0
13248,3,1,0
13248,4,2,0
13248,5,0,0
13248,5,2,0
13248,6,1,0
13248,6,2,0
13248,7,0,0
13248,7,1,0
13248,7,2,0
13249,1,0,0
13249,2,1,0
13249,3,0,0
13249,3,1,0
13249,4,2,0
13249,5,0,0
13249,5,2,0
13249,6,1,0
13249,6,2,0
13249,7,0,0
13249,7,1,0
13249,7,2,0
13250,1,0,0
13250,2,1,0
13250,3,0,0
13250,3,1,0
13250,4,2,0
13250,5,0,0
13250,5,2,0
13250,6,1,0
13250,6,2,0
13250,7,0,0
13250,7,1,0
13250,7,2,0
13251,1,0,0
13251,2,1,0
13251,3,0,0
13251,3,1,0
13251,4,2,0
13251,5,0,0
13251,5,2,0
13251,6,1,0
13251,6,2,0
13251,7,0,0
13251,7,1,0
13251,7,2,0
13252,1,0,0
13252,2,1,0
13252,3,0,0
13252,3,1,0
13252,4,2,0
13252,5,0,0
13252,5,2,0
13252,6,1,0
13252,6,2,0
13252,7,0,0
13252,7,1,0
13252,7,2,0
13253,1,0,0
13253,2,1,0
13253,3,0,0
13253,3,1,0
13253,4,2,0
13253,5,0,0
13253,5,2,0
13253,6,1,0
13253,6,2,0
13253,7,0,0
13253,7,1,0
13253,7,2,0
13254,1,0,0
13254,2,1,0
13254,3,0,0
13254,3,1,0
13254,4,2,0
13254,5,0,0
13254,5,2,0
13254,6,1,0
13254,6,2,0
13254,7,0,0
13254,7,1,0
13254,7,2,0
13255,1,0,0
13255,2,1,0
13255,3,0,0
13255,3,1,0
13255,4,2,0
13255,5,0,0
13255,5,2,0
13255,6,1,0
13255,6,2,0
13255,7,0,0
13255,7,1,0
13255,7,2,0
13256,1,0,0
13256,2,1,0
13256,3,0,0
13256,3,1,0
13256,4,2,0
13256,5,0,0
13256,5,2,0
13256,6,1,0
13256,6,2,0
13256,7,0,0
13256,7,1,0
13256,7,2,0
13257,1,0,1
13257,2,1,1
13257,3,0,1
13257,3,1,1
13257,4,2,0
13257,5,0,1
13257,5,2,0
13257,6,1,1
13257,6,2,0
13257,7,0,1
13257,7,1,1
13257,7,2,0
13258,1,0,1
13258,2,1,1
13258,3,0,1
13258,3,1,1
13258,4,2,0
13258,5,0,1
13258,5,2,0
13258,6,1,1
13258,6,2,0
13258,7,0,1
13258,7,1,1
13258,7,2,0
13259,1,0,0
13259,2,1,0
13259,3,0,0
13259,3,1,0
13259,4,2,0
13259,5,0,0
13259,5,2,0
13259,6,1,0
13259,6,2,0
13259,7,0,0
13259,7,1,0
13259,7,2,0
13260,1,0,0
13260,2,1,0
13260,3,0,0
13260,3,1,0
13260,4,2,0
13260,5,0,0
13260,5,2,0
13260,6,1,0
13260,6,2,0
13260,7,0,0
13260,7,1,0
13260,7,2,0
13261,1,0,0
13261,2,1,0
13261,3,0,0
13261,3,1,0
13261,4,2,0
13261,5,0,0
13261,5,2,0
13261,6,1,0
13261,6,2,0
13261,7,0,0
13261,7,1,0
13261,7,2,0
13262,1,0,0
13262,2,1,0
13262,3,0,0
13262,3,1,0
13262,4,2,0
13262,5,0,0
13262,5,2,0
13262,6,1,0
13262,6,2,0
13262,7,0,0
13262,7,1,0
13262,7,2,0
13263,1,0,0
13263,2,1,0
13263,3,0,0
13263,3,1,0
13263,4,2,0
13263,5,0,0
13263,5,2,0
13263,6,1,0
13263,6,2,0
13263,7,0,0
13263,7,1,0
13263,7,2,0
13264,1,0,0
13264,2,1,0
13264,3,0,0
13264,3,1,0
13264,4,2,0
13264,5,0,0
13264,5,2,0
13264,6,1,0
13264,6,2,0
13264,7,0,0
13264,7,1,0
13264,7,2,0
13265,1,0,0
13265,2,1,0
13265,3,0,0
13265,3,1,0
13265,4,2,0
13265,5,0,0
13265,5,2,0
13265,6,1,0
13265,6,2,0
13265,7,0,0
13265,7,1,0
13265,7,2,0
13266,1,0,0
13266,2,1,0
13266,3,0,0
13266,3,1,0
13266,4,2,0
13266,5,0,0
13266,5,2,0
13266,6,1,0
13266,6,2,0
13266,7,0,0
13266,7,1,0
13266,7,2,0
13267,1,0,0
13267,2,1,0
13267,3,0,0
13267,3,1,0
13267,4,2,0
13267,5,0,0
13267,5,2,0
13267,6,1,0
13267,6,2,0
13267,7,0,0
13267,7,1,0
13267,7,2,0
13268,1,0,0
13268,2,1,0
13268,3,0,0
13268,3,1,0
13268,4,2,0
13268,5,0,0
13268,5,2,0
13268,6,1,0
13268,6,2,0
13268,7,0,0
13268,7,1,0
13268,7,2,0
13269,1,0,0
13269,2,1,0
13269,3,0,0
13269,3,1,0
13269,4,2,0
13269,5,0,0
13269,5,2,0
13269,6,1,0
13269,6,2,0
13269,7,0,0
13269,7,1,0
13269,7,2,0
13270,1,0,0
13270,2,1,0
13270,3,0,0
13270,3,1,0
13270,4,2,0
13270,5,0,0
13270,5,2,0
13270,6,1,0
13270,6,2,0
13270,7,0,0
13270,7,1,0
13270,7,2,0
13271,1,0,0
13271,2,1,0
13271,3,0,0
13271,3,1,0
13271,4,2,0
13271,5,0,0
13271,5,2,0
13271,6,1,0
13271,6,2,0
13271,7,0,0
13271,7,1,0
13271,7,2,0
13272,1,0,0
13272,2,1,0
13272,3,0,0
13272,3,1,0
13272,4,2,0
13272,5,0,0
13272,5,2,0
13272,6,1,0
13272,6,2,0
13272,7,0,0
13272,7,1,0
13272,7,2,0
13273,1,0,0
13273,2,1,0
13273,3,0,0
13273,3,1,0
13273,4,2,0
13273,5,0,0
13273,5,2,0
13273,6,1,0
13273,6,2,0
13273,7,0,0
13273,7,1,0
13273,7,2,0
13274,1,0,0
13274,2,1,0
13274,3,0,0
13274,3,1,0
13274,4,2,0
13274,5,0,0
13274,5,2,0
13274,6,1,0
13274,6,2,0
13274,7,0,0
13274,7,1,0
13274,7,2,0
13275,1,0,0
13275,2,1,0
13275,3,0,0
13275,3,1,0
13275,4,2,0
13275,5,0,0
13275,5,2,0
13275,6,1,0
13275,6,2,0
13275,7,0,0
13275,7,1,0
13275,7,2,0
13276,1,0,0
13276,2,1,0
13276,3,0,0
13276,3,1,0
13276,4,2,0
13276,5,0,0
13276,5,2,0
13276,6,1,0
13276,6,2,0
13276,7,0,0
13276,7,1,0
13276,7,2,0
13277,1,0,0
13277,2,1,0
13277,3,0,0
13277,3,1,0
13277,4,2,0
13277,5,0,0
13277,5,2,0
13277,6,1,0
13277,6,2,0
13277,7,0,0
13277,7,1,0
13277,7,2,0
13278,1,0,0
13278,2,1,0
13278,3,0,0
13278,3,1,0
13278,4,2,0
13278,5,0,0
13278,5,2,0
13278,6,1,0
13278,6,2,0
13278,7,0,0
13278,7,1,0
13278,7,2,0
13279,1,0,0
13279,2,1,0
13279,3,0,0
13279,3,1,0
13279,4,2,0
13279,5,0,0
13279,5,2,0
13279,6,1,0
13279,6,2,0
13279,7,0,0
13279,7,1,0
13279,7,2,0
13280,1,0,0
13280,2,1,0
13280,3,0,0
13280,3,1,0
13280,4,2,0
13280,5,0,0
13280,5,2,0
13280,6,1,0
13280,6,2,0
13280,7,0,0
13280,7,1,0
13280,7,2,0
13281,1,0,0
13281,2,1,0
13281,3,0,0
13281,3,1,0
13281,4,2,0
13281,5,0,0
13281,5,2,0
13281,6,1,0
13281,6,2,0
13281,7,0,0
13281,7,1,0
13281,7,2,0
13282,1,0,0
13282,2,1,0
13282,3,0,0
13282,3,1,0
13282,4,2,0
13282,5,0,0
13282,5,2,0
13282,6,1,0
13282,6,2,0
13282,7,0,0
13282,7,1,0
13282,7,2,0
13283,1,0,0
13283,2,1,0
13283,3,0,0
13283,3,1,0
13283,4,2,0
13283,5,0,0
13283,5,2,0
13283,6,1,0
13283,6,2,0
13283,7,0,0
13283,7,1,0
13283,7,2,0
13284,1,0,1
13284,2,1,0
13284,3,0,1
13284,3,1,0
13284,4,2,0
13284,5,0,1
13284,5,2,0
13284,6,1,0
13284,6,2,0
13284,7,0,1
13284,7,1,0
13284,7,2,0
13285,1,0,1
13285,2,1,0
13285,3,0,1
13285,3,1,0
13285,4,2,0
13285,5,0,1
13285,5,2,0
13285,6,1,0
13285,6,2,0
13285,7,0,1
13285,7,1,0
13285,7,2,0
13286,1,0,0
13286,2,1,0
13286,3,0,0
13286,3,1,0
13286,4,2,0
13286,5,0,0
13286,5,2,0
13286,6,1,0
13286,6,2,0
13286,7,0,0
13286,7,1,0
13286,7,2,0
13287,1,0,0
13287,2,1,0
13287,3,0,0
13287,3,1,0
13287,4,2,0
13287,5,0,0
13287,5,2,0
13287,6,1,0
13287,6,2,0
13287,7,0,0
13287,7,1,0
13287,7,2,0
13288,1,0,0
13288,2,1,0
13288,3,0,0
13288,3,1,0
13288,4,2,0
13288,5,0,0
13288,5,2,0
13288,6,1,0
13288,6,2,0
13288,7,0,0
13288,7,1,0
13288,7,2,0
13289,1,0,0
13289,2,1,0
13289,3,0,0
13289,3,1,0
13289,4,2,0
13289,5,0,0
13289,5,2,0
13289,6,1,0
13289,6,2,0
13289,7,0,0
13289,7,1,0
13289,7,2,0
13290,1,0,0
13290,2,1,0
13290,3,0,0
13290,3,1,0
13290,4,2,0
13290,5,0,0
13290,5,2,0
13290,6,1,0
13290,6,2,0
13290,7,0,0
13290,7,1,0
13290,7,2,0
13291,1,0,0
13291,2,1,0
13291,3,0,0
13291,3,1,0
13291,4,2,0
13291,5,0,0
13291,5,2,0
13291,6,1,0
13291,6,2,0
13291,7,0,0
13291,7,1,0
13291,7,2,0
13292,1,0,0
13292,2,1,0
13292,3,0,0
13292,3,1,0
13292,4,2,0
13292,5,0,0
13292,5,2,0
13292,6,1,0
13292,6,2,0
13292,7,0,0
13292,7,1,0
13292,7,2,0
13293,1,0,0
13293,2,1,0
13293,3,0,0
13293,3,1,0
13293,4,2,0
13293,5,0,0
13293,5,2,0
13293,6,1,0
13293,6,2,0
13293,7,0,0
13293,7,1,0
13293,7,2,0
13294,1,0,0
13294,2,1,0
13294,3,0,0
13294,3,1,0
13294,4,2,0
13294,5,0,0
13294,5,2,0
13294,6,1,0
13294,6,2,0
13294,7,0,0
13294,7,1,0
13294,7,2,0
13295,1,0,0
13295,2,1,0
13295,3,0,0
13295,3,1,0
13295,4,2,0
13295,5,0,0
13295,5,2,0
13295,6,1,0
13295,6,2,0
13295,7,0,0
13295,7,1,0
13295,7,2,0
13296,1,0,0
13296,2,1,0
13296,3,0,0
13296,3,1,0
13296,4,2,0
13296,5,0,0
13296,5,2,0
13296,6,1,0
13296,6,2,0
13296,7,0,0
13296,7,1,0
13296,7,2,0
13297,1,0,0
13297,2,1,0
13297,3,0,0
13297,3,1,0
13297,4,2,0
13297,5,0,0
13297,5,2,0
13297,6,1,0
13297,6,2,0
13297,7,0,0
13297,7,1,0
13297,7,2,0
13298,1,0,0
13298,2,1,0
13298,3,0,0
13298,3,1,0
13298,4,2,0
13298,5,0,0
13298,5,2,0
13298,6,1,0
13298,6,2,0
13298,7,0,0
13298,7,1,0
13298,7,2,0
13299,1,0,0
13299,2,1,0
13299,3,0,0
13299,3,1,0
13299,4,2,0
13299,5,0,0
13299,5,2,0
13299,6,1,0
13299,6,2,0
13299,7,0,0
13299,7,1,0
13299,7,2,0
13300,1,0,0
13300,2,1,0
13300,3,0,0
13300,3,1,0
13300,4,2,0
13300,5,0,0
13300,5,2,0
13300,6,1,0
13300,6,2,0
13300,7,0,0
13300,7,1,0
13300,7,2,0
13301,1,0,0
13301,2,1,0
13301,3,0,0
13301,3,1,0
13301,4,2,0
13301,5,0,0
13301,5,2,0
13301,6,1,0
13301,6,2,0
13301,7,0,0
13301,7,1,0
13301,7,2,0
13302,1,0,0
13302,2,1,0
13302,3,0,0
13302,3,1,0
13302,4,2,0
13302,5,0,0
13302,5,2,0
13302,6,1,0
13302,6,2,0
13302,7,0,0
13302,7,1,0
13302,7,2,0
13303,1,0,0
13303,2,1,0
13303,3,0,0
13303,3,1,0
13303,4,2,0
13303,5,0,0
13303,5,2,0
13303,6,1,0
13303,6,2,0
13303,7,0,0
13303,7,1,0
13303,7,2,0
13304,1,0,0
13304,2,1,0
13304,3,0,0
13304,3,1,0
13304,4,2,0
13304,5,0,0
13304,5,2,0
13304,6,1,0
13304,6,2,0
13304,7,0,0
13304,7,1,0
13304,7,2,0
13305,1,0,0
13305,2,1,0
13305,3,0,0
13305,3,1,0
13305,4,2,0
13305,5,0,0
13305,5,2,0
13305,6,1,0
13305,6,2,0
13305,7,0,0
13305,7,1,0
13305,7,2,0
13306,1,0,0
13306,2,1,0
13306,3,0,0
13306,3,1,0
13306,4,2,0
13306,5,0,0
13306,5,2,0
13306,6,1,0
13306,6,2,0
13306,7,0,0
13306,7,1,0
13306,7,2,0
13307,1,0,0
13307,2,1,0
13307,3,0,0
13307,3,1,0
13307,4,2,0
13307,5,0,0
13307,5,2,0
13307,6,1,0
13307,6,2,0
13307,7,0,0
13307,7,1,0
13307,7,2,0
13308,1,0,0
13308,2,1,0
13308,3,0,0
13308,3,1,0
13308,4,2,0
13308,5,0,0
13308,5,2,0
13308,6,1,0
13308,6,2,0
13308,7,0,0
13308,7,1,0
13308,7,2,0
13309,1,0,0
13309,2,1,0
13309,3,0,0
13309,3,1,0
13309,4,2,0
13309,5,0,0
13309,5,2,0
13309,6,1,0
13309,6,2,0
13309,7,0,0
13309,7,1,0
13309,7,2,0
13310,1,0,0
13310,2,1,0
13310,3,0,0
13310,3,1,0
13310,4,2,0
13310,5,0,0
13310,5,2,0
13310,6,1,0
13310,6,2,0
13310,7,0,0
13310,7,1,0
13310,7,2,0
13311,1,0,1
13311,2,1,0
13311,3,0,1
13311,3,1,0
13311,4,2,0
13311,5,0,1
13311,5,2,0
13311,6,1,0
13311,6,2,0
13311,7,0,1
13311,7,1,0
13311,7,2,0
13312,1,0,1
13312,2,1,0
13312,3,0,1
13312,3,1,0
13312,4,2,0
13312,5,0,1
13312,5,2,0
13312,6,1,0
13312,6,2,0
13312,7,0,1
13312,7,1,0
13312,7,2,0
13313,1,0,0
13313,2,1,0
13313,3,0,0
13313,3,1,0
13313,4,2,0
13313,5,0,0
13313,5,2,0
13313,6,1,0
13313,6,2,0
13313,7,0,0
13313,7,1,0
13313,7,2,0
13314,1,0,0
13314,2,1,0
13314,3,0,0
13314,3,1,0
13314,4,2,0
13314,5,0,0
13314,5,2,0
13314,6,1,0
13314,6,2,0
13314,7,0,0
13314,7,1,0
13314,7,2,0
13315,1,0,0
13315,2,1,0
13315,3,0,0
13315,3,1,0
13315,4,2,0
13315,5,0,0
13315,5,2,0
13315,6,1,0
13315,6,2,0
13315,7,0,0
13315,7,1,0
13315,7,2,0
13316,1,0,0
13316,2,1,0
13316,3,0,0
13316,3,1,0
13316,4,2,0
13316,5,0,0
13316,5,2,0
13316,6,1,0
13316,6,2,0
13316,7,0,0
13316,7,1,0
13316,7,2,0
13317,1,0,0
13317,2,1,0
13317,3,0,0
13317,3,1,0
13317,4,2,0
13317,5,0,0
13317,5,2,0
13317,6,1,0
13317,6,2,0
13317,7,0,0
13317,7,1,0
13317,7,2,0
13318,1,0,0
13318,2,1,0
13318,3,0,0
13318,3,1,0
13318,4,2,0
13318,5,0,0
13318,5,2,0
13318,6,1,0
13318,6,2,0
13318,7,0,0
13318,7,1,0
13318,7,2,0
13319,1,0,0
13319,2,1,0
13319,3,0,0
13319,3,1,0
13319,4,2,0
13319,5,0,0
13319,5,2,0
13319,6,1,0
13319,6,2,0
13319,7,0,0
13319,7,1,0
13319,7,2,0
13320,1,0,0
13320,2,1,0
13320,3,0,0
13320,3,1,0
13320,4,2,0
13320,5,0,0
13320,5,2,0
13320,6,1,0
13320,6,2,0
13320,7,0,0
13320,7,1,0
13320,7,2,0
13321,1,0,0
13321,2,1,0
13321,3,0,0
13321,3,1,0
13321,4,2,0
13321,5,0,0
13321,5,2,0
13321,6,1,0
13321,6,2,0
13321,7,0,0
13321,7,1,0
13321,7,2,0
13322,1,0,0
13322,2,1,0
13322,3,0,0
13322,3,1,0
13322,4,2,0
13322,5,0,0
13322,5,2,0
13322,6,1,0
13322,6,2,0
13322,7,0,0
13322,7,1,0
13322,7,2,0
13323,1,0,0
13323,2,1,0
13323,3,0,0
13323,3,1,0
13323,4,2,0
13323,5,0,0
13323,5,2,0
13323,6,1,0
13323,6,2,0
13323,7,0,0
13323,7,1,0
13323,7,2,0
13324,1,0,0
13324,2,1,0
13324,3,0,0
13324,3,1,0
13324,4,2,0
13324,5,0,0
13324,5,2,0
13324,6,1,0
13324,6,2,0
13324,7,0,0
13324,7,1,0
13324,7,2,0
13325,1,0,0
13325,2,1,0
13325,3,0,0
13325,3,1,0
13325,4,2,0
13325,5,0,0
13325,5,2,0
13325,6,1,0
13325,6,2,0
13325,7,0,0
13325,7,1,0
13325,7,2,0
13326,1,0,0
13326,2,1,0
13326,3,0,0
13326,3,1,0
13326,4,2,0
13326,5,0,0
13326,5,2,0
13326,6,1,0
13326,6,2,0
13326,7,0,0
13326,7,1,0
13326,7,2,0
13327,1,0,0
13327,2,1,0
13327,3,0,0
13327,3,1,0
13327,4,2,0
13327,5,0,0
13327,5,2,0
13327,6,1,0
13327,6,2,0
13327,7,0,0
13327,7,1,0
13327,7,2,0
13328,1,0,0
13328,2,1,0
13328,3,0,0
13328,3,1,0
13328,4,2,0
13328,5,0,0
13328,5,2,0
13328,6,1,0
13328,6,2,0
13328,7,0,0
13328,7,1,0
13328,7,2,0
13329,1,0,0
13329,2,1,0
13329,3,0,0
13329,3,1,0
13329,4,2,0
13329,5,0,0
13329,5,2,0
13329,6,1,0
13329,6,2,0
13329,7,0,0
13329,7,1,0
13329,7,2,0
13330,1,0,0
13330,2,1,0
13330,3,0,0
13330,3,1,0
13330,4,2,0
13330,5,0,0
13330,5,2,0
13330,6,1,0
13330,6,2,0
13330,7,0,0
13330,7,1,0
13330,7,2,0
13331,1,0,0
13331,2,1,0
13331,3,0,0
13331,3,1,0
13331,4,2,0
13331,5,0,0
13331,5,2,0
13331,6,1,0
13331,6,2,0
13331,7,0,0
13331,7,1,0
13331,7,2,0
13332,1,0,0
13332,2,1,0
13332,3,0,0
13332,3,1,0
13332,4,2,0
13332,5,0,0
13332,5,2,0
13332,6,1,0
13332,6,2,0
13332,7,0,0
13332,7,1,0
13332,7,2,0
13333,1,0,0
13333,2,1,0
13333,3,0,0
13333,3,1,0
13333,4,2,0
13333,5,0,0
13333,5,2,0
13333,6,1,0
13333,6,2,0
13333,7,0,0
13333,7,1,0
13333,7,2,0
13334,1,0,0
13334,2,1,0
13334,3,0,0
13334,3,1,0
13334,4,2,0
13334,5,0,0
13334,5,2,0
13334,6,1,0
13334,6,2,0
13334,7,0,0
13334,7,1,0
13334,7,2,0
13335,1,0,0
13335,2,1,0
13335,3,0,0
13335,3,1,0
13335,4,2,0
13335,5,0,0
13335,5,2,0
13335,6,1,0
13335,6,2,0
13335,7,0,0
13335,7,1,0
13335,7,2,0
13336,1,0,0
13336,2,1,0
13336,3,0,0
13336,3,1,0
13336,4,2,0
13336,5,0,0
13336,5,2,0
13336,6,1,0
13336,6,2,0
13336,7,0,0
13336,7,1,0
13336,7,2,0
13337,1,0,0
13337,2,1,0
13337,3,0,0
13337,3,1,0
13337,4,2,0
13337,5,0,0
13337,5,2,0
13337,6,1,0
13337,6,2,0
13337,7,0,0
13337,7,1,0
13337,7,2,0
13338,1,0,1
13338,2,1,0
13338,3,0,1
13338,3,1,0
13338,4,2,0
13338,5,0,1
13338,5,2,0
13338,6,1,0
13338,6,2,0
13338,7,0,1
13338,7,1,0
13338,7,2,0
13339,1,0,1
13339,2,1,0
13339,3,0,1
13339,3,1,0
13339,4,2,0
13339,5,0,1
13339,5,2,0
13339,6,1,0
13339,6,2,0
13339,7,0,1
13339,7,1,0
13339,7,2,0
13340,1,0,0
13340,2,1,0
13340,3,0,0
13340,3,1,0
13340,4,2,0
13340,5,0,0
13340,5,2,0
13340,6,1,0
13340,6,2,0
13340,7,0,0
13340,7,1,0
13340,7,2,0
13341,1,0,0
13341,2,1,0
13341,3,0,0
13341,3,1,0
13341,4,2,0
13341,5,0,0
13341,5,2,0
13341,6,1,0
13341,6,2,0
13341,7,0,0
13341,7,1,0
13341,7,2,0
13342,1,0,0
13342,2,1,0
13342,3,0,0
13342,3,1,0
13342,4,2,0
13342,5,0,0
13342,5,2,0
13342,6,1,0
13342,6,2,0
13342,7,0,0
13342,7,1,0
13342,7,2,0
13343,1,0,0
13343,2,1,0
13343,3,0,0
13343,3,1,0
13343,4,2,0
13343,5,0,0
13343,5,2,0
13343,6,1,0
13343,6,2,0
13343,7,0,0
13343,7,1,0
13343,7,2,0
13344,1,0,0
13344,2,1,0
13344,3,0,0
13344,3,1,0
13344,4,2,0
13344,5,0,0
13344,5,2,0
13344,6,1,0
13344,6,2,0
13344,7,0,0
13344,7,1,0
13344,7,2,0
13345,1,0,0
13345,2,1,0
13345,3,0,0
13345,3,1,0
13345,4,2,0
13345,5,0,0
13345,5,2,0
13345,6,1,0
13345,6,2,0
13345,7,0,0
13345,7,1,0
13345,7,2,0
13346,1,0,0
13346,2,1,0
13346,3,0,0
13346,3,1,0
13346,4,2,0
13346,5,0,0
13346,5,2,0
13346,6,1,0
13346,6,2,0
13346,7,0,0
13346,7,1,0
13346,7,2,0
13347,1,0,0
13347,2,1,0
13347,3,0,0
13347,3,1,0
13347,4,2,0
13347,5,0,0
13347,5,2,0
13347,6,1,0
13347,6,2,0
13347,7,0,0
13347,7,1,0
13347,7,2,0
13348,1,0,0
13348,2,1,0
13348,3,0,0
13348,3,1,0
13348,4,2,0
13348,5,0,0
13348,5,2,0
13348,6,1,0
13348,6,2,0
13348,7,0,0
13348,7,1,0
13348,7,2,0
13349,1,0,0
13349,2,1,0
13349,3,0,0
13349,3,1,0
13349,4,2,0
13349,5,0,0
13349,5,2,0
13349,6,1,0
13349,6,2,0
13349,7,0,0
13349,7,1,0
13349,7,2,0
13350,1,0,0
13350,2,1,0
13350,3,0,0
13350,3,1,0
13350,4,2,0
13350,5,0,0
13350,5,2,0
13350,6,1,0
13350,6,2,0
13350,7,0,0
13350,7,1,0
13350,7,2,0
13351,1,0,0
13351,2,1,0
13351,3,0,0
13351,3,1,0
13351,4,2,0
13351,5,0,0
13351,5,2,0
13351,6,1,0
13351,6,2,0
13351,7,0,0
13351,7,1,0
13351,7,2,0
13352,1,0,0
13352,2,1,0
13352,3,0,0
13352,3,1,0
13352,4,2,0
13352,5,0,0
13352,5,2,0
13352,6,1,0
13352,6,2,0
13352,7,0,0
13352,7,1,0
13352,7,2,0
13353,1,0,0
13353,2,1,0
13353,3,0,0
13353,3,1,0
13353,4,2,0
13353,5,0,0
13353,5,2,0
13353,6,1,0
13353,6,2,0
13353,7,0,0
13353,7,1,0
13353,7,2,0
13354,1,0,0
13354,2,1,0
13354,3,0,0
13354,3,1,0
13354,4,2,0
13354,5,0,0
13354,5,2,0
13354,6,1,0
13354,6,2,0
13354,7,0,0
13354,7,1,0
13354,7,2,0
13355,1,0,0
13355,2,1,0
13355,3,0,0
13355,3,1,0
13355,4,2,0
13355,5,0,0
13355,5,2,0
13355,6,1,0
13355,6,2,0
13355,7,0,0
13355,7,1,0
13355,7,2,0
13356,1,0,0
13356,2,1,0
13356,3,0,0
13356,3,1,0
13356,4,2,0
13356,5,0,0
13356,5,2,0
13356,6,1,0
13356,6,2,0
13356,7,0,0
13356,7,1,0
13356,7,2,0
13357,1,0,0
13357,2,1,0
13357,3,0,0
13357,3,1,0
13357,4,2,0
13357,5,0,0
13357,5,2,0
13357,6,1,0
13357,6,2,0
13357,7,0,0
13357,7,1,0
13357,7,2,0
13358,1,0,0
13358,2,1,0
13358,3,0,0
13358,3,1,0
13358,4,2,0
13358,5,0,0
13358,5,2,0
13358,6,1,0
13358,6,2,0
13358,7,0,0
13358,7,1,0
13358,7,2,0
13359,1,0,0
13359,2,1,0
13359,3,0,0
13359,3,1,0
13359,4,2,0
13359,5,0,0
13359,5,2,0
13359,6,1,0
13359,6,2,0
13359,7,0,0
13359,7,1,0
13359,7,2,0
13360,1,0,0
13360,2,1,0
13360,3,0,0
13360,3,1,0
13360,4,2,0
13360,5,0,0
13360,5,2,0
13360,6,1,0
13360,6,2,0
13360,7,0,0
13360,7,1,0
13360,7,2,0
13361,1,0,0
13361,2,1,0
13361,3,0,0
13361,3,1,0
13361,4,2,0
13361,5,0,0
13361,5,2,0
13361,6,1,0
13361,6,2,0
13361,7,0,0
13361,7,1,0
13361,7,2,0
13362,1,0,0
13362,2,1,0
13362,3,0,0
13362,3,1,0
13362,4,2,0
13362,5,0,0
13362,5,2,0
13362,6,1,0
13362,6,2,0
13362,7,0,0
13362,7,1,0
13362,7,2,0
13363,1,0,0
13363,2,1,0
13363,3,0,0
13363,3,1,0
13363,4,2,0
13363,5,0,0
13363,5,2,0
13363,6,1,0
13363,6,2,0
13363,7,0,0
13363,7,1,0
13363,7,2,0
13364,1,0,0
13364,2,1,0
13364,3,0,0
13364,3,1,0
13364,4,2,0
13364,5,0,0
13364,5,2,0
13364,6,1,0
13364,6,2,0
13364,7,0,0
13364,7,1,0
13364,7,2,0
13365,1,0,1
13365,2,1,0
13365,3,0,1
13365,3,1,0
13365,4,2,0
13365,5,0,1
13365,5,2,0
13365,6,1,0
13365,6,2,0
13365,7,0,1
13365,7,1,0
13365,7,2,0
13366,1,0,1
13366,2,1,0
13366,3,0,1
13366,3,1,0
13366,4,2,0
13366,5,0,1
13366,5,2,0
13366,6,1,0
13366,6,2,0
13366,7,0,1
13366,7,1,0
13366,7,2,0
13367,1,0,0
13367,2,1,0
13367,3,0,0
13367,3,1,0
13367,4,2,0
13367,5,0,0
13367,5,2,0
13367,6,1,0
13367,6,2,0
13367,7,0,0
13367,7,1,0
13367,7,2,0
13368,1,0,0
13368,2,1,0
13368,3,0,0
13368,3,1,0
13368,4,2,0
13368,5,0,0
13368,5,2,0
13368,6,1,0
13368,6,2,0
13368,7,0,0
13368,7,1,0
13368,7,2,0
13369,1,0,0
13369,2,1,0
13369,3,0,0
13369,3,1,0
13369,4,2,0
13369,5,0,0
13369,5,2,0
13369,6,1,0
13369,6,2,0
13369,7,0,0
13369,7,1,0
13369,7,2,0
13370,1,0,0
13370,2,1,0
13370,3,0,0
13370,3,1,0
13370,4,2,0
13370,5,0,0
13370,5,2,0
13370,6,1,0
13370,6,2,0
13370,7,0,0
13370,7,1,0
13370,7,2,0
13371,1,0,0
13371,2,1,0
13371,3,0,0
13371,3,1,0
13371,4,2,0
13371,5,0,0
13371,5,2,0
13371,6,1,0
13371,6,2,0
13371,7,0,0
13371,7,1,0
13371,7,2,0
13372,1,0,0
13372,2,1,0
13372,3,0,0
13372,3,1,0
13372,4,2,0
13372,5,0,0
13372,5,2,0
13372,6,1,0
13372,6,2,0
13372,7,0,0
13372,7,1,0
13372,7,2,0
13373,1,0,0
13373,2,1,0
13373,3,0,0
13373,3,1,0
13373,4,2,0
13373,5,0,0
13373,5,2,0
13373,6,1,0
13373,6,2,0
13373,7,0,0
13373,7,1,0
13373,7,2,0
13374,1,0,0
13374,2,1,0
13374,3,0,0
13374,3,1,0
13374,4,2,0
13374,5,0,0
13374,5,2,0
13374,6,1,0
13374,6,2,0
13374,7,0,0
13374,7,1,0
13374,7,2,0
13375,1,0,0
13375,2,1,0
13375,3,0,0
13375,3,1,0
13375,4,2,0
13375,5,0,0
13375,5,2,0
13375,6,1,0
13375,6,2,0
13375,7,0,0
13375,7,1,0
13375,7,2,0
13376,1,0,0
13376,2,1,0
13376,3,0,0
13376,3,1,0
13376,4,2,0
13376,5,0,0
13376,5,2,0
13376,6,1,0
13376,6,2,0
13376,7,0,0
13376,7,1,0
13376,7,2,0
13377,1,0,0
13377,2,1,0
13377,3,0,0
13377,3,1,0
13377,4,2,0
13377,5,0,0
13377,5,2,0
13377,6,1,0
13377,6,2,0
13377,7,0,0
13377,7,1,0
13377,7,2,0
13378,1,0,0
13378,2,1,0
13378,3,0,0
13378,3,1,0
13378,4,2,0
13378,5,0,0
13378,5,2,0
13378,6,1,0
13378,6,2,0
13378,7,0,0
13378,7,1,0
13378,7,2,0
13379,1,0,0
13379,2,1,0
13379,3,0,0
13379,3,1,0
13379,4,2,0
13379,5,0,0
13379,5,2,0
13379,6,1,0
13379,6,2,0
13379,7,0,0
13379,7,1,0
13379,7,2,0
13380,1,0,0
13380,2,1,0
13380,3,0,0
13380,3,1,0
13380,4,2,0
13380,5,0,0
13380,5,2,0
13380,6,1,0
13380,6,2,0
13380,7,0,0
13380,7,1,0
13380,7,2,0
13381,1,0,0
13381,2,1,0
13381,3,0,0
13381,3,1,0
13381,4,2,0
13381,5,0,0
13381,5,2,0
13381,6,1,0
13381,6,2,0
13381,7,0,0
13381,7,1,0
13381,7,2,0
13382,1,0,0
13382,2,1,0
13382,3,0,0
13382,3,1,0
13382,4,2,0
13382,5,0,0
13382,5,2,0
13382,6,1,0
13382,6,2,0
13382,7,0,0
13382,7,1,0
13382,7,2,0
13383,1,0,0
13383,2,1,0
13383,3,0,0
13383,3,1,0
13383,4,2,0
13383,5,0,0
13383,5,2,0
13383,6,1,0
13383,6,2,0
13383,7,0,0
13383,7,1,0
13383,7,2,0
13384,1,0,0
13384,2,1,0
13384,3,0,0
13384,3,1,0
13384,4,2,0
13384,5,0,0
13384,5,2,0
13384,6,1,0
13384,6,2,0
13384,7,0,0
13384,7,1,0
13384,7,2,0
13385,1,0,0
13385,2,1,0
13385,3,0,0
13385,3,1,0
13385,4,2,0
13385,5,0,0
13385,5,2,0
13385,6,1,0
13385,6,2,0
13385,7,0,0
13385,7,1,0
13385,7,2,0
13386,1,0,0
13386,2,1,0
13386,3,0,0
13386,3,1,0
13386,4,2,0
13386,5,0,0
13386,5,2,0
13386,6,1,0
13386,6,2,0
13386,7,0,0
13386,7,1,0
13386,7,2,0
13387,1,0,0
13387,2,1,0
13387,3,0,0
13387,3,1,0
13387,4,2,0
13387,5,0,0
13387,5,2,0
13387,6,1,0
13387,6,2,0
13387,7,0,0
13387,7,1,0
13387,7,2,0
13388,1,0,0
13388,2,1,0
13388,3,0,0
13388,3,1,0
13388,4,2,0
13388,5,0,0
13388,5,2,0
13388,6,1,0
13388,6,2,0
13388,7,0,0
13388,7,1,0
13388,7,2,0
13389,1,0,0
13389,2,1,0
13389,3,0,0
13389,3,1,0
13389,4,2,0
13389,5,0,0
13389,5,2,0
13389,6,1,0
13389,6,2,0
13389,7,0,0
13389,7,1,0
13389,7,2,0
13390,1,0,0
13390,2,1,0
13390,3,0,0
13390,3,1,0
13390,4,2,0
13390,5,0,0
13390,5,2,0
13390,6,1,0
13390,6,2,0
13390,7,0,0
13390,7,1,0
13390,7,2,0
13391,1,0,0
13391,2,1,0
13391,3,0,0
13391,3,1,0
13391,4,2,0
13391,5,0,0
13391,5,2,0
13391,6,1,0
13391,6,2,0
13391,7,0,0
13391,7,1,0
13391,7,2,0
13392,1,0,1
13392,2,1,0
13392,3,0,1
13392,3,1,0
13392,4,2,0
13392,5,0,1
13392,5,2,0
13392,6,1,0
13392,6,2,0
13392,7,0,1
13392,7,1,0
13392,7,2,0
13393,1,0,1
13393,2,1,0
13393,3,0,1
13393,3,1,0
13393,4,2,0
13393,5,0,1
13393,5,2,0
13393,6,1,0
13393,6,2,0
13393,7,0,1
13393,7,1,0
13393,7,2,0
13394,1,0,0
13394,2,1,0
13394,3,0,0
13394,3,1,0
13394,4,2,0
13394,5,0,0
13394,5,2,0
13394,6,1,0
13394,6,2,0
13394,7,0,0
13394,7,1,0
13394,7,2,0
13395,1,0,0
13395,2,1,0
13395,3,0,0
13395,3,1,0
13395,4,2,0
13395,5,0,0
13395,5,2,0
13395,6,1,0
13395,6,2,0
13395,7,0,0
13395,7,1,0
13395,7,2,0
13396,1,0,0
13396,2,1,0
13396,3,0,0
13396,3,1,0
13396,4,2,0
13396,5,0,0
13396,5,2,0
13396,6,1,0
13396,6,2,0
13396,7,0,0
13396,7,1,0
13396,7,2,0
13397,1,0,0
13397,2,1,0
13397,3,0,0
13397,3,1,0
13397,4,2,0
13397,5,0,0
13397,5,2,0
13397,6,1,0
13397,6,2,0
13397,7,0,0
13397,7,1,0
13397,7,2,0
13398,1,0,0
13398,2,1,0
13398,3,0,0
13398,3,1,0
13398,4,2,0
13398,5,0,0
13398,5,2,0
13398,6,1,0
13398,6,2,0
13398,7,0,0
13398,7,1,0
13398,7,2,0
13399,1,0,0
13399,2,1,0
13399,3,0,0
13399,3,1,0
13399,4,2,0
13399,5,0,0
13399,5,2,0
13399,6,1,0
13399,6,2,0
13399,7,0,0
13399,7,1,0
13399,7,2,0
13400,1,0,0
13400,2,1,0
13400,3,0,0
13400,3,1,0
13400,4,2,0
13400,5,0,0
13400,5,2,0
13400,6,1,0
13400,6,2,0
13400,7,0,0
13400,7,1,0
13400,7,2,0
13401,1,0,0
13401,2,1,0
13401,3,0,0
13401,3,1,0
13401,4,2,0
13401,5,0,0
13401,5,2,0
13401,6,1,0
13401,6,2,0
13401,7,0,0
13401,7,1,0
13401,7,2,0
13402,1,0,0
13402,2,1,0
13402,3,0,0
13402,3,1,0
13402,4,2,0
13402,5,0,0
13402,5,2,0
13402,6,1,0
13402,6,2,0
13402,7,0,0
13402,7,1,0
13402,7,2,0
13403,1,0,0
13403,2,1,0
13403,3,0,0
13403,3,1,0
13403,4,2,0
13403,5,0,0
13403,5,2,0
13403,6,1,0
13403,6,2,0
13403,7,0,0
13403,7,1,0
13403,7,2,0
13404,1,0,0
13404,2,1,0
13404,3,0,0
13404,3,1,0
13404,4,2,0
13404,5,0,0
13404,5,2,0
13404,6,1,0
13404,6,2,0
13404,7,0,0
13404,7,1,0
13404,7,2,0
13405,1,0,0
13405,2,1,0
13405,3,0,0
13405,3,1,0
13405,4,2,0
13405,5,0,0
13405,5,2,0
13405,6,1,0
13405,6,2,0
13405,7,0,0
13405,7,1,0
13405,7,2,0
13406,1,0,0
13406,2,1,0
13406,3,0,0
13406,3,1,0
13406,4,2,0
13406,5,0,0
13406,5,2,0
13406,6,1,0
13406,6,2,0
13406,7,0,0
13406,7,1,0
13406,7,2,0
13407,1,0,0
13407,2,1,0
13407,3,0,0
13407,3,1,0
13407,4,2,0
13407,5,0,0
13407,5,2,0
13407,6,1,0
13407,6,2,0
13407,7,0,0
13407,7,1,0
13407,7,2,0
13408,1,0,0
13408,2,1,0
13408,3,0,0
13408,3,1,0
13408,4,2,0
13408,5,0,0
13408,5,2,0
13408,6,1,0
13408,6,2,0
13408,7,0,0
13408,7,1,0
13408,7,2,0
13409,1,0,0
13409,2,1,0
13409,3,0,0
13409,3,1,0
13409,4,2,0
13409,5,0,0
13409,5,2,0
13409,6,1,0
13409,6,2,0
13409,7,0,0
13409,7,1,0
13409,7,2,0
13410,1,0,0
13410,2,1,0
13410,3,0,0
13410,3,1,0
13410,4,2,0
13410,5,0,0
13410,5,2,0
13410,6,1,0
13410,6,2,0
13410,7,0,0
13410,7,1,0
13410,7,2,0
13411,1,0,0
13411,2,1,0
13411,3,0,0
13411,3,1,0
13411,4,2,0
13411,5,0,0
13411,5,2,0
13411,6,1,0
13411,6,2,0
13411,7,0,0
13411,7,1,0
13411,7,2,0
13412,1,0,0
13412,2,1,0
13412,3,0,0
13412,3,1,0
13412,4,2,0
13412,5,0,0
13412,5,2,0
13412,6,1,0
13412,6,2,0
13412,7,0,0
13412,7,1,0
13412,7,2,0
13413,1,0,0
13413,2,1,0
13413,3,0,0
13413,3,1,0
13413,4,2,0
13413,5,0,0
13413,5,2,0
13413,6,1,0
13413,6,2,0
13413,7,0,0
13413,7,1,0
13413,7,2,0
13414,1,0,0
13414,2,1,0
13414,3,0,0
13414,3,1,0
13414,4,2,0
13414,5,0,0
13414,5,2,0
13414,6,1,0
13414,6,2,0
13414,7,0,0
13414,7,1,0
13414,7,2,0
13415,1,0,0
13415,2,1,0
13415,3,0,0
13415,3,1,0
13415,4,2,0
13415,5,0,0
13415,5,2,0
13415,6,1,0
13415,6,2,0
13415,7,0,0
13415,7,1,0
13415,7,2,0
13416,1,0,0
13416,2,1,0
13416,3,0,0
13416,3,1,0
13416,4,2,0
13416,5,0,0
13416,5,2,0
13416,6,1,0
13416,6,2,0
13416,7,0,0
13416,7,1,0
13416,7,2,0
13417,1,0,0
13417,2,1,0
13417,3,0,0
13417,3,1,0
13417,4,2,0
13417,5,0,0
13417,5,2,0
13417,6,1,0
13417,6,2,0
13417,7,0,0
13417,7,1,0
13417,7,2,0
13418,1,0,0
13418,2,1,0
13418,3,0,0
13418,3,1,0
13418,4,2,0
13418,5,0,0
13418,5,2,0
13418,6,1,0
13418,6,2,0
13418,7,0,0
13418,7,1,0
13418,7,2,0
13419,1,0,1
13419,2,1,0
13419,3,0,1
13419,3,1,0
13419,4,2,0
13419,5,0,1
13419,5,2,0
13419,6,1,0
13419,6,2,0
13419,7,0,1
13419,7,1,0
13419,7,2,0
13420,1,0,1
13420,2,1,0
13420,3,0,1
13420,3,1,0
13420,4,2,0
13420,5,0,1
13420,5,2,0
13420,6,1,0
13420,6,2,0
13420,7,0,1
13420,7,1,0
13420,7,2,0
13421,1,0,0
13421,2,1,0
13421,3,0,0
13421,3,1,0
13421,4,2,0
13421,5,0,0
13421,5,2,0
13421,6,1,0
13421,6,2,0
13421,7,0,0
13421,7,1,0
13421,7,2,0
13422,1,0,0
13422,2,1,0
13422,3,0,0
13422,3,1,0
13422,4,2,0
13422,5,0,0
13422,5,2,0
13422,6,1,0
13422,6,2,0
13422,7,0,0
13422,7,1,0
13422,7,2,0
13423,1,0,0
13423,2,1,0
13423,3,0,0
13423,3,1,0
13423,4,2,0
13423,5,0,0
13423,5,2,0
13423,6,1,0
13423,6,2,0
13423,7,0,0
13423,7,1,0
13423,7,2,0
13424,1,0,0
13424,2,1,0
13424,3,0,0
13424,3,1,0
13424,4,2,0
13424,5,0,0
13424,5,2,0
13424,6,1,0
13424,6,2,0
13424,7,0,0
13424,7,1,0
13424,7,2,0
13425,1,0,0
13425,2,1,0
13425,3,0,0
13425,3,1,0
13425,4,2,0
13425,5,0,0
13425,5,2,0
13425,6,1,0
13425,6,2,0
13425,7,0,0
13425,7,1,0
13425,7,2,0
13426,1,0,0
13426,2,1,0
13426,3,0,0
13426,3,1,0
13426,4,2,0
13426,5,0,0
13426,5,2,0
13426,6,1,0
13426,6,2,0
13426,7,0,0
13426,7,1,0
13426,7,2,0
13427,1,0,0
13427,2,1,0
13427,3,0,0
13427,3,1,0
13427,4,2,0
13427,5,0,0
13427,5,2,0
13427,6,1,0
13427,6,2,0
13427,7,0,0
13427,7,1,0
13427,7,2,0
13428,1,0,0
13428,2,1,0
13428,3,0,0
13428,3,1,0
13428,4,2,0
13428,5,0,0
13428,5,2,0
13428,6,1,0
13428,6,2,0
13428,7,0,0
13428,7,1,0
13428,7,2,0
13429,1,0,0
13429,2,1,0
13429,3,0,0
13429,3,1,0
13429,4,2,0
13429,5,0,0
13429,5,2,0
13429,6,1,0
13429,6,2,0
13429,7,0,0
13429,7,1,0
13429,7,2,0
13430,1,0,0
13430,2,1,0
13430,3,0,0
13430,3,1,0
13430,4,2,0
13430,5,0,0
13430,5,2,0
13430,6,1,0
13430,6,2,0
13430,7,0,0
13430,7,1,0
13430,7,2,0
13431,1,0,0
13431,2,1,0
13431,3,0,0
13431,3,1,0
13431,4,2,0
13431,5,0,0
13431,5,2,0
13431,6,1,0
13431,6,2,0
13431,7,0,0
13431,7,1,0
13431,7,2,0
13432,1,0,0
13432,2,1,0
13432,3,0,0
13432,3,1,0
13432,4,2,0
13432,5,0,0
13432,5,2,0
13432,6,1,0
13432,6,2,0
13432,7,0,0
13432,7,1,0
13432,7,2,0
13433,1,0,0
13433,2,1,0
13433,3,0,0
13433,3,1,0
13433,4,2,0
13433,5,0,0
13433,5,2,0
13433,6,1,0
13433,6,2,0
13433,7,0,0
13433,7,1,0
13433,7,2,0
13434,1,0,0
13434,2,1,0
13434,3,0,0
13434,3,1,0
13434,4,2,0
13434,5,0,0
13434,5,2,0
13434,6,1,0
13434,6,2,0
13434,7,0,0
13434,7,1,0
13434,7,2,0
13435,1,0,0
13435,2,1,0
13435,3,0,0
13435,3,1,0
13435,4,2,0
13435,5,0,0
13435,5,2,0
13435,6,1,0
13435,6,2,0
13435,7,0,0
13435,7,1,0
13435,7,2,0
13436,1,0,0
13436,2,1,0
13436,3,0,0
13436,3,1,0
13436,4,2,0
13436,5,0,0
13436,5,2,0
13436,6,1,0
13436,6,2,0
13436,7,0,0
13436,7,1,0
13436,7,2,0
13437,1,0,0
13437,2,1,0
13437,3,0,0
13437,3,1,0
13437,4,2,0
13437,5,0,0
13437,5,2,0
13437,6,1,0
13437,6,2,0
13437,7,0,0
13437,7,1,0
13437,7,2,0
13438,1,0,0
13438,2,1,0
13438,3,0,0
13438,3,1,0
13438,4,2,0
13438,5,0,0
13438,5,2,0
13438,6,1,0
13438,6,2,0
13438,7,0,0
13438,7,1,0
13438,7,2,0
13439,1,0,0
13439,2,1,0
13439,3,0,0
13439,3,1,0
13439,4,2,0
13439,5,0,0
13439,5,2,0
13439,6,1,0
13439,6,2,0
13439,7,0,0
13439,7,1,0
13439,7,2,0
13440,1,0,0
13440,2,1,0
13440,3,0,0
13440,3,1,0
13440,4,2,0
13440,5,0,0
13440,5,2,0
13440,6,1,0
13440,6,2,0
13440,7,0,0
13440,7,1,0
13440,7,2,0
13441,1,0,0
13441,2,1,0
13441,3,0,0
13441,3,1,0
13441,4,2,0
13441,5,0,0
13441,5,2,0
13441,6,1,0
13441,6,2,0
13441,7,0,0
13441,7,1,0
13441,7,2,0
13442,1,0,0
13442,2,1,0
13442,3,0,0
13442,3,1,0
13442,4,2,0
13442,5,0,0
13442,5,2,0
13442,6,1,0
13442,6,2,0
13442,7,0,0
13442,7,1,0
13442,7,2,0
13443,1,0,0
13443,2,1,0
13443,3,0,0
13443,3,1,0
13443,4,2,0
13443,5,0,0
13443,5,2,0
13443,6,1,0
13443,6,2,0
13443,7,0,0
13443,7,1,0
13443,7,2,0
13444,1,0,0
13444,2,1,0
13444,3,0,0
13444,3,1,0
13444,4,2,0
13444,5,0,0
13444,5,2,0
13444,6,1,0
13444,6,2,0
13444,7,0,0
13444,7,1,0
13444,7,2,0
13445,1,0,0
13445,2,1,0
13445,3,0,0
13445,3,1,0
13445,4,2,0
13445,5,0,0
13445,5,2,0
13445,6,1,0
13445,6,2,0
13445,7,0,0
13445,7,1,0
13445,7,2,0
13446,1,0,1
13446,2,1,0
13446,3,0,1
13446,3,1,0
13446,4,2,0
13446,5,0,1
13446,5,2,0
13446,6,1,0
13446,6,2,0
13446,7,0,1
13446,7,1,0
13446,7,2,0
13447,1,0,1
13447,2,1,0
13447,3,0,1
13447,3,1,0
13447,4,2,0
13447,5,0,1
13447,5,2,0
13447,6,1,0
13447,6,2,0
13447,7,0,1
13447,7,1,0
13447,7,2,0
13448,1,0,0
13448,2,1,0
13448,3,0,0
13448,3,1,0
13448,4,2,0
13448,5,0,0
13448,5,2,0
13448,6,1,0
13448,6,2,0
13448,7,0,0
13448,7,1,0
13448,7,2,0
13449,1,0,0
13449,2,1,0
13449,3,0,0
13449,3,1,0
13449,4,2,0
13449,5,0,0
13449,5,2,0
13449,6,1,0
13449,6,2,0
13449,7,0,0
13449,7,1,0
13449,7,2,0
13450,1,0,0
13450,2,1,0
13450,3,0,0
13450,3,1,0
13450,4,2,0
13450,5,0,0
13450,5,2,0
13450,6,1,0
13450,6,2,0
13450,7,0,0
13450,7,1,0
13450,7,2,0
13451,1,0,0
13451,2,1,0
13451,3,0,0
13451,3,1,0
13451,4,2,0
13451,5,0,0
13451,5,2,0
13451,6,1,0
13451,6,2,0
13451,7,0,0
13451,7,1,0
13451,7,2,0
13452,1,0,0
13452,2,1,0
13452,3,0,0
13452,3,1,0
13452,4,2,0
13452,5,0,0
13452,5,2,0
13452,6,1,0
13452,6,2,0
13452,7,0,0
13452,7,1,0
13452,7,2,0
13453,1,0,0
13453,2,1,0
13453,3,0,0
13453,3,1,0
13453,4,2,0
13453,5,0,0
13453,5,2,0
13453,6,1,0
13453,6,2,0
13453,7,0,0
13453,7,1,0
13453,7,2,0
13454,1,0,0
13454,2,1,0
13454,3,0,0
13454,3,1,0
13454,4,2,0
13454,5,0,0
13454,5,2,0
13454,6,1,0
13454,6,2,0
13454,7,0,0
13454,7,1,0
13454,7,2,0
13455,1,0,0
13455,2,1,0
13455,3,0,0
13455,3,1,0
13455,4,2,0
13455,5,0,0
13455,5,2,0
13455,6,1,0
13455,6,2,0
13455,7,0,0
13455,7,1,0
13455,7,2,0
13456,1,0,0
13456,2,1,0
13456,3,0,0
13456,3,1,0
13456,4,2,0
13456,5,0,0
13456,5,2,0
13456,6,1,0
13456,6,2,0
13456,7,0,0
13456,7,1,0
13456,7,2,0
13457,1,0,0
13457,2,1,0
13457,3,0,0
13457,3,1,0
13457,4,2,0
13457,5,0,0
13457,5,2,0
13457,6,1,0
13457,6,2,0
13457,7,0,0
13457,7,1,0
13457,7,2,0
13458,1,0,0
13458,2,1,0
13458,3,0,0
13458,3,1,0
13458,4,2,0
13458,5,0,0
13458,5,2,0
13458,6,1,0
13458,6,2,0
13458,7,0,0
13458,7,1,0
13458,7,2,0
13459,1,0,0
13459,2,1,0
13459,3,0,0
13459,3,1,0
13459,4,2,0
13459,5,0,0
13459,5,2,0
13459,6,1,0
13459,6,2,0
13459,7,0,0
13459,7,1,0
13459,7,2,0
13460,1,0,0
13460,2,1,0
13460,3,0,0
13460,3,1,0
13460,4,2,0
13460,5,0,0
13460,5,2,0
13460,6,1,0
13460,6,2,0
13460,7,0,0
13460,7,1,0
13460,7,2,0
13461,1,0,0
13461,2,1,0
13461,3,0,0
13461,3,1,0
13461,4,2,0
13461,5,0,0
13461,5,2,0
13461,6,1,0
13461,6,2,0
13461,7,0,0
13461,7,1,0
13461,7,2,0
13462,1,0,0
13462,2,1,0
13462,3,0,0
13462,3,1,0
13462,4,2,0
13462,5,0,0
13462,5,2,0
13462,6,1,0
13462,6,2,0
13462,7,0,0
13462,7,1,0
13462,7,2,0
13463,1,0,0
13463,2,1,0
13463,3,0,0
13463,3,1,0
13463,4,2,0
13463,5,0,0
13463,5,2,0
13463,6,1,0
13463,6,2,0
13463,7,0,0
13463,7,1,0
13463,7,2,0
13464,1,0,0
13464,2,1,0
13464,3,0,0
13464,3,1,0
13464,4,2,0
13464,5,0,0
13464,5,2,0
13464,6,1,0
13464,6,2,0
13464,7,0,0
13464,7,1,0
13464,7,2,0
13465,1,0,0
13465,2,1,0
13465,3,0,0
13465,3,1,0
13465,4,2,0
13465,5,0,0
13465,5,2,0
13465,6,1,0
13465,6,2,0
13465,7,0,0
13465,7,1,0
13465,7,2,0
13466,1,0,0
13466,2,1,0
13466,3,0,0
13466,3,1,0
13466,4,2,0
13466,5,0,0
13466,5,2,0
13466,6,1,0
13466,6,2,0
13466,7,0,0
13466,7,1,0
13466,7,2,0
13467,1,0,0
13467,2,1,0
13467,3,0,0
13467,3,1,0
13467,4,2,0
13467,5,0,0
13467,5,2,0
13467,6,1,0
13467,6,2,0
13467,7,0,0
13467,7,1,0
13467,7,2,0
13468,1,0,0
13468,2,1,0
13468,3,0,0
13468,3,1,0
13468,4,2,0
13468,5,0,0
13468,5,2,0
13468,6,1,0
13468,6,2,0
13468,7,0,0
13468,7,1,0
13468,7,2,0
13469,1,0,0
13469,2,1,0
13469,3,0,0
13469,3,1,0
13469,4,2,0
13469,5,0,0
13469,5,2,0
13469,6,1,0
13469,6,2,0
13469,7,0,0
13469,7,1,0
13469,7,2,0
13470,1,0,0
13470,2,1,0
13470,3,0,0
13470,3,1,0
13470,4,2,0
13470,5,0,0
13470,5,2,0
13470,6,1,0
13470,6,2,0
13470,7,0,0
13470,7,1,0
13470,7,2,0
13471,1,0,0
13471,2,1,0
13471,3,0,0
13471,3,1,0
13471,4,2,0
13471,5,0,0
13471,5,2,0
13471,6,1,0
13471,6,2,0
13471,7,0,0
13471,7,1,0
13471,7,2,0
13472,1,0,0
13472,2,1,0
13472,3,0,0
13472,3,1,0
13472,4,2,0
13472,5,0,0
13472,5,2,0
13472,6,1,0
13472,6,2,0
13472,7,0,0
13472,7,1,0
13472,7,2,0
13473,1,0,1
13473,2,1,0
13473,3,0,1
13473,3,1,0
13473,4,2,0
13473,5,0,1
13473,5,2,0
13473,6,1,0
13473,6,2,0
13473,7,0,1
13473,7,1,0
13473,7,2,0
13474,1,0,1
13474,2,1,0
13474,3,0,1
13474,3,1,0
13474,4,2,0
13474,5,0,1
13474,5,2,0
13474,6,1,0
13474,6,2,0
13474,7,0,1
13474,7,1,0
13474,7,2,0
13475,1,0,0
13475,2,1,0
13475,3,0,0
13475,3,1,0
13475,4,2,0
13475,5,0,0
13475,5,2,0
13475,6,1,0
13475,6,2,0
13475,7,0,0
13475,7,1,0
13475,7,2,0
13476,1,0,0
13476,2,1,0
13476,3,0,0
13476,3,1,0
13476,4,2,0
13476,5,0,0
13476,5,2,0
13476,6,1,0
13476,6,2,0
13476,7,0,0
13476,7,1,0
13476,7,2,0
13477,1,0,0
13477,2,1,0
13477,3,0,0
13477,3,1,0
13477,4,2,0
13477,5,0,0
13477,5,2,0
13477,6,1,0
13477,6,2,0
13477,7,0,0
13477,7,1,0
13477,7,2,0
13478,1,0,0
13478,2,1,0
13478,3,0,0
13478,3,1,0
13478,4,2,0
13478,5,0,0
13478,5,2,0
13478,6,1,0
13478,6,2,0
13478,7,0,0
13478,7,1,0
13478,7,2,0
13479,1,0,0
13479,2,1,0
13479,3,0,0
13479,3,1,0
13479,4,2,0
13479,5,0,0
13479,5,2,0
13479,6,1,0
13479,6,2,0
13479,7,0,0
13479,7,1,0
13479,7,2,0
13480,1,0,0
13480,2,1,0
13480,3,0,0
13480,3,1,0
13480,4,2,0
13480,5,0,0
13480,5,2,0
13480,6,1,0
13480,6,2,0
13480,7,0,0
13480,7,1,0
13480,7,2,0
13481,1,0,0
13481,2,1,0
13481,3,0,0
13481,3,1,0
13481,4,2,0
13481,5,0,0
13481,5,2,0
13481,6,1,0
13481,6,2,0
13481,7,0,0
13481,7,1,0
13481,7,2,0
13482,1,0,0
13482,2,1,0
13482,3,0,0
13482,3,1,0
13482,4,2,0
13482,5,0,0
13482,5,2,0
13482,6,1,0
13482,6,2,0
13482,7,0,0
13482,7,1,0
13482,7,2,0
13483,1,0,0
13483,2,1,0
13483,3,0,0
13483,3,1,0
13483,4,2,0
13483,5,0,0
13483,5,2,0
13483,6,1,0
13483,6,2,0
13483,7,0,0
13483,7,1,0
13483,7,2,0
13484,1,0,0
13484,2,1,0
13484,3,0,0
13484,3,1,0
13484,4,2,0
13484,5,0,0
13484,5,2,0
13484,6,1,0
13484,6,2,0
13484,7,0,0
13484,7,1,0
13484,7,2,0
13485,1,0,0
13485,2,1,0
13485,3,0,0
13485,3,1,0
13485,4,2,0
13485,5,0,0
13485,5,2,0
13485,6,1,0
13485,6,2,0
13485,7,0,0
13485,7,1,0
13485,7,2,0
13486,1,0,0
13486,2,1,0
13486,3,0,0
13486,3,1,0
13486,4,2,0
13486,5,0,0
13486,5,2,0
13486,6,1,0
13486,6,2,0
13486,7,0,0
13486,7,1,0
13486,7,2,0
13487,1,0,0
13487,2,1,0
13487,3,0,0
13487,3,1,0
13487,4,2,0
13487,5,0,0
13487,5,2,0
13487,6,1,0
13487,6,2,0
13487,7,0,0
13487,7,1,0
13487,7,2,0
13488,1,0,0
13488,2,1,0
13488,3,0,0
13488,3,1,0
13488,4,2,0
13488,5,0,0
13488,5,2,0
13488,6,1,0
13488,6,2,0
13488,7,0,0
13488,7,1,0
13488,7,2,0
13489,1,0,0
13489,2,1,0
13489,3,0,0
13489,3,1,0
13489,4,2,0
13489,5,0,0
13489,5,2,0
13489,6,1,0
13489,6,2,0
13489,7,0,0
13489,7,1,0
13489,7,2,0
13490,1,0,0
13490,2,1,0
13490,3,0,0
13490,3,1,0
13490,4,2,0
13490,5,0,0
13490,5,2,0
13490,6,1,0
13490,6,2,0
13490,7,0,0
13490,7,1,0
13490,7,2,0
13491,1,0,0
13491,2,1,0
13491,3,0,0
13491,3,1,0
13491,4,2,0
13491,5,0,0
13491,5,2,0
13491,6,1,0
13491,6,2,0
13491,7,0,0
13491,7,1,0
13491,7,2,0
13492,1,0,0
13492,2,1,0
13492,3,0,0
13492,3,1,0
13492,4,2,0
13492,5,0,0
13492,5,2,0
13492,6,1,0
13492,6,2,0
13492,7,0,0
13492,7,1,0
13492,7,2,0
13493,1,0,0
13493,2,1,0
13493,3,0,0
13493,3,1,0
13493,4,2,0
13493,5,0,0
13493,5,2,0
13493,6,1,0
13493,6,2,0
13493,7,0,0
13493,7,1,0
13493,7,2,0
13494,1,0,0
13494,2,1,0
13494,3,0,0
13494,3,1,0
13494,4,2,0
13494,5,0,0
13494,5,2,0
13494,6,1,0
13494,6,2,0
13494,7,0,0
13494,7,1,0
13494,7,2,0
13495,1,0,0
13495,2,1,0
13495,3,0,0
13495,3,1,0
13495,4,2,0
13495,5,0,0
13495,5,2,0
13495,6,1,0
13495,6,2,0
13495,7,0,0
13495,7,1,0
13495,7,2,0
13496,1,0,0
13496,2,1,0
13496,3,0,0
13496,3,1,0
13496,4,2,0
13496,5,0,0
13496,5,2,0
13496,6,1,0
13496,6,2,0
13496,7,0,0
13496,7,1,0
13496,7,2,0
13497,1,0,0
13497,2,1,0
13497,3,0,0
13497,3,1,0
13497,4,2,0
13497,5,0,0
13497,5,2,0
13497,6,1,0
13497,6,2,0
13497,7,0,0
13497,7,1,0
13497,7,2,0
13498,1,0,0
13498,2,1,0
13498,3,0,0
13498,3,1,0
13498,4,2,0
13498,5,0,0
13498,5,2,0
13498,6,1,0
13498,6,2,0
13498,7,0,0
13498,7,1,0
13498,7,2,0
13499,1,0,0
13499,2,1,0
13499,3,0,0
13499,3,1,0
13499,4,2,0
13499,5,0,0
13499,5,2,0
13499,6,1,0
13499,6,2,0
13499,7,0,0
13499,7,1,0
13499,7,2,0
13500,1,0,1
13500,2,1,0
13500,3,0,1
13500,3,1,0
13500,4,2,0
13500,5,0,1
13500,5,2,0
13500,6,1,0
13500,6,2,0
13500,7,0,1
13500,7,1,0
13500,7,2,0
13501,1,0,1
13501,2,1,0
13501,3,0,1
13501,3,1,0
13501,4,2,0
13501,5,0,1
13501,5,2,0
13501,6,1,0
13501,6,2,0
13501,7,0,1
13501,7,1,0
13501,7,2,0
13502,1,0,0
13502,2,1,0
13502,3,0,0
13502,3,1,0
13502,4,2,0
13502,5,0,0
13502,5,2,0
13502,6,1,0
13502,6,2,0
13502,7,0,0
13502,7,1,0
13502,7,2,0
13503,1,0,0
13503,2,1,0
13503,3,0,0
13503,3,1,0
13503,4,2,0
13503,5,0,0
13503,5,2,0
13503,6,1,0
13503,6,2,0
13503,7,0,0
13503,7,1,0
13503,7,2,0
13504,1,0,0
13504,2,1,0
13504,3,0,0
13504,3,1,0
13504,4,2,0
13504,5,0,0
13504,5,2,0
13504,6,1,0
13504,6,2,0
13504,7,0,0
13504,7,1,0
13504,7,2,0
13505,1,0,0
13505,2,1,0
13505,3,0,0
13505,3,1,0
13505,4,2,0
13505,5,0,0
13505,5,2,0
13505,6,1,0
13505,6,2,0
13505,7,0,0
13505,7,1,0
13505,7,2,0
13506,1,0,0
13506,2,1,0
13506,3,0,0
13506,3,1,0
13506,4,2,0
13506,5,0,0
13506,5,2,0
13506,6,1,0
13506,6,2,0
13506,7,0,0
13506,7,1,0
13506,7,2,0
13507,1,0,0
13507,2,1,0
13507,3,0,0
13507,3,1,0
13507,4,2,0
13507,5,0,0
13507,5,2,0
13507,6,1,0
13507,6,2,0
13507,7,0,0
13507,7,1,0
13507,7,2,0
13508,1,0,0
13508,2,1,0
13508,3,0,0
13508,3,1,0
13508,4,2,0
13508,5,0,0
13508,5,2,0
13508,6,1,0
13508,6,2,0
13508,7,0,0
13508,7,1,0
13508,7,2,0
13509,1,0,0
13509,2,1,0
13509,3,0,0
13509,3,1,0
13509,4,2,0
13509,5,0,0
13509,5,2,0
13509,6,1,0
13509,6,2,0
13509,7,0,0
13509,7,1,0
13509,7,2,0
13510,1,0,0
13510,2,1,0
13510,3,0,0
13510,3,1,0
13510,4,2,0
13510,5,0,0
13510,5,2,0
13510,6,1,0
13510,6,2,0
13510,7,0,0
13510,7,1,0
13510,7,2,0
13511,1,0,0
13511,2,1,0
13511,3,0,0
13511,3,1,0
13511,4,2,0
13511,5,0,0
13511,5,2,0
13511,6,1,0
13511,6,2,0
13511,7,0,0
13511,7,1,0
13511,7,2,0
13512,1,0,0
13512,2,1,0
13512,3,0,0
13512,3,1,0
13512,4,2,0
13512,5,0,0
13512,5,2,0
13512,6,1,0
13512,6,2,0
13512,7,0,0
13512,7,1,0
13512,7,2,0
13513,1,0,0
13513,2,1,0
13513,3,0,0
13513,3,1,0
13513,4,2,0
13513,5,0,0
13513,5,2,0
13513,6,1,0
13513,6,2,0
13513,7,0,0
13513,7,1,0
13513,7,2,0
13514,1,0,0
13514,2,1,0
13514,3,0,0
13514,3,1,0
13514,4,2,0
13514,5,0,0
13514,5,2,0
13514,6,1,0
13514,6,2,0
13514,7,0,0
13514,7,1,0
13514,7,2,0
13515,1,0,0
13515,2,1,0
13515,3,0,0
13515,3,1,0
13515,4,2,0
13515,5,0,0
13515,5,2,0
13515,6,1,0
13515,6,2,0
13515,7,0,0
13515,7,1,0
13515,7,2,0
13516,1,0,0
13516,2,1,0
13516,3,0,0
13516,3,1,0
13516,4,2,0
13516,5,0,0
13516,5,2,0
13516,6,1,0
13516,6,2,0
13516,7,0,0
13516,7,1,0
13516,7,2,0
13517,1,0,0
13517,2,1,0
13517,3,0,0
13517,3,1,0
13517,4,2,0
13517,5,0,0
13517,5,2,0
13517,6,1,0
13517,6,2,0
13517,7,0,0
13517,7,1,0
13517,7,2,0
13518,1,0,0
13518,2,1,0
13518,3,0,0
13518,3,1,0
13518,4,2,0
13518,5,0,0
13518,5,2,0
13518,6,1,0
13518,6,2,0
13518,7,0,0
13518,7,1,0
13518,7,2,0
13519,1,0,0
13519,2,1,0
13519,3,0,0
13519,3,1,0
13519,4,2,0
13519,5,0,0
13519,5,2,0
13519,6,1,0
13519,6,2,0
13519,7,0,0
13519,7,1,0
13519,7,2,0
13520,1,0,0
13520,2,1,0
13520,3,0,0
13520,3,1,0
13520,4,2,0
13520,5,0,0
13520,5,2,0
13520,6,1,0
13520,6,2,0
13520,7,0,0
13520,7,1,0
13520,7,2,0
13521,1,0,0
13521,2,1,0
13521,3,0,0
13521,3,1,0
13521,4,2,0
13521,5,0,0
13521,5,2,0
13521,6,1,0
13521,6,2,0
13521,7,0,0
13521,7,1,0
13521,7,2,0
13522,1,0,0
13522,2,1,0
13522,3,0,0
13522,3,1,0
13522,4,2,0
13522,5,0,0
13522,5,2,0
13522,6,1,0
13522,6,2,0
13522,7,0,0
13522,7,1,0
13522,7,2,0
13523,1,0,0
13523,2,1,0
13523,3,0,0
13523,3,1,0
13523,4,2,0
13523,5,0,0
13523,5,2,0
13523,6,1,0
13523,6,2,0
13523,7,0,0
13523,7,1,0
13523,7,2,0
13524,1,0,0
13524,2,1,0
13524,3,0,0
13524,3,1,0
13524,4,2,0
13524,5,0,0
13524,5,2,0
13524,6,1,0
13524,6,2,0
13524,7,0,0
13524,7,1,0
13524,7,2,0
13525,1,0,0
13525,2,1,0
13525,3,0,0
13525,3,1,0
13525,4,2,0
13525,5,0,0
13525,5,2,0
13525,6,1,0
13525,6,2,0
13525,7,0,0
13525,7,1,0
13525,7,2,0
13526,1,0,0
13526,2,1,0
13526,3,0,0
13526,3,1,0
13526,4,2,0
13526,5,0,0
13526,5,2,0
13526,6,1,0
13526,6,2,0
13526,7,0,0
13526,7,1,0
13526,7,2,0
13527,1,0,1
13527,2,1,0
13527,3,0,1
13527,3,1,0
13527,4,2,0
13527,5,0,1
13527,5,2,0
13527,6,1,0
13527,6,2,0
13527,7,0,1
13527,7,1,0
13527,7,2,0
13528,1,0,1
13528,2,1,0
13528,3,0,1
13528,3,1,0
13528,4,2,0
13528,5,0,1
13528,5,2,0
13528,6,1,0
13528,6,2,0
13528,7,0,1
13528,7,1,0
13528,7,2,0
13529,1,0,0
13529,2,1,0
13529,3,0,0
13529,3,1,0
13529,4,2,0
13529,5,0,0
13529,5,2,0
13529,6,1,0
13529,6,2,0
13529,7,0,0
13529,7,1,0
13529,7,2,0
13530,1,0,0
13530,2,1,0
13530,3,0,0
13530,3,1,0
13530,4,2,0
13530,5,0,0
13530,5,2,0
13530,6,1,0
13530,6,2,0
13530,7,0,0
13530,7,1,0
13530,7,2,0
13531,1,0,0
13531,2,1,0
13531,3,0,0
13531,3,1,0
13531,4,2,0
13531,5,0,0
13531,5,2,0
13531,6,1,0
13531,6,2,0
13531,7,0,0
13531,7,1,0
13531,7,2,0
13532,1,0,0
13532,2,1,0
13532,3,0,0
13532,3,1,0
13532,4,2,0
13532,5,0,0
13532,5,2,0
13532,6,1,0
13532,6,2,0
13532,7,0,0
13532,7,1,0
13532,7,2,0
13533,1,0,0
13533,2,1,0
13533,3,0,0
13533,3,1,0
13533,4,2,0
13533,5,0,0
13533,5,2,0
13533,6,1,0
13533,6,2,0
13533,7,0,0
13533,7,1,0
13533,7,2,0
13534,1,0,0
13534,2,1,0
13534,3,0,0
13534,3,1,0
13534,4,2,0
13534,5,0,0
13534,5,2,0
13534,6,1,0
13534,6,2,0
13534,7,0,0
13534,7,1,0
13534,7,2,0
13535,1,0,0
13535,2,1,0
13535,3,0,0
13535,3,1,0
13535,4,2,0
13535,5,0,0
13535,5,2,0
13535,6,1,0
13535,6,2,0
13535,7,0,0
13535,7,1,0
13535,7,2,0
13536,1,0,0
13536,2,1,0
13536,3,0,0
13536,3,1,0
13536,4,2,0
13536,5,0,0
13536,5,2,0
13536,6,1,0
13536,6,2,0
13536,7,0,0
13536,7,1,0
13536,7,2,0
13537,1,0,0
13537,2,1,0
13537,3,0,0
13537,3,1,0
13537,4,2,0
13537,5,0,0
13537,5,2,0
13537,6,1,0
13537,6,2,0
13537,7,0,0
13537,7,1,0
13537,7,2,0
13538,1,0,0
13538,2,1,0
13538,3,0,0
13538,3,1,0
13538,4,2,0
13538,5,0,0
13538,5,2,0
13538,6,1,0
13538,6,2,0
13538,7,0,0
13538,7,1,0
13538,7,2,0
13539,1,0,0
13539,2,1,0
13539,3,0,0
13539,3,1,0
13539,4,2,0
13539,5,0,0
13539,5,2,0
13539,6,1,0
13539,6,2,0
13539,7,0,0
13539,7,1,0
13539,7,2,0
13540,1,0,0
13540,2,1,0
13540,3,0,0
13540,3,1,0
13540,4,2,0
13540,5,0,0
13540,5,2,0
13540,6,1,0
13540,6,2,0
13540,7,0,0
13540,7,1,0
13540,7,2,0
13541,1,0,0
13541,2,1,0
13541,3,0,0
13541,3,1,0
13541,4,2,0
13541,5,0,0
13541,5,2,0
13541,6,1,0
13541,6,2,0
13541,7,0,0
13541,7,1,0
13541,7,2,0
13542,1,0,0
13542,2,1,0
13542,3,0,0
13542,3,1,0
13542,4,2,0
13542,5,0,0
13542,5,2,0
13542,6,1,0
13542,6,2,0
13542,7,0,0
13542,7,1,0
13542,7,2,0
13543,1,0,0
13543,2,1,0
13543,3,0,0
13543,3,1,0
13543,4,2,0
13543,5,0,0
13543,5,2,0
13543,6,1,0
13543,6,2,0
13543,7,0,0
13543,7,1,0
13543,7,2,0
13544,1,0,0
13544,2,1,0
13544,3,0,0
13544,3,1,0
13544,4,2,0
13544,5,0,0
13544,5,2,0
13544,6,1,0
13544,6,2,0
13544,7,0,0
13544,7,1,0
13544,7,2,0
13545,1,0,0
13545,2,1,0
13545,3,0,0
13545,3,1,0
13545,4,2,0
13545,5,0,0
13545,5,2,0
13545,6,1,0
13545,6,2,0
13545,7,0,0
13545,7,1,0
13545,7,2,0
13546,1,0,0
13546,2,1,0
13546,3,0,0
13546,3,1,0
13546,4,2,0
13546,5,0,0
13546,5,2,0
13546,6,1,0
13546,6,2,0
13546,7,0,0
13546,7,1,0
13546,7,2,0
13547,1,0,0
13547,2,1,0
13547,3,0,0
13547,3,1,0
13547,4,2,0
13547,5,0,0
13547,5,2,0
13547,6,1,0
13547,6,2,0
13547,7,0,0
13547,7,1,0
13547,7,2,0
13548,1,0,0
13548,2,1,0
13548,3,0,0
13548,3,1,0
13548,4,2,0
13548,5,0,0
13548,5,2,0
13548,6,1,0
13548,6,2,0
13548,7,0,0
13548,7,1,0
13548,7,2,0
13549,1,0,0
13549,2,1,0
13549,3,0,0
13549,3,1,0
13549,4,2,0
13549,5,0,0
13549,5,2,0
13549,6,1,0
13549,6,2,0
13549,7,0,0
13549,7,1,0
13549,7,2,0
13550,1,0,0
13550,2,1,0
13550,3,0,0
13550,3,1,0
13550,4,2,0
13550,5,0,0
13550,5,2,0
13550,6,1,0
13550,6,2,0
13550,7,0,0
13550,7,1,0
13550,7,2,0
13551,1,0,0
13551,2,1,0
13551,3,0,0
13551,3,1,0
13551,4,2,0
13551,5,0,0
13551,5,2,0
13551,6,1,0
13551,6,2,0
13551,7,0,0
13551,7,1,0
13551,7,2,0
13552,1,0,0
13552,2,1,0
13552,3,0,0
13552,3,1,0
13552,4,2,0
13552,5,0,0
13552,5,2,0
13552,6,1,0
13552,6,2,0
13552,7,0,0
13552,7,1,0
13552,7,2,0
13553,1,0,0
13553,2,1,0
13553,3,0,0
13553,3,1,0
13553,4,2,0
13553,5,0,0
13553,5,2,0
13553,6,1,0
13553,6,2,0
13553,7,0,0
13553,7,1,0
13553,7,2,0
13554,1,0,1
13554,2,1,0
13554,3,0,1
13554,3,1,0
13554,4,2,0
13554,5,0,1
13554,5,2,0
13554,6,1,0
13554,6,2,0
13554,7,0,1
13554,7,1,0
13554,7,2,0
13555,1,0,1
13555,2,1,0
13555,3,0,1
13555,3,1,0
13555,4,2,0
13555,5,0,1
13555,5,2,0
13555,6,1,0
13555,6,2,0
13555,7,0,1
13555,7,1,0
13555,7,2,0
13556,1,0,0
13556,2,1,0
13556,3,0,0
13556,3,1,0
13556,4,2,0
13556,5,0,0
13556,5,2,0
13556,6,1,0
13556,6,2,0
13556,7,0,0
13556,7,1,0
13556,7,2,0
13557,1,0,0
13557,2,1,0
13557,3,0,0
13557,3,1,0
13557,4,2,0
13557,5,0,0
13557,5,2,0
13557,6,1,0
13557,6,2,0
13557,7,0,0
13557,7,1,0
13557,7,2,0
13558,1,0,0
13558,2,1,0
13558,3,0,0
13558,3,1,0
13558,4,2,0
13558,5,0,0
13558,5,2,0
13558,6,1,0
13558,6,2,0
13558,7,0,0
13558,7,1,0
13558,7,2,0
13559,1,0,0
13559,2,1,0
13559,3,0,0
13559,3,1,0
13559,4,2,0
13559,5,0,0
13559,5,2,0
13559,6,1,0
13559,6,2,0
13559,7,0,0
13559,7,1,0
13559,7,2,0
13560,1,0,0
13560,2,1,0
13560,3,0,0
13560,3,1,0
13560,4,2,0
13560,5,0,0
13560,5,2,0
13560,6,1,0
13560,6,2,0
13560,7,0,0
13560,7,1,0
13560,7,2,0
13561,1,0,0
13561,2,1,0
13561,3,0,0
13561,3,1,0
13561,4,2,0
13561,5,0,0
13561,5,2,0
13561,6,1,0
13561,6,2,0
13561,7,0,0
13561,7,1,0
13561,7,2,0
13562,1,0,0
13562,2,1,0
13562,3,0,0
13562,3,1,0
13562,4,2,0
13562,5,0,0
13562,5,2,0
13562,6,1,0
13562,6,2,0
13562,7,0,0
13562,7,1,0
13562,7,2,0
13563,1,0,0
13563,2,1,0
13563,3,0,0
13563,3,1,0
13563,4,2,0
13563,5,0,0
13563,5,2,0
13563,6,1,0
13563,6,2,0
13563,7,0,0
13563,7,1,0
13563,7,2,0
13564,1,0,0
13564,2,1,0
13564,3,0,0
13564,3,1,0
13564,4,2,0
13564,5,0,0
13564,5,2,0
13564,6,1,0
13564,6,2,0
13564,7,0,0
13564,7,1,0
13564,7,2,0
13565,1,0,0
13565,2,1,0
13565,3,0,0
13565,3,1,0
13565,4,2,0
13565,5,0,0
13565,5,2,0
13565,6,1,0
13565,6,2,0
13565,7,0,0
13565,7,1,0
13565,7,2,0
13566,1,0,0
13566,2,1,0
13566,3,0,0
13566,3,1,0
13566,4,2,0
13566,5,0,0
13566,5,2,0
13566,6,1,0
13566,6,2,0
13566,7,0,0
13566,7,1,0
13566,7,2,0
13567,1,0,0
13567,2,1,0
13567,3,0,0
13567,3,1,0
13567,4,2,0
13567,5,0,0
13567,5,2,0
13567,6,1,0
13567,6,2,0
13567,7,0,0
13567,7,1,0
13567,7,2,0
13568,1,0,0
13568,2,1,0
13568,3,0,0
13568,3,1,0
13568,4,2,0
13568,5,0,0
13568,5,2,0
13568,6,1,0
13568,6,2,0
13568,7,0,0
13568,7,1,0
13568,7,2,0
13569,1,0,0
13569,2,1,0
13569,3,0,0
13569,3,1,0
13569,4,2,0
13569,5,0,0
13569,5,2,0
13569,6,1,0
13569,6,2,0
13569,7,0,0
13569,7,1,0
13569,7,2,0
13570,1,0,0
13570,2,1,0
13570,3,0,0
13570,3,1,0
13570,4,2,0
13570,5,0,0
13570,5,2,0
13570,6,1,0
13570,6,2,0
13570,7,0,0
13570,7,1,0
13570,7,2,0
13571,1,0,0
13571,2,1,0
13571,3,0,0
13571,3,1,0
13571,4,2,0
13571,5,0,0
13571,5,2,0
13571,6,1,0
13571,6,2,0
13571,7,0,0
13571,7,1,0
13571,7,2,0
13572,1,0,0
13572,2,1,0
13572,3,0,0
13572,3,1,0
13572,4,2,0
13572,5,0,0
13572,5,2,0
13572,6,1,0
13572,6,2,0
13572,7,0,0
13572,7,1,0
13572,7,2,0
13573,1,0,0
13573,2,1,0
13573,3,0,0
13573,3,1,0
13573,4,2,0
13573,5,0,0
13573,5,2,0
13573,6,1,0
13573,6,2,0
13573,7,0,0
13573,7,1,0
13573,7,2,0
13574,1,0,0
13574,2,1,0
13574,3,0,0
13574,3,1,0
13574,4,2,0
13574,5,0,0
13574,5,2,0
13574,6,1,0
13574,6,2,0
13574,7,0,0
13574,7,1,0
13574,7,2,0
13575,1,0,0
13575,2,1,0
13575,3,0,0
13575,3,1,0
13575,4,2,0
13575,5,0,0
13575,5,2,0
13575,6,1,0
13575,6,2,0
13575,7,0,0
13575,7,1,0
13575,7,2,0
13576,1,0,0
13576,2,1,0
13576,3,0,0
13576,3,1,0
13576,4,2,0
13576,5,0,0
13576,5,2,0
13576,6,1,0
13576,6,2,0
13576,7,0,0
13576,7,1,0
13576,7,2,0
13577,1,0,0
13577,2,1,0
13577,3,0,0
13577,3,1,0
13577,4,2,0
13577,5,0,0
13577,5,2,0
13577,6,1,0
13577,6,2,0
13577,7,0,0
13577,7,1,0
13577,7,2,0
13578,1,0,0
13578,2,1,0
13578,3,0,0
13578,3,1,0
13578,4,2,0
13578,5,0,0
13578,5,2,0
13578,6,1,0
13578,6,2,0
13578,7,0,0
13578,7,1,0
13578,7,2,0
13579,1,0,0
13579,2,1,0
13579,3,0,0
13579,3,1,0
13579,4,2,0
13579,5,0,0
13579,5,2,0
13579,6,1,0
13579,6,2,0
13579,7,0,0
13579,7,1,0
13579,7,2,0
13580,1,0,0
13580,2,1,0
13580,3,0,0
13580,3,1,0
13580,4,2,0
13580,5,0,0
13580,5,2,0
13580,6,1,0
13580,6,2,0
13580,7,0,0
13580,7,1,0
13580,7,2,0
13581,1,0,1
13581,2,1,0
13581,3,0,1
13581,3,1,0
13581,4,2,0
13581,5,0,1
13581,5,2,0
13581,6,1,0
13581,6,2,0
13581,7,0,1
13581,7,1,0
13581,7,2,0
13582,1,0,1
13582,2,1,0
13582,3,0,1
13582,3,1,0
13582,4,2,0
13582,5,0,1
13582,5,2,0
13582,6,1,0
13582,6,2,0
13582,7,0,1
13582,7,1,0
13582,7,2,0
13583,1,0,0
13583,2,1,0
13583,3,0,0
13583,3,1,0
13583,4,2,0
13583,5,0,0
13583,5,2,0
13583,6,1,0
13583,6,2,0
13583,7,0,0
13583,7,1,0
13583,7,2,0
13584,1,0,0
13584,2,1,0
13584,3,0,0
13584,3,1,0
13584,4,2,0
13584,5,0,0
13584,5,2,0
13584,6,1,0
13584,6,2,0
13584,7,0,0
13584,7,1,0
13584,7,2,0
13585,1,0,0
13585,2,1,0
13585,3,0,0
13585,3,1,0
13585,4,2,0
13585,5,0,0
13585,5,2,0
13585,6,1,0
13585,6,2,0
13585,7,0,0
13585,7,1,0
13585,7,2,0
13586,1,0,0
13586,2,1,0
13586,3,0,0
13586,3,1,0
13586,4,2,0
13586,5,0,0
13586,5,2,0
13586,6,1,0
13586,6,2,0
13586,7,0,0
13586,7,1,0
13586,7,2,0
13587,1,0,0
13587,2,1,0
13587,3,0,0
13587,3,1,0
13587,4,2,0
13587,5,0,0
13587,5,2,0
13587,6,1,0
13587,6,2,0
13587,7,0,0
13587,7,1,0
13587,7,2,0
13588,1,0,0
13588,2,1,0
13588,3,0,0
13588,3,1,0
13588,4,2,0
13588,5,0,0
13588,5,2,0
13588,6,1,0
13588,6,2,0
13588,7,0,0
13588,7,1,0
13588,7,2,0
13589,1,0,0
13589,2,1,0
13589,3,0,0
13589,3,1,0
13589,4,2,0
13589,5,0,0
13589,5,2,0
13589,6,1,0
13589,6,2,0
13589,7,0,0
13589,7,1,0
13589,7,2,0
13590,1,0,0
13590,2,1,0
13590,3,0,0
13590,3,1,0
13590,4,2,0
13590,5,0,0
13590,5,2,0
13590,6,1,0
13590,6,2,0
13590,7,0,0
13590,7,1,0
13590,7,2,0
13591,1,0,0
13591,2,1,0
13591,3,0,0
13591,3,1,0
13591,4,2,0
13591,5,0,0
13591,5,2,0
13591,6,1,0
13591,6,2,0
13591,7,0,0
13591,7,1,0
13591,7,2,0
13592,1,0,0
13592,2,1,0
13592,3,0,0
13592,3,1,0
13592,4,2,0
13592,5,0,0
13592,5,2,0
13592,6,1,0
13592,6,2,0
13592,7,0,0
13592,7,1,0
13592,7,2,0
13593,1,0,0
13593,2,1,0
13593,3,0,0
13593,3,1,0
13593,4,2,0
13593,5,0,0
13593,5,2,0
13593,6,1,0
13593,6,2,0
13593,7,0,0
13593,7,1,0
13593,7,2,0
13594,1,0,0
13594,2,1,0
13594,3,0,0
13594,3,1,0
13594,4,2,0
13594,5,0,0
13594,5,2,0
13594,6,1,0
13594,6,2,0
13594,7,0,0
13594,7,1,0
13594,7,2,0
13595,1,0,0
13595,2,1,0
13595,3,0,0
13595,3,1,0
13595,4,2,0
13595,5,0,0
13595,5,2,0
13595,6,1,0
13595,6,2,0
13595,7,0,0
13595,7,1,0
13595,7,2,0
13596,1,0,0
13596,2,1,0
13596,3,0,0
13596,3,1,0
13596,4,2,0
13596,5,0,0
13596,5,2,0
13596,6,1,0
13596,6,2,0
13596,7,0,0
13596,7,1,0
13596,7,2,0
13597,1,0,0
13597,2,1,0
13597,3,0,0
13597,3,1,0
13597,4,2,0
13597,5,0,0
13597,5,2,0
13597,6,1,0
13597,6,2,0
13597,7,0,0
13597,7,1,0
13597,7,2,0
13598,1,0,0
13598,2,1,0
13598,3,0,0
13598,3,1,0
13598,4,2,0
13598,5,0,0
13598,5,2,0
13598,6,1,0
13598,6,2,0
13598,7,0,0
13598,7,1,0
13598,7,2,0
13599,1,0,0
13599,2,1,0
13599,3,0,0
13599,3,1,0
13599,4,2,0
13599,5,0,0
13599,5,2,0
13599,6,1,0
13599,6,2,0
13599,7,0,0
13599,7,1,0
13599,7,2,0
13600,1,0,0
13600,2,1,0
13600,3,0,0
13600,3,1,0
13600,4,2,0
13600,5,0,0
13600,5,2,0
13600,6,1,0
13600,6,2,0
13600,7,0,0
13600,7,1,0
13600,7,2,0
13601,1,0,0
13601,2,1,0
13601,3,0,0
13601,3,1,0
13601,4,2,0
13601,5,0,0
13601,5,2,0
13601,6,1,0
13601,6,2,0
13601,7,0,0
13601,7,1,0
13601,7,2,0
13602,1,0,0
13602,2,1,0
13602,3,0,0
13602,3,1,0
13602,4,2,0
13602,5,0,0
13602,5,2,0
13602,6,1,0
13602,6,2,0
13602,7,0,0
13602,7,1,0
13602,7,2,0
13603,1,0,0
13603,2,1,0
13603,3,0,0
13603,3,1,0
13603,4,2,0
13603,5,0,0
13603,5,2,0
13603,6,1,0
13603,6,2,0
13603,7,0,0
13603,7,1,0
13603,7,2,0
13604,1,0,0
13604,2,1,0
13604,3,0,0
13604,3,1,0
13604,4,2,0
13604,5,0,0
13604,5,2,0
13604,6,1,0
13604,6,2,0
13604,7,0,0
13604,7,1,0
13604,7,2,0
13605,1,0,0
13605,2,1,0
13605,3,0,0
13605,3,1,0
13605,4,2,0
13605,5,0,0
13605,5,2,0
13605,6,1,0
13605,6,2,0
13605,7,0,0
13605,7,1,0
13605,7,2,0
13606,1,0,0
13606,2,1,0
13606,3,0,0
13606,3,1,0
13606,4,2,0
13606,5,0,0
13606,5,2,0
13606,6,1,0
13606,6,2,0
13606,7,0,0
13606,7,1,0
13606,7,2,0
13607,1,0,0
13607,2,1,0
13607,3,0,0
13607,3,1,0
13607,4,2,0
13607,5,0,0
13607,5,2,0
13607,6,1,0
13607,6,2,0
13607,7,0,0
13607,7,1,0
13607,7,2,0
13608,1,0,1
13608,2,1,0
13608,3,0,1
13608,3,1,0
13608,4,2,0
13608,5,0,1
13608,5,2,0
13608,6,1,0
13608,6,2,0
13608,7,0,1
13608,7,1,0
13608,7,2,0
13609,1,0,1
13609,2,1,0
13609,3,0,1
13609,3,1,0
13609,4,2,0
13609,5,0,1
13609,5,2,0
13609,6,1,0
13609,6,2,0
13609,7,0,1
13609,7,1,0
13609,7,2,0
13610,1,0,0
13610,2,1,0
13610,3,0,0
13610,3,1,0
13610,4,2,0
13610,5,0,0
13610,5,2,0
13610,6,1,0
13610,6,2,0
13610,7,0,0
13610,7,1,0
13610,7,2,0
13611,1,0,0
13611,2,1,0
13611,3,0,0
13611,3,1,0
13611,4,2,0
13611,5,0,0
13611,5,2,0
13611,6,1,0
13611,6,2,0
13611,7,0,0
13611,7,1,0
13611,7,2,0
13612,1,0,0
13612,2,1,0
13612,3,0,0
13612,3,1,0
13612,4,2,0
13612,5,0,0
13612,5,2,0
13612,6,1,0
13612,6,2,0
13612,7,0,0
13612,7,1,0
13612,7,2,0
13613,1,0,0
13613,2,1,0
13613,3,0,0
13613,3,1,0
13613,4,2,0
13613,5,0,0
13613,5,2,0
13613,6,1,0
13613,6,2,0
13613,7,0,0
13613,7,1,0
13613,7,2,0
13614,1,0,0
13614,2,1,0
13614,3,0,0
13614,3,1,0
13614,4,2,0
13614,5,0,0
13614,5,2,0
13614,6,1,0
13614,6,2,0
13614,7,0,0
13614,7,1,0
13614,7,2,0
13615,1,0,0
13615,2,1,0
13615,3,0,0
13615,3,1,0
13615,4,2,0
13615,5,0,0
13615,5,2,0
13615,6,1,0
13615,6,2,0
13615,7,0,0
13615,7,1,0
13615,7,2,0
13616,1,0,0
13616,2,1,0
13616,3,0,0
13616,3,1,0
13616,4,2,0
13616,5,0,0
13616,5,2,0
13616,6,1,0
13616,6,2,0
13616,7,0,0
13616,7,1,0
13616,7,2,0
13617,1,0,0
13617,2,1,0
13617,3,0,0
13617,3,1,0
13617,4,2,0
13617,5,0,0
13617,5,2,0
13617,6,1,0
13617,6,2,0
13617,7,0,0
13617,7,1,0
13617,7,2,0
13618,1,0,0
13618,2,1,0
13618,3,0,0
13618,3,1,0
13618,4,2,0
13618,5,0,0
13618,5,2,0
13618,6,1,0
13618,6,2,0
13618,7,0,0
13618,7,1,0
13618,7,2,0
13619,1,0,0
13619,2,1,0
13619,3,0,0
13619,3,1,0
13619,4,2,0
13619,5,0,0
13619,5,2,0
13619,6,1,0
13619,6,2,0
13619,7,0,0
13619,7,1,0
13619,7,2,0
13620,1,0,0
13620,2,1,0
13620,3,0,0
13620,3,1,0
13620,4,2,0
13620,5,0,0
13620,5,2,0
13620,6,1,0
13620,6,2,0
13620,7,0,0
13620,7,1,0
13620,7,2,0
13621,1,0,0
13621,2,1,0
13621,3,0,0
13621,3,1,0
13621,4,2,0
13621,5,0,0
13621,5,2,0
13621,6,1,0
13621,6,2,0
13621,7,0,0
13621,7,1,0
13621,7,2,0
13622,1,0,0
13622,2,1,0
13622,3,0,0
13622,3,1,0
13622,4,2,0
13622,5,0,0
13622,5,2,0
13622,6,1,0
13622,6,2,0
13622,7,0,0
13622,7,1,0
13622,7,2,0
13623,1,0,0
13623,2,1,0
13623,3,0,0
13623,3,1,0
13623,4,2,0
13623,5,0,0
13623,5,2,0
13623,6,1,0
13623,6,2,0
13623,7,0,0
13623,7,1,0
13623,7,2,0
13624,1,0,0
13624,2,1,0
13624,3,0,0
13624,3,1,0
13624,4,2,0
13624,5,0,0
13624,5,2,0
13624,6,1,0
13624,6,2,0
13624,7,0,0
13624,7,1,0
13624,7,2,0
13625,1,0,0
13625,2,1,0
13625,3,0,0
13625,3,1,0
13625,4,2,0
13625,5,0,0
13625,5,2,0
13625,6,1,0
13625,6,2,0
13625,7,0,0
13625,7,1,0
13625,7,2,0
13626,1,0,0
13626,2,1,0
13626,3,0,0
13626,3,1,0
13626,4,2,0
13626,5,0,0
13626,5,2,0
13626,6,1,0
13626,6,2,0
13626,7,0,0
13626,7,1,0
13626,7,2,0
13627,1,0,0
13627,2,1,0
13627,3,0,0
13627,3,1,0
13627,4,2,0
13627,5,0,0
13627,5,2,0
13627,6,1,0
13627,6,2,0
13627,7,0,0
13627,7,1,0
13627,7,2,0
13628,1,0,0
13628,2,1,0
13628,3,0,0
13628,3,1,0
13628,4,2,0
13628,5,0,0
13628,5,2,0
13628,6,1,0
13628,6,2,0
13628,7,0,0
13628,7,1,0
13628,7,2,0
13629,1,0,0
13629,2,1,0
13629,3,0,0
13629,3,1,0
13629,4,2,0
13629,5,0,0
13629,5,2,0
13629,6,1,0
13629,6,2,0
13629,7,0,0
13629,7,1,0
13629,7,2,0
13630,1,0,0
13630,2,1,0
13630,3,0,0
13630,3,1,0
13630,4,2,0
13630,5,0,0
13630,5,2,0
13630,6,1,0
13630,6,2,0
13630,7,0,0
13630,7,1,0
13630,7,2,0
13631,1,0,0
13631,2,1,0
13631,3,0,0
13631,3,1,0
13631,4,2,0
13631,5,0,0
13631,5,2,0
13631,6,1,0
13631,6,2,0
13631,7,0,0
13631,7,1,0
13631,7,2,0
13632,1,0,0
13632,2,1,0
13632,3,0,0
13632,3,1,0
13632,4,2,0
13632,5,0,0
13632,5,2,0
13632,6,1,0
13632,6,2,0
13632,7,0,0
13632,7,1,0
13632,7,2,0
13633,1,0,0
13633,2,1,0
13633,3,0,0
13633,3,1,0
13633,4,2,0
13633,5,0,0
13633,5,2,0
13633,6,1,0
13633,6,2,0
13633,7,0,0
13633,7,1,0
13633,7,2,0
13634,1,0,0
13634,2,1,0
13634,3,0,0
13634,3,1,0
13634,4,2,0
13634,5,0,0
13634,5,2,0
13634,6,1,0
13634,6,2,0
13634,7,0,0
13634,7,1,0
13634,7,2,0
13635,1,0,1
13635,2,1,0
13635,3,0,1
13635,3,1,0
13635,4,2,0
13635,5,0,1
13635,5,2,0
13635,6,1,0
13635,6,2,0
13635,7,0,1
13635,7,1,0
13635,7,2,0
13636,1,0,1
13636,2,1,0
13636,3,0,1
13636,3,1,0
13636,4,2,0
13636,5,0,1
13636,5,2,0
13636,6,1,0
13636,6,2,0
13636,7,0,1
13636,7,1,0
13636,7,2,0
13637,1,0,0
13637,2,1,0
13637,3,0,0
13637,3,1,0
13637,4,2,0
13637,5,0,0
13637,5,2,0
13637,6,1,0
13637,6,2,0
13637,7,0,0
13637,7,1,0
13637,7,2,0
13638,1,0,0
13638,2,1,0
13638,3,0,0
13638,3,1,0
13638,4,2,0
13638,5,0,0
13638,5,2,0
13638,6,1,0
13638,6,2,0
13638,7,0,0
13638,7,1,0
13638,7,2,0
13639,1,0,0
13639,2,1,0
13639,3,0,0
13639,3,1,0
13639,4,2,0
13639,5,0,0
13639,5,2,0
13639,6,1,0
13639,6,2,0
13639,7,0,0
13639,7,1,0
13639,7,2,0
13640,1,0,0
13640,2,1,0
13640,3,0,0
13640,3,1,0
13640,4,2,0
13640,5,0,0
13640,5,2,0
13640,6,1,0
13640,6,2,0
13640,7,0,0
13640,7,1,0
13640,7,2,0
13641,1,0,0
13641,2,1,0
13641,3,0,0
13641,3,1,0
13641,4,2,0
13641,5,0,0
13641,5,2,0
13641,6,1,0
13641,6,2,0
13641,7,0,0
13641,7,1,0
13641,7,2,0
13642,1,0,0
13642,2,1,0
13642,3,0,0
13642,3,1,0
13642,4,2,0
13642,5,0,0
13642,5,2,0
13642,6,1,0
13642,6,2,0
13642,7,0,0
13642,7,1,0
13642,7,2,0
13643,1,0,0
13643,2,1,0
13643,3,0,0
13643,3,1,0
13643,4,2,0
13643,5,0,0
13643,5,2,0
13643,6,1,0
13643,6,2,0
13643,7,0,0
13643,7,1,0
13643,7,2,0
13644,1,0,0
13644,2,1,0
13644,3,0,0
13644,3,1,0
13644,4,2,0
13644,5,0,0
13644,5,2,0
13644,6,1,0
13644,6,2,0
13644,7,0,0
13644,7,1,0
13644,7,2,0
13645,1,0,0
13645,2,1,0
13645,3,0,0
13645,3,1,0
13645,4,2,0
13645,5,0,0
13645,5,2,0
13645,6,1,0
13645,6,2,0
13645,7,0,0
13645,7,1,0
13645,7,2,0
13646,1,0,0
13646,2,1,0
13646,3,0,0
13646,3,1,0
13646,4,2,0
13646,5,0,0
13646,5,2,0
13646,6,1,0
13646,6,2,0
13646,7,0,0
13646,7,1,0
13646,7,2,0
13647,1,0,0
13647,2,1,0
13647,3,0,0
13647,3,1,0
13647,4,2,0
13647,5,0,0
13647,5,2,0
13647,6,1,0
13647,6,2,0
13647,7,0,0
13647,7,1,0
13647,7,2,0
13648,1,0,0
13648,2,1,0
13648,3,0,0
13648,3,1,0
13648,4,2,0
13648,5,0,0
13648,5,2,0
13648,6,1,0
13648,6,2,0
13648,7,0,0
13648,7,1,0
13648,7,2,0
13649,1,0,0
13649,2,1,0
13649,3,0,0
13649,3,1,0
13649,4,2,0
13649,5,0,0
13649,5,2,0
13649,6,1,0
13649,6,2,0
13649,7,0,0
13649,7,1,0
13649,7,2,0
13650,1,0,0
13650,2,1,0
13650,3,0,0
13650,3,1,0
13650,4,2,0
13650,5,0,0
13650,5,2,0
13650,6,1,0
13650,6,2,0
13650,7,0,0
13650,7,1,0
13650,7,2,0
13651,1,0,0
13651,2,1,0
13651,3,0,0
13651,3,1,0
13651,4,2,0
13651,5,0,0
13651,5,2,0
13651,6,1,0
13651,6,2,0
13651,7,0,0
13651,7,1,0
13651,7,2,0
13652,1,0,0
13652,2,1,0
13652,3,0,0
13652,3,1,0
13652,4,2,0
13652,5,0,0
13652,5,2,0
13652,6,1,0
13652,6,2,0
13652,7,0,0
13652,7,1,0
13652,7,2,0
13653,1,0,0
13653,2,1,0
13653,3,0,0
13653,3,1,0
13653,4,2,0
13653,5,0,0
13653,5,2,0
13653,6,1,0
13653,6,2,0
13653,7,0,0
13653,7,1,0
13653,7,2,0
13654,1,0,0
13654,2,1,0
13654,3,0,0
13654,3,1,0
13654,4,2,0
13654,5,0,0
13654,5,2,0
13654,6,1,0
13654,6,2,0
13654,7,0,0
13654,7,1,0
13654,7,2,0
13655,1,0,0
13655,2,1,0
13655,3,0,0
13655,3,1,0
13655,4,2,0
13655,5,0,0
13655,5,2,0
13655,6,1,0
13655,6,2,0
13655,7,0,0
13655,7,1,0
13655,7,2,0
13656,1,0,0
13656,2,1,0
13656,3,0,0
13656,3,1,0
13656,4,2,0
13656,5,0,0
13656,5,2,0
13656,6,1,0
13656,6,2,0
13656,7,0,0
13656,7,1,0
13656,7,2,0
13657,1,0,0
13657,2,1,0
13657,3,0,0
13657,3,1,0
13657,4,2,0
13657,5,0,0
13657,5,2,0
13657,6,1,0
13657,6,2,0
13657,7,0,0
13657,7,1,0
13657,7,2,0
13658,1,0,0
13658,2,1,0
13658,3,0,0
13658,3,1,0
13658,4,2,0
13658,5,0,0
13658,5,2,0
13658,6,1,0
13658,6,2,0
13658,7,0,0
13658,7,1,0
13658,7,2,0
13659,1,0,0
13659,2,1,0
13659,3,0,0
13659,3,1,0
13659,4,2,0
13659,5,0,0
13659,5,2,0
13659,6,1,0
13659,6,2,0
13659,7,0,0
13659,7,1,0
13659,7,2,0
13660,1,0,0
13660,2,1,0
13660,3,0,0
13660,3,1,0
13660,4,2,0
13660,5,0,0
13660,5,2,0
13660,6,1,0
13660,6,2,0
13660,7,0,0
13660,7,1,0
13660,7,2,0
13661,1,0,0
13661,2,1,0
13661,3,0,0
13661,3,1,0
13661,4,2,0
13661,5,0,0
13661,5,2,0
13661,6,1,0
13661,6,2,0
13661,7,0,0
13661,7,1,0
13661,7,2,0
13662,1,0,1
13662,2,1,0
13662,3,0,1
13662,3,1,0
13662,4,2,0
13662,5,0,1
13662,5,2,0
13662,6,1,0
13662,6,2,0
13662,7,0,1
13662,7,1,0
13662,7,2,0
13663,1,0,1
13663,2,1,0
13663,3,0,1
13663,3,1,0
13663,4,2,0
13663,5,0,1
13663,5,2,0
13663,6,1,0
13663,6,2,0
13663,7,0,1
13663,7,1,0
13663,7,2,0
13664,1,0,0
13664,2,1,0
13664,3,0,0
13664,3,1,0
13664,4,2,0
13664,5,0,0
13664,5,2,0
13664,6,1,0
13664,6,2,0
13664,7,0,0
13664,7,1,0
13664,7,2,0
13665,1,0,0
13665,2,1,0
13665,3,0,0
13665,3,1,0
13665,4,2,0
13665,5,0,0
13665,5,2,0
13665,6,1,0
13665,6,2,0
13665,7,0,0
13665,7,1,0
13665,7,2,0
13666,1,0,0
13666,2,1,0
13666,3,0,0
13666,3,1,0
13666,4,2,0
13666,5,0,0
13666,5,2,0
13666,6,1,0
13666,6,2,0
13666,7,0,0
13666,7,1,0
13666,7,2,0
13667,1,0,0
13667,2,1,0
13667,3,0,0
13667,3,1,0
13667,4,2,0
13667,5,0,0
13667,5,2,0
13667,6,1,0
13667,6,2,0
13667,7,0,0
13667,7,1,0
13667,7,2,0
13668,1,0,0
13668,2,1,0
13668,3,0,0
13668,3,1,0
13668,4,2,0
13668,5,0,0
13668,5,2,0
13668,6,1,0
13668,6,2,0
13668,7,0,0
13668,7,1,0
13668,7,2,0
13669,1,0,0
13669,2,1,0
13669,3,0,0
13669,3,1,0
13669,4,2,0
13669,5,0,0
13669,5,2,0
13669,6,1,0
13669,6,2,0
13669,7,0,0
13669,7,1,0
13669,7,2,0
13670,1,0,0
13670,2,1,0
13670,3,0,0
13670,3,1,0
13670,4,2,0
13670,5,0,0
13670,5,2,0
13670,6,1,0
13670,6,2,0
13670,7,0,0
13670,7,1,0
13670,7,2,0
13671,1,0,0
13671,2,1,0
13671,3,0,0
13671,3,1,0
13671,4,2,0
13671,5,0,0
13671,5,2,0
13671,6,1,0
13671,6,2,0
13671,7,0,0
13671,7,1,0
13671,7,2,0
13672,1,0,0
13672,2,1,0
13672,3,0,0
13672,3,1,0
13672,4,2,0
13672,5,0,0
13672,5,2,0
13672,6,1,0
13672,6,2,0
13672,7,0,0
13672,7,1,0
13672,7,2,0
13673,1,0,0
13673,2,1,0
13673,3,0,0
13673,3,1,0
13673,4,2,0
13673,5,0,0
13673,5,2,0
13673,6,1,0
13673,6,2,0
13673,7,0,0
13673,7,1,0
13673,7,2,0
13674,1,0,0
13674,2,1,0
13674,3,0,0
13674,3,1,0
13674,4,2,0
13674,5,0,0
13674,5,2,0
13674,6,1,0
13674,6,2,0
13674,7,0,0
13674,7,1,0
13674,7,2,0
13675,1,0,0
13675,2,1,0
13675,3,0,0
13675,3,1,0
13675,4,2,0
13675,5,0,0
13675,5,2,0
13675,6,1,0
13675,6,2,0
13675,7,0,0
13675,7,1,0
13675,7,2,0
13676,1,0,0
13676,2,1,0
13676,3,0,0
13676,3,1,0
13676,4,2,0
13676,5,0,0
13676,5,2,0
13676,6,1,0
13676,6,2,0
13676,7,0,0
13676,7,1,0
13676,7,2,0
13677,1,0,0
13677,2,1,0
13677,3,0,0
13677,3,1,0
13677,4,2,0
13677,5,0,0
13677,5,2,0
13677,6,1,0
13677,6,2,0
13677,7,0,0
13677,7,1,0
13677,7,2,0
13678,1,0,0
13678,2,1,0
13678,3,0,0
13678,3,1,0
13678,4,2,0
13678,5,0,0
13678,5,2,0
13678,6,1,0
13678,6,2,0
13678,7,0,0
13678,7,1,0
13678,7,2,0
13679,1,0,0
13679,2,1,0
13679,3,0,0
13679,3,1,0
13679,4,2,0
13679,5,0,0
13679,5,2,0
13679,6,1,0
13679,6,2,0
13679,7,0,0
13679,7,1,0
13679,7,2,0
13680,1,0,0
13680,2,1,0
13680,3,0,0
13680,3,1,0
13680,4,2,0
13680,5,0,0
13680,5,2,0
13680,6,1,0
13680,6,2,0
13680,7,0,0
13680,7,1,0
13680,7,2,0
13681,1,0,0
13681,2,1,0
13681,3,0,0
13681,3,1,0
13681,4,2,0
13681,5,0,0
13681,5,2,0
13681,6,1,0
13681,6,2,0
13681,7,0,0
13681,7,1,0
13681,7,2,0
13682,1,0,0
13682,2,1,0
13682,3,0,0
13682,3,1,0
13682,4,2,0
13682,5,0,0
13682,5,2,0
13682,6,1,0
13682,6,2,0
13682,7,0,0
13682,7,1,0
13682,7,2,0
13683,1,0,0
13683,2,1,0
13683,3,0,0
13683,3,1,0
13683,4,2,0
13683,5,0,0
13683,5,2,0
13683,6,1,0
13683,6,2,0
13683,7,0,0
13683,7,1,0
13683,7,2,0
13684,1,0,0
13684,2,1,0
13684,3,0,0
13684,3,1,0
13684,4,2,0
13684,5,0,0
13684,5,2,0
13684,6,1,0
13684,6,2,0
13684,7,0,0
13684,7,1,0
13684,7,2,0
13685,1,0,0
13685,2,1,0
13685,3,0,0
13685,3,1,0
13685,4,2,0
13685,5,0,0
13685,5,2,0
13685,6,1,0
13685,6,2,0
13685,7,0,0
13685,7,1,0
13685,7,2,0
13686,1,0,0
13686,2,1,0
13686,3,0,0
13686,3,1,0
13686,4,2,0
13686,5,0,0
13686,5,2,0
13686,6,1,0
13686,6,2,0
13686,7,0,0
13686,7,1,0
13686,7,2,0
13687,1,0,0
13687,2,1,0
13687,3,0,0
13687,3,1,0
13687,4,2,0
13687,5,0,0
13687,5,2,0
13687,6,1,0
13687,6,2,0
13687,7,0,0
13687,7,1,0
13687,7,2,0
13688,1,0,0
13688,2,1,0
13688,3,0,0
13688,3,1,0
13688,4,2,0
13688,5,0,0
13688,5,2,0
13688,6,1,0
13688,6,2,0
13688,7,0,0
13688,7,1,0
13688,7,2,0
13689,1,0,1
13689,2,1,0
13689,3,0,1
13689,3,1,0
13689,4,2,0
13689,5,0,1
13689,5,2,0
13689,6,1,0
13689,6,2,0
13689,7,0,1
13689,7,1,0
13689,7,2,0
13690,1,0,1
13690,2,1,0
13690,3,0,1
13690,3,1,0
13690,4,2,0
13690,5,0,1
13690,5,2,0
13690,6,1,0
13690,6,2,0
13690,7,0,1
13690,7,1,0
13690,7,2,0
13691,1,0,0
13691,2,1,0
13691,3,0,0
13691,3,1,0
13691,4,2,0
13691,5,0,0
13691,5,2,0
13691,6,1,0
13691,6,2,0
13691,7,0,0
13691,7,1,0
13691,7,2,0
13692,1,0,0
13692,2,1,0
13692,3,0,0
13692,3,1,0
13692,4,2,0
13692,5,0,0
13692,5,2,0
13692,6,1,0
13692,6,2,0
13692,7,0,0
13692,7,1,0
13692,7,2,0
13693,1,0,0
13693,2,1,0
13693,3,0,0
13693,3,1,0
13693,4,2,0
13693,5,0,0
13693,5,2,0
13693,6,1,0
13693,6,2,0
13693,7,0,0
13693,7,1,0
13693,7,2,0
13694,1,0,0
13694,2,1,0
13694,3,0,0
13694,3,1,0
13694,4,2,0
13694,5,0,0
13694,5,2,0
13694,6,1,0
13694,6,2,0
13694,7,0,0
13694,7,1,0
13694,7,2,0
13695,1,0,0
13695,2,1,0
13695,3,0,0
13695,3,1,0
13695,4,2,0
13695,5,0,0
13695,5,2,0
13695,6,1,0
13695,6,2,0
13695,7,0,0
13695,7,1,0
13695,7,2,0
13696,1,0,0
13696,2,1,0
13696,3,0,0
13696,3,1,0
13696,4,2,0
13696,5,0,0
13696,5,2,0
13696,6,1,0
13696,6,2,0
13696,7,0,0
13696,7,1,0
13696,7,2,0
13697,1,0,0
13697,2,1,0
13697,3,0,0
13697,3,1,0
13697,4,2,0
13697,5,0,0
13697,5,2,0
13697,6,1,0
13697,6,2,0
13697,7,0,0
13697,7,1,0
13697,7,2,0
13698,1,0,0
13698,2,1,0
13698,3,0,0
13698,3,1,0
13698,4,2,0
13698,5,0,0
13698,5,2,0
13698,6,1,0
13698,6,2,0
13698,7,0,0
13698,7,1,0
13698,7,2,0
13699,1,0,0
13699,2,1,0
13699,3,0,0
13699,3,1,0
13699,4,2,0
13699,5,0,0
13699,5,2,0
13699,6,1,0
13699,6,2,0
13699,7,0,0
13699,7,1,0
13699,7,2,0
13700,1,0,0
13700,2,1,0
13700,3,0,0
13700,3,1,0
13700,4,2,0
13700,5,0,0
13700,5,2,0
13700,6,1,0
13700,6,2,0
13700,7,0,0
13700,7,1,0
13700,7,2,0
13701,1,0,0
13701,2,1,0
13701,3,0,0
13701,3,1,0
13701,4,2,0
13701,5,0,0
13701,5,2,0
13701,6,1,0
13701,6,2,0
13701,7,0,0
13701,7,1,0
13701,7,2,0
13702,1,0,0
13702,2,1,0
13702,3,0,0
13702,3,1,0
13702,4,2,0
13702,5,0,0
13702,5,2,0
13702,6,1,0
13702,6,2,0
13702,7,0,0
13702,7,1,0
13702,7,2,0
13703,1,0,0
13703,2,1,0
13703,3,0,0
13703,3,1,0
13703,4,2,0
13703,5,0,0
13703,5,2,0
13703,6,1,0
13703,6,2,0
13703,7,0,0
13703,7,1,0
13703,7,2,0
13704,1,0,0
13704,2,1,0
13704,3,0,0
13704,3,1,0
13704,4,2,0
13704,5,0,0
13704,5,2,0
13704,6,1,0
13704,6,2,0
13704,7,0,0
13704,7,1,0
13704,7,2,0
13705,1,0,0
13705,2,1,0
13705,3,0,0
13705,3,1,0
13705,4,2,0
13705,5,0,0
13705,5,2,0
13705,6,1,0
13705,6,2,0
13705,7,0,0
13705,7,1,0
13705,7,2,0
13706,1,0,0
13706,2,1,0
13706,3,0,0
13706,3,1,0
13706,4,2,0
13706,5,0,0
13706,5,2,0
13706,6,1,0
13706,6,2,0
13706,7,0,0
13706,7,1,0
13706,7,2,0
13707,1,0,0
13707,2,1,0
13707,3,0,0
13707,3,1,0
13707,4,2,0
13707,5,0,0
13707,5,2,0
13707,6,1,0
13707,6,2,0
13707,7,0,0
13707,7,1,0
13707,7,2,0
13708,1,0,0
13708,2,1,0
13708,3,0,0
13708,3,1,0
13708,4,2,0
13708,5,0,0
13708,5,2,0
13708,6,1,0
13708,6,2,0
13708,7,0,0
13708,7,1,0
13708,7,2,0
13709,1,0,0
13709,2,1,0
13709,3,0,0
13709,3,1,0
13709,4,2,0
13709,5,0,0
13709,5,2,0
13709,6,1,0
13709,6,2,0
13709,7,0,0
13709,7,1,0
13709,7,2,0
13710,1,0,0
13710,2,1,0
13710,3,0,0
13710,3,1,0
13710,4,2,0
13710,5,0,0
13710,5,2,0
13710,6,1,0
13710,6,2,0
13710,7,0,0
13710,7,1,0
13710,7,2,0
13711,1,0,0
13711,2,1,0
13711,3,0,0
13711,3,1,0
13711,4,2,0
13711,5,0,0
13711,5,2,0
13711,6,1,0
13711,6,2,0
13711,7,0,0
13711,7,1,0
13711,7,2,0
13712,1,0,0
13712,2,1,0
13712,3,0,0
13712,3,1,0
13712,4,2,0
13712,5,0,0
13712,5,2,0
13712,6,1,0
13712,6,2,0
13712,7,0,0
13712,7,1,0
13712,7,2,0
13713,1,0,0
13713,2,1,0
13713,3,0,0
13713,3,1,0
13713,4,2,0
13713,5,0,0
13713,5,2,0
13713,6,1,0
13713,6,2,0
13713,7,0,0
13713,7,1,0
13713,7,2,0
13714,1,0,0
13714,2,1,0
13714,3,0,0
13714,3,1,0
13714,4,2,0
13714,5,0,0
13714,5,2,0
13714,6,1,0
13714,6,2,0
13714,7,0,0
13714,7,1,0
13714,7,2,0
13715,1,0,0
13715,2,1,0
13715,3,0,0
13715,3,1,0
13715,4,2,0
13715,5,0,0
13715,5,2,0
13715,6,1,0
13715,6,2,0
13715,7,0,0
13715,7,1,0
13715,7,2,0
13716,1,0,1
13716,2,1,0
13716,3,0,1
13716,3,1,0
13716,4,2,0
13716,5,0,1
13716,5,2,0
13716,6,1,0
13716,6,2,0
13716,7,0,1
13716,7,1,0
13716,7,2,0
13717,1,0,1
13717,2,1,0
13717,3,0,1
13717,3,1,0
13717,4,2,0
13717,5,0,1
13717,5,2,0
13717,6,1,0
13717,6,2,0
13717,7,0,1
13717,7,1,0
13717,7,2,0
13718,1,0,0
13718,2,1,0
13718,3,0,0
13718,3,1,0
13718,4,2,0
13718,5,0,0
13718,5,2,0
13718,6,1,0
13718,6,2,0
13718,7,0,0
13718,7,1,0
13718,7,2,0
13719,1,0,0
13719,2,1,0
13719,3,0,0
13719,3,1,0
13719,4,2,0
13719,5,0,0
13719,5,2,0
13719,6,1,0
13719,6,2,0
13719,7,0,0
13719,7,1,0
13719,7,2,0
13720,1,0,0
13720,2,1,0
13720,3,0,0
13720,3,1,0
13720,4,2,0
13720,5,0,0
13720,5,2,0
13720,6,1,0
13720,6,2,0
13720,7,0,0
13720,7,1,0
13720,7,2,0
13721,1,0,0
13721,2,1,0
13721,3,0,0
13721,3,1,0
13721,4,2,0
13721,5,0,0
13721,5,2,0
13721,6,1,0
13721,6,2,0
13721,7,0,0
13721,7,1,0
13721,7,2,0
13722,1,0,0
13722,2,1,0
13722,3,0,0
13722,3,1,0
13722,4,2,0
13722,5,0,0
13722,5,2,0
13722,6,1,0
13722,6,2,0
13722,7,0,0
13722,7,1,0
13722,7,2,0
13723,1,0,0
13723,2,1,0
13723,3,0,0
13723,3,1,0
13723,4,2,0
13723,5,0,0
13723,5,2,0
13723,6,1,0
13723,6,2,0
13723,7,0,0
13723,7,1,0
13723,7,2,0
13724,1,0,0
13724,2,1,0
13724,3,0,0
13724,3,1,0
13724,4,2,0
13724,5,0,0
13724,5,2,0
13724,6,1,0
13724,6,2,0
13724,7,0,0
13724,7,1,0
13724,7,2,0
13725,1,0,0
13725,2,1,0
13725,3,0,0
13725,3,1,0
13725,4,2,0
13725,5,0,0
13725,5,2,0
13725,6,1,0
13725,6,2,0
13725,7,0,0
13725,7,1,0
13725,7,2,0
13726,1,0,0
13726,2,1,0
13726,3,0,0
13726,3,1,0
13726,4,2,0
13726,5,0,0
13726,5,2,0
13726,6,1,0
13726,6,2,0
13726,7,0,0
13726,7,1,0
13726,7,2,0
13727,1,0,0
13727,2,1,0
13727,3,0,0
13727,3,1,0
13727,4,2,0
13727,5,0,0
13727,5,2,0
13727,6,1,0
13727,6,2,0
13727,7,0,0
13727,7,1,0
13727,7,2,0
13728,1,0,0
13728,2,1,0
13728,3,0,0
13728,3,1,0
13728,4,2,0
13728,5,0,0
13728,5,2,0
13728,6,1,0
13728,6,2,0
13728,7,0,0
13728,7,1,0
13728,7,2,0
13729,1,0,0
13729,2,1,0
13729,3,0,0
13729,3,1,0
13729,4,2,0
13729,5,0,0
13729,5,2,0
13729,6,1,0
13729,6,2,0
13729,7,0,0
13729,7,1,0
13729,7,2,0
13730,1,0,0
13730,2,1,0
13730,3,0,0
13730,3,1,0
13730,4,2,0
13730,5,0,0
13730,5,2,0
13730,6,1,0
13730,6,2,0
13730,7,0,0
13730,7,1,0
13730,7,2,0
13731,1,0,0
13731,2,1,0
13731,3,0,0
13731,3,1,0
13731,4,2,0
13731,5,0,0
13731,5,2,0
13731,6,1,0
13731,6,2,0
13731,7,0,0
13731,7,1,0
13731,7,2,0
13732,1,0,0
13732,2,1,0
13732,3,0,0
13732,3,1,0
13732,4,2,0
13732,5,0,0
13732,5,2,0
13732,6,1,0
13732,6,2,0
13732,7,0,0
13732,7,1,0
13732,7,2,0
13733,1,0,0
13733,2,1,0
13733,3,0,0
13733,3,1,0
13733,4,2,0
13733,5,0,0
13733,5,2,0
13733,6,1,0
13733,6,2,0
13733,7,0,0
13733,7,1,0
13733,7,2,0
13734,1,0,0
13734,2,1,0
13734,3,0,0
13734,3,1,0
13734,4,2,0
13734,5,0,0
13734,5,2,0
13734,6,1,0
13734,6,2,0
13734,7,0,0
13734,7,1,0
13734,7,2,0
13735,1,0,0
13735,2,1,0
13735,3,0,0
13735,3,1,0
13735,4,2,0
13735,5,0,0
13735,5,2,0
13735,6,1,0
13735,6,2,0
13735,7,0,0
13735,7,1,0
13735,7,2,0
13736,1,0,0
13736,2,1,0
13736,3,0,0
13736,3,1,0
13736,4,2,0
13736,5,0,0
13736,5,2,0
13736,6,1,0
13736,6,2,0
13736,7,0,0
13736,7,1,0
13736,7,2,0
13737,1,0,0
13737,2,1,0
13737,3,0,0
13737,3,1,0
13737,4,2,0
13737,5,0,0
13737,5,2,0
13737,6,1,0
13737,6,2,0
13737,7,0,0
13737,7,1,0
13737,7,2,0
13738,1,0,0
13738,2,1,0
13738,3,0,0
13738,3,1,0
13738,4,2,0
13738,5,0,0
13738,5,2,0
13738,6,1,0
13738,6,2,0
13738,7,0,0
13738,7,1,0
13738,7,2,0
13739,1,0,0
13739,2,1,0
13739,3,0,0
13739,3,1,0
13739,4,2,0
13739,5,0,0
13739,5,2,0
13739,6,1,0
13739,6,2,0
13739,7,0,0
13739,7,1,0
13739,7,2,0
13740,1,0,0
13740,2,1,0
13740,3,0,0
13740,3,1,0
13740,4,2,0
13740,5,0,0
13740,5,2,0
13740,6,1,0
13740,6,2,0
13740,7,0,0
13740,7,1,0
13740,7,2,0
13741,1,0,0
13741,2,1,0
13741,3,0,0
13741,3,1,0
13741,4,2,0
13741,5,0,0
13741,5,2,0
13741,6,1,0
13741,6,2,0
13741,7,0,0
13741,7,1,0
13741,7,2,0
13742,1,0,0
13742,2,1,0
13742,3,0,0
13742,3,1,0
13742,4,2,0
13742,5,0,0
13742,5,2,0
13742,6,1,0
13742,6,2,0
13742,7,0,0
13742,7,1,0
13742,7,2,0
13743,1,0,1
13743,2,1,0
13743,3,0,1
13743,3,1,0
13743,4,2,0
13743,5,0,1
13743,5,2,0
13743,6,1,0
13743,6,2,0
13743,7,0,1
13743,7,1,0
13743,7,2,0
13744,1,0,1
13744,2,1,0
13744,3,0,1
13744,3,1,0
13744,4,2,0
13744,5,0,1
13744,5,2,0
13744,6,1,0
13744,6,2,0
13744,7,0,1
13744,7,1,0
13744,7,2,0
13745,1,0,0
13745,2,1,0
13745,3,0,0
13745,3,1,0
13745,4,2,0
13745,5,0,0
13745,5,2,0
13745,6,1,0
13745,6,2,0
13745,7,0,0
13745,7,1,0
13745,7,2,0
13746,1,0,0
13746,2,1,0
13746,3,0,0
13746,3,1,0
13746,4,2,0
13746,5,0,0
13746,5,2,0
13746,6,1,0
13746,6,2,0
13746,7,0,0
13746,7,1,0
13746,7,2,0
13747,1,0,0
13747,2,1,0
13747,3,0,0
13747,3,1,0
13747,4,2,0
13747,5,0,0
13747,5,2,0
13747,6,1,0
13747,6,2,0
13747,7,0,0
13747,7,1,0
13747,7,2,0
13748,1,0,0
13748,2,1,0
13748,3,0,0
13748,3,1,0
13748,4,2,0
13748,5,0,0
13748,5,2,0
13748,6,1,0
13748,6,2,0
13748,7,0,0
13748,7,1,0
13748,7,2,0
13749,1,0,0
13749,2,1,0
13749,3,0,0
13749,3,1,0
13749,4,2,0
13749,5,0,0
13749,5,2,0
13749,6,1,0
13749,6,2,0
13749,7,0,0
13749,7,1,0
13749,7,2,0
13750,1,0,0
13750,2,1,0
13750,3,0,0
13750,3,1,0
13750,4,2,0
13750,5,0,0
13750,5,2,0
13750,6,1,0
13750,6,2,0
13750,7,0,0
13750,7,1,0
13750,7,2,0
13751,1,0,0
13751,2,1,0
13751,3,0,0
13751,3,1,0
13751,4,2,0
13751,5,0,0
13751,5,2,0
13751,6,1,0
13751,6,2,0
13751,7,0,0
13751,7,1,0
13751,7,2,0
13752,1,0,0
13752,2,1,0
13752,3,0,0
13752,3,1,0
13752,4,2,0
13752,5,0,0
13752,5,2,0
13752,6,1,0
13752,6,2,0
13752,7,0,0
13752,7,1,0
13752,7,2,0
13753,1,0,0
13753,2,1,0
13753,3,0,0
13753,3,1,0
13753,4,2,0
13753,5,0,0
13753,5,2,0
13753,6,1,0
13753,6,2,0
13753,7,0,0
13753,7,1,0
13753,7,2,0
13754,1,0,0
13754,2,1,0
13754,3,0,0
13754,3,1,0
13754,4,2,0
13754,5,0,0
13754,5,2,0
13754,6,1,0
13754,6,2,0
13754,7,0,0
13754,7,1,0
13754,7,2,0
13755,1,0,0
13755,2,1,0
13755,3,0,0
13755,3,1,0
13755,4,2,0
13755,5,0,0
13755,5,2,0
13755,6,1,0
13755,6,2,0
13755,7,0,0
13755,7,1,0
13755,7,2,0
13756,1,0,0
13756,2,1,0
13756,3,0,0
13756,3,1,0
13756,4,2,0
13756,5,0,0
13756,5,2,0
13756,6,1,0
13756,6,2,0
13756,7,0,0
13756,7,1,0
13756,7,2,0
13757,1,0,0
13757,2,1,0
13757,3,0,0
13757,3,1,0
13757,4,2,0
13757,5,0,0
13757,5,2,0
13757,6,1,0
13757,6,2,0
13757,7,0,0
13757,7,1,0
13757,7,2,0
13758,1,0,0
13758,2,1,0
13758,3,0,0
13758,3,1,0
13758,4,2,0
13758,5,0,0
13758,5,2,0
13758,6,1,0
13758,6,2,0
13758,7,0,0
13758,7,1,0
13758,7,2,0
13759,1,0,0
13759,2,1,0
13759,3,0,0
13759,3,1,0
13759,4,2,0
13759,5,0,0
13759,5,2,0
13759,6,1,0
13759,6,2,0
13759,7,0,0
13759,7,1,0
13759,7,2,0
13760,1,0,0
13760,2,1,0
13760,3,0,0
13760,3,1,0
13760,4,2,0
13760,5,0,0
13760,5,2,0
13760,6,1,0
13760,6,2,0
13760,7,0,0
13760,7,1,0
13760,7,2,0
13761,1,0,0
13761,2,1,0
13761,3,0,0
13761,3,1,0
13761,4,2,0
13761,5,0,0
13761,5,2,0
13761,6,1,0
13761,6,2,0
13761,7,0,0
13761,7,1,0
13761,7,2,0
13762,1,0,0
13762,2,1,0
13762,3,0,0
13762,3,1,0
13762,4,2,0
13762,5,0,0
13762,5,2,0
13762,6,1,0
13762,6,2,0
13762,7,0,0
13762,7,1,0
13762,7,2,0
13763,1,0,0
13763,2,1,0
13763,3,0,0
13763,3,1,0
13763,4,2,0
13763,5,0,0
13763,5,2,0
13763,6,1,0
13763,6,2,0
13763,7,0,0
13763,7,1,0
13763,7,2,0
13764,1,0,0
13764,2,1,0
13764,3,0,0
13764,3,1,0
13764,4,2,0
13764,5,0,0
13764,5,2,0
13764,6,1,0
13764,6,2,0
13764,7,0,0
13764,7,1,0
13764,7,2,0
13765,1,0,0
13765,2,1,0
13765,3,0,0
13765,3,1,0
13765,4,2,0
13765,5,0,0
13765,5,2,0
13765,6,1,0
13765,6,2,0
13765,7,0,0
13765,7,1,0
13765,7,2,0
13766,1,0,0
13766,2,1,0
13766,3,0,0
13766,3,1,0
13766,4,2,0
13766,5,0,0
13766,5,2,0
13766,6,1,0
13766,6,2,0
13766,7,0,0
13766,7,1,0
13766,7,2,0
13767,1,0,0
13767,2,1,0
13767,3,0,0
13767,3,1,0
13767,4,2,0
13767,5,0,0
13767,5,2,0
13767,6,1,0
13767,6,2,0
13767,7,0,0
13767,7,1,0
13767,7,2,0
13768,1,0,0
13768,2,1,0
13768,3,0,0
13768,3,1,0
13768,4,2,0
13768,5,0,0
13768,5,2,0
13768,6,1,0
13768,6,2,0
13768,7,0,0
13768,7,1,0
13768,7,2,0
13769,1,0,0
13769,2,1,0
13769,3,0,0
13769,3,1,0
13769,4,2,0
13769,5,0,0
13769,5,2,0
13769,6,1,0
13769,6,2,0
13769,7,0,0
13769,7,1,0
13769,7,2,0
13770,1,0,1
13770,2,1,0
13770,3,0,1
13770,3,1,0
13770,4,2,0
13770,5,0,1
13770,5,2,0
13770,6,1,0
13770,6,2,0
13770,7,0,1
13770,7,1,0
13770,7,2,0
13771,1,0,1
13771,2,1,0
13771,3,0,1
13771,3,1,0
13771,4,2,0
13771,5,0,1
13771,5,2,0
13771,6,1,0
13771,6,2,0
13771,7,0,1
13771,7,1,0
13771,7,2,0
13772,1,0,0
13772,2,1,0
13772,3,0,0
13772,3,1,0
13772,4,2,0
13772,5,0,0
13772,5,2,0
13772,6,1,0
13772,6,2,0
13772,7,0,0
13772,7,1,0
13772,7,2,0
13773,1,0,0
13773,2,1,0
13773,3,0,0
13773,3,1,0
13773,4,2,0
13773,5,0,0
13773,5,2,0
13773,6,1,0
13773,6,2,0
13773,7,0,0
13773,7,1,0
13773,7,2,0
13774,1,0,0
13774,2,1,0
13774,3,0,0
13774,3,1,0
13774,4,2,0
13774,5,0,0
13774,5,2,0
13774,6,1,0
13774,6,2,0
13774,7,0,0
13774,7,1,0
13774,7,2,0
13775,1,0,0
13775,2,1,0
13775,3,0,0
13775,3,1,0
13775,4,2,0
13775,5,0,0
13775,5,2,0
13775,6,1,0
13775,6,2,0
13775,7,0,0
13775,7,1,0
13775,7,2,0
13776,1,0,0
13776,2,1,0
13776,3,0,0
13776,3,1,0
13776,4,2,0
13776,5,0,0
13776,5,2,0
13776,6,1,0
13776,6,2,0
13776,7,0,0
13776,7,1,0
13776,7,2,0
13777,1,0,0
13777,2,1,0
13777,3,0,0
13777,3,1,0
13777,4,2,0
13777,5,0,0
13777,5,2,0
13777,6,1,0
13777,6,2,0
13777,7,0,0
13777,7,1,0
13777,7,2,0
13778,1,0,0
13778,2,1,0
13778,3,0,0
13778,3,1,0
13778,4,2,0
13778,5,0,0
13778,5,2,0
13778,6,1,0
13778,6,2,0
13778,7,0,0
13778,7,1,0
13778,7,2,0
13779,1,0,0
13779,2,1,0
13779,3,0,0
13779,3,1,0
13779,4,2,0
13779,5,0,0
13779,5,2,0
13779,6,1,0
13779,6,2,0
13779,7,0,0
13779,7,1,0
13779,7,2,0
13780,1,0,0
13780,2,1,0
13780,3,0,0
13780,3,1,0
13780,4,2,0
13780,5,0,0
13780,5,2,0
13780,6,1,0
13780,6,2,0
13780,7,0,0
13780,7,1,0
13780,7,2,0
13781,1,0,0
13781,2,1,0
13781,3,0,0
13781,3,1,0
13781,4,2,0
13781,5,0,0
13781,5,2,0
13781,6,1,0
13781,6,2,0
13781,7,0,0
13781,7,1,0
13781,7,2,0
13782,1,0,0
13782,2,1,0
13782,3,0,0
13782,3,1,0
13782,4,2,0
13782,5,0,0
13782,5,2,0
13782,6,1,0
13782,6,2,0
13782,7,0,0
13782,7,1,0
13782,7,2,0
13783,1,0,0
13783,2,1,0
13783,3,0,0
13783,3,1,0
13783,4,2,0
13783,5,0,0
13783,5,2,0
13783,6,1,0
13783,6,2,0
13783,7,0,0
13783,7,1,0
13783,7,2,0
13784,1,0,0
13784,2,1,0
13784,3,0,0
13784,3,1,0
13784,4,2,0
13784,5,0,0
13784,5,2,0
13784,6,1,0
13784,6,2,0
13784,7,0,0
13784,7,1,0
13784,7,2,0
13785,1,0,0
13785,2,1,0
13785,3,0,0
13785,3,1,0
13785,4,2,0
13785,5,0,0
13785,5,2,0
13785,6,1,0
13785,6,2,0
13785,7,0,0
13785,7,1,0
13785,7,2,0
13786,1,0,0
13786,2,1,0
13786,3,0,0
13786,3,1,0
13786,4,2,0
13786,5,0,0
13786,5,2,0
13786,6,1,0
13786,6,2,0
13786,7,0,0
13786,7,1,0
13786,7,2,0
13787,1,0,0
13787,2,1,0
13787,3,0,0
13787,3,1,0
13787,4,2,0
13787,5,0,0
13787,5,2,0
13787,6,1,0
13787,6,2,0
13787,7,0,0
13787,7,1,0
13787,7,2,0
13788,1,0,0
13788,2,1,0
13788,3,0,0
13788,3,1,0
13788,4,2,0
13788,5,0,0
13788,5,2,0
13788,6,1,0
13788,6,2,0
13788,7,0,0
13788,7,1,0
13788,7,2,0
13789,1,0,0
13789,2,1,0
13789,3,0,0
13789,3,1,0
13789,4,2,0
13789,5,0,0
13789,5,2,0
13789,6,1,0
13789,6,2,0
13789,7,0,0
13789,7,1,0
13789,7,2,0
13790,1,0,0
13790,2,1,0
13790,3,0,0
13790,3,1,0
13790,4,2,0
13790,5,0,0
13790,5,2,0
13790,6,1,0
13790,6,2,0
13790,7,0,0
13790,7,1,0
13790,7,2,0
13791,1,0,0
13791,2,1,0
13791,3,0,0
13791,3,1,0
13791,4,2,0
13791,5,0,0
13791,5,2,0
13791,6,1,0
13791,6,2,0
13791,7,0,0
13791,7,1,0
13791,7,2,0
13792,1,0,0
13792,2,1,0
13792,3,0,0
13792,3,1,0
13792,4,2,0
13792,5,0,0
13792,5,2,0
13792,6,1,0
13792,6,2,0
13792,7,0,0
13792,7,1,0
13792,7,2,0
13793,1,0,0
13793,2,1,0
13793,3,0,0
13793,3,1,0
13793,4,2,0
13793,5,0,0
13793,5,2,0
13793,6,1,0
13793,6,2,0
13793,7,0,0
13793,7,1,0
13793,7,2,0
13794,1,0,0
13794,2,1,0
13794,3,0,0
13794,3,1,0
13794,4,2,0
13794,5,0,0
13794,5,2,0
13794,6,1,0
13794,6,2,0
13794,7,0,0
13794,7,1,0
13794,7,2,0
13795,1,0,0
13795,2,1,0
13795,3,0,0
13795,3,1,0
13795,4,2,0
13795,5,0,0
13795,5,2,0
13795,6,1,0
13795,6,2,0
13795,7,0,0
13795,7,1,0
13795,7,2,0
13796,1,0,0
13796,2,1,0
13796,3,0,0
13796,3,1,0
13796,4,2,0
13796,5,0,0
13796,5,2,0
13796,6,1,0
13796,6,2,0
13796,7,0,0
13796,7,1,0
13796,7,2,0
13797,1,0,1
13797,2,1,0
13797,3,0,1
13797,3,1,0
13797,4,2,0
13797,5,0,1
13797,5,2,0
13797,6,1,0
13797,6,2,0
13797,7,0,1
13797,7,1,0
13797,7,2,0
13798,1,0,1
13798,2,1,0
13798,3,0,1
13798,3,1,0
13798,4,2,0
13798,5,0,1
13798,5,2,0
13798,6,1,0
13798,6,2,0
13798,7,0,1
13798,7,1,0
13798,7,2,0
13799,1,0,0
13799,2,1,0
13799,3,0,0
13799,3,1,0
13799,4,2,0
13799,5,0,0
13799,5,2,0
13799,6,1,0
13799,6,2,0
13799,7,0,0
13799,7,1,0
13799,7,2,0
13800,1,0,0
13800,2,1,0
13800,3,0,0
13800,3,1,0
13800,4,2,0
13800,5,0,0
13800,5,2,0
13800,6,1,0
13800,6,2,0
13800,7,0,0
13800,7,1,0
13800,7,2,0
13801,1,0,0
13801,2,1,0
13801,3,0,0
13801,3,1,0
13801,4,2,0
13801,5,0,0
13801,5,2,0
13801,6,1,0
13801,6,2,0
13801,7,0,0
13801,7,1,0
13801,7,2,0
13802,1,0,0
13802,2,1,0
13802,3,0,0
13802,3,1,0
13802,4,2,0
13802,5,0,0
13802,5,2,0
13802,6,1,0
13802,6,2,0
13802,7,0,0
13802,7,1,0
13802,7,2,0
13803,1,0,0
13803,2,1,0
13803,3,0,0
13803,3,1,0
13803,4,2,0
13803,5,0,0
13803,5,2,0
13803,6,1,0
13803,6,2,0
13803,7,0,0
13803,7,1,0
13803,7,2,0
13804,1,0,0
13804,2,1,0
13804,3,0,0
13804,3,1,0
13804,4,2,0
13804,5,0,0
13804,5,2,0
13804,6,1,0
13804,6,2,0
13804,7,0,0
13804,7,1,0
13804,7,2,0
13805,1,0,0
13805,2,1,0
13805,3,0,0
13805,3,1,0
13805,4,2,0
13805,5,0,0
13805,5,2,0
13805,6,1,0
13805,6,2,0
13805,7,0,0
13805,7,1,0
13805,7,2,0
13806,1,0,0
13806,2,1,0
13806,3,0,0
13806,3,1,0
13806,4,2,0
13806,5,0,0
13806,5,2,0
13806,6,1,0
13806,6,2,0
13806,7,0,0
13806,7,1,0
13806,7,2,0
13807,1,0,0
13807,2,1,0
13807,3,0,0
13807,3,1,0
13807,4,2,0
13807,5,0,0
13807,5,2,0
13807,6,1,0
13807,6,2,0
13807,7,0,0
13807,7,1,0
13807,7,2,0
13808,1,0,0
13808,2,1,0
13808,3,0,0
13808,3,1,0
13808,4,2,0
13808,5,0,0
13808,5,2,0
13808,6,1,0
13808,6,2,0
13808,7,0,0
13808,7,1,0
13808,7,2,0
13809,1,0,0
13809,2,1,0
13809,3,0,0
13809,3,1,0
13809,4,2,0
13809,5,0,0
13809,5,2,0
13809,6,1,0
13809,6,2,0
13809,7,0,0
13809,7,1,0
13809,7,2,0
13810,1,0,0
13810,2,1,0
13810,3,0,0
13810,3,1,0
13810,4,2,0
13810,5,0,0
13810,5,2,0
13810,6,1,0
13810,6,2,0
13810,7,0,0
13810,7,1,0
13810,7,2,0
13811,1,0,0
13811,2,1,0
13811,3,0,0
13811,3,1,0
13811,4,2,0
13811,5,0,0
13811,5,2,0
13811,6,1,0
13811,6,2,0
13811,7,0,0
13811,7,1,0
13811,7,2,0
13812,1,0,0
13812,2,1,0
13812,3,0,0
13812,3,1,0
13812,4,2,0
13812,5,0,0
13812,5,2,0
13812,6,1,0
13812,6,2,0
13812,7,0,0
13812,7,1,0
13812,7,2,0
13813,1,0,0
13813,2,1,0
13813,3,0,0
13813,3,1,0
13813,4,2,0
13813,5,0,0
13813,5,2,0
13813,6,1,0
13813,6,2,0
13813,7,0,0
13813,7,1,0
13813,7,2,0
13814,1,0,0
13814,2,1,0
13814,3,0,0
13814,3,1,0
13814,4,2,0
13814,5,0,0
13814,5,2,0
13814,6,1,0
13814,6,2,0
13814,7,0,0
13814,7,1,0
13814,7,2,0
13815,1,0,0
13815,2,1,0
13815,3,0,0
13815,3,1,0
13815,4,2,0
13815,5,0,0
13815,5,2,0
13815,6,1,0
13815,6,2,0
13815,7,0,0
13815,7,1,0
13815,7,2,0
13816,1,0,0
13816,2,1,0
13816,3,0,0
13816,3,1,0
13816,4,2,0
13816,5,0,0
13816,5,2,0
13816,6,1,0
13816,6,2,0
13816,7,0,0
13816,7,1,0
13816,7,2,0
13817,1,0,0
13817,2,1,0
13817,3,0,0
13817,3,1,0
13817,4,2,0
13817,5,0,0
13817,5,2,0
13817,6,1,0
13817,6,2,0
13817,7,0,0
13817,7,1,0
13817,7,2,0
13818,1,0,0
13818,2,1,0
13818,3,0,0
13818,3,1,0
13818,4,2,0
13818,5,0,0
13818,5,2,0
13818,6,1,0
13818,6,2,0
13818,7,0,0
13818,7,1,0
13818,7,2,0
13819,1,0,0
13819,2,1,0
13819,3,0,0
13819,3,1,0
13819,4,2,0
13819,5,0,0
13819,5,2,0
13819,6,1,0
13819,6,2,0
13819,7,0,0
13819,7,1,0
13819,7,2,0
13820,1,0,0
13820,2,1,0
13820,3,0,0
13820,3,1,0
13820,4,2,0
13820,5,0,0
13820,5,2,0
13820,6,1,0
13820,6,2,0
13820,7,0,0
13820,7,1,0
13820,7,2,0
13821,1,0,0
13821,2,1,0
13821,3,0,0
13821,3,1,0
13821,4,2,0
13821,5,0,0
13821,5,2,0
13821,6,1,0
13821,6,2,0
13821,7,0,0
13821,7,1,0
13821,7,2,0
13822,1,0,0
13822,2,1,0
13822,3,0,0
13822,3,1,0
13822,4,2,0
13822,5,0,0
13822,5,2,0
13822,6,1,0
13822,6,2,0
13822,7,0,0
13822,7,1,0
13822,7,2,0
13823,1,0,0
13823,2,1,0
13823,3,0,0
13823,3,1,0
13823,4,2,0
13823,5,0,0
13823,5,2,0
13823,6,1,0
13823,6,2,0
13823,7,0,0
13823,7,1,0
13823,7,2,0
13824,1,0,1
13824,2,1,0
13824,3,0,1
13824,3,1,0
13824,4,2,0
13824,5,0,1
13824,5,2,0
13824,6,1,0
13824,6,2,0
13824,7,0,1
13824,7,1,0
13824,7,2,0
13825,1,0,1
13825,2,1,0
13825,3,0,1
13825,3,1,0
13825,4,2,0
13825,5,0,1
13825,5,2,0
13825,6,1,0
13825,6,2,0
13825,7,0,1
13825,7,1,0
13825,7,2,0
13826,1,0,0
13826,2,1,0
13826,3,0,0
13826,3,1,0
13826,4,2,0
13826,5,0,0
13826,5,2,0
13826,6,1,0
13826,6,2,0
13826,7,0,0
13826,7,1,0
13826,7,2,0
13827,1,0,0
13827,2,1,0
13827,3,0,0
13827,3,1,0
13827,4,2,0
13827,5,0,0
13827,5,2,0
13827,6,1,0
13827,6,2,0
13827,7,0,0
13827,7,1,0
13827,7,2,0
13828,1,0,0
13828,2,1,0
13828,3,0,0
13828,3,1,0
13828,4,2,0
13828,5,0,0
13828,5,2,0
13828,6,1,0
13828,6,2,0
13828,7,0,0
13828,7,1,0
13828,7,2,0
13829,1,0,0
13829,2,1,0
13829,3,0,0
13829,3,1,0
13829,4,2,0
13829,5,0,0
13829,5,2,0
13829,6,1,0
13829,6,2,0
13829,7,0,0
13829,7,1,0
13829,7,2,0
13830,1,0,0
13830,2,1,0
13830,3,0,0
13830,3,1,0
13830,4,2,0
13830,5,0,0
13830,5,2,0
13830,6,1,0
13830,6,2,0
13830,7,0,0
13830,7,1,0
13830,7,2,0
13831,1,0,0
13831,2,1,0
13831,3,0,0
13831,3,1,0
13831,4,2,0
13831,5,0,0
13831,5,2,0
13831,6,1,0
13831,6,2,0
13831,7,0,0
13831,7,1,0
13831,7,2,0
13832,1,0,0
13832,2,1,0
13832,3,0,0
13832,3,1,0
13832,4,2,0
13832,5,0,0
13832,5,2,0
13832,6,1,0
13832,6,2,0
13832,7,0,0
13832,7,1,0
13832,7,2,0
13833,1,0,0
13833,2,1,0
13833,3,0,0
13833,3,1,0
13833,4,2,0
13833,5,0,0
13833,5,2,0
13833,6,1,0
13833,6,2,0
13833,7,0,0
13833,7,1,0
13833,7,2,0
13834,1,0,0
13834,2,1,0
13834,3,0,0
13834,3,1,0
13834,4,2,0
13834,5,0,0
13834,5,2,0
13834,6,1,0
13834,6,2,0
13834,7,0,0
13834,7,1,0
13834,7,2,0
13835,1,0,0
13835,2,1,0
13835,3,0,0
13835,3,1,0
13835,4,2,0
13835,5,0,0
13835,5,2,0
13835,6,1,0
13835,6,2,0
13835,7,0,0
13835,7,1,0
13835,7,2,0
13836,1,0,0
13836,2,1,0
13836,3,0,0
13836,3,1,0
13836,4,2,0
13836,5,0,0
13836,5,2,0
13836,6,1,0
13836,6,2,0
13836,7,0,0
13836,7,1,0
13836,7,2,0
13837,1,0,0
13837,2,1,0
13837,3,0,0
13837,3,1,0
13837,4,2,0
13837,5,0,0
13837,5,2,0
13837,6,1,0
13837,6,2,0
13837,7,0,0
13837,7,1,0
13837,7,2,0
13838,1,0,0
13838,2,1,0
13838,3,0,0
13838,3,1,0
13838,4,2,0
13838,5,0,0
13838,5,2,0
13838,6,1,0
13838,6,2,0
13838,7,0,0
13838,7,1,0
13838,7,2,0
13839,1,0,0
13839,2,1,0
13839,3,0,0
13839,3,1,0
13839,4,2,0
13839,5,0,0
13839,5,2,0
13839,6,1,0
13839,6,2,0
13839,7,0,0
13839,7,1,0
13839,7,2,0
13840,1,0,0
13840,2,1,0
13840,3,0,0
13840,3,1,0
13840,4,2,0
13840,5,0,0
13840,5,2,0
13840,6,1,0
13840,6,2,0
13840,7,0,0
13840,7,1,0
13840,7,2,0
13841,1,0,0
13841,2,1,0
13841,3,0,0
13841,3,1,0
13841,4,2,0
13841,5,0,0
13841,5,2,0
13841,6,1,0
13841,6,2,0
13841,7,0,0
13841,7,1,0
13841,7,2,0
13842,1,0,0
13842,2,1,0
13842,3,0,0
13842,3,1,0
13842,4,2,0
13842,5,0,0
13842,5,2,0
13842,6,1,0
13842,6,2,0
13842,7,0,0
13842,7,1,0
13842,7,2,0
13843,1,0,0
13843,2,1,0
13843,3,0,0
13843,3,1,0
13843,4,2,0
13843,5,0,0
13843,5,2,0
13843,6,1,0
13843,6,2,0
13843,7,0,0
13843,7,1,0
13843,7,2,0
13844,1,0,0
13844,2,1,0
13844,3,0,0
13844,3,1,0
13844,4,2,0
13844,5,0,0
13844,5,2,0
13844,6,1,0
13844,6,2,0
13844,7,0,0
13844,7,1,0
13844,7,2,0
13845,1,0,0
13845,2,1,0
13845,3,0,0
13845,3,1,0
13845,4,2,0
13845,5,0,0
13845,5,2,0
13845,6,1,0
13845,6,2,0
13845,7,0,0
13845,7,1,0
13845,7,2,0
13846,1,0,0
13846,2,1,0
13846,3,0,0
13846,3,1,0
13846,4,2,0
13846,5,0,0
13846,5,2,0
13846,6,1,0
13846,6,2,0
13846,7,0,0
13846,7,1,0
13846,7,2,0
13847,1,0,0
13847,2,1,0
13847,3,0,0
13847,3,1,0
13847,4,2,0
13847,5,0,0
13847,5,2,0
13847,6,1,0
13847,6,2,0
13847,7,0,0
13847,7,1,0
13847,7,2,0
13848,1,0,0
13848,2,1,0
13848,3,0,0
13848,3,1,0
13848,4,2,0
13848,5,0,0
13848,5,2,0
13848,6,1,0
13848,6,2,0
13848,7,0,0
13848,7,1,0
13848,7,2,0
13849,1,0,0
13849,2,1,0
13849,3,0,0
13849,3,1,0
13849,4,2,0
13849,5,0,0
13849,5,2,0
13849,6,1,0
13849,6,2,0
13849,7,0,0
13849,7,1,0
13849,7,2,0
13850,1,0,0
13850,2,1,0
13850,3,0,0
13850,3,1,0
13850,4,2,0
13850,5,0,0
13850,5,2,0
13850,6,1,0
13850,6,2,0
13850,7,0,0
13850,7,1,0
13850,7,2,0
13851,1,0,1
13851,2,1,1
13851,3,0,1
13851,3,1,1
13851,4,2,0
13851,5,0,1
13851,5,2,0
13851,6,1,1
13851,6,2,0
13851,7,0,1
13851,7,1,1
13851,7,2,0
13852,1,0,1
13852,2,1,1
13852,3,0,1
13852,3,1,1
13852,4,2,0
13852,5,0,1
13852,5,2,0
13852,6,1,1
13852,6,2,0
13852,7,0,1
13852,7,1,1
13852,7,2,0
13853,1,0,0
13853,2,1,1
13853,3,0,0
13853,3,1,1
13853,4,2,0
13853,5,0,0
13853,5,2,0
13853,6,1,1
13853,6,2,0
13853,7,0,0
13853,7,1,1
13853,7,2,0
13854,1,0,1
13854,2,1,1
13854,3,0,1
13854,3,1,1
13854,4,2,0
13854,5,0,1
13854,5,2,0
13854,6,1,1
13854,6,2,0
13854,7,0,1
13854,7,1,1
13854,7,2,0
13855,1,0,1
13855,2,1,1
13855,3,0,1
13855,3,1,1
13855,4,2,0
13855,5,0,1
13855,5,2,0
13855,6,1,1
13855,6,2,0
13855,7,0,1
13855,7,1,1
13855,7,2,0
13856,1,0,0
13856,2,1,1
13856,3,0,0
13856,3,1,1
13856,4,2,0
13856,5,0,0
13856,5,2,0
13856,6,1,1
13856,6,2,0
13856,7,0,0
13856,7,1,1
13856,7,2,0
13857,1,0,1
13857,2,1,1
13857,3,0,1
13857,3,1,1
13857,4,2,0
13857,5,0,1
13857,5,2,0
13857,6,1,1
13857,6,2,0
13857,7,0,1
13857,7,1,1
13857,7,2,0
13858,1,0,1
13858,2,1,1
13858,3,0,1
13858,3,1,1
13858,4,2,0
13858,5,0,1
13858,5,2,0
13858,6,1,1
13858,6,2,0
13858,7,0,1
13858,7,1,1
13858,7,2,0
13859,1,0,0
13859,2,1,1
13859,3,0,0
13859,3,1,1
13859,4,2,0
13859,5,0,0
13859,5,2,0
13859,6,1,1
13859,6,2,0
13859,7,0,0
13859,7,1,1
13859,7,2,0
13860,1,0,0
13860,2,1,1
13860,3,0,0
13860,3,1,1
13860,4,2,0
13860,5,0,0
13860,5,2,0
13860,6,1,1
13860,6,2,0
13860,7,0,0
13860,7,1,1
13860,7,2,0
13861,1,0,0
13861,2,1,1
13861,3,0,0
13861,3,1,1
13861,4,2,0
13861,5,0,0
13861,5,2,0
13861,6,1,1
13861,6,2,0
13861,7,0,0
13861,7,1,1
13861,7,2,0
13862,1,0,0
13862,2,1,1
13862,3,0,0
13862,3,1,1
13862,4,2,0
13862,5,0,0
13862,5,2,0
13862,6,1,1
13862,6,2,0
13862,7,0,0
13862,7,1,1
13862,7,2,0
13863,1,0,0
13863,2,1,1
13863,3,0,0
13863,3,1,1
13863,4,2,0
13863,5,0,0
13863,5,2,0
13863,6,1,1
13863,6,2,0
13863,7,0,0
13863,7,1,1
13863,7,2,0
13864,1,0,0
13864,2,1,1
13864,3,0,0
13864,3,1,1
13864,4,2,0
13864,5,0,0
13864,5,2,0
13864,6,1,1
13864,6,2,0
13864,7,0,0
13864,7,1,1
13864,7,2,0
13865,1,0,0
13865,2,1,1
13865,3,0,0
13865,3,1,1
13865,4,2,0
13865,5,0,0
13865,5,2,0
13865,6,1,1
13865,6,2,0
13865,7,0,0
13865,7,1,1
13865,7,2,0
13866,1,0,0
13866,2,1,1
13866,3,0,0
13866,3,1,1
13866,4,2,0
13866,5,0,0
13866,5,2,0
13866,6,1,1
13866,6,2,0
13866,7,0,0
13866,7,1,1
13866,7,2,0
13867,1,0,0
13867,2,1,1
13867,3,0,0
13867,3,1,1
13867,4,2,0
13867,5,0,0
13867,5,2,0
13867,6,1,1
13867,6,2,0
13867,7,0,0
13867,7,1,1
13867,7,2,0
13868,1,0,0
13868,2,1,1
13868,3,0,0
13868,3,1,1
13868,4,2,0
13868,5,0,0
13868,5,2,0
13868,6,1,1
13868,6,2,0
13868,7,0,0
13868,7,1,1
13868,7,2,0
13869,1,0,0
13869,2,1,1
13869,3,0,0
13869,3,1,1
13869,4,2,0
13869,5,0,0
13869,5,2,0
13869,6,1,1
13869,6,2,0
13869,7,0,0
13869,7,1,1
13869,7,2,0
13870,1,0,0
13870,2,1,1
13870,3,0,0
13870,3,1,1
13870,4,2,0
13870,5,0,0
13870,5,2,0
13870,6,1,1
13870,6,2,0
13870,7,0,0
13870,7,1,1
13870,7,2,0
13871,1,0,0
13871,2,1,1
13871,3,0,0
13871,3,1,1
13871,4,2,0
13871,5,0,0
13871,5,2,0
13871,6,1,1
13871,6,2,0
13871,7,0,0
13871,7,1,1
13871,7,2,0
13872,1,0,0
13872,2,1,1
13872,3,0,0
13872,3,1,1
13872,4,2,0
13872,5,0,0
13872,5,2,0
13872,6,1,1
13872,6,2,0
13872,7,0,0
13872,7,1,1
13872,7,2,0
13873,1,0,0
13873,2,1,1
13873,3,0,0
13873,3,1,1
13873,4,2,0
13873,5,0,0
13873,5,2,0
13873,6,1,1
13873,6,2,0
13873,7,0,0
13873,7,1,1
13873,7,2,0
13874,1,0,0
13874,2,1,1
13874,3,0,0
13874,3,1,1
13874,4,2,0
13874,5,0,0
13874,5,2,0
13874,6,1,1
13874,6,2,0
13874,7,0,0
13874,7,1,1
13874,7,2,0
13875,1,0,0
13875,2,1,1
13875,3,0,0
13875,3,1,1
13875,4,2,0
13875,5,0,0
13875,5,2,0
13875,6,1,1
13875,6,2,0
13875,7,0,0
13875,7,1,1
13875,7,2,0
13876,1,0,0
13876,2,1,1
13876,3,0,0
13876,3,1,1
13876,4,2,0
13876,5,0,0
13876,5,2,0
13876,6,1,1
13876,6,2,0
13876,7,0,0
13876,7,1,1
13876,7,2,0
13877,1,0,0
13877,2,1,1
13877,3,0,0
13877,3,1,1
13877,4,2,0
13877,5,0,0
13877,5,2,0
13877,6,1,1
13877,6,2,0
13877,7,0,0
13877,7,1,1
13877,7,2,0
13878,1,0,1
13878,2,1,1
13878,3,0,1
13878,3,1,1
13878,4,2,0
13878,5,0,1
13878,5,2,0
13878,6,1,1
13878,6,2,0
13878,7,0,1
13878,7,1,1
13878,7,2,0
13879,1,0,1
13879,2,1,1
13879,3,0,1
13879,3,1,1
13879,4,2,0
13879,5,0,1
13879,5,2,0
13879,6,1,1
13879,6,2,0
13879,7,0,1
13879,7,1,1
13879,7,2,0
13880,1,0,0
13880,2,1,0
13880,3,0,0
13880,3,1,0
13880,4,2,0
13880,5,0,0
13880,5,2,0
13880,6,1,0
13880,6,2,0
13880,7,0,0
13880,7,1,0
13880,7,2,0
13881,1,0,1
13881,2,1,1
13881,3,0,1
13881,3,1,1
13881,4,2,0
13881,5,0,1
13881,5,2,0
13881,6,1,1
13881,6,2,0
13881,7,0,1
13881,7,1,1
13881,7,2,0
13882,1,0,1
13882,2,1,1
13882,3,0,1
13882,3,1,1
13882,4,2,0
13882,5,0,1
13882,5,2,0
13882,6,1,1
13882,6,2,0
13882,7,0,1
13882,7,1,1
13882,7,2,0
13883,1,0,0
13883,2,1,0
13883,3,0,0
13883,3,1,0
13883,4,2,0
13883,5,0,0
13883,5,2,0
13883,6,1,0
13883,6,2,0
13883,7,0,0
13883,7,1,0
13883,7,2,0
13884,1,0,0
13884,2,1,0
13884,3,0,0
13884,3,1,0
13884,4,2,0
13884,5,0,0
13884,5,2,0
13884,6,1,0
13884,6,2,0
13884,7,0,0
13884,7,1,0
13884,7,2,0
13885,1,0,0
13885,2,1,0
13885,3,0,0
13885,3,1,0
13885,4,2,0
13885,5,0,0
13885,5,2,0
13885,6,1,0
13885,6,2,0
13885,7,0,0
13885,7,1,0
13885,7,2,0
13886,1,0,0
13886,2,1,0
13886,3,0,0
13886,3,1,0
13886,4,2,0
13886,5,0,0
13886,5,2,0
13886,6,1,0
13886,6,2,0
13886,7,0,0
13886,7,1,0
13886,7,2,0
13887,1,0,0
13887,2,1,0
13887,3,0,0
13887,3,1,0
13887,4,2,0
13887,5,0,0
13887,5,2,0
13887,6,1,0
13887,6,2,0
13887,7,0,0
13887,7,1,0
13887,7,2,0
13888,1,0,0
13888,2,1,0
13888,3,0,0
13888,3,1,0
13888,4,2,0
13888,5,0,0
13888,5,2,0
13888,6,1,0
13888,6,2,0
13888,7,0,0
13888,7,1,0
13888,7,2,0
13889,1,0,0
13889,2,1,0
13889,3,0,0
13889,3,1,0
13889,4,2,0
13889,5,0,0
13889,5,2,0
13889,6,1,0
13889,6,2,0
13889,7,0,0
13889,7,1,0
13889,7,2,0
13890,1,0,0
13890,2,1,0
13890,3,0,0
13890,3,1,0
13890,4,2,0
13890,5,0,0
13890,5,2,0
13890,6,1,0
13890,6,2,0
13890,7,0,0
13890,7,1,0
13890,7,2,0
13891,1,0,0
13891,2,1,0
13891,3,0,0
13891,3,1,0
13891,4,2,0
13891,5,0,0
13891,5,2,0
13891,6,1,0
13891,6,2,0
13891,7,0,0
13891,7,1,0
13891,7,2,0
13892,1,0,0
13892,2,1,0
13892,3,0,0
13892,3,1,0
13892,4,2,0
13892,5,0,0
13892,5,2,0
13892,6,1,0
13892,6,2,0
13892,7,0,0
13892,7,1,0
13892,7,2,0
13893,1,0,0
13893,2,1,0
13893,3,0,0
13893,3,1,0
13893,4,2,0
13893,5,0,0
13893,5,2,0
13893,6,1,0
13893,6,2,0
13893,7,0,0
13893,7,1,0
13893,7,2,0
13894,1,0,0
13894,2,1,0
13894,3,0,0
13894,3,1,0
13894,4,2,0
13894,5,0,0
13894,5,2,0
13894,6,1,0
13894,6,2,0
13894,7,0,0
13894,7,1,0
13894,7,2,0
13895,1,0,0
13895,2,1,0
13895,3,0,0
13895,3,1,0
13895,4,2,0
13895,5,0,0
13895,5,2,0
13895,6,1,0
13895,6,2,0
13895,7,0,0
13895,7,1,0
13895,7,2,0
13896,1,0,0
13896,2,1,0
13896,3,0,0
13896,3,1,0
13896,4,2,0
13896,5,0,0
13896,5,2,0
13896,6,1,0
13896,6,2,0
13896,7,0,0
13896,7,1,0
13896,7,2,0
13897,1,0,0
13897,2,1,0
13897,3,0,0
13897,3,1,0
13897,4,2,0
13897,5,0,0
13897,5,2,0
13897,6,1,0
13897,6,2,0
13897,7,0,0
13897,7,1,0
13897,7,2,0
13898,1,0,0
13898,2,1,0
13898,3,0,0
13898,3,1,0
13898,4,2,0
13898,5,0,0
13898,5,2,0
13898,6,1,0
13898,6,2,0
13898,7,0,0
13898,7,1,0
13898,7,2,0
13899,1,0,0
13899,2,1,0
13899,3,0,0
13899,3,1,0
13899,4,2,0
13899,5,0,0
13899,5,2,0
13899,6,1,0
13899,6,2,0
13899,7,0,0
13899,7,1,0
13899,7,2,0
13900,1,0,0
13900,2,1,0
13900,3,0,0
13900,3,1,0
13900,4,2,0
13900,5,0,0
13900,5,2,0
13900,6,1,0
13900,6,2,0
13900,7,0,0
13900,7,1,0
13900,7,2,0
13901,1,0,0
13901,2,1,0
13901,3,0,0
13901,3,1,0
13901,4,2,0
13901,5,0,0
13901,5,2,0
13901,6,1,0
13901,6,2,0
13901,7,0,0
13901,7,1,0
13901,7,2,0
13902,1,0,0
13902,2,1,0
13902,3,0,0
13902,3,1,0
13902,4,2,0
13902,5,0,0
13902,5,2,0
13902,6,1,0
13902,6,2,0
13902,7,0,0
13902,7,1,0
13902,7,2,0
13903,1,0,0
13903,2,1,0
13903,3,0,0
13903,3,1,0
13903,4,2,0
13903,5,0,0
13903,5,2,0
13903,6,1,0
13903,6,2,0
13903,7,0,0
13903,7,1,0
13903,7,2,0
13904,1,0,0
13904,2,1,0
13904,3,0,0
13904,3,1,0
13904,4,2,0
13904,5,0,0
13904,5,2,0
13904,6,1,0
13904,6,2,0
13904,7,0,0
13904,7,1,0
13904,7,2,0
13905,1,0,1
13905,2,1,1
13905,3,0,1
13905,3,1,1
13905,4,2,0
13905,5,0,1
13905,5,2,0
13905,6,1,1
13905,6,2,0
13905,7,0,1
13905,7,1,1
13905,7,2,0
13906,1,0,1
13906,2,1,1
13906,3,0,1
13906,3,1,1
13906,4,2,0
13906,5,0,1
13906,5,2,0
13906,6,1,1
13906,6,2,0
13906,7,0,1
13906,7,1,1
13906,7,2,0
13907,1,0,0
13907,2,1,0
13907,3,0,0
13907,3,1,0
13907,4,2,0
13907,5,0,0
13907,5,2,0
13907,6,1,0
13907,6,2,0
13907,7,0,0
13907,7,1,0
13907,7,2,0
13908,1,0,0
13908,2,1,0
13908,3,0,0
13908,3,1,0
13908,4,2,0
13908,5,0,0
13908,5,2,0
13908,6,1,0
13908,6,2,0
13908,7,0,0
13908,7,1,0
13908,7,2,0
13909,1,0,0
13909,2,1,0
13909,3,0,0
13909,3,1,0
13909,4,2,0
13909,5,0,0
13909,5,2,0
13909,6,1,0
13909,6,2,0
13909,7,0,0
13909,7,1,0
13909,7,2,0
13910,1,0,0
13910,2,1,0
13910,3,0,0
13910,3,1,0
13910,4,2,0
13910,5,0,0
13910,5,2,0
13910,6,1,0
13910,6,2,0
13910,7,0,0
13910,7,1,0
13910,7,2,0
13911,1,0,0
13911,2,1,0
13911,3,0,0
13911,3,1,0
13911,4,2,0
13911,5,0,0
13911,5,2,0
13911,6,1,0
13911,6,2,0
13911,7,0,0
13911,7,1,0
13911,7,2,0
13912,1,0,0
13912,2,1,0
13912,3,0,0
13912,3,1,0
13912,4,2,0
13912,5,0,0
13912,5,2,0
13912,6,1,0
13912,6,2,0
13912,7,0,0
13912,7,1,0
13912,7,2,0
13913,1,0,0
13913,2,1,0
13913,3,0,0
13913,3,1,0
13913,4,2,0
13913,5,0,0
13913,5,2,0
13913,6,1,0
13913,6,2,0
13913,7,0,0
13913,7,1,0
13913,7,2,0
13914,1,0,0
13914,2,1,0
13914,3,0,0
13914,3,1,0
13914,4,2,0
13914,5,0,0
13914,5,2,0
13914,6,1,0
13914,6,2,0
13914,7,0,0
13914,7,1,0
13914,7,2,0
13915,1,0,0
13915,2,1,0
13915,3,0,0
13915,3,1,0
13915,4,2,0
13915,5,0,0
13915,5,2,0
13915,6,1,0
13915,6,2,0
13915,7,0,0
13915,7,1,0
13915,7,2,0
13916,1,0,0
13916,2,1,0
13916,3,0,0
13916,3,1,0
13916,4,2,0
13916,5,0,0
13916,5,2,0
13916,6,1,0
13916,6,2,0
13916,7,0,0
13916,7,1,0
13916,7,2,0
13917,1,0,0
13917,2,1,0
13917,3,0,0
13917,3,1,0
13917,4,2,0
13917,5,0,0
13917,5,2,0
13917,6,1,0
13917,6,2,0
13917,7,0,0
13917,7,1,0
13917,7,2,0
13918,1,0,0
13918,2,1,0
13918,3,0,0
13918,3,1,0
13918,4,2,0
13918,5,0,0
13918,5,2,0
13918,6,1,0
13918,6,2,0
13918,7,0,0
13918,7,1,0
13918,7,2,0
13919,1,0,0
13919,2,1,0
13919,3,0,0
13919,3,1,0
13919,4,2,0
13919,5,0,0
13919,5,2,0
13919,6,1,0
13919,6,2,0
13919,7,0,0
13919,7,1,0
13919,7,2,0
13920,1,0,0
13920,2,1,0
13920,3,0,0
13920,3,1,0
13920,4,2,0
13920,5,0,0
13920,5,2,0
13920,6,1,0
13920,6,2,0
13920,7,0,0
13920,7,1,0
13920,7,2,0
13921,1,0,0
13921,2,1,0
13921,3,0,0
13921,3,1,0
13921,4,2,0
13921,5,0,0
13921,5,2,0
13921,6,1,0
13921,6,2,0
13921,7,0,0
13921,7,1,0
13921,7,2,0
13922,1,0,0
13922,2,1,0
13922,3,0,0
13922,3,1,0
13922,4,2,0
13922,5,0,0
13922,5,2,0
13922,6,1,0
13922,6,2,0
13922,7,0,0
13922,7,1,0
13922,7,2,0
13923,1,0,0
13923,2,1,0
13923,3,0,0
13923,3,1,0
13923,4,2,0
13923,5,0,0
13923,5,2,0
13923,6,1,0
13923,6,2,0
13923,7,0,0
13923,7,1,0
13923,7,2,0
13924,1,0,0
13924,2,1,0
13924,3,0,0
13924,3,1,0
13924,4,2,0
13924,5,0,0
13924,5,2,0
13924,6,1,0
13924,6,2,0
13924,7,0,0
13924,7,1,0
13924,7,2,0
13925,1,0,0
13925,2,1,0
13925,3,0,0
13925,3,1,0
13925,4,2,0
13925,5,0,0
13925,5,2,0
13925,6,1,0
13925,6,2,0
13925,7,0,0
13925,7,1,0
13925,7,2,0
13926,1,0,0
13926,2,1,0
13926,3,0,0
13926,3,1,0
13926,4,2,0
13926,5,0,0
13926,5,2,0
13926,6,1,0
13926,6,2,0
13926,7,0,0
13926,7,1,0
13926,7,2,0
13927,1,0,0
13927,2,1,0
13927,3,0,0
13927,3,1,0
13927,4,2,0
13927,5,0,0
13927,5,2,0
13927,6,1,0
13927,6,2,0
13927,7,0,0
13927,7,1,0
13927,7,2,0
13928,1,0,0
13928,2,1,0
13928,3,0,0
13928,3,1,0
13928,4,2,0
13928,5,0,0
13928,5,2,0
13928,6,1,0
13928,6,2,0
13928,7,0,0
13928,7,1,0
13928,7,2,0
13929,1,0,0
13929,2,1,0
13929,3,0,0
13929,3,1,0
13929,4,2,0
13929,5,0,0
13929,5,2,0
13929,6,1,0
13929,6,2,0
13929,7,0,0
13929,7,1,0
13929,7,2,0
13930,1,0,0
13930,2,1,0
13930,3,0,0
13930,3,1,0
13930,4,2,0
13930,5,0,0
13930,5,2,0
13930,6,1,0
13930,6,2,0
13930,7,0,0
13930,7,1,0
13930,7,2,0
13931,1,0,0
13931,2,1,0
13931,3,0,0
13931,3,1,0
13931,4,2,0
13931,5,0,0
13931,5,2,0
13931,6,1,0
13931,6,2,0
13931,7,0,0
13931,7,1,0
13931,7,2,0
13932,1,0,1
13932,2,1,1
13932,3,0,1
13932,3,1,1
13932,4,2,0
13932,5,0,1
13932,5,2,0
13932,6,1,1
13932,6,2,0
13932,7,0,1
13932,7,1,1
13932,7,2,0
13933,1,0,1
13933,2,1,1
13933,3,0,1
13933,3,1,1
13933,4,2,0
13933,5,0,1
13933,5,2,0
13933,6,1,1
13933,6,2,0
13933,7,0,1
13933,7,1,1
13933,7,2,0
13934,1,0,0
13934,2,1,1
13934,3,0,0
13934,3,1,1
13934,4,2,0
13934,5,0,0
13934,5,2,0
13934,6,1,1
13934,6,2,0
13934,7,0,0
13934,7,1,1
13934,7,2,0
13935,1,0,1
13935,2,1,1
13935,3,0,1
13935,3,1,1
13935,4,2,0
13935,5,0,1
13935,5,2,0
13935,6,1,1
13935,6,2,0
13935,7,0,1
13935,7,1,1
13935,7,2,0
13936,1,0,1
13936,2,1,1
13936,3,0,1
13936,3,1,1
13936,4,2,0
13936,5,0,1
13936,5,2,0
13936,6,1,1
13936,6,2,0
13936,7,0,1
13936,7,1,1
13936,7,2,0
13937,1,0,0
13937,2,1,1
13937,3,0,0
13937,3,1,1
13937,4,2,0
13937,5,0,0
13937,5,2,0
13937,6,1,1
13937,6,2,0
13937,7,0,0
13937,7,1,1
13937,7,2,0
13938,1,0,1
13938,2,1,1
13938,3,0,1
13938,3,1,1
13938,4,2,0
13938,5,0,1
13938,5,2,0
13938,6,1,1
13938,6,2,0
13938,7,0,1
13938,7,1,1
13938,7,2,0
13939,1,0,1
13939,2,1,1
13939,3,0,1
13939,3,1,1
13939,4,2,0
13939,5,0,1
13939,5,2,0
13939,6,1,1
13939,6,2,0
13939,7,0,1
13939,7,1,1
13939,7,2,0
13940,1,0,0
13940,2,1,1
13940,3,0,0
13940,3,1,1
13940,4,2,0
13940,5,0,0
13940,5,2,0
13940,6,1,1
13940,6,2,0
13940,7,0,0
13940,7,1,1
13940,7,2,0
13941,1,0,0
13941,2,1,1
13941,3,0,0
13941,3,1,1
13941,4,2,0
13941,5,0,0
13941,5,2,0
13941,6,1,1
13941,6,2,0
13941,7,0,0
13941,7,1,1
13941,7,2,0
13942,1,0,0
13942,2,1,1
13942,3,0,0
13942,3,1,1
13942,4,2,0
13942,5,0,0
13942,5,2,0
13942,6,1,1
13942,6,2,0
13942,7,0,0
13942,7,1,1
13942,7,2,0
13943,1,0,0
13943,2,1,1
13943,3,0,0
13943,3,1,1
13943,4,2,0
13943,5,0,0
13943,5,2,0
13943,6,1,1
13943,6,2,0
13943,7,0,0
13943,7,1,1
13943,7,2,0
13944,1,0,0
13944,2,1,1
13944,3,0,0
13944,3,1,1
13944,4,2,0
13944,5,0,0
13944,5,2,0
13944,6,1,1
13944,6,2,0
13944,7,0,0
13944,7,1,1
13944,7,2,0
13945,1,0,0
13945,2,1,1
13945,3,0,0
13945,3,1,1
13945,4,2,0
13945,5,0,0
13945,5,2,0
13945,6,1,1
13945,6,2,0
13945,7,0,0
13945,7,1,1
13945,7,2,0
13946,1,0,0
13946,2,1,1
13946,3,0,0
13946,3,1,1
13946,4,2,0
13946,5,0,0
13946,5,2,0
13946,6,1,1
13946,6,2,0
13946,7,0,0
13946,7,1,1
13946,7,2,0
13947,1,0,0
13947,2,1,1
13947,3,0,0
13947,3,1,1
13947,4,2,0
13947,5,0,0
13947,5,2,0
13947,6,1,1
13947,6,2,0
13947,7,0,0
13947,7,1,1
13947,7,2,0
13948,1,0,0
13948,2,1,1
13948,3,0,0
13948,3,1,1
13948,4,2,0
13948,5,0,0
13948,5,2,0
13948,6,1,1
13948,6,2,0
13948,7,0,0
13948,7,1,1
13948,7,2,0
13949,1,0,0
13949,2,1,1
13949,3,0,0
13949,3,1,1
13949,4,2,0
13949,5,0,0
13949,5,2,0
13949,6,1,1
13949,6,2,0
13949,7,0,0
13949,7,1,1
13949,7,2,0
13950,1,0,0
13950,2,1,1
13950,3,0,0
13950,3,1,1
13950,4,2,0
13950,5,0,0
13950,5,2,0
13950,6,1,1
13950,6,2,0
13950,7,0,0
13950,7,1,1
13950,7,2,0
13951,1,0,0
13951,2,1,1
13951,3,0,0
13951,3,1,1
13951,4,2,0
13951,5,0,0
13951,5,2,0
13951,6,1,1
13951,6,2,0
13951,7,0,0
13951,7,1,1
13951,7,2,0
13952,1,0,0
13952,2,1,1
13952,3,0,0
13952,3,1,1
13952,4,2,0
13952,5,0,0
13952,5,2,0
13952,6,1,1
13952,6,2,0
13952,7,0,0
13952,7,1,1
13952,7,2,0
13953,1,0,0
13953,2,1,1
13953,3,0,0
13953,3,1,1
13953,4,2,0
13953,5,0,0
13953,5,2,0
13953,6,1,1
13953,6,2,0
13953,7,0,0
13953,7,1,1
13953,7,2,0
13954,1,0,0
13954,2,1,1
13954,3,0,0
13954,3,1,1
13954,4,2,0
13954,5,0,0
13954,5,2,0
13954,6,1,1
13954,6,2,0
13954,7,0,0
13954,7,1,1
13954,7,2,0
13955,1,0,0
13955,2,1,1
13955,3,0,0
13955,3,1,1
13955,4,2,0
13955,5,0,0
13955,5,2,0
13955,6,1,1
13955,6,2,0
13955,7,0,0
13955,7,1,1
13955,7,2,0
13956,1,0,0
13956,2,1,1
13956,3,0,0
13956,3,1,1
13956,4,2,0
13956,5,0,0
13956,5,2,0
13956,6,1,1
13956,6,2,0
13956,7,0,0
13956,7,1,1
13956,7,2,0
13957,1,0,0
13957,2,1,1
13957,3,0,0
13957,3,1,1
13957,4,2,0
13957,5,0,0
13957,5,2,0
13957,6,1,1
13957,6,2,0
13957,7,0,0
13957,7,1,1
13957,7,2,0
13958,1,0,0
13958,2,1,1
13958,3,0,0
13958,3,1,1
13958,4,2,0
13958,5,0,0
13958,5,2,0
13958,6,1,1
13958,6,2,0
13958,7,0,0
13958,7,1,1
13958,7,2,0
13959,1,0,1
13959,2,1,1
13959,3,0,1
13959,3,1,1
13959,4,2,0
13959,5,0,1
13959,5,2,0
13959,6,1,1
13959,6,2,0
13959,7,0,1
13959,7,1,1
13959,7,2,0
13960,1,0,1
13960,2,1,1
13960,3,0,1
13960,3,1,1
13960,4,2,0
13960,5,0,1
13960,5,2,0
13960,6,1,1
13960,6,2,0
13960,7,0,1
13960,7,1,1
13960,7,2,0
13961,1,0,0
13961,2,1,0
13961,3,0,0
13961,3,1,0
13961,4,2,0
13961,5,0,0
13961,5,2,0
13961,6,1,0
13961,6,2,0
13961,7,0,0
13961,7,1,0
13961,7,2,0
13962,1,0,1
13962,2,1,1
13962,3,0,1
13962,3,1,1
13962,4,2,0
13962,5,0,1
13962,5,2,0
13962,6,1,1
13962,6,2,0
13962,7,0,1
13962,7,1,1
13962,7,2,0
13963,1,0,1
13963,2,1,1
13963,3,0,1
13963,3,1,1
13963,4,2,0
13963,5,0,1
13963,5,2,0
13963,6,1,1
13963,6,2,0
13963,7,0,1
13963,7,1,1
13963,7,2,0
13964,1,0,0
13964,2,1,0
13964,3,0,0
13964,3,1,0
13964,4,2,0
13964,5,0,0
13964,5,2,0
13964,6,1,0
13964,6,2,0
13964,7,0,0
13964,7,1,0
13964,7,2,0
13965,1,0,0
13965,2,1,0
13965,3,0,0
13965,3,1,0
13965,4,2,0
13965,5,0,0
13965,5,2,0
13965,6,1,0
13965,6,2,0
13965,7,0,0
13965,7,1,0
13965,7,2,0
13966,1,0,0
13966,2,1,0
13966,3,0,0
13966,3,1,0
13966,4,2,0
13966,5,0,0
13966,5,2,0
13966,6,1,0
13966,6,2,0
13966,7,0,0
13966,7,1,0
13966,7,2,0
13967,1,0,0
13967,2,1,0
13967,3,0,0
13967,3,1,0
13967,4,2,0
13967,5,0,0
13967,5,2,0
13967,6,1,0
13967,6,2,0
13967,7,0,0
13967,7,1,0
13967,7,2,0
13968,1,0,0
13968,2,1,0
13968,3,0,0
13968,3,1,0
13968,4,2,0
13968,5,0,0
13968,5,2,0
13968,6,1,0
13968,6,2,0
13968,7,0,0
13968,7,1,0
13968,7,2,0
13969,1,0,0
13969,2,1,0
13969,3,0,0
13969,3,1,0
13969,4,2,0
13969,5,0,0
13969,5,2,0
13969,6,1,0
13969,6,2,0
13969,7,0,0
13969,7,1,0
13969,7,2,0
13970,1,0,0
13970,2,1,0
13970,3,0,0
13970,3,1,0
13970,4,2,0
13970,5,0,0
13970,5,2,0
13970,6,1,0
13970,6,2,0
13970,7,0,0
13970,7,1,0
13970,7,2,0
13971,1,0,0
13971,2,1,0
13971,3,0,0
13971,3,1,0
13971,4,2,0
13971,5,0,0
13971,5,2,0
13971,6,1,0
13971,6,2,0
13971,7,0,0
13971,7,1,0
13971,7,2,0
13972,1,0,0
13972,2,1,0
13972,3,0,0
13972,3,1,0
13972,4,2,0
13972,5,0,0
13972,5,2,0
13972,6,1,0
13972,6,2,0
13972,7,0,0
13972,7,1,0
13972,7,2,0
13973,1,0,0
13973,2,1,0
13973,3,0,0
13973,3,1,0
13973,4,2,0
13973,5,0,0
13973,5,2,0
13973,6,1,0
13973,6,2,0
13973,7,0,0
13973,7,1,0
13973,7,2,0
13974,1,0,0
13974,2,1,0
13974,3,0,0
13974,3,1,0
13974,4,2,0
13974,5,0,0
13974,5,2,0
13974,6,1,0
13974,6,2,0
13974,7,0,0
13974,7,1,0
13974,7,2,0
13975,1,0,0
13975,2,1,0
13975,3,0,0
13975,3,1,0
13975,4,2,0
13975,5,0,0
13975,5,2,0
13975,6,1,0
13975,6,2,0
13975,7,0,0
13975,7,1,0
13975,7,2,0
13976,1,0,0
13976,2,1,0
13976,3,0,0
13976,3,1,0
13976,4,2,0
13976,5,0,0
13976,5,2,0
13976,6,1,0
13976,6,2,0
13976,7,0,0
13976,7,1,0
13976,7,2,0
13977,1,0,0
13977,2,1,0
13977,3,0,0
13977,3,1,0
13977,4,2,0
13977,5,0,0
13977,5,2,0
13977,6,1,0
13977,6,2,0
13977,7,0,0
13977,7,1,0
13977,7,2,0
13978,1,0,0
13978,2,1,0
13978,3,0,0
13978,3,1,0
13978,4,2,0
13978,5,0,0
13978,5,2,0
13978,6,1,0
13978,6,2,0
13978,7,0,0
13978,7,1,0
13978,7,2,0
13979,1,0,0
13979,2,1,0
13979,3,0,0
13979,3,1,0
13979,4,2,0
13979,5,0,0
13979,5,2,0
13979,6,1,0
13979,6,2,0
13979,7,0,0
13979,7,1,0
13979,7,2,0
13980,1,0,0
13980,2,1,0
13980,3,0,0
13980,3,1,0
13980,4,2,0
13980,5,0,0
13980,5,2,0
13980,6,1,0
13980,6,2,0
13980,7,0,0
13980,7,1,0
13980,7,2,0
13981,1,0,0
13981,2,1,0
13981,3,0,0
13981,3,1,0
13981,4,2,0
13981,5,0,0
13981,5,2,0
13981,6,1,0
13981,6,2,0
13981,7,0,0
13981,7,1,0
13981,7,2,0
13982,1,0,0
13982,2,1,0
13982,3,0,0
13982,3,1,0
13982,4,2,0
13982,5,0,0
13982,5,2,0
13982,6,1,0
13982,6,2,0
13982,7,0,0
13982,7,1,0
13982,7,2,0
13983,1,0,0
13983,2,1,0
13983,3,0,0
13983,3,1,0
13983,4,2,0
13983,5,0,0
13983,5,2,0
13983,6,1,0
13983,6,2,0
13983,7,0,0
13983,7,1,0
13983,7,2,0
13984,1,0,0
13984,2,1,0
13984,3,0,0
13984,3,1,0
13984,4,2,0
13984,5,0,0
13984,5,2,0
13984,6,1,0
13984,6,2,0
13984,7,0,0
13984,7,1,0
13984,7,2,0
13985,1,0,0
13985,2,1,0
13985,3,0,0
13985,3,1,0
13985,4,2,0
13985,5,0,0
13985,5,2,0
13985,6,1,0
13985,6,2,0
13985,7,0,0
13985,7,1,0
13985,7,2,0
13986,1,0,1
13986,2,1,1
13986,3,0,1
13986,3,1,1
13986,4,2,0
13986,5,0,1
13986,5,2,0
13986,6,1,1
13986,6,2,0
13986,7,0,1
13986,7,1,1
13986,7,2,0
13987,1,0,1
13987,2,1,1
13987,3,0,1
13987,3,1,1
13987,4,2,0
13987,5,0,1
13987,5,2,0
13987,6,1,1
13987,6,2,0
13987,7,0,1
13987,7,1,1
13987,7,2,0
13988,1,0,0
13988,2,1,0
13988,3,0,0
13988,3,1,0
13988,4,2,0
13988,5,0,0
13988,5,2,0
13988,6,1,0
13988,6,2,0
13988,7,0,0
13988,7,1,0
13988,7,2,0
13989,1,0,0
13989,2,1,0
13989,3,0,0
13989,3,1,0
13989,4,2,0
13989,5,0,0
13989,5,2,0
13989,6,1,0
13989,6,2,0
13989,7,0,0
13989,7,1,0
13989,7,2,0
13990,1,0,0
13990,2,1,0
13990,3,0,0
13990,3,1,0
13990,4,2,0
13990,5,0,0
13990,5,2,0
13990,6,1,0
13990,6,2,0
13990,7,0,0
13990,7,1,0
13990,7,2,0
13991,1,0,0
13991,2,1,0
13991,3,0,0
13991,3,1,0
13991,4,2,0
13991,5,0,0
13991,5,2,0
13991,6,1,0
13991,6,2,0
13991,7,0,0
13991,7,1,0
13991,7,2,0
13992,1,0,0
13992,2,1,0
13992,3,0,0
13992,3,1,0
13992,4,2,0
13992,5,0,0
13992,5,2,0
13992,6,1,0
13992,6,2,0
13992,7,0,0
13992,7,1,0
13992,7,2,0
13993,1,0,0
13993,2,1,0
13993,3,0,0
13993,3,1,0
13993,4,2,0
13993,5,0,0
13993,5,2,0
13993,6,1,0
13993,6,2,0
13993,7,0,0
13993,7,1,0
13993,7,2,0
13994,1,0,0
13994,2,1,0
13994,3,0,0
13994,3,1,0
13994,4,2,0
13994,5,0,0
13994,5,2,0
13994,6,1,0
13994,6,2,0
13994,7,0,0
13994,7,1,0
13994,7,2,0
13995,1,0,0
13995,2,1,0
13995,3,0,0
13995,3,1,0
13995,4,2,0
13995,5,0,0
13995,5,2,0
13995,6,1,0
13995,6,2,0
13995,7,0,0
13995,7,1,0
13995,7,2,0
13996,1,0,0
13996,2,1,0
13996,3,0,0
13996,3,1,0
13996,4,2,0
13996,5,0,0
13996,5,2,0
13996,6,1,0
13996,6,2,0
13996,7,0,0
13996,7,1,0
13996,7,2,0
13997,1,0,0
13997,2,1,0
13997,3,0,0
13997,3,1,0
13997,4,2,0
13997,5,0,0
13997,5,2,0
13997,6,1,0
13997,6,2,0
13997,7,0,0
13997,7,1,0
13997,7,2,0
13998,1,0,0
13998,2,1,0
13998,3,0,0
13998,3,1,0
13998,4,2,0
13998,5,0,0
13998,5,2,0
13998,6,1,0
13998,6,2,0
13998,7,0,0
13998,7,1,0
13998,7,2,0
13999,1,0,0
13999,2,1,0
13999,3,0,0
13999,3,1,0
13999,4,2,0
13999,5,0,0
13999,5,2,0
13999,6,1,0
13999,6,2,0
13999,7,0,0
13999,7,1,0
13999,7,2,0
