edge_encoding,port_bits,initial,live
14000,1,0,0
14000,2,1,0
14000,3,0,0
14000,3,1,0
14000,4,2,0
14000,5,0,0
14000,5,2,0
14000,6,1,0
14000,6,2,0
14000,7,0,0
14000,7,1,0
14000,7,2,0
14001,1,0,0
14001,2,1,0
14001,3,0,0
14001,3,1,0
14001,4,2,0
14001,5,0,0
14001,5,2,0
14001,6,1,0
14001,6,2,0
14001,7,0,0
14001,7,1,0
14001,7,2,0
14002,1,0,0
14002,2,1,0
14002,3,0,0
14002,3,1,0
14002,4,2,0
14002,5,0,0
14002,5,2,0
14002,6,1,0
14002,6,2,0
14002,7,0,0
14002,7,1,0
14002,7,2,0
14003,1,0,0
14003,2,1,0
14003,3,0,0
14003,3,1,0
14003,4,2,0
14003,5,0,0
14003,5,2,0
14003,6,1,0
14003,6,2,0
14003,7,0,0
14003,7,1,0
14003,7,2,0
14004,1,0,0
14004,2,1,0
14004,3,0,0
14004,3,1,0
14004,4,2,0
14004,5,0,0
14004,5,2,0
14004,6,1,0
14004,6,2,0
14004,7,0,0
14004,7,1,0
14004,7,2,0
14005,1,0,0
14005,2,1,0
14005,3,0,0
14005,3,1,0
14005,4,2,0
14005,5,0,0
14005,5,2,0
14005,6,1,0
14005,6,2,0
14005,7,0,0
14005,7,1,0
14005,7,2,0
14006,1,0,0
14006,2,1,0
14006,3,0,0
14006,3,1,0
14006,4,2,0
14006,5,0,0
14006,5,2,0
14006,6,1,0
14006,6,2,0
14006,7,0,0
14006,7,1,0
14006,7,2,0
14007,1,0,0
14007,2,1,0
14007,3,0,0
14007,3,1,0
14007,4,2,0
14007,5,0,0
14007,5,2,0
14007,6,1,0
14007,6,2,0
14007,7,0,0
14007,7,1,0
14007,7,2,0
14008,1,0,0
14008,2,1,0
14008,3,0,0
14008,3,1,0
14008,4,2,0
14008,5,0,0
14008,5,2,0
14008,6,1,0
14008,6,2,0
14008,7,0,0
14008,7,1,0
14008,7,2,0
14009,1,0,0
14009,2,1,0
14009,3,0,0
14009,3,1,0
14009,4,2,0
14009,5,0,0
14009,5,2,0
14009,6,1,0
14009,6,2,0
14009,7,0,0
14009,7,1,0
14009,7,2,0
14010,1,0,0
14010,2,1,0
14010,3,0,0
14010,3,1,0
14010,4,2,0
14010,5,0,0
14010,5,2,0
14010,6,1,0
14010,6,2,0
14010,7,0,0
14010,7,1,0
14010,7,2,0
14011,1,0,0
14011,2,1,0
14011,3,0,0
14011,3,1,0
14011,4,2,0
14011,5,0,0
14011,5,2,0
14011,6,1,0
14011,6,2,0
14011,7,0,0
14011,7,1,0
14011,7,2,0
14012,1,0,0
14012,2,1,0
14012,3,0,0
14012,3,1,0
14012,4,2,0
14012,5,0,0
14012,5,2,0
14012,6,1,0
14012,6,2,0
14012,7,0,0
14012,7,1,0
14012,7,2,0
14013,1,0,1
14013,2,1,0
14013,3,0,1
14013,3,1,0
14013,4,2,0
14013,5,0,1
14013,5,2,0
14013,6,1,0
14013,6,2,0
14013,7,0,1
14013,7,1,0
14013,7,2,0
14014,1,0,1
14014,2,1,0
14014,3,0,1
14014,3,1,0
14014,4,2,0
14014,5,0,1
14014,5,2,0
14014,6,1,0
14014,6,2,0
14014,7,0,1
14014,7,1,0
14014,7,2,0
14015,1,0,0
14015,2,1,0
14015,3,0,0
14015,3,1,0
14015,4,2,0
14015,5,0,0
14015,5,2,0
14015,6,1,0
14015,6,2,0
14015,7,0,0
14015,7,1,0
14015,7,2,0
14016,1,0,0
14016,2,1,0
14016,3,0,0
14016,3,1,0
14016,4,2,0
14016,5,0,0
14016,5,2,0
14016,6,1,0
14016,6,2,0
14016,7,0,0
14016,7,1,0
14016,7,2,0
14017,1,0,0
14017,2,1,0
14017,3,0,0
14017,3,1,0
14017,4,2,0
14017,5,0,0
14017,5,2,0
14017,6,1,0
14017,6,2,0
14017,7,0,0
14017,7,1,0
14017,7,2,0
14018,1,0,0
14018,2,1,0
14018,3,0,0
14018,3,1,0
14018,4,2,0
14018,5,0,0
14018,5,2,0
14018,6,1,0
14018,6,2,0
14018,7,0,0
14018,7,1,0
14018,7,2,0
14019,1,0,0
14019,2,1,0
14019,3,0,0
14019,3,1,0
14019,4,2,0
14019,5,0,0
14019,5,2,0
14019,6,1,0
14019,6,2,0
14019,7,0,0
14019,7,1,0
14019,7,2,0
14020,1,0,0
14020,2,1,0
14020,3,0,0
14020,3,1,0
14020,4,2,0
14020,5,0,0
14020,5,2,0
14020,6,1,0
14020,6,2,0
14020,7,0,0
14020,7,1,0
14020,7,2,0
14021,1,0,0
14021,2,1,0
14021,3,0,0
14021,3,1,0
14021,4,2,0
14021,5,0,0
14021,5,2,0
14021,6,1,0
14021,6,2,0
14021,7,0,0
14021,7,1,0
14021,7,2,0
14022,1,0,0
14022,2,1,0
14022,3,0,0
14022,3,1,0
14022,4,2,0
14022,5,0,0
14022,5,2,0
14022,6,1,0
14022,6,2,0
14022,7,0,0
14022,7,1,0
14022,7,2,0
14023,1,0,0
14023,2,1,0
14023,3,0,0
14023,3,1,0
14023,4,2,0
14023,5,0,0
14023,5,2,0
14023,6,1,0
14023,6,2,0
14023,7,0,0
14023,7,1,0
14023,7,2,0
14024,1,0,0
14024,2,1,0
14024,3,0,0
14024,3,1,0
14024,4,2,0
14024,5,0,0
14024,5,2,0
14024,6,1,0
14024,6,2,0
14024,7,0,0
14024,7,1,0
14024,7,2,0
14025,1,0,0
14025,2,1,0
14025,3,0,0
14025,3,1,0
14025,4,2,0
14025,5,0,0
14025,5,2,0
14025,6,1,0
14025,6,2,0
14025,7,0,0
14025,7,1,0
14025,7,2,0
14026,1,0,0
14026,2,1,0
14026,3,0,0
14026,3,1,0
14026,4,2,0
14026,5,0,0
14026,5,2,0
14026,6,1,0
14026,6,2,0
14026,7,0,0
14026,7,1,0
14026,7,2,0
14027,1,0,0
14027,2,1,0
14027,3,0,0
14027,3,1,0
14027,4,2,0
14027,5,0,0
14027,5,2,0
14027,6,1,0
14027,6,2,0
14027,7,0,0
14027,7,1,0
14027,7,2,0
14028,1,0,0
14028,2,1,0
14028,3,0,0
14028,3,1,0
14028,4,2,0
14028,5,0,0
14028,5,2,0
14028,6,1,0
14028,6,2,0
14028,7,0,0
14028,7,1,0
14028,7,2,0
14029,1,0,0
14029,2,1,0
14029,3,0,0
14029,3,1,0
14029,4,2,0
14029,5,0,0
14029,5,2,0
14029,6,1,0
14029,6,2,0
14029,7,0,0
14029,7,1,0
14029,7,2,0
14030,1,0,0
14030,2,1,0
14030,3,0,0
14030,3,1,0
14030,4,2,0
14030,5,0,0
14030,5,2,0
14030,6,1,0
14030,6,2,0
14030,7,0,0
14030,7,1,0
14030,7,2,0
14031,1,0,0
14031,2,1,0
14031,3,0,0
14031,3,1,0
14031,4,2,0
14031,5,0,0
14031,5,2,0
14031,6,1,0
14031,6,2,0
14031,7,0,0
14031,7,1,0
14031,7,2,0
14032,1,0,0
14032,2,1,0
14032,3,0,0
14032,3,1,0
14032,4,2,0
14032,5,0,0
14032,5,2,0
14032,6,1,0
14032,6,2,0
14032,7,0,0
14032,7,1,0
14032,7,2,0
14033,1,0,0
14033,2,1,0
14033,3,0,0
14033,3,1,0
14033,4,2,0
14033,5,0,0
14033,5,2,0
14033,6,1,0
14033,6,2,0
14033,7,0,0
14033,7,1,0
14033,7,2,0
14034,1,0,0
14034,2,1,0
14034,3,0,0
14034,3,1,0
14034,4,2,0
14034,5,0,0
14034,5,2,0
14034,6,1,0
14034,6,2,0
14034,7,0,0
14034,7,1,0
14034,7,2,0
14035,1,0,0
14035,2,1,0
14035,3,0,0
14035,3,1,0
14035,4,2,0
14035,5,0,0
14035,5,2,0
14035,6,1,0
14035,6,2,0
14035,7,0,0
14035,7,1,0
14035,7,2,0
14036,1,0,0
14036,2,1,0
14036,3,0,0
14036,3,1,0
14036,4,2,0
14036,5,0,0
14036,5,2,0
14036,6,1,0
14036,6,2,0
14036,7,0,0
14036,7,1,0
14036,7,2,0
14037,1,0,0
14037,2,1,0
14037,3,0,0
14037,3,1,0
14037,4,2,0
14037,5,0,0
14037,5,2,0
14037,6,1,0
14037,6,2,0
14037,7,0,0
14037,7,1,0
14037,7,2,0
14038,1,0,0
14038,2,1,0
14038,3,0,0
14038,3,1,0
14038,4,2,0
14038,5,0,0
14038,5,2,0
14038,6,1,0
14038,6,2,0
14038,7,0,0
14038,7,1,0
14038,7,2,0
14039,1,0,0
14039,2,1,0
14039,3,0,0
14039,3,1,0
14039,4,2,0
14039,5,0,0
14039,5,2,0
14039,6,1,0
14039,6,2,0
14039,7,0,0
14039,7,1,0
14039,7,2,0
14040,1,0,1
14040,2,1,0
14040,3,0,1
14040,3,1,0
14040,4,2,0
14040,5,0,1
14040,5,2,0
14040,6,1,0
14040,6,2,0
14040,7,0,1
14040,7,1,0
14040,7,2,0
14041,1,0,1
14041,2,1,0
14041,3,0,1
14041,3,1,0
14041,4,2,0
14041,5,0,1
14041,5,2,0
14041,6,1,0
14041,6,2,0
14041,7,0,1
14041,7,1,0
14041,7,2,0
14042,1,0,0
14042,2,1,0
14042,3,0,0
14042,3,1,0
14042,4,2,0
14042,5,0,0
14042,5,2,0
14042,6,1,0
14042,6,2,0
14042,7,0,0
14042,7,1,0
14042,7,2,0
14043,1,0,0
14043,2,1,0
14043,3,0,0
14043,3,1,0
14043,4,2,0
14043,5,0,0
14043,5,2,0
14043,6,1,0
14043,6,2,0
14043,7,0,0
14043,7,1,0
14043,7,2,0
14044,1,0,0
14044,2,1,0
14044,3,0,0
14044,3,1,0
14044,4,2,0
14044,5,0,0
14044,5,2,0
14044,6,1,0
14044,6,2,0
14044,7,0,0
14044,7,1,0
14044,7,2,0
14045,1,0,0
14045,2,1,0
14045,3,0,0
14045,3,1,0
14045,4,2,0
14045,5,0,0
14045,5,2,0
14045,6,1,0
14045,6,2,0
14045,7,0,0
14045,7,1,0
14045,7,2,0
14046,1,0,0
14046,2,1,0
14046,3,0,0
14046,3,1,0
14046,4,2,0
14046,5,0,0
14046,5,2,0
14046,6,1,0
14046,6,2,0
14046,7,0,0
14046,7,1,0
14046,7,2,0
14047,1,0,0
14047,2,1,0
14047,3,0,0
14047,3,1,0
14047,4,2,0
14047,5,0,0
14047,5,2,0
14047,6,1,0
14047,6,2,0
14047,7,0,0
14047,7,1,0
14047,7,2,0
14048,1,0,0
14048,2,1,0
14048,3,0,0
14048,3,1,0
14048,4,2,0
14048,5,0,0
14048,5,2,0
14048,6,1,0
14048,6,2,0
14048,7,0,0
14048,7,1,0
14048,7,2,0
14049,1,0,0
14049,2,1,0
14049,3,0,0
14049,3,1,0
14049,4,2,0
14049,5,0,0
14049,5,2,0
14049,6,1,0
14049,6,2,0
14049,7,0,0
14049,7,1,0
14049,7,2,0
14050,1,0,0
14050,2,1,0
14050,3,0,0
14050,3,1,0
14050,4,2,0
14050,5,0,0
14050,5,2,0
14050,6,1,0
14050,6,2,0
14050,7,0,0
14050,7,1,0
14050,7,2,0
14051,1,0,0
14051,2,1,0
14051,3,0,0
14051,3,1,0
14051,4,2,0
14051,5,0,0
14051,5,2,0
14051,6,1,0
14051,6,2,0
14051,7,0,0
14051,7,1,0
14051,7,2,0
14052,1,0,0
14052,2,1,0
14052,3,0,0
14052,3,1,0
14052,4,2,0
14052,5,0,0
14052,5,2,0
14052,6,1,0
14052,6,2,0
14052,7,0,0
14052,7,1,0
14052,7,2,0
14053,1,0,0
14053,2,1,0
14053,3,0,0
14053,3,1,0
14053,4,2,0
14053,5,0,0
14053,5,2,0
14053,6,1,0
14053,6,2,0
14053,7,0,0
14053,7,1,0
14053,7,2,0
14054,1,0,0
14054,2,1,0
14054,3,0,0
14054,3,1,0
14054,4,2,0
14054,5,0,0
14054,5,2,0
14054,6,1,0
14054,6,2,0
14054,7,0,0
14054,7,1,0
14054,7,2,0
14055,1,0,0
14055,2,1,0
14055,3,0,0
14055,3,1,0
14055,4,2,0
14055,5,0,0
14055,5,2,0
14055,6,1,0
14055,6,2,0
14055,7,0,0
14055,7,1,0
14055,7,2,0
14056,1,0,0
14056,2,1,0
14056,3,0,0
14056,3,1,0
14056,4,2,0
14056,5,0,0
14056,5,2,0
14056,6,1,0
14056,6,2,0
14056,7,0,0
14056,7,1,0
14056,7,2,0
14057,1,0,0
14057,2,1,0
14057,3,0,0
14057,3,1,0
14057,4,2,0
14057,5,0,0
14057,5,2,0
14057,6,1,0
14057,6,2,0
14057,7,0,0
14057,7,1,0
14057,7,2,0
14058,1,0,0
14058,2,1,0
14058,3,0,0
14058,3,1,0
14058,4,2,0
14058,5,0,0
14058,5,2,0
14058,6,1,0
14058,6,2,0
14058,7,0,0
14058,7,1,0
14058,7,2,0
14059,1,0,0
14059,2,1,0
14059,3,0,0
14059,3,1,0
14059,4,2,0
14059,5,0,0
14059,5,2,0
14059,6,1,0
14059,6,2,0
14059,7,0,0
14059,7,1,0
14059,7,2,0
14060,1,0,0
14060,2,1,0
14060,3,0,0
14060,3,1,0
14060,4,2,0
14060,5,0,0
14060,5,2,0
14060,6,1,0
14060,6,2,0
14060,7,0,0
14060,7,1,0
14060,7,2,0
14061,1,0,0
14061,2,1,0
14061,3,0,0
14061,3,1,0
14061,4,2,0
14061,5,0,0
14061,5,2,0
14061,6,1,0
14061,6,2,0
14061,7,0,0
14061,7,1,0
14061,7,2,0
14062,1,0,0
14062,2,1,0
14062,3,0,0
14062,3,1,0
14062,4,2,0
14062,5,0,0
14062,5,2,0
14062,6,1,0
14062,6,2,0
14062,7,0,0
14062,7,1,0
14062,7,2,0
14063,1,0,0
14063,2,1,0
14063,3,0,0
14063,3,1,0
14063,4,2,0
14063,5,0,0
14063,5,2,0
14063,6,1,0
14063,6,2,0
14063,7,0,0
14063,7,1,0
14063,7,2,0
14064,1,0,0
14064,2,1,0
14064,3,0,0
14064,3,1,0
14064,4,2,0
14064,5,0,0
14064,5,2,0
14064,6,1,0
14064,6,2,0
14064,7,0,0
14064,7,1,0
14064,7,2,0
14065,1,0,0
14065,2,1,0
14065,3,0,0
14065,3,1,0
14065,4,2,0
14065,5,0,0
14065,5,2,0
14065,6,1,0
14065,6,2,0
14065,7,0,0
14065,7,1,0
14065,7,2,0
14066,1,0,0
14066,2,1,0
14066,3,0,0
14066,3,1,0
14066,4,2,0
14066,5,0,0
14066,5,2,0
14066,6,1,0
14066,6,2,0
14066,7,0,0
14066,7,1,0
14066,7,2,0
14067,1,0,1
14067,2,1,0
14067,3,0,1
14067,3,1,0
14067,4,2,0
14067,5,0,1
14067,5,2,0
14067,6,1,0
14067,6,2,0
14067,7,0,1
14067,7,1,0
14067,7,2,0
14068,1,0,1
14068,2,1,0
14068,3,0,1
14068,3,1,0
14068,4,2,0
14068,5,0,1
14068,5,2,0
14068,6,1,0
14068,6,2,0
14068,7,0,1
14068,7,1,0
14068,7,2,0
14069,1,0,0
14069,2,1,0
14069,3,0,0
14069,3,1,0
14069,4,2,0
14069,5,0,0
14069,5,2,0
14069,6,1,0
14069,6,2,0
14069,7,0,0
14069,7,1,0
14069,7,2,0
14070,1,0,0
14070,2,1,0
14070,3,0,0
14070,3,1,0
14070,4,2,0
14070,5,0,0
14070,5,2,0
14070,6,1,0
14070,6,2,0
14070,7,0,0
14070,7,1,0
14070,7,2,0
14071,1,0,0
14071,2,1,0
14071,3,0,0
14071,3,1,0
14071,4,2,0
14071,5,0,0
14071,5,2,0
14071,6,1,0
14071,6,2,0
14071,7,0,0
14071,7,1,0
14071,7,2,0
14072,1,0,0
14072,2,1,0
14072,3,0,0
14072,3,1,0
14072,4,2,0
14072,5,0,0
14072,5,2,0
14072,6,1,0
14072,6,2,0
14072,7,0,0
14072,7,1,0
14072,7,2,0
14073,1,0,0
14073,2,1,0
14073,3,0,0
14073,3,1,0
14073,4,2,0
14073,5,0,0
14073,5,2,0
14073,6,1,0
14073,6,2,0
14073,7,0,0
14073,7,1,0
14073,7,2,0
14074,1,0,0
14074,2,1,0
14074,3,0,0
14074,3,1,0
14074,4,2,0
14074,5,0,0
14074,5,2,0
14074,6,1,0
14074,6,2,0
14074,7,0,0
14074,7,1,0
14074,7,2,0
14075,1,0,0
14075,2,1,0
14075,3,0,0
14075,3,1,0
14075,4,2,0
14075,5,0,0
14075,5,2,0
14075,6,1,0
14075,6,2,0
14075,7,0,0
14075,7,1,0
14075,7,2,0
14076,1,0,0
14076,2,1,0
14076,3,0,0
14076,3,1,0
14076,4,2,0
14076,5,0,0
14076,5,2,0
14076,6,1,0
14076,6,2,0
14076,7,0,0
14076,7,1,0
14076,7,2,0
14077,1,0,0
14077,2,1,0
14077,3,0,0
14077,3,1,0
14077,4,2,0
14077,5,0,0
14077,5,2,0
14077,6,1,0
14077,6,2,0
14077,7,0,0
14077,7,1,0
14077,7,2,0
14078,1,0,0
14078,2,1,0
14078,3,0,0
14078,3,1,0
14078,4,2,0
14078,5,0,0
14078,5,2,0
14078,6,1,0
14078,6,2,0
14078,7,0,0
14078,7,1,0
14078,7,2,0
14079,1,0,0
14079,2,1,0
14079,3,0,0
14079,3,1,0
14079,4,2,0
14079,5,0,0
14079,5,2,0
14079,6,1,0
14079,6,2,0
14079,7,0,0
14079,7,1,0
14079,7,2,0
14080,1,0,0
14080,2,1,0
14080,3,0,0
14080,3,1,0
14080,4,2,0
14080,5,0,0
14080,5,2,0
14080,6,1,0
14080,6,2,0
14080,7,0,0
14080,7,1,0
14080,7,2,0
14081,1,0,0
14081,2,1,0
14081,3,0,0
14081,3,1,0
14081,4,2,0
14081,5,0,0
14081,5,2,0
14081,6,1,0
14081,6,2,0
14081,7,0,0
14081,7,1,0
14081,7,2,0
14082,1,0,0
14082,2,1,0
14082,3,0,0
14082,3,1,0
14082,4,2,0
14082,5,0,0
14082,5,2,0
14082,6,1,0
14082,6,2,0
14082,7,0,0
14082,7,1,0
14082,7,2,0
14083,1,0,0
14083,2,1,0
14083,3,0,0
14083,3,1,0
14083,4,2,0
14083,5,0,0
14083,5,2,0
14083,6,1,0
14083,6,2,0
14083,7,0,0
14083,7,1,0
14083,7,2,0
14084,1,0,0
14084,2,1,0
14084,3,0,0
14084,3,1,0
14084,4,2,0
14084,5,0,0
14084,5,2,0
14084,6,1,0
14084,6,2,0
14084,7,0,0
14084,7,1,0
14084,7,2,0
14085,1,0,0
14085,2,1,0
14085,3,0,0
14085,3,1,0
14085,4,2,0
14085,5,0,0
14085,5,2,0
14085,6,1,0
14085,6,2,0
14085,7,0,0
14085,7,1,0
14085,7,2,0
14086,1,0,0
14086,2,1,0
14086,3,0,0
14086,3,1,0
14086,4,2,0
14086,5,0,0
14086,5,2,0
14086,6,1,0
14086,6,2,0
14086,7,0,0
14086,7,1,0
14086,7,2,0
14087,1,0,0
14087,2,1,0
14087,3,0,0
14087,3,1,0
14087,4,2,0
14087,5,0,0
14087,5,2,0
14087,6,1,0
14087,6,2,0
14087,7,0,0
14087,7,1,0
14087,7,2,0
14088,1,0,0
14088,2,1,0
14088,3,0,0
14088,3,1,0
14088,4,2,0
14088,5,0,0
14088,5,2,0
14088,6,1,0
14088,6,2,0
14088,7,0,0
14088,7,1,0
14088,7,2,0
14089,1,0,0
14089,2,1,0
14089,3,0,0
14089,3,1,0
14089,4,2,0
14089,5,0,0
14089,5,2,0
14089,6,1,0
14089,6,2,0
14089,7,0,0
14089,7,1,0
14089,7,2,0
14090,1,0,0
14090,2,1,0
14090,3,0,0
14090,3,1,0
14090,4,2,0
14090,5,0,0
14090,5,2,0
14090,6,1,0
14090,6,2,0
14090,7,0,0
14090,7,1,0
14090,7,2,0
14091,1,0,0
14091,2,1,0
14091,3,0,0
14091,3,1,0
14091,4,2,0
14091,5,0,0
14091,5,2,0
14091,6,1,0
14091,6,2,0
14091,7,0,0
14091,7,1,0
14091,7,2,0
14092,1,0,0
14092,2,1,0
14092,3,0,0
14092,3,1,0
14092,4,2,0
14092,5,0,0
14092,5,2,0
14092,6,1,0
14092,6,2,0
14092,7,0,0
14092,7,1,0
14092,7,2,0
14093,1,0,0
14093,2,1,0
14093,3,0,0
14093,3,1,0
14093,4,2,0
14093,5,0,0
14093,5,2,0
14093,6,1,0
14093,6,2,0
14093,7,0,0
14093,7,1,0
14093,7,2,0
14094,1,0,1
14094,2,1,0
14094,3,0,1
14094,3,1,0
14094,4,2,0
14094,5,0,1
14094,5,2,0
14094,6,1,0
14094,6,2,0
14094,7,0,1
14094,7,1,0
14094,7,2,0
14095,1,0,1
14095,2,1,0
14095,3,0,1
14095,3,1,0
14095,4,2,0
14095,5,0,1
14095,5,2,0
14095,6,1,0
14095,6,2,0
14095,7,0,1
14095,7,1,0
14095,7,2,0
14096,1,0,0
14096,2,1,0
14096,3,0,0
14096,3,1,0
14096,4,2,0
14096,5,0,0
14096,5,2,0
14096,6,1,0
14096,6,2,0
14096,7,0,0
14096,7,1,0
14096,7,2,0
14097,1,0,0
14097,2,1,0
14097,3,0,0
14097,3,1,0
14097,4,2,0
14097,5,0,0
14097,5,2,0
14097,6,1,0
14097,6,2,0
14097,7,0,0
14097,7,1,0
14097,7,2,0
14098,1,0,0
14098,2,1,0
14098,3,0,0
14098,3,1,0
14098,4,2,0
14098,5,0,0
14098,5,2,0
14098,6,1,0
14098,6,2,0
14098,7,0,0
14098,7,1,0
14098,7,2,0
14099,1,0,0
14099,2,1,0
14099,3,0,0
14099,3,1,0
14099,4,2,0
14099,5,0,0
14099,5,2,0
14099,6,1,0
14099,6,2,0
14099,7,0,0
14099,7,1,0
14099,7,2,0
14100,1,0,0
14100,2,1,0
14100,3,0,0
14100,3,1,0
14100,4,2,0
14100,5,0,0
14100,5,2,0
14100,6,1,0
14100,6,2,0
14100,7,0,0
14100,7,1,0
14100,7,2,0
14101,1,0,0
14101,2,1,0
14101,3,0,0
14101,3,1,0
14101,4,2,0
14101,5,0,0
14101,5,2,0
14101,6,1,0
14101,6,2,0
14101,7,0,0
14101,7,1,0
14101,7,2,0
14102,1,0,0
14102,2,1,0
14102,3,0,0
14102,3,1,0
14102,4,2,0
14102,5,0,0
14102,5,2,0
14102,6,1,0
14102,6,2,0
14102,7,0,0
14102,7,1,0
14102,7,2,0
14103,1,0,0
14103,2,1,0
14103,3,0,0
14103,3,1,0
14103,4,2,0
14103,5,0,0
14103,5,2,0
14103,6,1,0
14103,6,2,0
14103,7,0,0
14103,7,1,0
14103,7,2,0
14104,1,0,0
14104,2,1,0
14104,3,0,0
14104,3,1,0
14104,4,2,0
14104,5,0,0
14104,5,2,0
14104,6,1,0
14104,6,2,0
14104,7,0,0
14104,7,1,0
14104,7,2,0
14105,1,0,0
14105,2,1,0
14105,3,0,0
14105,3,1,0
14105,4,2,0
14105,5,0,0
14105,5,2,0
14105,6,1,0
14105,6,2,0
14105,7,0,0
14105,7,1,0
14105,7,2,0
14106,1,0,0
14106,2,1,0
14106,3,0,0
14106,3,1,0
14106,4,2,0
14106,5,0,0
14106,5,2,0
14106,6,1,0
14106,6,2,0
14106,7,0,0
14106,7,1,0
14106,7,2,0
14107,1,0,0
14107,2,1,0
14107,3,0,0
14107,3,1,0
14107,4,2,0
14107,5,0,0
14107,5,2,0
14107,6,1,0
14107,6,2,0
14107,7,0,0
14107,7,1,0
14107,7,2,0
14108,1,0,0
14108,2,1,0
14108,3,0,0
14108,3,1,0
14108,4,2,0
14108,5,0,0
14108,5,2,0
14108,6,1,0
14108,6,2,0
14108,7,0,0
14108,7,1,0
14108,7,2,0
14109,1,0,0
14109,2,1,0
14109,3,0,0
14109,3,1,0
14109,4,2,0
14109,5,0,0
14109,5,2,0
14109,6,1,0
14109,6,2,0
14109,7,0,0
14109,7,1,0
14109,7,2,0
14110,1,0,0
14110,2,1,0
14110,3,0,0
14110,3,1,0
14110,4,2,0
14110,5,0,0
14110,5,2,0
14110,6,1,0
14110,6,2,0
14110,7,0,0
14110,7,1,0
14110,7,2,0
14111,1,0,0
14111,2,1,0
14111,3,0,0
14111,3,1,0
14111,4,2,0
14111,5,0,0
14111,5,2,0
14111,6,1,0
14111,6,2,0
14111,7,0,0
14111,7,1,0
14111,7,2,0
14112,1,0,0
14112,2,1,0
14112,3,0,0
14112,3,1,0
14112,4,2,0
14112,5,0,0
14112,5,2,0
14112,6,1,0
14112,6,2,0
14112,7,0,0
14112,7,1,0
14112,7,2,0
14113,1,0,0
14113,2,1,0
14113,3,0,0
14113,3,1,0
14113,4,2,0
14113,5,0,0
14113,5,2,0
14113,6,1,0
14113,6,2,0
14113,7,0,0
14113,7,1,0
14113,7,2,0
14114,1,0,0
14114,2,1,0
14114,3,0,0
14114,3,1,0
14114,4,2,0
14114,5,0,0
14114,5,2,0
14114,6,1,0
14114,6,2,0
14114,7,0,0
14114,7,1,0
14114,7,2,0
14115,1,0,0
14115,2,1,0
14115,3,0,0
14115,3,1,0
14115,4,2,0
14115,5,0,0
14115,5,2,0
14115,6,1,0
14115,6,2,0
14115,7,0,0
14115,7,1,0
14115,7,2,0
14116,1,0,0
14116,2,1,0
14116,3,0,0
14116,3,1,0
14116,4,2,0
14116,5,0,0
14116,5,2,0
14116,6,1,0
14116,6,2,0
14116,7,0,0
14116,7,1,0
14116,7,2,0
14117,1,0,0
14117,2,1,0
14117,3,0,0
14117,3,1,0
14117,4,2,0
14117,5,0,0
14117,5,2,0
14117,6,1,0
14117,6,2,0
14117,7,0,0
14117,7,1,0
14117,7,2,0
14118,1,0,0
14118,2,1,0
14118,3,0,0
14118,3,1,0
14118,4,2,0
14118,5,0,0
14118,5,2,0
14118,6,1,0
14118,6,2,0
14118,7,0,0
14118,7,1,0
14118,7,2,0
14119,1,0,0
14119,2,1,0
14119,3,0,0
14119,3,1,0
14119,4,2,0
14119,5,0,0
14119,5,2,0
14119,6,1,0
14119,6,2,0
14119,7,0,0
14119,7,1,0
14119,7,2,0
14120,1,0,0
14120,2,1,0
14120,3,0,0
14120,3,1,0
14120,4,2,0
14120,5,0,0
14120,5,2,0
14120,6,1,0
14120,6,2,0
14120,7,0,0
14120,7,1,0
14120,7,2,0
14121,1,0,1
14121,2,1,0
14121,3,0,1
14121,3,1,0
14121,4,2,0
14121,5,0,1
14121,5,2,0
14121,6,1,0
14121,6,2,0
14121,7,0,1
14121,7,1,0
14121,7,2,0
14122,1,0,1
14122,2,1,0
14122,3,0,1
14122,3,1,0
14122,4,2,0
14122,5,0,1
14122,5,2,0
14122,6,1,0
14122,6,2,0
14122,7,0,1
14122,7,1,0
14122,7,2,0
14123,1,0,0
14123,2,1,0
14123,3,0,0
14123,3,1,0
14123,4,2,0
14123,5,0,0
14123,5,2,0
14123,6,1,0
14123,6,2,0
14123,7,0,0
14123,7,1,0
14123,7,2,0
14124,1,0,0
14124,2,1,0
14124,3,0,0
14124,3,1,0
14124,4,2,0
14124,5,0,0
14124,5,2,0
14124,6,1,0
14124,6,2,0
14124,7,0,0
14124,7,1,0
14124,7,2,0
14125,1,0,0
14125,2,1,0
14125,3,0,0
14125,3,1,0
14125,4,2,0
14125,5,0,0
14125,5,2,0
14125,6,1,0
14125,6,2,0
14125,7,0,0
14125,7,1,0
14125,7,2,0
14126,1,0,0
14126,2,1,0
14126,3,0,0
14126,3,1,0
14126,4,2,0
14126,5,0,0
14126,5,2,0
14126,6,1,0
14126,6,2,0
14126,7,0,0
14126,7,1,0
14126,7,2,0
14127,1,0,0
14127,2,1,0
14127,3,0,0
14127,3,1,0
14127,4,2,0
14127,5,0,0
14127,5,2,0
14127,6,1,0
14127,6,2,0
14127,7,0,0
14127,7,1,0
14127,7,2,0
14128,1,0,0
14128,2,1,0
14128,3,0,0
14128,3,1,0
14128,4,2,0
14128,5,0,0
14128,5,2,0
14128,6,1,0
14128,6,2,0
14128,7,0,0
14128,7,1,0
14128,7,2,0
14129,1,0,0
14129,2,1,0
14129,3,0,0
14129,3,1,0
14129,4,2,0
14129,5,0,0
14129,5,2,0
14129,6,1,0
14129,6,2,0
14129,7,0,0
14129,7,1,0
14129,7,2,0
14130,1,0,0
14130,2,1,0
14130,3,0,0
14130,3,1,0
14130,4,2,0
14130,5,0,0
14130,5,2,0
14130,6,1,0
14130,6,2,0
14130,7,0,0
14130,7,1,0
14130,7,2,0
14131,1,0,0
14131,2,1,0
14131,3,0,0
14131,3,1,0
14131,4,2,0
14131,5,0,0
14131,5,2,0
14131,6,1,0
14131,6,2,0
14131,7,0,0
14131,7,1,0
14131,7,2,0
14132,1,0,0
14132,2,1,0
14132,3,0,0
14132,3,1,0
14132,4,2,0
14132,5,0,0
14132,5,2,0
14132,6,1,0
14132,6,2,0
14132,7,0,0
14132,7,1,0
14132,7,2,0
14133,1,0,0
14133,2,1,0
14133,3,0,0
14133,3,1,0
14133,4,2,0
14133,5,0,0
14133,5,2,0
14133,6,1,0
14133,6,2,0
14133,7,0,0
14133,7,1,0
14133,7,2,0
14134,1,0,0
14134,2,1,0
14134,3,0,0
14134,3,1,0
14134,4,2,0
14134,5,0,0
14134,5,2,0
14134,6,1,0
14134,6,2,0
14134,7,0,0
14134,7,1,0
14134,7,2,0
14135,1,0,0
14135,2,1,0
14135,3,0,0
14135,3,1,0
14135,4,2,0
14135,5,0,0
14135,5,2,0
14135,6,1,0
14135,6,2,0
14135,7,0,0
14135,7,1,0
14135,7,2,0
14136,1,0,0
14136,2,1,0
14136,3,0,0
14136,3,1,0
14136,4,2,0
14136,5,0,0
14136,5,2,0
14136,6,1,0
14136,6,2,0
14136,7,0,0
14136,7,1,0
14136,7,2,0
14137,1,0,0
14137,2,1,0
14137,3,0,0
14137,3,1,0
14137,4,2,0
14137,5,0,0
14137,5,2,0
14137,6,1,0
14137,6,2,0
14137,7,0,0
14137,7,1,0
14137,7,2,0
14138,1,0,0
14138,2,1,0
14138,3,0,0
14138,3,1,0
14138,4,2,0
14138,5,0,0
14138,5,2,0
14138,6,1,0
14138,6,2,0
14138,7,0,0
14138,7,1,0
14138,7,2,0
14139,1,0,0
14139,2,1,0
14139,3,0,0
14139,3,1,0
14139,4,2,0
14139,5,0,0
14139,5,2,0
14139,6,1,0
14139,6,2,0
14139,7,0,0
14139,7,1,0
14139,7,2,0
14140,1,0,0
14140,2,1,0
14140,3,0,0
14140,3,1,0
14140,4,2,0
14140,5,0,0
14140,5,2,0
14140,6,1,0
14140,6,2,0
14140,7,0,0
14140,7,1,0
14140,7,2,0
14141,1,0,0
14141,2,1,0
14141,3,0,0
14141,3,1,0
14141,4,2,0
14141,5,0,0
14141,5,2,0
14141,6,1,0
14141,6,2,0
14141,7,0,0
14141,7,1,0
14141,7,2,0
14142,1,0,0
14142,2,1,0
14142,3,0,0
14142,3,1,0
14142,4,2,0
14142,5,0,0
14142,5,2,0
14142,6,1,0
14142,6,2,0
14142,7,0,0
14142,7,1,0
14142,7,2,0
14143,1,0,0
14143,2,1,0
14143,3,0,0
14143,3,1,0
14143,4,2,0
14143,5,0,0
14143,5,2,0
14143,6,1,0
14143,6,2,0
14143,7,0,0
14143,7,1,0
14143,7,2,0
14144,1,0,0
14144,2,1,0
14144,3,0,0
14144,3,1,0
14144,4,2,0
14144,5,0,0
14144,5,2,0
14144,6,1,0
14144,6,2,0
14144,7,0,0
14144,7,1,0
14144,7,2,0
14145,1,0,0
14145,2,1,0
14145,3,0,0
14145,3,1,0
14145,4,2,0
14145,5,0,0
14145,5,2,0
14145,6,1,0
14145,6,2,0
14145,7,0,0
14145,7,1,0
14145,7,2,0
14146,1,0,0
14146,2,1,0
14146,3,0,0
14146,3,1,0
14146,4,2,0
14146,5,0,0
14146,5,2,0
14146,6,1,0
14146,6,2,0
14146,7,0,0
14146,7,1,0
14146,7,2,0
14147,1,0,0
14147,2,1,0
14147,3,0,0
14147,3,1,0
14147,4,2,0
14147,5,0,0
14147,5,2,0
14147,6,1,0
14147,6,2,0
14147,7,0,0
14147,7,1,0
14147,7,2,0
14148,1,0,1
14148,2,1,0
14148,3,0,1
14148,3,1,0
14148,4,2,0
14148,5,0,1
14148,5,2,0
14148,6,1,0
14148,6,2,0
14148,7,0,1
14148,7,1,0
14148,7,2,0
14149,1,0,1
14149,2,1,0
14149,3,0,1
14149,3,1,0
14149,4,2,0
14149,5,0,1
14149,5,2,0
14149,6,1,0
14149,6,2,0
14149,7,0,1
14149,7,1,0
14149,7,2,0
14150,1,0,0
14150,2,1,0
14150,3,0,0
14150,3,1,0
14150,4,2,0
14150,5,0,0
14150,5,2,0
14150,6,1,0
14150,6,2,0
14150,7,0,0
14150,7,1,0
14150,7,2,0
14151,1,0,0
14151,2,1,0
14151,3,0,0
14151,3,1,0
14151,4,2,0
14151,5,0,0
14151,5,2,0
14151,6,1,0
14151,6,2,0
14151,7,0,0
14151,7,1,0
14151,7,2,0
14152,1,0,0
14152,2,1,0
14152,3,0,0
14152,3,1,0
14152,4,2,0
14152,5,0,0
14152,5,2,0
14152,6,1,0
14152,6,2,0
14152,7,0,0
14152,7,1,0
14152,7,2,0
14153,1,0,0
14153,2,1,0
14153,3,0,0
14153,3,1,0
14153,4,2,0
14153,5,0,0
14153,5,2,0
14153,6,1,0
14153,6,2,0
14153,7,0,0
14153,7,1,0
14153,7,2,0
14154,1,0,0
14154,2,1,0
14154,3,0,0
14154,3,1,0
14154,4,2,0
14154,5,0,0
14154,5,2,0
14154,6,1,0
14154,6,2,0
14154,7,0,0
14154,7,1,0
14154,7,2,0
14155,1,0,0
14155,2,1,0
14155,3,0,0
14155,3,1,0
14155,4,2,0
14155,5,0,0
14155,5,2,0
14155,6,1,0
14155,6,2,0
14155,7,0,0
14155,7,1,0
14155,7,2,0
14156,1,0,0
14156,2,1,0
14156,3,0,0
14156,3,1,0
14156,4,2,0
14156,5,0,0
14156,5,2,0
14156,6,1,0
14156,6,2,0
14156,7,0,0
14156,7,1,0
14156,7,2,0
14157,1,0,0
14157,2,1,0
14157,3,0,0
14157,3,1,0
14157,4,2,0
14157,5,0,0
14157,5,2,0
14157,6,1,0
14157,6,2,0
14157,7,0,0
14157,7,1,0
14157,7,2,0
14158,1,0,0
14158,2,1,0
14158,3,0,0
14158,3,1,0
14158,4,2,0
14158,5,0,0
14158,5,2,0
14158,6,1,0
14158,6,2,0
14158,7,0,0
14158,7,1,0
14158,7,2,0
14159,1,0,0
14159,2,1,0
14159,3,0,0
14159,3,1,0
14159,4,2,0
14159,5,0,0
14159,5,2,0
14159,6,1,0
14159,6,2,0
14159,7,0,0
14159,7,1,0
14159,7,2,0
14160,1,0,0
14160,2,1,0
14160,3,0,0
14160,3,1,0
14160,4,2,0
14160,5,0,0
14160,5,2,0
14160,6,1,0
14160,6,2,0
14160,7,0,0
14160,7,1,0
14160,7,2,0
14161,1,0,0
14161,2,1,0
14161,3,0,0
14161,3,1,0
14161,4,2,0
14161,5,0,0
14161,5,2,0
14161,6,1,0
14161,6,2,0
14161,7,0,0
14161,7,1,0
14161,7,2,0
14162,1,0,0
14162,2,1,0
14162,3,0,0
14162,3,1,0
14162,4,2,0
14162,5,0,0
14162,5,2,0
14162,6,1,0
14162,6,2,0
14162,7,0,0
14162,7,1,0
14162,7,2,0
14163,1,0,0
14163,2,1,0
14163,3,0,0
14163,3,1,0
14163,4,2,0
14163,5,0,0
14163,5,2,0
14163,6,1,0
14163,6,2,0
14163,7,0,0
14163,7,1,0
14163,7,2,0
14164,1,0,0
14164,2,1,0
14164,3,0,0
14164,3,1,0
14164,4,2,0
14164,5,0,0
14164,5,2,0
14164,6,1,0
14164,6,2,0
14164,7,0,0
14164,7,1,0
14164,7,2,0
14165,1,0,0
14165,2,1,0
14165,3,0,0
14165,3,1,0
14165,4,2,0
14165,5,0,0
14165,5,2,0
14165,6,1,0
14165,6,2,0
14165,7,0,0
14165,7,1,0
14165,7,2,0
14166,1,0,0
14166,2,1,0
14166,3,0,0
14166,3,1,0
14166,4,2,0
14166,5,0,0
14166,5,2,0
14166,6,1,0
14166,6,2,0
14166,7,0,0
14166,7,1,0
14166,7,2,0
14167,1,0,0
14167,2,1,0
14167,3,0,0
14167,3,1,0
14167,4,2,0
14167,5,0,0
14167,5,2,0
14167,6,1,0
14167,6,2,0
14167,7,0,0
14167,7,1,0
14167,7,2,0
14168,1,0,0
14168,2,1,0
14168,3,0,0
14168,3,1,0
14168,4,2,0
14168,5,0,0
14168,5,2,0
14168,6,1,0
14168,6,2,0
14168,7,0,0
14168,7,1,0
14168,7,2,0
14169,1,0,0
14169,2,1,0
14169,3,0,0
14169,3,1,0
14169,4,2,0
14169,5,0,0
14169,5,2,0
14169,6,1,0
14169,6,2,0
14169,7,0,0
14169,7,1,0
14169,7,2,0
14170,1,0,0
14170,2,1,0
14170,3,0,0
14170,3,1,0
14170,4,2,0
14170,5,0,0
14170,5,2,0
14170,6,1,0
14170,6,2,0
14170,7,0,0
14170,7,1,0
14170,7,2,0
14171,1,0,0
14171,2,1,0
14171,3,0,0
14171,3,1,0
14171,4,2,0
14171,5,0,0
14171,5,2,0
14171,6,1,0
14171,6,2,0
14171,7,0,0
14171,7,1,0
14171,7,2,0
14172,1,0,0
14172,2,1,0
14172,3,0,0
14172,3,1,0
14172,4,2,0
14172,5,0,0
14172,5,2,0
14172,6,1,0
14172,6,2,0
14172,7,0,0
14172,7,1,0
14172,7,2,0
14173,1,0,0
14173,2,1,0
14173,3,0,0
14173,3,1,0
14173,4,2,0
14173,5,0,0
14173,5,2,0
14173,6,1,0
14173,6,2,0
14173,7,0,0
14173,7,1,0
14173,7,2,0
14174,1,0,0
14174,2,1,0
14174,3,0,0
14174,3,1,0
14174,4,2,0
14174,5,0,0
14174,5,2,0
14174,6,1,0
14174,6,2,0
14174,7,0,0
14174,7,1,0
14174,7,2,0
14175,1,0,1
14175,2,1,0
14175,3,0,1
14175,3,1,0
14175,4,2,0
14175,5,0,1
14175,5,2,0
14175,6,1,0
14175,6,2,0
14175,7,0,1
14175,7,1,0
14175,7,2,0
14176,1,0,1
14176,2,1,0
14176,3,0,1
14176,3,1,0
14176,4,2,0
14176,5,0,1
14176,5,2,0
14176,6,1,0
14176,6,2,0
14176,7,0,1
14176,7,1,0
14176,7,2,0
14177,1,0,0
14177,2,1,0
14177,3,0,0
14177,3,1,0
14177,4,2,0
14177,5,0,0
14177,5,2,0
14177,6,1,0
14177,6,2,0
14177,7,0,0
14177,7,1,0
14177,7,2,0
14178,1,0,0
14178,2,1,0
14178,3,0,0
14178,3,1,0
14178,4,2,0
14178,5,0,0
14178,5,2,0
14178,6,1,0
14178,6,2,0
14178,7,0,0
14178,7,1,0
14178,7,2,0
14179,1,0,0
14179,2,1,0
14179,3,0,0
14179,3,1,0
14179,4,2,0
14179,5,0,0
14179,5,2,0
14179,6,1,0
14179,6,2,0
14179,7,0,0
14179,7,1,0
14179,7,2,0
14180,1,0,0
14180,2,1,0
14180,3,0,0
14180,3,1,0
14180,4,2,0
14180,5,0,0
14180,5,2,0
14180,6,1,0
14180,6,2,0
14180,7,0,0
14180,7,1,0
14180,7,2,0
14181,1,0,0
14181,2,1,0
14181,3,0,0
14181,3,1,0
14181,4,2,0
14181,5,0,0
14181,5,2,0
14181,6,1,0
14181,6,2,0
14181,7,0,0
14181,7,1,0
14181,7,2,0
14182,1,0,0
14182,2,1,0
14182,3,0,0
14182,3,1,0
14182,4,2,0
14182,5,0,0
14182,5,2,0
14182,6,1,0
14182,6,2,0
14182,7,0,0
14182,7,1,0
14182,7,2,0
14183,1,0,0
14183,2,1,0
14183,3,0,0
14183,3,1,0
14183,4,2,0
14183,5,0,0
14183,5,2,0
14183,6,1,0
14183,6,2,0
14183,7,0,0
14183,7,1,0
14183,7,2,0
14184,1,0,0
14184,2,1,0
14184,3,0,0
14184,3,1,0
14184,4,2,0
14184,5,0,0
14184,5,2,0
14184,6,1,0
14184,6,2,0
14184,7,0,0
14184,7,1,0
14184,7,2,0
14185,1,0,0
14185,2,1,0
14185,3,0,0
14185,3,1,0
14185,4,2,0
14185,5,0,0
14185,5,2,0
14185,6,1,0
14185,6,2,0
14185,7,0,0
14185,7,1,0
14185,7,2,0
14186,1,0,0
14186,2,1,0
14186,3,0,0
14186,3,1,0
14186,4,2,0
14186,5,0,0
14186,5,2,0
14186,6,1,0
14186,6,2,0
14186,7,0,0
14186,7,1,0
14186,7,2,0
14187,1,0,0
14187,2,1,0
14187,3,0,0
14187,3,1,0
14187,4,2,0
14187,5,0,0
14187,5,2,0
14187,6,1,0
14187,6,2,0
14187,7,0,0
14187,7,1,0
14187,7,2,0
14188,1,0,0
14188,2,1,0
14188,3,0,0
14188,3,1,0
14188,4,2,0
14188,5,0,0
14188,5,2,0
14188,6,1,0
14188,6,2,0
14188,7,0,0
14188,7,1,0
14188,7,2,0
14189,1,0,0
14189,2,1,0
14189,3,0,0
14189,3,1,0
14189,4,2,0
14189,5,0,0
14189,5,2,0
14189,6,1,0
14189,6,2,0
14189,7,0,0
14189,7,1,0
14189,7,2,0
14190,1,0,0
14190,2,1,0
14190,3,0,0
14190,3,1,0
14190,4,2,0
14190,5,0,0
14190,5,2,0
14190,6,1,0
14190,6,2,0
14190,7,0,0
14190,7,1,0
14190,7,2,0
14191,1,0,0
14191,2,1,0
14191,3,0,0
14191,3,1,0
14191,4,2,0
14191,5,0,0
14191,5,2,0
14191,6,1,0
14191,6,2,0
14191,7,0,0
14191,7,1,0
14191,7,2,0
14192,1,0,0
14192,2,1,0
14192,3,0,0
14192,3,1,0
14192,4,2,0
14192,5,0,0
14192,5,2,0
14192,6,1,0
14192,6,2,0
14192,7,0,0
14192,7,1,0
14192,7,2,0
14193,1,0,0
14193,2,1,0
14193,3,0,0
14193,3,1,0
14193,4,2,0
14193,5,0,0
14193,5,2,0
14193,6,1,0
14193,6,2,0
14193,7,0,0
14193,7,1,0
14193,7,2,0
14194,1,0,0
14194,2,1,0
14194,3,0,0
14194,3,1,0
14194,4,2,0
14194,5,0,0
14194,5,2,0
14194,6,1,0
14194,6,2,0
14194,7,0,0
14194,7,1,0
14194,7,2,0
14195,1,0,0
14195,2,1,0
14195,3,0,0
14195,3,1,0
14195,4,2,0
14195,5,0,0
14195,5,2,0
14195,6,1,0
14195,6,2,0
14195,7,0,0
14195,7,1,0
14195,7,2,0
14196,1,0,0
14196,2,1,0
14196,3,0,0
14196,3,1,0
14196,4,2,0
14196,5,0,0
14196,5,2,0
14196,6,1,0
14196,6,2,0
14196,7,0,0
14196,7,1,0
14196,7,2,0
14197,1,0,0
14197,2,1,0
14197,3,0,0
14197,3,1,0
14197,4,2,0
14197,5,0,0
14197,5,2,0
14197,6,1,0
14197,6,2,0
14197,7,0,0
14197,7,1,0
14197,7,2,0
14198,1,0,0
14198,2,1,0
14198,3,0,0
14198,3,1,0
14198,4,2,0
14198,5,0,0
14198,5,2,0
14198,6,1,0
14198,6,2,0
14198,7,0,0
14198,7,1,0
14198,7,2,0
14199,1,0,0
14199,2,1,0
14199,3,0,0
14199,3,1,0
14199,4,2,0
14199,5,0,0
14199,5,2,0
14199,6,1,0
14199,6,2,0
14199,7,0,0
14199,7,1,0
14199,7,2,0
14200,1,0,0
14200,2,1,0
14200,3,0,0
14200,3,1,0
14200,4,2,0
14200,5,0,0
14200,5,2,0
14200,6,1,0
14200,6,2,0
14200,7,0,0
14200,7,1,0
14200,7,2,0
14201,1,0,0
14201,2,1,0
14201,3,0,0
14201,3,1,0
14201,4,2,0
14201,5,0,0
14201,5,2,0
14201,6,1,0
14201,6,2,0
14201,7,0,0
14201,7,1,0
14201,7,2,0
14202,1,0,1
14202,2,1,0
14202,3,0,1
14202,3,1,0
14202,4,2,0
14202,5,0,1
14202,5,2,0
14202,6,1,0
14202,6,2,0
14202,7,0,1
14202,7,1,0
14202,7,2,0
14203,1,0,1
14203,2,1,0
14203,3,0,1
14203,3,1,0
14203,4,2,0
14203,5,0,1
14203,5,2,0
14203,6,1,0
14203,6,2,0
14203,7,0,1
14203,7,1,0
14203,7,2,0
14204,1,0,0
14204,2,1,0
14204,3,0,0
14204,3,1,0
14204,4,2,0
14204,5,0,0
14204,5,2,0
14204,6,1,0
14204,6,2,0
14204,7,0,0
14204,7,1,0
14204,7,2,0
14205,1,0,0
14205,2,1,0
14205,3,0,0
14205,3,1,0
14205,4,2,0
14205,5,0,0
14205,5,2,0
14205,6,1,0
14205,6,2,0
14205,7,0,0
14205,7,1,0
14205,7,2,0
14206,1,0,0
14206,2,1,0
14206,3,0,0
14206,3,1,0
14206,4,2,0
14206,5,0,0
14206,5,2,0
14206,6,1,0
14206,6,2,0
14206,7,0,0
14206,7,1,0
14206,7,2,0
14207,1,0,0
14207,2,1,0
14207,3,0,0
14207,3,1,0
14207,4,2,0
14207,5,0,0
14207,5,2,0
14207,6,1,0
14207,6,2,0
14207,7,0,0
14207,7,1,0
14207,7,2,0
14208,1,0,0
14208,2,1,0
14208,3,0,0
14208,3,1,0
14208,4,2,0
14208,5,0,0
14208,5,2,0
14208,6,1,0
14208,6,2,0
14208,7,0,0
14208,7,1,0
14208,7,2,0
14209,1,0,0
14209,2,1,0
14209,3,0,0
14209,3,1,0
14209,4,2,0
14209,5,0,0
14209,5,2,0
14209,6,1,0
14209,6,2,0
14209,7,0,0
14209,7,1,0
14209,7,2,0
14210,1,0,0
14210,2,1,0
14210,3,0,0
14210,3,1,0
14210,4,2,0
14210,5,0,0
14210,5,2,0
14210,6,1,0
14210,6,2,0
14210,7,0,0
14210,7,1,0
14210,7,2,0
14211,1,0,0
14211,2,1,0
14211,3,0,0
14211,3,1,0
14211,4,2,0
14211,5,0,0
14211,5,2,0
14211,6,1,0
14211,6,2,0
14211,7,0,0
14211,7,1,0
14211,7,2,0
14212,1,0,0
14212,2,1,0
14212,3,0,0
14212,3,1,0
14212,4,2,0
14212,5,0,0
14212,5,2,0
14212,6,1,0
14212,6,2,0
14212,7,0,0
14212,7,1,0
14212,7,2,0
14213,1,0,0
14213,2,1,0
14213,3,0,0
14213,3,1,0
14213,4,2,0
14213,5,0,0
14213,5,2,0
14213,6,1,0
14213,6,2,0
14213,7,0,0
14213,7,1,0
14213,7,2,0
14214,1,0,0
14214,2,1,0
14214,3,0,0
14214,3,1,0
14214,4,2,0
14214,5,0,0
14214,5,2,0
14214,6,1,0
14214,6,2,0
14214,7,0,0
14214,7,1,0
14214,7,2,0
14215,1,0,0
14215,2,1,0
14215,3,0,0
14215,3,1,0
14215,4,2,0
14215,5,0,0
14215,5,2,0
14215,6,1,0
14215,6,2,0
14215,7,0,0
14215,7,1,0
14215,7,2,0
14216,1,0,0
14216,2,1,0
14216,3,0,0
14216,3,1,0
14216,4,2,0
14216,5,0,0
14216,5,2,0
14216,6,1,0
14216,6,2,0
14216,7,0,0
14216,7,1,0
14216,7,2,0
14217,1,0,0
14217,2,1,0
14217,3,0,0
14217,3,1,0
14217,4,2,0
14217,5,0,0
14217,5,2,0
14217,6,1,0
14217,6,2,0
14217,7,0,0
14217,7,1,0
14217,7,2,0
14218,1,0,0
14218,2,1,0
14218,3,0,0
14218,3,1,0
14218,4,2,0
14218,5,0,0
14218,5,2,0
14218,6,1,0
14218,6,2,0
14218,7,0,0
14218,7,1,0
14218,7,2,0
14219,1,0,0
14219,2,1,0
14219,3,0,0
14219,3,1,0
14219,4,2,0
14219,5,0,0
14219,5,2,0
14219,6,1,0
14219,6,2,0
14219,7,0,0
14219,7,1,0
14219,7,2,0
14220,1,0,0
14220,2,1,0
14220,3,0,0
14220,3,1,0
14220,4,2,0
14220,5,0,0
14220,5,2,0
14220,6,1,0
14220,6,2,0
14220,7,0,0
14220,7,1,0
14220,7,2,0
14221,1,0,0
14221,2,1,0
14221,3,0,0
14221,3,1,0
14221,4,2,0
14221,5,0,0
14221,5,2,0
14221,6,1,0
14221,6,2,0
14221,7,0,0
14221,7,1,0
14221,7,2,0
14222,1,0,0
14222,2,1,0
14222,3,0,0
14222,3,1,0
14222,4,2,0
14222,5,0,0
14222,5,2,0
14222,6,1,0
14222,6,2,0
14222,7,0,0
14222,7,1,0
14222,7,2,0
14223,1,0,0
14223,2,1,0
14223,3,0,0
14223,3,1,0
14223,4,2,0
14223,5,0,0
14223,5,2,0
14223,6,1,0
14223,6,2,0
14223,7,0,0
14223,7,1,0
14223,7,2,0
14224,1,0,0
14224,2,1,0
14224,3,0,0
14224,3,1,0
14224,4,2,0
14224,5,0,0
14224,5,2,0
14224,6,1,0
14224,6,2,0
14224,7,0,0
14224,7,1,0
14224,7,2,0
14225,1,0,0
14225,2,1,0
14225,3,0,0
14225,3,1,0
14225,4,2,0
14225,5,0,0
14225,5,2,0
14225,6,1,0
14225,6,2,0
14225,7,0,0
14225,7,1,0
14225,7,2,0
14226,1,0,0
14226,2,1,0
14226,3,0,0
14226,3,1,0
14226,4,2,0
14226,5,0,0
14226,5,2,0
14226,6,1,0
14226,6,2,0
14226,7,0,0
14226,7,1,0
14226,7,2,0
14227,1,0,0
14227,2,1,0
14227,3,0,0
14227,3,1,0
14227,4,2,0
14227,5,0,0
14227,5,2,0
14227,6,1,0
14227,6,2,0
14227,7,0,0
14227,7,1,0
14227,7,2,0
14228,1,0,0
14228,2,1,0
14228,3,0,0
14228,3,1,0
14228,4,2,0
14228,5,0,0
14228,5,2,0
14228,6,1,0
14228,6,2,0
14228,7,0,0
14228,7,1,0
14228,7,2,0
14229,1,0,1
14229,2,1,0
14229,3,0,1
14229,3,1,0
14229,4,2,0
14229,5,0,1
14229,5,2,0
14229,6,1,0
14229,6,2,0
14229,7,0,1
14229,7,1,0
14229,7,2,0
14230,1,0,1
14230,2,1,0
14230,3,0,1
14230,3,1,0
14230,4,2,0
14230,5,0,1
14230,5,2,0
14230,6,1,0
14230,6,2,0
14230,7,0,1
14230,7,1,0
14230,7,2,0
14231,1,0,0
14231,2,1,0
14231,3,0,0
14231,3,1,0
14231,4,2,0
14231,5,0,0
14231,5,2,0
14231,6,1,0
14231,6,2,0
14231,7,0,0
14231,7,1,0
14231,7,2,0
14232,1,0,0
14232,2,1,0
14232,3,0,0
14232,3,1,0
14232,4,2,0
14232,5,0,0
14232,5,2,0
14232,6,1,0
14232,6,2,0
14232,7,0,0
14232,7,1,0
14232,7,2,0
14233,1,0,0
14233,2,1,0
14233,3,0,0
14233,3,1,0
14233,4,2,0
14233,5,0,0
14233,5,2,0
14233,6,1,0
14233,6,2,0
14233,7,0,0
14233,7,1,0
14233,7,2,0
14234,1,0,0
14234,2,1,0
14234,3,0,0
14234,3,1,0
14234,4,2,0
14234,5,0,0
14234,5,2,0
14234,6,1,0
14234,6,2,0
14234,7,0,0
14234,7,1,0
14234,7,2,0
14235,1,0,0
14235,2,1,0
14235,3,0,0
14235,3,1,0
14235,4,2,0
14235,5,0,0
14235,5,2,0
14235,6,1,0
14235,6,2,0
14235,7,0,0
14235,7,1,0
14235,7,2,0
14236,1,0,0
14236,2,1,0
14236,3,0,0
14236,3,1,0
14236,4,2,0
14236,5,0,0
14236,5,2,0
14236,6,1,0
14236,6,2,0
14236,7,0,0
14236,7,1,0
14236,7,2,0
14237,1,0,0
14237,2,1,0
14237,3,0,0
14237,3,1,0
14237,4,2,0
14237,5,0,0
14237,5,2,0
14237,6,1,0
14237,6,2,0
14237,7,0,0
14237,7,1,0
14237,7,2,0
14238,1,0,0
14238,2,1,0
14238,3,0,0
14238,3,1,0
14238,4,2,0
14238,5,0,0
14238,5,2,0
14238,6,1,0
14238,6,2,0
14238,7,0,0
14238,7,1,0
14238,7,2,0
14239,1,0,0
14239,2,1,0
14239,3,0,0
14239,3,1,0
14239,4,2,0
14239,5,0,0
14239,5,2,0
14239,6,1,0
14239,6,2,0
14239,7,0,0
14239,7,1,0
14239,7,2,0
14240,1,0,0
14240,2,1,0
14240,3,0,0
14240,3,1,0
14240,4,2,0
14240,5,0,0
14240,5,2,0
14240,6,1,0
14240,6,2,0
14240,7,0,0
14240,7,1,0
14240,7,2,0
14241,1,0,0
14241,2,1,0
14241,3,0,0
14241,3,1,0
14241,4,2,0
14241,5,0,0
14241,5,2,0
14241,6,1,0
14241,6,2,0
14241,7,0,0
14241,7,1,0
14241,7,2,0
14242,1,0,0
14242,2,1,0
14242,3,0,0
14242,3,1,0
14242,4,2,0
14242,5,0,0
14242,5,2,0
14242,6,1,0
14242,6,2,0
14242,7,0,0
14242,7,1,0
14242,7,2,0
14243,1,0,0
14243,2,1,0
14243,3,0,0
14243,3,1,0
14243,4,2,0
14243,5,0,0
14243,5,2,0
14243,6,1,0
14243,6,2,0
14243,7,0,0
14243,7,1,0
14243,7,2,0
14244,1,0,0
14244,2,1,0
14244,3,0,0
14244,3,1,0
14244,4,2,0
14244,5,0,0
14244,5,2,0
14244,6,1,0
14244,6,2,0
14244,7,0,0
14244,7,1,0
14244,7,2,0
14245,1,0,0
14245,2,1,0
14245,3,0,0
14245,3,1,0
14245,4,2,0
14245,5,0,0
14245,5,2,0
14245,6,1,0
14245,6,2,0
14245,7,0,0
14245,7,1,0
14245,7,2,0
14246,1,0,0
14246,2,1,0
14246,3,0,0
14246,3,1,0
14246,4,2,0
14246,5,0,0
14246,5,2,0
14246,6,1,0
14246,6,2,0
14246,7,0,0
14246,7,1,0
14246,7,2,0
14247,1,0,0
14247,2,1,0
14247,3,0,0
14247,3,1,0
14247,4,2,0
14247,5,0,0
14247,5,2,0
14247,6,1,0
14247,6,2,0
14247,7,0,0
14247,7,1,0
14247,7,2,0
14248,1,0,0
14248,2,1,0
14248,3,0,0
14248,3,1,0
14248,4,2,0
14248,5,0,0
14248,5,2,0
14248,6,1,0
14248,6,2,0
14248,7,0,0
14248,7,1,0
14248,7,2,0
14249,1,0,0
14249,2,1,0
14249,3,0,0
14249,3,1,0
14249,4,2,0
14249,5,0,0
14249,5,2,0
14249,6,1,0
14249,6,2,0
14249,7,0,0
14249,7,1,0
14249,7,2,0
14250,1,0,0
14250,2,1,0
14250,3,0,0
14250,3,1,0
14250,4,2,0
14250,5,0,0
14250,5,2,0
14250,6,1,0
14250,6,2,0
14250,7,0,0
14250,7,1,0
14250,7,2,0
14251,1,0,0
14251,2,1,0
14251,3,0,0
14251,3,1,0
14251,4,2,0
14251,5,0,0
14251,5,2,0
14251,6,1,0
14251,6,2,0
14251,7,0,0
14251,7,1,0
14251,7,2,0
14252,1,0,0
14252,2,1,0
14252,3,0,0
14252,3,1,0
14252,4,2,0
14252,5,0,0
14252,5,2,0
14252,6,1,0
14252,6,2,0
14252,7,0,0
14252,7,1,0
14252,7,2,0
14253,1,0,0
14253,2,1,0
14253,3,0,0
14253,3,1,0
14253,4,2,0
14253,5,0,0
14253,5,2,0
14253,6,1,0
14253,6,2,0
14253,7,0,0
14253,7,1,0
14253,7,2,0
14254,1,0,0
14254,2,1,0
14254,3,0,0
14254,3,1,0
14254,4,2,0
14254,5,0,0
14254,5,2,0
14254,6,1,0
14254,6,2,0
14254,7,0,0
14254,7,1,0
14254,7,2,0
14255,1,0,0
14255,2,1,0
14255,3,0,0
14255,3,1,0
14255,4,2,0
14255,5,0,0
14255,5,2,0
14255,6,1,0
14255,6,2,0
14255,7,0,0
14255,7,1,0
14255,7,2,0
14256,1,0,1
14256,2,1,0
14256,3,0,1
14256,3,1,0
14256,4,2,0
14256,5,0,1
14256,5,2,0
14256,6,1,0
14256,6,2,0
14256,7,0,1
14256,7,1,0
14256,7,2,0
14257,1,0,1
14257,2,1,0
14257,3,0,1
14257,3,1,0
14257,4,2,0
14257,5,0,1
14257,5,2,0
14257,6,1,0
14257,6,2,0
14257,7,0,1
14257,7,1,0
14257,7,2,0
14258,1,0,0
14258,2,1,0
14258,3,0,0
14258,3,1,0
14258,4,2,0
14258,5,0,0
14258,5,2,0
14258,6,1,0
14258,6,2,0
14258,7,0,0
14258,7,1,0
14258,7,2,0
14259,1,0,0
14259,2,1,0
14259,3,0,0
14259,3,1,0
14259,4,2,0
14259,5,0,0
14259,5,2,0
14259,6,1,0
14259,6,2,0
14259,7,0,0
14259,7,1,0
14259,7,2,0
14260,1,0,0
14260,2,1,0
14260,3,0,0
14260,3,1,0
14260,4,2,0
14260,5,0,0
14260,5,2,0
14260,6,1,0
14260,6,2,0
14260,7,0,0
14260,7,1,0
14260,7,2,0
14261,1,0,0
14261,2,1,0
14261,3,0,0
14261,3,1,0
14261,4,2,0
14261,5,0,0
14261,5,2,0
14261,6,1,0
14261,6,2,0
14261,7,0,0
14261,7,1,0
14261,7,2,0
14262,1,0,0
14262,2,1,0
14262,3,0,0
14262,3,1,0
14262,4,2,0
14262,5,0,0
14262,5,2,0
14262,6,1,0
14262,6,2,0
14262,7,0,0
14262,7,1,0
14262,7,2,0
14263,1,0,0
14263,2,1,0
14263,3,0,0
14263,3,1,0
14263,4,2,0
14263,5,0,0
14263,5,2,0
14263,6,1,0
14263,6,2,0
14263,7,0,0
14263,7,1,0
14263,7,2,0
14264,1,0,0
14264,2,1,0
14264,3,0,0
14264,3,1,0
14264,4,2,0
14264,5,0,0
14264,5,2,0
14264,6,1,0
14264,6,2,0
14264,7,0,0
14264,7,1,0
14264,7,2,0
14265,1,0,0
14265,2,1,0
14265,3,0,0
14265,3,1,0
14265,4,2,0
14265,5,0,0
14265,5,2,0
14265,6,1,0
14265,6,2,0
14265,7,0,0
14265,7,1,0
14265,7,2,0
14266,1,0,0
14266,2,1,0
14266,3,0,0
14266,3,1,0
14266,4,2,0
14266,5,0,0
14266,5,2,0
14266,6,1,0
14266,6,2,0
14266,7,0,0
14266,7,1,0
14266,7,2,0
14267,1,0,0
14267,2,1,0
14267,3,0,0
14267,3,1,0
14267,4,2,0
14267,5,0,0
14267,5,2,0
14267,6,1,0
14267,6,2,0
14267,7,0,0
14267,7,1,0
14267,7,2,0
14268,1,0,0
14268,2,1,0
14268,3,0,0
14268,3,1,0
14268,4,2,0
14268,5,0,0
14268,5,2,0
14268,6,1,0
14268,6,2,0
14268,7,0,0
14268,7,1,0
14268,7,2,0
14269,1,0,0
14269,2,1,0
14269,3,0,0
14269,3,1,0
14269,4,2,0
14269,5,0,0
14269,5,2,0
14269,6,1,0
14269,6,2,0
14269,7,0,0
14269,7,1,0
14269,7,2,0
14270,1,0,0
14270,2,1,0
14270,3,0,0
14270,3,1,0
14270,4,2,0
14270,5,0,0
14270,5,2,0
14270,6,1,0
14270,6,2,0
14270,7,0,0
14270,7,1,0
14270,7,2,0
14271,1,0,0
14271,2,1,0
14271,3,0,0
14271,3,1,0
14271,4,2,0
14271,5,0,0
14271,5,2,0
14271,6,1,0
14271,6,2,0
14271,7,0,0
14271,7,1,0
14271,7,2,0
14272,1,0,0
14272,2,1,0
14272,3,0,0
14272,3,1,0
14272,4,2,0
14272,5,0,0
14272,5,2,0
14272,6,1,0
14272,6,2,0
14272,7,0,0
14272,7,1,0
14272,7,2,0
14273,1,0,0
14273,2,1,0
14273,3,0,0
14273,3,1,0
14273,4,2,0
14273,5,0,0
14273,5,2,0
14273,6,1,0
14273,6,2,0
14273,7,0,0
14273,7,1,0
14273,7,2,0
14274,1,0,0
14274,2,1,0
14274,3,0,0
14274,3,1,0
14274,4,2,0
14274,5,0,0
14274,5,2,0
14274,6,1,0
14274,6,2,0
14274,7,0,0
14274,7,1,0
14274,7,2,0
14275,1,0,0
14275,2,1,0
14275,3,0,0
14275,3,1,0
14275,4,2,0
14275,5,0,0
14275,5,2,0
14275,6,1,0
14275,6,2,0
14275,7,0,0
14275,7,1,0
14275,7,2,0
14276,1,0,0
14276,2,1,0
14276,3,0,0
14276,3,1,0
14276,4,2,0
14276,5,0,0
14276,5,2,0
14276,6,1,0
14276,6,2,0
14276,7,0,0
14276,7,1,0
14276,7,2,0
14277,1,0,0
14277,2,1,0
14277,3,0,0
14277,3,1,0
14277,4,2,0
14277,5,0,0
14277,5,2,0
14277,6,1,0
14277,6,2,0
14277,7,0,0
14277,7,1,0
14277,7,2,0
14278,1,0,0
14278,2,1,0
14278,3,0,0
14278,3,1,0
14278,4,2,0
14278,5,0,0
14278,5,2,0
14278,6,1,0
14278,6,2,0
14278,7,0,0
14278,7,1,0
14278,7,2,0
14279,1,0,0
14279,2,1,0
14279,3,0,0
14279,3,1,0
14279,4,2,0
14279,5,0,0
14279,5,2,0
14279,6,1,0
14279,6,2,0
14279,7,0,0
14279,7,1,0
14279,7,2,0
14280,1,0,0
14280,2,1,0
14280,3,0,0
14280,3,1,0
14280,4,2,0
14280,5,0,0
14280,5,2,0
14280,6,1,0
14280,6,2,0
14280,7,0,0
14280,7,1,0
14280,7,2,0
14281,1,0,0
14281,2,1,0
14281,3,0,0
14281,3,1,0
14281,4,2,0
14281,5,0,0
14281,5,2,0
14281,6,1,0
14281,6,2,0
14281,7,0,0
14281,7,1,0
14281,7,2,0
14282,1,0,0
14282,2,1,0
14282,3,0,0
14282,3,1,0
14282,4,2,0
14282,5,0,0
14282,5,2,0
14282,6,1,0
14282,6,2,0
14282,7,0,0
14282,7,1,0
14282,7,2,0
14283,1,0,1
14283,2,1,0
14283,3,0,1
14283,3,1,0
14283,4,2,0
14283,5,0,1
14283,5,2,0
14283,6,1,0
14283,6,2,0
14283,7,0,1
14283,7,1,0
14283,7,2,0
14284,1,0,1
14284,2,1,0
14284,3,0,1
14284,3,1,0
14284,4,2,0
14284,5,0,1
14284,5,2,0
14284,6,1,0
14284,6,2,0
14284,7,0,1
14284,7,1,0
14284,7,2,0
14285,1,0,0
14285,2,1,0
14285,3,0,0
14285,3,1,0
14285,4,2,0
14285,5,0,0
14285,5,2,0
14285,6,1,0
14285,6,2,0
14285,7,0,0
14285,7,1,0
14285,7,2,0
14286,1,0,0
14286,2,1,0
14286,3,0,0
14286,3,1,0
14286,4,2,0
14286,5,0,0
14286,5,2,0
14286,6,1,0
14286,6,2,0
14286,7,0,0
14286,7,1,0
14286,7,2,0
14287,1,0,0
14287,2,1,0
14287,3,0,0
14287,3,1,0
14287,4,2,0
14287,5,0,0
14287,5,2,0
14287,6,1,0
14287,6,2,0
14287,7,0,0
14287,7,1,0
14287,7,2,0
14288,1,0,0
14288,2,1,0
14288,3,0,0
14288,3,1,0
14288,4,2,0
14288,5,0,0
14288,5,2,0
14288,6,1,0
14288,6,2,0
14288,7,0,0
14288,7,1,0
14288,7,2,0
14289,1,0,0
14289,2,1,0
14289,3,0,0
14289,3,1,0
14289,4,2,0
14289,5,0,0
14289,5,2,0
14289,6,1,0
14289,6,2,0
14289,7,0,0
14289,7,1,0
14289,7,2,0
14290,1,0,0
14290,2,1,0
14290,3,0,0
14290,3,1,0
14290,4,2,0
14290,5,0,0
14290,5,2,0
14290,6,1,0
14290,6,2,0
14290,7,0,0
14290,7,1,0
14290,7,2,0
14291,1,0,0
14291,2,1,0
14291,3,0,0
14291,3,1,0
14291,4,2,0
14291,5,0,0
14291,5,2,0
14291,6,1,0
14291,6,2,0
14291,7,0,0
14291,7,1,0
14291,7,2,0
14292,1,0,0
14292,2,1,0
14292,3,0,0
14292,3,1,0
14292,4,2,0
14292,5,0,0
14292,5,2,0
14292,6,1,0
14292,6,2,0
14292,7,0,0
14292,7,1,0
14292,7,2,0
14293,1,0,0
14293,2,1,0
14293,3,0,0
14293,3,1,0
14293,4,2,0
14293,5,0,0
14293,5,2,0
14293,6,1,0
14293,6,2,0
14293,7,0,0
14293,7,1,0
14293,7,2,0
14294,1,0,0
14294,2,1,0
14294,3,0,0
14294,3,1,0
14294,4,2,0
14294,5,0,0
14294,5,2,0
14294,6,1,0
14294,6,2,0
14294,7,0,0
14294,7,1,0
14294,7,2,0
14295,1,0,0
14295,2,1,0
14295,3,0,0
14295,3,1,0
14295,4,2,0
14295,5,0,0
14295,5,2,0
14295,6,1,0
14295,6,2,0
14295,7,0,0
14295,7,1,0
14295,7,2,0
14296,1,0,0
14296,2,1,0
14296,3,0,0
14296,3,1,0
14296,4,2,0
14296,5,0,0
14296,5,2,0
14296,6,1,0
14296,6,2,0
14296,7,0,0
14296,7,1,0
14296,7,2,0
14297,1,0,0
14297,2,1,0
14297,3,0,0
14297,3,1,0
14297,4,2,0
14297,5,0,0
14297,5,2,0
14297,6,1,0
14297,6,2,0
14297,7,0,0
14297,7,1,0
14297,7,2,0
14298,1,0,0
14298,2,1,0
14298,3,0,0
14298,3,1,0
14298,4,2,0
14298,5,0,0
14298,5,2,0
14298,6,1,0
14298,6,2,0
14298,7,0,0
14298,7,1,0
14298,7,2,0
14299,1,0,0
14299,2,1,0
14299,3,0,0
14299,3,1,0
14299,4,2,0
14299,5,0,0
14299,5,2,0
14299,6,1,0
14299,6,2,0
14299,7,0,0
14299,7,1,0
14299,7,2,0
14300,1,0,0
14300,2,1,0
14300,3,0,0
14300,3,1,0
14300,4,2,0
14300,5,0,0
14300,5,2,0
14300,6,1,0
14300,6,2,0
14300,7,0,0
14300,7,1,0
14300,7,2,0
14301,1,0,0
14301,2,1,0
14301,3,0,0
14301,3,1,0
14301,4,2,0
14301,5,0,0
14301,5,2,0
14301,6,1,0
14301,6,2,0
14301,7,0,0
14301,7,1,0
14301,7,2,0
14302,1,0,0
14302,2,1,0
14302,3,0,0
14302,3,1,0
14302,4,2,0
14302,5,0,0
14302,5,2,0
14302,6,1,0
14302,6,2,0
14302,7,0,0
14302,7,1,0
14302,7,2,0
14303,1,0,0
14303,2,1,0
14303,3,0,0
14303,3,1,0
14303,4,2,0
14303,5,0,0
14303,5,2,0
14303,6,1,0
14303,6,2,0
14303,7,0,0
14303,7,1,0
14303,7,2,0
14304,1,0,0
14304,2,1,0
14304,3,0,0
14304,3,1,0
14304,4,2,0
14304,5,0,0
14304,5,2,0
14304,6,1,0
14304,6,2,0
14304,7,0,0
14304,7,1,0
14304,7,2,0
14305,1,0,0
14305,2,1,0
14305,3,0,0
14305,3,1,0
14305,4,2,0
14305,5,0,0
14305,5,2,0
14305,6,1,0
14305,6,2,0
14305,7,0,0
14305,7,1,0
14305,7,2,0
14306,1,0,0
14306,2,1,0
14306,3,0,0
14306,3,1,0
14306,4,2,0
14306,5,0,0
14306,5,2,0
14306,6,1,0
14306,6,2,0
14306,7,0,0
14306,7,1,0
14306,7,2,0
14307,1,0,0
14307,2,1,0
14307,3,0,0
14307,3,1,0
14307,4,2,0
14307,5,0,0
14307,5,2,0
14307,6,1,0
14307,6,2,0
14307,7,0,0
14307,7,1,0
14307,7,2,0
14308,1,0,0
14308,2,1,0
14308,3,0,0
14308,3,1,0
14308,4,2,0
14308,5,0,0
14308,5,2,0
14308,6,1,0
14308,6,2,0
14308,7,0,0
14308,7,1,0
14308,7,2,0
14309,1,0,0
14309,2,1,0
14309,3,0,0
14309,3,1,0
14309,4,2,0
14309,5,0,0
14309,5,2,0
14309,6,1,0
14309,6,2,0
14309,7,0,0
14309,7,1,0
14309,7,2,0
14310,1,0,1
14310,2,1,0
14310,3,0,1
14310,3,1,0
14310,4,2,0
14310,5,0,1
14310,5,2,0
14310,6,1,0
14310,6,2,0
14310,7,0,1
14310,7,1,0
14310,7,2,0
14311,1,0,1
14311,2,1,0
14311,3,0,1
14311,3,1,0
14311,4,2,0
14311,5,0,1
14311,5,2,0
14311,6,1,0
14311,6,2,0
14311,7,0,1
14311,7,1,0
14311,7,2,0
14312,1,0,0
14312,2,1,0
14312,3,0,0
14312,3,1,0
14312,4,2,0
14312,5,0,0
14312,5,2,0
14312,6,1,0
14312,6,2,0
14312,7,0,0
14312,7,1,0
14312,7,2,0
14313,1,0,0
14313,2,1,0
14313,3,0,0
14313,3,1,0
14313,4,2,0
14313,5,0,0
14313,5,2,0
14313,6,1,0
14313,6,2,0
14313,7,0,0
14313,7,1,0
14313,7,2,0
14314,1,0,0
14314,2,1,0
14314,3,0,0
14314,3,1,0
14314,4,2,0
14314,5,0,0
14314,5,2,0
14314,6,1,0
14314,6,2,0
14314,7,0,0
14314,7,1,0
14314,7,2,0
14315,1,0,0
14315,2,1,0
14315,3,0,0
14315,3,1,0
14315,4,2,0
14315,5,0,0
14315,5,2,0
14315,6,1,0
14315,6,2,0
14315,7,0,0
14315,7,1,0
14315,7,2,0
14316,1,0,0
14316,2,1,0
14316,3,0,0
14316,3,1,0
14316,4,2,0
14316,5,0,0
14316,5,2,0
14316,6,1,0
14316,6,2,0
14316,7,0,0
14316,7,1,0
14316,7,2,0
14317,1,0,0
14317,2,1,0
14317,3,0,0
14317,3,1,0
14317,4,2,0
14317,5,0,0
14317,5,2,0
14317,6,1,0
14317,6,2,0
14317,7,0,0
14317,7,1,0
14317,7,2,0
14318,1,0,0
14318,2,1,0
14318,3,0,0
14318,3,1,0
14318,4,2,0
14318,5,0,0
14318,5,2,0
14318,6,1,0
14318,6,2,0
14318,7,0,0
14318,7,1,0
14318,7,2,0
14319,1,0,0
14319,2,1,0
14319,3,0,0
14319,3,1,0
14319,4,2,0
14319,5,0,0
14319,5,2,0
14319,6,1,0
14319,6,2,0
14319,7,0,0
14319,7,1,0
14319,7,2,0
14320,1,0,0
14320,2,1,0
14320,3,0,0
14320,3,1,0
14320,4,2,0
14320,5,0,0
14320,5,2,0
14320,6,1,0
14320,6,2,0
14320,7,0,0
14320,7,1,0
14320,7,2,0
14321,1,0,0
14321,2,1,0
14321,3,0,0
14321,3,1,0
14321,4,2,0
14321,5,0,0
14321,5,2,0
14321,6,1,0
14321,6,2,0
14321,7,0,0
14321,7,1,0
14321,7,2,0
14322,1,0,0
14322,2,1,0
14322,3,0,0
14322,3,1,0
14322,4,2,0
14322,5,0,0
14322,5,2,0
14322,6,1,0
14322,6,2,0
14322,7,0,0
14322,7,1,0
14322,7,2,0
14323,1,0,0
14323,2,1,0
14323,3,0,0
14323,3,1,0
14323,4,2,0
14323,5,0,0
14323,5,2,0
14323,6,1,0
14323,6,2,0
14323,7,0,0
14323,7,1,0
14323,7,2,0
14324,1,0,0
14324,2,1,0
14324,3,0,0
14324,3,1,0
14324,4,2,0
14324,5,0,0
14324,5,2,0
14324,6,1,0
14324,6,2,0
14324,7,0,0
14324,7,1,0
14324,7,2,0
14325,1,0,0
14325,2,1,0
14325,3,0,0
14325,3,1,0
14325,4,2,0
14325,5,0,0
14325,5,2,0
14325,6,1,0
14325,6,2,0
14325,7,0,0
14325,7,1,0
14325,7,2,0
14326,1,0,0
14326,2,1,0
14326,3,0,0
14326,3,1,0
14326,4,2,0
14326,5,0,0
14326,5,2,0
14326,6,1,0
14326,6,2,0
14326,7,0,0
14326,7,1,0
14326,7,2,0
14327,1,0,0
14327,2,1,0
14327,3,0,0
14327,3,1,0
14327,4,2,0
14327,5,0,0
14327,5,2,0
14327,6,1,0
14327,6,2,0
14327,7,0,0
14327,7,1,0
14327,7,2,0
14328,1,0,0
14328,2,1,0
14328,3,0,0
14328,3,1,0
14328,4,2,0
14328,5,0,0
14328,5,2,0
14328,6,1,0
14328,6,2,0
14328,7,0,0
14328,7,1,0
14328,7,2,0
14329,1,0,0
14329,2,1,0
14329,3,0,0
14329,3,1,0
14329,4,2,0
14329,5,0,0
14329,5,2,0
14329,6,1,0
14329,6,2,0
14329,7,0,0
14329,7,1,0
14329,7,2,0
14330,1,0,0
14330,2,1,0
14330,3,0,0
14330,3,1,0
14330,4,2,0
14330,5,0,0
14330,5,2,0
14330,6,1,0
14330,6,2,0
14330,7,0,0
14330,7,1,0
14330,7,2,0
14331,1,0,0
14331,2,1,0
14331,3,0,0
14331,3,1,0
14331,4,2,0
14331,5,0,0
14331,5,2,0
14331,6,1,0
14331,6,2,0
14331,7,0,0
14331,7,1,0
14331,7,2,0
14332,1,0,0
14332,2,1,0
14332,3,0,0
14332,3,1,0
14332,4,2,0
14332,5,0,0
14332,5,2,0
14332,6,1,0
14332,6,2,0
14332,7,0,0
14332,7,1,0
14332,7,2,0
14333,1,0,0
14333,2,1,0
14333,3,0,0
14333,3,1,0
14333,4,2,0
14333,5,0,0
14333,5,2,0
14333,6,1,0
14333,6,2,0
14333,7,0,0
14333,7,1,0
14333,7,2,0
14334,1,0,0
14334,2,1,0
14334,3,0,0
14334,3,1,0
14334,4,2,0
14334,5,0,0
14334,5,2,0
14334,6,1,0
14334,6,2,0
14334,7,0,0
14334,7,1,0
14334,7,2,0
14335,1,0,0
14335,2,1,0
14335,3,0,0
14335,3,1,0
14335,4,2,0
14335,5,0,0
14335,5,2,0
14335,6,1,0
14335,6,2,0
14335,7,0,0
14335,7,1,0
14335,7,2,0
14336,1,0,0
14336,2,1,0
14336,3,0,0
14336,3,1,0
14336,4,2,0
14336,5,0,0
14336,5,2,0
14336,6,1,0
14336,6,2,0
14336,7,0,0
14336,7,1,0
14336,7,2,0
14337,1,0,1
14337,2,1,0
14337,3,0,1
14337,3,1,0
14337,4,2,0
14337,5,0,1
14337,5,2,0
14337,6,1,0
14337,6,2,0
14337,7,0,1
14337,7,1,0
14337,7,2,0
14338,1,0,1
14338,2,1,0
14338,3,0,1
14338,3,1,0
14338,4,2,0
14338,5,0,1
14338,5,2,0
14338,6,1,0
14338,6,2,0
14338,7,0,1
14338,7,1,0
14338,7,2,0
14339,1,0,0
14339,2,1,0
14339,3,0,0
14339,3,1,0
14339,4,2,0
14339,5,0,0
14339,5,2,0
14339,6,1,0
14339,6,2,0
14339,7,0,0
14339,7,1,0
14339,7,2,0
14340,1,0,0
14340,2,1,0
14340,3,0,0
14340,3,1,0
14340,4,2,0
14340,5,0,0
14340,5,2,0
14340,6,1,0
14340,6,2,0
14340,7,0,0
14340,7,1,0
14340,7,2,0
14341,1,0,0
14341,2,1,0
14341,3,0,0
14341,3,1,0
14341,4,2,0
14341,5,0,0
14341,5,2,0
14341,6,1,0
14341,6,2,0
14341,7,0,0
14341,7,1,0
14341,7,2,0
14342,1,0,0
14342,2,1,0
14342,3,0,0
14342,3,1,0
14342,4,2,0
14342,5,0,0
14342,5,2,0
14342,6,1,0
14342,6,2,0
14342,7,0,0
14342,7,1,0
14342,7,2,0
14343,1,0,0
14343,2,1,0
14343,3,0,0
14343,3,1,0
14343,4,2,0
14343,5,0,0
14343,5,2,0
14343,6,1,0
14343,6,2,0
14343,7,0,0
14343,7,1,0
14343,7,2,0
14344,1,0,0
14344,2,1,0
14344,3,0,0
14344,3,1,0
14344,4,2,0
14344,5,0,0
14344,5,2,0
14344,6,1,0
14344,6,2,0
14344,7,0,0
14344,7,1,0
14344,7,2,0
14345,1,0,0
14345,2,1,0
14345,3,0,0
14345,3,1,0
14345,4,2,0
14345,5,0,0
14345,5,2,0
14345,6,1,0
14345,6,2,0
14345,7,0,0
14345,7,1,0
14345,7,2,0
14346,1,0,0
14346,2,1,0
14346,3,0,0
14346,3,1,0
14346,4,2,0
14346,5,0,0
14346,5,2,0
14346,6,1,0
14346,6,2,0
14346,7,0,0
14346,7,1,0
14346,7,2,0
14347,1,0,0
14347,2,1,0
14347,3,0,0
14347,3,1,0
14347,4,2,0
14347,5,0,0
14347,5,2,0
14347,6,1,0
14347,6,2,0
14347,7,0,0
14347,7,1,0
14347,7,2,0
14348,1,0,0
14348,2,1,0
14348,3,0,0
14348,3,1,0
14348,4,2,0
14348,5,0,0
14348,5,2,0
14348,6,1,0
14348,6,2,0
14348,7,0,0
14348,7,1,0
14348,7,2,0
14349,1,0,0
14349,2,1,0
14349,3,0,0
14349,3,1,0
14349,4,2,0
14349,5,0,0
14349,5,2,0
14349,6,1,0
14349,6,2,0
14349,7,0,0
14349,7,1,0
14349,7,2,0
14350,1,0,0
14350,2,1,0
14350,3,0,0
14350,3,1,0
14350,4,2,0
14350,5,0,0
14350,5,2,0
14350,6,1,0
14350,6,2,0
14350,7,0,0
14350,7,1,0
14350,7,2,0
14351,1,0,0
14351,2,1,0
14351,3,0,0
14351,3,1,0
14351,4,2,0
14351,5,0,0
14351,5,2,0
14351,6,1,0
14351,6,2,0
14351,7,0,0
14351,7,1,0
14351,7,2,0
14352,1,0,0
14352,2,1,0
14352,3,0,0
14352,3,1,0
14352,4,2,0
14352,5,0,0
14352,5,2,0
14352,6,1,0
14352,6,2,0
14352,7,0,0
14352,7,1,0
14352,7,2,0
14353,1,0,0
14353,2,1,0
14353,3,0,0
14353,3,1,0
14353,4,2,0
14353,5,0,0
14353,5,2,0
14353,6,1,0
14353,6,2,0
14353,7,0,0
14353,7,1,0
14353,7,2,0
14354,1,0,0
14354,2,1,0
14354,3,0,0
14354,3,1,0
14354,4,2,0
14354,5,0,0
14354,5,2,0
14354,6,1,0
14354,6,2,0
14354,7,0,0
14354,7,1,0
14354,7,2,0
14355,1,0,0
14355,2,1,0
14355,3,0,0
14355,3,1,0
14355,4,2,0
14355,5,0,0
14355,5,2,0
14355,6,1,0
14355,6,2,0
14355,7,0,0
14355,7,1,0
14355,7,2,0
14356,1,0,0
14356,2,1,0
14356,3,0,0
14356,3,1,0
14356,4,2,0
14356,5,0,0
14356,5,2,0
14356,6,1,0
14356,6,2,0
14356,7,0,0
14356,7,1,0
14356,7,2,0
14357,1,0,0
14357,2,1,0
14357,3,0,0
14357,3,1,0
14357,4,2,0
14357,5,0,0
14357,5,2,0
14357,6,1,0
14357,6,2,0
14357,7,0,0
14357,7,1,0
14357,7,2,0
14358,1,0,0
14358,2,1,0
14358,3,0,0
14358,3,1,0
14358,4,2,0
14358,5,0,0
14358,5,2,0
14358,6,1,0
14358,6,2,0
14358,7,0,0
14358,7,1,0
14358,7,2,0
14359,1,0,0
14359,2,1,0
14359,3,0,0
14359,3,1,0
14359,4,2,0
14359,5,0,0
14359,5,2,0
14359,6,1,0
14359,6,2,0
14359,7,0,0
14359,7,1,0
14359,7,2,0
14360,1,0,0
14360,2,1,0
14360,3,0,0
14360,3,1,0
14360,4,2,0
14360,5,0,0
14360,5,2,0
14360,6,1,0
14360,6,2,0
14360,7,0,0
14360,7,1,0
14360,7,2,0
14361,1,0,0
14361,2,1,0
14361,3,0,0
14361,3,1,0
14361,4,2,0
14361,5,0,0
14361,5,2,0
14361,6,1,0
14361,6,2,0
14361,7,0,0
14361,7,1,0
14361,7,2,0
14362,1,0,0
14362,2,1,0
14362,3,0,0
14362,3,1,0
14362,4,2,0
14362,5,0,0
14362,5,2,0
14362,6,1,0
14362,6,2,0
14362,7,0,0
14362,7,1,0
14362,7,2,0
14363,1,0,0
14363,2,1,0
14363,3,0,0
14363,3,1,0
14363,4,2,0
14363,5,0,0
14363,5,2,0
14363,6,1,0
14363,6,2,0
14363,7,0,0
14363,7,1,0
14363,7,2,0
14364,1,0,1
14364,2,1,0
14364,3,0,1
14364,3,1,0
14364,4,2,0
14364,5,0,1
14364,5,2,0
14364,6,1,0
14364,6,2,0
14364,7,0,1
14364,7,1,0
14364,7,2,0
14365,1,0,1
14365,2,1,0
14365,3,0,1
14365,3,1,0
14365,4,2,0
14365,5,0,1
14365,5,2,0
14365,6,1,0
14365,6,2,0
14365,7,0,1
14365,7,1,0
14365,7,2,0
14366,1,0,0
14366,2,1,0
14366,3,0,0
14366,3,1,0
14366,4,2,0
14366,5,0,0
14366,5,2,0
14366,6,1,0
14366,6,2,0
14366,7,0,0
14366,7,1,0
14366,7,2,0
14367,1,0,0
14367,2,1,0
14367,3,0,0
14367,3,1,0
14367,4,2,0
14367,5,0,0
14367,5,2,0
14367,6,1,0
14367,6,2,0
14367,7,0,0
14367,7,1,0
14367,7,2,0
14368,1,0,0
14368,2,1,0
14368,3,0,0
14368,3,1,0
14368,4,2,0
14368,5,0,0
14368,5,2,0
14368,6,1,0
14368,6,2,0
14368,7,0,0
14368,7,1,0
14368,7,2,0
14369,1,0,0
14369,2,1,0
14369,3,0,0
14369,3,1,0
14369,4,2,0
14369,5,0,0
14369,5,2,0
14369,6,1,0
14369,6,2,0
14369,7,0,0
14369,7,1,0
14369,7,2,0
14370,1,0,0
14370,2,1,0
14370,3,0,0
14370,3,1,0
14370,4,2,0
14370,5,0,0
14370,5,2,0
14370,6,1,0
14370,6,2,0
14370,7,0,0
14370,7,1,0
14370,7,2,0
14371,1,0,0
14371,2,1,0
14371,3,0,0
14371,3,1,0
14371,4,2,0
14371,5,0,0
14371,5,2,0
14371,6,1,0
14371,6,2,0
14371,7,0,0
14371,7,1,0
14371,7,2,0
14372,1,0,0
14372,2,1,0
14372,3,0,0
14372,3,1,0
14372,4,2,0
14372,5,0,0
14372,5,2,0
14372,6,1,0
14372,6,2,0
14372,7,0,0
14372,7,1,0
14372,7,2,0
14373,1,0,0
14373,2,1,0
14373,3,0,0
14373,3,1,0
14373,4,2,0
14373,5,0,0
14373,5,2,0
14373,6,1,0
14373,6,2,0
14373,7,0,0
14373,7,1,0
14373,7,2,0
14374,1,0,0
14374,2,1,0
14374,3,0,0
14374,3,1,0
14374,4,2,0
14374,5,0,0
14374,5,2,0
14374,6,1,0
14374,6,2,0
14374,7,0,0
14374,7,1,0
14374,7,2,0
14375,1,0,0
14375,2,1,0
14375,3,0,0
14375,3,1,0
14375,4,2,0
14375,5,0,0
14375,5,2,0
14375,6,1,0
14375,6,2,0
14375,7,0,0
14375,7,1,0
14375,7,2,0
14376,1,0,0
14376,2,1,0
14376,3,0,0
14376,3,1,0
14376,4,2,0
14376,5,0,0
14376,5,2,0
14376,6,1,0
14376,6,2,0
14376,7,0,0
14376,7,1,0
14376,7,2,0
14377,1,0,0
14377,2,1,0
14377,3,0,0
14377,3,1,0
14377,4,2,0
14377,5,0,0
14377,5,2,0
14377,6,1,0
14377,6,2,0
14377,7,0,0
14377,7,1,0
14377,7,2,0
14378,1,0,0
14378,2,1,0
14378,3,0,0
14378,3,1,0
14378,4,2,0
14378,5,0,0
14378,5,2,0
14378,6,1,0
14378,6,2,0
14378,7,0,0
14378,7,1,0
14378,7,2,0
14379,1,0,0
14379,2,1,0
14379,3,0,0
14379,3,1,0
14379,4,2,0
14379,5,0,0
14379,5,2,0
14379,6,1,0
14379,6,2,0
14379,7,0,0
14379,7,1,0
14379,7,2,0
14380,1,0,0
14380,2,1,0
14380,3,0,0
14380,3,1,0
14380,4,2,0
14380,5,0,0
14380,5,2,0
14380,6,1,0
14380,6,2,0
14380,7,0,0
14380,7,1,0
14380,7,2,0
14381,1,0,0
14381,2,1,0
14381,3,0,0
14381,3,1,0
14381,4,2,0
14381,5,0,0
14381,5,2,0
14381,6,1,0
14381,6,2,0
14381,7,0,0
14381,7,1,0
14381,7,2,0
14382,1,0,0
14382,2,1,0
14382,3,0,0
14382,3,1,0
14382,4,2,0
14382,5,0,0
14382,5,2,0
14382,6,1,0
14382,6,2,0
14382,7,0,0
14382,7,1,0
14382,7,2,0
14383,1,0,0
14383,2,1,0
14383,3,0,0
14383,3,1,0
14383,4,2,0
14383,5,0,0
14383,5,2,0
14383,6,1,0
14383,6,2,0
14383,7,0,0
14383,7,1,0
14383,7,2,0
14384,1,0,0
14384,2,1,0
14384,3,0,0
14384,3,1,0
14384,4,2,0
14384,5,0,0
14384,5,2,0
14384,6,1,0
14384,6,2,0
14384,7,0,0
14384,7,1,0
14384,7,2,0
14385,1,0,0
14385,2,1,0
14385,3,0,0
14385,3,1,0
14385,4,2,0
14385,5,0,0
14385,5,2,0
14385,6,1,0
14385,6,2,0
14385,7,0,0
14385,7,1,0
14385,7,2,0
14386,1,0,0
14386,2,1,0
14386,3,0,0
14386,3,1,0
14386,4,2,0
14386,5,0,0
14386,5,2,0
14386,6,1,0
14386,6,2,0
14386,7,0,0
14386,7,1,0
14386,7,2,0
14387,1,0,0
14387,2,1,0
14387,3,0,0
14387,3,1,0
14387,4,2,0
14387,5,0,0
14387,5,2,0
14387,6,1,0
14387,6,2,0
14387,7,0,0
14387,7,1,0
14387,7,2,0
14388,1,0,0
14388,2,1,0
14388,3,0,0
14388,3,1,0
14388,4,2,0
14388,5,0,0
14388,5,2,0
14388,6,1,0
14388,6,2,0
14388,7,0,0
14388,7,1,0
14388,7,2,0
14389,1,0,0
14389,2,1,0
14389,3,0,0
14389,3,1,0
14389,4,2,0
14389,5,0,0
14389,5,2,0
14389,6,1,0
14389,6,2,0
14389,7,0,0
14389,7,1,0
14389,7,2,0
14390,1,0,0
14390,2,1,0
14390,3,0,0
14390,3,1,0
14390,4,2,0
14390,5,0,0
14390,5,2,0
14390,6,1,0
14390,6,2,0
14390,7,0,0
14390,7,1,0
14390,7,2,0
14391,1,0,1
14391,2,1,0
14391,3,0,1
14391,3,1,0
14391,4,2,0
14391,5,0,1
14391,5,2,0
14391,6,1,0
14391,6,2,0
14391,7,0,1
14391,7,1,0
14391,7,2,0
14392,1,0,1
14392,2,1,0
14392,3,0,1
14392,3,1,0
14392,4,2,0
14392,5,0,1
14392,5,2,0
14392,6,1,0
14392,6,2,0
14392,7,0,1
14392,7,1,0
14392,7,2,0
14393,1,0,0
14393,2,1,0
14393,3,0,0
14393,3,1,0
14393,4,2,0
14393,5,0,0
14393,5,2,0
14393,6,1,0
14393,6,2,0
14393,7,0,0
14393,7,1,0
14393,7,2,0
14394,1,0,0
14394,2,1,0
14394,3,0,0
14394,3,1,0
14394,4,2,0
14394,5,0,0
14394,5,2,0
14394,6,1,0
14394,6,2,0
14394,7,0,0
14394,7,1,0
14394,7,2,0
14395,1,0,0
14395,2,1,0
14395,3,0,0
14395,3,1,0
14395,4,2,0
14395,5,0,0
14395,5,2,0
14395,6,1,0
14395,6,2,0
14395,7,0,0
14395,7,1,0
14395,7,2,0
14396,1,0,0
14396,2,1,0
14396,3,0,0
14396,3,1,0
14396,4,2,0
14396,5,0,0
14396,5,2,0
14396,6,1,0
14396,6,2,0
14396,7,0,0
14396,7,1,0
14396,7,2,0
14397,1,0,0
14397,2,1,0
14397,3,0,0
14397,3,1,0
14397,4,2,0
14397,5,0,0
14397,5,2,0
14397,6,1,0
14397,6,2,0
14397,7,0,0
14397,7,1,0
14397,7,2,0
14398,1,0,0
14398,2,1,0
14398,3,0,0
14398,3,1,0
14398,4,2,0
14398,5,0,0
14398,5,2,0
14398,6,1,0
14398,6,2,0
14398,7,0,0
14398,7,1,0
14398,7,2,0
14399,1,0,0
14399,2,1,0
14399,3,0,0
14399,3,1,0
14399,4,2,0
14399,5,0,0
14399,5,2,0
14399,6,1,0
14399,6,2,0
14399,7,0,0
14399,7,1,0
14399,7,2,0
14400,1,0,0
14400,2,1,0
14400,3,0,0
14400,3,1,0
14400,4,2,0
14400,5,0,0
14400,5,2,0
14400,6,1,0
14400,6,2,0
14400,7,0,0
14400,7,1,0
14400,7,2,0
14401,1,0,0
14401,2,1,0
14401,3,0,0
14401,3,1,0
14401,4,2,0
14401,5,0,0
14401,5,2,0
14401,6,1,0
14401,6,2,0
14401,7,0,0
14401,7,1,0
14401,7,2,0
14402,1,0,0
14402,2,1,0
14402,3,0,0
14402,3,1,0
14402,4,2,0
14402,5,0,0
14402,5,2,0
14402,6,1,0
14402,6,2,0
14402,7,0,0
14402,7,1,0
14402,7,2,0
14403,1,0,0
14403,2,1,0
14403,3,0,0
14403,3,1,0
14403,4,2,0
14403,5,0,0
14403,5,2,0
14403,6,1,0
14403,6,2,0
14403,7,0,0
14403,7,1,0
14403,7,2,0
14404,1,0,0
14404,2,1,0
14404,3,0,0
14404,3,1,0
14404,4,2,0
14404,5,0,0
14404,5,2,0
14404,6,1,0
14404,6,2,0
14404,7,0,0
14404,7,1,0
14404,7,2,0
14405,1,0,0
14405,2,1,0
14405,3,0,0
14405,3,1,0
14405,4,2,0
14405,5,0,0
14405,5,2,0
14405,6,1,0
14405,6,2,0
14405,7,0,0
14405,7,1,0
14405,7,2,0
14406,1,0,0
14406,2,1,0
14406,3,0,0
14406,3,1,0
14406,4,2,0
14406,5,0,0
14406,5,2,0
14406,6,1,0
14406,6,2,0
14406,7,0,0
14406,7,1,0
14406,7,2,0
14407,1,0,0
14407,2,1,0
14407,3,0,0
14407,3,1,0
14407,4,2,0
14407,5,0,0
14407,5,2,0
14407,6,1,0
14407,6,2,0
14407,7,0,0
14407,7,1,0
14407,7,2,0
14408,1,0,0
14408,2,1,0
14408,3,0,0
14408,3,1,0
14408,4,2,0
14408,5,0,0
14408,5,2,0
14408,6,1,0
14408,6,2,0
14408,7,0,0
14408,7,1,0
14408,7,2,0
14409,1,0,0
14409,2,1,0
14409,3,0,0
14409,3,1,0
14409,4,2,0
14409,5,0,0
14409,5,2,0
14409,6,1,0
14409,6,2,0
14409,7,0,0
14409,7,1,0
14409,7,2,0
14410,1,0,0
14410,2,1,0
14410,3,0,0
14410,3,1,0
14410,4,2,0
14410,5,0,0
14410,5,2,0
14410,6,1,0
14410,6,2,0
14410,7,0,0
14410,7,1,0
14410,7,2,0
14411,1,0,0
14411,2,1,0
14411,3,0,0
14411,3,1,0
14411,4,2,0
14411,5,0,0
14411,5,2,0
14411,6,1,0
14411,6,2,0
14411,7,0,0
14411,7,1,0
14411,7,2,0
14412,1,0,0
14412,2,1,0
14412,3,0,0
14412,3,1,0
14412,4,2,0
14412,5,0,0
14412,5,2,0
14412,6,1,0
14412,6,2,0
14412,7,0,0
14412,7,1,0
14412,7,2,0
14413,1,0,0
14413,2,1,0
14413,3,0,0
14413,3,1,0
14413,4,2,0
14413,5,0,0
14413,5,2,0
14413,6,1,0
14413,6,2,0
14413,7,0,0
14413,7,1,0
14413,7,2,0
14414,1,0,0
14414,2,1,0
14414,3,0,0
14414,3,1,0
14414,4,2,0
14414,5,0,0
14414,5,2,0
14414,6,1,0
14414,6,2,0
14414,7,0,0
14414,7,1,0
14414,7,2,0
14415,1,0,0
14415,2,1,0
14415,3,0,0
14415,3,1,0
14415,4,2,0
14415,5,0,0
14415,5,2,0
14415,6,1,0
14415,6,2,0
14415,7,0,0
14415,7,1,0
14415,7,2,0
14416,1,0,0
14416,2,1,0
14416,3,0,0
14416,3,1,0
14416,4,2,0
14416,5,0,0
14416,5,2,0
14416,6,1,0
14416,6,2,0
14416,7,0,0
14416,7,1,0
14416,7,2,0
14417,1,0,0
14417,2,1,0
14417,3,0,0
14417,3,1,0
14417,4,2,0
14417,5,0,0
14417,5,2,0
14417,6,1,0
14417,6,2,0
14417,7,0,0
14417,7,1,0
14417,7,2,0
14418,1,0,1
14418,2,1,0
14418,3,0,1
14418,3,1,0
14418,4,2,0
14418,5,0,1
14418,5,2,0
14418,6,1,0
14418,6,2,0
14418,7,0,1
14418,7,1,0
14418,7,2,0
14419,1,0,1
14419,2,1,0
14419,3,0,1
14419,3,1,0
14419,4,2,0
14419,5,0,1
14419,5,2,0
14419,6,1,0
14419,6,2,0
14419,7,0,1
14419,7,1,0
14419,7,2,0
14420,1,0,0
14420,2,1,0
14420,3,0,0
14420,3,1,0
14420,4,2,0
14420,5,0,0
14420,5,2,0
14420,6,1,0
14420,6,2,0
14420,7,0,0
14420,7,1,0
14420,7,2,0
14421,1,0,0
14421,2,1,0
14421,3,0,0
14421,3,1,0
14421,4,2,0
14421,5,0,0
14421,5,2,0
14421,6,1,0
14421,6,2,0
14421,7,0,0
14421,7,1,0
14421,7,2,0
14422,1,0,0
14422,2,1,0
14422,3,0,0
14422,3,1,0
14422,4,2,0
14422,5,0,0
14422,5,2,0
14422,6,1,0
14422,6,2,0
14422,7,0,0
14422,7,1,0
14422,7,2,0
14423,1,0,0
14423,2,1,0
14423,3,0,0
14423,3,1,0
14423,4,2,0
14423,5,0,0
14423,5,2,0
14423,6,1,0
14423,6,2,0
14423,7,0,0
14423,7,1,0
14423,7,2,0
14424,1,0,0
14424,2,1,0
14424,3,0,0
14424,3,1,0
14424,4,2,0
14424,5,0,0
14424,5,2,0
14424,6,1,0
14424,6,2,0
14424,7,0,0
14424,7,1,0
14424,7,2,0
14425,1,0,0
14425,2,1,0
14425,3,0,0
14425,3,1,0
14425,4,2,0
14425,5,0,0
14425,5,2,0
14425,6,1,0
14425,6,2,0
14425,7,0,0
14425,7,1,0
14425,7,2,0
14426,1,0,0
14426,2,1,0
14426,3,0,0
14426,3,1,0
14426,4,2,0
14426,5,0,0
14426,5,2,0
14426,6,1,0
14426,6,2,0
14426,7,0,0
14426,7,1,0
14426,7,2,0
14427,1,0,0
14427,2,1,0
14427,3,0,0
14427,3,1,0
14427,4,2,0
14427,5,0,0
14427,5,2,0
14427,6,1,0
14427,6,2,0
14427,7,0,0
14427,7,1,0
14427,7,2,0
14428,1,0,0
14428,2,1,0
14428,3,0,0
14428,3,1,0
14428,4,2,0
14428,5,0,0
14428,5,2,0
14428,6,1,0
14428,6,2,0
14428,7,0,0
14428,7,1,0
14428,7,2,0
14429,1,0,0
14429,2,1,0
14429,3,0,0
14429,3,1,0
14429,4,2,0
14429,5,0,0
14429,5,2,0
14429,6,1,0
14429,6,2,0
14429,7,0,0
14429,7,1,0
14429,7,2,0
14430,1,0,0
14430,2,1,0
14430,3,0,0
14430,3,1,0
14430,4,2,0
14430,5,0,0
14430,5,2,0
14430,6,1,0
14430,6,2,0
14430,7,0,0
14430,7,1,0
14430,7,2,0
14431,1,0,0
14431,2,1,0
14431,3,0,0
14431,3,1,0
14431,4,2,0
14431,5,0,0
14431,5,2,0
14431,6,1,0
14431,6,2,0
14431,7,0,0
14431,7,1,0
14431,7,2,0
14432,1,0,0
14432,2,1,0
14432,3,0,0
14432,3,1,0
14432,4,2,0
14432,5,0,0
14432,5,2,0
14432,6,1,0
14432,6,2,0
14432,7,0,0
14432,7,1,0
14432,7,2,0
14433,1,0,0
14433,2,1,0
14433,3,0,0
14433,3,1,0
14433,4,2,0
14433,5,0,0
14433,5,2,0
14433,6,1,0
14433,6,2,0
14433,7,0,0
14433,7,1,0
14433,7,2,0
14434,1,0,0
14434,2,1,0
14434,3,0,0
14434,3,1,0
14434,4,2,0
14434,5,0,0
14434,5,2,0
14434,6,1,0
14434,6,2,0
14434,7,0,0
14434,7,1,0
14434,7,2,0
14435,1,0,0
14435,2,1,0
14435,3,0,0
14435,3,1,0
14435,4,2,0
14435,5,0,0
14435,5,2,0
14435,6,1,0
14435,6,2,0
14435,7,0,0
14435,7,1,0
14435,7,2,0
14436,1,0,0
14436,2,1,0
14436,3,0,0
14436,3,1,0
14436,4,2,0
14436,5,0,0
14436,5,2,0
14436,6,1,0
14436,6,2,0
14436,7,0,0
14436,7,1,0
14436,7,2,0
14437,1,0,0
14437,2,1,0
14437,3,0,0
14437,3,1,0
14437,4,2,0
14437,5,0,0
14437,5,2,0
14437,6,1,0
14437,6,2,0
14437,7,0,0
14437,7,1,0
14437,7,2,0
14438,1,0,0
14438,2,1,0
14438,3,0,0
14438,3,1,0
14438,4,2,0
14438,5,0,0
14438,5,2,0
14438,6,1,0
14438,6,2,0
14438,7,0,0
14438,7,1,0
14438,7,2,0
14439,1,0,0
14439,2,1,0
14439,3,0,0
14439,3,1,0
14439,4,2,0
14439,5,0,0
14439,5,2,0
14439,6,1,0
14439,6,2,0
14439,7,0,0
14439,7,1,0
14439,7,2,0
14440,1,0,0
14440,2,1,0
14440,3,0,0
14440,3,1,0
14440,4,2,0
14440,5,0,0
14440,5,2,0
14440,6,1,0
14440,6,2,0
14440,7,0,0
14440,7,1,0
14440,7,2,0
14441,1,0,0
14441,2,1,0
14441,3,0,0
14441,3,1,0
14441,4,2,0
14441,5,0,0
14441,5,2,0
14441,6,1,0
14441,6,2,0
14441,7,0,0
14441,7,1,0
14441,7,2,0
14442,1,0,0
14442,2,1,0
14442,3,0,0
14442,3,1,0
14442,4,2,0
14442,5,0,0
14442,5,2,0
14442,6,1,0
14442,6,2,0
14442,7,0,0
14442,7,1,0
14442,7,2,0
14443,1,0,0
14443,2,1,0
14443,3,0,0
14443,3,1,0
14443,4,2,0
14443,5,0,0
14443,5,2,0
14443,6,1,0
14443,6,2,0
14443,7,0,0
14443,7,1,0
14443,7,2,0
14444,1,0,0
14444,2,1,0
14444,3,0,0
14444,3,1,0
14444,4,2,0
14444,5,0,0
14444,5,2,0
14444,6,1,0
14444,6,2,0
14444,7,0,0
14444,7,1,0
14444,7,2,0
14445,1,0,1
14445,2,1,0
14445,3,0,1
14445,3,1,0
14445,4,2,0
14445,5,0,1
14445,5,2,0
14445,6,1,0
14445,6,2,0
14445,7,0,1
14445,7,1,0
14445,7,2,0
14446,1,0,1
14446,2,1,0
14446,3,0,1
14446,3,1,0
14446,4,2,0
14446,5,0,1
14446,5,2,0
14446,6,1,0
14446,6,2,0
14446,7,0,1
14446,7,1,0
14446,7,2,0
14447,1,0,0
14447,2,1,0
14447,3,0,0
14447,3,1,0
14447,4,2,0
14447,5,0,0
14447,5,2,0
14447,6,1,0
14447,6,2,0
14447,7,0,0
14447,7,1,0
14447,7,2,0
14448,1,0,0
14448,2,1,0
14448,3,0,0
14448,3,1,0
14448,4,2,0
14448,5,0,0
14448,5,2,0
14448,6,1,0
14448,6,2,0
14448,7,0,0
14448,7,1,0
14448,7,2,0
14449,1,0,0
14449,2,1,0
14449,3,0,0
14449,3,1,0
14449,4,2,0
14449,5,0,0
14449,5,2,0
14449,6,1,0
14449,6,2,0
14449,7,0,0
14449,7,1,0
14449,7,2,0
14450,1,0,0
14450,2,1,0
14450,3,0,0
14450,3,1,0
14450,4,2,0
14450,5,0,0
14450,5,2,0
14450,6,1,0
14450,6,2,0
14450,7,0,0
14450,7,1,0
14450,7,2,0
14451,1,0,0
14451,2,1,0
14451,3,0,0
14451,3,1,0
14451,4,2,0
14451,5,0,0
14451,5,2,0
14451,6,1,0
14451,6,2,0
14451,7,0,0
14451,7,1,0
14451,7,2,0
14452,1,0,0
14452,2,1,0
14452,3,0,0
14452,3,1,0
14452,4,2,0
14452,5,0,0
14452,5,2,0
14452,6,1,0
14452,6,2,0
14452,7,0,0
14452,7,1,0
14452,7,2,0
14453,1,0,0
14453,2,1,0
14453,3,0,0
14453,3,1,0
14453,4,2,0
14453,5,0,0
14453,5,2,0
14453,6,1,0
14453,6,2,0
14453,7,0,0
14453,7,1,0
14453,7,2,0
14454,1,0,0
14454,2,1,0
14454,3,0,0
14454,3,1,0
14454,4,2,0
14454,5,0,0
14454,5,2,0
14454,6,1,0
14454,6,2,0
14454,7,0,0
14454,7,1,0
14454,7,2,0
14455,1,0,0
14455,2,1,0
14455,3,0,0
14455,3,1,0
14455,4,2,0
14455,5,0,0
14455,5,2,0
14455,6,1,0
14455,6,2,0
14455,7,0,0
14455,7,1,0
14455,7,2,0
14456,1,0,0
14456,2,1,0
14456,3,0,0
14456,3,1,0
14456,4,2,0
14456,5,0,0
14456,5,2,0
14456,6,1,0
14456,6,2,0
14456,7,0,0
14456,7,1,0
14456,7,2,0
14457,1,0,0
14457,2,1,0
14457,3,0,0
14457,3,1,0
14457,4,2,0
14457,5,0,0
14457,5,2,0
14457,6,1,0
14457,6,2,0
14457,7,0,0
14457,7,1,0
14457,7,2,0
14458,1,0,0
14458,2,1,0
14458,3,0,0
14458,3,1,0
14458,4,2,0
14458,5,0,0
14458,5,2,0
14458,6,1,0
14458,6,2,0
14458,7,0,0
14458,7,1,0
14458,7,2,0
14459,1,0,0
14459,2,1,0
14459,3,0,0
14459,3,1,0
14459,4,2,0
14459,5,0,0
14459,5,2,0
14459,6,1,0
14459,6,2,0
14459,7,0,0
14459,7,1,0
14459,7,2,0
14460,1,0,0
14460,2,1,0
14460,3,0,0
14460,3,1,0
14460,4,2,0
14460,5,0,0
14460,5,2,0
14460,6,1,0
14460,6,2,0
14460,7,0,0
14460,7,1,0
14460,7,2,0
14461,1,0,0
14461,2,1,0
14461,3,0,0
14461,3,1,0
14461,4,2,0
14461,5,0,0
14461,5,2,0
14461,6,1,0
14461,6,2,0
14461,7,0,0
14461,7,1,0
14461,7,2,0
14462,1,0,0
14462,2,1,0
14462,3,0,0
14462,3,1,0
14462,4,2,0
14462,5,0,0
14462,5,2,0
14462,6,1,0
14462,6,2,0
14462,7,0,0
14462,7,1,0
14462,7,2,0
14463,1,0,0
14463,2,1,0
14463,3,0,0
14463,3,1,0
14463,4,2,0
14463,5,0,0
14463,5,2,0
14463,6,1,0
14463,6,2,0
14463,7,0,0
14463,7,1,0
14463,7,2,0
14464,1,0,0
14464,2,1,0
14464,3,0,0
14464,3,1,0
14464,4,2,0
14464,5,0,0
14464,5,2,0
14464,6,1,0
14464,6,2,0
14464,7,0,0
14464,7,1,0
14464,7,2,0
14465,1,0,0
14465,2,1,0
14465,3,0,0
14465,3,1,0
14465,4,2,0
14465,5,0,0
14465,5,2,0
14465,6,1,0
14465,6,2,0
14465,7,0,0
14465,7,1,0
14465,7,2,0
14466,1,0,0
14466,2,1,0
14466,3,0,0
14466,3,1,0
14466,4,2,0
14466,5,0,0
14466,5,2,0
14466,6,1,0
14466,6,2,0
14466,7,0,0
14466,7,1,0
14466,7,2,0
14467,1,0,0
14467,2,1,0
14467,3,0,0
14467,3,1,0
14467,4,2,0
14467,5,0,0
14467,5,2,0
14467,6,1,0
14467,6,2,0
14467,7,0,0
14467,7,1,0
14467,7,2,0
14468,1,0,0
14468,2,1,0
14468,3,0,0
14468,3,1,0
14468,4,2,0
14468,5,0,0
14468,5,2,0
14468,6,1,0
14468,6,2,0
14468,7,0,0
14468,7,1,0
14468,7,2,0
14469,1,0,0
14469,2,1,0
14469,3,0,0
14469,3,1,0
14469,4,2,0
14469,5,0,0
14469,5,2,0
14469,6,1,0
14469,6,2,0
14469,7,0,0
14469,7,1,0
14469,7,2,0
14470,1,0,0
14470,2,1,0
14470,3,0,0
14470,3,1,0
14470,4,2,0
14470,5,0,0
14470,5,2,0
14470,6,1,0
14470,6,2,0
14470,7,0,0
14470,7,1,0
14470,7,2,0
14471,1,0,0
14471,2,1,0
14471,3,0,0
14471,3,1,0
14471,4,2,0
14471,5,0,0
14471,5,2,0
14471,6,1,0
14471,6,2,0
14471,7,0,0
14471,7,1,0
14471,7,2,0
14472,1,0,1
14472,2,1,0
14472,3,0,1
14472,3,1,0
14472,4,2,0
14472,5,0,1
14472,5,2,0
14472,6,1,0
14472,6,2,0
14472,7,0,1
14472,7,1,0
14472,7,2,0
14473,1,0,1
14473,2,1,0
14473,3,0,1
14473,3,1,0
14473,4,2,0
14473,5,0,1
14473,5,2,0
14473,6,1,0
14473,6,2,0
14473,7,0,1
14473,7,1,0
14473,7,2,0
14474,1,0,0
14474,2,1,0
14474,3,0,0
14474,3,1,0
14474,4,2,0
14474,5,0,0
14474,5,2,0
14474,6,1,0
14474,6,2,0
14474,7,0,0
14474,7,1,0
14474,7,2,0
14475,1,0,0
14475,2,1,0
14475,3,0,0
14475,3,1,0
14475,4,2,0
14475,5,0,0
14475,5,2,0
14475,6,1,0
14475,6,2,0
14475,7,0,0
14475,7,1,0
14475,7,2,0
14476,1,0,0
14476,2,1,0
14476,3,0,0
14476,3,1,0
14476,4,2,0
14476,5,0,0
14476,5,2,0
14476,6,1,0
14476,6,2,0
14476,7,0,0
14476,7,1,0
14476,7,2,0
14477,1,0,0
14477,2,1,0
14477,3,0,0
14477,3,1,0
14477,4,2,0
14477,5,0,0
14477,5,2,0
14477,6,1,0
14477,6,2,0
14477,7,0,0
14477,7,1,0
14477,7,2,0
14478,1,0,0
14478,2,1,0
14478,3,0,0
14478,3,1,0
14478,4,2,0
14478,5,0,0
14478,5,2,0
14478,6,1,0
14478,6,2,0
14478,7,0,0
14478,7,1,0
14478,7,2,0
14479,1,0,0
14479,2,1,0
14479,3,0,0
14479,3,1,0
14479,4,2,0
14479,5,0,0
14479,5,2,0
14479,6,1,0
14479,6,2,0
14479,7,0,0
14479,7,1,0
14479,7,2,0
14480,1,0,0
14480,2,1,0
14480,3,0,0
14480,3,1,0
14480,4,2,0
14480,5,0,0
14480,5,2,0
14480,6,1,0
14480,6,2,0
14480,7,0,0
14480,7,1,0
14480,7,2,0
14481,1,0,0
14481,2,1,0
14481,3,0,0
14481,3,1,0
14481,4,2,0
14481,5,0,0
14481,5,2,0
14481,6,1,0
14481,6,2,0
14481,7,0,0
14481,7,1,0
14481,7,2,0
14482,1,0,0
14482,2,1,0
14482,3,0,0
14482,3,1,0
14482,4,2,0
14482,5,0,0
14482,5,2,0
14482,6,1,0
14482,6,2,0
14482,7,0,0
14482,7,1,0
14482,7,2,0
14483,1,0,0
14483,2,1,0
14483,3,0,0
14483,3,1,0
14483,4,2,0
14483,5,0,0
14483,5,2,0
14483,6,1,0
14483,6,2,0
14483,7,0,0
14483,7,1,0
14483,7,2,0
14484,1,0,0
14484,2,1,0
14484,3,0,0
14484,3,1,0
14484,4,2,0
14484,5,0,0
14484,5,2,0
14484,6,1,0
14484,6,2,0
14484,7,0,0
14484,7,1,0
14484,7,2,0
14485,1,0,0
14485,2,1,0
14485,3,0,0
14485,3,1,0
14485,4,2,0
14485,5,0,0
14485,5,2,0
14485,6,1,0
14485,6,2,0
14485,7,0,0
14485,7,1,0
14485,7,2,0
14486,1,0,0
14486,2,1,0
14486,3,0,0
14486,3,1,0
14486,4,2,0
14486,5,0,0
14486,5,2,0
14486,6,1,0
14486,6,2,0
14486,7,0,0
14486,7,1,0
14486,7,2,0
14487,1,0,0
14487,2,1,0
14487,3,0,0
14487,3,1,0
14487,4,2,0
14487,5,0,0
14487,5,2,0
14487,6,1,0
14487,6,2,0
14487,7,0,0
14487,7,1,0
14487,7,2,0
14488,1,0,0
14488,2,1,0
14488,3,0,0
14488,3,1,0
14488,4,2,0
14488,5,0,0
14488,5,2,0
14488,6,1,0
14488,6,2,0
14488,7,0,0
14488,7,1,0
14488,7,2,0
14489,1,0,0
14489,2,1,0
14489,3,0,0
14489,3,1,0
14489,4,2,0
14489,5,0,0
14489,5,2,0
14489,6,1,0
14489,6,2,0
14489,7,0,0
14489,7,1,0
14489,7,2,0
14490,1,0,0
14490,2,1,0
14490,3,0,0
14490,3,1,0
14490,4,2,0
14490,5,0,0
14490,5,2,0
14490,6,1,0
14490,6,2,0
14490,7,0,0
14490,7,1,0
14490,7,2,0
14491,1,0,0
14491,2,1,0
14491,3,0,0
14491,3,1,0
14491,4,2,0
14491,5,0,0
14491,5,2,0
14491,6,1,0
14491,6,2,0
14491,7,0,0
14491,7,1,0
14491,7,2,0
14492,1,0,0
14492,2,1,0
14492,3,0,0
14492,3,1,0
14492,4,2,0
14492,5,0,0
14492,5,2,0
14492,6,1,0
14492,6,2,0
14492,7,0,0
14492,7,1,0
14492,7,2,0
14493,1,0,0
14493,2,1,0
14493,3,0,0
14493,3,1,0
14493,4,2,0
14493,5,0,0
14493,5,2,0
14493,6,1,0
14493,6,2,0
14493,7,0,0
14493,7,1,0
14493,7,2,0
14494,1,0,0
14494,2,1,0
14494,3,0,0
14494,3,1,0
14494,4,2,0
14494,5,0,0
14494,5,2,0
14494,6,1,0
14494,6,2,0
14494,7,0,0
14494,7,1,0
14494,7,2,0
14495,1,0,0
14495,2,1,0
14495,3,0,0
14495,3,1,0
14495,4,2,0
14495,5,0,0
14495,5,2,0
14495,6,1,0
14495,6,2,0
14495,7,0,0
14495,7,1,0
14495,7,2,0
14496,1,0,0
14496,2,1,0
14496,3,0,0
14496,3,1,0
14496,4,2,0
14496,5,0,0
14496,5,2,0
14496,6,1,0
14496,6,2,0
14496,7,0,0
14496,7,1,0
14496,7,2,0
14497,1,0,0
14497,2,1,0
14497,3,0,0
14497,3,1,0
14497,4,2,0
14497,5,0,0
14497,5,2,0
14497,6,1,0
14497,6,2,0
14497,7,0,0
14497,7,1,0
14497,7,2,0
14498,1,0,0
14498,2,1,0
14498,3,0,0
14498,3,1,0
14498,4,2,0
14498,5,0,0
14498,5,2,0
14498,6,1,0
14498,6,2,0
14498,7,0,0
14498,7,1,0
14498,7,2,0
14499,1,0,1
14499,2,1,0
14499,3,0,1
14499,3,1,0
14499,4,2,0
14499,5,0,1
14499,5,2,0
14499,6,1,0
14499,6,2,0
14499,7,0,1
14499,7,1,0
14499,7,2,0
14500,1,0,1
14500,2,1,0
14500,3,0,1
14500,3,1,0
14500,4,2,0
14500,5,0,1
14500,5,2,0
14500,6,1,0
14500,6,2,0
14500,7,0,1
14500,7,1,0
14500,7,2,0
14501,1,0,0
14501,2,1,0
14501,3,0,0
14501,3,1,0
14501,4,2,0
14501,5,0,0
14501,5,2,0
14501,6,1,0
14501,6,2,0
14501,7,0,0
14501,7,1,0
14501,7,2,0
14502,1,0,0
14502,2,1,0
14502,3,0,0
14502,3,1,0
14502,4,2,0
14502,5,0,0
14502,5,2,0
14502,6,1,0
14502,6,2,0
14502,7,0,0
14502,7,1,0
14502,7,2,0
14503,1,0,0
14503,2,1,0
14503,3,0,0
14503,3,1,0
14503,4,2,0
14503,5,0,0
14503,5,2,0
14503,6,1,0
14503,6,2,0
14503,7,0,0
14503,7,1,0
14503,7,2,0
14504,1,0,0
14504,2,1,0
14504,3,0,0
14504,3,1,0
14504,4,2,0
14504,5,0,0
14504,5,2,0
14504,6,1,0
14504,6,2,0
14504,7,0,0
14504,7,1,0
14504,7,2,0
14505,1,0,0
14505,2,1,0
14505,3,0,0
14505,3,1,0
14505,4,2,0
14505,5,0,0
14505,5,2,0
14505,6,1,0
14505,6,2,0
14505,7,0,0
14505,7,1,0
14505,7,2,0
14506,1,0,0
14506,2,1,0
14506,3,0,0
14506,3,1,0
14506,4,2,0
14506,5,0,0
14506,5,2,0
14506,6,1,0
14506,6,2,0
14506,7,0,0
14506,7,1,0
14506,7,2,0
14507,1,0,0
14507,2,1,0
14507,3,0,0
14507,3,1,0
14507,4,2,0
14507,5,0,0
14507,5,2,0
14507,6,1,0
14507,6,2,0
14507,7,0,0
14507,7,1,0
14507,7,2,0
14508,1,0,0
14508,2,1,0
14508,3,0,0
14508,3,1,0
14508,4,2,0
14508,5,0,0
14508,5,2,0
14508,6,1,0
14508,6,2,0
14508,7,0,0
14508,7,1,0
14508,7,2,0
14509,1,0,0
14509,2,1,0
14509,3,0,0
14509,3,1,0
14509,4,2,0
14509,5,0,0
14509,5,2,0
14509,6,1,0
14509,6,2,0
14509,7,0,0
14509,7,1,0
14509,7,2,0
14510,1,0,0
14510,2,1,0
14510,3,0,0
14510,3,1,0
14510,4,2,0
14510,5,0,0
14510,5,2,0
14510,6,1,0
14510,6,2,0
14510,7,0,0
14510,7,1,0
14510,7,2,0
14511,1,0,0
14511,2,1,0
14511,3,0,0
14511,3,1,0
14511,4,2,0
14511,5,0,0
14511,5,2,0
14511,6,1,0
14511,6,2,0
14511,7,0,0
14511,7,1,0
14511,7,2,0
14512,1,0,0
14512,2,1,0
14512,3,0,0
14512,3,1,0
14512,4,2,0
14512,5,0,0
14512,5,2,0
14512,6,1,0
14512,6,2,0
14512,7,0,0
14512,7,1,0
14512,7,2,0
14513,1,0,0
14513,2,1,0
14513,3,0,0
14513,3,1,0
14513,4,2,0
14513,5,0,0
14513,5,2,0
14513,6,1,0
14513,6,2,0
14513,7,0,0
14513,7,1,0
14513,7,2,0
14514,1,0,0
14514,2,1,0
14514,3,0,0
14514,3,1,0
14514,4,2,0
14514,5,0,0
14514,5,2,0
14514,6,1,0
14514,6,2,0
14514,7,0,0
14514,7,1,0
14514,7,2,0
14515,1,0,0
14515,2,1,0
14515,3,0,0
14515,3,1,0
14515,4,2,0
14515,5,0,0
14515,5,2,0
14515,6,1,0
14515,6,2,0
14515,7,0,0
14515,7,1,0
14515,7,2,0
14516,1,0,0
14516,2,1,0
14516,3,0,0
14516,3,1,0
14516,4,2,0
14516,5,0,0
14516,5,2,0
14516,6,1,0
14516,6,2,0
14516,7,0,0
14516,7,1,0
14516,7,2,0
14517,1,0,0
14517,2,1,0
14517,3,0,0
14517,3,1,0
14517,4,2,0
14517,5,0,0
14517,5,2,0
14517,6,1,0
14517,6,2,0
14517,7,0,0
14517,7,1,0
14517,7,2,0
14518,1,0,0
14518,2,1,0
14518,3,0,0
14518,3,1,0
14518,4,2,0
14518,5,0,0
14518,5,2,0
14518,6,1,0
14518,6,2,0
14518,7,0,0
14518,7,1,0
14518,7,2,0
14519,1,0,0
14519,2,1,0
14519,3,0,0
14519,3,1,0
14519,4,2,0
14519,5,0,0
14519,5,2,0
14519,6,1,0
14519,6,2,0
14519,7,0,0
14519,7,1,0
14519,7,2,0
14520,1,0,0
14520,2,1,0
14520,3,0,0
14520,3,1,0
14520,4,2,0
14520,5,0,0
14520,5,2,0
14520,6,1,0
14520,6,2,0
14520,7,0,0
14520,7,1,0
14520,7,2,0
14521,1,0,0
14521,2,1,0
14521,3,0,0
14521,3,1,0
14521,4,2,0
14521,5,0,0
14521,5,2,0
14521,6,1,0
14521,6,2,0
14521,7,0,0
14521,7,1,0
14521,7,2,0
14522,1,0,0
14522,2,1,0
14522,3,0,0
14522,3,1,0
14522,4,2,0
14522,5,0,0
14522,5,2,0
14522,6,1,0
14522,6,2,0
14522,7,0,0
14522,7,1,0
14522,7,2,0
14523,1,0,0
14523,2,1,0
14523,3,0,0
14523,3,1,0
14523,4,2,0
14523,5,0,0
14523,5,2,0
14523,6,1,0
14523,6,2,0
14523,7,0,0
14523,7,1,0
14523,7,2,0
14524,1,0,0
14524,2,1,0
14524,3,0,0
14524,3,1,0
14524,4,2,0
14524,5,0,0
14524,5,2,0
14524,6,1,0
14524,6,2,0
14524,7,0,0
14524,7,1,0
14524,7,2,0
14525,1,0,0
14525,2,1,0
14525,3,0,0
14525,3,1,0
14525,4,2,0
14525,5,0,0
14525,5,2,0
14525,6,1,0
14525,6,2,0
14525,7,0,0
14525,7,1,0
14525,7,2,0
14526,1,0,1
14526,2,1,0
14526,3,0,1
14526,3,1,0
14526,4,2,0
14526,5,0,1
14526,5,2,0
14526,6,1,0
14526,6,2,0
14526,7,0,1
14526,7,1,0
14526,7,2,0
14527,1,0,1
14527,2,1,0
14527,3,0,1
14527,3,1,0
14527,4,2,0
14527,5,0,1
14527,5,2,0
14527,6,1,0
14527,6,2,0
14527,7,0,1
14527,7,1,0
14527,7,2,0
14528,1,0,0
14528,2,1,0
14528,3,0,0
14528,3,1,0
14528,4,2,0
14528,5,0,0
14528,5,2,0
14528,6,1,0
14528,6,2,0
14528,7,0,0
14528,7,1,0
14528,7,2,0
14529,1,0,0
14529,2,1,0
14529,3,0,0
14529,3,1,0
14529,4,2,0
14529,5,0,0
14529,5,2,0
14529,6,1,0
14529,6,2,0
14529,7,0,0
14529,7,1,0
14529,7,2,0
14530,1,0,0
14530,2,1,0
14530,3,0,0
14530,3,1,0
14530,4,2,0
14530,5,0,0
14530,5,2,0
14530,6,1,0
14530,6,2,0
14530,7,0,0
14530,7,1,0
14530,7,2,0
14531,1,0,0
14531,2,1,0
14531,3,0,0
14531,3,1,0
14531,4,2,0
14531,5,0,0
14531,5,2,0
14531,6,1,0
14531,6,2,0
14531,7,0,0
14531,7,1,0
14531,7,2,0
14532,1,0,0
14532,2,1,0
14532,3,0,0
14532,3,1,0
14532,4,2,0
14532,5,0,0
14532,5,2,0
14532,6,1,0
14532,6,2,0
14532,7,0,0
14532,7,1,0
14532,7,2,0
14533,1,0,0
14533,2,1,0
14533,3,0,0
14533,3,1,0
14533,4,2,0
14533,5,0,0
14533,5,2,0
14533,6,1,0
14533,6,2,0
14533,7,0,0
14533,7,1,0
14533,7,2,0
14534,1,0,0
14534,2,1,0
14534,3,0,0
14534,3,1,0
14534,4,2,0
14534,5,0,0
14534,5,2,0
14534,6,1,0
14534,6,2,0
14534,7,0,0
14534,7,1,0
14534,7,2,0
14535,1,0,0
14535,2,1,0
14535,3,0,0
14535,3,1,0
14535,4,2,0
14535,5,0,0
14535,5,2,0
14535,6,1,0
14535,6,2,0
14535,7,0,0
14535,7,1,0
14535,7,2,0
14536,1,0,0
14536,2,1,0
14536,3,0,0
14536,3,1,0
14536,4,2,0
14536,5,0,0
14536,5,2,0
14536,6,1,0
14536,6,2,0
14536,7,0,0
14536,7,1,0
14536,7,2,0
14537,1,0,0
14537,2,1,0
14537,3,0,0
14537,3,1,0
14537,4,2,0
14537,5,0,0
14537,5,2,0
14537,6,1,0
14537,6,2,0
14537,7,0,0
14537,7,1,0
14537,7,2,0
14538,1,0,0
14538,2,1,0
14538,3,0,0
14538,3,1,0
14538,4,2,0
14538,5,0,0
14538,5,2,0
14538,6,1,0
14538,6,2,0
14538,7,0,0
14538,7,1,0
14538,7,2,0
14539,1,0,0
14539,2,1,0
14539,3,0,0
14539,3,1,0
14539,4,2,0
14539,5,0,0
14539,5,2,0
14539,6,1,0
14539,6,2,0
14539,7,0,0
14539,7,1,0
14539,7,2,0
14540,1,0,0
14540,2,1,0
14540,3,0,0
14540,3,1,0
14540,4,2,0
14540,5,0,0
14540,5,2,0
14540,6,1,0
14540,6,2,0
14540,7,0,0
14540,7,1,0
14540,7,2,0
14541,1,0,0
14541,2,1,0
14541,3,0,0
14541,3,1,0
14541,4,2,0
14541,5,0,0
14541,5,2,0
14541,6,1,0
14541,6,2,0
14541,7,0,0
14541,7,1,0
14541,7,2,0
14542,1,0,0
14542,2,1,0
14542,3,0,0
14542,3,1,0
14542,4,2,0
14542,5,0,0
14542,5,2,0
14542,6,1,0
14542,6,2,0
14542,7,0,0
14542,7,1,0
14542,7,2,0
14543,1,0,0
14543,2,1,0
14543,3,0,0
14543,3,1,0
14543,4,2,0
14543,5,0,0
14543,5,2,0
14543,6,1,0
14543,6,2,0
14543,7,0,0
14543,7,1,0
14543,7,2,0
14544,1,0,0
14544,2,1,0
14544,3,0,0
14544,3,1,0
14544,4,2,0
14544,5,0,0
14544,5,2,0
14544,6,1,0
14544,6,2,0
14544,7,0,0
14544,7,1,0
14544,7,2,0
14545,1,0,0
14545,2,1,0
14545,3,0,0
14545,3,1,0
14545,4,2,0
14545,5,0,0
14545,5,2,0
14545,6,1,0
14545,6,2,0
14545,7,0,0
14545,7,1,0
14545,7,2,0
14546,1,0,0
14546,2,1,0
14546,3,0,0
14546,3,1,0
14546,4,2,0
14546,5,0,0
14546,5,2,0
14546,6,1,0
14546,6,2,0
14546,7,0,0
14546,7,1,0
14546,7,2,0
14547,1,0,0
14547,2,1,0
14547,3,0,0
14547,3,1,0
14547,4,2,0
14547,5,0,0
14547,5,2,0
14547,6,1,0
14547,6,2,0
14547,7,0,0
14547,7,1,0
14547,7,2,0
14548,1,0,0
14548,2,1,0
14548,3,0,0
14548,3,1,0
14548,4,2,0
14548,5,0,0
14548,5,2,0
14548,6,1,0
14548,6,2,0
14548,7,0,0
14548,7,1,0
14548,7,2,0
14549,1,0,0
14549,2,1,0
14549,3,0,0
14549,3,1,0
14549,4,2,0
14549,5,0,0
14549,5,2,0
14549,6,1,0
14549,6,2,0
14549,7,0,0
14549,7,1,0
14549,7,2,0
14550,1,0,0
14550,2,1,0
14550,3,0,0
14550,3,1,0
14550,4,2,0
14550,5,0,0
14550,5,2,0
14550,6,1,0
14550,6,2,0
14550,7,0,0
14550,7,1,0
14550,7,2,0
14551,1,0,0
14551,2,1,0
14551,3,0,0
14551,3,1,0
14551,4,2,0
14551,5,0,0
14551,5,2,0
14551,6,1,0
14551,6,2,0
14551,7,0,0
14551,7,1,0
14551,7,2,0
14552,1,0,0
14552,2,1,0
14552,3,0,0
14552,3,1,0
14552,4,2,0
14552,5,0,0
14552,5,2,0
14552,6,1,0
14552,6,2,0
14552,7,0,0
14552,7,1,0
14552,7,2,0
14553,1,0,1
14553,2,1,0
14553,3,0,1
14553,3,1,0
14553,4,2,0
14553,5,0,1
14553,5,2,0
14553,6,1,0
14553,6,2,0
14553,7,0,1
14553,7,1,0
14553,7,2,0
14554,1,0,1
14554,2,1,0
14554,3,0,1
14554,3,1,0
14554,4,2,0
14554,5,0,1
14554,5,2,0
14554,6,1,0
14554,6,2,0
14554,7,0,1
14554,7,1,0
14554,7,2,0
14555,1,0,0
14555,2,1,0
14555,3,0,0
14555,3,1,0
14555,4,2,0
14555,5,0,0
14555,5,2,0
14555,6,1,0
14555,6,2,0
14555,7,0,0
14555,7,1,0
14555,7,2,0
14556,1,0,0
14556,2,1,0
14556,3,0,0
14556,3,1,0
14556,4,2,0
14556,5,0,0
14556,5,2,0
14556,6,1,0
14556,6,2,0
14556,7,0,0
14556,7,1,0
14556,7,2,0
14557,1,0,0
14557,2,1,0
14557,3,0,0
14557,3,1,0
14557,4,2,0
14557,5,0,0
14557,5,2,0
14557,6,1,0
14557,6,2,0
14557,7,0,0
14557,7,1,0
14557,7,2,0
14558,1,0,0
14558,2,1,0
14558,3,0,0
14558,3,1,0
14558,4,2,0
14558,5,0,0
14558,5,2,0
14558,6,1,0
14558,6,2,0
14558,7,0,0
14558,7,1,0
14558,7,2,0
14559,1,0,0
14559,2,1,0
14559,3,0,0
14559,3,1,0
14559,4,2,0
14559,5,0,0
14559,5,2,0
14559,6,1,0
14559,6,2,0
14559,7,0,0
14559,7,1,0
14559,7,2,0
14560,1,0,0
14560,2,1,0
14560,3,0,0
14560,3,1,0
14560,4,2,0
14560,5,0,0
14560,5,2,0
14560,6,1,0
14560,6,2,0
14560,7,0,0
14560,7,1,0
14560,7,2,0
14561,1,0,0
14561,2,1,0
14561,3,0,0
14561,3,1,0
14561,4,2,0
14561,5,0,0
14561,5,2,0
14561,6,1,0
14561,6,2,0
14561,7,0,0
14561,7,1,0
14561,7,2,0
14562,1,0,0
14562,2,1,0
14562,3,0,0
14562,3,1,0
14562,4,2,0
14562,5,0,0
14562,5,2,0
14562,6,1,0
14562,6,2,0
14562,7,0,0
14562,7,1,0
14562,7,2,0
14563,1,0,0
14563,2,1,0
14563,3,0,0
14563,3,1,0
14563,4,2,0
14563,5,0,0
14563,5,2,0
14563,6,1,0
14563,6,2,0
14563,7,0,0
14563,7,1,0
14563,7,2,0
14564,1,0,0
14564,2,1,0
14564,3,0,0
14564,3,1,0
14564,4,2,0
14564,5,0,0
14564,5,2,0
14564,6,1,0
14564,6,2,0
14564,7,0,0
14564,7,1,0
14564,7,2,0
14565,1,0,0
14565,2,1,0
14565,3,0,0
14565,3,1,0
14565,4,2,0
14565,5,0,0
14565,5,2,0
14565,6,1,0
14565,6,2,0
14565,7,0,0
14565,7,1,0
14565,7,2,0
14566,1,0,0
14566,2,1,0
14566,3,0,0
14566,3,1,0
14566,4,2,0
14566,5,0,0
14566,5,2,0
14566,6,1,0
14566,6,2,0
14566,7,0,0
14566,7,1,0
14566,7,2,0
14567,1,0,0
14567,2,1,0
14567,3,0,0
14567,3,1,0
14567,4,2,0
14567,5,0,0
14567,5,2,0
14567,6,1,0
14567,6,2,0
14567,7,0,0
14567,7,1,0
14567,7,2,0
14568,1,0,0
14568,2,1,0
14568,3,0,0
14568,3,1,0
14568,4,2,0
14568,5,0,0
14568,5,2,0
14568,6,1,0
14568,6,2,0
14568,7,0,0
14568,7,1,0
14568,7,2,0
14569,1,0,0
14569,2,1,0
14569,3,0,0
14569,3,1,0
14569,4,2,0
14569,5,0,0
14569,5,2,0
14569,6,1,0
14569,6,2,0
14569,7,0,0
14569,7,1,0
14569,7,2,0
14570,1,0,0
14570,2,1,0
14570,3,0,0
14570,3,1,0
14570,4,2,0
14570,5,0,0
14570,5,2,0
14570,6,1,0
14570,6,2,0
14570,7,0,0
14570,7,1,0
14570,7,2,0
14571,1,0,0
14571,2,1,0
14571,3,0,0
14571,3,1,0
14571,4,2,0
14571,5,0,0
14571,5,2,0
14571,6,1,0
14571,6,2,0
14571,7,0,0
14571,7,1,0
14571,7,2,0
14572,1,0,0
14572,2,1,0
14572,3,0,0
14572,3,1,0
14572,4,2,0
14572,5,0,0
14572,5,2,0
14572,6,1,0
14572,6,2,0
14572,7,0,0
14572,7,1,0
14572,7,2,0
14573,1,0,0
14573,2,1,0
14573,3,0,0
14573,3,1,0
14573,4,2,0
14573,5,0,0
14573,5,2,0
14573,6,1,0
14573,6,2,0
14573,7,0,0
14573,7,1,0
14573,7,2,0
14574,1,0,0
14574,2,1,0
14574,3,0,0
14574,3,1,0
14574,4,2,0
14574,5,0,0
14574,5,2,0
14574,6,1,0
14574,6,2,0
14574,7,0,0
14574,7,1,0
14574,7,2,0
14575,1,0,0
14575,2,1,0
14575,3,0,0
14575,3,1,0
14575,4,2,0
14575,5,0,0
14575,5,2,0
14575,6,1,0
14575,6,2,0
14575,7,0,0
14575,7,1,0
14575,7,2,0
14576,1,0,0
14576,2,1,0
14576,3,0,0
14576,3,1,0
14576,4,2,0
14576,5,0,0
14576,5,2,0
14576,6,1,0
14576,6,2,0
14576,7,0,0
14576,7,1,0
14576,7,2,0
14577,1,0,0
14577,2,1,0
14577,3,0,0
14577,3,1,0
14577,4,2,0
14577,5,0,0
14577,5,2,0
14577,6,1,0
14577,6,2,0
14577,7,0,0
14577,7,1,0
14577,7,2,0
14578,1,0,0
14578,2,1,0
14578,3,0,0
14578,3,1,0
14578,4,2,0
14578,5,0,0
14578,5,2,0
14578,6,1,0
14578,6,2,0
14578,7,0,0
14578,7,1,0
14578,7,2,0
14579,1,0,0
14579,2,1,0
14579,3,0,0
14579,3,1,0
14579,4,2,0
14579,5,0,0
14579,5,2,0
14579,6,1,0
14579,6,2,0
14579,7,0,0
14579,7,1,0
14579,7,2,0
14580,1,0,1
14580,2,1,1
14580,3,0,1
14580,3,1,1
14580,4,2,0
14580,5,0,1
14580,5,2,0
14580,6,1,1
14580,6,2,0
14580,7,0,1
14580,7,1,1
14580,7,2,0
14581,1,0,1
14581,2,1,1
14581,3,0,1
14581,3,1,1
14581,4,2,0
14581,5,0,1
14581,5,2,0
14581,6,1,1
14581,6,2,0
14581,7,0,1
14581,7,1,1
14581,7,2,0
14582,1,0,0
14582,2,1,1
14582,3,0,0
14582,3,1,1
14582,4,2,0
14582,5,0,0
14582,5,2,0
14582,6,1,1
14582,6,2,0
14582,7,0,0
14582,7,1,1
14582,7,2,0
14583,1,0,1
14583,2,1,1
14583,3,0,1
14583,3,1,1
14583,4,2,0
14583,5,0,1
14583,5,2,0
14583,6,1,1
14583,6,2,0
14583,7,0,1
14583,7,1,1
14583,7,2,0
14584,1,0,1
14584,2,1,1
14584,3,0,1
14584,3,1,1
14584,4,2,0
14584,5,0,1
14584,5,2,0
14584,6,1,1
14584,6,2,0
14584,7,0,1
14584,7,1,1
14584,7,2,0
14585,1,0,0
14585,2,1,1
14585,3,0,0
14585,3,1,1
14585,4,2,0
14585,5,0,0
14585,5,2,0
14585,6,1,1
14585,6,2,0
14585,7,0,0
14585,7,1,1
14585,7,2,0
14586,1,0,1
14586,2,1,1
14586,3,0,1
14586,3,1,1
14586,4,2,0
14586,5,0,1
14586,5,2,0
14586,6,1,1
14586,6,2,0
14586,7,0,1
14586,7,1,1
14586,7,2,0
14587,1,0,1
14587,2,1,1
14587,3,0,1
14587,3,1,1
14587,4,2,0
14587,5,0,1
14587,5,2,0
14587,6,1,1
14587,6,2,0
14587,7,0,1
14587,7,1,1
14587,7,2,0
14588,1,0,0
14588,2,1,1
14588,3,0,0
14588,3,1,1
14588,4,2,0
14588,5,0,0
14588,5,2,0
14588,6,1,1
14588,6,2,0
14588,7,0,0
14588,7,1,1
14588,7,2,0
14589,1,0,0
14589,2,1,1
14589,3,0,0
14589,3,1,1
14589,4,2,0
14589,5,0,0
14589,5,2,0
14589,6,1,1
14589,6,2,0
14589,7,0,0
14589,7,1,1
14589,7,2,0
14590,1,0,0
14590,2,1,1
14590,3,0,0
14590,3,1,1
14590,4,2,0
14590,5,0,0
14590,5,2,0
14590,6,1,1
14590,6,2,0
14590,7,0,0
14590,7,1,1
14590,7,2,0
14591,1,0,0
14591,2,1,1
14591,3,0,0
14591,3,1,1
14591,4,2,0
14591,5,0,0
14591,5,2,0
14591,6,1,1
14591,6,2,0
14591,7,0,0
14591,7,1,1
14591,7,2,0
14592,1,0,0
14592,2,1,1
14592,3,0,0
14592,3,1,1
14592,4,2,0
14592,5,0,0
14592,5,2,0
14592,6,1,1
14592,6,2,0
14592,7,0,0
14592,7,1,1
14592,7,2,0
14593,1,0,0
14593,2,1,1
14593,3,0,0
14593,3,1,1
14593,4,2,0
14593,5,0,0
14593,5,2,0
14593,6,1,1
14593,6,2,0
14593,7,0,0
14593,7,1,1
14593,7,2,0
14594,1,0,0
14594,2,1,1
14594,3,0,0
14594,3,1,1
14594,4,2,0
14594,5,0,0
14594,5,2,0
14594,6,1,1
14594,6,2,0
14594,7,0,0
14594,7,1,1
14594,7,2,0
14595,1,0,0
14595,2,1,1
14595,3,0,0
14595,3,1,1
14595,4,2,0
14595,5,0,0
14595,5,2,0
14595,6,1,1
14595,6,2,0
14595,7,0,0
14595,7,1,1
14595,7,2,0
14596,1,0,0
14596,2,1,1
14596,3,0,0
14596,3,1,1
14596,4,2,0
14596,5,0,0
14596,5,2,0
14596,6,1,1
14596,6,2,0
14596,7,0,0
14596,7,1,1
14596,7,2,0
14597,1,0,0
14597,2,1,1
14597,3,0,0
14597,3,1,1
14597,4,2,0
14597,5,0,0
14597,5,2,0
14597,6,1,1
14597,6,2,0
14597,7,0,0
14597,7,1,1
14597,7,2,0
14598,1,0,0
14598,2,1,1
14598,3,0,0
14598,3,1,1
14598,4,2,0
14598,5,0,0
14598,5,2,0
14598,6,1,1
14598,6,2,0
14598,7,0,0
14598,7,1,1
14598,7,2,0
14599,1,0,0
14599,2,1,1
14599,3,0,0
14599,3,1,1
14599,4,2,0
14599,5,0,0
14599,5,2,0
14599,6,1,1
14599,6,2,0
14599,7,0,0
14599,7,1,1
14599,7,2,0
14600,1,0,0
14600,2,1,1
14600,3,0,0
14600,3,1,1
14600,4,2,0
14600,5,0,0
14600,5,2,0
14600,6,1,1
14600,6,2,0
14600,7,0,0
14600,7,1,1
14600,7,2,0
14601,1,0,0
14601,2,1,1
14601,3,0,0
14601,3,1,1
14601,4,2,0
14601,5,0,0
14601,5,2,0
14601,6,1,1
14601,6,2,0
14601,7,0,0
14601,7,1,1
14601,7,2,0
14602,1,0,0
14602,2,1,1
14602,3,0,0
14602,3,1,1
14602,4,2,0
14602,5,0,0
14602,5,2,0
14602,6,1,1
14602,6,2,0
14602,7,0,0
14602,7,1,1
14602,7,2,0
14603,1,0,0
14603,2,1,1
14603,3,0,0
14603,3,1,1
14603,4,2,0
14603,5,0,0
14603,5,2,0
14603,6,1,1
14603,6,2,0
14603,7,0,0
14603,7,1,1
14603,7,2,0
14604,1,0,0
14604,2,1,1
14604,3,0,0
14604,3,1,1
14604,4,2,0
14604,5,0,0
14604,5,2,0
14604,6,1,1
14604,6,2,0
14604,7,0,0
14604,7,1,1
14604,7,2,0
14605,1,0,0
14605,2,1,1
14605,3,0,0
14605,3,1,1
14605,4,2,0
14605,5,0,0
14605,5,2,0
14605,6,1,1
14605,6,2,0
14605,7,0,0
14605,7,1,1
14605,7,2,0
14606,1,0,0
14606,2,1,1
14606,3,0,0
14606,3,1,1
14606,4,2,0
14606,5,0,0
14606,5,2,0
14606,6,1,1
14606,6,2,0
14606,7,0,0
14606,7,1,1
14606,7,2,0
14607,1,0,1
14607,2,1,1
14607,3,0,1
14607,3,1,1
14607,4,2,0
14607,5,0,1
14607,5,2,0
14607,6,1,1
14607,6,2,0
14607,7,0,1
14607,7,1,1
14607,7,2,0
14608,1,0,1
14608,2,1,1
14608,3,0,1
14608,3,1,1
14608,4,2,0
14608,5,0,1
14608,5,2,0
14608,6,1,1
14608,6,2,0
14608,7,0,1
14608,7,1,1
14608,7,2,0
14609,1,0,0
14609,2,1,0
14609,3,0,0
14609,3,1,0
14609,4,2,0
14609,5,0,0
14609,5,2,0
14609,6,1,0
14609,6,2,0
14609,7,0,0
14609,7,1,0
14609,7,2,0
14610,1,0,1
14610,2,1,1
14610,3,0,1
14610,3,1,1
14610,4,2,0
14610,5,0,1
14610,5,2,0
14610,6,1,1
14610,6,2,0
14610,7,0,1
14610,7,1,1
14610,7,2,0
14611,1,0,1
14611,2,1,1
14611,3,0,1
14611,3,1,1
14611,4,2,0
14611,5,0,1
14611,5,2,0
14611,6,1,1
14611,6,2,0
14611,7,0,1
14611,7,1,1
14611,7,2,0
14612,1,0,0
14612,2,1,0
14612,3,0,0
14612,3,1,0
14612,4,2,0
14612,5,0,0
14612,5,2,0
14612,6,1,0
14612,6,2,0
14612,7,0,0
14612,7,1,0
14612,7,2,0
14613,1,0,0
14613,2,1,0
14613,3,0,0
14613,3,1,0
14613,4,2,0
14613,5,0,0
14613,5,2,0
14613,6,1,0
14613,6,2,0
14613,7,0,0
14613,7,1,0
14613,7,2,0
14614,1,0,0
14614,2,1,0
14614,3,0,0
14614,3,1,0
14614,4,2,0
14614,5,0,0
14614,5,2,0
14614,6,1,0
14614,6,2,0
14614,7,0,0
14614,7,1,0
14614,7,2,0
14615,1,0,0
14615,2,1,0
14615,3,0,0
14615,3,1,0
14615,4,2,0
14615,5,0,0
14615,5,2,0
14615,6,1,0
14615,6,2,0
14615,7,0,0
14615,7,1,0
14615,7,2,0
14616,1,0,0
14616,2,1,0
14616,3,0,0
14616,3,1,0
14616,4,2,0
14616,5,0,0
14616,5,2,0
14616,6,1,0
14616,6,2,0
14616,7,0,0
14616,7,1,0
14616,7,2,0
14617,1,0,0
14617,2,1,0
14617,3,0,0
14617,3,1,0
14617,4,2,0
14617,5,0,0
14617,5,2,0
14617,6,1,0
14617,6,2,0
14617,7,0,0
14617,7,1,0
14617,7,2,0
14618,1,0,0
14618,2,1,0
14618,3,0,0
14618,3,1,0
14618,4,2,0
14618,5,0,0
14618,5,2,0
14618,6,1,0
14618,6,2,0
14618,7,0,0
14618,7,1,0
14618,7,2,0
14619,1,0,0
14619,2,1,0
14619,3,0,0
14619,3,1,0
14619,4,2,0
14619,5,0,0
14619,5,2,0
14619,6,1,0
14619,6,2,0
14619,7,0,0
14619,7,1,0
14619,7,2,0
14620,1,0,0
14620,2,1,0
14620,3,0,0
14620,3,1,0
14620,4,2,0
14620,5,0,0
14620,5,2,0
14620,6,1,0
14620,6,2,0
14620,7,0,0
14620,7,1,0
14620,7,2,0
14621,1,0,0
14621,2,1,0
14621,3,0,0
14621,3,1,0
14621,4,2,0
14621,5,0,0
14621,5,2,0
14621,6,1,0
14621,6,2,0
14621,7,0,0
14621,7,1,0
14621,7,2,0
14622,1,0,0
14622,2,1,0
14622,3,0,0
14622,3,1,0
14622,4,2,0
14622,5,0,0
14622,5,2,0
14622,6,1,0
14622,6,2,0
14622,7,0,0
14622,7,1,0
14622,7,2,0
14623,1,0,0
14623,2,1,0
14623,3,0,0
14623,3,1,0
14623,4,2,0
14623,5,0,0
14623,5,2,0
14623,6,1,0
14623,6,2,0
14623,7,0,0
14623,7,1,0
14623,7,2,0
14624,1,0,0
14624,2,1,0
14624,3,0,0
14624,3,1,0
14624,4,2,0
14624,5,0,0
14624,5,2,0
14624,6,1,0
14624,6,2,0
14624,7,0,0
14624,7,1,0
14624,7,2,0
14625,1,0,0
14625,2,1,0
14625,3,0,0
14625,3,1,0
14625,4,2,0
14625,5,0,0
14625,5,2,0
14625,6,1,0
14625,6,2,0
14625,7,0,0
14625,7,1,0
14625,7,2,0
14626,1,0,0
14626,2,1,0
14626,3,0,0
14626,3,1,0
14626,4,2,0
14626,5,0,0
14626,5,2,0
14626,6,1,0
14626,6,2,0
14626,7,0,0
14626,7,1,0
14626,7,2,0
14627,1,0,0
14627,2,1,0
14627,3,0,0
14627,3,1,0
14627,4,2,0
14627,5,0,0
14627,5,2,0
14627,6,1,0
14627,6,2,0
14627,7,0,0
14627,7,1,0
14627,7,2,0
14628,1,0,0
14628,2,1,0
14628,3,0,0
14628,3,1,0
14628,4,2,0
14628,5,0,0
14628,5,2,0
14628,6,1,0
14628,6,2,0
14628,7,0,0
14628,7,1,0
14628,7,2,0
14629,1,0,0
14629,2,1,0
14629,3,0,0
14629,3,1,0
14629,4,2,0
14629,5,0,0
14629,5,2,0
14629,6,1,0
14629,6,2,0
14629,7,0,0
14629,7,1,0
14629,7,2,0
14630,1,0,0
14630,2,1,0
14630,3,0,0
14630,3,1,0
14630,4,2,0
14630,5,0,0
14630,5,2,0
14630,6,1,0
14630,6,2,0
14630,7,0,0
14630,7,1,0
14630,7,2,0
14631,1,0,0
14631,2,1,0
14631,3,0,0
14631,3,1,0
14631,4,2,0
14631,5,0,0
14631,5,2,0
14631,6,1,0
14631,6,2,0
14631,7,0,0
14631,7,1,0
14631,7,2,0
14632,1,0,0
14632,2,1,0
14632,3,0,0
14632,3,1,0
14632,4,2,0
14632,5,0,0
14632,5,2,0
14632,6,1,0
14632,6,2,0
14632,7,0,0
14632,7,1,0
14632,7,2,0
14633,1,0,0
14633,2,1,0
14633,3,0,0
14633,3,1,0
14633,4,2,0
14633,5,0,0
14633,5,2,0
14633,6,1,0
14633,6,2,0
14633,7,0,0
14633,7,1,0
14633,7,2,0
14634,1,0,1
14634,2,1,1
14634,3,0,1
14634,3,1,1
14634,4,2,0
14634,5,0,1
14634,5,2,0
14634,6,1,1
14634,6,2,0
14634,7,0,1
14634,7,1,1
14634,7,2,0
14635,1,0,1
14635,2,1,1
14635,3,0,1
14635,3,1,1
14635,4,2,0
14635,5,0,1
14635,5,2,0
14635,6,1,1
14635,6,2,0
14635,7,0,1
14635,7,1,1
14635,7,2,0
14636,1,0,0
14636,2,1,0
14636,3,0,0
14636,3,1,0
14636,4,2,0
14636,5,0,0
14636,5,2,0
14636,6,1,0
14636,6,2,0
14636,7,0,0
14636,7,1,0
14636,7,2,0
14637,1,0,0
14637,2,1,0
14637,3,0,0
14637,3,1,0
14637,4,2,0
14637,5,0,0
14637,5,2,0
14637,6,1,0
14637,6,2,0
14637,7,0,0
14637,7,1,0
14637,7,2,0
14638,1,0,0
14638,2,1,0
14638,3,0,0
14638,3,1,0
14638,4,2,0
14638,5,0,0
14638,5,2,0
14638,6,1,0
14638,6,2,0
14638,7,0,0
14638,7,1,0
14638,7,2,0
14639,1,0,0
14639,2,1,0
14639,3,0,0
14639,3,1,0
14639,4,2,0
14639,5,0,0
14639,5,2,0
14639,6,1,0
14639,6,2,0
14639,7,0,0
14639,7,1,0
14639,7,2,0
14640,1,0,0
14640,2,1,0
14640,3,0,0
14640,3,1,0
14640,4,2,0
14640,5,0,0
14640,5,2,0
14640,6,1,0
14640,6,2,0
14640,7,0,0
14640,7,1,0
14640,7,2,0
14641,1,0,0
14641,2,1,0
14641,3,0,0
14641,3,1,0
14641,4,2,0
14641,5,0,0
14641,5,2,0
14641,6,1,0
14641,6,2,0
14641,7,0,0
14641,7,1,0
14641,7,2,0
14642,1,0,0
14642,2,1,0
14642,3,0,0
14642,3,1,0
14642,4,2,0
14642,5,0,0
14642,5,2,0
14642,6,1,0
14642,6,2,0
14642,7,0,0
14642,7,1,0
14642,7,2,0
14643,1,0,0
14643,2,1,0
14643,3,0,0
14643,3,1,0
14643,4,2,0
14643,5,0,0
14643,5,2,0
14643,6,1,0
14643,6,2,0
14643,7,0,0
14643,7,1,0
14643,7,2,0
14644,1,0,0
14644,2,1,0
14644,3,0,0
14644,3,1,0
14644,4,2,0
14644,5,0,0
14644,5,2,0
14644,6,1,0
14644,6,2,0
14644,7,0,0
14644,7,1,0
14644,7,2,0
14645,1,0,0
14645,2,1,0
14645,3,0,0
14645,3,1,0
14645,4,2,0
14645,5,0,0
14645,5,2,0
14645,6,1,0
14645,6,2,0
14645,7,0,0
14645,7,1,0
14645,7,2,0
14646,1,0,0
14646,2,1,0
14646,3,0,0
14646,3,1,0
14646,4,2,0
14646,5,0,0
14646,5,2,0
14646,6,1,0
14646,6,2,0
14646,7,0,0
14646,7,1,0
14646,7,2,0
14647,1,0,0
14647,2,1,0
14647,3,0,0
14647,3,1,0
14647,4,2,0
14647,5,0,0
14647,5,2,0
14647,6,1,0
14647,6,2,0
14647,7,0,0
14647,7,1,0
14647,7,2,0
14648,1,0,0
14648,2,1,0
14648,3,0,0
14648,3,1,0
14648,4,2,0
14648,5,0,0
14648,5,2,0
14648,6,1,0
14648,6,2,0
14648,7,0,0
14648,7,1,0
14648,7,2,0
14649,1,0,0
14649,2,1,0
14649,3,0,0
14649,3,1,0
14649,4,2,0
14649,5,0,0
14649,5,2,0
14649,6,1,0
14649,6,2,0
14649,7,0,0
14649,7,1,0
14649,7,2,0
14650,1,0,0
14650,2,1,0
14650,3,0,0
14650,3,1,0
14650,4,2,0
14650,5,0,0
14650,5,2,0
14650,6,1,0
14650,6,2,0
14650,7,0,0
14650,7,1,0
14650,7,2,0
14651,1,0,0
14651,2,1,0
14651,3,0,0
14651,3,1,0
14651,4,2,0
14651,5,0,0
14651,5,2,0
14651,6,1,0
14651,6,2,0
14651,7,0,0
14651,7,1,0
14651,7,2,0
14652,1,0,0
14652,2,1,0
14652,3,0,0
14652,3,1,0
14652,4,2,0
14652,5,0,0
14652,5,2,0
14652,6,1,0
14652,6,2,0
14652,7,0,0
14652,7,1,0
14652,7,2,0
14653,1,0,0
14653,2,1,0
14653,3,0,0
14653,3,1,0
14653,4,2,0
14653,5,0,0
14653,5,2,0
14653,6,1,0
14653,6,2,0
14653,7,0,0
14653,7,1,0
14653,7,2,0
14654,1,0,0
14654,2,1,0
14654,3,0,0
14654,3,1,0
14654,4,2,0
14654,5,0,0
14654,5,2,0
14654,6,1,0
14654,6,2,0
14654,7,0,0
14654,7,1,0
14654,7,2,0
14655,1,0,0
14655,2,1,0
14655,3,0,0
14655,3,1,0
14655,4,2,0
14655,5,0,0
14655,5,2,0
14655,6,1,0
14655,6,2,0
14655,7,0,0
14655,7,1,0
14655,7,2,0
14656,1,0,0
14656,2,1,0
14656,3,0,0
14656,3,1,0
14656,4,2,0
14656,5,0,0
14656,5,2,0
14656,6,1,0
14656,6,2,0
14656,7,0,0
14656,7,1,0
14656,7,2,0
14657,1,0,0
14657,2,1,0
14657,3,0,0
14657,3,1,0
14657,4,2,0
14657,5,0,0
14657,5,2,0
14657,6,1,0
14657,6,2,0
14657,7,0,0
14657,7,1,0
14657,7,2,0
14658,1,0,0
14658,2,1,0
14658,3,0,0
14658,3,1,0
14658,4,2,0
14658,5,0,0
14658,5,2,0
14658,6,1,0
14658,6,2,0
14658,7,0,0
14658,7,1,0
14658,7,2,0
14659,1,0,0
14659,2,1,0
14659,3,0,0
14659,3,1,0
14659,4,2,0
14659,5,0,0
14659,5,2,0
14659,6,1,0
14659,6,2,0
14659,7,0,0
14659,7,1,0
14659,7,2,0
14660,1,0,0
14660,2,1,0
14660,3,0,0
14660,3,1,0
14660,4,2,0
14660,5,0,0
14660,5,2,0
14660,6,1,0
14660,6,2,0
14660,7,0,0
14660,7,1,0
14660,7,2,0
14661,1,0,1
14661,2,1,1
14661,3,0,1
14661,3,1,1
14661,4,2,0
14661,5,0,1
14661,5,2,0
14661,6,1,1
14661,6,2,0
14661,7,0,1
14661,7,1,1
14661,7,2,0
14662,1,0,1
14662,2,1,1
14662,3,0,1
14662,3,1,1
14662,4,2,0
14662,5,0,1
14662,5,2,0
14662,6,1,1
14662,6,2,0
14662,7,0,1
14662,7,1,1
14662,7,2,0
14663,1,0,0
14663,2,1,1
14663,3,0,0
14663,3,1,1
14663,4,2,0
14663,5,0,0
14663,5,2,0
14663,6,1,1
14663,6,2,0
14663,7,0,0
14663,7,1,1
14663,7,2,0
14664,1,0,1
14664,2,1,1
14664,3,0,1
14664,3,1,1
14664,4,2,0
14664,5,0,1
14664,5,2,0
14664,6,1,1
14664,6,2,0
14664,7,0,1
14664,7,1,1
14664,7,2,0
14665,1,0,1
14665,2,1,1
14665,3,0,1
14665,3,1,1
14665,4,2,0
14665,5,0,1
14665,5,2,0
14665,6,1,1
14665,6,2,0
14665,7,0,1
14665,7,1,1
14665,7,2,0
14666,1,0,0
14666,2,1,1
14666,3,0,0
14666,3,1,1
14666,4,2,0
14666,5,0,0
14666,5,2,0
14666,6,1,1
14666,6,2,0
14666,7,0,0
14666,7,1,1
14666,7,2,0
14667,1,0,1
14667,2,1,1
14667,3,0,1
14667,3,1,1
14667,4,2,0
14667,5,0,1
14667,5,2,0
14667,6,1,1
14667,6,2,0
14667,7,0,1
14667,7,1,1
14667,7,2,0
14668,1,0,1
14668,2,1,1
14668,3,0,1
14668,3,1,1
14668,4,2,0
14668,5,0,1
14668,5,2,0
14668,6,1,1
14668,6,2,0
14668,7,0,1
14668,7,1,1
14668,7,2,0
14669,1,0,0
14669,2,1,1
14669,3,0,0
14669,3,1,1
14669,4,2,0
14669,5,0,0
14669,5,2,0
14669,6,1,1
14669,6,2,0
14669,7,0,0
14669,7,1,1
14669,7,2,0
14670,1,0,0
14670,2,1,1
14670,3,0,0
14670,3,1,1
14670,4,2,0
14670,5,0,0
14670,5,2,0
14670,6,1,1
14670,6,2,0
14670,7,0,0
14670,7,1,1
14670,7,2,0
14671,1,0,0
14671,2,1,1
14671,3,0,0
14671,3,1,1
14671,4,2,0
14671,5,0,0
14671,5,2,0
14671,6,1,1
14671,6,2,0
14671,7,0,0
14671,7,1,1
14671,7,2,0
14672,1,0,0
14672,2,1,1
14672,3,0,0
14672,3,1,1
14672,4,2,0
14672,5,0,0
14672,5,2,0
14672,6,1,1
14672,6,2,0
14672,7,0,0
14672,7,1,1
14672,7,2,0
14673,1,0,0
14673,2,1,1
14673,3,0,0
14673,3,1,1
14673,4,2,0
14673,5,0,0
14673,5,2,0
14673,6,1,1
14673,6,2,0
14673,7,0,0
14673,7,1,1
14673,7,2,0
14674,1,0,0
14674,2,1,1
14674,3,0,0
14674,3,1,1
14674,4,2,0
14674,5,0,0
14674,5,2,0
14674,6,1,1
14674,6,2,0
14674,7,0,0
14674,7,1,1
14674,7,2,0
14675,1,0,0
14675,2,1,1
14675,3,0,0
14675,3,1,1
14675,4,2,0
14675,5,0,0
14675,5,2,0
14675,6,1,1
14675,6,2,0
14675,7,0,0
14675,7,1,1
14675,7,2,0
14676,1,0,0
14676,2,1,1
14676,3,0,0
14676,3,1,1
14676,4,2,0
14676,5,0,0
14676,5,2,0
14676,6,1,1
14676,6,2,0
14676,7,0,0
14676,7,1,1
14676,7,2,0
14677,1,0,0
14677,2,1,1
14677,3,0,0
14677,3,1,1
14677,4,2,0
14677,5,0,0
14677,5,2,0
14677,6,1,1
14677,6,2,0
14677,7,0,0
14677,7,1,1
14677,7,2,0
14678,1,0,0
14678,2,1,1
14678,3,0,0
14678,3,1,1
14678,4,2,0
14678,5,0,0
14678,5,2,0
14678,6,1,1
14678,6,2,0
14678,7,0,0
14678,7,1,1
14678,7,2,0
14679,1,0,0
14679,2,1,1
14679,3,0,0
14679,3,1,1
14679,4,2,0
14679,5,0,0
14679,5,2,0
14679,6,1,1
14679,6,2,0
14679,7,0,0
14679,7,1,1
14679,7,2,0
14680,1,0,0
14680,2,1,1
14680,3,0,0
14680,3,1,1
14680,4,2,0
14680,5,0,0
14680,5,2,0
14680,6,1,1
14680,6,2,0
14680,7,0,0
14680,7,1,1
14680,7,2,0
14681,1,0,0
14681,2,1,1
14681,3,0,0
14681,3,1,1
14681,4,2,0
14681,5,0,0
14681,5,2,0
14681,6,1,1
14681,6,2,0
14681,7,0,0
14681,7,1,1
14681,7,2,0
14682,1,0,0
14682,2,1,1
14682,3,0,0
14682,3,1,1
14682,4,2,0
14682,5,0,0
14682,5,2,0
14682,6,1,1
14682,6,2,0
14682,7,0,0
14682,7,1,1
14682,7,2,0
14683,1,0,0
14683,2,1,1
14683,3,0,0
14683,3,1,1
14683,4,2,0
14683,5,0,0
14683,5,2,0
14683,6,1,1
14683,6,2,0
14683,7,0,0
14683,7,1,1
14683,7,2,0
14684,1,0,0
14684,2,1,1
14684,3,0,0
14684,3,1,1
14684,4,2,0
14684,5,0,0
14684,5,2,0
14684,6,1,1
14684,6,2,0
14684,7,0,0
14684,7,1,1
14684,7,2,0
14685,1,0,0
14685,2,1,1
14685,3,0,0
14685,3,1,1
14685,4,2,0
14685,5,0,0
14685,5,2,0
14685,6,1,1
14685,6,2,0
14685,7,0,0
14685,7,1,1
14685,7,2,0
14686,1,0,0
14686,2,1,1
14686,3,0,0
14686,3,1,1
14686,4,2,0
14686,5,0,0
14686,5,2,0
14686,6,1,1
14686,6,2,0
14686,7,0,0
14686,7,1,1
14686,7,2,0
14687,1,0,0
14687,2,1,1
14687,3,0,0
14687,3,1,1
14687,4,2,0
14687,5,0,0
14687,5,2,0
14687,6,1,1
14687,6,2,0
14687,7,0,0
14687,7,1,1
14687,7,2,0
14688,1,0,1
14688,2,1,1
14688,3,0,1
14688,3,1,1
14688,4,2,0
14688,5,0,1
14688,5,2,0
14688,6,1,1
14688,6,2,0
14688,7,0,1
14688,7,1,1
14688,7,2,0
14689,1,0,1
14689,2,1,1
14689,3,0,1
14689,3,1,1
14689,4,2,0
14689,5,0,1
14689,5,2,0
14689,6,1,1
14689,6,2,0
14689,7,0,1
14689,7,1,1
14689,7,2,0
14690,1,0,0
14690,2,1,0
14690,3,0,0
14690,3,1,0
14690,4,2,0
14690,5,0,0
14690,5,2,0
14690,6,1,0
14690,6,2,0
14690,7,0,0
14690,7,1,0
14690,7,2,0
14691,1,0,1
14691,2,1,1
14691,3,0,1
14691,3,1,1
14691,4,2,0
14691,5,0,1
14691,5,2,0
14691,6,1,1
14691,6,2,0
14691,7,0,1
14691,7,1,1
14691,7,2,0
14692,1,0,1
14692,2,1,1
14692,3,0,1
14692,3,1,1
14692,4,2,0
14692,5,0,1
14692,5,2,0
14692,6,1,1
14692,6,2,0
14692,7,0,1
14692,7,1,1
14692,7,2,0
14693,1,0,0
14693,2,1,0
14693,3,0,0
14693,3,1,0
14693,4,2,0
14693,5,0,0
14693,5,2,0
14693,6,1,0
14693,6,2,0
14693,7,0,0
14693,7,1,0
14693,7,2,0
14694,1,0,0
14694,2,1,0
14694,3,0,0
14694,3,1,0
14694,4,2,0
14694,5,0,0
14694,5,2,0
14694,6,1,0
14694,6,2,0
14694,7,0,0
14694,7,1,0
14694,7,2,0
14695,1,0,0
14695,2,1,0
14695,3,0,0
14695,3,1,0
14695,4,2,0
14695,5,0,0
14695,5,2,0
14695,6,1,0
14695,6,2,0
14695,7,0,0
14695,7,1,0
14695,7,2,0
14696,1,0,0
14696,2,1,0
14696,3,0,0
14696,3,1,0
14696,4,2,0
14696,5,0,0
14696,5,2,0
14696,6,1,0
14696,6,2,0
14696,7,0,0
14696,7,1,0
14696,7,2,0
14697,1,0,0
14697,2,1,0
14697,3,0,0
14697,3,1,0
14697,4,2,0
14697,5,0,0
14697,5,2,0
14697,6,1,0
14697,6,2,0
14697,7,0,0
14697,7,1,0
14697,7,2,0
14698,1,0,0
14698,2,1,0
14698,3,0,0
14698,3,1,0
14698,4,2,0
14698,5,0,0
14698,5,2,0
14698,6,1,0
14698,6,2,0
14698,7,0,0
14698,7,1,0
14698,7,2,0
14699,1,0,0
14699,2,1,0
14699,3,0,0
14699,3,1,0
14699,4,2,0
14699,5,0,0
14699,5,2,0
14699,6,1,0
14699,6,2,0
14699,7,0,0
14699,7,1,0
14699,7,2,0
14700,1,0,0
14700,2,1,0
14700,3,0,0
14700,3,1,0
14700,4,2,0
14700,5,0,0
14700,5,2,0
14700,6,1,0
14700,6,2,0
14700,7,0,0
14700,7,1,0
14700,7,2,0
14701,1,0,0
14701,2,1,0
14701,3,0,0
14701,3,1,0
14701,4,2,0
14701,5,0,0
14701,5,2,0
14701,6,1,0
14701,6,2,0
14701,7,0,0
14701,7,1,0
14701,7,2,0
14702,1,0,0
14702,2,1,0
14702,3,0,0
14702,3,1,0
14702,4,2,0
14702,5,0,0
14702,5,2,0
14702,6,1,0
14702,6,2,0
14702,7,0,0
14702,7,1,0
14702,7,2,0
14703,1,0,0
14703,2,1,0
14703,3,0,0
14703,3,1,0
14703,4,2,0
14703,5,0,0
14703,5,2,0
14703,6,1,0
14703,6,2,0
14703,7,0,0
14703,7,1,0
14703,7,2,0
14704,1,0,0
14704,2,1,0
14704,3,0,0
14704,3,1,0
14704,4,2,0
14704,5,0,0
14704,5,2,0
14704,6,1,0
14704,6,2,0
14704,7,0,0
14704,7,1,0
14704,7,2,0
14705,1,0,0
14705,2,1,0
14705,3,0,0
14705,3,1,0
14705,4,2,0
14705,5,0,0
14705,5,2,0
14705,6,1,0
14705,6,2,0
14705,7,0,0
14705,7,1,0
14705,7,2,0
14706,1,0,0
14706,2,1,0
14706,3,0,0
14706,3,1,0
14706,4,2,0
14706,5,0,0
14706,5,2,0
14706,6,1,0
14706,6,2,0
14706,7,0,0
14706,7,1,0
14706,7,2,0
14707,1,0,0
14707,2,1,0
14707,3,0,0
14707,3,1,0
14707,4,2,0
14707,5,0,0
14707,5,2,0
14707,6,1,0
14707,6,2,0
14707,7,0,0
14707,7,1,0
14707,7,2,0
14708,1,0,0
14708,2,1,0
14708,3,0,0
14708,3,1,0
14708,4,2,0
14708,5,0,0
14708,5,2,0
14708,6,1,0
14708,6,2,0
14708,7,0,0
14708,7,1,0
14708,7,2,0
14709,1,0,0
14709,2,1,0
14709,3,0,0
14709,3,1,0
14709,4,2,0
14709,5,0,0
14709,5,2,0
14709,6,1,0
14709,6,2,0
14709,7,0,0
14709,7,1,0
14709,7,2,0
14710,1,0,0
14710,2,1,0
14710,3,0,0
14710,3,1,0
14710,4,2,0
14710,5,0,0
14710,5,2,0
14710,6,1,0
14710,6,2,0
14710,7,0,0
14710,7,1,0
14710,7,2,0
14711,1,0,0
14711,2,1,0
14711,3,0,0
14711,3,1,0
14711,4,2,0
14711,5,0,0
14711,5,2,0
14711,6,1,0
14711,6,2,0
14711,7,0,0
14711,7,1,0
14711,7,2,0
14712,1,0,0
14712,2,1,0
14712,3,0,0
14712,3,1,0
14712,4,2,0
14712,5,0,0
14712,5,2,0
14712,6,1,0
14712,6,2,0
14712,7,0,0
14712,7,1,0
14712,7,2,0
14713,1,0,0
14713,2,1,0
14713,3,0,0
14713,3,1,0
14713,4,2,0
14713,5,0,0
14713,5,2,0
14713,6,1,0
14713,6,2,0
14713,7,0,0
14713,7,1,0
14713,7,2,0
14714,1,0,0
14714,2,1,0
14714,3,0,0
14714,3,1,0
14714,4,2,0
14714,5,0,0
14714,5,2,0
14714,6,1,0
14714,6,2,0
14714,7,0,0
14714,7,1,0
14714,7,2,0
14715,1,0,1
14715,2,1,1
14715,3,0,1
14715,3,1,1
14715,4,2,0
14715,5,0,1
14715,5,2,0
14715,6,1,1
14715,6,2,0
14715,7,0,1
14715,7,1,1
14715,7,2,0
14716,1,0,1
14716,2,1,1
14716,3,0,1
14716,3,1,1
14716,4,2,0
14716,5,0,1
14716,5,2,0
14716,6,1,1
14716,6,2,0
14716,7,0,1
14716,7,1,1
14716,7,2,0
14717,1,0,0
14717,2,1,0
14717,3,0,0
14717,3,1,0
14717,4,2,0
14717,5,0,0
14717,5,2,0
14717,6,1,0
14717,6,2,0
14717,7,0,0
14717,7,1,0
14717,7,2,0
14718,1,0,0
14718,2,1,0
14718,3,0,0
14718,3,1,0
14718,4,2,0
14718,5,0,0
14718,5,2,0
14718,6,1,0
14718,6,2,0
14718,7,0,0
14718,7,1,0
14718,7,2,0
14719,1,0,0
14719,2,1,0
14719,3,0,0
14719,3,1,0
14719,4,2,0
14719,5,0,0
14719,5,2,0
14719,6,1,0
14719,6,2,0
14719,7,0,0
14719,7,1,0
14719,7,2,0
14720,1,0,0
14720,2,1,0
14720,3,0,0
14720,3,1,0
14720,4,2,0
14720,5,0,0
14720,5,2,0
14720,6,1,0
14720,6,2,0
14720,7,0,0
14720,7,1,0
14720,7,2,0
14721,1,0,0
14721,2,1,0
14721,3,0,0
14721,3,1,0
14721,4,2,0
14721,5,0,0
14721,5,2,0
14721,6,1,0
14721,6,2,0
14721,7,0,0
14721,7,1,0
14721,7,2,0
14722,1,0,0
14722,2,1,0
14722,3,0,0
14722,3,1,0
14722,4,2,0
14722,5,0,0
14722,5,2,0
14722,6,1,0
14722,6,2,0
14722,7,0,0
14722,7,1,0
14722,7,2,0
14723,1,0,0
14723,2,1,0
14723,3,0,0
14723,3,1,0
14723,4,2,0
14723,5,0,0
14723,5,2,0
14723,6,1,0
14723,6,2,0
14723,7,0,0
14723,7,1,0
14723,7,2,0
14724,1,0,0
14724,2,1,0
14724,3,0,0
14724,3,1,0
14724,4,2,0
14724,5,0,0
14724,5,2,0
14724,6,1,0
14724,6,2,0
14724,7,0,0
14724,7,1,0
14724,7,2,0
14725,1,0,0
14725,2,1,0
14725,3,0,0
14725,3,1,0
14725,4,2,0
14725,5,0,0
14725,5,2,0
14725,6,1,0
14725,6,2,0
14725,7,0,0
14725,7,1,0
14725,7,2,0
14726,1,0,0
14726,2,1,0
14726,3,0,0
14726,3,1,0
14726,4,2,0
14726,5,0,0
14726,5,2,0
14726,6,1,0
14726,6,2,0
14726,7,0,0
14726,7,1,0
14726,7,2,0
14727,1,0,0
14727,2,1,0
14727,3,0,0
14727,3,1,0
14727,4,2,0
14727,5,0,0
14727,5,2,0
14727,6,1,0
14727,6,2,0
14727,7,0,0
14727,7,1,0
14727,7,2,0
14728,1,0,0
14728,2,1,0
14728,3,0,0
14728,3,1,0
14728,4,2,0
14728,5,0,0
14728,5,2,0
14728,6,1,0
14728,6,2,0
14728,7,0,0
14728,7,1,0
14728,7,2,0
14729,1,0,0
14729,2,1,0
14729,3,0,0
14729,3,1,0
14729,4,2,0
14729,5,0,0
14729,5,2,0
14729,6,1,0
14729,6,2,0
14729,7,0,0
14729,7,1,0
14729,7,2,0
14730,1,0,0
14730,2,1,0
14730,3,0,0
14730,3,1,0
14730,4,2,0
14730,5,0,0
14730,5,2,0
14730,6,1,0
14730,6,2,0
14730,7,0,0
14730,7,1,0
14730,7,2,0
14731,1,0,0
14731,2,1,0
14731,3,0,0
14731,3,1,0
14731,4,2,0
14731,5,0,0
14731,5,2,0
14731,6,1,0
14731,6,2,0
14731,7,0,0
14731,7,1,0
14731,7,2,0
14732,1,0,0
14732,2,1,0
14732,3,0,0
14732,3,1,0
14732,4,2,0
14732,5,0,0
14732,5,2,0
14732,6,1,0
14732,6,2,0
14732,7,0,0
14732,7,1,0
14732,7,2,0
14733,1,0,0
14733,2,1,0
14733,3,0,0
14733,3,1,0
14733,4,2,0
14733,5,0,0
14733,5,2,0
14733,6,1,0
14733,6,2,0
14733,7,0,0
14733,7,1,0
14733,7,2,0
14734,1,0,0
14734,2,1,0
14734,3,0,0
14734,3,1,0
14734,4,2,0
14734,5,0,0
14734,5,2,0
14734,6,1,0
14734,6,2,0
14734,7,0,0
14734,7,1,0
14734,7,2,0
14735,1,0,0
14735,2,1,0
14735,3,0,0
14735,3,1,0
14735,4,2,0
14735,5,0,0
14735,5,2,0
14735,6,1,0
14735,6,2,0
14735,7,0,0
14735,7,1,0
14735,7,2,0
14736,1,0,0
14736,2,1,0
14736,3,0,0
14736,3,1,0
14736,4,2,0
14736,5,0,0
14736,5,2,0
14736,6,1,0
14736,6,2,0
14736,7,0,0
14736,7,1,0
14736,7,2,0
14737,1,0,0
14737,2,1,0
14737,3,0,0
14737,3,1,0
14737,4,2,0
14737,5,0,0
14737,5,2,0
14737,6,1,0
14737,6,2,0
14737,7,0,0
14737,7,1,0
14737,7,2,0
14738,1,0,0
14738,2,1,0
14738,3,0,0
14738,3,1,0
14738,4,2,0
14738,5,0,0
14738,5,2,0
14738,6,1,0
14738,6,2,0
14738,7,0,0
14738,7,1,0
14738,7,2,0
14739,1,0,0
14739,2,1,0
14739,3,0,0
14739,3,1,0
14739,4,2,0
14739,5,0,0
14739,5,2,0
14739,6,1,0
14739,6,2,0
14739,7,0,0
14739,7,1,0
14739,7,2,0
14740,1,0,0
14740,2,1,0
14740,3,0,0
14740,3,1,0
14740,4,2,0
14740,5,0,0
14740,5,2,0
14740,6,1,0
14740,6,2,0
14740,7,0,0
14740,7,1,0
14740,7,2,0
14741,1,0,0
14741,2,1,0
14741,3,0,0
14741,3,1,0
14741,4,2,0
14741,5,0,0
14741,5,2,0
14741,6,1,0
14741,6,2,0
14741,7,0,0
14741,7,1,0
14741,7,2,0
14742,1,0,1
14742,2,1,0
14742,3,0,1
14742,3,1,0
14742,4,2,0
14742,5,0,1
14742,5,2,0
14742,6,1,0
14742,6,2,0
14742,7,0,1
14742,7,1,0
14742,7,2,0
14743,1,0,1
14743,2,1,0
14743,3,0,1
14743,3,1,0
14743,4,2,0
14743,5,0,1
14743,5,2,0
14743,6,1,0
14743,6,2,0
14743,7,0,1
14743,7,1,0
14743,7,2,0
14744,1,0,0
14744,2,1,0
14744,3,0,0
14744,3,1,0
14744,4,2,0
14744,5,0,0
14744,5,2,0
14744,6,1,0
14744,6,2,0
14744,7,0,0
14744,7,1,0
14744,7,2,0
14745,1,0,0
14745,2,1,0
14745,3,0,0
14745,3,1,0
14745,4,2,0
14745,5,0,0
14745,5,2,0
14745,6,1,0
14745,6,2,0
14745,7,0,0
14745,7,1,0
14745,7,2,0
14746,1,0,0
14746,2,1,0
14746,3,0,0
14746,3,1,0
14746,4,2,0
14746,5,0,0
14746,5,2,0
14746,6,1,0
14746,6,2,0
14746,7,0,0
14746,7,1,0
14746,7,2,0
14747,1,0,0
14747,2,1,0
14747,3,0,0
14747,3,1,0
14747,4,2,0
14747,5,0,0
14747,5,2,0
14747,6,1,0
14747,6,2,0
14747,7,0,0
14747,7,1,0
14747,7,2,0
14748,1,0,0
14748,2,1,0
14748,3,0,0
14748,3,1,0
14748,4,2,0
14748,5,0,0
14748,5,2,0
14748,6,1,0
14748,6,2,0
14748,7,0,0
14748,7,1,0
14748,7,2,0
14749,1,0,0
14749,2,1,0
14749,3,0,0
14749,3,1,0
14749,4,2,0
14749,5,0,0
14749,5,2,0
14749,6,1,0
14749,6,2,0
14749,7,0,0
14749,7,1,0
14749,7,2,0
14750,1,0,0
14750,2,1,0
14750,3,0,0
14750,3,1,0
14750,4,2,0
14750,5,0,0
14750,5,2,0
14750,6,1,0
14750,6,2,0
14750,7,0,0
14750,7,1,0
14750,7,2,0
14751,1,0,0
14751,2,1,0
14751,3,0,0
14751,3,1,0
14751,4,2,0
14751,5,0,0
14751,5,2,0
14751,6,1,0
14751,6,2,0
14751,7,0,0
14751,7,1,0
14751,7,2,0
14752,1,0,0
14752,2,1,0
14752,3,0,0
14752,3,1,0
14752,4,2,0
14752,5,0,0
14752,5,2,0
14752,6,1,0
14752,6,2,0
14752,7,0,0
14752,7,1,0
14752,7,2,0
14753,1,0,0
14753,2,1,0
14753,3,0,0
14753,3,1,0
14753,4,2,0
14753,5,0,0
14753,5,2,0
14753,6,1,0
14753,6,2,0
14753,7,0,0
14753,7,1,0
14753,7,2,0
14754,1,0,0
14754,2,1,0
14754,3,0,0
14754,3,1,0
14754,4,2,0
14754,5,0,0
14754,5,2,0
14754,6,1,0
14754,6,2,0
14754,7,0,0
14754,7,1,0
14754,7,2,0
14755,1,0,0
14755,2,1,0
14755,3,0,0
14755,3,1,0
14755,4,2,0
14755,5,0,0
14755,5,2,0
14755,6,1,0
14755,6,2,0
14755,7,0,0
14755,7,1,0
14755,7,2,0
14756,1,0,0
14756,2,1,0
14756,3,0,0
14756,3,1,0
14756,4,2,0
14756,5,0,0
14756,5,2,0
14756,6,1,0
14756,6,2,0
14756,7,0,0
14756,7,1,0
14756,7,2,0
14757,1,0,0
14757,2,1,0
14757,3,0,0
14757,3,1,0
14757,4,2,0
14757,5,0,0
14757,5,2,0
14757,6,1,0
14757,6,2,0
14757,7,0,0
14757,7,1,0
14757,7,2,0
14758,1,0,0
14758,2,1,0
14758,3,0,0
14758,3,1,0
14758,4,2,0
14758,5,0,0
14758,5,2,0
14758,6,1,0
14758,6,2,0
14758,7,0,0
14758,7,1,0
14758,7,2,0
14759,1,0,0
14759,2,1,0
14759,3,0,0
14759,3,1,0
14759,4,2,0
14759,5,0,0
14759,5,2,0
14759,6,1,0
14759,6,2,0
14759,7,0,0
14759,7,1,0
14759,7,2,0
14760,1,0,0
14760,2,1,0
14760,3,0,0
14760,3,1,0
14760,4,2,0
14760,5,0,0
14760,5,2,0
14760,6,1,0
14760,6,2,0
14760,7,0,0
14760,7,1,0
14760,7,2,0
14761,1,0,0
14761,2,1,0
14761,3,0,0
14761,3,1,0
14761,4,2,0
14761,5,0,0
14761,5,2,0
14761,6,1,0
14761,6,2,0
14761,7,0,0
14761,7,1,0
14761,7,2,0
14762,1,0,0
14762,2,1,0
14762,3,0,0
14762,3,1,0
14762,4,2,0
14762,5,0,0
14762,5,2,0
14762,6,1,0
14762,6,2,0
14762,7,0,0
14762,7,1,0
14762,7,2,0
14763,1,0,0
14763,2,1,0
14763,3,0,0
14763,3,1,0
14763,4,2,0
14763,5,0,0
14763,5,2,0
14763,6,1,0
14763,6,2,0
14763,7,0,0
14763,7,1,0
14763,7,2,0
14764,1,0,0
14764,2,1,0
14764,3,0,0
14764,3,1,0
14764,4,2,0
14764,5,0,0
14764,5,2,0
14764,6,1,0
14764,6,2,0
14764,7,0,0
14764,7,1,0
14764,7,2,0
14765,1,0,0
14765,2,1,0
14765,3,0,0
14765,3,1,0
14765,4,2,0
14765,5,0,0
14765,5,2,0
14765,6,1,0
14765,6,2,0
14765,7,0,0
14765,7,1,0
14765,7,2,0
14766,1,0,0
14766,2,1,0
14766,3,0,0
14766,3,1,0
14766,4,2,0
14766,5,0,0
14766,5,2,0
14766,6,1,0
14766,6,2,0
14766,7,0,0
14766,7,1,0
14766,7,2,0
14767,1,0,0
14767,2,1,0
14767,3,0,0
14767,3,1,0
14767,4,2,0
14767,5,0,0
14767,5,2,0
14767,6,1,0
14767,6,2,0
14767,7,0,0
14767,7,1,0
14767,7,2,0
14768,1,0,0
14768,2,1,0
14768,3,0,0
14768,3,1,0
14768,4,2,0
14768,5,0,0
14768,5,2,0
14768,6,1,0
14768,6,2,0
14768,7,0,0
14768,7,1,0
14768,7,2,0
14769,1,0,1
14769,2,1,0
14769,3,0,1
14769,3,1,0
14769,4,2,0
14769,5,0,1
14769,5,2,0
14769,6,1,0
14769,6,2,0
14769,7,0,1
14769,7,1,0
14769,7,2,0
14770,1,0,1
14770,2,1,0
14770,3,0,1
14770,3,1,0
14770,4,2,0
14770,5,0,1
14770,5,2,0
14770,6,1,0
14770,6,2,0
14770,7,0,1
14770,7,1,0
14770,7,2,0
14771,1,0,0
14771,2,1,0
14771,3,0,0
14771,3,1,0
14771,4,2,0
14771,5,0,0
14771,5,2,0
14771,6,1,0
14771,6,2,0
14771,7,0,0
14771,7,1,0
14771,7,2,0
14772,1,0,0
14772,2,1,0
14772,3,0,0
14772,3,1,0
14772,4,2,0
14772,5,0,0
14772,5,2,0
14772,6,1,0
14772,6,2,0
14772,7,0,0
14772,7,1,0
14772,7,2,0
14773,1,0,0
14773,2,1,0
14773,3,0,0
14773,3,1,0
14773,4,2,0
14773,5,0,0
14773,5,2,0
14773,6,1,0
14773,6,2,0
14773,7,0,0
14773,7,1,0
14773,7,2,0
14774,1,0,0
14774,2,1,0
14774,3,0,0
14774,3,1,0
14774,4,2,0
14774,5,0,0
14774,5,2,0
14774,6,1,0
14774,6,2,0
14774,7,0,0
14774,7,1,0
14774,7,2,0
14775,1,0,0
14775,2,1,0
14775,3,0,0
14775,3,1,0
14775,4,2,0
14775,5,0,0
14775,5,2,0
14775,6,1,0
14775,6,2,0
14775,7,0,0
14775,7,1,0
14775,7,2,0
14776,1,0,0
14776,2,1,0
14776,3,0,0
14776,3,1,0
14776,4,2,0
14776,5,0,0
14776,5,2,0
14776,6,1,0
14776,6,2,0
14776,7,0,0
14776,7,1,0
14776,7,2,0
14777,1,0,0
14777,2,1,0
14777,3,0,0
14777,3,1,0
14777,4,2,0
14777,5,0,0
14777,5,2,0
14777,6,1,0
14777,6,2,0
14777,7,0,0
14777,7,1,0
14777,7,2,0
14778,1,0,0
14778,2,1,0
14778,3,0,0
14778,3,1,0
14778,4,2,0
14778,5,0,0
14778,5,2,0
14778,6,1,0
14778,6,2,0
14778,7,0,0
14778,7,1,0
14778,7,2,0
14779,1,0,0
14779,2,1,0
14779,3,0,0
14779,3,1,0
14779,4,2,0
14779,5,0,0
14779,5,2,0
14779,6,1,0
14779,6,2,0
14779,7,0,0
14779,7,1,0
14779,7,2,0
14780,1,0,0
14780,2,1,0
14780,3,0,0
14780,3,1,0
14780,4,2,0
14780,5,0,0
14780,5,2,0
14780,6,1,0
14780,6,2,0
14780,7,0,0
14780,7,1,0
14780,7,2,0
14781,1,0,0
14781,2,1,0
14781,3,0,0
14781,3,1,0
14781,4,2,0
14781,5,0,0
14781,5,2,0
14781,6,1,0
14781,6,2,0
14781,7,0,0
14781,7,1,0
14781,7,2,0
14782,1,0,0
14782,2,1,0
14782,3,0,0
14782,3,1,0
14782,4,2,0
14782,5,0,0
14782,5,2,0
14782,6,1,0
14782,6,2,0
14782,7,0,0
14782,7,1,0
14782,7,2,0
14783,1,0,0
14783,2,1,0
14783,3,0,0
14783,3,1,0
14783,4,2,0
14783,5,0,0
14783,5,2,0
14783,6,1,0
14783,6,2,0
14783,7,0,0
14783,7,1,0
14783,7,2,0
14784,1,0,0
14784,2,1,0
14784,3,0,0
14784,3,1,0
14784,4,2,0
14784,5,0,0
14784,5,2,0
14784,6,1,0
14784,6,2,0
14784,7,0,0
14784,7,1,0
14784,7,2,0
14785,1,0,0
14785,2,1,0
14785,3,0,0
14785,3,1,0
14785,4,2,0
14785,5,0,0
14785,5,2,0
14785,6,1,0
14785,6,2,0
14785,7,0,0
14785,7,1,0
14785,7,2,0
14786,1,0,0
14786,2,1,0
14786,3,0,0
14786,3,1,0
14786,4,2,0
14786,5,0,0
14786,5,2,0
14786,6,1,0
14786,6,2,0
14786,7,0,0
14786,7,1,0
14786,7,2,0
14787,1,0,0
14787,2,1,0
14787,3,0,0
14787,3,1,0
14787,4,2,0
14787,5,0,0
14787,5,2,0
14787,6,1,0
14787,6,2,0
14787,7,0,0
14787,7,1,0
14787,7,2,0
14788,1,0,0
14788,2,1,0
14788,3,0,0
14788,3,1,0
14788,4,2,0
14788,5,0,0
14788,5,2,0
14788,6,1,0
14788,6,2,0
14788,7,0,0
14788,7,1,0
14788,7,2,0
14789,1,0,0
14789,2,1,0
14789,3,0,0
14789,3,1,0
14789,4,2,0
14789,5,0,0
14789,5,2,0
14789,6,1,0
14789,6,2,0
14789,7,0,0
14789,7,1,0
14789,7,2,0
14790,1,0,0
14790,2,1,0
14790,3,0,0
14790,3,1,0
14790,4,2,0
14790,5,0,0
14790,5,2,0
14790,6,1,0
14790,6,2,0
14790,7,0,0
14790,7,1,0
14790,7,2,0
14791,1,0,0
14791,2,1,0
14791,3,0,0
14791,3,1,0
14791,4,2,0
14791,5,0,0
14791,5,2,0
14791,6,1,0
14791,6,2,0
14791,7,0,0
14791,7,1,0
14791,7,2,0
14792,1,0,0
14792,2,1,0
14792,3,0,0
14792,3,1,0
14792,4,2,0
14792,5,0,0
14792,5,2,0
14792,6,1,0
14792,6,2,0
14792,7,0,0
14792,7,1,0
14792,7,2,0
14793,1,0,0
14793,2,1,0
14793,3,0,0
14793,3,1,0
14793,4,2,0
14793,5,0,0
14793,5,2,0
14793,6,1,0
14793,6,2,0
14793,7,0,0
14793,7,1,0
14793,7,2,0
14794,1,0,0
14794,2,1,0
14794,3,0,0
14794,3,1,0
14794,4,2,0
14794,5,0,0
14794,5,2,0
14794,6,1,0
14794,6,2,0
14794,7,0,0
14794,7,1,0
14794,7,2,0
14795,1,0,0
14795,2,1,0
14795,3,0,0
14795,3,1,0
14795,4,2,0
14795,5,0,0
14795,5,2,0
14795,6,1,0
14795,6,2,0
14795,7,0,0
14795,7,1,0
14795,7,2,0
14796,1,0,1
14796,2,1,0
14796,3,0,1
14796,3,1,0
14796,4,2,0
14796,5,0,1
14796,5,2,0
14796,6,1,0
14796,6,2,0
14796,7,0,1
14796,7,1,0
14796,7,2,0
14797,1,0,1
14797,2,1,0
14797,3,0,1
14797,3,1,0
14797,4,2,0
14797,5,0,1
14797,5,2,0
14797,6,1,0
14797,6,2,0
14797,7,0,1
14797,7,1,0
14797,7,2,0
14798,1,0,0
14798,2,1,0
14798,3,0,0
14798,3,1,0
14798,4,2,0
14798,5,0,0
14798,5,2,0
14798,6,1,0
14798,6,2,0
14798,7,0,0
14798,7,1,0
14798,7,2,0
14799,1,0,0
14799,2,1,0
14799,3,0,0
14799,3,1,0
14799,4,2,0
14799,5,0,0
14799,5,2,0
14799,6,1,0
14799,6,2,0
14799,7,0,0
14799,7,1,0
14799,7,2,0
14800,1,0,0
14800,2,1,0
14800,3,0,0
14800,3,1,0
14800,4,2,0
14800,5,0,0
14800,5,2,0
14800,6,1,0
14800,6,2,0
14800,7,0,0
14800,7,1,0
14800,7,2,0
14801,1,0,0
14801,2,1,0
14801,3,0,0
14801,3,1,0
14801,4,2,0
14801,5,0,0
14801,5,2,0
14801,6,1,0
14801,6,2,0
14801,7,0,0
14801,7,1,0
14801,7,2,0
14802,1,0,0
14802,2,1,0
14802,3,0,0
14802,3,1,0
14802,4,2,0
14802,5,0,0
14802,5,2,0
14802,6,1,0
14802,6,2,0
14802,7,0,0
14802,7,1,0
14802,7,2,0
14803,1,0,0
14803,2,1,0
14803,3,0,0
14803,3,1,0
14803,4,2,0
14803,5,0,0
14803,5,2,0
14803,6,1,0
14803,6,2,0
14803,7,0,0
14803,7,1,0
14803,7,2,0
14804,1,0,0
14804,2,1,0
14804,3,0,0
14804,3,1,0
14804,4,2,0
14804,5,0,0
14804,5,2,0
14804,6,1,0
14804,6,2,0
14804,7,0,0
14804,7,1,0
14804,7,2,0
14805,1,0,0
14805,2,1,0
14805,3,0,0
14805,3,1,0
14805,4,2,0
14805,5,0,0
14805,5,2,0
14805,6,1,0
14805,6,2,0
14805,7,0,0
14805,7,1,0
14805,7,2,0
14806,1,0,0
14806,2,1,0
14806,3,0,0
14806,3,1,0
14806,4,2,0
14806,5,0,0
14806,5,2,0
14806,6,1,0
14806,6,2,0
14806,7,0,0
14806,7,1,0
14806,7,2,0
14807,1,0,0
14807,2,1,0
14807,3,0,0
14807,3,1,0
14807,4,2,0
14807,5,0,0
14807,5,2,0
14807,6,1,0
14807,6,2,0
14807,7,0,0
14807,7,1,0
14807,7,2,0
14808,1,0,0
14808,2,1,0
14808,3,0,0
14808,3,1,0
14808,4,2,0
14808,5,0,0
14808,5,2,0
14808,6,1,0
14808,6,2,0
14808,7,0,0
14808,7,1,0
14808,7,2,0
14809,1,0,0
14809,2,1,0
14809,3,0,0
14809,3,1,0
14809,4,2,0
14809,5,0,0
14809,5,2,0
14809,6,1,0
14809,6,2,0
14809,7,0,0
14809,7,1,0
14809,7,2,0
14810,1,0,0
14810,2,1,0
14810,3,0,0
14810,3,1,0
14810,4,2,0
14810,5,0,0
14810,5,2,0
14810,6,1,0
14810,6,2,0
14810,7,0,0
14810,7,1,0
14810,7,2,0
14811,1,0,0
14811,2,1,0
14811,3,0,0
14811,3,1,0
14811,4,2,0
14811,5,0,0
14811,5,2,0
14811,6,1,0
14811,6,2,0
14811,7,0,0
14811,7,1,0
14811,7,2,0
14812,1,0,0
14812,2,1,0
14812,3,0,0
14812,3,1,0
14812,4,2,0
14812,5,0,0
14812,5,2,0
14812,6,1,0
14812,6,2,0
14812,7,0,0
14812,7,1,0
14812,7,2,0
14813,1,0,0
14813,2,1,0
14813,3,0,0
14813,3,1,0
14813,4,2,0
14813,5,0,0
14813,5,2,0
14813,6,1,0
14813,6,2,0
14813,7,0,0
14813,7,1,0
14813,7,2,0
14814,1,0,0
14814,2,1,0
14814,3,0,0
14814,3,1,0
14814,4,2,0
14814,5,0,0
14814,5,2,0
14814,6,1,0
14814,6,2,0
14814,7,0,0
14814,7,1,0
14814,7,2,0
14815,1,0,0
14815,2,1,0
14815,3,0,0
14815,3,1,0
14815,4,2,0
14815,5,0,0
14815,5,2,0
14815,6,1,0
14815,6,2,0
14815,7,0,0
14815,7,1,0
14815,7,2,0
14816,1,0,0
14816,2,1,0
14816,3,0,0
14816,3,1,0
14816,4,2,0
14816,5,0,0
14816,5,2,0
14816,6,1,0
14816,6,2,0
14816,7,0,0
14816,7,1,0
14816,7,2,0
14817,1,0,0
14817,2,1,0
14817,3,0,0
14817,3,1,0
14817,4,2,0
14817,5,0,0
14817,5,2,0
14817,6,1,0
14817,6,2,0
14817,7,0,0
14817,7,1,0
14817,7,2,0
14818,1,0,0
14818,2,1,0
14818,3,0,0
14818,3,1,0
14818,4,2,0
14818,5,0,0
14818,5,2,0
14818,6,1,0
14818,6,2,0
14818,7,0,0
14818,7,1,0
14818,7,2,0
14819,1,0,0
14819,2,1,0
14819,3,0,0
14819,3,1,0
14819,4,2,0
14819,5,0,0
14819,5,2,0
14819,6,1,0
14819,6,2,0
14819,7,0,0
14819,7,1,0
14819,7,2,0
14820,1,0,0
14820,2,1,0
14820,3,0,0
14820,3,1,0
14820,4,2,0
14820,5,0,0
14820,5,2,0
14820,6,1,0
14820,6,2,0
14820,7,0,0
14820,7,1,0
14820,7,2,0
14821,1,0,0
14821,2,1,0
14821,3,0,0
14821,3,1,0
14821,4,2,0
14821,5,0,0
14821,5,2,0
14821,6,1,0
14821,6,2,0
14821,7,0,0
14821,7,1,0
14821,7,2,0
14822,1,0,0
14822,2,1,0
14822,3,0,0
14822,3,1,0
14822,4,2,0
14822,5,0,0
14822,5,2,0
14822,6,1,0
14822,6,2,0
14822,7,0,0
14822,7,1,0
14822,7,2,0
14823,1,0,1
14823,2,1,0
14823,3,0,1
14823,3,1,0
14823,4,2,0
14823,5,0,1
14823,5,2,0
14823,6,1,0
14823,6,2,0
14823,7,0,1
14823,7,1,0
14823,7,2,0
14824,1,0,1
14824,2,1,0
14824,3,0,1
14824,3,1,0
14824,4,2,0
14824,5,0,1
14824,5,2,0
14824,6,1,0
14824,6,2,0
14824,7,0,1
14824,7,1,0
14824,7,2,0
14825,1,0,0
14825,2,1,0
14825,3,0,0
14825,3,1,0
14825,4,2,0
14825,5,0,0
14825,5,2,0
14825,6,1,0
14825,6,2,0
14825,7,0,0
14825,7,1,0
14825,7,2,0
14826,1,0,0
14826,2,1,0
14826,3,0,0
14826,3,1,0
14826,4,2,0
14826,5,0,0
14826,5,2,0
14826,6,1,0
14826,6,2,0
14826,7,0,0
14826,7,1,0
14826,7,2,0
14827,1,0,0
14827,2,1,0
14827,3,0,0
14827,3,1,0
14827,4,2,0
14827,5,0,0
14827,5,2,0
14827,6,1,0
14827,6,2,0
14827,7,0,0
14827,7,1,0
14827,7,2,0
14828,1,0,0
14828,2,1,0
14828,3,0,0
14828,3,1,0
14828,4,2,0
14828,5,0,0
14828,5,2,0
14828,6,1,0
14828,6,2,0
14828,7,0,0
14828,7,1,0
14828,7,2,0
14829,1,0,0
14829,2,1,0
14829,3,0,0
14829,3,1,0
14829,4,2,0
14829,5,0,0
14829,5,2,0
14829,6,1,0
14829,6,2,0
14829,7,0,0
14829,7,1,0
14829,7,2,0
14830,1,0,0
14830,2,1,0
14830,3,0,0
14830,3,1,0
14830,4,2,0
14830,5,0,0
14830,5,2,0
14830,6,1,0
14830,6,2,0
14830,7,0,0
14830,7,1,0
14830,7,2,0
14831,1,0,0
14831,2,1,0
14831,3,0,0
14831,3,1,0
14831,4,2,0
14831,5,0,0
14831,5,2,0
14831,6,1,0
14831,6,2,0
14831,7,0,0
14831,7,1,0
14831,7,2,0
14832,1,0,0
14832,2,1,0
14832,3,0,0
14832,3,1,0
14832,4,2,0
14832,5,0,0
14832,5,2,0
14832,6,1,0
14832,6,2,0
14832,7,0,0
14832,7,1,0
14832,7,2,0
14833,1,0,0
14833,2,1,0
14833,3,0,0
14833,3,1,0
14833,4,2,0
14833,5,0,0
14833,5,2,0
14833,6,1,0
14833,6,2,0
14833,7,0,0
14833,7,1,0
14833,7,2,0
14834,1,0,0
14834,2,1,0
14834,3,0,0
14834,3,1,0
14834,4,2,0
14834,5,0,0
14834,5,2,0
14834,6,1,0
14834,6,2,0
14834,7,0,0
14834,7,1,0
14834,7,2,0
14835,1,0,0
14835,2,1,0
14835,3,0,0
14835,3,1,0
14835,4,2,0
14835,5,0,0
14835,5,2,0
14835,6,1,0
14835,6,2,0
14835,7,0,0
14835,7,1,0
14835,7,2,0
14836,1,0,0
14836,2,1,0
14836,3,0,0
14836,3,1,0
14836,4,2,0
14836,5,0,0
14836,5,2,0
14836,6,1,0
14836,6,2,0
14836,7,0,0
14836,7,1,0
14836,7,2,0
14837,1,0,0
14837,2,1,0
14837,3,0,0
14837,3,1,0
14837,4,2,0
14837,5,0,0
14837,5,2,0
14837,6,1,0
14837,6,2,0
14837,7,0,0
14837,7,1,0
14837,7,2,0
14838,1,0,0
14838,2,1,0
14838,3,0,0
14838,3,1,0
14838,4,2,0
14838,5,0,0
14838,5,2,0
14838,6,1,0
14838,6,2,0
14838,7,0,0
14838,7,1,0
14838,7,2,0
14839,1,0,0
14839,2,1,0
14839,3,0,0
14839,3,1,0
14839,4,2,0
14839,5,0,0
14839,5,2,0
14839,6,1,0
14839,6,2,0
14839,7,0,0
14839,7,1,0
14839,7,2,0
14840,1,0,0
14840,2,1,0
14840,3,0,0
14840,3,1,0
14840,4,2,0
14840,5,0,0
14840,5,2,0
14840,6,1,0
14840,6,2,0
14840,7,0,0
14840,7,1,0
14840,7,2,0
14841,1,0,0
14841,2,1,0
14841,3,0,0
14841,3,1,0
14841,4,2,0
14841,5,0,0
14841,5,2,0
14841,6,1,0
14841,6,2,0
14841,7,0,0
14841,7,1,0
14841,7,2,0
14842,1,0,0
14842,2,1,0
14842,3,0,0
14842,3,1,0
14842,4,2,0
14842,5,0,0
14842,5,2,0
14842,6,1,0
14842,6,2,0
14842,7,0,0
14842,7,1,0
14842,7,2,0
14843,1,0,0
14843,2,1,0
14843,3,0,0
14843,3,1,0
14843,4,2,0
14843,5,0,0
14843,5,2,0
14843,6,1,0
14843,6,2,0
14843,7,0,0
14843,7,1,0
14843,7,2,0
14844,1,0,0
14844,2,1,0
14844,3,0,0
14844,3,1,0
14844,4,2,0
14844,5,0,0
14844,5,2,0
14844,6,1,0
14844,6,2,0
14844,7,0,0
14844,7,1,0
14844,7,2,0
14845,1,0,0
14845,2,1,0
14845,3,0,0
14845,3,1,0
14845,4,2,0
14845,5,0,0
14845,5,2,0
14845,6,1,0
14845,6,2,0
14845,7,0,0
14845,7,1,0
14845,7,2,0
14846,1,0,0
14846,2,1,0
14846,3,0,0
14846,3,1,0
14846,4,2,0
14846,5,0,0
14846,5,2,0
14846,6,1,0
14846,6,2,0
14846,7,0,0
14846,7,1,0
14846,7,2,0
14847,1,0,0
14847,2,1,0
14847,3,0,0
14847,3,1,0
14847,4,2,0
14847,5,0,0
14847,5,2,0
14847,6,1,0
14847,6,2,0
14847,7,0,0
14847,7,1,0
14847,7,2,0
14848,1,0,0
14848,2,1,0
14848,3,0,0
14848,3,1,0
14848,4,2,0
14848,5,0,0
14848,5,2,0
14848,6,1,0
14848,6,2,0
14848,7,0,0
14848,7,1,0
14848,7,2,0
14849,1,0,0
14849,2,1,0
14849,3,0,0
14849,3,1,0
14849,4,2,0
14849,5,0,0
14849,5,2,0
14849,6,1,0
14849,6,2,0
14849,7,0,0
14849,7,1,0
14849,7,2,0
14850,1,0,1
14850,2,1,0
14850,3,0,1
14850,3,1,0
14850,4,2,0
14850,5,0,1
14850,5,2,0
14850,6,1,0
14850,6,2,0
14850,7,0,1
14850,7,1,0
14850,7,2,0
14851,1,0,1
14851,2,1,0
14851,3,0,1
14851,3,1,0
14851,4,2,0
14851,5,0,1
14851,5,2,0
14851,6,1,0
14851,6,2,0
14851,7,0,1
14851,7,1,0
14851,7,2,0
14852,1,0,0
14852,2,1,0
14852,3,0,0
14852,3,1,0
14852,4,2,0
14852,5,0,0
14852,5,2,0
14852,6,1,0
14852,6,2,0
14852,7,0,0
14852,7,1,0
14852,7,2,0
14853,1,0,0
14853,2,1,0
14853,3,0,0
14853,3,1,0
14853,4,2,0
14853,5,0,0
14853,5,2,0
14853,6,1,0
14853,6,2,0
14853,7,0,0
14853,7,1,0
14853,7,2,0
14854,1,0,0
14854,2,1,0
14854,3,0,0
14854,3,1,0
14854,4,2,0
14854,5,0,0
14854,5,2,0
14854,6,1,0
14854,6,2,0
14854,7,0,0
14854,7,1,0
14854,7,2,0
14855,1,0,0
14855,2,1,0
14855,3,0,0
14855,3,1,0
14855,4,2,0
14855,5,0,0
14855,5,2,0
14855,6,1,0
14855,6,2,0
14855,7,0,0
14855,7,1,0
14855,7,2,0
14856,1,0,0
14856,2,1,0
14856,3,0,0
14856,3,1,0
14856,4,2,0
14856,5,0,0
14856,5,2,0
14856,6,1,0
14856,6,2,0
14856,7,0,0
14856,7,1,0
14856,7,2,0
14857,1,0,0
14857,2,1,0
14857,3,0,0
14857,3,1,0
14857,4,2,0
14857,5,0,0
14857,5,2,0
14857,6,1,0
14857,6,2,0
14857,7,0,0
14857,7,1,0
14857,7,2,0
14858,1,0,0
14858,2,1,0
14858,3,0,0
14858,3,1,0
14858,4,2,0
14858,5,0,0
14858,5,2,0
14858,6,1,0
14858,6,2,0
14858,7,0,0
14858,7,1,0
14858,7,2,0
14859,1,0,0
14859,2,1,0
14859,3,0,0
14859,3,1,0
14859,4,2,0
14859,5,0,0
14859,5,2,0
14859,6,1,0
14859,6,2,0
14859,7,0,0
14859,7,1,0
14859,7,2,0
14860,1,0,0
14860,2,1,0
14860,3,0,0
14860,3,1,0
14860,4,2,0
14860,5,0,0
14860,5,2,0
14860,6,1,0
14860,6,2,0
14860,7,0,0
14860,7,1,0
14860,7,2,0
14861,1,0,0
14861,2,1,0
14861,3,0,0
14861,3,1,0
14861,4,2,0
14861,5,0,0
14861,5,2,0
14861,6,1,0
14861,6,2,0
14861,7,0,0
14861,7,1,0
14861,7,2,0
14862,1,0,0
14862,2,1,0
14862,3,0,0
14862,3,1,0
14862,4,2,0
14862,5,0,0
14862,5,2,0
14862,6,1,0
14862,6,2,0
14862,7,0,0
14862,7,1,0
14862,7,2,0
14863,1,0,0
14863,2,1,0
14863,3,0,0
14863,3,1,0
14863,4,2,0
14863,5,0,0
14863,5,2,0
14863,6,1,0
14863,6,2,0
14863,7,0,0
14863,7,1,0
14863,7,2,0
14864,1,0,0
14864,2,1,0
14864,3,0,0
14864,3,1,0
14864,4,2,0
14864,5,0,0
14864,5,2,0
14864,6,1,0
14864,6,2,0
14864,7,0,0
14864,7,1,0
14864,7,2,0
14865,1,0,0
14865,2,1,0
14865,3,0,0
14865,3,1,0
14865,4,2,0
14865,5,0,0
14865,5,2,0
14865,6,1,0
14865,6,2,0
14865,7,0,0
14865,7,1,0
14865,7,2,0
14866,1,0,0
14866,2,1,0
14866,3,0,0
14866,3,1,0
14866,4,2,0
14866,5,0,0
14866,5,2,0
14866,6,1,0
14866,6,2,0
14866,7,0,0
14866,7,1,0
14866,7,2,0
14867,1,0,0
14867,2,1,0
14867,3,0,0
14867,3,1,0
14867,4,2,0
14867,5,0,0
14867,5,2,0
14867,6,1,0
14867,6,2,0
14867,7,0,0
14867,7,1,0
14867,7,2,0
14868,1,0,0
14868,2,1,0
14868,3,0,0
14868,3,1,0
14868,4,2,0
14868,5,0,0
14868,5,2,0
14868,6,1,0
14868,6,2,0
14868,7,0,0
14868,7,1,0
14868,7,2,0
14869,1,0,0
14869,2,1,0
14869,3,0,0
14869,3,1,0
14869,4,2,0
14869,5,0,0
14869,5,2,0
14869,6,1,0
14869,6,2,0
14869,7,0,0
14869,7,1,0
14869,7,2,0
14870,1,0,0
14870,2,1,0
14870,3,0,0
14870,3,1,0
14870,4,2,0
14870,5,0,0
14870,5,2,0
14870,6,1,0
14870,6,2,0
14870,7,0,0
14870,7,1,0
14870,7,2,0
14871,1,0,0
14871,2,1,0
14871,3,0,0
14871,3,1,0
14871,4,2,0
14871,5,0,0
14871,5,2,0
14871,6,1,0
14871,6,2,0
14871,7,0,0
14871,7,1,0
14871,7,2,0
14872,1,0,0
14872,2,1,0
14872,3,0,0
14872,3,1,0
14872,4,2,0
14872,5,0,0
14872,5,2,0
14872,6,1,0
14872,6,2,0
14872,7,0,0
14872,7,1,0
14872,7,2,0
14873,1,0,0
14873,2,1,0
14873,3,0,0
14873,3,1,0
14873,4,2,0
14873,5,0,0
14873,5,2,0
14873,6,1,0
14873,6,2,0
14873,7,0,0
14873,7,1,0
14873,7,2,0
14874,1,0,0
14874,2,1,0
14874,3,0,0
14874,3,1,0
14874,4,2,0
14874,5,0,0
14874,5,2,0
14874,6,1,0
14874,6,2,0
14874,7,0,0
14874,7,1,0
14874,7,2,0
14875,1,0,0
14875,2,1,0
14875,3,0,0
14875,3,1,0
14875,4,2,0
14875,5,0,0
14875,5,2,0
14875,6,1,0
14875,6,2,0
14875,7,0,0
14875,7,1,0
14875,7,2,0
14876,1,0,0
14876,2,1,0
14876,3,0,0
14876,3,1,0
14876,4,2,0
14876,5,0,0
14876,5,2,0
14876,6,1,0
14876,6,2,0
14876,7,0,0
14876,7,1,0
14876,7,2,0
14877,1,0,1
14877,2,1,0
14877,3,0,1
14877,3,1,0
14877,4,2,0
14877,5,0,1
14877,5,2,0
14877,6,1,0
14877,6,2,0
14877,7,0,1
14877,7,1,0
14877,7,2,0
14878,1,0,1
14878,2,1,0
14878,3,0,1
14878,3,1,0
14878,4,2,0
14878,5,0,1
14878,5,2,0
14878,6,1,0
14878,6,2,0
14878,7,0,1
14878,7,1,0
14878,7,2,0
14879,1,0,0
14879,2,1,0
14879,3,0,0
14879,3,1,0
14879,4,2,0
14879,5,0,0
14879,5,2,0
14879,6,1,0
14879,6,2,0
14879,7,0,0
14879,7,1,0
14879,7,2,0
14880,1,0,0
14880,2,1,0
14880,3,0,0
14880,3,1,0
14880,4,2,0
14880,5,0,0
14880,5,2,0
14880,6,1,0
14880,6,2,0
14880,7,0,0
14880,7,1,0
14880,7,2,0
14881,1,0,0
14881,2,1,0
14881,3,0,0
14881,3,1,0
14881,4,2,0
14881,5,0,0
14881,5,2,0
14881,6,1,0
14881,6,2,0
14881,7,0,0
14881,7,1,0
14881,7,2,0
14882,1,0,0
14882,2,1,0
14882,3,0,0
14882,3,1,0
14882,4,2,0
14882,5,0,0
14882,5,2,0
14882,6,1,0
14882,6,2,0
14882,7,0,0
14882,7,1,0
14882,7,2,0
14883,1,0,0
14883,2,1,0
14883,3,0,0
14883,3,1,0
14883,4,2,0
14883,5,0,0
14883,5,2,0
14883,6,1,0
14883,6,2,0
14883,7,0,0
14883,7,1,0
14883,7,2,0
14884,1,0,0
14884,2,1,0
14884,3,0,0
14884,3,1,0
14884,4,2,0
14884,5,0,0
14884,5,2,0
14884,6,1,0
14884,6,2,0
14884,7,0,0
14884,7,1,0
14884,7,2,0
14885,1,0,0
14885,2,1,0
14885,3,0,0
14885,3,1,0
14885,4,2,0
14885,5,0,0
14885,5,2,0
14885,6,1,0
14885,6,2,0
14885,7,0,0
14885,7,1,0
14885,7,2,0
14886,1,0,0
14886,2,1,0
14886,3,0,0
14886,3,1,0
14886,4,2,0
14886,5,0,0
14886,5,2,0
14886,6,1,0
14886,6,2,0
14886,7,0,0
14886,7,1,0
14886,7,2,0
14887,1,0,0
14887,2,1,0
14887,3,0,0
14887,3,1,0
14887,4,2,0
14887,5,0,0
14887,5,2,0
14887,6,1,0
14887,6,2,0
14887,7,0,0
14887,7,1,0
14887,7,2,0
14888,1,0,0
14888,2,1,0
14888,3,0,0
14888,3,1,0
14888,4,2,0
14888,5,0,0
14888,5,2,0
14888,6,1,0
14888,6,2,0
14888,7,0,0
14888,7,1,0
14888,7,2,0
14889,1,0,0
14889,2,1,0
14889,3,0,0
14889,3,1,0
14889,4,2,0
14889,5,0,0
14889,5,2,0
14889,6,1,0
14889,6,2,0
14889,7,0,0
14889,7,1,0
14889,7,2,0
14890,1,0,0
14890,2,1,0
14890,3,0,0
14890,3,1,0
14890,4,2,0
14890,5,0,0
14890,5,2,0
14890,6,1,0
14890,6,2,0
14890,7,0,0
14890,7,1,0
14890,7,2,0
14891,1,0,0
14891,2,1,0
14891,3,0,0
14891,3,1,0
14891,4,2,0
14891,5,0,0
14891,5,2,0
14891,6,1,0
14891,6,2,0
14891,7,0,0
14891,7,1,0
14891,7,2,0
14892,1,0,0
14892,2,1,0
14892,3,0,0
14892,3,1,0
14892,4,2,0
14892,5,0,0
14892,5,2,0
14892,6,1,0
14892,6,2,0
14892,7,0,0
14892,7,1,0
14892,7,2,0
14893,1,0,0
14893,2,1,0
14893,3,0,0
14893,3,1,0
14893,4,2,0
14893,5,0,0
14893,5,2,0
14893,6,1,0
14893,6,2,0
14893,7,0,0
14893,7,1,0
14893,7,2,0
14894,1,0,0
14894,2,1,0
14894,3,0,0
14894,3,1,0
14894,4,2,0
14894,5,0,0
14894,5,2,0
14894,6,1,0
14894,6,2,0
14894,7,0,0
14894,7,1,0
14894,7,2,0
14895,1,0,0
14895,2,1,0
14895,3,0,0
14895,3,1,0
14895,4,2,0
14895,5,0,0
14895,5,2,0
14895,6,1,0
14895,6,2,0
14895,7,0,0
14895,7,1,0
14895,7,2,0
14896,1,0,0
14896,2,1,0
14896,3,0,0
14896,3,1,0
14896,4,2,0
14896,5,0,0
14896,5,2,0
14896,6,1,0
14896,6,2,0
14896,7,0,0
14896,7,1,0
14896,7,2,0
14897,1,0,0
14897,2,1,0
14897,3,0,0
14897,3,1,0
14897,4,2,0
14897,5,0,0
14897,5,2,0
14897,6,1,0
14897,6,2,0
14897,7,0,0
14897,7,1,0
14897,7,2,0
14898,1,0,0
14898,2,1,0
14898,3,0,0
14898,3,1,0
14898,4,2,0
14898,5,0,0
14898,5,2,0
14898,6,1,0
14898,6,2,0
14898,7,0,0
14898,7,1,0
14898,7,2,0
14899,1,0,0
14899,2,1,0
14899,3,0,0
14899,3,1,0
14899,4,2,0
14899,5,0,0
14899,5,2,0
14899,6,1,0
14899,6,2,0
14899,7,0,0
14899,7,1,0
14899,7,2,0
14900,1,0,0
14900,2,1,0
14900,3,0,0
14900,3,1,0
14900,4,2,0
14900,5,0,0
14900,5,2,0
14900,6,1,0
14900,6,2,0
14900,7,0,0
14900,7,1,0
14900,7,2,0
14901,1,0,0
14901,2,1,0
14901,3,0,0
14901,3,1,0
14901,4,2,0
14901,5,0,0
14901,5,2,0
14901,6,1,0
14901,6,2,0
14901,7,0,0
14901,7,1,0
14901,7,2,0
14902,1,0,0
14902,2,1,0
14902,3,0,0
14902,3,1,0
14902,4,2,0
14902,5,0,0
14902,5,2,0
14902,6,1,0
14902,6,2,0
14902,7,0,0
14902,7,1,0
14902,7,2,0
14903,1,0,0
14903,2,1,0
14903,3,0,0
14903,3,1,0
14903,4,2,0
14903,5,0,0
14903,5,2,0
14903,6,1,0
14903,6,2,0
14903,7,0,0
14903,7,1,0
14903,7,2,0
14904,1,0,1
14904,2,1,0
14904,3,0,1
14904,3,1,0
14904,4,2,0
14904,5,0,1
14904,5,2,0
14904,6,1,0
14904,6,2,0
14904,7,0,1
14904,7,1,0
14904,7,2,0
14905,1,0,1
14905,2,1,0
14905,3,0,1
14905,3,1,0
14905,4,2,0
14905,5,0,1
14905,5,2,0
14905,6,1,0
14905,6,2,0
14905,7,0,1
14905,7,1,0
14905,7,2,0
14906,1,0,0
14906,2,1,0
14906,3,0,0
14906,3,1,0
14906,4,2,0
14906,5,0,0
14906,5,2,0
14906,6,1,0
14906,6,2,0
14906,7,0,0
14906,7,1,0
14906,7,2,0
14907,1,0,0
14907,2,1,0
14907,3,0,0
14907,3,1,0
14907,4,2,0
14907,5,0,0
14907,5,2,0
14907,6,1,0
14907,6,2,0
14907,7,0,0
14907,7,1,0
14907,7,2,0
14908,1,0,0
14908,2,1,0
14908,3,0,0
14908,3,1,0
14908,4,2,0
14908,5,0,0
14908,5,2,0
14908,6,1,0
14908,6,2,0
14908,7,0,0
14908,7,1,0
14908,7,2,0
14909,1,0,0
14909,2,1,0
14909,3,0,0
14909,3,1,0
14909,4,2,0
14909,5,0,0
14909,5,2,0
14909,6,1,0
14909,6,2,0
14909,7,0,0
14909,7,1,0
14909,7,2,0
14910,1,0,0
14910,2,1,0
14910,3,0,0
14910,3,1,0
14910,4,2,0
14910,5,0,0
14910,5,2,0
14910,6,1,0
14910,6,2,0
14910,7,0,0
14910,7,1,0
14910,7,2,0
14911,1,0,0
14911,2,1,0
14911,3,0,0
14911,3,1,0
14911,4,2,0
14911,5,0,0
14911,5,2,0
14911,6,1,0
14911,6,2,0
14911,7,0,0
14911,7,1,0
14911,7,2,0
14912,1,0,0
14912,2,1,0
14912,3,0,0
14912,3,1,0
14912,4,2,0
14912,5,0,0
14912,5,2,0
14912,6,1,0
14912,6,2,0
14912,7,0,0
14912,7,1,0
14912,7,2,0
14913,1,0,0
14913,2,1,0
14913,3,0,0
14913,3,1,0
14913,4,2,0
14913,5,0,0
14913,5,2,0
14913,6,1,0
14913,6,2,0
14913,7,0,0
14913,7,1,0
14913,7,2,0
14914,1,0,0
14914,2,1,0
14914,3,0,0
14914,3,1,0
14914,4,2,0
14914,5,0,0
14914,5,2,0
14914,6,1,0
14914,6,2,0
14914,7,0,0
14914,7,1,0
14914,7,2,0
14915,1,0,0
14915,2,1,0
14915,3,0,0
14915,3,1,0
14915,4,2,0
14915,5,0,0
14915,5,2,0
14915,6,1,0
14915,6,2,0
14915,7,0,0
14915,7,1,0
14915,7,2,0
14916,1,0,0
14916,2,1,0
14916,3,0,0
14916,3,1,0
14916,4,2,0
14916,5,0,0
14916,5,2,0
14916,6,1,0
14916,6,2,0
14916,7,0,0
14916,7,1,0
14916,7,2,0
14917,1,0,0
14917,2,1,0
14917,3,0,0
14917,3,1,0
14917,4,2,0
14917,5,0,0
14917,5,2,0
14917,6,1,0
14917,6,2,0
14917,7,0,0
14917,7,1,0
14917,7,2,0
14918,1,0,0
14918,2,1,0
14918,3,0,0
14918,3,1,0
14918,4,2,0
14918,5,0,0
14918,5,2,0
14918,6,1,0
14918,6,2,0
14918,7,0,0
14918,7,1,0
14918,7,2,0
14919,1,0,0
14919,2,1,0
14919,3,0,0
14919,3,1,0
14919,4,2,0
14919,5,0,0
14919,5,2,0
14919,6,1,0
14919,6,2,0
14919,7,0,0
14919,7,1,0
14919,7,2,0
14920,1,0,0
14920,2,1,0
14920,3,0,0
14920,3,1,0
14920,4,2,0
14920,5,0,0
14920,5,2,0
14920,6,1,0
14920,6,2,0
14920,7,0,0
14920,7,1,0
14920,7,2,0
14921,1,0,0
14921,2,1,0
14921,3,0,0
14921,3,1,0
14921,4,2,0
14921,5,0,0
14921,5,2,0
14921,6,1,0
14921,6,2,0
14921,7,0,0
14921,7,1,0
14921,7,2,0
14922,1,0,0
14922,2,1,0
14922,3,0,0
14922,3,1,0
14922,4,2,0
14922,5,0,0
14922,5,2,0
14922,6,1,0
14922,6,2,0
14922,7,0,0
14922,7,1,0
14922,7,2,0
14923,1,0,0
14923,2,1,0
14923,3,0,0
14923,3,1,0
14923,4,2,0
14923,5,0,0
14923,5,2,0
14923,6,1,0
14923,6,2,0
14923,7,0,0
14923,7,1,0
14923,7,2,0
14924,1,0,0
14924,2,1,0
14924,3,0,0
14924,3,1,0
14924,4,2,0
14924,5,0,0
14924,5,2,0
14924,6,1,0
14924,6,2,0
14924,7,0,0
14924,7,1,0
14924,7,2,0
14925,1,0,0
14925,2,1,0
14925,3,0,0
14925,3,1,0
14925,4,2,0
14925,5,0,0
14925,5,2,0
14925,6,1,0
14925,6,2,0
14925,7,0,0
14925,7,1,0
14925,7,2,0
14926,1,0,0
14926,2,1,0
14926,3,0,0
14926,3,1,0
14926,4,2,0
14926,5,0,0
14926,5,2,0
14926,6,1,0
14926,6,2,0
14926,7,0,0
14926,7,1,0
14926,7,2,0
14927,1,0,0
14927,2,1,0
14927,3,0,0
14927,3,1,0
14927,4,2,0
14927,5,0,0
14927,5,2,0
14927,6,1,0
14927,6,2,0
14927,7,0,0
14927,7,1,0
14927,7,2,0
14928,1,0,0
14928,2,1,0
14928,3,0,0
14928,3,1,0
14928,4,2,0
14928,5,0,0
14928,5,2,0
14928,6,1,0
14928,6,2,0
14928,7,0,0
14928,7,1,0
14928,7,2,0
14929,1,0,0
14929,2,1,0
14929,3,0,0
14929,3,1,0
14929,4,2,0
14929,5,0,0
14929,5,2,0
14929,6,1,0
14929,6,2,0
14929,7,0,0
14929,7,1,0
14929,7,2,0
14930,1,0,0
14930,2,1,0
14930,3,0,0
14930,3,1,0
14930,4,2,0
14930,5,0,0
14930,5,2,0
14930,6,1,0
14930,6,2,0
14930,7,0,0
14930,7,1,0
14930,7,2,0
14931,1,0,1
14931,2,1,0
14931,3,0,1
14931,3,1,0
14931,4,2,0
14931,5,0,1
14931,5,2,0
14931,6,1,0
14931,6,2,0
14931,7,0,1
14931,7,1,0
14931,7,2,0
14932,1,0,1
14932,2,1,0
14932,3,0,1
14932,3,1,0
14932,4,2,0
14932,5,0,1
14932,5,2,0
14932,6,1,0
14932,6,2,0
14932,7,0,1
14932,7,1,0
14932,7,2,0
14933,1,0,0
14933,2,1,0
14933,3,0,0
14933,3,1,0
14933,4,2,0
14933,5,0,0
14933,5,2,0
14933,6,1,0
14933,6,2,0
14933,7,0,0
14933,7,1,0
14933,7,2,0
14934,1,0,0
14934,2,1,0
14934,3,0,0
14934,3,1,0
14934,4,2,0
14934,5,0,0
14934,5,2,0
14934,6,1,0
14934,6,2,0
14934,7,0,0
14934,7,1,0
14934,7,2,0
14935,1,0,0
14935,2,1,0
14935,3,0,0
14935,3,1,0
14935,4,2,0
14935,5,0,0
14935,5,2,0
14935,6,1,0
14935,6,2,0
14935,7,0,0
14935,7,1,0
14935,7,2,0
14936,1,0,0
14936,2,1,0
14936,3,0,0
14936,3,1,0
14936,4,2,0
14936,5,0,0
14936,5,2,0
14936,6,1,0
14936,6,2,0
14936,7,0,0
14936,7,1,0
14936,7,2,0
14937,1,0,0
14937,2,1,0
14937,3,0,0
14937,3,1,0
14937,4,2,0
14937,5,0,0
14937,5,2,0
14937,6,1,0
14937,6,2,0
14937,7,0,0
14937,7,1,0
14937,7,2,0
14938,1,0,0
14938,2,1,0
14938,3,0,0
14938,3,1,0
14938,4,2,0
14938,5,0,0
14938,5,2,0
14938,6,1,0
14938,6,2,0
14938,7,0,0
14938,7,1,0
14938,7,2,0
14939,1,0,0
14939,2,1,0
14939,3,0,0
14939,3,1,0
14939,4,2,0
14939,5,0,0
14939,5,2,0
14939,6,1,0
14939,6,2,0
14939,7,0,0
14939,7,1,0
14939,7,2,0
14940,1,0,0
14940,2,1,0
14940,3,0,0
14940,3,1,0
14940,4,2,0
14940,5,0,0
14940,5,2,0
14940,6,1,0
14940,6,2,0
14940,7,0,0
14940,7,1,0
14940,7,2,0
14941,1,0,0
14941,2,1,0
14941,3,0,0
14941,3,1,0
14941,4,2,0
14941,5,0,0
14941,5,2,0
14941,6,1,0
14941,6,2,0
14941,7,0,0
14941,7,1,0
14941,7,2,0
14942,1,0,0
14942,2,1,0
14942,3,0,0
14942,3,1,0
14942,4,2,0
14942,5,0,0
14942,5,2,0
14942,6,1,0
14942,6,2,0
14942,7,0,0
14942,7,1,0
14942,7,2,0
14943,1,0,0
14943,2,1,0
14943,3,0,0
14943,3,1,0
14943,4,2,0
14943,5,0,0
14943,5,2,0
14943,6,1,0
14943,6,2,0
14943,7,0,0
14943,7,1,0
14943,7,2,0
14944,1,0,0
14944,2,1,0
14944,3,0,0
14944,3,1,0
14944,4,2,0
14944,5,0,0
14944,5,2,0
14944,6,1,0
14944,6,2,0
14944,7,0,0
14944,7,1,0
14944,7,2,0
14945,1,0,0
14945,2,1,0
14945,3,0,0
14945,3,1,0
14945,4,2,0
14945,5,0,0
14945,5,2,0
14945,6,1,0
14945,6,2,0
14945,7,0,0
14945,7,1,0
14945,7,2,0
14946,1,0,0
14946,2,1,0
14946,3,0,0
14946,3,1,0
14946,4,2,0
14946,5,0,0
14946,5,2,0
14946,6,1,0
14946,6,2,0
14946,7,0,0
14946,7,1,0
14946,7,2,0
14947,1,0,0
14947,2,1,0
14947,3,0,0
14947,3,1,0
14947,4,2,0
14947,5,0,0
14947,5,2,0
14947,6,1,0
14947,6,2,0
14947,7,0,0
14947,7,1,0
14947,7,2,0
14948,1,0,0
14948,2,1,0
14948,3,0,0
14948,3,1,0
14948,4,2,0
14948,5,0,0
14948,5,2,0
14948,6,1,0
14948,6,2,0
14948,7,0,0
14948,7,1,0
14948,7,2,0
14949,1,0,0
14949,2,1,0
14949,3,0,0
14949,3,1,0
14949,4,2,0
14949,5,0,0
14949,5,2,0
14949,6,1,0
14949,6,2,0
14949,7,0,0
14949,7,1,0
14949,7,2,0
14950,1,0,0
14950,2,1,0
14950,3,0,0
14950,3,1,0
14950,4,2,0
14950,5,0,0
14950,5,2,0
14950,6,1,0
14950,6,2,0
14950,7,0,0
14950,7,1,0
14950,7,2,0
14951,1,0,0
14951,2,1,0
14951,3,0,0
14951,3,1,0
14951,4,2,0
14951,5,0,0
14951,5,2,0
14951,6,1,0
14951,6,2,0
14951,7,0,0
14951,7,1,0
14951,7,2,0
14952,1,0,0
14952,2,1,0
14952,3,0,0
14952,3,1,0
14952,4,2,0
14952,5,0,0
14952,5,2,0
14952,6,1,0
14952,6,2,0
14952,7,0,0
14952,7,1,0
14952,7,2,0
14953,1,0,0
14953,2,1,0
14953,3,0,0
14953,3,1,0
14953,4,2,0
14953,5,0,0
14953,5,2,0
14953,6,1,0
14953,6,2,0
14953,7,0,0
14953,7,1,0
14953,7,2,0
14954,1,0,0
14954,2,1,0
14954,3,0,0
14954,3,1,0
14954,4,2,0
14954,5,0,0
14954,5,2,0
14954,6,1,0
14954,6,2,0
14954,7,0,0
14954,7,1,0
14954,7,2,0
14955,1,0,0
14955,2,1,0
14955,3,0,0
14955,3,1,0
14955,4,2,0
14955,5,0,0
14955,5,2,0
14955,6,1,0
14955,6,2,0
14955,7,0,0
14955,7,1,0
14955,7,2,0
14956,1,0,0
14956,2,1,0
14956,3,0,0
14956,3,1,0
14956,4,2,0
14956,5,0,0
14956,5,2,0
14956,6,1,0
14956,6,2,0
14956,7,0,0
14956,7,1,0
14956,7,2,0
14957,1,0,0
14957,2,1,0
14957,3,0,0
14957,3,1,0
14957,4,2,0
14957,5,0,0
14957,5,2,0
14957,6,1,0
14957,6,2,0
14957,7,0,0
14957,7,1,0
14957,7,2,0
14958,1,0,1
14958,2,1,0
14958,3,0,1
14958,3,1,0
14958,4,2,0
14958,5,0,1
14958,5,2,0
14958,6,1,0
14958,6,2,0
14958,7,0,1
14958,7,1,0
14958,7,2,0
14959,1,0,1
14959,2,1,0
14959,3,0,1
14959,3,1,0
14959,4,2,0
14959,5,0,1
14959,5,2,0
14959,6,1,0
14959,6,2,0
14959,7,0,1
14959,7,1,0
14959,7,2,0
14960,1,0,0
14960,2,1,0
14960,3,0,0
14960,3,1,0
14960,4,2,0
14960,5,0,0
14960,5,2,0
14960,6,1,0
14960,6,2,0
14960,7,0,0
14960,7,1,0
14960,7,2,0
14961,1,0,0
14961,2,1,0
14961,3,0,0
14961,3,1,0
14961,4,2,0
14961,5,0,0
14961,5,2,0
14961,6,1,0
14961,6,2,0
14961,7,0,0
14961,7,1,0
14961,7,2,0
14962,1,0,0
14962,2,1,0
14962,3,0,0
14962,3,1,0
14962,4,2,0
14962,5,0,0
14962,5,2,0
14962,6,1,0
14962,6,2,0
14962,7,0,0
14962,7,1,0
14962,7,2,0
14963,1,0,0
14963,2,1,0
14963,3,0,0
14963,3,1,0
14963,4,2,0
14963,5,0,0
14963,5,2,0
14963,6,1,0
14963,6,2,0
14963,7,0,0
14963,7,1,0
14963,7,2,0
14964,1,0,0
14964,2,1,0
14964,3,0,0
14964,3,1,0
14964,4,2,0
14964,5,0,0
14964,5,2,0
14964,6,1,0
14964,6,2,0
14964,7,0,0
14964,7,1,0
14964,7,2,0
14965,1,0,0
14965,2,1,0
14965,3,0,0
14965,3,1,0
14965,4,2,0
14965,5,0,0
14965,5,2,0
14965,6,1,0
14965,6,2,0
14965,7,0,0
14965,7,1,0
14965,7,2,0
14966,1,0,0
14966,2,1,0
14966,3,0,0
14966,3,1,0
14966,4,2,0
14966,5,0,0
14966,5,2,0
14966,6,1,0
14966,6,2,0
14966,7,0,0
14966,7,1,0
14966,7,2,0
14967,1,0,0
14967,2,1,0
14967,3,0,0
14967,3,1,0
14967,4,2,0
14967,5,0,0
14967,5,2,0
14967,6,1,0
14967,6,2,0
14967,7,0,0
14967,7,1,0
14967,7,2,0
14968,1,0,0
14968,2,1,0
14968,3,0,0
14968,3,1,0
14968,4,2,0
14968,5,0,0
14968,5,2,0
14968,6,1,0
14968,6,2,0
14968,7,0,0
14968,7,1,0
14968,7,2,0
14969,1,0,0
14969,2,1,0
14969,3,0,0
14969,3,1,0
14969,4,2,0
14969,5,0,0
14969,5,2,0
14969,6,1,0
14969,6,2,0
14969,7,0,0
14969,7,1,0
14969,7,2,0
14970,1,0,0
14970,2,1,0
14970,3,0,0
14970,3,1,0
14970,4,2,0
14970,5,0,0
14970,5,2,0
14970,6,1,0
14970,6,2,0
14970,7,0,0
14970,7,1,0
14970,7,2,0
14971,1,0,0
14971,2,1,0
14971,3,0,0
14971,3,1,0
14971,4,2,0
14971,5,0,0
14971,5,2,0
14971,6,1,0
14971,6,2,0
14971,7,0,0
14971,7,1,0
14971,7,2,0
14972,1,0,0
14972,2,1,0
14972,3,0,0
14972,3,1,0
14972,4,2,0
14972,5,0,0
14972,5,2,0
14972,6,1,0
14972,6,2,0
14972,7,0,0
14972,7,1,0
14972,7,2,0
14973,1,0,0
14973,2,1,0
14973,3,0,0
14973,3,1,0
14973,4,2,0
14973,5,0,0
14973,5,2,0
14973,6,1,0
14973,6,2,0
14973,7,0,0
14973,7,1,0
14973,7,2,0
14974,1,0,0
14974,2,1,0
14974,3,0,0
14974,3,1,0
14974,4,2,0
14974,5,0,0
14974,5,2,0
14974,6,1,0
14974,6,2,0
14974,7,0,0
14974,7,1,0
14974,7,2,0
14975,1,0,0
14975,2,1,0
14975,3,0,0
14975,3,1,0
14975,4,2,0
14975,5,0,0
14975,5,2,0
14975,6,1,0
14975,6,2,0
14975,7,0,0
14975,7,1,0
14975,7,2,0
14976,1,0,0
14976,2,1,0
14976,3,0,0
14976,3,1,0
14976,4,2,0
14976,5,0,0
14976,5,2,0
14976,6,1,0
14976,6,2,0
14976,7,0,0
14976,7,1,0
14976,7,2,0
14977,1,0,0
14977,2,1,0
14977,3,0,0
14977,3,1,0
14977,4,2,0
14977,5,0,0
14977,5,2,0
14977,6,1,0
14977,6,2,0
14977,7,0,0
14977,7,1,0
14977,7,2,0
14978,1,0,0
14978,2,1,0
14978,3,0,0
14978,3,1,0
14978,4,2,0
14978,5,0,0
14978,5,2,0
14978,6,1,0
14978,6,2,0
14978,7,0,0
14978,7,1,0
14978,7,2,0
14979,1,0,0
14979,2,1,0
14979,3,0,0
14979,3,1,0
14979,4,2,0
14979,5,0,0
14979,5,2,0
14979,6,1,0
14979,6,2,0
14979,7,0,0
14979,7,1,0
14979,7,2,0
14980,1,0,0
14980,2,1,0
14980,3,0,0
14980,3,1,0
14980,4,2,0
14980,5,0,0
14980,5,2,0
14980,6,1,0
14980,6,2,0
14980,7,0,0
14980,7,1,0
14980,7,2,0
14981,1,0,0
14981,2,1,0
14981,3,0,0
14981,3,1,0
14981,4,2,0
14981,5,0,0
14981,5,2,0
14981,6,1,0
14981,6,2,0
14981,7,0,0
14981,7,1,0
14981,7,2,0
14982,1,0,0
14982,2,1,0
14982,3,0,0
14982,3,1,0
14982,4,2,0
14982,5,0,0
14982,5,2,0
14982,6,1,0
14982,6,2,0
14982,7,0,0
14982,7,1,0
14982,7,2,0
14983,1,0,0
14983,2,1,0
14983,3,0,0
14983,3,1,0
14983,4,2,0
14983,5,0,0
14983,5,2,0
14983,6,1,0
14983,6,2,0
14983,7,0,0
14983,7,1,0
14983,7,2,0
14984,1,0,0
14984,2,1,0
14984,3,0,0
14984,3,1,0
14984,4,2,0
14984,5,0,0
14984,5,2,0
14984,6,1,0
14984,6,2,0
14984,7,0,0
14984,7,1,0
14984,7,2,0
14985,1,0,1
14985,2,1,0
14985,3,0,1
14985,3,1,0
14985,4,2,0
14985,5,0,1
14985,5,2,0
14985,6,1,0
14985,6,2,0
14985,7,0,1
14985,7,1,0
14985,7,2,0
14986,1,0,1
14986,2,1,0
14986,3,0,1
14986,3,1,0
14986,4,2,0
14986,5,0,1
14986,5,2,0
14986,6,1,0
14986,6,2,0
14986,7,0,1
14986,7,1,0
14986,7,2,0
14987,1,0,0
14987,2,1,0
14987,3,0,0
14987,3,1,0
14987,4,2,0
14987,5,0,0
14987,5,2,0
14987,6,1,0
14987,6,2,0
14987,7,0,0
14987,7,1,0
14987,7,2,0
14988,1,0,0
14988,2,1,0
14988,3,0,0
14988,3,1,0
14988,4,2,0
14988,5,0,0
14988,5,2,0
14988,6,1,0
14988,6,2,0
14988,7,0,0
14988,7,1,0
14988,7,2,0
14989,1,0,0
14989,2,1,0
14989,3,0,0
14989,3,1,0
14989,4,2,0
14989,5,0,0
14989,5,2,0
14989,6,1,0
14989,6,2,0
14989,7,0,0
14989,7,1,0
14989,7,2,0
14990,1,0,0
14990,2,1,0
14990,3,0,0
14990,3,1,0
14990,4,2,0
14990,5,0,0
14990,5,2,0
14990,6,1,0
14990,6,2,0
14990,7,0,0
14990,7,1,0
14990,7,2,0
14991,1,0,0
14991,2,1,0
14991,3,0,0
14991,3,1,0
14991,4,2,0
14991,5,0,0
14991,5,2,0
14991,6,1,0
14991,6,2,0
14991,7,0,0
14991,7,1,0
14991,7,2,0
14992,1,0,0
14992,2,1,0
14992,3,0,0
14992,3,1,0
14992,4,2,0
14992,5,0,0
14992,5,2,0
14992,6,1,0
14992,6,2,0
14992,7,0,0
14992,7,1,0
14992,7,2,0
14993,1,0,0
14993,2,1,0
14993,3,0,0
14993,3,1,0
14993,4,2,0
14993,5,0,0
14993,5,2,0
14993,6,1,0
14993,6,2,0
14993,7,0,0
14993,7,1,0
14993,7,2,0
14994,1,0,0
14994,2,1,0
14994,3,0,0
14994,3,1,0
14994,4,2,0
14994,5,0,0
14994,5,2,0
14994,6,1,0
14994,6,2,0
14994,7,0,0
14994,7,1,0
14994,7,2,0
14995,1,0,0
14995,2,1,0
14995,3,0,0
14995,3,1,0
14995,4,2,0
14995,5,0,0
14995,5,2,0
14995,6,1,0
14995,6,2,0
14995,7,0,0
14995,7,1,0
14995,7,2,0
14996,1,0,0
14996,2,1,0
14996,3,0,0
14996,3,1,0
14996,4,2,0
14996,5,0,0
14996,5,2,0
14996,6,1,0
14996,6,2,0
14996,7,0,0
14996,7,1,0
14996,7,2,0
14997,1,0,0
14997,2,1,0
14997,3,0,0
14997,3,1,0
14997,4,2,0
14997,5,0,0
14997,5,2,0
14997,6,1,0
14997,6,2,0
14997,7,0,0
14997,7,1,0
14997,7,2,0
14998,1,0,0
14998,2,1,0
14998,3,0,0
14998,3,1,0
14998,4,2,0
14998,5,0,0
14998,5,2,0
14998,6,1,0
14998,6,2,0
14998,7,0,0
14998,7,1,0
14998,7,2,0
14999,1,0,0
14999,2,1,0
14999,3,0,0
14999,3,1,0
14999,4,2,0
14999,5,0,0
14999,5,2,0
14999,6,1,0
14999,6,2,0
14999,7,0,0
14999,7,1,0
14999,7,2,0
15000,1,0,0
15000,2,1,0
15000,3,0,0
15000,3,1,0
15000,4,2,0
15000,5,0,0
15000,5,2,0
15000,6,1,0
15000,6,2,0
15000,7,0,0
15000,7,1,0
15000,7,2,0
15001,1,0,0
15001,2,1,0
15001,3,0,0
15001,3,1,0
15001,4,2,0
15001,5,0,0
15001,5,2,0
15001,6,1,0
15001,6,2,0
15001,7,0,0
15001,7,1,0
15001,7,2,0
15002,1,0,0
15002,2,1,0
15002,3,0,0
15002,3,1,0
15002,4,2,0
15002,5,0,0
15002,5,2,0
15002,6,1,0
15002,6,2,0
15002,7,0,0
15002,7,1,0
15002,7,2,0
15003,1,0,0
15003,2,1,0
15003,3,0,0
15003,3,1,0
15003,4,2,0
15003,5,0,0
15003,5,2,0
15003,6,1,0
15003,6,2,0
15003,7,0,0
15003,7,1,0
15003,7,2,0
15004,1,0,0
15004,2,1,0
15004,3,0,0
15004,3,1,0
15004,4,2,0
15004,5,0,0
15004,5,2,0
15004,6,1,0
15004,6,2,0
15004,7,0,0
15004,7,1,0
15004,7,2,0
15005,1,0,0
15005,2,1,0
15005,3,0,0
15005,3,1,0
15005,4,2,0
15005,5,0,0
15005,5,2,0
15005,6,1,0
15005,6,2,0
15005,7,0,0
15005,7,1,0
15005,7,2,0
15006,1,0,0
15006,2,1,0
15006,3,0,0
15006,3,1,0
15006,4,2,0
15006,5,0,0
15006,5,2,0
15006,6,1,0
15006,6,2,0
15006,7,0,0
15006,7,1,0
15006,7,2,0
15007,1,0,0
15007,2,1,0
15007,3,0,0
15007,3,1,0
15007,4,2,0
15007,5,0,0
15007,5,2,0
15007,6,1,0
15007,6,2,0
15007,7,0,0
15007,7,1,0
15007,7,2,0
15008,1,0,0
15008,2,1,0
15008,3,0,0
15008,3,1,0
15008,4,2,0
15008,5,0,0
15008,5,2,0
15008,6,1,0
15008,6,2,0
15008,7,0,0
15008,7,1,0
15008,7,2,0
15009,1,0,0
15009,2,1,0
15009,3,0,0
15009,3,1,0
15009,4,2,0
15009,5,0,0
15009,5,2,0
15009,6,1,0
15009,6,2,0
15009,7,0,0
15009,7,1,0
15009,7,2,0
15010,1,0,0
15010,2,1,0
15010,3,0,0
15010,3,1,0
15010,4,2,0
15010,5,0,0
15010,5,2,0
15010,6,1,0
15010,6,2,0
15010,7,0,0
15010,7,1,0
15010,7,2,0
15011,1,0,0
15011,2,1,0
15011,3,0,0
15011,3,1,0
15011,4,2,0
15011,5,0,0
15011,5,2,0
15011,6,1,0
15011,6,2,0
15011,7,0,0
15011,7,1,0
15011,7,2,0
15012,1,0,1
15012,2,1,0
15012,3,0,1
15012,3,1,0
15012,4,2,0
15012,5,0,1
15012,5,2,0
15012,6,1,0
15012,6,2,0
15012,7,0,1
15012,7,1,0
15012,7,2,0
15013,1,0,1
15013,2,1,0
15013,3,0,1
15013,3,1,0
15013,4,2,0
15013,5,0,1
15013,5,2,0
15013,6,1,0
15013,6,2,0
15013,7,0,1
15013,7,1,0
15013,7,2,0
15014,1,0,0
15014,2,1,0
15014,3,0,0
15014,3,1,0
15014,4,2,0
15014,5,0,0
15014,5,2,0
15014,6,1,0
15014,6,2,0
15014,7,0,0
15014,7,1,0
15014,7,2,0
15015,1,0,0
15015,2,1,0
15015,3,0,0
15015,3,1,0
15015,4,2,0
15015,5,0,0
15015,5,2,0
15015,6,1,0
15015,6,2,0
15015,7,0,0
15015,7,1,0
15015,7,2,0
15016,1,0,0
15016,2,1,0
15016,3,0,0
15016,3,1,0
15016,4,2,0
15016,5,0,0
15016,5,2,0
15016,6,1,0
15016,6,2,0
15016,7,0,0
15016,7,1,0
15016,7,2,0
15017,1,0,0
15017,2,1,0
15017,3,0,0
15017,3,1,0
15017,4,2,0
15017,5,0,0
15017,5,2,0
15017,6,1,0
15017,6,2,0
15017,7,0,0
15017,7,1,0
15017,7,2,0
15018,1,0,0
15018,2,1,0
15018,3,0,0
15018,3,1,0
15018,4,2,0
15018,5,0,0
15018,5,2,0
15018,6,1,0
15018,6,2,0
15018,7,0,0
15018,7,1,0
15018,7,2,0
15019,1,0,0
15019,2,1,0
15019,3,0,0
15019,3,1,0
15019,4,2,0
15019,5,0,0
15019,5,2,0
15019,6,1,0
15019,6,2,0
15019,7,0,0
15019,7,1,0
15019,7,2,0
15020,1,0,0
15020,2,1,0
15020,3,0,0
15020,3,1,0
15020,4,2,0
15020,5,0,0
15020,5,2,0
15020,6,1,0
15020,6,2,0
15020,7,0,0
15020,7,1,0
15020,7,2,0
15021,1,0,0
15021,2,1,0
15021,3,0,0
15021,3,1,0
15021,4,2,0
15021,5,0,0
15021,5,2,0
15021,6,1,0
15021,6,2,0
15021,7,0,0
15021,7,1,0
15021,7,2,0
15022,1,0,0
15022,2,1,0
15022,3,0,0
15022,3,1,0
15022,4,2,0
15022,5,0,0
15022,5,2,0
15022,6,1,0
15022,6,2,0
15022,7,0,0
15022,7,1,0
15022,7,2,0
15023,1,0,0
15023,2,1,0
15023,3,0,0
15023,3,1,0
15023,4,2,0
15023,5,0,0
15023,5,2,0
15023,6,1,0
15023,6,2,0
15023,7,0,0
15023,7,1,0
15023,7,2,0
15024,1,0,0
15024,2,1,0
15024,3,0,0
15024,3,1,0
15024,4,2,0
15024,5,0,0
15024,5,2,0
15024,6,1,0
15024,6,2,0
15024,7,0,0
15024,7,1,0
15024,7,2,0
15025,1,0,0
15025,2,1,0
15025,3,0,0
15025,3,1,0
15025,4,2,0
15025,5,0,0
15025,5,2,0
15025,6,1,0
15025,6,2,0
15025,7,0,0
15025,7,1,0
15025,7,2,0
15026,1,0,0
15026,2,1,0
15026,3,0,0
15026,3,1,0
15026,4,2,0
15026,5,0,0
15026,5,2,0
15026,6,1,0
15026,6,2,0
15026,7,0,0
15026,7,1,0
15026,7,2,0
15027,1,0,0
15027,2,1,0
15027,3,0,0
15027,3,1,0
15027,4,2,0
15027,5,0,0
15027,5,2,0
15027,6,1,0
15027,6,2,0
15027,7,0,0
15027,7,1,0
15027,7,2,0
15028,1,0,0
15028,2,1,0
15028,3,0,0
15028,3,1,0
15028,4,2,0
15028,5,0,0
15028,5,2,0
15028,6,1,0
15028,6,2,0
15028,7,0,0
15028,7,1,0
15028,7,2,0
15029,1,0,0
15029,2,1,0
15029,3,0,0
15029,3,1,0
15029,4,2,0
15029,5,0,0
15029,5,2,0
15029,6,1,0
15029,6,2,0
15029,7,0,0
15029,7,1,0
15029,7,2,0
15030,1,0,0
15030,2,1,0
15030,3,0,0
15030,3,1,0
15030,4,2,0
15030,5,0,0
15030,5,2,0
15030,6,1,0
15030,6,2,0
15030,7,0,0
15030,7,1,0
15030,7,2,0
15031,1,0,0
15031,2,1,0
15031,3,0,0
15031,3,1,0
15031,4,2,0
15031,5,0,0
15031,5,2,0
15031,6,1,0
15031,6,2,0
15031,7,0,0
15031,7,1,0
15031,7,2,0
15032,1,0,0
15032,2,1,0
15032,3,0,0
15032,3,1,0
15032,4,2,0
15032,5,0,0
15032,5,2,0
15032,6,1,0
15032,6,2,0
15032,7,0,0
15032,7,1,0
15032,7,2,0
15033,1,0,0
15033,2,1,0
15033,3,0,0
15033,3,1,0
15033,4,2,0
15033,5,0,0
15033,5,2,0
15033,6,1,0
15033,6,2,0
15033,7,0,0
15033,7,1,0
15033,7,2,0
15034,1,0,0
15034,2,1,0
15034,3,0,0
15034,3,1,0
15034,4,2,0
15034,5,0,0
15034,5,2,0
15034,6,1,0
15034,6,2,0
15034,7,0,0
15034,7,1,0
15034,7,2,0
15035,1,0,0
15035,2,1,0
15035,3,0,0
15035,3,1,0
15035,4,2,0
15035,5,0,0
15035,5,2,0
15035,6,1,0
15035,6,2,0
15035,7,0,0
15035,7,1,0
15035,7,2,0
15036,1,0,0
15036,2,1,0
15036,3,0,0
15036,3,1,0
15036,4,2,0
15036,5,0,0
15036,5,2,0
15036,6,1,0
15036,6,2,0
15036,7,0,0
15036,7,1,0
15036,7,2,0
15037,1,0,0
15037,2,1,0
15037,3,0,0
15037,3,1,0
15037,4,2,0
15037,5,0,0
15037,5,2,0
15037,6,1,0
15037,6,2,0
15037,7,0,0
15037,7,1,0
15037,7,2,0
15038,1,0,0
15038,2,1,0
15038,3,0,0
15038,3,1,0
15038,4,2,0
15038,5,0,0
15038,5,2,0
15038,6,1,0
15038,6,2,0
15038,7,0,0
15038,7,1,0
15038,7,2,0
15039,1,0,1
15039,2,1,0
15039,3,0,1
15039,3,1,0
15039,4,2,0
15039,5,0,1
15039,5,2,0
15039,6,1,0
15039,6,2,0
15039,7,0,1
15039,7,1,0
15039,7,2,0
15040,1,0,1
15040,2,1,0
15040,3,0,1
15040,3,1,0
15040,4,2,0
15040,5,0,1
15040,5,2,0
15040,6,1,0
15040,6,2,0
15040,7,0,1
15040,7,1,0
15040,7,2,0
15041,1,0,0
15041,2,1,0
15041,3,0,0
15041,3,1,0
15041,4,2,0
15041,5,0,0
15041,5,2,0
15041,6,1,0
15041,6,2,0
15041,7,0,0
15041,7,1,0
15041,7,2,0
15042,1,0,0
15042,2,1,0
15042,3,0,0
15042,3,1,0
15042,4,2,0
15042,5,0,0
15042,5,2,0
15042,6,1,0
15042,6,2,0
15042,7,0,0
15042,7,1,0
15042,7,2,0
15043,1,0,0
15043,2,1,0
15043,3,0,0
15043,3,1,0
15043,4,2,0
15043,5,0,0
15043,5,2,0
15043,6,1,0
15043,6,2,0
15043,7,0,0
15043,7,1,0
15043,7,2,0
15044,1,0,0
15044,2,1,0
15044,3,0,0
15044,3,1,0
15044,4,2,0
15044,5,0,0
15044,5,2,0
15044,6,1,0
15044,6,2,0
15044,7,0,0
15044,7,1,0
15044,7,2,0
15045,1,0,0
15045,2,1,0
15045,3,0,0
15045,3,1,0
15045,4,2,0
15045,5,0,0
15045,5,2,0
15045,6,1,0
15045,6,2,0
15045,7,0,0
15045,7,1,0
15045,7,2,0
15046,1,0,0
15046,2,1,0
15046,3,0,0
15046,3,1,0
15046,4,2,0
15046,5,0,0
15046,5,2,0
15046,6,1,0
15046,6,2,0
15046,7,0,0
15046,7,1,0
15046,7,2,0
15047,1,0,0
15047,2,1,0
15047,3,0,0
15047,3,1,0
15047,4,2,0
15047,5,0,0
15047,5,2,0
15047,6,1,0
15047,6,2,0
15047,7,0,0
15047,7,1,0
15047,7,2,0
15048,1,0,0
15048,2,1,0
15048,3,0,0
15048,3,1,0
15048,4,2,0
15048,5,0,0
15048,5,2,0
15048,6,1,0
15048,6,2,0
15048,7,0,0
15048,7,1,0
15048,7,2,0
15049,1,0,0
15049,2,1,0
15049,3,0,0
15049,3,1,0
15049,4,2,0
15049,5,0,0
15049,5,2,0
15049,6,1,0
15049,6,2,0
15049,7,0,0
15049,7,1,0
15049,7,2,0
15050,1,0,0
15050,2,1,0
15050,3,0,0
15050,3,1,0
15050,4,2,0
15050,5,0,0
15050,5,2,0
15050,6,1,0
15050,6,2,0
15050,7,0,0
15050,7,1,0
15050,7,2,0
15051,1,0,0
15051,2,1,0
15051,3,0,0
15051,3,1,0
15051,4,2,0
15051,5,0,0
15051,5,2,0
15051,6,1,0
15051,6,2,0
15051,7,0,0
15051,7,1,0
15051,7,2,0
15052,1,0,0
15052,2,1,0
15052,3,0,0
15052,3,1,0
15052,4,2,0
15052,5,0,0
15052,5,2,0
15052,6,1,0
15052,6,2,0
15052,7,0,0
15052,7,1,0
15052,7,2,0
15053,1,0,0
15053,2,1,0
15053,3,0,0
15053,3,1,0
15053,4,2,0
15053,5,0,0
15053,5,2,0
15053,6,1,0
15053,6,2,0
15053,7,0,0
15053,7,1,0
15053,7,2,0
15054,1,0,0
15054,2,1,0
15054,3,0,0
15054,3,1,0
15054,4,2,0
15054,5,0,0
15054,5,2,0
15054,6,1,0
15054,6,2,0
15054,7,0,0
15054,7,1,0
15054,7,2,0
15055,1,0,0
15055,2,1,0
15055,3,0,0
15055,3,1,0
15055,4,2,0
15055,5,0,0
15055,5,2,0
15055,6,1,0
15055,6,2,0
15055,7,0,0
15055,7,1,0
15055,7,2,0
15056,1,0,0
15056,2,1,0
15056,3,0,0
15056,3,1,0
15056,4,2,0
15056,5,0,0
15056,5,2,0
15056,6,1,0
15056,6,2,0
15056,7,0,0
15056,7,1,0
15056,7,2,0
15057,1,0,0
15057,2,1,0
15057,3,0,0
15057,3,1,0
15057,4,2,0
15057,5,0,0
15057,5,2,0
15057,6,1,0
15057,6,2,0
15057,7,0,0
15057,7,1,0
15057,7,2,0
15058,1,0,0
15058,2,1,0
15058,3,0,0
15058,3,1,0
15058,4,2,0
15058,5,0,0
15058,5,2,0
15058,6,1,0
15058,6,2,0
15058,7,0,0
15058,7,1,0
15058,7,2,0
15059,1,0,0
15059,2,1,0
15059,3,0,0
15059,3,1,0
15059,4,2,0
15059,5,0,0
15059,5,2,0
15059,6,1,0
15059,6,2,0
15059,7,0,0
15059,7,1,0
15059,7,2,0
15060,1,0,0
15060,2,1,0
15060,3,0,0
15060,3,1,0
15060,4,2,0
15060,5,0,0
15060,5,2,0
15060,6,1,0
15060,6,2,0
15060,7,0,0
15060,7,1,0
15060,7,2,0
15061,1,0,0
15061,2,1,0
15061,3,0,0
15061,3,1,0
15061,4,2,0
15061,5,0,0
15061,5,2,0
15061,6,1,0
15061,6,2,0
15061,7,0,0
15061,7,1,0
15061,7,2,0
15062,1,0,0
15062,2,1,0
15062,3,0,0
15062,3,1,0
15062,4,2,0
15062,5,0,0
15062,5,2,0
15062,6,1,0
15062,6,2,0
15062,7,0,0
15062,7,1,0
15062,7,2,0
15063,1,0,0
15063,2,1,0
15063,3,0,0
15063,3,1,0
15063,4,2,0
15063,5,0,0
15063,5,2,0
15063,6,1,0
15063,6,2,0
15063,7,0,0
15063,7,1,0
15063,7,2,0
15064,1,0,0
15064,2,1,0
15064,3,0,0
15064,3,1,0
15064,4,2,0
15064,5,0,0
15064,5,2,0
15064,6,1,0
15064,6,2,0
15064,7,0,0
15064,7,1,0
15064,7,2,0
15065,1,0,0
15065,2,1,0
15065,3,0,0
15065,3,1,0
15065,4,2,0
15065,5,0,0
15065,5,2,0
15065,6,1,0
15065,6,2,0
15065,7,0,0
15065,7,1,0
15065,7,2,0
15066,1,0,1
15066,2,1,0
15066,3,0,1
15066,3,1,0
15066,4,2,0
15066,5,0,1
15066,5,2,0
15066,6,1,0
15066,6,2,0
15066,7,0,1
15066,7,1,0
15066,7,2,0
15067,1,0,1
15067,2,1,0
15067,3,0,1
15067,3,1,0
15067,4,2,0
15067,5,0,1
15067,5,2,0
15067,6,1,0
15067,6,2,0
15067,7,0,1
15067,7,1,0
15067,7,2,0
15068,1,0,0
15068,2,1,0
15068,3,0,0
15068,3,1,0
15068,4,2,0
15068,5,0,0
15068,5,2,0
15068,6,1,0
15068,6,2,0
15068,7,0,0
15068,7,1,0
15068,7,2,0
15069,1,0,0
15069,2,1,0
15069,3,0,0
15069,3,1,0
15069,4,2,0
15069,5,0,0
15069,5,2,0
15069,6,1,0
15069,6,2,0
15069,7,0,0
15069,7,1,0
15069,7,2,0
15070,1,0,0
15070,2,1,0
15070,3,0,0
15070,3,1,0
15070,4,2,0
15070,5,0,0
15070,5,2,0
15070,6,1,0
15070,6,2,0
15070,7,0,0
15070,7,1,0
15070,7,2,0
15071,1,0,0
15071,2,1,0
15071,3,0,0
15071,3,1,0
15071,4,2,0
15071,5,0,0
15071,5,2,0
15071,6,1,0
15071,6,2,0
15071,7,0,0
15071,7,1,0
15071,7,2,0
15072,1,0,0
15072,2,1,0
15072,3,0,0
15072,3,1,0
15072,4,2,0
15072,5,0,0
15072,5,2,0
15072,6,1,0
15072,6,2,0
15072,7,0,0
15072,7,1,0
15072,7,2,0
15073,1,0,0
15073,2,1,0
15073,3,0,0
15073,3,1,0
15073,4,2,0
15073,5,0,0
15073,5,2,0
15073,6,1,0
15073,6,2,0
15073,7,0,0
15073,7,1,0
15073,7,2,0
15074,1,0,0
15074,2,1,0
15074,3,0,0
15074,3,1,0
15074,4,2,0
15074,5,0,0
15074,5,2,0
15074,6,1,0
15074,6,2,0
15074,7,0,0
15074,7,1,0
15074,7,2,0
15075,1,0,0
15075,2,1,0
15075,3,0,0
15075,3,1,0
15075,4,2,0
15075,5,0,0
15075,5,2,0
15075,6,1,0
15075,6,2,0
15075,7,0,0
15075,7,1,0
15075,7,2,0
15076,1,0,0
15076,2,1,0
15076,3,0,0
15076,3,1,0
15076,4,2,0
15076,5,0,0
15076,5,2,0
15076,6,1,0
15076,6,2,0
15076,7,0,0
15076,7,1,0
15076,7,2,0
15077,1,0,0
15077,2,1,0
15077,3,0,0
15077,3,1,0
15077,4,2,0
15077,5,0,0
15077,5,2,0
15077,6,1,0
15077,6,2,0
15077,7,0,0
15077,7,1,0
15077,7,2,0
15078,1,0,0
15078,2,1,0
15078,3,0,0
15078,3,1,0
15078,4,2,0
15078,5,0,0
15078,5,2,0
15078,6,1,0
15078,6,2,0
15078,7,0,0
15078,7,1,0
15078,7,2,0
15079,1,0,0
15079,2,1,0
15079,3,0,0
15079,3,1,0
15079,4,2,0
15079,5,0,0
15079,5,2,0
15079,6,1,0
15079,6,2,0
15079,7,0,0
15079,7,1,0
15079,7,2,0
15080,1,0,0
15080,2,1,0
15080,3,0,0
15080,3,1,0
15080,4,2,0
15080,5,0,0
15080,5,2,0
15080,6,1,0
15080,6,2,0
15080,7,0,0
15080,7,1,0
15080,7,2,0
15081,1,0,0
15081,2,1,0
15081,3,0,0
15081,3,1,0
15081,4,2,0
15081,5,0,0
15081,5,2,0
15081,6,1,0
15081,6,2,0
15081,7,0,0
15081,7,1,0
15081,7,2,0
15082,1,0,0
15082,2,1,0
15082,3,0,0
15082,3,1,0
15082,4,2,0
15082,5,0,0
15082,5,2,0
15082,6,1,0
15082,6,2,0
15082,7,0,0
15082,7,1,0
15082,7,2,0
15083,1,0,0
15083,2,1,0
15083,3,0,0
15083,3,1,0
15083,4,2,0
15083,5,0,0
15083,5,2,0
15083,6,1,0
15083,6,2,0
15083,7,0,0
15083,7,1,0
15083,7,2,0
15084,1,0,0
15084,2,1,0
15084,3,0,0
15084,3,1,0
15084,4,2,0
15084,5,0,0
15084,5,2,0
15084,6,1,0
15084,6,2,0
15084,7,0,0
15084,7,1,0
15084,7,2,0
15085,1,0,0
15085,2,1,0
15085,3,0,0
15085,3,1,0
15085,4,2,0
15085,5,0,0
15085,5,2,0
15085,6,1,0
15085,6,2,0
15085,7,0,0
15085,7,1,0
15085,7,2,0
15086,1,0,0
15086,2,1,0
15086,3,0,0
15086,3,1,0
15086,4,2,0
15086,5,0,0
15086,5,2,0
15086,6,1,0
15086,6,2,0
15086,7,0,0
15086,7,1,0
15086,7,2,0
15087,1,0,0
15087,2,1,0
15087,3,0,0
15087,3,1,0
15087,4,2,0
15087,5,0,0
15087,5,2,0
15087,6,1,0
15087,6,2,0
15087,7,0,0
15087,7,1,0
15087,7,2,0
15088,1,0,0
15088,2,1,0
15088,3,0,0
15088,3,1,0
15088,4,2,0
15088,5,0,0
15088,5,2,0
15088,6,1,0
15088,6,2,0
15088,7,0,0
15088,7,1,0
15088,7,2,0
15089,1,0,0
15089,2,1,0
15089,3,0,0
15089,3,1,0
15089,4,2,0
15089,5,0,0
15089,5,2,0
15089,6,1,0
15089,6,2,0
15089,7,0,0
15089,7,1,0
15089,7,2,0
15090,1,0,0
15090,2,1,0
15090,3,0,0
15090,3,1,0
15090,4,2,0
15090,5,0,0
15090,5,2,0
15090,6,1,0
15090,6,2,0
15090,7,0,0
15090,7,1,0
15090,7,2,0
15091,1,0,0
15091,2,1,0
15091,3,0,0
15091,3,1,0
15091,4,2,0
15091,5,0,0
15091,5,2,0
15091,6,1,0
15091,6,2,0
15091,7,0,0
15091,7,1,0
15091,7,2,0
15092,1,0,0
15092,2,1,0
15092,3,0,0
15092,3,1,0
15092,4,2,0
15092,5,0,0
15092,5,2,0
15092,6,1,0
15092,6,2,0
15092,7,0,0
15092,7,1,0
15092,7,2,0
15093,1,0,1
15093,2,1,0
15093,3,0,1
15093,3,1,0
15093,4,2,0
15093,5,0,1
15093,5,2,0
15093,6,1,0
15093,6,2,0
15093,7,0,1
15093,7,1,0
15093,7,2,0
15094,1,0,1
15094,2,1,0
15094,3,0,1
15094,3,1,0
15094,4,2,0
15094,5,0,1
15094,5,2,0
15094,6,1,0
15094,6,2,0
15094,7,0,1
15094,7,1,0
15094,7,2,0
15095,1,0,0
15095,2,1,0
15095,3,0,0
15095,3,1,0
15095,4,2,0
15095,5,0,0
15095,5,2,0
15095,6,1,0
15095,6,2,0
15095,7,0,0
15095,7,1,0
15095,7,2,0
15096,1,0,0
15096,2,1,0
15096,3,0,0
15096,3,1,0
15096,4,2,0
15096,5,0,0
15096,5,2,0
15096,6,1,0
15096,6,2,0
15096,7,0,0
15096,7,1,0
15096,7,2,0
15097,1,0,0
15097,2,1,0
15097,3,0,0
15097,3,1,0
15097,4,2,0
15097,5,0,0
15097,5,2,0
15097,6,1,0
15097,6,2,0
15097,7,0,0
15097,7,1,0
15097,7,2,0
15098,1,0,0
15098,2,1,0
15098,3,0,0
15098,3,1,0
15098,4,2,0
15098,5,0,0
15098,5,2,0
15098,6,1,0
15098,6,2,0
15098,7,0,0
15098,7,1,0
15098,7,2,0
15099,1,0,0
15099,2,1,0
15099,3,0,0
15099,3,1,0
15099,4,2,0
15099,5,0,0
15099,5,2,0
15099,6,1,0
15099,6,2,0
15099,7,0,0
15099,7,1,0
15099,7,2,0
15100,1,0,0
15100,2,1,0
15100,3,0,0
15100,3,1,0
15100,4,2,0
15100,5,0,0
15100,5,2,0
15100,6,1,0
15100,6,2,0
15100,7,0,0
15100,7,1,0
15100,7,2,0
15101,1,0,0
15101,2,1,0
15101,3,0,0
15101,3,1,0
15101,4,2,0
15101,5,0,0
15101,5,2,0
15101,6,1,0
15101,6,2,0
15101,7,0,0
15101,7,1,0
15101,7,2,0
15102,1,0,0
15102,2,1,0
15102,3,0,0
15102,3,1,0
15102,4,2,0
15102,5,0,0
15102,5,2,0
15102,6,1,0
15102,6,2,0
15102,7,0,0
15102,7,1,0
15102,7,2,0
15103,1,0,0
15103,2,1,0
15103,3,0,0
15103,3,1,0
15103,4,2,0
15103,5,0,0
15103,5,2,0
15103,6,1,0
15103,6,2,0
15103,7,0,0
15103,7,1,0
15103,7,2,0
15104,1,0,0
15104,2,1,0
15104,3,0,0
15104,3,1,0
15104,4,2,0
15104,5,0,0
15104,5,2,0
15104,6,1,0
15104,6,2,0
15104,7,0,0
15104,7,1,0
15104,7,2,0
15105,1,0,0
15105,2,1,0
15105,3,0,0
15105,3,1,0
15105,4,2,0
15105,5,0,0
15105,5,2,0
15105,6,1,0
15105,6,2,0
15105,7,0,0
15105,7,1,0
15105,7,2,0
15106,1,0,0
15106,2,1,0
15106,3,0,0
15106,3,1,0
15106,4,2,0
15106,5,0,0
15106,5,2,0
15106,6,1,0
15106,6,2,0
15106,7,0,0
15106,7,1,0
15106,7,2,0
15107,1,0,0
15107,2,1,0
15107,3,0,0
15107,3,1,0
15107,4,2,0
15107,5,0,0
15107,5,2,0
15107,6,1,0
15107,6,2,0
15107,7,0,0
15107,7,1,0
15107,7,2,0
15108,1,0,0
15108,2,1,0
15108,3,0,0
15108,3,1,0
15108,4,2,0
15108,5,0,0
15108,5,2,0
15108,6,1,0
15108,6,2,0
15108,7,0,0
15108,7,1,0
15108,7,2,0
15109,1,0,0
15109,2,1,0
15109,3,0,0
15109,3,1,0
15109,4,2,0
15109,5,0,0
15109,5,2,0
15109,6,1,0
15109,6,2,0
15109,7,0,0
15109,7,1,0
15109,7,2,0
15110,1,0,0
15110,2,1,0
15110,3,0,0
15110,3,1,0
15110,4,2,0
15110,5,0,0
15110,5,2,0
15110,6,1,0
15110,6,2,0
15110,7,0,0
15110,7,1,0
15110,7,2,0
15111,1,0,0
15111,2,1,0
15111,3,0,0
15111,3,1,0
15111,4,2,0
15111,5,0,0
15111,5,2,0
15111,6,1,0
15111,6,2,0
15111,7,0,0
15111,7,1,0
15111,7,2,0
15112,1,0,0
15112,2,1,0
15112,3,0,0
15112,3,1,0
15112,4,2,0
15112,5,0,0
15112,5,2,0
15112,6,1,0
15112,6,2,0
15112,7,0,0
15112,7,1,0
15112,7,2,0
15113,1,0,0
15113,2,1,0
15113,3,0,0
15113,3,1,0
15113,4,2,0
15113,5,0,0
15113,5,2,0
15113,6,1,0
15113,6,2,0
15113,7,0,0
15113,7,1,0
15113,7,2,0
15114,1,0,0
15114,2,1,0
15114,3,0,0
15114,3,1,0
15114,4,2,0
15114,5,0,0
15114,5,2,0
15114,6,1,0
15114,6,2,0
15114,7,0,0
15114,7,1,0
15114,7,2,0
15115,1,0,0
15115,2,1,0
15115,3,0,0
15115,3,1,0
15115,4,2,0
15115,5,0,0
15115,5,2,0
15115,6,1,0
15115,6,2,0
15115,7,0,0
15115,7,1,0
15115,7,2,0
15116,1,0,0
15116,2,1,0
15116,3,0,0
15116,3,1,0
15116,4,2,0
15116,5,0,0
15116,5,2,0
15116,6,1,0
15116,6,2,0
15116,7,0,0
15116,7,1,0
15116,7,2,0
15117,1,0,0
15117,2,1,0
15117,3,0,0
15117,3,1,0
15117,4,2,0
15117,5,0,0
15117,5,2,0
15117,6,1,0
15117,6,2,0
15117,7,0,0
15117,7,1,0
15117,7,2,0
15118,1,0,0
15118,2,1,0
15118,3,0,0
15118,3,1,0
15118,4,2,0
15118,5,0,0
15118,5,2,0
15118,6,1,0
15118,6,2,0
15118,7,0,0
15118,7,1,0
15118,7,2,0
15119,1,0,0
15119,2,1,0
15119,3,0,0
15119,3,1,0
15119,4,2,0
15119,5,0,0
15119,5,2,0
15119,6,1,0
15119,6,2,0
15119,7,0,0
15119,7,1,0
15119,7,2,0
15120,1,0,1
15120,2,1,0
15120,3,0,1
15120,3,1,0
15120,4,2,0
15120,5,0,1
15120,5,2,0
15120,6,1,0
15120,6,2,0
15120,7,0,1
15120,7,1,0
15120,7,2,0
15121,1,0,1
15121,2,1,0
15121,3,0,1
15121,3,1,0
15121,4,2,0
15121,5,0,1
15121,5,2,0
15121,6,1,0
15121,6,2,0
15121,7,0,1
15121,7,1,0
15121,7,2,0
15122,1,0,0
15122,2,1,0
15122,3,0,0
15122,3,1,0
15122,4,2,0
15122,5,0,0
15122,5,2,0
15122,6,1,0
15122,6,2,0
15122,7,0,0
15122,7,1,0
15122,7,2,0
15123,1,0,0
15123,2,1,0
15123,3,0,0
15123,3,1,0
15123,4,2,0
15123,5,0,0
15123,5,2,0
15123,6,1,0
15123,6,2,0
15123,7,0,0
15123,7,1,0
15123,7,2,0
15124,1,0,0
15124,2,1,0
15124,3,0,0
15124,3,1,0
15124,4,2,0
15124,5,0,0
15124,5,2,0
15124,6,1,0
15124,6,2,0
15124,7,0,0
15124,7,1,0
15124,7,2,0
15125,1,0,0
15125,2,1,0
15125,3,0,0
15125,3,1,0
15125,4,2,0
15125,5,0,0
15125,5,2,0
15125,6,1,0
15125,6,2,0
15125,7,0,0
15125,7,1,0
15125,7,2,0
15126,1,0,0
15126,2,1,0
15126,3,0,0
15126,3,1,0
15126,4,2,0
15126,5,0,0
15126,5,2,0
15126,6,1,0
15126,6,2,0
15126,7,0,0
15126,7,1,0
15126,7,2,0
15127,1,0,0
15127,2,1,0
15127,3,0,0
15127,3,1,0
15127,4,2,0
15127,5,0,0
15127,5,2,0
15127,6,1,0
15127,6,2,0
15127,7,0,0
15127,7,1,0
15127,7,2,0
15128,1,0,0
15128,2,1,0
15128,3,0,0
15128,3,1,0
15128,4,2,0
15128,5,0,0
15128,5,2,0
15128,6,1,0
15128,6,2,0
15128,7,0,0
15128,7,1,0
15128,7,2,0
15129,1,0,0
15129,2,1,0
15129,3,0,0
15129,3,1,0
15129,4,2,0
15129,5,0,0
15129,5,2,0
15129,6,1,0
15129,6,2,0
15129,7,0,0
15129,7,1,0
15129,7,2,0
15130,1,0,0
15130,2,1,0
15130,3,0,0
15130,3,1,0
15130,4,2,0
15130,5,0,0
15130,5,2,0
15130,6,1,0
15130,6,2,0
15130,7,0,0
15130,7,1,0
15130,7,2,0
15131,1,0,0
15131,2,1,0
15131,3,0,0
15131,3,1,0
15131,4,2,0
15131,5,0,0
15131,5,2,0
15131,6,1,0
15131,6,2,0
15131,7,0,0
15131,7,1,0
15131,7,2,0
15132,1,0,0
15132,2,1,0
15132,3,0,0
15132,3,1,0
15132,4,2,0
15132,5,0,0
15132,5,2,0
15132,6,1,0
15132,6,2,0
15132,7,0,0
15132,7,1,0
15132,7,2,0
15133,1,0,0
15133,2,1,0
15133,3,0,0
15133,3,1,0
15133,4,2,0
15133,5,0,0
15133,5,2,0
15133,6,1,0
15133,6,2,0
15133,7,0,0
15133,7,1,0
15133,7,2,0
15134,1,0,0
15134,2,1,0
15134,3,0,0
15134,3,1,0
15134,4,2,0
15134,5,0,0
15134,5,2,0
15134,6,1,0
15134,6,2,0
15134,7,0,0
15134,7,1,0
15134,7,2,0
15135,1,0,0
15135,2,1,0
15135,3,0,0
15135,3,1,0
15135,4,2,0
15135,5,0,0
15135,5,2,0
15135,6,1,0
15135,6,2,0
15135,7,0,0
15135,7,1,0
15135,7,2,0
15136,1,0,0
15136,2,1,0
15136,3,0,0
15136,3,1,0
15136,4,2,0
15136,5,0,0
15136,5,2,0
15136,6,1,0
15136,6,2,0
15136,7,0,0
15136,7,1,0
15136,7,2,0
15137,1,0,0
15137,2,1,0
15137,3,0,0
15137,3,1,0
15137,4,2,0
15137,5,0,0
15137,5,2,0
15137,6,1,0
15137,6,2,0
15137,7,0,0
15137,7,1,0
15137,7,2,0
15138,1,0,0
15138,2,1,0
15138,3,0,0
15138,3,1,0
15138,4,2,0
15138,5,0,0
15138,5,2,0
15138,6,1,0
15138,6,2,0
15138,7,0,0
15138,7,1,0
15138,7,2,0
15139,1,0,0
15139,2,1,0
15139,3,0,0
15139,3,1,0
15139,4,2,0
15139,5,0,0
15139,5,2,0
15139,6,1,0
15139,6,2,0
15139,7,0,0
15139,7,1,0
15139,7,2,0
15140,1,0,0
15140,2,1,0
15140,3,0,0
15140,3,1,0
15140,4,2,0
15140,5,0,0
15140,5,2,0
15140,6,1,0
15140,6,2,0
15140,7,0,0
15140,7,1,0
15140,7,2,0
15141,1,0,0
15141,2,1,0
15141,3,0,0
15141,3,1,0
15141,4,2,0
15141,5,0,0
15141,5,2,0
15141,6,1,0
15141,6,2,0
15141,7,0,0
15141,7,1,0
15141,7,2,0
15142,1,0,0
15142,2,1,0
15142,3,0,0
15142,3,1,0
15142,4,2,0
15142,5,0,0
15142,5,2,0
15142,6,1,0
15142,6,2,0
15142,7,0,0
15142,7,1,0
15142,7,2,0
15143,1,0,0
15143,2,1,0
15143,3,0,0
15143,3,1,0
15143,4,2,0
15143,5,0,0
15143,5,2,0
15143,6,1,0
15143,6,2,0
15143,7,0,0
15143,7,1,0
15143,7,2,0
15144,1,0,0
15144,2,1,0
15144,3,0,0
15144,3,1,0
15144,4,2,0
15144,5,0,0
15144,5,2,0
15144,6,1,0
15144,6,2,0
15144,7,0,0
15144,7,1,0
15144,7,2,0
15145,1,0,0
15145,2,1,0
15145,3,0,0
15145,3,1,0
15145,4,2,0
15145,5,0,0
15145,5,2,0
15145,6,1,0
15145,6,2,0
15145,7,0,0
15145,7,1,0
15145,7,2,0
15146,1,0,0
15146,2,1,0
15146,3,0,0
15146,3,1,0
15146,4,2,0
15146,5,0,0
15146,5,2,0
15146,6,1,0
15146,6,2,0
15146,7,0,0
15146,7,1,0
15146,7,2,0
15147,1,0,1
15147,2,1,0
15147,3,0,1
15147,3,1,0
15147,4,2,0
15147,5,0,1
15147,5,2,0
15147,6,1,0
15147,6,2,0
15147,7,0,1
15147,7,1,0
15147,7,2,0
15148,1,0,1
15148,2,1,0
15148,3,0,1
15148,3,1,0
15148,4,2,0
15148,5,0,1
15148,5,2,0
15148,6,1,0
15148,6,2,0
15148,7,0,1
15148,7,1,0
15148,7,2,0
15149,1,0,0
15149,2,1,0
15149,3,0,0
15149,3,1,0
15149,4,2,0
15149,5,0,0
15149,5,2,0
15149,6,1,0
15149,6,2,0
15149,7,0,0
15149,7,1,0
15149,7,2,0
15150,1,0,0
15150,2,1,0
15150,3,0,0
15150,3,1,0
15150,4,2,0
15150,5,0,0
15150,5,2,0
15150,6,1,0
15150,6,2,0
15150,7,0,0
15150,7,1,0
15150,7,2,0
15151,1,0,0
15151,2,1,0
15151,3,0,0
15151,3,1,0
15151,4,2,0
15151,5,0,0
15151,5,2,0
15151,6,1,0
15151,6,2,0
15151,7,0,0
15151,7,1,0
15151,7,2,0
15152,1,0,0
15152,2,1,0
15152,3,0,0
15152,3,1,0
15152,4,2,0
15152,5,0,0
15152,5,2,0
15152,6,1,0
15152,6,2,0
15152,7,0,0
15152,7,1,0
15152,7,2,0
15153,1,0,0
15153,2,1,0
15153,3,0,0
15153,3,1,0
15153,4,2,0
15153,5,0,0
15153,5,2,0
15153,6,1,0
15153,6,2,0
15153,7,0,0
15153,7,1,0
15153,7,2,0
15154,1,0,0
15154,2,1,0
15154,3,0,0
15154,3,1,0
15154,4,2,0
15154,5,0,0
15154,5,2,0
15154,6,1,0
15154,6,2,0
15154,7,0,0
15154,7,1,0
15154,7,2,0
15155,1,0,0
15155,2,1,0
15155,3,0,0
15155,3,1,0
15155,4,2,0
15155,5,0,0
15155,5,2,0
15155,6,1,0
15155,6,2,0
15155,7,0,0
15155,7,1,0
15155,7,2,0
15156,1,0,0
15156,2,1,0
15156,3,0,0
15156,3,1,0
15156,4,2,0
15156,5,0,0
15156,5,2,0
15156,6,1,0
15156,6,2,0
15156,7,0,0
15156,7,1,0
15156,7,2,0
15157,1,0,0
15157,2,1,0
15157,3,0,0
15157,3,1,0
15157,4,2,0
15157,5,0,0
15157,5,2,0
15157,6,1,0
15157,6,2,0
15157,7,0,0
15157,7,1,0
15157,7,2,0
15158,1,0,0
15158,2,1,0
15158,3,0,0
15158,3,1,0
15158,4,2,0
15158,5,0,0
15158,5,2,0
15158,6,1,0
15158,6,2,0
15158,7,0,0
15158,7,1,0
15158,7,2,0
15159,1,0,0
15159,2,1,0
15159,3,0,0
15159,3,1,0
15159,4,2,0
15159,5,0,0
15159,5,2,0
15159,6,1,0
15159,6,2,0
15159,7,0,0
15159,7,1,0
15159,7,2,0
15160,1,0,0
15160,2,1,0
15160,3,0,0
15160,3,1,0
15160,4,2,0
15160,5,0,0
15160,5,2,0
15160,6,1,0
15160,6,2,0
15160,7,0,0
15160,7,1,0
15160,7,2,0
15161,1,0,0
15161,2,1,0
15161,3,0,0
15161,3,1,0
15161,4,2,0
15161,5,0,0
15161,5,2,0
15161,6,1,0
15161,6,2,0
15161,7,0,0
15161,7,1,0
15161,7,2,0
15162,1,0,0
15162,2,1,0
15162,3,0,0
15162,3,1,0
15162,4,2,0
15162,5,0,0
15162,5,2,0
15162,6,1,0
15162,6,2,0
15162,7,0,0
15162,7,1,0
15162,7,2,0
15163,1,0,0
15163,2,1,0
15163,3,0,0
15163,3,1,0
15163,4,2,0
15163,5,0,0
15163,5,2,0
15163,6,1,0
15163,6,2,0
15163,7,0,0
15163,7,1,0
15163,7,2,0
15164,1,0,0
15164,2,1,0
15164,3,0,0
15164,3,1,0
15164,4,2,0
15164,5,0,0
15164,5,2,0
15164,6,1,0
15164,6,2,0
15164,7,0,0
15164,7,1,0
15164,7,2,0
15165,1,0,0
15165,2,1,0
15165,3,0,0
15165,3,1,0
15165,4,2,0
15165,5,0,0
15165,5,2,0
15165,6,1,0
15165,6,2,0
15165,7,0,0
15165,7,1,0
15165,7,2,0
15166,1,0,0
15166,2,1,0
15166,3,0,0
15166,3,1,0
15166,4,2,0
15166,5,0,0
15166,5,2,0
15166,6,1,0
15166,6,2,0
15166,7,0,0
15166,7,1,0
15166,7,2,0
15167,1,0,0
15167,2,1,0
15167,3,0,0
15167,3,1,0
15167,4,2,0
15167,5,0,0
15167,5,2,0
15167,6,1,0
15167,6,2,0
15167,7,0,0
15167,7,1,0
15167,7,2,0
15168,1,0,0
15168,2,1,0
15168,3,0,0
15168,3,1,0
15168,4,2,0
15168,5,0,0
15168,5,2,0
15168,6,1,0
15168,6,2,0
15168,7,0,0
15168,7,1,0
15168,7,2,0
15169,1,0,0
15169,2,1,0
15169,3,0,0
15169,3,1,0
15169,4,2,0
15169,5,0,0
15169,5,2,0
15169,6,1,0
15169,6,2,0
15169,7,0,0
15169,7,1,0
15169,7,2,0
15170,1,0,0
15170,2,1,0
15170,3,0,0
15170,3,1,0
15170,4,2,0
15170,5,0,0
15170,5,2,0
15170,6,1,0
15170,6,2,0
15170,7,0,0
15170,7,1,0
15170,7,2,0
15171,1,0,0
15171,2,1,0
15171,3,0,0
15171,3,1,0
15171,4,2,0
15171,5,0,0
15171,5,2,0
15171,6,1,0
15171,6,2,0
15171,7,0,0
15171,7,1,0
15171,7,2,0
15172,1,0,0
15172,2,1,0
15172,3,0,0
15172,3,1,0
15172,4,2,0
15172,5,0,0
15172,5,2,0
15172,6,1,0
15172,6,2,0
15172,7,0,0
15172,7,1,0
15172,7,2,0
15173,1,0,0
15173,2,1,0
15173,3,0,0
15173,3,1,0
15173,4,2,0
15173,5,0,0
15173,5,2,0
15173,6,1,0
15173,6,2,0
15173,7,0,0
15173,7,1,0
15173,7,2,0
15174,1,0,1
15174,2,1,0
15174,3,0,1
15174,3,1,0
15174,4,2,0
15174,5,0,1
15174,5,2,0
15174,6,1,0
15174,6,2,0
15174,7,0,1
15174,7,1,0
15174,7,2,0
15175,1,0,1
15175,2,1,0
15175,3,0,1
15175,3,1,0
15175,4,2,0
15175,5,0,1
15175,5,2,0
15175,6,1,0
15175,6,2,0
15175,7,0,1
15175,7,1,0
15175,7,2,0
15176,1,0,0
15176,2,1,0
15176,3,0,0
15176,3,1,0
15176,4,2,0
15176,5,0,0
15176,5,2,0
15176,6,1,0
15176,6,2,0
15176,7,0,0
15176,7,1,0
15176,7,2,0
15177,1,0,0
15177,2,1,0
15177,3,0,0
15177,3,1,0
15177,4,2,0
15177,5,0,0
15177,5,2,0
15177,6,1,0
15177,6,2,0
15177,7,0,0
15177,7,1,0
15177,7,2,0
15178,1,0,0
15178,2,1,0
15178,3,0,0
15178,3,1,0
15178,4,2,0
15178,5,0,0
15178,5,2,0
15178,6,1,0
15178,6,2,0
15178,7,0,0
15178,7,1,0
15178,7,2,0
15179,1,0,0
15179,2,1,0
15179,3,0,0
15179,3,1,0
15179,4,2,0
15179,5,0,0
15179,5,2,0
15179,6,1,0
15179,6,2,0
15179,7,0,0
15179,7,1,0
15179,7,2,0
15180,1,0,0
15180,2,1,0
15180,3,0,0
15180,3,1,0
15180,4,2,0
15180,5,0,0
15180,5,2,0
15180,6,1,0
15180,6,2,0
15180,7,0,0
15180,7,1,0
15180,7,2,0
15181,1,0,0
15181,2,1,0
15181,3,0,0
15181,3,1,0
15181,4,2,0
15181,5,0,0
15181,5,2,0
15181,6,1,0
15181,6,2,0
15181,7,0,0
15181,7,1,0
15181,7,2,0
15182,1,0,0
15182,2,1,0
15182,3,0,0
15182,3,1,0
15182,4,2,0
15182,5,0,0
15182,5,2,0
15182,6,1,0
15182,6,2,0
15182,7,0,0
15182,7,1,0
15182,7,2,0
15183,1,0,0
15183,2,1,0
15183,3,0,0
15183,3,1,0
15183,4,2,0
15183,5,0,0
15183,5,2,0
15183,6,1,0
15183,6,2,0
15183,7,0,0
15183,7,1,0
15183,7,2,0
15184,1,0,0
15184,2,1,0
15184,3,0,0
15184,3,1,0
15184,4,2,0
15184,5,0,0
15184,5,2,0
15184,6,1,0
15184,6,2,0
15184,7,0,0
15184,7,1,0
15184,7,2,0
15185,1,0,0
15185,2,1,0
15185,3,0,0
15185,3,1,0
15185,4,2,0
15185,5,0,0
15185,5,2,0
15185,6,1,0
15185,6,2,0
15185,7,0,0
15185,7,1,0
15185,7,2,0
15186,1,0,0
15186,2,1,0
15186,3,0,0
15186,3,1,0
15186,4,2,0
15186,5,0,0
15186,5,2,0
15186,6,1,0
15186,6,2,0
15186,7,0,0
15186,7,1,0
15186,7,2,0
15187,1,0,0
15187,2,1,0
15187,3,0,0
15187,3,1,0
15187,4,2,0
15187,5,0,0
15187,5,2,0
15187,6,1,0
15187,6,2,0
15187,7,0,0
15187,7,1,0
15187,7,2,0
15188,1,0,0
15188,2,1,0
15188,3,0,0
15188,3,1,0
15188,4,2,0
15188,5,0,0
15188,5,2,0
15188,6,1,0
15188,6,2,0
15188,7,0,0
15188,7,1,0
15188,7,2,0
15189,1,0,0
15189,2,1,0
15189,3,0,0
15189,3,1,0
15189,4,2,0
15189,5,0,0
15189,5,2,0
15189,6,1,0
15189,6,2,0
15189,7,0,0
15189,7,1,0
15189,7,2,0
15190,1,0,0
15190,2,1,0
15190,3,0,0
15190,3,1,0
15190,4,2,0
15190,5,0,0
15190,5,2,0
15190,6,1,0
15190,6,2,0
15190,7,0,0
15190,7,1,0
15190,7,2,0
15191,1,0,0
15191,2,1,0
15191,3,0,0
15191,3,1,0
15191,4,2,0
15191,5,0,0
15191,5,2,0
15191,6,1,0
15191,6,2,0
15191,7,0,0
15191,7,1,0
15191,7,2,0
15192,1,0,0
15192,2,1,0
15192,3,0,0
15192,3,1,0
15192,4,2,0
15192,5,0,0
15192,5,2,0
15192,6,1,0
15192,6,2,0
15192,7,0,0
15192,7,1,0
15192,7,2,0
15193,1,0,0
15193,2,1,0
15193,3,0,0
15193,3,1,0
15193,4,2,0
15193,5,0,0
15193,5,2,0
15193,6,1,0
15193,6,2,0
15193,7,0,0
15193,7,1,0
15193,7,2,0
15194,1,0,0
15194,2,1,0
15194,3,0,0
15194,3,1,0
15194,4,2,0
15194,5,0,0
15194,5,2,0
15194,6,1,0
15194,6,2,0
15194,7,0,0
15194,7,1,0
15194,7,2,0
15195,1,0,0
15195,2,1,0
15195,3,0,0
15195,3,1,0
15195,4,2,0
15195,5,0,0
15195,5,2,0
15195,6,1,0
15195,6,2,0
15195,7,0,0
15195,7,1,0
15195,7,2,0
15196,1,0,0
15196,2,1,0
15196,3,0,0
15196,3,1,0
15196,4,2,0
15196,5,0,0
15196,5,2,0
15196,6,1,0
15196,6,2,0
15196,7,0,0
15196,7,1,0
15196,7,2,0
15197,1,0,0
15197,2,1,0
15197,3,0,0
15197,3,1,0
15197,4,2,0
15197,5,0,0
15197,5,2,0
15197,6,1,0
15197,6,2,0
15197,7,0,0
15197,7,1,0
15197,7,2,0
15198,1,0,0
15198,2,1,0
15198,3,0,0
15198,3,1,0
15198,4,2,0
15198,5,0,0
15198,5,2,0
15198,6,1,0
15198,6,2,0
15198,7,0,0
15198,7,1,0
15198,7,2,0
15199,1,0,0
15199,2,1,0
15199,3,0,0
15199,3,1,0
15199,4,2,0
15199,5,0,0
15199,5,2,0
15199,6,1,0
15199,6,2,0
15199,7,0,0
15199,7,1,0
15199,7,2,0
15200,1,0,0
15200,2,1,0
15200,3,0,0
15200,3,1,0
15200,4,2,0
15200,5,0,0
15200,5,2,0
15200,6,1,0
15200,6,2,0
15200,7,0,0
15200,7,1,0
15200,7,2,0
15201,1,0,1
15201,2,1,0
15201,3,0,1
15201,3,1,0
15201,4,2,0
15201,5,0,1
15201,5,2,0
15201,6,1,0
15201,6,2,0
15201,7,0,1
15201,7,1,0
15201,7,2,0
15202,1,0,1
15202,2,1,0
15202,3,0,1
15202,3,1,0
15202,4,2,0
15202,5,0,1
15202,5,2,0
15202,6,1,0
15202,6,2,0
15202,7,0,1
15202,7,1,0
15202,7,2,0
15203,1,0,0
15203,2,1,0
15203,3,0,0
15203,3,1,0
15203,4,2,0
15203,5,0,0
15203,5,2,0
15203,6,1,0
15203,6,2,0
15203,7,0,0
15203,7,1,0
15203,7,2,0
15204,1,0,0
15204,2,1,0
15204,3,0,0
15204,3,1,0
15204,4,2,0
15204,5,0,0
15204,5,2,0
15204,6,1,0
15204,6,2,0
15204,7,0,0
15204,7,1,0
15204,7,2,0
15205,1,0,0
15205,2,1,0
15205,3,0,0
15205,3,1,0
15205,4,2,0
15205,5,0,0
15205,5,2,0
15205,6,1,0
15205,6,2,0
15205,7,0,0
15205,7,1,0
15205,7,2,0
15206,1,0,0
15206,2,1,0
15206,3,0,0
15206,3,1,0
15206,4,2,0
15206,5,0,0
15206,5,2,0
15206,6,1,0
15206,6,2,0
15206,7,0,0
15206,7,1,0
15206,7,2,0
15207,1,0,0
15207,2,1,0
15207,3,0,0
15207,3,1,0
15207,4,2,0
15207,5,0,0
15207,5,2,0
15207,6,1,0
15207,6,2,0
15207,7,0,0
15207,7,1,0
15207,7,2,0
15208,1,0,0
15208,2,1,0
15208,3,0,0
15208,3,1,0
15208,4,2,0
15208,5,0,0
15208,5,2,0
15208,6,1,0
15208,6,2,0
15208,7,0,0
15208,7,1,0
15208,7,2,0
15209,1,0,0
15209,2,1,0
15209,3,0,0
15209,3,1,0
15209,4,2,0
15209,5,0,0
15209,5,2,0
15209,6,1,0
15209,6,2,0
15209,7,0,0
15209,7,1,0
15209,7,2,0
15210,1,0,0
15210,2,1,0
15210,3,0,0
15210,3,1,0
15210,4,2,0
15210,5,0,0
15210,5,2,0
15210,6,1,0
15210,6,2,0
15210,7,0,0
15210,7,1,0
15210,7,2,0
15211,1,0,0
15211,2,1,0
15211,3,0,0
15211,3,1,0
15211,4,2,0
15211,5,0,0
15211,5,2,0
15211,6,1,0
15211,6,2,0
15211,7,0,0
15211,7,1,0
15211,7,2,0
15212,1,0,0
15212,2,1,0
15212,3,0,0
15212,3,1,0
15212,4,2,0
15212,5,0,0
15212,5,2,0
15212,6,1,0
15212,6,2,0
15212,7,0,0
15212,7,1,0
15212,7,2,0
15213,1,0,0
15213,2,1,0
15213,3,0,0
15213,3,1,0
15213,4,2,0
15213,5,0,0
15213,5,2,0
15213,6,1,0
15213,6,2,0
15213,7,0,0
15213,7,1,0
15213,7,2,0
15214,1,0,0
15214,2,1,0
15214,3,0,0
15214,3,1,0
15214,4,2,0
15214,5,0,0
15214,5,2,0
15214,6,1,0
15214,6,2,0
15214,7,0,0
15214,7,1,0
15214,7,2,0
15215,1,0,0
15215,2,1,0
15215,3,0,0
15215,3,1,0
15215,4,2,0
15215,5,0,0
15215,5,2,0
15215,6,1,0
15215,6,2,0
15215,7,0,0
15215,7,1,0
15215,7,2,0
15216,1,0,0
15216,2,1,0
15216,3,0,0
15216,3,1,0
15216,4,2,0
15216,5,0,0
15216,5,2,0
15216,6,1,0
15216,6,2,0
15216,7,0,0
15216,7,1,0
15216,7,2,0
15217,1,0,0
15217,2,1,0
15217,3,0,0
15217,3,1,0
15217,4,2,0
15217,5,0,0
15217,5,2,0
15217,6,1,0
15217,6,2,0
15217,7,0,0
15217,7,1,0
15217,7,2,0
15218,1,0,0
15218,2,1,0
15218,3,0,0
15218,3,1,0
15218,4,2,0
15218,5,0,0
15218,5,2,0
15218,6,1,0
15218,6,2,0
15218,7,0,0
15218,7,1,0
15218,7,2,0
15219,1,0,0
15219,2,1,0
15219,3,0,0
15219,3,1,0
15219,4,2,0
15219,5,0,0
15219,5,2,0
15219,6,1,0
15219,6,2,0
15219,7,0,0
15219,7,1,0
15219,7,2,0
15220,1,0,0
15220,2,1,0
15220,3,0,0
15220,3,1,0
15220,4,2,0
15220,5,0,0
15220,5,2,0
15220,6,1,0
15220,6,2,0
15220,7,0,0
15220,7,1,0
15220,7,2,0
15221,1,0,0
15221,2,1,0
15221,3,0,0
15221,3,1,0
15221,4,2,0
15221,5,0,0
15221,5,2,0
15221,6,1,0
15221,6,2,0
15221,7,0,0
15221,7,1,0
15221,7,2,0
15222,1,0,0
15222,2,1,0
15222,3,0,0
15222,3,1,0
15222,4,2,0
15222,5,0,0
15222,5,2,0
15222,6,1,0
15222,6,2,0
15222,7,0,0
15222,7,1,0
15222,7,2,0
15223,1,0,0
15223,2,1,0
15223,3,0,0
15223,3,1,0
15223,4,2,0
15223,5,0,0
15223,5,2,0
15223,6,1,0
15223,6,2,0
15223,7,0,0
15223,7,1,0
15223,7,2,0
15224,1,0,0
15224,2,1,0
15224,3,0,0
15224,3,1,0
15224,4,2,0
15224,5,0,0
15224,5,2,0
15224,6,1,0
15224,6,2,0
15224,7,0,0
15224,7,1,0
15224,7,2,0
15225,1,0,0
15225,2,1,0
15225,3,0,0
15225,3,1,0
15225,4,2,0
15225,5,0,0
15225,5,2,0
15225,6,1,0
15225,6,2,0
15225,7,0,0
15225,7,1,0
15225,7,2,0
15226,1,0,0
15226,2,1,0
15226,3,0,0
15226,3,1,0
15226,4,2,0
15226,5,0,0
15226,5,2,0
15226,6,1,0
15226,6,2,0
15226,7,0,0
15226,7,1,0
15226,7,2,0
15227,1,0,0
15227,2,1,0
15227,3,0,0
15227,3,1,0
15227,4,2,0
15227,5,0,0
15227,5,2,0
15227,6,1,0
15227,6,2,0
15227,7,0,0
15227,7,1,0
15227,7,2,0
15228,1,0,1
15228,2,1,0
15228,3,0,1
15228,3,1,0
15228,4,2,0
15228,5,0,1
15228,5,2,0
15228,6,1,0
15228,6,2,0
15228,7,0,1
15228,7,1,0
15228,7,2,0
15229,1,0,1
15229,2,1,0
15229,3,0,1
15229,3,1,0
15229,4,2,0
15229,5,0,1
15229,5,2,0
15229,6,1,0
15229,6,2,0
15229,7,0,1
15229,7,1,0
15229,7,2,0
15230,1,0,0
15230,2,1,0
15230,3,0,0
15230,3,1,0
15230,4,2,0
15230,5,0,0
15230,5,2,0
15230,6,1,0
15230,6,2,0
15230,7,0,0
15230,7,1,0
15230,7,2,0
15231,1,0,0
15231,2,1,0
15231,3,0,0
15231,3,1,0
15231,4,2,0
15231,5,0,0
15231,5,2,0
15231,6,1,0
15231,6,2,0
15231,7,0,0
15231,7,1,0
15231,7,2,0
15232,1,0,0
15232,2,1,0
15232,3,0,0
15232,3,1,0
15232,4,2,0
15232,5,0,0
15232,5,2,0
15232,6,1,0
15232,6,2,0
15232,7,0,0
15232,7,1,0
15232,7,2,0
15233,1,0,0
15233,2,1,0
15233,3,0,0
15233,3,1,0
15233,4,2,0
15233,5,0,0
15233,5,2,0
15233,6,1,0
15233,6,2,0
15233,7,0,0
15233,7,1,0
15233,7,2,0
15234,1,0,0
15234,2,1,0
15234,3,0,0
15234,3,1,0
15234,4,2,0
15234,5,0,0
15234,5,2,0
15234,6,1,0
15234,6,2,0
15234,7,0,0
15234,7,1,0
15234,7,2,0
15235,1,0,0
15235,2,1,0
15235,3,0,0
15235,3,1,0
15235,4,2,0
15235,5,0,0
15235,5,2,0
15235,6,1,0
15235,6,2,0
15235,7,0,0
15235,7,1,0
15235,7,2,0
15236,1,0,0
15236,2,1,0
15236,3,0,0
15236,3,1,0
15236,4,2,0
15236,5,0,0
15236,5,2,0
15236,6,1,0
15236,6,2,0
15236,7,0,0
15236,7,1,0
15236,7,2,0
15237,1,0,0
15237,2,1,0
15237,3,0,0
15237,3,1,0
15237,4,2,0
15237,5,0,0
15237,5,2,0
15237,6,1,0
15237,6,2,0
15237,7,0,0
15237,7,1,0
15237,7,2,0
15238,1,0,0
15238,2,1,0
15238,3,0,0
15238,3,1,0
15238,4,2,0
15238,5,0,0
15238,5,2,0
15238,6,1,0
15238,6,2,0
15238,7,0,0
15238,7,1,0
15238,7,2,0
15239,1,0,0
15239,2,1,0
15239,3,0,0
15239,3,1,0
15239,4,2,0
15239,5,0,0
15239,5,2,0
15239,6,1,0
15239,6,2,0
15239,7,0,0
15239,7,1,0
15239,7,2,0
15240,1,0,0
15240,2,1,0
15240,3,0,0
15240,3,1,0
15240,4,2,0
15240,5,0,0
15240,5,2,0
15240,6,1,0
15240,6,2,0
15240,7,0,0
15240,7,1,0
15240,7,2,0
15241,1,0,0
15241,2,1,0
15241,3,0,0
15241,3,1,0
15241,4,2,0
15241,5,0,0
15241,5,2,0
15241,6,1,0
15241,6,2,0
15241,7,0,0
15241,7,1,0
15241,7,2,0
15242,1,0,0
15242,2,1,0
15242,3,0,0
15242,3,1,0
15242,4,2,0
15242,5,0,0
15242,5,2,0
15242,6,1,0
15242,6,2,0
15242,7,0,0
15242,7,1,0
15242,7,2,0
15243,1,0,0
15243,2,1,0
15243,3,0,0
15243,3,1,0
15243,4,2,0
15243,5,0,0
15243,5,2,0
15243,6,1,0
15243,6,2,0
15243,7,0,0
15243,7,1,0
15243,7,2,0
15244,1,0,0
15244,2,1,0
15244,3,0,0
15244,3,1,0
15244,4,2,0
15244,5,0,0
15244,5,2,0
15244,6,1,0
15244,6,2,0
15244,7,0,0
15244,7,1,0
15244,7,2,0
15245,1,0,0
15245,2,1,0
15245,3,0,0
15245,3,1,0
15245,4,2,0
15245,5,0,0
15245,5,2,0
15245,6,1,0
15245,6,2,0
15245,7,0,0
15245,7,1,0
15245,7,2,0
15246,1,0,0
15246,2,1,0
15246,3,0,0
15246,3,1,0
15246,4,2,0
15246,5,0,0
15246,5,2,0
15246,6,1,0
15246,6,2,0
15246,7,0,0
15246,7,1,0
15246,7,2,0
15247,1,0,0
15247,2,1,0
15247,3,0,0
15247,3,1,0
15247,4,2,0
15247,5,0,0
15247,5,2,0
15247,6,1,0
15247,6,2,0
15247,7,0,0
15247,7,1,0
15247,7,2,0
15248,1,0,0
15248,2,1,0
15248,3,0,0
15248,3,1,0
15248,4,2,0
15248,5,0,0
15248,5,2,0
15248,6,1,0
15248,6,2,0
15248,7,0,0
15248,7,1,0
15248,7,2,0
15249,1,0,0
15249,2,1,0
15249,3,0,0
15249,3,1,0
15249,4,2,0
15249,5,0,0
15249,5,2,0
15249,6,1,0
15249,6,2,0
15249,7,0,0
15249,7,1,0
15249,7,2,0
15250,1,0,0
15250,2,1,0
15250,3,0,0
15250,3,1,0
15250,4,2,0
15250,5,0,0
15250,5,2,0
15250,6,1,0
15250,6,2,0
15250,7,0,0
15250,7,1,0
15250,7,2,0
15251,1,0,0
15251,2,1,0
15251,3,0,0
15251,3,1,0
15251,4,2,0
15251,5,0,0
15251,5,2,0
15251,6,1,0
15251,6,2,0
15251,7,0,0
15251,7,1,0
15251,7,2,0
15252,1,0,0
15252,2,1,0
15252,3,0,0
15252,3,1,0
15252,4,2,0
15252,5,0,0
15252,5,2,0
15252,6,1,0
15252,6,2,0
15252,7,0,0
15252,7,1,0
15252,7,2,0
15253,1,0,0
15253,2,1,0
15253,3,0,0
15253,3,1,0
15253,4,2,0
15253,5,0,0
15253,5,2,0
15253,6,1,0
15253,6,2,0
15253,7,0,0
15253,7,1,0
15253,7,2,0
15254,1,0,0
15254,2,1,0
15254,3,0,0
15254,3,1,0
15254,4,2,0
15254,5,0,0
15254,5,2,0
15254,6,1,0
15254,6,2,0
15254,7,0,0
15254,7,1,0
15254,7,2,0
15255,1,0,1
15255,2,1,0
15255,3,0,1
15255,3,1,0
15255,4,2,0
15255,5,0,1
15255,5,2,0
15255,6,1,0
15255,6,2,0
15255,7,0,1
15255,7,1,0
15255,7,2,0
15256,1,0,1
15256,2,1,0
15256,3,0,1
15256,3,1,0
15256,4,2,0
15256,5,0,1
15256,5,2,0
15256,6,1,0
15256,6,2,0
15256,7,0,1
15256,7,1,0
15256,7,2,0
15257,1,0,0
15257,2,1,0
15257,3,0,0
15257,3,1,0
15257,4,2,0
15257,5,0,0
15257,5,2,0
15257,6,1,0
15257,6,2,0
15257,7,0,0
15257,7,1,0
15257,7,2,0
15258,1,0,0
15258,2,1,0
15258,3,0,0
15258,3,1,0
15258,4,2,0
15258,5,0,0
15258,5,2,0
15258,6,1,0
15258,6,2,0
15258,7,0,0
15258,7,1,0
15258,7,2,0
15259,1,0,0
15259,2,1,0
15259,3,0,0
15259,3,1,0
15259,4,2,0
15259,5,0,0
15259,5,2,0
15259,6,1,0
15259,6,2,0
15259,7,0,0
15259,7,1,0
15259,7,2,0
15260,1,0,0
15260,2,1,0
15260,3,0,0
15260,3,1,0
15260,4,2,0
15260,5,0,0
15260,5,2,0
15260,6,1,0
15260,6,2,0
15260,7,0,0
15260,7,1,0
15260,7,2,0
15261,1,0,0
15261,2,1,0
15261,3,0,0
15261,3,1,0
15261,4,2,0
15261,5,0,0
15261,5,2,0
15261,6,1,0
15261,6,2,0
15261,7,0,0
15261,7,1,0
15261,7,2,0
15262,1,0,0
15262,2,1,0
15262,3,0,0
15262,3,1,0
15262,4,2,0
15262,5,0,0
15262,5,2,0
15262,6,1,0
15262,6,2,0
15262,7,0,0
15262,7,1,0
15262,7,2,0
15263,1,0,0
15263,2,1,0
15263,3,0,0
15263,3,1,0
15263,4,2,0
15263,5,0,0
15263,5,2,0
15263,6,1,0
15263,6,2,0
15263,7,0,0
15263,7,1,0
15263,7,2,0
15264,1,0,0
15264,2,1,0
15264,3,0,0
15264,3,1,0
15264,4,2,0
15264,5,0,0
15264,5,2,0
15264,6,1,0
15264,6,2,0
15264,7,0,0
15264,7,1,0
15264,7,2,0
15265,1,0,0
15265,2,1,0
15265,3,0,0
15265,3,1,0
15265,4,2,0
15265,5,0,0
15265,5,2,0
15265,6,1,0
15265,6,2,0
15265,7,0,0
15265,7,1,0
15265,7,2,0
15266,1,0,0
15266,2,1,0
15266,3,0,0
15266,3,1,0
15266,4,2,0
15266,5,0,0
15266,5,2,0
15266,6,1,0
15266,6,2,0
15266,7,0,0
15266,7,1,0
15266,7,2,0
15267,1,0,0
15267,2,1,0
15267,3,0,0
15267,3,1,0
15267,4,2,0
15267,5,0,0
15267,5,2,0
15267,6,1,0
15267,6,2,0
15267,7,0,0
15267,7,1,0
15267,7,2,0
15268,1,0,0
15268,2,1,0
15268,3,0,0
15268,3,1,0
15268,4,2,0
15268,5,0,0
15268,5,2,0
15268,6,1,0
15268,6,2,0
15268,7,0,0
15268,7,1,0
15268,7,2,0
15269,1,0,0
15269,2,1,0
15269,3,0,0
15269,3,1,0
15269,4,2,0
15269,5,0,0
15269,5,2,0
15269,6,1,0
15269,6,2,0
15269,7,0,0
15269,7,1,0
15269,7,2,0
15270,1,0,0
15270,2,1,0
15270,3,0,0
15270,3,1,0
15270,4,2,0
15270,5,0,0
15270,5,2,0
15270,6,1,0
15270,6,2,0
15270,7,0,0
15270,7,1,0
15270,7,2,0
15271,1,0,0
15271,2,1,0
15271,3,0,0
15271,3,1,0
15271,4,2,0
15271,5,0,0
15271,5,2,0
15271,6,1,0
15271,6,2,0
15271,7,0,0
15271,7,1,0
15271,7,2,0
15272,1,0,0
15272,2,1,0
15272,3,0,0
15272,3,1,0
15272,4,2,0
15272,5,0,0
15272,5,2,0
15272,6,1,0
15272,6,2,0
15272,7,0,0
15272,7,1,0
15272,7,2,0
15273,1,0,0
15273,2,1,0
15273,3,0,0
15273,3,1,0
15273,4,2,0
15273,5,0,0
15273,5,2,0
15273,6,1,0
15273,6,2,0
15273,7,0,0
15273,7,1,0
15273,7,2,0
15274,1,0,0
15274,2,1,0
15274,3,0,0
15274,3,1,0
15274,4,2,0
15274,5,0,0
15274,5,2,0
15274,6,1,0
15274,6,2,0
15274,7,0,0
15274,7,1,0
15274,7,2,0
15275,1,0,0
15275,2,1,0
15275,3,0,0
15275,3,1,0
15275,4,2,0
15275,5,0,0
15275,5,2,0
15275,6,1,0
15275,6,2,0
15275,7,0,0
15275,7,1,0
15275,7,2,0
15276,1,0,0
15276,2,1,0
15276,3,0,0
15276,3,1,0
15276,4,2,0
15276,5,0,0
15276,5,2,0
15276,6,1,0
15276,6,2,0
15276,7,0,0
15276,7,1,0
15276,7,2,0
15277,1,0,0
15277,2,1,0
15277,3,0,0
15277,3,1,0
15277,4,2,0
15277,5,0,0
15277,5,2,0
15277,6,1,0
15277,6,2,0
15277,7,0,0
15277,7,1,0
15277,7,2,0
15278,1,0,0
15278,2,1,0
15278,3,0,0
15278,3,1,0
15278,4,2,0
15278,5,0,0
15278,5,2,0
15278,6,1,0
15278,6,2,0
15278,7,0,0
15278,7,1,0
15278,7,2,0
15279,1,0,0
15279,2,1,0
15279,3,0,0
15279,3,1,0
15279,4,2,0
15279,5,0,0
15279,5,2,0
15279,6,1,0
15279,6,2,0
15279,7,0,0
15279,7,1,0
15279,7,2,0
15280,1,0,0
15280,2,1,0
15280,3,0,0
15280,3,1,0
15280,4,2,0
15280,5,0,0
15280,5,2,0
15280,6,1,0
15280,6,2,0
15280,7,0,0
15280,7,1,0
15280,7,2,0
15281,1,0,0
15281,2,1,0
15281,3,0,0
15281,3,1,0
15281,4,2,0
15281,5,0,0
15281,5,2,0
15281,6,1,0
15281,6,2,0
15281,7,0,0
15281,7,1,0
15281,7,2,0
15282,1,0,1
15282,2,1,0
15282,3,0,1
15282,3,1,0
15282,4,2,0
15282,5,0,1
15282,5,2,0
15282,6,1,0
15282,6,2,0
15282,7,0,1
15282,7,1,0
15282,7,2,0
15283,1,0,1
15283,2,1,0
15283,3,0,1
15283,3,1,0
15283,4,2,0
15283,5,0,1
15283,5,2,0
15283,6,1,0
15283,6,2,0
15283,7,0,1
15283,7,1,0
15283,7,2,0
15284,1,0,0
15284,2,1,0
15284,3,0,0
15284,3,1,0
15284,4,2,0
15284,5,0,0
15284,5,2,0
15284,6,1,0
15284,6,2,0
15284,7,0,0
15284,7,1,0
15284,7,2,0
15285,1,0,0
15285,2,1,0
15285,3,0,0
15285,3,1,0
15285,4,2,0
15285,5,0,0
15285,5,2,0
15285,6,1,0
15285,6,2,0
15285,7,0,0
15285,7,1,0
15285,7,2,0
15286,1,0,0
15286,2,1,0
15286,3,0,0
15286,3,1,0
15286,4,2,0
15286,5,0,0
15286,5,2,0
15286,6,1,0
15286,6,2,0
15286,7,0,0
15286,7,1,0
15286,7,2,0
15287,1,0,0
15287,2,1,0
15287,3,0,0
15287,3,1,0
15287,4,2,0
15287,5,0,0
15287,5,2,0
15287,6,1,0
15287,6,2,0
15287,7,0,0
15287,7,1,0
15287,7,2,0
15288,1,0,0
15288,2,1,0
15288,3,0,0
15288,3,1,0
15288,4,2,0
15288,5,0,0
15288,5,2,0
15288,6,1,0
15288,6,2,0
15288,7,0,0
15288,7,1,0
15288,7,2,0
15289,1,0,0
15289,2,1,0
15289,3,0,0
15289,3,1,0
15289,4,2,0
15289,5,0,0
15289,5,2,0
15289,6,1,0
15289,6,2,0
15289,7,0,0
15289,7,1,0
15289,7,2,0
15290,1,0,0
15290,2,1,0
15290,3,0,0
15290,3,1,0
15290,4,2,0
15290,5,0,0
15290,5,2,0
15290,6,1,0
15290,6,2,0
15290,7,0,0
15290,7,1,0
15290,7,2,0
15291,1,0,0
15291,2,1,0
15291,3,0,0
15291,3,1,0
15291,4,2,0
15291,5,0,0
15291,5,2,0
15291,6,1,0
15291,6,2,0
15291,7,0,0
15291,7,1,0
15291,7,2,0
15292,1,0,0
15292,2,1,0
15292,3,0,0
15292,3,1,0
15292,4,2,0
15292,5,0,0
15292,5,2,0
15292,6,1,0
15292,6,2,0
15292,7,0,0
15292,7,1,0
15292,7,2,0
15293,1,0,0
15293,2,1,0
15293,3,0,0
15293,3,1,0
15293,4,2,0
15293,5,0,0
15293,5,2,0
15293,6,1,0
15293,6,2,0
15293,7,0,0
15293,7,1,0
15293,7,2,0
15294,1,0,0
15294,2,1,0
15294,3,0,0
15294,3,1,0
15294,4,2,0
15294,5,0,0
15294,5,2,0
15294,6,1,0
15294,6,2,0
15294,7,0,0
15294,7,1,0
15294,7,2,0
15295,1,0,0
15295,2,1,0
15295,3,0,0
15295,3,1,0
15295,4,2,0
15295,5,0,0
15295,5,2,0
15295,6,1,0
15295,6,2,0
15295,7,0,0
15295,7,1,0
15295,7,2,0
15296,1,0,0
15296,2,1,0
15296,3,0,0
15296,3,1,0
15296,4,2,0
15296,5,0,0
15296,5,2,0
15296,6,1,0
15296,6,2,0
15296,7,0,0
15296,7,1,0
15296,7,2,0
15297,1,0,0
15297,2,1,0
15297,3,0,0
15297,3,1,0
15297,4,2,0
15297,5,0,0
15297,5,2,0
15297,6,1,0
15297,6,2,0
15297,7,0,0
15297,7,1,0
15297,7,2,0
15298,1,0,0
15298,2,1,0
15298,3,0,0
15298,3,1,0
15298,4,2,0
15298,5,0,0
15298,5,2,0
15298,6,1,0
15298,6,2,0
15298,7,0,0
15298,7,1,0
15298,7,2,0
15299,1,0,0
15299,2,1,0
15299,3,0,0
15299,3,1,0
15299,4,2,0
15299,5,0,0
15299,5,2,0
15299,6,1,0
15299,6,2,0
15299,7,0,0
15299,7,1,0
15299,7,2,0
15300,1,0,0
15300,2,1,0
15300,3,0,0
15300,3,1,0
15300,4,2,0
15300,5,0,0
15300,5,2,0
15300,6,1,0
15300,6,2,0
15300,7,0,0
15300,7,1,0
15300,7,2,0
15301,1,0,0
15301,2,1,0
15301,3,0,0
15301,3,1,0
15301,4,2,0
15301,5,0,0
15301,5,2,0
15301,6,1,0
15301,6,2,0
15301,7,0,0
15301,7,1,0
15301,7,2,0
15302,1,0,0
15302,2,1,0
15302,3,0,0
15302,3,1,0
15302,4,2,0
15302,5,0,0
15302,5,2,0
15302,6,1,0
15302,6,2,0
15302,7,0,0
15302,7,1,0
15302,7,2,0
15303,1,0,0
15303,2,1,0
15303,3,0,0
15303,3,1,0
15303,4,2,0
15303,5,0,0
15303,5,2,0
15303,6,1,0
15303,6,2,0
15303,7,0,0
15303,7,1,0
15303,7,2,0
15304,1,0,0
15304,2,1,0
15304,3,0,0
15304,3,1,0
15304,4,2,0
15304,5,0,0
15304,5,2,0
15304,6,1,0
15304,6,2,0
15304,7,0,0
15304,7,1,0
15304,7,2,0
15305,1,0,0
15305,2,1,0
15305,3,0,0
15305,3,1,0
15305,4,2,0
15305,5,0,0
15305,5,2,0
15305,6,1,0
15305,6,2,0
15305,7,0,0
15305,7,1,0
15305,7,2,0
15306,1,0,0
15306,2,1,0
15306,3,0,0
15306,3,1,0
15306,4,2,0
15306,5,0,0
15306,5,2,0
15306,6,1,0
15306,6,2,0
15306,7,0,0
15306,7,1,0
15306,7,2,0
15307,1,0,0
15307,2,1,0
15307,3,0,0
15307,3,1,0
15307,4,2,0
15307,5,0,0
15307,5,2,0
15307,6,1,0
15307,6,2,0
15307,7,0,0
15307,7,1,0
15307,7,2,0
15308,1,0,0
15308,2,1,0
15308,3,0,0
15308,3,1,0
15308,4,2,0
15308,5,0,0
15308,5,2,0
15308,6,1,0
15308,6,2,0
15308,7,0,0
15308,7,1,0
15308,7,2,0
15309,1,0,1
15309,2,1,1
15309,3,0,1
15309,3,1,1
15309,4,2,0
15309,5,0,1
15309,5,2,0
15309,6,1,1
15309,6,2,0
15309,7,0,1
15309,7,1,1
15309,7,2,0
15310,1,0,1
15310,2,1,1
15310,3,0,1
15310,3,1,1
15310,4,2,0
15310,5,0,1
15310,5,2,0
15310,6,1,1
15310,6,2,0
15310,7,0,1
15310,7,1,1
15310,7,2,0
15311,1,0,0
15311,2,1,1
15311,3,0,0
15311,3,1,1
15311,4,2,0
15311,5,0,0
15311,5,2,0
15311,6,1,1
15311,6,2,0
15311,7,0,0
15311,7,1,1
15311,7,2,0
15312,1,0,1
15312,2,1,1
15312,3,0,1
15312,3,1,1
15312,4,2,0
15312,5,0,1
15312,5,2,0
15312,6,1,1
15312,6,2,0
15312,7,0,1
15312,7,1,1
15312,7,2,0
15313,1,0,1
15313,2,1,1
15313,3,0,1
15313,3,1,1
15313,4,2,0
15313,5,0,1
15313,5,2,0
15313,6,1,1
15313,6,2,0
15313,7,0,1
15313,7,1,1
15313,7,2,0
15314,1,0,0
15314,2,1,1
15314,3,0,0
15314,3,1,1
15314,4,2,0
15314,5,0,0
15314,5,2,0
15314,6,1,1
15314,6,2,0
15314,7,0,0
15314,7,1,1
15314,7,2,0
15315,1,0,1
15315,2,1,1
15315,3,0,1
15315,3,1,1
15315,4,2,0
15315,5,0,1
15315,5,2,0
15315,6,1,1
15315,6,2,0
15315,7,0,1
15315,7,1,1
15315,7,2,0
15316,1,0,1
15316,2,1,1
15316,3,0,1
15316,3,1,1
15316,4,2,0
15316,5,0,1
15316,5,2,0
15316,6,1,1
15316,6,2,0
15316,7,0,1
15316,7,1,1
15316,7,2,0
15317,1,0,0
15317,2,1,1
15317,3,0,0
15317,3,1,1
15317,4,2,0
15317,5,0,0
15317,5,2,0
15317,6,1,1
15317,6,2,0
15317,7,0,0
15317,7,1,1
15317,7,2,0
15318,1,0,0
15318,2,1,1
15318,3,0,0
15318,3,1,1
15318,4,2,0
15318,5,0,0
15318,5,2,0
15318,6,1,1
15318,6,2,0
15318,7,0,0
15318,7,1,1
15318,7,2,0
15319,1,0,0
15319,2,1,1
15319,3,0,0
15319,3,1,1
15319,4,2,0
15319,5,0,0
15319,5,2,0
15319,6,1,1
15319,6,2,0
15319,7,0,0
15319,7,1,1
15319,7,2,0
15320,1,0,0
15320,2,1,1
15320,3,0,0
15320,3,1,1
15320,4,2,0
15320,5,0,0
15320,5,2,0
15320,6,1,1
15320,6,2,0
15320,7,0,0
15320,7,1,1
15320,7,2,0
15321,1,0,0
15321,2,1,1
15321,3,0,0
15321,3,1,1
15321,4,2,0
15321,5,0,0
15321,5,2,0
15321,6,1,1
15321,6,2,0
15321,7,0,0
15321,7,1,1
15321,7,2,0
15322,1,0,0
15322,2,1,1
15322,3,0,0
15322,3,1,1
15322,4,2,0
15322,5,0,0
15322,5,2,0
15322,6,1,1
15322,6,2,0
15322,7,0,0
15322,7,1,1
15322,7,2,0
15323,1,0,0
15323,2,1,1
15323,3,0,0
15323,3,1,1
15323,4,2,0
15323,5,0,0
15323,5,2,0
15323,6,1,1
15323,6,2,0
15323,7,0,0
15323,7,1,1
15323,7,2,0
15324,1,0,0
15324,2,1,1
15324,3,0,0
15324,3,1,1
15324,4,2,0
15324,5,0,0
15324,5,2,0
15324,6,1,1
15324,6,2,0
15324,7,0,0
15324,7,1,1
15324,7,2,0
15325,1,0,0
15325,2,1,1
15325,3,0,0
15325,3,1,1
15325,4,2,0
15325,5,0,0
15325,5,2,0
15325,6,1,1
15325,6,2,0
15325,7,0,0
15325,7,1,1
15325,7,2,0
15326,1,0,0
15326,2,1,1
15326,3,0,0
15326,3,1,1
15326,4,2,0
15326,5,0,0
15326,5,2,0
15326,6,1,1
15326,6,2,0
15326,7,0,0
15326,7,1,1
15326,7,2,0
15327,1,0,0
15327,2,1,1
15327,3,0,0
15327,3,1,1
15327,4,2,0
15327,5,0,0
15327,5,2,0
15327,6,1,1
15327,6,2,0
15327,7,0,0
15327,7,1,1
15327,7,2,0
15328,1,0,0
15328,2,1,1
15328,3,0,0
15328,3,1,1
15328,4,2,0
15328,5,0,0
15328,5,2,0
15328,6,1,1
15328,6,2,0
15328,7,0,0
15328,7,1,1
15328,7,2,0
15329,1,0,0
15329,2,1,1
15329,3,0,0
15329,3,1,1
15329,4,2,0
15329,5,0,0
15329,5,2,0
15329,6,1,1
15329,6,2,0
15329,7,0,0
15329,7,1,1
15329,7,2,0
15330,1,0,0
15330,2,1,1
15330,3,0,0
15330,3,1,1
15330,4,2,0
15330,5,0,0
15330,5,2,0
15330,6,1,1
15330,6,2,0
15330,7,0,0
15330,7,1,1
15330,7,2,0
15331,1,0,0
15331,2,1,1
15331,3,0,0
15331,3,1,1
15331,4,2,0
15331,5,0,0
15331,5,2,0
15331,6,1,1
15331,6,2,0
15331,7,0,0
15331,7,1,1
15331,7,2,0
15332,1,0,0
15332,2,1,1
15332,3,0,0
15332,3,1,1
15332,4,2,0
15332,5,0,0
15332,5,2,0
15332,6,1,1
15332,6,2,0
15332,7,0,0
15332,7,1,1
15332,7,2,0
15333,1,0,0
15333,2,1,1
15333,3,0,0
15333,3,1,1
15333,4,2,0
15333,5,0,0
15333,5,2,0
15333,6,1,1
15333,6,2,0
15333,7,0,0
15333,7,1,1
15333,7,2,0
15334,1,0,0
15334,2,1,1
15334,3,0,0
15334,3,1,1
15334,4,2,0
15334,5,0,0
15334,5,2,0
15334,6,1,1
15334,6,2,0
15334,7,0,0
15334,7,1,1
15334,7,2,0
15335,1,0,0
15335,2,1,1
15335,3,0,0
15335,3,1,1
15335,4,2,0
15335,5,0,0
15335,5,2,0
15335,6,1,1
15335,6,2,0
15335,7,0,0
15335,7,1,1
15335,7,2,0
15336,1,0,1
15336,2,1,1
15336,3,0,1
15336,3,1,1
15336,4,2,0
15336,5,0,1
15336,5,2,0
15336,6,1,1
15336,6,2,0
15336,7,0,1
15336,7,1,1
15336,7,2,0
15337,1,0,1
15337,2,1,1
15337,3,0,1
15337,3,1,1
15337,4,2,0
15337,5,0,1
15337,5,2,0
15337,6,1,1
15337,6,2,0
15337,7,0,1
15337,7,1,1
15337,7,2,0
15338,1,0,0
15338,2,1,0
15338,3,0,0
15338,3,1,0
15338,4,2,0
15338,5,0,0
15338,5,2,0
15338,6,1,0
15338,6,2,0
15338,7,0,0
15338,7,1,0
15338,7,2,0
15339,1,0,1
15339,2,1,1
15339,3,0,1
15339,3,1,1
15339,4,2,0
15339,5,0,1
15339,5,2,0
15339,6,1,1
15339,6,2,0
15339,7,0,1
15339,7,1,1
15339,7,2,0
15340,1,0,1
15340,2,1,1
15340,3,0,1
15340,3,1,1
15340,4,2,0
15340,5,0,1
15340,5,2,0
15340,6,1,1
15340,6,2,0
15340,7,0,1
15340,7,1,1
15340,7,2,0
15341,1,0,0
15341,2,1,0
15341,3,0,0
15341,3,1,0
15341,4,2,0
15341,5,0,0
15341,5,2,0
15341,6,1,0
15341,6,2,0
15341,7,0,0
15341,7,1,0
15341,7,2,0
15342,1,0,0
15342,2,1,0
15342,3,0,0
15342,3,1,0
15342,4,2,0
15342,5,0,0
15342,5,2,0
15342,6,1,0
15342,6,2,0
15342,7,0,0
15342,7,1,0
15342,7,2,0
15343,1,0,0
15343,2,1,0
15343,3,0,0
15343,3,1,0
15343,4,2,0
15343,5,0,0
15343,5,2,0
15343,6,1,0
15343,6,2,0
15343,7,0,0
15343,7,1,0
15343,7,2,0
15344,1,0,0
15344,2,1,0
15344,3,0,0
15344,3,1,0
15344,4,2,0
15344,5,0,0
15344,5,2,0
15344,6,1,0
15344,6,2,0
15344,7,0,0
15344,7,1,0
15344,7,2,0
15345,1,0,0
15345,2,1,0
15345,3,0,0
15345,3,1,0
15345,4,2,0
15345,5,0,0
15345,5,2,0
15345,6,1,0
15345,6,2,0
15345,7,0,0
15345,7,1,0
15345,7,2,0
15346,1,0,0
15346,2,1,0
15346,3,0,0
15346,3,1,0
15346,4,2,0
15346,5,0,0
15346,5,2,0
15346,6,1,0
15346,6,2,0
15346,7,0,0
15346,7,1,0
15346,7,2,0
15347,1,0,0
15347,2,1,0
15347,3,0,0
15347,3,1,0
15347,4,2,0
15347,5,0,0
15347,5,2,0
15347,6,1,0
15347,6,2,0
15347,7,0,0
15347,7,1,0
15347,7,2,0
15348,1,0,0
15348,2,1,0
15348,3,0,0
15348,3,1,0
15348,4,2,0
15348,5,0,0
15348,5,2,0
15348,6,1,0
15348,6,2,0
15348,7,0,0
15348,7,1,0
15348,7,2,0
15349,1,0,0
15349,2,1,0
15349,3,0,0
15349,3,1,0
15349,4,2,0
15349,5,0,0
15349,5,2,0
15349,6,1,0
15349,6,2,0
15349,7,0,0
15349,7,1,0
15349,7,2,0
15350,1,0,0
15350,2,1,0
15350,3,0,0
15350,3,1,0
15350,4,2,0
15350,5,0,0
15350,5,2,0
15350,6,1,0
15350,6,2,0
15350,7,0,0
15350,7,1,0
15350,7,2,0
15351,1,0,0
15351,2,1,0
15351,3,0,0
15351,3,1,0
15351,4,2,0
15351,5,0,0
15351,5,2,0
15351,6,1,0
15351,6,2,0
15351,7,0,0
15351,7,1,0
15351,7,2,0
15352,1,0,0
15352,2,1,0
15352,3,0,0
15352,3,1,0
15352,4,2,0
15352,5,0,0
15352,5,2,0
15352,6,1,0
15352,6,2,0
15352,7,0,0
15352,7,1,0
15352,7,2,0
15353,1,0,0
15353,2,1,0
15353,3,0,0
15353,3,1,0
15353,4,2,0
15353,5,0,0
15353,5,2,0
15353,6,1,0
15353,6,2,0
15353,7,0,0
15353,7,1,0
15353,7,2,0
15354,1,0,0
15354,2,1,0
15354,3,0,0
15354,3,1,0
15354,4,2,0
15354,5,0,0
15354,5,2,0
15354,6,1,0
15354,6,2,0
15354,7,0,0
15354,7,1,0
15354,7,2,0
15355,1,0,0
15355,2,1,0
15355,3,0,0
15355,3,1,0
15355,4,2,0
15355,5,0,0
15355,5,2,0
15355,6,1,0
15355,6,2,0
15355,7,0,0
15355,7,1,0
15355,7,2,0
15356,1,0,0
15356,2,1,0
15356,3,0,0
15356,3,1,0
15356,4,2,0
15356,5,0,0
15356,5,2,0
15356,6,1,0
15356,6,2,0
15356,7,0,0
15356,7,1,0
15356,7,2,0
15357,1,0,0
15357,2,1,0
15357,3,0,0
15357,3,1,0
15357,4,2,0
15357,5,0,0
15357,5,2,0
15357,6,1,0
15357,6,2,0
15357,7,0,0
15357,7,1,0
15357,7,2,0
15358,1,0,0
15358,2,1,0
15358,3,0,0
15358,3,1,0
15358,4,2,0
15358,5,0,0
15358,5,2,0
15358,6,1,0
15358,6,2,0
15358,7,0,0
15358,7,1,0
15358,7,2,0
15359,1,0,0
15359,2,1,0
15359,3,0,0
15359,3,1,0
15359,4,2,0
15359,5,0,0
15359,5,2,0
15359,6,1,0
15359,6,2,0
15359,7,0,0
15359,7,1,0
15359,7,2,0
15360,1,0,0
15360,2,1,0
15360,3,0,0
15360,3,1,0
15360,4,2,0
15360,5,0,0
15360,5,2,0
15360,6,1,0
15360,6,2,0
15360,7,0,0
15360,7,1,0
15360,7,2,0
15361,1,0,0
15361,2,1,0
15361,3,0,0
15361,3,1,0
15361,4,2,0
15361,5,0,0
15361,5,2,0
15361,6,1,0
15361,6,2,0
15361,7,0,0
15361,7,1,0
15361,7,2,0
15362,1,0,0
15362,2,1,0
15362,3,0,0
15362,3,1,0
15362,4,2,0
15362,5,0,0
15362,5,2,0
15362,6,1,0
15362,6,2,0
15362,7,0,0
15362,7,1,0
15362,7,2,0
15363,1,0,1
15363,2,1,1
15363,3,0,1
15363,3,1,1
15363,4,2,0
15363,5,0,1
15363,5,2,0
15363,6,1,1
15363,6,2,0
15363,7,0,1
15363,7,1,1
15363,7,2,0
15364,1,0,1
15364,2,1,1
15364,3,0,1
15364,3,1,1
15364,4,2,0
15364,5,0,1
15364,5,2,0
15364,6,1,1
15364,6,2,0
15364,7,0,1
15364,7,1,1
15364,7,2,0
15365,1,0,0
15365,2,1,0
15365,3,0,0
15365,3,1,0
15365,4,2,0
15365,5,0,0
15365,5,2,0
15365,6,1,0
15365,6,2,0
15365,7,0,0
15365,7,1,0
15365,7,2,0
15366,1,0,0
15366,2,1,0
15366,3,0,0
15366,3,1,0
15366,4,2,0
15366,5,0,0
15366,5,2,0
15366,6,1,0
15366,6,2,0
15366,7,0,0
15366,7,1,0
15366,7,2,0
15367,1,0,0
15367,2,1,0
15367,3,0,0
15367,3,1,0
15367,4,2,0
15367,5,0,0
15367,5,2,0
15367,6,1,0
15367,6,2,0
15367,7,0,0
15367,7,1,0
15367,7,2,0
15368,1,0,0
15368,2,1,0
15368,3,0,0
15368,3,1,0
15368,4,2,0
15368,5,0,0
15368,5,2,0
15368,6,1,0
15368,6,2,0
15368,7,0,0
15368,7,1,0
15368,7,2,0
15369,1,0,0
15369,2,1,0
15369,3,0,0
15369,3,1,0
15369,4,2,0
15369,5,0,0
15369,5,2,0
15369,6,1,0
15369,6,2,0
15369,7,0,0
15369,7,1,0
15369,7,2,0
15370,1,0,0
15370,2,1,0
15370,3,0,0
15370,3,1,0
15370,4,2,0
15370,5,0,0
15370,5,2,0
15370,6,1,0
15370,6,2,0
15370,7,0,0
15370,7,1,0
15370,7,2,0
15371,1,0,0
15371,2,1,0
15371,3,0,0
15371,3,1,0
15371,4,2,0
15371,5,0,0
15371,5,2,0
15371,6,1,0
15371,6,2,0
15371,7,0,0
15371,7,1,0
15371,7,2,0
15372,1,0,0
15372,2,1,0
15372,3,0,0
15372,3,1,0
15372,4,2,0
15372,5,0,0
15372,5,2,0
15372,6,1,0
15372,6,2,0
15372,7,0,0
15372,7,1,0
15372,7,2,0
15373,1,0,0
15373,2,1,0
15373,3,0,0
15373,3,1,0
15373,4,2,0
15373,5,0,0
15373,5,2,0
15373,6,1,0
15373,6,2,0
15373,7,0,0
15373,7,1,0
15373,7,2,0
15374,1,0,0
15374,2,1,0
15374,3,0,0
15374,3,1,0
15374,4,2,0
15374,5,0,0
15374,5,2,0
15374,6,1,0
15374,6,2,0
15374,7,0,0
15374,7,1,0
15374,7,2,0
15375,1,0,0
15375,2,1,0
15375,3,0,0
15375,3,1,0
15375,4,2,0
15375,5,0,0
15375,5,2,0
15375,6,1,0
15375,6,2,0
15375,7,0,0
15375,7,1,0
15375,7,2,0
15376,1,0,0
15376,2,1,0
15376,3,0,0
15376,3,1,0
15376,4,2,0
15376,5,0,0
15376,5,2,0
15376,6,1,0
15376,6,2,0
15376,7,0,0
15376,7,1,0
15376,7,2,0
15377,1,0,0
15377,2,1,0
15377,3,0,0
15377,3,1,0
15377,4,2,0
15377,5,0,0
15377,5,2,0
15377,6,1,0
15377,6,2,0
15377,7,0,0
15377,7,1,0
15377,7,2,0
15378,1,0,0
15378,2,1,0
15378,3,0,0
15378,3,1,0
15378,4,2,0
15378,5,0,0
15378,5,2,0
15378,6,1,0
15378,6,2,0
15378,7,0,0
15378,7,1,0
15378,7,2,0
15379,1,0,0
15379,2,1,0
15379,3,0,0
15379,3,1,0
15379,4,2,0
15379,5,0,0
15379,5,2,0
15379,6,1,0
15379,6,2,0
15379,7,0,0
15379,7,1,0
15379,7,2,0
15380,1,0,0
15380,2,1,0
15380,3,0,0
15380,3,1,0
15380,4,2,0
15380,5,0,0
15380,5,2,0
15380,6,1,0
15380,6,2,0
15380,7,0,0
15380,7,1,0
15380,7,2,0
15381,1,0,0
15381,2,1,0
15381,3,0,0
15381,3,1,0
15381,4,2,0
15381,5,0,0
15381,5,2,0
15381,6,1,0
15381,6,2,0
15381,7,0,0
15381,7,1,0
15381,7,2,0
15382,1,0,0
15382,2,1,0
15382,3,0,0
15382,3,1,0
15382,4,2,0
15382,5,0,0
15382,5,2,0
15382,6,1,0
15382,6,2,0
15382,7,0,0
15382,7,1,0
15382,7,2,0
15383,1,0,0
15383,2,1,0
15383,3,0,0
15383,3,1,0
15383,4,2,0
15383,5,0,0
15383,5,2,0
15383,6,1,0
15383,6,2,0
15383,7,0,0
15383,7,1,0
15383,7,2,0
15384,1,0,0
15384,2,1,0
15384,3,0,0
15384,3,1,0
15384,4,2,0
15384,5,0,0
15384,5,2,0
15384,6,1,0
15384,6,2,0
15384,7,0,0
15384,7,1,0
15384,7,2,0
15385,1,0,0
15385,2,1,0
15385,3,0,0
15385,3,1,0
15385,4,2,0
15385,5,0,0
15385,5,2,0
15385,6,1,0
15385,6,2,0
15385,7,0,0
15385,7,1,0
15385,7,2,0
15386,1,0,0
15386,2,1,0
15386,3,0,0
15386,3,1,0
15386,4,2,0
15386,5,0,0
15386,5,2,0
15386,6,1,0
15386,6,2,0
15386,7,0,0
15386,7,1,0
15386,7,2,0
15387,1,0,0
15387,2,1,0
15387,3,0,0
15387,3,1,0
15387,4,2,0
15387,5,0,0
15387,5,2,0
15387,6,1,0
15387,6,2,0
15387,7,0,0
15387,7,1,0
15387,7,2,0
15388,1,0,0
15388,2,1,0
15388,3,0,0
15388,3,1,0
15388,4,2,0
15388,5,0,0
15388,5,2,0
15388,6,1,0
15388,6,2,0
15388,7,0,0
15388,7,1,0
15388,7,2,0
15389,1,0,0
15389,2,1,0
15389,3,0,0
15389,3,1,0
15389,4,2,0
15389,5,0,0
15389,5,2,0
15389,6,1,0
15389,6,2,0
15389,7,0,0
15389,7,1,0
15389,7,2,0
15390,1,0,1
15390,2,1,1
15390,3,0,1
15390,3,1,1
15390,4,2,0
15390,5,0,1
15390,5,2,0
15390,6,1,1
15390,6,2,0
15390,7,0,1
15390,7,1,1
15390,7,2,0
15391,1,0,1
15391,2,1,1
15391,3,0,1
15391,3,1,1
15391,4,2,0
15391,5,0,1
15391,5,2,0
15391,6,1,1
15391,6,2,0
15391,7,0,1
15391,7,1,1
15391,7,2,0
15392,1,0,0
15392,2,1,1
15392,3,0,0
15392,3,1,1
15392,4,2,0
15392,5,0,0
15392,5,2,0
15392,6,1,1
15392,6,2,0
15392,7,0,0
15392,7,1,1
15392,7,2,0
15393,1,0,1
15393,2,1,1
15393,3,0,1
15393,3,1,1
15393,4,2,0
15393,5,0,1
15393,5,2,0
15393,6,1,1
15393,6,2,0
15393,7,0,1
15393,7,1,1
15393,7,2,0
15394,1,0,1
15394,2,1,1
15394,3,0,1
15394,3,1,1
15394,4,2,0
15394,5,0,1
15394,5,2,0
15394,6,1,1
15394,6,2,0
15394,7,0,1
15394,7,1,1
15394,7,2,0
15395,1,0,0
15395,2,1,1
15395,3,0,0
15395,3,1,1
15395,4,2,0
15395,5,0,0
15395,5,2,0
15395,6,1,1
15395,6,2,0
15395,7,0,0
15395,7,1,1
15395,7,2,0
15396,1,0,1
15396,2,1,1
15396,3,0,1
15396,3,1,1
15396,4,2,0
15396,5,0,1
15396,5,2,0
15396,6,1,1
15396,6,2,0
15396,7,0,1
15396,7,1,1
15396,7,2,0
15397,1,0,1
15397,2,1,1
15397,3,0,1
15397,3,1,1
15397,4,2,0
15397,5,0,1
15397,5,2,0
15397,6,1,1
15397,6,2,0
15397,7,0,1
15397,7,1,1
15397,7,2,0
15398,1,0,0
15398,2,1,1
15398,3,0,0
15398,3,1,1
15398,4,2,0
15398,5,0,0
15398,5,2,0
15398,6,1,1
15398,6,2,0
15398,7,0,0
15398,7,1,1
15398,7,2,0
15399,1,0,0
15399,2,1,1
15399,3,0,0
15399,3,1,1
15399,4,2,0
15399,5,0,0
15399,5,2,0
15399,6,1,1
15399,6,2,0
15399,7,0,0
15399,7,1,1
15399,7,2,0
15400,1,0,0
15400,2,1,1
15400,3,0,0
15400,3,1,1
15400,4,2,0
15400,5,0,0
15400,5,2,0
15400,6,1,1
15400,6,2,0
15400,7,0,0
15400,7,1,1
15400,7,2,0
15401,1,0,0
15401,2,1,1
15401,3,0,0
15401,3,1,1
15401,4,2,0
15401,5,0,0
15401,5,2,0
15401,6,1,1
15401,6,2,0
15401,7,0,0
15401,7,1,1
15401,7,2,0
15402,1,0,0
15402,2,1,1
15402,3,0,0
15402,3,1,1
15402,4,2,0
15402,5,0,0
15402,5,2,0
15402,6,1,1
15402,6,2,0
15402,7,0,0
15402,7,1,1
15402,7,2,0
15403,1,0,0
15403,2,1,1
15403,3,0,0
15403,3,1,1
15403,4,2,0
15403,5,0,0
15403,5,2,0
15403,6,1,1
15403,6,2,0
15403,7,0,0
15403,7,1,1
15403,7,2,0
15404,1,0,0
15404,2,1,1
15404,3,0,0
15404,3,1,1
15404,4,2,0
15404,5,0,0
15404,5,2,0
15404,6,1,1
15404,6,2,0
15404,7,0,0
15404,7,1,1
15404,7,2,0
15405,1,0,0
15405,2,1,1
15405,3,0,0
15405,3,1,1
15405,4,2,0
15405,5,0,0
15405,5,2,0
15405,6,1,1
15405,6,2,0
15405,7,0,0
15405,7,1,1
15405,7,2,0
15406,1,0,0
15406,2,1,1
15406,3,0,0
15406,3,1,1
15406,4,2,0
15406,5,0,0
15406,5,2,0
15406,6,1,1
15406,6,2,0
15406,7,0,0
15406,7,1,1
15406,7,2,0
15407,1,0,0
15407,2,1,1
15407,3,0,0
15407,3,1,1
15407,4,2,0
15407,5,0,0
15407,5,2,0
15407,6,1,1
15407,6,2,0
15407,7,0,0
15407,7,1,1
15407,7,2,0
15408,1,0,0
15408,2,1,1
15408,3,0,0
15408,3,1,1
15408,4,2,0
15408,5,0,0
15408,5,2,0
15408,6,1,1
15408,6,2,0
15408,7,0,0
15408,7,1,1
15408,7,2,0
15409,1,0,0
15409,2,1,1
15409,3,0,0
15409,3,1,1
15409,4,2,0
15409,5,0,0
15409,5,2,0
15409,6,1,1
15409,6,2,0
15409,7,0,0
15409,7,1,1
15409,7,2,0
15410,1,0,0
15410,2,1,1
15410,3,0,0
15410,3,1,1
15410,4,2,0
15410,5,0,0
15410,5,2,0
15410,6,1,1
15410,6,2,0
15410,7,0,0
15410,7,1,1
15410,7,2,0
15411,1,0,0
15411,2,1,1
15411,3,0,0
15411,3,1,1
15411,4,2,0
15411,5,0,0
15411,5,2,0
15411,6,1,1
15411,6,2,0
15411,7,0,0
15411,7,1,1
15411,7,2,0
15412,1,0,0
15412,2,1,1
15412,3,0,0
15412,3,1,1
15412,4,2,0
15412,5,0,0
15412,5,2,0
15412,6,1,1
15412,6,2,0
15412,7,0,0
15412,7,1,1
15412,7,2,0
15413,1,0,0
15413,2,1,1
15413,3,0,0
15413,3,1,1
15413,4,2,0
15413,5,0,0
15413,5,2,0
15413,6,1,1
15413,6,2,0
15413,7,0,0
15413,7,1,1
15413,7,2,0
15414,1,0,0
15414,2,1,1
15414,3,0,0
15414,3,1,1
15414,4,2,0
15414,5,0,0
15414,5,2,0
15414,6,1,1
15414,6,2,0
15414,7,0,0
15414,7,1,1
15414,7,2,0
15415,1,0,0
15415,2,1,1
15415,3,0,0
15415,3,1,1
15415,4,2,0
15415,5,0,0
15415,5,2,0
15415,6,1,1
15415,6,2,0
15415,7,0,0
15415,7,1,1
15415,7,2,0
15416,1,0,0
15416,2,1,1
15416,3,0,0
15416,3,1,1
15416,4,2,0
15416,5,0,0
15416,5,2,0
15416,6,1,1
15416,6,2,0
15416,7,0,0
15416,7,1,1
15416,7,2,0
15417,1,0,1
15417,2,1,1
15417,3,0,1
15417,3,1,1
15417,4,2,0
15417,5,0,1
15417,5,2,0
15417,6,1,1
15417,6,2,0
15417,7,0,1
15417,7,1,1
15417,7,2,0
15418,1,0,1
15418,2,1,1
15418,3,0,1
15418,3,1,1
15418,4,2,0
15418,5,0,1
15418,5,2,0
15418,6,1,1
15418,6,2,0
15418,7,0,1
15418,7,1,1
15418,7,2,0
15419,1,0,0
15419,2,1,0
15419,3,0,0
15419,3,1,0
15419,4,2,0
15419,5,0,0
15419,5,2,0
15419,6,1,0
15419,6,2,0
15419,7,0,0
15419,7,1,0
15419,7,2,0
15420,1,0,1
15420,2,1,1
15420,3,0,1
15420,3,1,1
15420,4,2,0
15420,5,0,1
15420,5,2,0
15420,6,1,1
15420,6,2,0
15420,7,0,1
15420,7,1,1
15420,7,2,0
15421,1,0,1
15421,2,1,1
15421,3,0,1
15421,3,1,1
15421,4,2,0
15421,5,0,1
15421,5,2,0
15421,6,1,1
15421,6,2,0
15421,7,0,1
15421,7,1,1
15421,7,2,0
15422,1,0,0
15422,2,1,0
15422,3,0,0
15422,3,1,0
15422,4,2,0
15422,5,0,0
15422,5,2,0
15422,6,1,0
15422,6,2,0
15422,7,0,0
15422,7,1,0
15422,7,2,0
15423,1,0,0
15423,2,1,0
15423,3,0,0
15423,3,1,0
15423,4,2,0
15423,5,0,0
15423,5,2,0
15423,6,1,0
15423,6,2,0
15423,7,0,0
15423,7,1,0
15423,7,2,0
15424,1,0,0
15424,2,1,0
15424,3,0,0
15424,3,1,0
15424,4,2,0
15424,5,0,0
15424,5,2,0
15424,6,1,0
15424,6,2,0
15424,7,0,0
15424,7,1,0
15424,7,2,0
15425,1,0,0
15425,2,1,0
15425,3,0,0
15425,3,1,0
15425,4,2,0
15425,5,0,0
15425,5,2,0
15425,6,1,0
15425,6,2,0
15425,7,0,0
15425,7,1,0
15425,7,2,0
15426,1,0,0
15426,2,1,0
15426,3,0,0
15426,3,1,0
15426,4,2,0
15426,5,0,0
15426,5,2,0
15426,6,1,0
15426,6,2,0
15426,7,0,0
15426,7,1,0
15426,7,2,0
15427,1,0,0
15427,2,1,0
15427,3,0,0
15427,3,1,0
15427,4,2,0
15427,5,0,0
15427,5,2,0
15427,6,1,0
15427,6,2,0
15427,7,0,0
15427,7,1,0
15427,7,2,0
15428,1,0,0
15428,2,1,0
15428,3,0,0
15428,3,1,0
15428,4,2,0
15428,5,0,0
15428,5,2,0
15428,6,1,0
15428,6,2,0
15428,7,0,0
15428,7,1,0
15428,7,2,0
15429,1,0,0
15429,2,1,0
15429,3,0,0
15429,3,1,0
15429,4,2,0
15429,5,0,0
15429,5,2,0
15429,6,1,0
15429,6,2,0
15429,7,0,0
15429,7,1,0
15429,7,2,0
15430,1,0,0
15430,2,1,0
15430,3,0,0
15430,3,1,0
15430,4,2,0
15430,5,0,0
15430,5,2,0
15430,6,1,0
15430,6,2,0
15430,7,0,0
15430,7,1,0
15430,7,2,0
15431,1,0,0
15431,2,1,0
15431,3,0,0
15431,3,1,0
15431,4,2,0
15431,5,0,0
15431,5,2,0
15431,6,1,0
15431,6,2,0
15431,7,0,0
15431,7,1,0
15431,7,2,0
15432,1,0,0
15432,2,1,0
15432,3,0,0
15432,3,1,0
15432,4,2,0
15432,5,0,0
15432,5,2,0
15432,6,1,0
15432,6,2,0
15432,7,0,0
15432,7,1,0
15432,7,2,0
15433,1,0,0
15433,2,1,0
15433,3,0,0
15433,3,1,0
15433,4,2,0
15433,5,0,0
15433,5,2,0
15433,6,1,0
15433,6,2,0
15433,7,0,0
15433,7,1,0
15433,7,2,0
15434,1,0,0
15434,2,1,0
15434,3,0,0
15434,3,1,0
15434,4,2,0
15434,5,0,0
15434,5,2,0
15434,6,1,0
15434,6,2,0
15434,7,0,0
15434,7,1,0
15434,7,2,0
15435,1,0,0
15435,2,1,0
15435,3,0,0
15435,3,1,0
15435,4,2,0
15435,5,0,0
15435,5,2,0
15435,6,1,0
15435,6,2,0
15435,7,0,0
15435,7,1,0
15435,7,2,0
15436,1,0,0
15436,2,1,0
15436,3,0,0
15436,3,1,0
15436,4,2,0
15436,5,0,0
15436,5,2,0
15436,6,1,0
15436,6,2,0
15436,7,0,0
15436,7,1,0
15436,7,2,0
15437,1,0,0
15437,2,1,0
15437,3,0,0
15437,3,1,0
15437,4,2,0
15437,5,0,0
15437,5,2,0
15437,6,1,0
15437,6,2,0
15437,7,0,0
15437,7,1,0
15437,7,2,0
15438,1,0,0
15438,2,1,0
15438,3,0,0
15438,3,1,0
15438,4,2,0
15438,5,0,0
15438,5,2,0
15438,6,1,0
15438,6,2,0
15438,7,0,0
15438,7,1,0
15438,7,2,0
15439,1,0,0
15439,2,1,0
15439,3,0,0
15439,3,1,0
15439,4,2,0
15439,5,0,0
15439,5,2,0
15439,6,1,0
15439,6,2,0
15439,7,0,0
15439,7,1,0
15439,7,2,0
15440,1,0,0
15440,2,1,0
15440,3,0,0
15440,3,1,0
15440,4,2,0
15440,5,0,0
15440,5,2,0
15440,6,1,0
15440,6,2,0
15440,7,0,0
15440,7,1,0
15440,7,2,0
15441,1,0,0
15441,2,1,0
15441,3,0,0
15441,3,1,0
15441,4,2,0
15441,5,0,0
15441,5,2,0
15441,6,1,0
15441,6,2,0
15441,7,0,0
15441,7,1,0
15441,7,2,0
15442,1,0,0
15442,2,1,0
15442,3,0,0
15442,3,1,0
15442,4,2,0
15442,5,0,0
15442,5,2,0
15442,6,1,0
15442,6,2,0
15442,7,0,0
15442,7,1,0
15442,7,2,0
15443,1,0,0
15443,2,1,0
15443,3,0,0
15443,3,1,0
15443,4,2,0
15443,5,0,0
15443,5,2,0
15443,6,1,0
15443,6,2,0
15443,7,0,0
15443,7,1,0
15443,7,2,0
15444,1,0,1
15444,2,1,1
15444,3,0,1
15444,3,1,1
15444,4,2,0
15444,5,0,1
15444,5,2,0
15444,6,1,1
15444,6,2,0
15444,7,0,1
15444,7,1,1
15444,7,2,0
15445,1,0,1
15445,2,1,1
15445,3,0,1
15445,3,1,1
15445,4,2,0
15445,5,0,1
15445,5,2,0
15445,6,1,1
15445,6,2,0
15445,7,0,1
15445,7,1,1
15445,7,2,0
15446,1,0,0
15446,2,1,0
15446,3,0,0
15446,3,1,0
15446,4,2,0
15446,5,0,0
15446,5,2,0
15446,6,1,0
15446,6,2,0
15446,7,0,0
15446,7,1,0
15446,7,2,0
15447,1,0,0
15447,2,1,0
15447,3,0,0
15447,3,1,0
15447,4,2,0
15447,5,0,0
15447,5,2,0
15447,6,1,0
15447,6,2,0
15447,7,0,0
15447,7,1,0
15447,7,2,0
15448,1,0,0
15448,2,1,0
15448,3,0,0
15448,3,1,0
15448,4,2,0
15448,5,0,0
15448,5,2,0
15448,6,1,0
15448,6,2,0
15448,7,0,0
15448,7,1,0
15448,7,2,0
15449,1,0,0
15449,2,1,0
15449,3,0,0
15449,3,1,0
15449,4,2,0
15449,5,0,0
15449,5,2,0
15449,6,1,0
15449,6,2,0
15449,7,0,0
15449,7,1,0
15449,7,2,0
15450,1,0,0
15450,2,1,0
15450,3,0,0
15450,3,1,0
15450,4,2,0
15450,5,0,0
15450,5,2,0
15450,6,1,0
15450,6,2,0
15450,7,0,0
15450,7,1,0
15450,7,2,0
15451,1,0,0
15451,2,1,0
15451,3,0,0
15451,3,1,0
15451,4,2,0
15451,5,0,0
15451,5,2,0
15451,6,1,0
15451,6,2,0
15451,7,0,0
15451,7,1,0
15451,7,2,0
15452,1,0,0
15452,2,1,0
15452,3,0,0
15452,3,1,0
15452,4,2,0
15452,5,0,0
15452,5,2,0
15452,6,1,0
15452,6,2,0
15452,7,0,0
15452,7,1,0
15452,7,2,0
15453,1,0,0
15453,2,1,0
15453,3,0,0
15453,3,1,0
15453,4,2,0
15453,5,0,0
15453,5,2,0
15453,6,1,0
15453,6,2,0
15453,7,0,0
15453,7,1,0
15453,7,2,0
15454,1,0,0
15454,2,1,0
15454,3,0,0
15454,3,1,0
15454,4,2,0
15454,5,0,0
15454,5,2,0
15454,6,1,0
15454,6,2,0
15454,7,0,0
15454,7,1,0
15454,7,2,0
15455,1,0,0
15455,2,1,0
15455,3,0,0
15455,3,1,0
15455,4,2,0
15455,5,0,0
15455,5,2,0
15455,6,1,0
15455,6,2,0
15455,7,0,0
15455,7,1,0
15455,7,2,0
15456,1,0,0
15456,2,1,0
15456,3,0,0
15456,3,1,0
15456,4,2,0
15456,5,0,0
15456,5,2,0
15456,6,1,0
15456,6,2,0
15456,7,0,0
15456,7,1,0
15456,7,2,0
15457,1,0,0
15457,2,1,0
15457,3,0,0
15457,3,1,0
15457,4,2,0
15457,5,0,0
15457,5,2,0
15457,6,1,0
15457,6,2,0
15457,7,0,0
15457,7,1,0
15457,7,2,0
15458,1,0,0
15458,2,1,0
15458,3,0,0
15458,3,1,0
15458,4,2,0
15458,5,0,0
15458,5,2,0
15458,6,1,0
15458,6,2,0
15458,7,0,0
15458,7,1,0
15458,7,2,0
15459,1,0,0
15459,2,1,0
15459,3,0,0
15459,3,1,0
15459,4,2,0
15459,5,0,0
15459,5,2,0
15459,6,1,0
15459,6,2,0
15459,7,0,0
15459,7,1,0
15459,7,2,0
15460,1,0,0
15460,2,1,0
15460,3,0,0
15460,3,1,0
15460,4,2,0
15460,5,0,0
15460,5,2,0
15460,6,1,0
15460,6,2,0
15460,7,0,0
15460,7,1,0
15460,7,2,0
15461,1,0,0
15461,2,1,0
15461,3,0,0
15461,3,1,0
15461,4,2,0
15461,5,0,0
15461,5,2,0
15461,6,1,0
15461,6,2,0
15461,7,0,0
15461,7,1,0
15461,7,2,0
15462,1,0,0
15462,2,1,0
15462,3,0,0
15462,3,1,0
15462,4,2,0
15462,5,0,0
15462,5,2,0
15462,6,1,0
15462,6,2,0
15462,7,0,0
15462,7,1,0
15462,7,2,0
15463,1,0,0
15463,2,1,0
15463,3,0,0
15463,3,1,0
15463,4,2,0
15463,5,0,0
15463,5,2,0
15463,6,1,0
15463,6,2,0
15463,7,0,0
15463,7,1,0
15463,7,2,0
15464,1,0,0
15464,2,1,0
15464,3,0,0
15464,3,1,0
15464,4,2,0
15464,5,0,0
15464,5,2,0
15464,6,1,0
15464,6,2,0
15464,7,0,0
15464,7,1,0
15464,7,2,0
15465,1,0,0
15465,2,1,0
15465,3,0,0
15465,3,1,0
15465,4,2,0
15465,5,0,0
15465,5,2,0
15465,6,1,0
15465,6,2,0
15465,7,0,0
15465,7,1,0
15465,7,2,0
15466,1,0,0
15466,2,1,0
15466,3,0,0
15466,3,1,0
15466,4,2,0
15466,5,0,0
15466,5,2,0
15466,6,1,0
15466,6,2,0
15466,7,0,0
15466,7,1,0
15466,7,2,0
15467,1,0,0
15467,2,1,0
15467,3,0,0
15467,3,1,0
15467,4,2,0
15467,5,0,0
15467,5,2,0
15467,6,1,0
15467,6,2,0
15467,7,0,0
15467,7,1,0
15467,7,2,0
15468,1,0,0
15468,2,1,0
15468,3,0,0
15468,3,1,0
15468,4,2,0
15468,5,0,0
15468,5,2,0
15468,6,1,0
15468,6,2,0
15468,7,0,0
15468,7,1,0
15468,7,2,0
15469,1,0,0
15469,2,1,0
15469,3,0,0
15469,3,1,0
15469,4,2,0
15469,5,0,0
15469,5,2,0
15469,6,1,0
15469,6,2,0
15469,7,0,0
15469,7,1,0
15469,7,2,0
15470,1,0,0
15470,2,1,0
15470,3,0,0
15470,3,1,0
15470,4,2,0
15470,5,0,0
15470,5,2,0
15470,6,1,0
15470,6,2,0
15470,7,0,0
15470,7,1,0
15470,7,2,0
15471,1,0,1
15471,2,1,0
15471,3,0,1
15471,3,1,0
15471,4,2,0
15471,5,0,1
15471,5,2,0
15471,6,1,0
15471,6,2,0
15471,7,0,1
15471,7,1,0
15471,7,2,0
15472,1,0,1
15472,2,1,0
15472,3,0,1
15472,3,1,0
15472,4,2,0
15472,5,0,1
15472,5,2,0
15472,6,1,0
15472,6,2,0
15472,7,0,1
15472,7,1,0
15472,7,2,0
15473,1,0,0
15473,2,1,0
15473,3,0,0
15473,3,1,0
15473,4,2,0
15473,5,0,0
15473,5,2,0
15473,6,1,0
15473,6,2,0
15473,7,0,0
15473,7,1,0
15473,7,2,0
15474,1,0,0
15474,2,1,0
15474,3,0,0
15474,3,1,0
15474,4,2,0
15474,5,0,0
15474,5,2,0
15474,6,1,0
15474,6,2,0
15474,7,0,0
15474,7,1,0
15474,7,2,0
15475,1,0,0
15475,2,1,0
15475,3,0,0
15475,3,1,0
15475,4,2,0
15475,5,0,0
15475,5,2,0
15475,6,1,0
15475,6,2,0
15475,7,0,0
15475,7,1,0
15475,7,2,0
15476,1,0,0
15476,2,1,0
15476,3,0,0
15476,3,1,0
15476,4,2,0
15476,5,0,0
15476,5,2,0
15476,6,1,0
15476,6,2,0
15476,7,0,0
15476,7,1,0
15476,7,2,0
15477,1,0,0
15477,2,1,0
15477,3,0,0
15477,3,1,0
15477,4,2,0
15477,5,0,0
15477,5,2,0
15477,6,1,0
15477,6,2,0
15477,7,0,0
15477,7,1,0
15477,7,2,0
15478,1,0,0
15478,2,1,0
15478,3,0,0
15478,3,1,0
15478,4,2,0
15478,5,0,0
15478,5,2,0
15478,6,1,0
15478,6,2,0
15478,7,0,0
15478,7,1,0
15478,7,2,0
15479,1,0,0
15479,2,1,0
15479,3,0,0
15479,3,1,0
15479,4,2,0
15479,5,0,0
15479,5,2,0
15479,6,1,0
15479,6,2,0
15479,7,0,0
15479,7,1,0
15479,7,2,0
15480,1,0,0
15480,2,1,0
15480,3,0,0
15480,3,1,0
15480,4,2,0
15480,5,0,0
15480,5,2,0
15480,6,1,0
15480,6,2,0
15480,7,0,0
15480,7,1,0
15480,7,2,0
15481,1,0,0
15481,2,1,0
15481,3,0,0
15481,3,1,0
15481,4,2,0
15481,5,0,0
15481,5,2,0
15481,6,1,0
15481,6,2,0
15481,7,0,0
15481,7,1,0
15481,7,2,0
15482,1,0,0
15482,2,1,0
15482,3,0,0
15482,3,1,0
15482,4,2,0
15482,5,0,0
15482,5,2,0
15482,6,1,0
15482,6,2,0
15482,7,0,0
15482,7,1,0
15482,7,2,0
15483,1,0,0
15483,2,1,0
15483,3,0,0
15483,3,1,0
15483,4,2,0
15483,5,0,0
15483,5,2,0
15483,6,1,0
15483,6,2,0
15483,7,0,0
15483,7,1,0
15483,7,2,0
15484,1,0,0
15484,2,1,0
15484,3,0,0
15484,3,1,0
15484,4,2,0
15484,5,0,0
15484,5,2,0
15484,6,1,0
15484,6,2,0
15484,7,0,0
15484,7,1,0
15484,7,2,0
15485,1,0,0
15485,2,1,0
15485,3,0,0
15485,3,1,0
15485,4,2,0
15485,5,0,0
15485,5,2,0
15485,6,1,0
15485,6,2,0
15485,7,0,0
15485,7,1,0
15485,7,2,0
15486,1,0,0
15486,2,1,0
15486,3,0,0
15486,3,1,0
15486,4,2,0
15486,5,0,0
15486,5,2,0
15486,6,1,0
15486,6,2,0
15486,7,0,0
15486,7,1,0
15486,7,2,0
15487,1,0,0
15487,2,1,0
15487,3,0,0
15487,3,1,0
15487,4,2,0
15487,5,0,0
15487,5,2,0
15487,6,1,0
15487,6,2,0
15487,7,0,0
15487,7,1,0
15487,7,2,0
15488,1,0,0
15488,2,1,0
15488,3,0,0
15488,3,1,0
15488,4,2,0
15488,5,0,0
15488,5,2,0
15488,6,1,0
15488,6,2,0
15488,7,0,0
15488,7,1,0
15488,7,2,0
15489,1,0,0
15489,2,1,0
15489,3,0,0
15489,3,1,0
15489,4,2,0
15489,5,0,0
15489,5,2,0
15489,6,1,0
15489,6,2,0
15489,7,0,0
15489,7,1,0
15489,7,2,0
15490,1,0,0
15490,2,1,0
15490,3,0,0
15490,3,1,0
15490,4,2,0
15490,5,0,0
15490,5,2,0
15490,6,1,0
15490,6,2,0
15490,7,0,0
15490,7,1,0
15490,7,2,0
15491,1,0,0
15491,2,1,0
15491,3,0,0
15491,3,1,0
15491,4,2,0
15491,5,0,0
15491,5,2,0
15491,6,1,0
15491,6,2,0
15491,7,0,0
15491,7,1,0
15491,7,2,0
15492,1,0,0
15492,2,1,0
15492,3,0,0
15492,3,1,0
15492,4,2,0
15492,5,0,0
15492,5,2,0
15492,6,1,0
15492,6,2,0
15492,7,0,0
15492,7,1,0
15492,7,2,0
15493,1,0,0
15493,2,1,0
15493,3,0,0
15493,3,1,0
15493,4,2,0
15493,5,0,0
15493,5,2,0
15493,6,1,0
15493,6,2,0
15493,7,0,0
15493,7,1,0
15493,7,2,0
15494,1,0,0
15494,2,1,0
15494,3,0,0
15494,3,1,0
15494,4,2,0
15494,5,0,0
15494,5,2,0
15494,6,1,0
15494,6,2,0
15494,7,0,0
15494,7,1,0
15494,7,2,0
15495,1,0,0
15495,2,1,0
15495,3,0,0
15495,3,1,0
15495,4,2,0
15495,5,0,0
15495,5,2,0
15495,6,1,0
15495,6,2,0
15495,7,0,0
15495,7,1,0
15495,7,2,0
15496,1,0,0
15496,2,1,0
15496,3,0,0
15496,3,1,0
15496,4,2,0
15496,5,0,0
15496,5,2,0
15496,6,1,0
15496,6,2,0
15496,7,0,0
15496,7,1,0
15496,7,2,0
15497,1,0,0
15497,2,1,0
15497,3,0,0
15497,3,1,0
15497,4,2,0
15497,5,0,0
15497,5,2,0
15497,6,1,0
15497,6,2,0
15497,7,0,0
15497,7,1,0
15497,7,2,0
15498,1,0,1
15498,2,1,0
15498,3,0,1
15498,3,1,0
15498,4,2,0
15498,5,0,1
15498,5,2,0
15498,6,1,0
15498,6,2,0
15498,7,0,1
15498,7,1,0
15498,7,2,0
15499,1,0,1
15499,2,1,0
15499,3,0,1
15499,3,1,0
15499,4,2,0
15499,5,0,1
15499,5,2,0
15499,6,1,0
15499,6,2,0
15499,7,0,1
15499,7,1,0
15499,7,2,0
15500,1,0,0
15500,2,1,0
15500,3,0,0
15500,3,1,0
15500,4,2,0
15500,5,0,0
15500,5,2,0
15500,6,1,0
15500,6,2,0
15500,7,0,0
15500,7,1,0
15500,7,2,0
15501,1,0,0
15501,2,1,0
15501,3,0,0
15501,3,1,0
15501,4,2,0
15501,5,0,0
15501,5,2,0
15501,6,1,0
15501,6,2,0
15501,7,0,0
15501,7,1,0
15501,7,2,0
15502,1,0,0
15502,2,1,0
15502,3,0,0
15502,3,1,0
15502,4,2,0
15502,5,0,0
15502,5,2,0
15502,6,1,0
15502,6,2,0
15502,7,0,0
15502,7,1,0
15502,7,2,0
15503,1,0,0
15503,2,1,0
15503,3,0,0
15503,3,1,0
15503,4,2,0
15503,5,0,0
15503,5,2,0
15503,6,1,0
15503,6,2,0
15503,7,0,0
15503,7,1,0
15503,7,2,0
15504,1,0,0
15504,2,1,0
15504,3,0,0
15504,3,1,0
15504,4,2,0
15504,5,0,0
15504,5,2,0
15504,6,1,0
15504,6,2,0
15504,7,0,0
15504,7,1,0
15504,7,2,0
15505,1,0,0
15505,2,1,0
15505,3,0,0
15505,3,1,0
15505,4,2,0
15505,5,0,0
15505,5,2,0
15505,6,1,0
15505,6,2,0
15505,7,0,0
15505,7,1,0
15505,7,2,0
15506,1,0,0
15506,2,1,0
15506,3,0,0
15506,3,1,0
15506,4,2,0
15506,5,0,0
15506,5,2,0
15506,6,1,0
15506,6,2,0
15506,7,0,0
15506,7,1,0
15506,7,2,0
15507,1,0,0
15507,2,1,0
15507,3,0,0
15507,3,1,0
15507,4,2,0
15507,5,0,0
15507,5,2,0
15507,6,1,0
15507,6,2,0
15507,7,0,0
15507,7,1,0
15507,7,2,0
15508,1,0,0
15508,2,1,0
15508,3,0,0
15508,3,1,0
15508,4,2,0
15508,5,0,0
15508,5,2,0
15508,6,1,0
15508,6,2,0
15508,7,0,0
15508,7,1,0
15508,7,2,0
15509,1,0,0
15509,2,1,0
15509,3,0,0
15509,3,1,0
15509,4,2,0
15509,5,0,0
15509,5,2,0
15509,6,1,0
15509,6,2,0
15509,7,0,0
15509,7,1,0
15509,7,2,0
15510,1,0,0
15510,2,1,0
15510,3,0,0
15510,3,1,0
15510,4,2,0
15510,5,0,0
15510,5,2,0
15510,6,1,0
15510,6,2,0
15510,7,0,0
15510,7,1,0
15510,7,2,0
15511,1,0,0
15511,2,1,0
15511,3,0,0
15511,3,1,0
15511,4,2,0
15511,5,0,0
15511,5,2,0
15511,6,1,0
15511,6,2,0
15511,7,0,0
15511,7,1,0
15511,7,2,0
15512,1,0,0
15512,2,1,0
15512,3,0,0
15512,3,1,0
15512,4,2,0
15512,5,0,0
15512,5,2,0
15512,6,1,0
15512,6,2,0
15512,7,0,0
15512,7,1,0
15512,7,2,0
15513,1,0,0
15513,2,1,0
15513,3,0,0
15513,3,1,0
15513,4,2,0
15513,5,0,0
15513,5,2,0
15513,6,1,0
15513,6,2,0
15513,7,0,0
15513,7,1,0
15513,7,2,0
15514,1,0,0
15514,2,1,0
15514,3,0,0
15514,3,1,0
15514,4,2,0
15514,5,0,0
15514,5,2,0
15514,6,1,0
15514,6,2,0
15514,7,0,0
15514,7,1,0
15514,7,2,0
15515,1,0,0
15515,2,1,0
15515,3,0,0
15515,3,1,0
15515,4,2,0
15515,5,0,0
15515,5,2,0
15515,6,1,0
15515,6,2,0
15515,7,0,0
15515,7,1,0
15515,7,2,0
15516,1,0,0
15516,2,1,0
15516,3,0,0
15516,3,1,0
15516,4,2,0
15516,5,0,0
15516,5,2,0
15516,6,1,0
15516,6,2,0
15516,7,0,0
15516,7,1,0
15516,7,2,0
15517,1,0,0
15517,2,1,0
15517,3,0,0
15517,3,1,0
15517,4,2,0
15517,5,0,0
15517,5,2,0
15517,6,1,0
15517,6,2,0
15517,7,0,0
15517,7,1,0
15517,7,2,0
15518,1,0,0
15518,2,1,0
15518,3,0,0
15518,3,1,0
15518,4,2,0
15518,5,0,0
15518,5,2,0
15518,6,1,0
15518,6,2,0
15518,7,0,0
15518,7,1,0
15518,7,2,0
15519,1,0,0
15519,2,1,0
15519,3,0,0
15519,3,1,0
15519,4,2,0
15519,5,0,0
15519,5,2,0
15519,6,1,0
15519,6,2,0
15519,7,0,0
15519,7,1,0
15519,7,2,0
15520,1,0,0
15520,2,1,0
15520,3,0,0
15520,3,1,0
15520,4,2,0
15520,5,0,0
15520,5,2,0
15520,6,1,0
15520,6,2,0
15520,7,0,0
15520,7,1,0
15520,7,2,0
15521,1,0,0
15521,2,1,0
15521,3,0,0
15521,3,1,0
15521,4,2,0
15521,5,0,0
15521,5,2,0
15521,6,1,0
15521,6,2,0
15521,7,0,0
15521,7,1,0
15521,7,2,0
15522,1,0,0
15522,2,1,0
15522,3,0,0
15522,3,1,0
15522,4,2,0
15522,5,0,0
15522,5,2,0
15522,6,1,0
15522,6,2,0
15522,7,0,0
15522,7,1,0
15522,7,2,0
15523,1,0,0
15523,2,1,0
15523,3,0,0
15523,3,1,0
15523,4,2,0
15523,5,0,0
15523,5,2,0
15523,6,1,0
15523,6,2,0
15523,7,0,0
15523,7,1,0
15523,7,2,0
15524,1,0,0
15524,2,1,0
15524,3,0,0
15524,3,1,0
15524,4,2,0
15524,5,0,0
15524,5,2,0
15524,6,1,0
15524,6,2,0
15524,7,0,0
15524,7,1,0
15524,7,2,0
15525,1,0,1
15525,2,1,0
15525,3,0,1
15525,3,1,0
15525,4,2,0
15525,5,0,1
15525,5,2,0
15525,6,1,0
15525,6,2,0
15525,7,0,1
15525,7,1,0
15525,7,2,0
15526,1,0,1
15526,2,1,0
15526,3,0,1
15526,3,1,0
15526,4,2,0
15526,5,0,1
15526,5,2,0
15526,6,1,0
15526,6,2,0
15526,7,0,1
15526,7,1,0
15526,7,2,0
15527,1,0,0
15527,2,1,0
15527,3,0,0
15527,3,1,0
15527,4,2,0
15527,5,0,0
15527,5,2,0
15527,6,1,0
15527,6,2,0
15527,7,0,0
15527,7,1,0
15527,7,2,0
15528,1,0,0
15528,2,1,0
15528,3,0,0
15528,3,1,0
15528,4,2,0
15528,5,0,0
15528,5,2,0
15528,6,1,0
15528,6,2,0
15528,7,0,0
15528,7,1,0
15528,7,2,0
15529,1,0,0
15529,2,1,0
15529,3,0,0
15529,3,1,0
15529,4,2,0
15529,5,0,0
15529,5,2,0
15529,6,1,0
15529,6,2,0
15529,7,0,0
15529,7,1,0
15529,7,2,0
15530,1,0,0
15530,2,1,0
15530,3,0,0
15530,3,1,0
15530,4,2,0
15530,5,0,0
15530,5,2,0
15530,6,1,0
15530,6,2,0
15530,7,0,0
15530,7,1,0
15530,7,2,0
15531,1,0,0
15531,2,1,0
15531,3,0,0
15531,3,1,0
15531,4,2,0
15531,5,0,0
15531,5,2,0
15531,6,1,0
15531,6,2,0
15531,7,0,0
15531,7,1,0
15531,7,2,0
15532,1,0,0
15532,2,1,0
15532,3,0,0
15532,3,1,0
15532,4,2,0
15532,5,0,0
15532,5,2,0
15532,6,1,0
15532,6,2,0
15532,7,0,0
15532,7,1,0
15532,7,2,0
15533,1,0,0
15533,2,1,0
15533,3,0,0
15533,3,1,0
15533,4,2,0
15533,5,0,0
15533,5,2,0
15533,6,1,0
15533,6,2,0
15533,7,0,0
15533,7,1,0
15533,7,2,0
15534,1,0,0
15534,2,1,0
15534,3,0,0
15534,3,1,0
15534,4,2,0
15534,5,0,0
15534,5,2,0
15534,6,1,0
15534,6,2,0
15534,7,0,0
15534,7,1,0
15534,7,2,0
15535,1,0,0
15535,2,1,0
15535,3,0,0
15535,3,1,0
15535,4,2,0
15535,5,0,0
15535,5,2,0
15535,6,1,0
15535,6,2,0
15535,7,0,0
15535,7,1,0
15535,7,2,0
15536,1,0,0
15536,2,1,0
15536,3,0,0
15536,3,1,0
15536,4,2,0
15536,5,0,0
15536,5,2,0
15536,6,1,0
15536,6,2,0
15536,7,0,0
15536,7,1,0
15536,7,2,0
15537,1,0,0
15537,2,1,0
15537,3,0,0
15537,3,1,0
15537,4,2,0
15537,5,0,0
15537,5,2,0
15537,6,1,0
15537,6,2,0
15537,7,0,0
15537,7,1,0
15537,7,2,0
15538,1,0,0
15538,2,1,0
15538,3,0,0
15538,3,1,0
15538,4,2,0
15538,5,0,0
15538,5,2,0
15538,6,1,0
15538,6,2,0
15538,7,0,0
15538,7,1,0
15538,7,2,0
15539,1,0,0
15539,2,1,0
15539,3,0,0
15539,3,1,0
15539,4,2,0
15539,5,0,0
15539,5,2,0
15539,6,1,0
15539,6,2,0
15539,7,0,0
15539,7,1,0
15539,7,2,0
15540,1,0,0
15540,2,1,0
15540,3,0,0
15540,3,1,0
15540,4,2,0
15540,5,0,0
15540,5,2,0
15540,6,1,0
15540,6,2,0
15540,7,0,0
15540,7,1,0
15540,7,2,0
15541,1,0,0
15541,2,1,0
15541,3,0,0
15541,3,1,0
15541,4,2,0
15541,5,0,0
15541,5,2,0
15541,6,1,0
15541,6,2,0
15541,7,0,0
15541,7,1,0
15541,7,2,0
15542,1,0,0
15542,2,1,0
15542,3,0,0
15542,3,1,0
15542,4,2,0
15542,5,0,0
15542,5,2,0
15542,6,1,0
15542,6,2,0
15542,7,0,0
15542,7,1,0
15542,7,2,0
15543,1,0,0
15543,2,1,0
15543,3,0,0
15543,3,1,0
15543,4,2,0
15543,5,0,0
15543,5,2,0
15543,6,1,0
15543,6,2,0
15543,7,0,0
15543,7,1,0
15543,7,2,0
15544,1,0,0
15544,2,1,0
15544,3,0,0
15544,3,1,0
15544,4,2,0
15544,5,0,0
15544,5,2,0
15544,6,1,0
15544,6,2,0
15544,7,0,0
15544,7,1,0
15544,7,2,0
15545,1,0,0
15545,2,1,0
15545,3,0,0
15545,3,1,0
15545,4,2,0
15545,5,0,0
15545,5,2,0
15545,6,1,0
15545,6,2,0
15545,7,0,0
15545,7,1,0
15545,7,2,0
15546,1,0,0
15546,2,1,0
15546,3,0,0
15546,3,1,0
15546,4,2,0
15546,5,0,0
15546,5,2,0
15546,6,1,0
15546,6,2,0
15546,7,0,0
15546,7,1,0
15546,7,2,0
15547,1,0,0
15547,2,1,0
15547,3,0,0
15547,3,1,0
15547,4,2,0
15547,5,0,0
15547,5,2,0
15547,6,1,0
15547,6,2,0
15547,7,0,0
15547,7,1,0
15547,7,2,0
15548,1,0,0
15548,2,1,0
15548,3,0,0
15548,3,1,0
15548,4,2,0
15548,5,0,0
15548,5,2,0
15548,6,1,0
15548,6,2,0
15548,7,0,0
15548,7,1,0
15548,7,2,0
15549,1,0,0
15549,2,1,0
15549,3,0,0
15549,3,1,0
15549,4,2,0
15549,5,0,0
15549,5,2,0
15549,6,1,0
15549,6,2,0
15549,7,0,0
15549,7,1,0
15549,7,2,0
15550,1,0,0
15550,2,1,0
15550,3,0,0
15550,3,1,0
15550,4,2,0
15550,5,0,0
15550,5,2,0
15550,6,1,0
15550,6,2,0
15550,7,0,0
15550,7,1,0
15550,7,2,0
15551,1,0,0
15551,2,1,0
15551,3,0,0
15551,3,1,0
15551,4,2,0
15551,5,0,0
15551,5,2,0
15551,6,1,0
15551,6,2,0
15551,7,0,0
15551,7,1,0
15551,7,2,0
15552,1,0,1
15552,2,1,0
15552,3,0,1
15552,3,1,0
15552,4,2,0
15552,5,0,1
15552,5,2,0
15552,6,1,0
15552,6,2,0
15552,7,0,1
15552,7,1,0
15552,7,2,0
15553,1,0,1
15553,2,1,0
15553,3,0,1
15553,3,1,0
15553,4,2,0
15553,5,0,1
15553,5,2,0
15553,6,1,0
15553,6,2,0
15553,7,0,1
15553,7,1,0
15553,7,2,0
15554,1,0,0
15554,2,1,0
15554,3,0,0
15554,3,1,0
15554,4,2,0
15554,5,0,0
15554,5,2,0
15554,6,1,0
15554,6,2,0
15554,7,0,0
15554,7,1,0
15554,7,2,0
15555,1,0,0
15555,2,1,0
15555,3,0,0
15555,3,1,0
15555,4,2,0
15555,5,0,0
15555,5,2,0
15555,6,1,0
15555,6,2,0
15555,7,0,0
15555,7,1,0
15555,7,2,0
15556,1,0,0
15556,2,1,0
15556,3,0,0
15556,3,1,0
15556,4,2,0
15556,5,0,0
15556,5,2,0
15556,6,1,0
15556,6,2,0
15556,7,0,0
15556,7,1,0
15556,7,2,0
15557,1,0,0
15557,2,1,0
15557,3,0,0
15557,3,1,0
15557,4,2,0
15557,5,0,0
15557,5,2,0
15557,6,1,0
15557,6,2,0
15557,7,0,0
15557,7,1,0
15557,7,2,0
15558,1,0,0
15558,2,1,0
15558,3,0,0
15558,3,1,0
15558,4,2,0
15558,5,0,0
15558,5,2,0
15558,6,1,0
15558,6,2,0
15558,7,0,0
15558,7,1,0
15558,7,2,0
15559,1,0,0
15559,2,1,0
15559,3,0,0
15559,3,1,0
15559,4,2,0
15559,5,0,0
15559,5,2,0
15559,6,1,0
15559,6,2,0
15559,7,0,0
15559,7,1,0
15559,7,2,0
15560,1,0,0
15560,2,1,0
15560,3,0,0
15560,3,1,0
15560,4,2,0
15560,5,0,0
15560,5,2,0
15560,6,1,0
15560,6,2,0
15560,7,0,0
15560,7,1,0
15560,7,2,0
15561,1,0,0
15561,2,1,0
15561,3,0,0
15561,3,1,0
15561,4,2,0
15561,5,0,0
15561,5,2,0
15561,6,1,0
15561,6,2,0
15561,7,0,0
15561,7,1,0
15561,7,2,0
15562,1,0,0
15562,2,1,0
15562,3,0,0
15562,3,1,0
15562,4,2,0
15562,5,0,0
15562,5,2,0
15562,6,1,0
15562,6,2,0
15562,7,0,0
15562,7,1,0
15562,7,2,0
15563,1,0,0
15563,2,1,0
15563,3,0,0
15563,3,1,0
15563,4,2,0
15563,5,0,0
15563,5,2,0
15563,6,1,0
15563,6,2,0
15563,7,0,0
15563,7,1,0
15563,7,2,0
15564,1,0,0
15564,2,1,0
15564,3,0,0
15564,3,1,0
15564,4,2,0
15564,5,0,0
15564,5,2,0
15564,6,1,0
15564,6,2,0
15564,7,0,0
15564,7,1,0
15564,7,2,0
15565,1,0,0
15565,2,1,0
15565,3,0,0
15565,3,1,0
15565,4,2,0
15565,5,0,0
15565,5,2,0
15565,6,1,0
15565,6,2,0
15565,7,0,0
15565,7,1,0
15565,7,2,0
15566,1,0,0
15566,2,1,0
15566,3,0,0
15566,3,1,0
15566,4,2,0
15566,5,0,0
15566,5,2,0
15566,6,1,0
15566,6,2,0
15566,7,0,0
15566,7,1,0
15566,7,2,0
15567,1,0,0
15567,2,1,0
15567,3,0,0
15567,3,1,0
15567,4,2,0
15567,5,0,0
15567,5,2,0
15567,6,1,0
15567,6,2,0
15567,7,0,0
15567,7,1,0
15567,7,2,0
15568,1,0,0
15568,2,1,0
15568,3,0,0
15568,3,1,0
15568,4,2,0
15568,5,0,0
15568,5,2,0
15568,6,1,0
15568,6,2,0
15568,7,0,0
15568,7,1,0
15568,7,2,0
15569,1,0,0
15569,2,1,0
15569,3,0,0
15569,3,1,0
15569,4,2,0
15569,5,0,0
15569,5,2,0
15569,6,1,0
15569,6,2,0
15569,7,0,0
15569,7,1,0
15569,7,2,0
15570,1,0,0
15570,2,1,0
15570,3,0,0
15570,3,1,0
15570,4,2,0
15570,5,0,0
15570,5,2,0
15570,6,1,0
15570,6,2,0
15570,7,0,0
15570,7,1,0
15570,7,2,0
15571,1,0,0
15571,2,1,0
15571,3,0,0
15571,3,1,0
15571,4,2,0
15571,5,0,0
15571,5,2,0
15571,6,1,0
15571,6,2,0
15571,7,0,0
15571,7,1,0
15571,7,2,0
15572,1,0,0
15572,2,1,0
15572,3,0,0
15572,3,1,0
15572,4,2,0
15572,5,0,0
15572,5,2,0
15572,6,1,0
15572,6,2,0
15572,7,0,0
15572,7,1,0
15572,7,2,0
15573,1,0,0
15573,2,1,0
15573,3,0,0
15573,3,1,0
15573,4,2,0
15573,5,0,0
15573,5,2,0
15573,6,1,0
15573,6,2,0
15573,7,0,0
15573,7,1,0
15573,7,2,0
15574,1,0,0
15574,2,1,0
15574,3,0,0
15574,3,1,0
15574,4,2,0
15574,5,0,0
15574,5,2,0
15574,6,1,0
15574,6,2,0
15574,7,0,0
15574,7,1,0
15574,7,2,0
15575,1,0,0
15575,2,1,0
15575,3,0,0
15575,3,1,0
15575,4,2,0
15575,5,0,0
15575,5,2,0
15575,6,1,0
15575,6,2,0
15575,7,0,0
15575,7,1,0
15575,7,2,0
15576,1,0,0
15576,2,1,0
15576,3,0,0
15576,3,1,0
15576,4,2,0
15576,5,0,0
15576,5,2,0
15576,6,1,0
15576,6,2,0
15576,7,0,0
15576,7,1,0
15576,7,2,0
15577,1,0,0
15577,2,1,0
15577,3,0,0
15577,3,1,0
15577,4,2,0
15577,5,0,0
15577,5,2,0
15577,6,1,0
15577,6,2,0
15577,7,0,0
15577,7,1,0
15577,7,2,0
15578,1,0,0
15578,2,1,0
15578,3,0,0
15578,3,1,0
15578,4,2,0
15578,5,0,0
15578,5,2,0
15578,6,1,0
15578,6,2,0
15578,7,0,0
15578,7,1,0
15578,7,2,0
15579,1,0,1
15579,2,1,0
15579,3,0,1
15579,3,1,0
15579,4,2,0
15579,5,0,1
15579,5,2,0
15579,6,1,0
15579,6,2,0
15579,7,0,1
15579,7,1,0
15579,7,2,0
15580,1,0,1
15580,2,1,0
15580,3,0,1
15580,3,1,0
15580,4,2,0
15580,5,0,1
15580,5,2,0
15580,6,1,0
15580,6,2,0
15580,7,0,1
15580,7,1,0
15580,7,2,0
15581,1,0,0
15581,2,1,0
15581,3,0,0
15581,3,1,0
15581,4,2,0
15581,5,0,0
15581,5,2,0
15581,6,1,0
15581,6,2,0
15581,7,0,0
15581,7,1,0
15581,7,2,0
15582,1,0,0
15582,2,1,0
15582,3,0,0
15582,3,1,0
15582,4,2,0
15582,5,0,0
15582,5,2,0
15582,6,1,0
15582,6,2,0
15582,7,0,0
15582,7,1,0
15582,7,2,0
15583,1,0,0
15583,2,1,0
15583,3,0,0
15583,3,1,0
15583,4,2,0
15583,5,0,0
15583,5,2,0
15583,6,1,0
15583,6,2,0
15583,7,0,0
15583,7,1,0
15583,7,2,0
15584,1,0,0
15584,2,1,0
15584,3,0,0
15584,3,1,0
15584,4,2,0
15584,5,0,0
15584,5,2,0
15584,6,1,0
15584,6,2,0
15584,7,0,0
15584,7,1,0
15584,7,2,0
15585,1,0,0
15585,2,1,0
15585,3,0,0
15585,3,1,0
15585,4,2,0
15585,5,0,0
15585,5,2,0
15585,6,1,0
15585,6,2,0
15585,7,0,0
15585,7,1,0
15585,7,2,0
15586,1,0,0
15586,2,1,0
15586,3,0,0
15586,3,1,0
15586,4,2,0
15586,5,0,0
15586,5,2,0
15586,6,1,0
15586,6,2,0
15586,7,0,0
15586,7,1,0
15586,7,2,0
15587,1,0,0
15587,2,1,0
15587,3,0,0
15587,3,1,0
15587,4,2,0
15587,5,0,0
15587,5,2,0
15587,6,1,0
15587,6,2,0
15587,7,0,0
15587,7,1,0
15587,7,2,0
15588,1,0,0
15588,2,1,0
15588,3,0,0
15588,3,1,0
15588,4,2,0
15588,5,0,0
15588,5,2,0
15588,6,1,0
15588,6,2,0
15588,7,0,0
15588,7,1,0
15588,7,2,0
15589,1,0,0
15589,2,1,0
15589,3,0,0
15589,3,1,0
15589,4,2,0
15589,5,0,0
15589,5,2,0
15589,6,1,0
15589,6,2,0
15589,7,0,0
15589,7,1,0
15589,7,2,0
15590,1,0,0
15590,2,1,0
15590,3,0,0
15590,3,1,0
15590,4,2,0
15590,5,0,0
15590,5,2,0
15590,6,1,0
15590,6,2,0
15590,7,0,0
15590,7,1,0
15590,7,2,0
15591,1,0,0
15591,2,1,0
15591,3,0,0
15591,3,1,0
15591,4,2,0
15591,5,0,0
15591,5,2,0
15591,6,1,0
15591,6,2,0
15591,7,0,0
15591,7,1,0
15591,7,2,0
15592,1,0,0
15592,2,1,0
15592,3,0,0
15592,3,1,0
15592,4,2,0
15592,5,0,0
15592,5,2,0
15592,6,1,0
15592,6,2,0
15592,7,0,0
15592,7,1,0
15592,7,2,0
15593,1,0,0
15593,2,1,0
15593,3,0,0
15593,3,1,0
15593,4,2,0
15593,5,0,0
15593,5,2,0
15593,6,1,0
15593,6,2,0
15593,7,0,0
15593,7,1,0
15593,7,2,0
15594,1,0,0
15594,2,1,0
15594,3,0,0
15594,3,1,0
15594,4,2,0
15594,5,0,0
15594,5,2,0
15594,6,1,0
15594,6,2,0
15594,7,0,0
15594,7,1,0
15594,7,2,0
15595,1,0,0
15595,2,1,0
15595,3,0,0
15595,3,1,0
15595,4,2,0
15595,5,0,0
15595,5,2,0
15595,6,1,0
15595,6,2,0
15595,7,0,0
15595,7,1,0
15595,7,2,0
15596,1,0,0
15596,2,1,0
15596,3,0,0
15596,3,1,0
15596,4,2,0
15596,5,0,0
15596,5,2,0
15596,6,1,0
15596,6,2,0
15596,7,0,0
15596,7,1,0
15596,7,2,0
15597,1,0,0
15597,2,1,0
15597,3,0,0
15597,3,1,0
15597,4,2,0
15597,5,0,0
15597,5,2,0
15597,6,1,0
15597,6,2,0
15597,7,0,0
15597,7,1,0
15597,7,2,0
15598,1,0,0
15598,2,1,0
15598,3,0,0
15598,3,1,0
15598,4,2,0
15598,5,0,0
15598,5,2,0
15598,6,1,0
15598,6,2,0
15598,7,0,0
15598,7,1,0
15598,7,2,0
15599,1,0,0
15599,2,1,0
15599,3,0,0
15599,3,1,0
15599,4,2,0
15599,5,0,0
15599,5,2,0
15599,6,1,0
15599,6,2,0
15599,7,0,0
15599,7,1,0
15599,7,2,0
15600,1,0,0
15600,2,1,0
15600,3,0,0
15600,3,1,0
15600,4,2,0
15600,5,0,0
15600,5,2,0
15600,6,1,0
15600,6,2,0
15600,7,0,0
15600,7,1,0
15600,7,2,0
15601,1,0,0
15601,2,1,0
15601,3,0,0
15601,3,1,0
15601,4,2,0
15601,5,0,0
15601,5,2,0
15601,6,1,0
15601,6,2,0
15601,7,0,0
15601,7,1,0
15601,7,2,0
15602,1,0,0
15602,2,1,0
15602,3,0,0
15602,3,1,0
15602,4,2,0
15602,5,0,0
15602,5,2,0
15602,6,1,0
15602,6,2,0
15602,7,0,0
15602,7,1,0
15602,7,2,0
15603,1,0,0
15603,2,1,0
15603,3,0,0
15603,3,1,0
15603,4,2,0
15603,5,0,0
15603,5,2,0
15603,6,1,0
15603,6,2,0
15603,7,0,0
15603,7,1,0
15603,7,2,0
15604,1,0,0
15604,2,1,0
15604,3,0,0
15604,3,1,0
15604,4,2,0
15604,5,0,0
15604,5,2,0
15604,6,1,0
15604,6,2,0
15604,7,0,0
15604,7,1,0
15604,7,2,0
15605,1,0,0
15605,2,1,0
15605,3,0,0
15605,3,1,0
15605,4,2,0
15605,5,0,0
15605,5,2,0
15605,6,1,0
15605,6,2,0
15605,7,0,0
15605,7,1,0
15605,7,2,0
15606,1,0,1
15606,2,1,0
15606,3,0,1
15606,3,1,0
15606,4,2,0
15606,5,0,1
15606,5,2,0
15606,6,1,0
15606,6,2,0
15606,7,0,1
15606,7,1,0
15606,7,2,0
15607,1,0,1
15607,2,1,0
15607,3,0,1
15607,3,1,0
15607,4,2,0
15607,5,0,1
15607,5,2,0
15607,6,1,0
15607,6,2,0
15607,7,0,1
15607,7,1,0
15607,7,2,0
15608,1,0,0
15608,2,1,0
15608,3,0,0
15608,3,1,0
15608,4,2,0
15608,5,0,0
15608,5,2,0
15608,6,1,0
15608,6,2,0
15608,7,0,0
15608,7,1,0
15608,7,2,0
15609,1,0,0
15609,2,1,0
15609,3,0,0
15609,3,1,0
15609,4,2,0
15609,5,0,0
15609,5,2,0
15609,6,1,0
15609,6,2,0
15609,7,0,0
15609,7,1,0
15609,7,2,0
15610,1,0,0
15610,2,1,0
15610,3,0,0
15610,3,1,0
15610,4,2,0
15610,5,0,0
15610,5,2,0
15610,6,1,0
15610,6,2,0
15610,7,0,0
15610,7,1,0
15610,7,2,0
15611,1,0,0
15611,2,1,0
15611,3,0,0
15611,3,1,0
15611,4,2,0
15611,5,0,0
15611,5,2,0
15611,6,1,0
15611,6,2,0
15611,7,0,0
15611,7,1,0
15611,7,2,0
15612,1,0,0
15612,2,1,0
15612,3,0,0
15612,3,1,0
15612,4,2,0
15612,5,0,0
15612,5,2,0
15612,6,1,0
15612,6,2,0
15612,7,0,0
15612,7,1,0
15612,7,2,0
15613,1,0,0
15613,2,1,0
15613,3,0,0
15613,3,1,0
15613,4,2,0
15613,5,0,0
15613,5,2,0
15613,6,1,0
15613,6,2,0
15613,7,0,0
15613,7,1,0
15613,7,2,0
15614,1,0,0
15614,2,1,0
15614,3,0,0
15614,3,1,0
15614,4,2,0
15614,5,0,0
15614,5,2,0
15614,6,1,0
15614,6,2,0
15614,7,0,0
15614,7,1,0
15614,7,2,0
15615,1,0,0
15615,2,1,0
15615,3,0,0
15615,3,1,0
15615,4,2,0
15615,5,0,0
15615,5,2,0
15615,6,1,0
15615,6,2,0
15615,7,0,0
15615,7,1,0
15615,7,2,0
15616,1,0,0
15616,2,1,0
15616,3,0,0
15616,3,1,0
15616,4,2,0
15616,5,0,0
15616,5,2,0
15616,6,1,0
15616,6,2,0
15616,7,0,0
15616,7,1,0
15616,7,2,0
15617,1,0,0
15617,2,1,0
15617,3,0,0
15617,3,1,0
15617,4,2,0
15617,5,0,0
15617,5,2,0
15617,6,1,0
15617,6,2,0
15617,7,0,0
15617,7,1,0
15617,7,2,0
15618,1,0,0
15618,2,1,0
15618,3,0,0
15618,3,1,0
15618,4,2,0
15618,5,0,0
15618,5,2,0
15618,6,1,0
15618,6,2,0
15618,7,0,0
15618,7,1,0
15618,7,2,0
15619,1,0,0
15619,2,1,0
15619,3,0,0
15619,3,1,0
15619,4,2,0
15619,5,0,0
15619,5,2,0
15619,6,1,0
15619,6,2,0
15619,7,0,0
15619,7,1,0
15619,7,2,0
15620,1,0,0
15620,2,1,0
15620,3,0,0
15620,3,1,0
15620,4,2,0
15620,5,0,0
15620,5,2,0
15620,6,1,0
15620,6,2,0
15620,7,0,0
15620,7,1,0
15620,7,2,0
15621,1,0,0
15621,2,1,0
15621,3,0,0
15621,3,1,0
15621,4,2,0
15621,5,0,0
15621,5,2,0
15621,6,1,0
15621,6,2,0
15621,7,0,0
15621,7,1,0
15621,7,2,0
15622,1,0,0
15622,2,1,0
15622,3,0,0
15622,3,1,0
15622,4,2,0
15622,5,0,0
15622,5,2,0
15622,6,1,0
15622,6,2,0
15622,7,0,0
15622,7,1,0
15622,7,2,0
15623,1,0,0
15623,2,1,0
15623,3,0,0
15623,3,1,0
15623,4,2,0
15623,5,0,0
15623,5,2,0
15623,6,1,0
15623,6,2,0
15623,7,0,0
15623,7,1,0
15623,7,2,0
15624,1,0,0
15624,2,1,0
15624,3,0,0
15624,3,1,0
15624,4,2,0
15624,5,0,0
15624,5,2,0
15624,6,1,0
15624,6,2,0
15624,7,0,0
15624,7,1,0
15624,7,2,0
15625,1,0,0
15625,2,1,0
15625,3,0,0
15625,3,1,0
15625,4,2,0
15625,5,0,0
15625,5,2,0
15625,6,1,0
15625,6,2,0
15625,7,0,0
15625,7,1,0
15625,7,2,0
15626,1,0,0
15626,2,1,0
15626,3,0,0
15626,3,1,0
15626,4,2,0
15626,5,0,0
15626,5,2,0
15626,6,1,0
15626,6,2,0
15626,7,0,0
15626,7,1,0
15626,7,2,0
15627,1,0,0
15627,2,1,0
15627,3,0,0
15627,3,1,0
15627,4,2,0
15627,5,0,0
15627,5,2,0
15627,6,1,0
15627,6,2,0
15627,7,0,0
15627,7,1,0
15627,7,2,0
15628,1,0,0
15628,2,1,0
15628,3,0,0
15628,3,1,0
15628,4,2,0
15628,5,0,0
15628,5,2,0
15628,6,1,0
15628,6,2,0
15628,7,0,0
15628,7,1,0
15628,7,2,0
15629,1,0,0
15629,2,1,0
15629,3,0,0
15629,3,1,0
15629,4,2,0
15629,5,0,0
15629,5,2,0
15629,6,1,0
15629,6,2,0
15629,7,0,0
15629,7,1,0
15629,7,2,0
15630,1,0,0
15630,2,1,0
15630,3,0,0
15630,3,1,0
15630,4,2,0
15630,5,0,0
15630,5,2,0
15630,6,1,0
15630,6,2,0
15630,7,0,0
15630,7,1,0
15630,7,2,0
15631,1,0,0
15631,2,1,0
15631,3,0,0
15631,3,1,0
15631,4,2,0
15631,5,0,0
15631,5,2,0
15631,6,1,0
15631,6,2,0
15631,7,0,0
15631,7,1,0
15631,7,2,0
15632,1,0,0
15632,2,1,0
15632,3,0,0
15632,3,1,0
15632,4,2,0
15632,5,0,0
15632,5,2,0
15632,6,1,0
15632,6,2,0
15632,7,0,0
15632,7,1,0
15632,7,2,0
15633,1,0,1
15633,2,1,0
15633,3,0,1
15633,3,1,0
15633,4,2,0
15633,5,0,1
15633,5,2,0
15633,6,1,0
15633,6,2,0
15633,7,0,1
15633,7,1,0
15633,7,2,0
15634,1,0,1
15634,2,1,0
15634,3,0,1
15634,3,1,0
15634,4,2,0
15634,5,0,1
15634,5,2,0
15634,6,1,0
15634,6,2,0
15634,7,0,1
15634,7,1,0
15634,7,2,0
15635,1,0,0
15635,2,1,0
15635,3,0,0
15635,3,1,0
15635,4,2,0
15635,5,0,0
15635,5,2,0
15635,6,1,0
15635,6,2,0
15635,7,0,0
15635,7,1,0
15635,7,2,0
15636,1,0,0
15636,2,1,0
15636,3,0,0
15636,3,1,0
15636,4,2,0
15636,5,0,0
15636,5,2,0
15636,6,1,0
15636,6,2,0
15636,7,0,0
15636,7,1,0
15636,7,2,0
15637,1,0,0
15637,2,1,0
15637,3,0,0
15637,3,1,0
15637,4,2,0
15637,5,0,0
15637,5,2,0
15637,6,1,0
15637,6,2,0
15637,7,0,0
15637,7,1,0
15637,7,2,0
15638,1,0,0
15638,2,1,0
15638,3,0,0
15638,3,1,0
15638,4,2,0
15638,5,0,0
15638,5,2,0
15638,6,1,0
15638,6,2,0
15638,7,0,0
15638,7,1,0
15638,7,2,0
15639,1,0,0
15639,2,1,0
15639,3,0,0
15639,3,1,0
15639,4,2,0
15639,5,0,0
15639,5,2,0
15639,6,1,0
15639,6,2,0
15639,7,0,0
15639,7,1,0
15639,7,2,0
15640,1,0,0
15640,2,1,0
15640,3,0,0
15640,3,1,0
15640,4,2,0
15640,5,0,0
15640,5,2,0
15640,6,1,0
15640,6,2,0
15640,7,0,0
15640,7,1,0
15640,7,2,0
15641,1,0,0
15641,2,1,0
15641,3,0,0
15641,3,1,0
15641,4,2,0
15641,5,0,0
15641,5,2,0
15641,6,1,0
15641,6,2,0
15641,7,0,0
15641,7,1,0
15641,7,2,0
15642,1,0,0
15642,2,1,0
15642,3,0,0
15642,3,1,0
15642,4,2,0
15642,5,0,0
15642,5,2,0
15642,6,1,0
15642,6,2,0
15642,7,0,0
15642,7,1,0
15642,7,2,0
15643,1,0,0
15643,2,1,0
15643,3,0,0
15643,3,1,0
15643,4,2,0
15643,5,0,0
15643,5,2,0
15643,6,1,0
15643,6,2,0
15643,7,0,0
15643,7,1,0
15643,7,2,0
15644,1,0,0
15644,2,1,0
15644,3,0,0
15644,3,1,0
15644,4,2,0
15644,5,0,0
15644,5,2,0
15644,6,1,0
15644,6,2,0
15644,7,0,0
15644,7,1,0
15644,7,2,0
15645,1,0,0
15645,2,1,0
15645,3,0,0
15645,3,1,0
15645,4,2,0
15645,5,0,0
15645,5,2,0
15645,6,1,0
15645,6,2,0
15645,7,0,0
15645,7,1,0
15645,7,2,0
15646,1,0,0
15646,2,1,0
15646,3,0,0
15646,3,1,0
15646,4,2,0
15646,5,0,0
15646,5,2,0
15646,6,1,0
15646,6,2,0
15646,7,0,0
15646,7,1,0
15646,7,2,0
15647,1,0,0
15647,2,1,0
15647,3,0,0
15647,3,1,0
15647,4,2,0
15647,5,0,0
15647,5,2,0
15647,6,1,0
15647,6,2,0
15647,7,0,0
15647,7,1,0
15647,7,2,0
15648,1,0,0
15648,2,1,0
15648,3,0,0
15648,3,1,0
15648,4,2,0
15648,5,0,0
15648,5,2,0
15648,6,1,0
15648,6,2,0
15648,7,0,0
15648,7,1,0
15648,7,2,0
15649,1,0,0
15649,2,1,0
15649,3,0,0
15649,3,1,0
15649,4,2,0
15649,5,0,0
15649,5,2,0
15649,6,1,0
15649,6,2,0
15649,7,0,0
15649,7,1,0
15649,7,2,0
15650,1,0,0
15650,2,1,0
15650,3,0,0
15650,3,1,0
15650,4,2,0
15650,5,0,0
15650,5,2,0
15650,6,1,0
15650,6,2,0
15650,7,0,0
15650,7,1,0
15650,7,2,0
15651,1,0,0
15651,2,1,0
15651,3,0,0
15651,3,1,0
15651,4,2,0
15651,5,0,0
15651,5,2,0
15651,6,1,0
15651,6,2,0
15651,7,0,0
15651,7,1,0
15651,7,2,0
15652,1,0,0
15652,2,1,0
15652,3,0,0
15652,3,1,0
15652,4,2,0
15652,5,0,0
15652,5,2,0
15652,6,1,0
15652,6,2,0
15652,7,0,0
15652,7,1,0
15652,7,2,0
15653,1,0,0
15653,2,1,0
15653,3,0,0
15653,3,1,0
15653,4,2,0
15653,5,0,0
15653,5,2,0
15653,6,1,0
15653,6,2,0
15653,7,0,0
15653,7,1,0
15653,7,2,0
15654,1,0,0
15654,2,1,0
15654,3,0,0
15654,3,1,0
15654,4,2,0
15654,5,0,0
15654,5,2,0
15654,6,1,0
15654,6,2,0
15654,7,0,0
15654,7,1,0
15654,7,2,0
15655,1,0,0
15655,2,1,0
15655,3,0,0
15655,3,1,0
15655,4,2,0
15655,5,0,0
15655,5,2,0
15655,6,1,0
15655,6,2,0
15655,7,0,0
15655,7,1,0
15655,7,2,0
15656,1,0,0
15656,2,1,0
15656,3,0,0
15656,3,1,0
15656,4,2,0
15656,5,0,0
15656,5,2,0
15656,6,1,0
15656,6,2,0
15656,7,0,0
15656,7,1,0
15656,7,2,0
15657,1,0,0
15657,2,1,0
15657,3,0,0
15657,3,1,0
15657,4,2,0
15657,5,0,0
15657,5,2,0
15657,6,1,0
15657,6,2,0
15657,7,0,0
15657,7,1,0
15657,7,2,0
15658,1,0,0
15658,2,1,0
15658,3,0,0
15658,3,1,0
15658,4,2,0
15658,5,0,0
15658,5,2,0
15658,6,1,0
15658,6,2,0
15658,7,0,0
15658,7,1,0
15658,7,2,0
15659,1,0,0
15659,2,1,0
15659,3,0,0
15659,3,1,0
15659,4,2,0
15659,5,0,0
15659,5,2,0
15659,6,1,0
15659,6,2,0
15659,7,0,0
15659,7,1,0
15659,7,2,0
15660,1,0,1
15660,2,1,0
15660,3,0,1
15660,3,1,0
15660,4,2,0
15660,5,0,1
15660,5,2,0
15660,6,1,0
15660,6,2,0
15660,7,0,1
15660,7,1,0
15660,7,2,0
15661,1,0,1
15661,2,1,0
15661,3,0,1
15661,3,1,0
15661,4,2,0
15661,5,0,1
15661,5,2,0
15661,6,1,0
15661,6,2,0
15661,7,0,1
15661,7,1,0
15661,7,2,0
15662,1,0,0
15662,2,1,0
15662,3,0,0
15662,3,1,0
15662,4,2,0
15662,5,0,0
15662,5,2,0
15662,6,1,0
15662,6,2,0
15662,7,0,0
15662,7,1,0
15662,7,2,0
15663,1,0,0
15663,2,1,0
15663,3,0,0
15663,3,1,0
15663,4,2,0
15663,5,0,0
15663,5,2,0
15663,6,1,0
15663,6,2,0
15663,7,0,0
15663,7,1,0
15663,7,2,0
15664,1,0,0
15664,2,1,0
15664,3,0,0
15664,3,1,0
15664,4,2,0
15664,5,0,0
15664,5,2,0
15664,6,1,0
15664,6,2,0
15664,7,0,0
15664,7,1,0
15664,7,2,0
15665,1,0,0
15665,2,1,0
15665,3,0,0
15665,3,1,0
15665,4,2,0
15665,5,0,0
15665,5,2,0
15665,6,1,0
15665,6,2,0
15665,7,0,0
15665,7,1,0
15665,7,2,0
15666,1,0,0
15666,2,1,0
15666,3,0,0
15666,3,1,0
15666,4,2,0
15666,5,0,0
15666,5,2,0
15666,6,1,0
15666,6,2,0
15666,7,0,0
15666,7,1,0
15666,7,2,0
15667,1,0,0
15667,2,1,0
15667,3,0,0
15667,3,1,0
15667,4,2,0
15667,5,0,0
15667,5,2,0
15667,6,1,0
15667,6,2,0
15667,7,0,0
15667,7,1,0
15667,7,2,0
15668,1,0,0
15668,2,1,0
15668,3,0,0
15668,3,1,0
15668,4,2,0
15668,5,0,0
15668,5,2,0
15668,6,1,0
15668,6,2,0
15668,7,0,0
15668,7,1,0
15668,7,2,0
15669,1,0,0
15669,2,1,0
15669,3,0,0
15669,3,1,0
15669,4,2,0
15669,5,0,0
15669,5,2,0
15669,6,1,0
15669,6,2,0
15669,7,0,0
15669,7,1,0
15669,7,2,0
15670,1,0,0
15670,2,1,0
15670,3,0,0
15670,3,1,0
15670,4,2,0
15670,5,0,0
15670,5,2,0
15670,6,1,0
15670,6,2,0
15670,7,0,0
15670,7,1,0
15670,7,2,0
15671,1,0,0
15671,2,1,0
15671,3,0,0
15671,3,1,0
15671,4,2,0
15671,5,0,0
15671,5,2,0
15671,6,1,0
15671,6,2,0
15671,7,0,0
15671,7,1,0
15671,7,2,0
15672,1,0,0
15672,2,1,0
15672,3,0,0
15672,3,1,0
15672,4,2,0
15672,5,0,0
15672,5,2,0
15672,6,1,0
15672,6,2,0
15672,7,0,0
15672,7,1,0
15672,7,2,0
15673,1,0,0
15673,2,1,0
15673,3,0,0
15673,3,1,0
15673,4,2,0
15673,5,0,0
15673,5,2,0
15673,6,1,0
15673,6,2,0
15673,7,0,0
15673,7,1,0
15673,7,2,0
15674,1,0,0
15674,2,1,0
15674,3,0,0
15674,3,1,0
15674,4,2,0
15674,5,0,0
15674,5,2,0
15674,6,1,0
15674,6,2,0
15674,7,0,0
15674,7,1,0
15674,7,2,0
15675,1,0,0
15675,2,1,0
15675,3,0,0
15675,3,1,0
15675,4,2,0
15675,5,0,0
15675,5,2,0
15675,6,1,0
15675,6,2,0
15675,7,0,0
15675,7,1,0
15675,7,2,0
15676,1,0,0
15676,2,1,0
15676,3,0,0
15676,3,1,0
15676,4,2,0
15676,5,0,0
15676,5,2,0
15676,6,1,0
15676,6,2,0
15676,7,0,0
15676,7,1,0
15676,7,2,0
15677,1,0,0
15677,2,1,0
15677,3,0,0
15677,3,1,0
15677,4,2,0
15677,5,0,0
15677,5,2,0
15677,6,1,0
15677,6,2,0
15677,7,0,0
15677,7,1,0
15677,7,2,0
15678,1,0,0
15678,2,1,0
15678,3,0,0
15678,3,1,0
15678,4,2,0
15678,5,0,0
15678,5,2,0
15678,6,1,0
15678,6,2,0
15678,7,0,0
15678,7,1,0
15678,7,2,0
15679,1,0,0
15679,2,1,0
15679,3,0,0
15679,3,1,0
15679,4,2,0
15679,5,0,0
15679,5,2,0
15679,6,1,0
15679,6,2,0
15679,7,0,0
15679,7,1,0
15679,7,2,0
15680,1,0,0
15680,2,1,0
15680,3,0,0
15680,3,1,0
15680,4,2,0
15680,5,0,0
15680,5,2,0
15680,6,1,0
15680,6,2,0
15680,7,0,0
15680,7,1,0
15680,7,2,0
15681,1,0,0
15681,2,1,0
15681,3,0,0
15681,3,1,0
15681,4,2,0
15681,5,0,0
15681,5,2,0
15681,6,1,0
15681,6,2,0
15681,7,0,0
15681,7,1,0
15681,7,2,0
15682,1,0,0
15682,2,1,0
15682,3,0,0
15682,3,1,0
15682,4,2,0
15682,5,0,0
15682,5,2,0
15682,6,1,0
15682,6,2,0
15682,7,0,0
15682,7,1,0
15682,7,2,0
15683,1,0,0
15683,2,1,0
15683,3,0,0
15683,3,1,0
15683,4,2,0
15683,5,0,0
15683,5,2,0
15683,6,1,0
15683,6,2,0
15683,7,0,0
15683,7,1,0
15683,7,2,0
15684,1,0,0
15684,2,1,0
15684,3,0,0
15684,3,1,0
15684,4,2,0
15684,5,0,0
15684,5,2,0
15684,6,1,0
15684,6,2,0
15684,7,0,0
15684,7,1,0
15684,7,2,0
15685,1,0,0
15685,2,1,0
15685,3,0,0
15685,3,1,0
15685,4,2,0
15685,5,0,0
15685,5,2,0
15685,6,1,0
15685,6,2,0
15685,7,0,0
15685,7,1,0
15685,7,2,0
15686,1,0,0
15686,2,1,0
15686,3,0,0
15686,3,1,0
15686,4,2,0
15686,5,0,0
15686,5,2,0
15686,6,1,0
15686,6,2,0
15686,7,0,0
15686,7,1,0
15686,7,2,0
15687,1,0,1
15687,2,1,0
15687,3,0,1
15687,3,1,0
15687,4,2,0
15687,5,0,1
15687,5,2,0
15687,6,1,0
15687,6,2,0
15687,7,0,1
15687,7,1,0
15687,7,2,0
15688,1,0,1
15688,2,1,0
15688,3,0,1
15688,3,1,0
15688,4,2,0
15688,5,0,1
15688,5,2,0
15688,6,1,0
15688,6,2,0
15688,7,0,1
15688,7,1,0
15688,7,2,0
15689,1,0,0
15689,2,1,0
15689,3,0,0
15689,3,1,0
15689,4,2,0
15689,5,0,0
15689,5,2,0
15689,6,1,0
15689,6,2,0
15689,7,0,0
15689,7,1,0
15689,7,2,0
15690,1,0,0
15690,2,1,0
15690,3,0,0
15690,3,1,0
15690,4,2,0
15690,5,0,0
15690,5,2,0
15690,6,1,0
15690,6,2,0
15690,7,0,0
15690,7,1,0
15690,7,2,0
15691,1,0,0
15691,2,1,0
15691,3,0,0
15691,3,1,0
15691,4,2,0
15691,5,0,0
15691,5,2,0
15691,6,1,0
15691,6,2,0
15691,7,0,0
15691,7,1,0
15691,7,2,0
15692,1,0,0
15692,2,1,0
15692,3,0,0
15692,3,1,0
15692,4,2,0
15692,5,0,0
15692,5,2,0
15692,6,1,0
15692,6,2,0
15692,7,0,0
15692,7,1,0
15692,7,2,0
15693,1,0,0
15693,2,1,0
15693,3,0,0
15693,3,1,0
15693,4,2,0
15693,5,0,0
15693,5,2,0
15693,6,1,0
15693,6,2,0
15693,7,0,0
15693,7,1,0
15693,7,2,0
15694,1,0,0
15694,2,1,0
15694,3,0,0
15694,3,1,0
15694,4,2,0
15694,5,0,0
15694,5,2,0
15694,6,1,0
15694,6,2,0
15694,7,0,0
15694,7,1,0
15694,7,2,0
15695,1,0,0
15695,2,1,0
15695,3,0,0
15695,3,1,0
15695,4,2,0
15695,5,0,0
15695,5,2,0
15695,6,1,0
15695,6,2,0
15695,7,0,0
15695,7,1,0
15695,7,2,0
15696,1,0,0
15696,2,1,0
15696,3,0,0
15696,3,1,0
15696,4,2,0
15696,5,0,0
15696,5,2,0
15696,6,1,0
15696,6,2,0
15696,7,0,0
15696,7,1,0
15696,7,2,0
15697,1,0,0
15697,2,1,0
15697,3,0,0
15697,3,1,0
15697,4,2,0
15697,5,0,0
15697,5,2,0
15697,6,1,0
15697,6,2,0
15697,7,0,0
15697,7,1,0
15697,7,2,0
15698,1,0,0
15698,2,1,0
15698,3,0,0
15698,3,1,0
15698,4,2,0
15698,5,0,0
15698,5,2,0
15698,6,1,0
15698,6,2,0
15698,7,0,0
15698,7,1,0
15698,7,2,0
15699,1,0,0
15699,2,1,0
15699,3,0,0
15699,3,1,0
15699,4,2,0
15699,5,0,0
15699,5,2,0
15699,6,1,0
15699,6,2,0
15699,7,0,0
15699,7,1,0
15699,7,2,0
15700,1,0,0
15700,2,1,0
15700,3,0,0
15700,3,1,0
15700,4,2,0
15700,5,0,0
15700,5,2,0
15700,6,1,0
15700,6,2,0
15700,7,0,0
15700,7,1,0
15700,7,2,0
15701,1,0,0
15701,2,1,0
15701,3,0,0
15701,3,1,0
15701,4,2,0
15701,5,0,0
15701,5,2,0
15701,6,1,0
15701,6,2,0
15701,7,0,0
15701,7,1,0
15701,7,2,0
15702,1,0,0
15702,2,1,0
15702,3,0,0
15702,3,1,0
15702,4,2,0
15702,5,0,0
15702,5,2,0
15702,6,1,0
15702,6,2,0
15702,7,0,0
15702,7,1,0
15702,7,2,0
15703,1,0,0
15703,2,1,0
15703,3,0,0
15703,3,1,0
15703,4,2,0
15703,5,0,0
15703,5,2,0
15703,6,1,0
15703,6,2,0
15703,7,0,0
15703,7,1,0
15703,7,2,0
15704,1,0,0
15704,2,1,0
15704,3,0,0
15704,3,1,0
15704,4,2,0
15704,5,0,0
15704,5,2,0
15704,6,1,0
15704,6,2,0
15704,7,0,0
15704,7,1,0
15704,7,2,0
15705,1,0,0
15705,2,1,0
15705,3,0,0
15705,3,1,0
15705,4,2,0
15705,5,0,0
15705,5,2,0
15705,6,1,0
15705,6,2,0
15705,7,0,0
15705,7,1,0
15705,7,2,0
15706,1,0,0
15706,2,1,0
15706,3,0,0
15706,3,1,0
15706,4,2,0
15706,5,0,0
15706,5,2,0
15706,6,1,0
15706,6,2,0
15706,7,0,0
15706,7,1,0
15706,7,2,0
15707,1,0,0
15707,2,1,0
15707,3,0,0
15707,3,1,0
15707,4,2,0
15707,5,0,0
15707,5,2,0
15707,6,1,0
15707,6,2,0
15707,7,0,0
15707,7,1,0
15707,7,2,0
15708,1,0,0
15708,2,1,0
15708,3,0,0
15708,3,1,0
15708,4,2,0
15708,5,0,0
15708,5,2,0
15708,6,1,0
15708,6,2,0
15708,7,0,0
15708,7,1,0
15708,7,2,0
15709,1,0,0
15709,2,1,0
15709,3,0,0
15709,3,1,0
15709,4,2,0
15709,5,0,0
15709,5,2,0
15709,6,1,0
15709,6,2,0
15709,7,0,0
15709,7,1,0
15709,7,2,0
15710,1,0,0
15710,2,1,0
15710,3,0,0
15710,3,1,0
15710,4,2,0
15710,5,0,0
15710,5,2,0
15710,6,1,0
15710,6,2,0
15710,7,0,0
15710,7,1,0
15710,7,2,0
15711,1,0,0
15711,2,1,0
15711,3,0,0
15711,3,1,0
15711,4,2,0
15711,5,0,0
15711,5,2,0
15711,6,1,0
15711,6,2,0
15711,7,0,0
15711,7,1,0
15711,7,2,0
15712,1,0,0
15712,2,1,0
15712,3,0,0
15712,3,1,0
15712,4,2,0
15712,5,0,0
15712,5,2,0
15712,6,1,0
15712,6,2,0
15712,7,0,0
15712,7,1,0
15712,7,2,0
15713,1,0,0
15713,2,1,0
15713,3,0,0
15713,3,1,0
15713,4,2,0
15713,5,0,0
15713,5,2,0
15713,6,1,0
15713,6,2,0
15713,7,0,0
15713,7,1,0
15713,7,2,0
15714,1,0,1
15714,2,1,0
15714,3,0,1
15714,3,1,0
15714,4,2,0
15714,5,0,1
15714,5,2,0
15714,6,1,0
15714,6,2,0
15714,7,0,1
15714,7,1,0
15714,7,2,0
15715,1,0,1
15715,2,1,0
15715,3,0,1
15715,3,1,0
15715,4,2,0
15715,5,0,1
15715,5,2,0
15715,6,1,0
15715,6,2,0
15715,7,0,1
15715,7,1,0
15715,7,2,0
15716,1,0,0
15716,2,1,0
15716,3,0,0
15716,3,1,0
15716,4,2,0
15716,5,0,0
15716,5,2,0
15716,6,1,0
15716,6,2,0
15716,7,0,0
15716,7,1,0
15716,7,2,0
15717,1,0,0
15717,2,1,0
15717,3,0,0
15717,3,1,0
15717,4,2,0
15717,5,0,0
15717,5,2,0
15717,6,1,0
15717,6,2,0
15717,7,0,0
15717,7,1,0
15717,7,2,0
15718,1,0,0
15718,2,1,0
15718,3,0,0
15718,3,1,0
15718,4,2,0
15718,5,0,0
15718,5,2,0
15718,6,1,0
15718,6,2,0
15718,7,0,0
15718,7,1,0
15718,7,2,0
15719,1,0,0
15719,2,1,0
15719,3,0,0
15719,3,1,0
15719,4,2,0
15719,5,0,0
15719,5,2,0
15719,6,1,0
15719,6,2,0
15719,7,0,0
15719,7,1,0
15719,7,2,0
15720,1,0,0
15720,2,1,0
15720,3,0,0
15720,3,1,0
15720,4,2,0
15720,5,0,0
15720,5,2,0
15720,6,1,0
15720,6,2,0
15720,7,0,0
15720,7,1,0
15720,7,2,0
15721,1,0,0
15721,2,1,0
15721,3,0,0
15721,3,1,0
15721,4,2,0
15721,5,0,0
15721,5,2,0
15721,6,1,0
15721,6,2,0
15721,7,0,0
15721,7,1,0
15721,7,2,0
15722,1,0,0
15722,2,1,0
15722,3,0,0
15722,3,1,0
15722,4,2,0
15722,5,0,0
15722,5,2,0
15722,6,1,0
15722,6,2,0
15722,7,0,0
15722,7,1,0
15722,7,2,0
15723,1,0,0
15723,2,1,0
15723,3,0,0
15723,3,1,0
15723,4,2,0
15723,5,0,0
15723,5,2,0
15723,6,1,0
15723,6,2,0
15723,7,0,0
15723,7,1,0
15723,7,2,0
15724,1,0,0
15724,2,1,0
15724,3,0,0
15724,3,1,0
15724,4,2,0
15724,5,0,0
15724,5,2,0
15724,6,1,0
15724,6,2,0
15724,7,0,0
15724,7,1,0
15724,7,2,0
15725,1,0,0
15725,2,1,0
15725,3,0,0
15725,3,1,0
15725,4,2,0
15725,5,0,0
15725,5,2,0
15725,6,1,0
15725,6,2,0
15725,7,0,0
15725,7,1,0
15725,7,2,0
15726,1,0,0
15726,2,1,0
15726,3,0,0
15726,3,1,0
15726,4,2,0
15726,5,0,0
15726,5,2,0
15726,6,1,0
15726,6,2,0
15726,7,0,0
15726,7,1,0
15726,7,2,0
15727,1,0,0
15727,2,1,0
15727,3,0,0
15727,3,1,0
15727,4,2,0
15727,5,0,0
15727,5,2,0
15727,6,1,0
15727,6,2,0
15727,7,0,0
15727,7,1,0
15727,7,2,0
15728,1,0,0
15728,2,1,0
15728,3,0,0
15728,3,1,0
15728,4,2,0
15728,5,0,0
15728,5,2,0
15728,6,1,0
15728,6,2,0
15728,7,0,0
15728,7,1,0
15728,7,2,0
15729,1,0,0
15729,2,1,0
15729,3,0,0
15729,3,1,0
15729,4,2,0
15729,5,0,0
15729,5,2,0
15729,6,1,0
15729,6,2,0
15729,7,0,0
15729,7,1,0
15729,7,2,0
15730,1,0,0
15730,2,1,0
15730,3,0,0
15730,3,1,0
15730,4,2,0
15730,5,0,0
15730,5,2,0
15730,6,1,0
15730,6,2,0
15730,7,0,0
15730,7,1,0
15730,7,2,0
15731,1,0,0
15731,2,1,0
15731,3,0,0
15731,3,1,0
15731,4,2,0
15731,5,0,0
15731,5,2,0
15731,6,1,0
15731,6,2,0
15731,7,0,0
15731,7,1,0
15731,7,2,0
15732,1,0,0
15732,2,1,0
15732,3,0,0
15732,3,1,0
15732,4,2,0
15732,5,0,0
15732,5,2,0
15732,6,1,0
15732,6,2,0
15732,7,0,0
15732,7,1,0
15732,7,2,0
15733,1,0,0
15733,2,1,0
15733,3,0,0
15733,3,1,0
15733,4,2,0
15733,5,0,0
15733,5,2,0
15733,6,1,0
15733,6,2,0
15733,7,0,0
15733,7,1,0
15733,7,2,0
15734,1,0,0
15734,2,1,0
15734,3,0,0
15734,3,1,0
15734,4,2,0
15734,5,0,0
15734,5,2,0
15734,6,1,0
15734,6,2,0
15734,7,0,0
15734,7,1,0
15734,7,2,0
15735,1,0,0
15735,2,1,0
15735,3,0,0
15735,3,1,0
15735,4,2,0
15735,5,0,0
15735,5,2,0
15735,6,1,0
15735,6,2,0
15735,7,0,0
15735,7,1,0
15735,7,2,0
15736,1,0,0
15736,2,1,0
15736,3,0,0
15736,3,1,0
15736,4,2,0
15736,5,0,0
15736,5,2,0
15736,6,1,0
15736,6,2,0
15736,7,0,0
15736,7,1,0
15736,7,2,0
15737,1,0,0
15737,2,1,0
15737,3,0,0
15737,3,1,0
15737,4,2,0
15737,5,0,0
15737,5,2,0
15737,6,1,0
15737,6,2,0
15737,7,0,0
15737,7,1,0
15737,7,2,0
15738,1,0,0
15738,2,1,0
15738,3,0,0
15738,3,1,0
15738,4,2,0
15738,5,0,0
15738,5,2,0
15738,6,1,0
15738,6,2,0
15738,7,0,0
15738,7,1,0
15738,7,2,0
15739,1,0,0
15739,2,1,0
15739,3,0,0
15739,3,1,0
15739,4,2,0
15739,5,0,0
15739,5,2,0
15739,6,1,0
15739,6,2,0
15739,7,0,0
15739,7,1,0
15739,7,2,0
15740,1,0,0
15740,2,1,0
15740,3,0,0
15740,3,1,0
15740,4,2,0
15740,5,0,0
15740,5,2,0
15740,6,1,0
15740,6,2,0
15740,7,0,0
15740,7,1,0
15740,7,2,0
15741,1,0,1
15741,2,1,0
15741,3,0,1
15741,3,1,0
15741,4,2,0
15741,5,0,1
15741,5,2,0
15741,6,1,0
15741,6,2,0
15741,7,0,1
15741,7,1,0
15741,7,2,0
15742,1,0,1
15742,2,1,0
15742,3,0,1
15742,3,1,0
15742,4,2,0
15742,5,0,1
15742,5,2,0
15742,6,1,0
15742,6,2,0
15742,7,0,1
15742,7,1,0
15742,7,2,0
15743,1,0,0
15743,2,1,0
15743,3,0,0
15743,3,1,0
15743,4,2,0
15743,5,0,0
15743,5,2,0
15743,6,1,0
15743,6,2,0
15743,7,0,0
15743,7,1,0
15743,7,2,0
15744,1,0,0
15744,2,1,0
15744,3,0,0
15744,3,1,0
15744,4,2,0
15744,5,0,0
15744,5,2,0
15744,6,1,0
15744,6,2,0
15744,7,0,0
15744,7,1,0
15744,7,2,0
15745,1,0,0
15745,2,1,0
15745,3,0,0
15745,3,1,0
15745,4,2,0
15745,5,0,0
15745,5,2,0
15745,6,1,0
15745,6,2,0
15745,7,0,0
15745,7,1,0
15745,7,2,0
15746,1,0,0
15746,2,1,0
15746,3,0,0
15746,3,1,0
15746,4,2,0
15746,5,0,0
15746,5,2,0
15746,6,1,0
15746,6,2,0
15746,7,0,0
15746,7,1,0
15746,7,2,0
15747,1,0,0
15747,2,1,0
15747,3,0,0
15747,3,1,0
15747,4,2,0
15747,5,0,0
15747,5,2,0
15747,6,1,0
15747,6,2,0
15747,7,0,0
15747,7,1,0
15747,7,2,0
15748,1,0,0
15748,2,1,0
15748,3,0,0
15748,3,1,0
15748,4,2,0
15748,5,0,0
15748,5,2,0
15748,6,1,0
15748,6,2,0
15748,7,0,0
15748,7,1,0
15748,7,2,0
15749,1,0,0
15749,2,1,0
15749,3,0,0
15749,3,1,0
15749,4,2,0
15749,5,0,0
15749,5,2,0
15749,6,1,0
15749,6,2,0
15749,7,0,0
15749,7,1,0
15749,7,2,0
15750,1,0,0
15750,2,1,0
15750,3,0,0
15750,3,1,0
15750,4,2,0
15750,5,0,0
15750,5,2,0
15750,6,1,0
15750,6,2,0
15750,7,0,0
15750,7,1,0
15750,7,2,0
15751,1,0,0
15751,2,1,0
15751,3,0,0
15751,3,1,0
15751,4,2,0
15751,5,0,0
15751,5,2,0
15751,6,1,0
15751,6,2,0
15751,7,0,0
15751,7,1,0
15751,7,2,0
15752,1,0,0
15752,2,1,0
15752,3,0,0
15752,3,1,0
15752,4,2,0
15752,5,0,0
15752,5,2,0
15752,6,1,0
15752,6,2,0
15752,7,0,0
15752,7,1,0
15752,7,2,0
15753,1,0,0
15753,2,1,0
15753,3,0,0
15753,3,1,0
15753,4,2,0
15753,5,0,0
15753,5,2,0
15753,6,1,0
15753,6,2,0
15753,7,0,0
15753,7,1,0
15753,7,2,0
15754,1,0,0
15754,2,1,0
15754,3,0,0
15754,3,1,0
15754,4,2,0
15754,5,0,0
15754,5,2,0
15754,6,1,0
15754,6,2,0
15754,7,0,0
15754,7,1,0
15754,7,2,0
15755,1,0,0
15755,2,1,0
15755,3,0,0
15755,3,1,0
15755,4,2,0
15755,5,0,0
15755,5,2,0
15755,6,1,0
15755,6,2,0
15755,7,0,0
15755,7,1,0
15755,7,2,0
15756,1,0,0
15756,2,1,0
15756,3,0,0
15756,3,1,0
15756,4,2,0
15756,5,0,0
15756,5,2,0
15756,6,1,0
15756,6,2,0
15756,7,0,0
15756,7,1,0
15756,7,2,0
15757,1,0,0
15757,2,1,0
15757,3,0,0
15757,3,1,0
15757,4,2,0
15757,5,0,0
15757,5,2,0
15757,6,1,0
15757,6,2,0
15757,7,0,0
15757,7,1,0
15757,7,2,0
15758,1,0,0
15758,2,1,0
15758,3,0,0
15758,3,1,0
15758,4,2,0
15758,5,0,0
15758,5,2,0
15758,6,1,0
15758,6,2,0
15758,7,0,0
15758,7,1,0
15758,7,2,0
15759,1,0,0
15759,2,1,0
15759,3,0,0
15759,3,1,0
15759,4,2,0
15759,5,0,0
15759,5,2,0
15759,6,1,0
15759,6,2,0
15759,7,0,0
15759,7,1,0
15759,7,2,0
15760,1,0,0
15760,2,1,0
15760,3,0,0
15760,3,1,0
15760,4,2,0
15760,5,0,0
15760,5,2,0
15760,6,1,0
15760,6,2,0
15760,7,0,0
15760,7,1,0
15760,7,2,0
15761,1,0,0
15761,2,1,0
15761,3,0,0
15761,3,1,0
15761,4,2,0
15761,5,0,0
15761,5,2,0
15761,6,1,0
15761,6,2,0
15761,7,0,0
15761,7,1,0
15761,7,2,0
15762,1,0,0
15762,2,1,0
15762,3,0,0
15762,3,1,0
15762,4,2,0
15762,5,0,0
15762,5,2,0
15762,6,1,0
15762,6,2,0
15762,7,0,0
15762,7,1,0
15762,7,2,0
15763,1,0,0
15763,2,1,0
15763,3,0,0
15763,3,1,0
15763,4,2,0
15763,5,0,0
15763,5,2,0
15763,6,1,0
15763,6,2,0
15763,7,0,0
15763,7,1,0
15763,7,2,0
15764,1,0,0
15764,2,1,0
15764,3,0,0
15764,3,1,0
15764,4,2,0
15764,5,0,0
15764,5,2,0
15764,6,1,0
15764,6,2,0
15764,7,0,0
15764,7,1,0
15764,7,2,0
15765,1,0,0
15765,2,1,0
15765,3,0,0
15765,3,1,0
15765,4,2,0
15765,5,0,0
15765,5,2,0
15765,6,1,0
15765,6,2,0
15765,7,0,0
15765,7,1,0
15765,7,2,0
15766,1,0,0
15766,2,1,0
15766,3,0,0
15766,3,1,0
15766,4,2,0
15766,5,0,0
15766,5,2,0
15766,6,1,0
15766,6,2,0
15766,7,0,0
15766,7,1,0
15766,7,2,0
15767,1,0,0
15767,2,1,0
15767,3,0,0
15767,3,1,0
15767,4,2,0
15767,5,0,0
15767,5,2,0
15767,6,1,0
15767,6,2,0
15767,7,0,0
15767,7,1,0
15767,7,2,0
15768,1,0,1
15768,2,1,0
15768,3,0,1
15768,3,1,0
15768,4,2,0
15768,5,0,1
15768,5,2,0
15768,6,1,0
15768,6,2,0
15768,7,0,1
15768,7,1,0
15768,7,2,0
15769,1,0,1
15769,2,1,0
15769,3,0,1
15769,3,1,0
15769,4,2,0
15769,5,0,1
15769,5,2,0
15769,6,1,0
15769,6,2,0
15769,7,0,1
15769,7,1,0
15769,7,2,0
15770,1,0,0
15770,2,1,0
15770,3,0,0
15770,3,1,0
15770,4,2,0
15770,5,0,0
15770,5,2,0
15770,6,1,0
15770,6,2,0
15770,7,0,0
15770,7,1,0
15770,7,2,0
15771,1,0,0
15771,2,1,0
15771,3,0,0
15771,3,1,0
15771,4,2,0
15771,5,0,0
15771,5,2,0
15771,6,1,0
15771,6,2,0
15771,7,0,0
15771,7,1,0
15771,7,2,0
15772,1,0,0
15772,2,1,0
15772,3,0,0
15772,3,1,0
15772,4,2,0
15772,5,0,0
15772,5,2,0
15772,6,1,0
15772,6,2,0
15772,7,0,0
15772,7,1,0
15772,7,2,0
15773,1,0,0
15773,2,1,0
15773,3,0,0
15773,3,1,0
15773,4,2,0
15773,5,0,0
15773,5,2,0
15773,6,1,0
15773,6,2,0
15773,7,0,0
15773,7,1,0
15773,7,2,0
15774,1,0,0
15774,2,1,0
15774,3,0,0
15774,3,1,0
15774,4,2,0
15774,5,0,0
15774,5,2,0
15774,6,1,0
15774,6,2,0
15774,7,0,0
15774,7,1,0
15774,7,2,0
15775,1,0,0
15775,2,1,0
15775,3,0,0
15775,3,1,0
15775,4,2,0
15775,5,0,0
15775,5,2,0
15775,6,1,0
15775,6,2,0
15775,7,0,0
15775,7,1,0
15775,7,2,0
15776,1,0,0
15776,2,1,0
15776,3,0,0
15776,3,1,0
15776,4,2,0
15776,5,0,0
15776,5,2,0
15776,6,1,0
15776,6,2,0
15776,7,0,0
15776,7,1,0
15776,7,2,0
15777,1,0,0
15777,2,1,0
15777,3,0,0
15777,3,1,0
15777,4,2,0
15777,5,0,0
15777,5,2,0
15777,6,1,0
15777,6,2,0
15777,7,0,0
15777,7,1,0
15777,7,2,0
15778,1,0,0
15778,2,1,0
15778,3,0,0
15778,3,1,0
15778,4,2,0
15778,5,0,0
15778,5,2,0
15778,6,1,0
15778,6,2,0
15778,7,0,0
15778,7,1,0
15778,7,2,0
15779,1,0,0
15779,2,1,0
15779,3,0,0
15779,3,1,0
15779,4,2,0
15779,5,0,0
15779,5,2,0
15779,6,1,0
15779,6,2,0
15779,7,0,0
15779,7,1,0
15779,7,2,0
15780,1,0,0
15780,2,1,0
15780,3,0,0
15780,3,1,0
15780,4,2,0
15780,5,0,0
15780,5,2,0
15780,6,1,0
15780,6,2,0
15780,7,0,0
15780,7,1,0
15780,7,2,0
15781,1,0,0
15781,2,1,0
15781,3,0,0
15781,3,1,0
15781,4,2,0
15781,5,0,0
15781,5,2,0
15781,6,1,0
15781,6,2,0
15781,7,0,0
15781,7,1,0
15781,7,2,0
15782,1,0,0
15782,2,1,0
15782,3,0,0
15782,3,1,0
15782,4,2,0
15782,5,0,0
15782,5,2,0
15782,6,1,0
15782,6,2,0
15782,7,0,0
15782,7,1,0
15782,7,2,0
15783,1,0,0
15783,2,1,0
15783,3,0,0
15783,3,1,0
15783,4,2,0
15783,5,0,0
15783,5,2,0
15783,6,1,0
15783,6,2,0
15783,7,0,0
15783,7,1,0
15783,7,2,0
15784,1,0,0
15784,2,1,0
15784,3,0,0
15784,3,1,0
15784,4,2,0
15784,5,0,0
15784,5,2,0
15784,6,1,0
15784,6,2,0
15784,7,0,0
15784,7,1,0
15784,7,2,0
15785,1,0,0
15785,2,1,0
15785,3,0,0
15785,3,1,0
15785,4,2,0
15785,5,0,0
15785,5,2,0
15785,6,1,0
15785,6,2,0
15785,7,0,0
15785,7,1,0
15785,7,2,0
15786,1,0,0
15786,2,1,0
15786,3,0,0
15786,3,1,0
15786,4,2,0
15786,5,0,0
15786,5,2,0
15786,6,1,0
15786,6,2,0
15786,7,0,0
15786,7,1,0
15786,7,2,0
15787,1,0,0
15787,2,1,0
15787,3,0,0
15787,3,1,0
15787,4,2,0
15787,5,0,0
15787,5,2,0
15787,6,1,0
15787,6,2,0
15787,7,0,0
15787,7,1,0
15787,7,2,0
15788,1,0,0
15788,2,1,0
15788,3,0,0
15788,3,1,0
15788,4,2,0
15788,5,0,0
15788,5,2,0
15788,6,1,0
15788,6,2,0
15788,7,0,0
15788,7,1,0
15788,7,2,0
15789,1,0,0
15789,2,1,0
15789,3,0,0
15789,3,1,0
15789,4,2,0
15789,5,0,0
15789,5,2,0
15789,6,1,0
15789,6,2,0
15789,7,0,0
15789,7,1,0
15789,7,2,0
15790,1,0,0
15790,2,1,0
15790,3,0,0
15790,3,1,0
15790,4,2,0
15790,5,0,0
15790,5,2,0
15790,6,1,0
15790,6,2,0
15790,7,0,0
15790,7,1,0
15790,7,2,0
15791,1,0,0
15791,2,1,0
15791,3,0,0
15791,3,1,0
15791,4,2,0
15791,5,0,0
15791,5,2,0
15791,6,1,0
15791,6,2,0
15791,7,0,0
15791,7,1,0
15791,7,2,0
15792,1,0,0
15792,2,1,0
15792,3,0,0
15792,3,1,0
15792,4,2,0
15792,5,0,0
15792,5,2,0
15792,6,1,0
15792,6,2,0
15792,7,0,0
15792,7,1,0
15792,7,2,0
15793,1,0,0
15793,2,1,0
15793,3,0,0
15793,3,1,0
15793,4,2,0
15793,5,0,0
15793,5,2,0
15793,6,1,0
15793,6,2,0
15793,7,0,0
15793,7,1,0
15793,7,2,0
15794,1,0,0
15794,2,1,0
15794,3,0,0
15794,3,1,0
15794,4,2,0
15794,5,0,0
15794,5,2,0
15794,6,1,0
15794,6,2,0
15794,7,0,0
15794,7,1,0
15794,7,2,0
15795,1,0,1
15795,2,1,0
15795,3,0,1
15795,3,1,0
15795,4,2,0
15795,5,0,1
15795,5,2,0
15795,6,1,0
15795,6,2,0
15795,7,0,1
15795,7,1,0
15795,7,2,0
15796,1,0,1
15796,2,1,0
15796,3,0,1
15796,3,1,0
15796,4,2,0
15796,5,0,1
15796,5,2,0
15796,6,1,0
15796,6,2,0
15796,7,0,1
15796,7,1,0
15796,7,2,0
15797,1,0,0
15797,2,1,0
15797,3,0,0
15797,3,1,0
15797,4,2,0
15797,5,0,0
15797,5,2,0
15797,6,1,0
15797,6,2,0
15797,7,0,0
15797,7,1,0
15797,7,2,0
15798,1,0,0
15798,2,1,0
15798,3,0,0
15798,3,1,0
15798,4,2,0
15798,5,0,0
15798,5,2,0
15798,6,1,0
15798,6,2,0
15798,7,0,0
15798,7,1,0
15798,7,2,0
15799,1,0,0
15799,2,1,0
15799,3,0,0
15799,3,1,0
15799,4,2,0
15799,5,0,0
15799,5,2,0
15799,6,1,0
15799,6,2,0
15799,7,0,0
15799,7,1,0
15799,7,2,0
15800,1,0,0
15800,2,1,0
15800,3,0,0
15800,3,1,0
15800,4,2,0
15800,5,0,0
15800,5,2,0
15800,6,1,0
15800,6,2,0
15800,7,0,0
15800,7,1,0
15800,7,2,0
15801,1,0,0
15801,2,1,0
15801,3,0,0
15801,3,1,0
15801,4,2,0
15801,5,0,0
15801,5,2,0
15801,6,1,0
15801,6,2,0
15801,7,0,0
15801,7,1,0
15801,7,2,0
15802,1,0,0
15802,2,1,0
15802,3,0,0
15802,3,1,0
15802,4,2,0
15802,5,0,0
15802,5,2,0
15802,6,1,0
15802,6,2,0
15802,7,0,0
15802,7,1,0
15802,7,2,0
15803,1,0,0
15803,2,1,0
15803,3,0,0
15803,3,1,0
15803,4,2,0
15803,5,0,0
15803,5,2,0
15803,6,1,0
15803,6,2,0
15803,7,0,0
15803,7,1,0
15803,7,2,0
15804,1,0,0
15804,2,1,0
15804,3,0,0
15804,3,1,0
15804,4,2,0
15804,5,0,0
15804,5,2,0
15804,6,1,0
15804,6,2,0
15804,7,0,0
15804,7,1,0
15804,7,2,0
15805,1,0,0
15805,2,1,0
15805,3,0,0
15805,3,1,0
15805,4,2,0
15805,5,0,0
15805,5,2,0
15805,6,1,0
15805,6,2,0
15805,7,0,0
15805,7,1,0
15805,7,2,0
15806,1,0,0
15806,2,1,0
15806,3,0,0
15806,3,1,0
15806,4,2,0
15806,5,0,0
15806,5,2,0
15806,6,1,0
15806,6,2,0
15806,7,0,0
15806,7,1,0
15806,7,2,0
15807,1,0,0
15807,2,1,0
15807,3,0,0
15807,3,1,0
15807,4,2,0
15807,5,0,0
15807,5,2,0
15807,6,1,0
15807,6,2,0
15807,7,0,0
15807,7,1,0
15807,7,2,0
15808,1,0,0
15808,2,1,0
15808,3,0,0
15808,3,1,0
15808,4,2,0
15808,5,0,0
15808,5,2,0
15808,6,1,0
15808,6,2,0
15808,7,0,0
15808,7,1,0
15808,7,2,0
15809,1,0,0
15809,2,1,0
15809,3,0,0
15809,3,1,0
15809,4,2,0
15809,5,0,0
15809,5,2,0
15809,6,1,0
15809,6,2,0
15809,7,0,0
15809,7,1,0
15809,7,2,0
15810,1,0,0
15810,2,1,0
15810,3,0,0
15810,3,1,0
15810,4,2,0
15810,5,0,0
15810,5,2,0
15810,6,1,0
15810,6,2,0
15810,7,0,0
15810,7,1,0
15810,7,2,0
15811,1,0,0
15811,2,1,0
15811,3,0,0
15811,3,1,0
15811,4,2,0
15811,5,0,0
15811,5,2,0
15811,6,1,0
15811,6,2,0
15811,7,0,0
15811,7,1,0
15811,7,2,0
15812,1,0,0
15812,2,1,0
15812,3,0,0
15812,3,1,0
15812,4,2,0
15812,5,0,0
15812,5,2,0
15812,6,1,0
15812,6,2,0
15812,7,0,0
15812,7,1,0
15812,7,2,0
15813,1,0,0
15813,2,1,0
15813,3,0,0
15813,3,1,0
15813,4,2,0
15813,5,0,0
15813,5,2,0
15813,6,1,0
15813,6,2,0
15813,7,0,0
15813,7,1,0
15813,7,2,0
15814,1,0,0
15814,2,1,0
15814,3,0,0
15814,3,1,0
15814,4,2,0
15814,5,0,0
15814,5,2,0
15814,6,1,0
15814,6,2,0
15814,7,0,0
15814,7,1,0
15814,7,2,0
15815,1,0,0
15815,2,1,0
15815,3,0,0
15815,3,1,0
15815,4,2,0
15815,5,0,0
15815,5,2,0
15815,6,1,0
15815,6,2,0
15815,7,0,0
15815,7,1,0
15815,7,2,0
15816,1,0,0
15816,2,1,0
15816,3,0,0
15816,3,1,0
15816,4,2,0
15816,5,0,0
15816,5,2,0
15816,6,1,0
15816,6,2,0
15816,7,0,0
15816,7,1,0
15816,7,2,0
15817,1,0,0
15817,2,1,0
15817,3,0,0
15817,3,1,0
15817,4,2,0
15817,5,0,0
15817,5,2,0
15817,6,1,0
15817,6,2,0
15817,7,0,0
15817,7,1,0
15817,7,2,0
15818,1,0,0
15818,2,1,0
15818,3,0,0
15818,3,1,0
15818,4,2,0
15818,5,0,0
15818,5,2,0
15818,6,1,0
15818,6,2,0
15818,7,0,0
15818,7,1,0
15818,7,2,0
15819,1,0,0
15819,2,1,0
15819,3,0,0
15819,3,1,0
15819,4,2,0
15819,5,0,0
15819,5,2,0
15819,6,1,0
15819,6,2,0
15819,7,0,0
15819,7,1,0
15819,7,2,0
15820,1,0,0
15820,2,1,0
15820,3,0,0
15820,3,1,0
15820,4,2,0
15820,5,0,0
15820,5,2,0
15820,6,1,0
15820,6,2,0
15820,7,0,0
15820,7,1,0
15820,7,2,0
15821,1,0,0
15821,2,1,0
15821,3,0,0
15821,3,1,0
15821,4,2,0
15821,5,0,0
15821,5,2,0
15821,6,1,0
15821,6,2,0
15821,7,0,0
15821,7,1,0
15821,7,2,0
15822,1,0,1
15822,2,1,0
15822,3,0,1
15822,3,1,0
15822,4,2,0
15822,5,0,1
15822,5,2,0
15822,6,1,0
15822,6,2,0
15822,7,0,1
15822,7,1,0
15822,7,2,0
15823,1,0,1
15823,2,1,0
15823,3,0,1
15823,3,1,0
15823,4,2,0
15823,5,0,1
15823,5,2,0
15823,6,1,0
15823,6,2,0
15823,7,0,1
15823,7,1,0
15823,7,2,0
15824,1,0,0
15824,2,1,0
15824,3,0,0
15824,3,1,0
15824,4,2,0
15824,5,0,0
15824,5,2,0
15824,6,1,0
15824,6,2,0
15824,7,0,0
15824,7,1,0
15824,7,2,0
15825,1,0,0
15825,2,1,0
15825,3,0,0
15825,3,1,0
15825,4,2,0
15825,5,0,0
15825,5,2,0
15825,6,1,0
15825,6,2,0
15825,7,0,0
15825,7,1,0
15825,7,2,0
15826,1,0,0
15826,2,1,0
15826,3,0,0
15826,3,1,0
15826,4,2,0
15826,5,0,0
15826,5,2,0
15826,6,1,0
15826,6,2,0
15826,7,0,0
15826,7,1,0
15826,7,2,0
15827,1,0,0
15827,2,1,0
15827,3,0,0
15827,3,1,0
15827,4,2,0
15827,5,0,0
15827,5,2,0
15827,6,1,0
15827,6,2,0
15827,7,0,0
15827,7,1,0
15827,7,2,0
15828,1,0,0
15828,2,1,0
15828,3,0,0
15828,3,1,0
15828,4,2,0
15828,5,0,0
15828,5,2,0
15828,6,1,0
15828,6,2,0
15828,7,0,0
15828,7,1,0
15828,7,2,0
15829,1,0,0
15829,2,1,0
15829,3,0,0
15829,3,1,0
15829,4,2,0
15829,5,0,0
15829,5,2,0
15829,6,1,0
15829,6,2,0
15829,7,0,0
15829,7,1,0
15829,7,2,0
15830,1,0,0
15830,2,1,0
15830,3,0,0
15830,3,1,0
15830,4,2,0
15830,5,0,0
15830,5,2,0
15830,6,1,0
15830,6,2,0
15830,7,0,0
15830,7,1,0
15830,7,2,0
15831,1,0,0
15831,2,1,0
15831,3,0,0
15831,3,1,0
15831,4,2,0
15831,5,0,0
15831,5,2,0
15831,6,1,0
15831,6,2,0
15831,7,0,0
15831,7,1,0
15831,7,2,0
15832,1,0,0
15832,2,1,0
15832,3,0,0
15832,3,1,0
15832,4,2,0
15832,5,0,0
15832,5,2,0
15832,6,1,0
15832,6,2,0
15832,7,0,0
15832,7,1,0
15832,7,2,0
15833,1,0,0
15833,2,1,0
15833,3,0,0
15833,3,1,0
15833,4,2,0
15833,5,0,0
15833,5,2,0
15833,6,1,0
15833,6,2,0
15833,7,0,0
15833,7,1,0
15833,7,2,0
15834,1,0,0
15834,2,1,0
15834,3,0,0
15834,3,1,0
15834,4,2,0
15834,5,0,0
15834,5,2,0
15834,6,1,0
15834,6,2,0
15834,7,0,0
15834,7,1,0
15834,7,2,0
15835,1,0,0
15835,2,1,0
15835,3,0,0
15835,3,1,0
15835,4,2,0
15835,5,0,0
15835,5,2,0
15835,6,1,0
15835,6,2,0
15835,7,0,0
15835,7,1,0
15835,7,2,0
15836,1,0,0
15836,2,1,0
15836,3,0,0
15836,3,1,0
15836,4,2,0
15836,5,0,0
15836,5,2,0
15836,6,1,0
15836,6,2,0
15836,7,0,0
15836,7,1,0
15836,7,2,0
15837,1,0,0
15837,2,1,0
15837,3,0,0
15837,3,1,0
15837,4,2,0
15837,5,0,0
15837,5,2,0
15837,6,1,0
15837,6,2,0
15837,7,0,0
15837,7,1,0
15837,7,2,0
15838,1,0,0
15838,2,1,0
15838,3,0,0
15838,3,1,0
15838,4,2,0
15838,5,0,0
15838,5,2,0
15838,6,1,0
15838,6,2,0
15838,7,0,0
15838,7,1,0
15838,7,2,0
15839,1,0,0
15839,2,1,0
15839,3,0,0
15839,3,1,0
15839,4,2,0
15839,5,0,0
15839,5,2,0
15839,6,1,0
15839,6,2,0
15839,7,0,0
15839,7,1,0
15839,7,2,0
15840,1,0,0
15840,2,1,0
15840,3,0,0
15840,3,1,0
15840,4,2,0
15840,5,0,0
15840,5,2,0
15840,6,1,0
15840,6,2,0
15840,7,0,0
15840,7,1,0
15840,7,2,0
15841,1,0,0
15841,2,1,0
15841,3,0,0
15841,3,1,0
15841,4,2,0
15841,5,0,0
15841,5,2,0
15841,6,1,0
15841,6,2,0
15841,7,0,0
15841,7,1,0
15841,7,2,0
15842,1,0,0
15842,2,1,0
15842,3,0,0
15842,3,1,0
15842,4,2,0
15842,5,0,0
15842,5,2,0
15842,6,1,0
15842,6,2,0
15842,7,0,0
15842,7,1,0
15842,7,2,0
15843,1,0,0
15843,2,1,0
15843,3,0,0
15843,3,1,0
15843,4,2,0
15843,5,0,0
15843,5,2,0
15843,6,1,0
15843,6,2,0
15843,7,0,0
15843,7,1,0
15843,7,2,0
15844,1,0,0
15844,2,1,0
15844,3,0,0
15844,3,1,0
15844,4,2,0
15844,5,0,0
15844,5,2,0
15844,6,1,0
15844,6,2,0
15844,7,0,0
15844,7,1,0
15844,7,2,0
15845,1,0,0
15845,2,1,0
15845,3,0,0
15845,3,1,0
15845,4,2,0
15845,5,0,0
15845,5,2,0
15845,6,1,0
15845,6,2,0
15845,7,0,0
15845,7,1,0
15845,7,2,0
15846,1,0,0
15846,2,1,0
15846,3,0,0
15846,3,1,0
15846,4,2,0
15846,5,0,0
15846,5,2,0
15846,6,1,0
15846,6,2,0
15846,7,0,0
15846,7,1,0
15846,7,2,0
15847,1,0,0
15847,2,1,0
15847,3,0,0
15847,3,1,0
15847,4,2,0
15847,5,0,0
15847,5,2,0
15847,6,1,0
15847,6,2,0
15847,7,0,0
15847,7,1,0
15847,7,2,0
15848,1,0,0
15848,2,1,0
15848,3,0,0
15848,3,1,0
15848,4,2,0
15848,5,0,0
15848,5,2,0
15848,6,1,0
15848,6,2,0
15848,7,0,0
15848,7,1,0
15848,7,2,0
15849,1,0,1
15849,2,1,0
15849,3,0,1
15849,3,1,0
15849,4,2,0
15849,5,0,1
15849,5,2,0
15849,6,1,0
15849,6,2,0
15849,7,0,1
15849,7,1,0
15849,7,2,0
15850,1,0,1
15850,2,1,0
15850,3,0,1
15850,3,1,0
15850,4,2,0
15850,5,0,1
15850,5,2,0
15850,6,1,0
15850,6,2,0
15850,7,0,1
15850,7,1,0
15850,7,2,0
15851,1,0,0
15851,2,1,0
15851,3,0,0
15851,3,1,0
15851,4,2,0
15851,5,0,0
15851,5,2,0
15851,6,1,0
15851,6,2,0
15851,7,0,0
15851,7,1,0
15851,7,2,0
15852,1,0,0
15852,2,1,0
15852,3,0,0
15852,3,1,0
15852,4,2,0
15852,5,0,0
15852,5,2,0
15852,6,1,0
15852,6,2,0
15852,7,0,0
15852,7,1,0
15852,7,2,0
15853,1,0,0
15853,2,1,0
15853,3,0,0
15853,3,1,0
15853,4,2,0
15853,5,0,0
15853,5,2,0
15853,6,1,0
15853,6,2,0
15853,7,0,0
15853,7,1,0
15853,7,2,0
15854,1,0,0
15854,2,1,0
15854,3,0,0
15854,3,1,0
15854,4,2,0
15854,5,0,0
15854,5,2,0
15854,6,1,0
15854,6,2,0
15854,7,0,0
15854,7,1,0
15854,7,2,0
15855,1,0,0
15855,2,1,0
15855,3,0,0
15855,3,1,0
15855,4,2,0
15855,5,0,0
15855,5,2,0
15855,6,1,0
15855,6,2,0
15855,7,0,0
15855,7,1,0
15855,7,2,0
15856,1,0,0
15856,2,1,0
15856,3,0,0
15856,3,1,0
15856,4,2,0
15856,5,0,0
15856,5,2,0
15856,6,1,0
15856,6,2,0
15856,7,0,0
15856,7,1,0
15856,7,2,0
15857,1,0,0
15857,2,1,0
15857,3,0,0
15857,3,1,0
15857,4,2,0
15857,5,0,0
15857,5,2,0
15857,6,1,0
15857,6,2,0
15857,7,0,0
15857,7,1,0
15857,7,2,0
15858,1,0,0
15858,2,1,0
15858,3,0,0
15858,3,1,0
15858,4,2,0
15858,5,0,0
15858,5,2,0
15858,6,1,0
15858,6,2,0
15858,7,0,0
15858,7,1,0
15858,7,2,0
15859,1,0,0
15859,2,1,0
15859,3,0,0
15859,3,1,0
15859,4,2,0
15859,5,0,0
15859,5,2,0
15859,6,1,0
15859,6,2,0
15859,7,0,0
15859,7,1,0
15859,7,2,0
15860,1,0,0
15860,2,1,0
15860,3,0,0
15860,3,1,0
15860,4,2,0
15860,5,0,0
15860,5,2,0
15860,6,1,0
15860,6,2,0
15860,7,0,0
15860,7,1,0
15860,7,2,0
15861,1,0,0
15861,2,1,0
15861,3,0,0
15861,3,1,0
15861,4,2,0
15861,5,0,0
15861,5,2,0
15861,6,1,0
15861,6,2,0
15861,7,0,0
15861,7,1,0
15861,7,2,0
15862,1,0,0
15862,2,1,0
15862,3,0,0
15862,3,1,0
15862,4,2,0
15862,5,0,0
15862,5,2,0
15862,6,1,0
15862,6,2,0
15862,7,0,0
15862,7,1,0
15862,7,2,0
15863,1,0,0
15863,2,1,0
15863,3,0,0
15863,3,1,0
15863,4,2,0
15863,5,0,0
15863,5,2,0
15863,6,1,0
15863,6,2,0
15863,7,0,0
15863,7,1,0
15863,7,2,0
15864,1,0,0
15864,2,1,0
15864,3,0,0
15864,3,1,0
15864,4,2,0
15864,5,0,0
15864,5,2,0
15864,6,1,0
15864,6,2,0
15864,7,0,0
15864,7,1,0
15864,7,2,0
15865,1,0,0
15865,2,1,0
15865,3,0,0
15865,3,1,0
15865,4,2,0
15865,5,0,0
15865,5,2,0
15865,6,1,0
15865,6,2,0
15865,7,0,0
15865,7,1,0
15865,7,2,0
15866,1,0,0
15866,2,1,0
15866,3,0,0
15866,3,1,0
15866,4,2,0
15866,5,0,0
15866,5,2,0
15866,6,1,0
15866,6,2,0
15866,7,0,0
15866,7,1,0
15866,7,2,0
15867,1,0,0
15867,2,1,0
15867,3,0,0
15867,3,1,0
15867,4,2,0
15867,5,0,0
15867,5,2,0
15867,6,1,0
15867,6,2,0
15867,7,0,0
15867,7,1,0
15867,7,2,0
15868,1,0,0
15868,2,1,0
15868,3,0,0
15868,3,1,0
15868,4,2,0
15868,5,0,0
15868,5,2,0
15868,6,1,0
15868,6,2,0
15868,7,0,0
15868,7,1,0
15868,7,2,0
15869,1,0,0
15869,2,1,0
15869,3,0,0
15869,3,1,0
15869,4,2,0
15869,5,0,0
15869,5,2,0
15869,6,1,0
15869,6,2,0
15869,7,0,0
15869,7,1,0
15869,7,2,0
15870,1,0,0
15870,2,1,0
15870,3,0,0
15870,3,1,0
15870,4,2,0
15870,5,0,0
15870,5,2,0
15870,6,1,0
15870,6,2,0
15870,7,0,0
15870,7,1,0
15870,7,2,0
15871,1,0,0
15871,2,1,0
15871,3,0,0
15871,3,1,0
15871,4,2,0
15871,5,0,0
15871,5,2,0
15871,6,1,0
15871,6,2,0
15871,7,0,0
15871,7,1,0
15871,7,2,0
15872,1,0,0
15872,2,1,0
15872,3,0,0
15872,3,1,0
15872,4,2,0
15872,5,0,0
15872,5,2,0
15872,6,1,0
15872,6,2,0
15872,7,0,0
15872,7,1,0
15872,7,2,0
15873,1,0,0
15873,2,1,0
15873,3,0,0
15873,3,1,0
15873,4,2,0
15873,5,0,0
15873,5,2,0
15873,6,1,0
15873,6,2,0
15873,7,0,0
15873,7,1,0
15873,7,2,0
15874,1,0,0
15874,2,1,0
15874,3,0,0
15874,3,1,0
15874,4,2,0
15874,5,0,0
15874,5,2,0
15874,6,1,0
15874,6,2,0
15874,7,0,0
15874,7,1,0
15874,7,2,0
15875,1,0,0
15875,2,1,0
15875,3,0,0
15875,3,1,0
15875,4,2,0
15875,5,0,0
15875,5,2,0
15875,6,1,0
15875,6,2,0
15875,7,0,0
15875,7,1,0
15875,7,2,0
15876,1,0,1
15876,2,1,0
15876,3,0,1
15876,3,1,0
15876,4,2,0
15876,5,0,1
15876,5,2,0
15876,6,1,0
15876,6,2,0
15876,7,0,1
15876,7,1,0
15876,7,2,0
15877,1,0,1
15877,2,1,0
15877,3,0,1
15877,3,1,0
15877,4,2,0
15877,5,0,1
15877,5,2,0
15877,6,1,0
15877,6,2,0
15877,7,0,1
15877,7,1,0
15877,7,2,0
15878,1,0,0
15878,2,1,0
15878,3,0,0
15878,3,1,0
15878,4,2,0
15878,5,0,0
15878,5,2,0
15878,6,1,0
15878,6,2,0
15878,7,0,0
15878,7,1,0
15878,7,2,0
15879,1,0,0
15879,2,1,0
15879,3,0,0
15879,3,1,0
15879,4,2,0
15879,5,0,0
15879,5,2,0
15879,6,1,0
15879,6,2,0
15879,7,0,0
15879,7,1,0
15879,7,2,0
15880,1,0,0
15880,2,1,0
15880,3,0,0
15880,3,1,0
15880,4,2,0
15880,5,0,0
15880,5,2,0
15880,6,1,0
15880,6,2,0
15880,7,0,0
15880,7,1,0
15880,7,2,0
15881,1,0,0
15881,2,1,0
15881,3,0,0
15881,3,1,0
15881,4,2,0
15881,5,0,0
15881,5,2,0
15881,6,1,0
15881,6,2,0
15881,7,0,0
15881,7,1,0
15881,7,2,0
15882,1,0,0
15882,2,1,0
15882,3,0,0
15882,3,1,0
15882,4,2,0
15882,5,0,0
15882,5,2,0
15882,6,1,0
15882,6,2,0
15882,7,0,0
15882,7,1,0
15882,7,2,0
15883,1,0,0
15883,2,1,0
15883,3,0,0
15883,3,1,0
15883,4,2,0
15883,5,0,0
15883,5,2,0
15883,6,1,0
15883,6,2,0
15883,7,0,0
15883,7,1,0
15883,7,2,0
15884,1,0,0
15884,2,1,0
15884,3,0,0
15884,3,1,0
15884,4,2,0
15884,5,0,0
15884,5,2,0
15884,6,1,0
15884,6,2,0
15884,7,0,0
15884,7,1,0
15884,7,2,0
15885,1,0,0
15885,2,1,0
15885,3,0,0
15885,3,1,0
15885,4,2,0
15885,5,0,0
15885,5,2,0
15885,6,1,0
15885,6,2,0
15885,7,0,0
15885,7,1,0
15885,7,2,0
15886,1,0,0
15886,2,1,0
15886,3,0,0
15886,3,1,0
15886,4,2,0
15886,5,0,0
15886,5,2,0
15886,6,1,0
15886,6,2,0
15886,7,0,0
15886,7,1,0
15886,7,2,0
15887,1,0,0
15887,2,1,0
15887,3,0,0
15887,3,1,0
15887,4,2,0
15887,5,0,0
15887,5,2,0
15887,6,1,0
15887,6,2,0
15887,7,0,0
15887,7,1,0
15887,7,2,0
15888,1,0,0
15888,2,1,0
15888,3,0,0
15888,3,1,0
15888,4,2,0
15888,5,0,0
15888,5,2,0
15888,6,1,0
15888,6,2,0
15888,7,0,0
15888,7,1,0
15888,7,2,0
15889,1,0,0
15889,2,1,0
15889,3,0,0
15889,3,1,0
15889,4,2,0
15889,5,0,0
15889,5,2,0
15889,6,1,0
15889,6,2,0
15889,7,0,0
15889,7,1,0
15889,7,2,0
15890,1,0,0
15890,2,1,0
15890,3,0,0
15890,3,1,0
15890,4,2,0
15890,5,0,0
15890,5,2,0
15890,6,1,0
15890,6,2,0
15890,7,0,0
15890,7,1,0
15890,7,2,0
15891,1,0,0
15891,2,1,0
15891,3,0,0
15891,3,1,0
15891,4,2,0
15891,5,0,0
15891,5,2,0
15891,6,1,0
15891,6,2,0
15891,7,0,0
15891,7,1,0
15891,7,2,0
15892,1,0,0
15892,2,1,0
15892,3,0,0
15892,3,1,0
15892,4,2,0
15892,5,0,0
15892,5,2,0
15892,6,1,0
15892,6,2,0
15892,7,0,0
15892,7,1,0
15892,7,2,0
15893,1,0,0
15893,2,1,0
15893,3,0,0
15893,3,1,0
15893,4,2,0
15893,5,0,0
15893,5,2,0
15893,6,1,0
15893,6,2,0
15893,7,0,0
15893,7,1,0
15893,7,2,0
15894,1,0,0
15894,2,1,0
15894,3,0,0
15894,3,1,0
15894,4,2,0
15894,5,0,0
15894,5,2,0
15894,6,1,0
15894,6,2,0
15894,7,0,0
15894,7,1,0
15894,7,2,0
15895,1,0,0
15895,2,1,0
15895,3,0,0
15895,3,1,0
15895,4,2,0
15895,5,0,0
15895,5,2,0
15895,6,1,0
15895,6,2,0
15895,7,0,0
15895,7,1,0
15895,7,2,0
15896,1,0,0
15896,2,1,0
15896,3,0,0
15896,3,1,0
15896,4,2,0
15896,5,0,0
15896,5,2,0
15896,6,1,0
15896,6,2,0
15896,7,0,0
15896,7,1,0
15896,7,2,0
15897,1,0,0
15897,2,1,0
15897,3,0,0
15897,3,1,0
15897,4,2,0
15897,5,0,0
15897,5,2,0
15897,6,1,0
15897,6,2,0
15897,7,0,0
15897,7,1,0
15897,7,2,0
15898,1,0,0
15898,2,1,0
15898,3,0,0
15898,3,1,0
15898,4,2,0
15898,5,0,0
15898,5,2,0
15898,6,1,0
15898,6,2,0
15898,7,0,0
15898,7,1,0
15898,7,2,0
15899,1,0,0
15899,2,1,0
15899,3,0,0
15899,3,1,0
15899,4,2,0
15899,5,0,0
15899,5,2,0
15899,6,1,0
15899,6,2,0
15899,7,0,0
15899,7,1,0
15899,7,2,0
15900,1,0,0
15900,2,1,0
15900,3,0,0
15900,3,1,0
15900,4,2,0
15900,5,0,0
15900,5,2,0
15900,6,1,0
15900,6,2,0
15900,7,0,0
15900,7,1,0
15900,7,2,0
15901,1,0,0
15901,2,1,0
15901,3,0,0
15901,3,1,0
15901,4,2,0
15901,5,0,0
15901,5,2,0
15901,6,1,0
15901,6,2,0
15901,7,0,0
15901,7,1,0
15901,7,2,0
15902,1,0,0
15902,2,1,0
15902,3,0,0
15902,3,1,0
15902,4,2,0
15902,5,0,0
15902,5,2,0
15902,6,1,0
15902,6,2,0
15902,7,0,0
15902,7,1,0
15902,7,2,0
15903,1,0,1
15903,2,1,0
15903,3,0,1
15903,3,1,0
15903,4,2,0
15903,5,0,1
15903,5,2,0
15903,6,1,0
15903,6,2,0
15903,7,0,1
15903,7,1,0
15903,7,2,0
15904,1,0,1
15904,2,1,0
15904,3,0,1
15904,3,1,0
15904,4,2,0
15904,5,0,1
15904,5,2,0
15904,6,1,0
15904,6,2,0
15904,7,0,1
15904,7,1,0
15904,7,2,0
15905,1,0,0
15905,2,1,0
15905,3,0,0
15905,3,1,0
15905,4,2,0
15905,5,0,0
15905,5,2,0
15905,6,1,0
15905,6,2,0
15905,7,0,0
15905,7,1,0
15905,7,2,0
15906,1,0,0
15906,2,1,0
15906,3,0,0
15906,3,1,0
15906,4,2,0
15906,5,0,0
15906,5,2,0
15906,6,1,0
15906,6,2,0
15906,7,0,0
15906,7,1,0
15906,7,2,0
15907,1,0,0
15907,2,1,0
15907,3,0,0
15907,3,1,0
15907,4,2,0
15907,5,0,0
15907,5,2,0
15907,6,1,0
15907,6,2,0
15907,7,0,0
15907,7,1,0
15907,7,2,0
15908,1,0,0
15908,2,1,0
15908,3,0,0
15908,3,1,0
15908,4,2,0
15908,5,0,0
15908,5,2,0
15908,6,1,0
15908,6,2,0
15908,7,0,0
15908,7,1,0
15908,7,2,0
15909,1,0,0
15909,2,1,0
15909,3,0,0
15909,3,1,0
15909,4,2,0
15909,5,0,0
15909,5,2,0
15909,6,1,0
15909,6,2,0
15909,7,0,0
15909,7,1,0
15909,7,2,0
15910,1,0,0
15910,2,1,0
15910,3,0,0
15910,3,1,0
15910,4,2,0
15910,5,0,0
15910,5,2,0
15910,6,1,0
15910,6,2,0
15910,7,0,0
15910,7,1,0
15910,7,2,0
15911,1,0,0
15911,2,1,0
15911,3,0,0
15911,3,1,0
15911,4,2,0
15911,5,0,0
15911,5,2,0
15911,6,1,0
15911,6,2,0
15911,7,0,0
15911,7,1,0
15911,7,2,0
15912,1,0,0
15912,2,1,0
15912,3,0,0
15912,3,1,0
15912,4,2,0
15912,5,0,0
15912,5,2,0
15912,6,1,0
15912,6,2,0
15912,7,0,0
15912,7,1,0
15912,7,2,0
15913,1,0,0
15913,2,1,0
15913,3,0,0
15913,3,1,0
15913,4,2,0
15913,5,0,0
15913,5,2,0
15913,6,1,0
15913,6,2,0
15913,7,0,0
15913,7,1,0
15913,7,2,0
15914,1,0,0
15914,2,1,0
15914,3,0,0
15914,3,1,0
15914,4,2,0
15914,5,0,0
15914,5,2,0
15914,6,1,0
15914,6,2,0
15914,7,0,0
15914,7,1,0
15914,7,2,0
15915,1,0,0
15915,2,1,0
15915,3,0,0
15915,3,1,0
15915,4,2,0
15915,5,0,0
15915,5,2,0
15915,6,1,0
15915,6,2,0
15915,7,0,0
15915,7,1,0
15915,7,2,0
15916,1,0,0
15916,2,1,0
15916,3,0,0
15916,3,1,0
15916,4,2,0
15916,5,0,0
15916,5,2,0
15916,6,1,0
15916,6,2,0
15916,7,0,0
15916,7,1,0
15916,7,2,0
15917,1,0,0
15917,2,1,0
15917,3,0,0
15917,3,1,0
15917,4,2,0
15917,5,0,0
15917,5,2,0
15917,6,1,0
15917,6,2,0
15917,7,0,0
15917,7,1,0
15917,7,2,0
15918,1,0,0
15918,2,1,0
15918,3,0,0
15918,3,1,0
15918,4,2,0
15918,5,0,0
15918,5,2,0
15918,6,1,0
15918,6,2,0
15918,7,0,0
15918,7,1,0
15918,7,2,0
15919,1,0,0
15919,2,1,0
15919,3,0,0
15919,3,1,0
15919,4,2,0
15919,5,0,0
15919,5,2,0
15919,6,1,0
15919,6,2,0
15919,7,0,0
15919,7,1,0
15919,7,2,0
15920,1,0,0
15920,2,1,0
15920,3,0,0
15920,3,1,0
15920,4,2,0
15920,5,0,0
15920,5,2,0
15920,6,1,0
15920,6,2,0
15920,7,0,0
15920,7,1,0
15920,7,2,0
15921,1,0,0
15921,2,1,0
15921,3,0,0
15921,3,1,0
15921,4,2,0
15921,5,0,0
15921,5,2,0
15921,6,1,0
15921,6,2,0
15921,7,0,0
15921,7,1,0
15921,7,2,0
15922,1,0,0
15922,2,1,0
15922,3,0,0
15922,3,1,0
15922,4,2,0
15922,5,0,0
15922,5,2,0
15922,6,1,0
15922,6,2,0
15922,7,0,0
15922,7,1,0
15922,7,2,0
15923,1,0,0
15923,2,1,0
15923,3,0,0
15923,3,1,0
15923,4,2,0
15923,5,0,0
15923,5,2,0
15923,6,1,0
15923,6,2,0
15923,7,0,0
15923,7,1,0
15923,7,2,0
15924,1,0,0
15924,2,1,0
15924,3,0,0
15924,3,1,0
15924,4,2,0
15924,5,0,0
15924,5,2,0
15924,6,1,0
15924,6,2,0
15924,7,0,0
15924,7,1,0
15924,7,2,0
15925,1,0,0
15925,2,1,0
15925,3,0,0
15925,3,1,0
15925,4,2,0
15925,5,0,0
15925,5,2,0
15925,6,1,0
15925,6,2,0
15925,7,0,0
15925,7,1,0
15925,7,2,0
15926,1,0,0
15926,2,1,0
15926,3,0,0
15926,3,1,0
15926,4,2,0
15926,5,0,0
15926,5,2,0
15926,6,1,0
15926,6,2,0
15926,7,0,0
15926,7,1,0
15926,7,2,0
15927,1,0,0
15927,2,1,0
15927,3,0,0
15927,3,1,0
15927,4,2,0
15927,5,0,0
15927,5,2,0
15927,6,1,0
15927,6,2,0
15927,7,0,0
15927,7,1,0
15927,7,2,0
15928,1,0,0
15928,2,1,0
15928,3,0,0
15928,3,1,0
15928,4,2,0
15928,5,0,0
15928,5,2,0
15928,6,1,0
15928,6,2,0
15928,7,0,0
15928,7,1,0
15928,7,2,0
15929,1,0,0
15929,2,1,0
15929,3,0,0
15929,3,1,0
15929,4,2,0
15929,5,0,0
15929,5,2,0
15929,6,1,0
15929,6,2,0
15929,7,0,0
15929,7,1,0
15929,7,2,0
15930,1,0,1
15930,2,1,0
15930,3,0,1
15930,3,1,0
15930,4,2,0
15930,5,0,1
15930,5,2,0
15930,6,1,0
15930,6,2,0
15930,7,0,1
15930,7,1,0
15930,7,2,0
15931,1,0,1
15931,2,1,0
15931,3,0,1
15931,3,1,0
15931,4,2,0
15931,5,0,1
15931,5,2,0
15931,6,1,0
15931,6,2,0
15931,7,0,1
15931,7,1,0
15931,7,2,0
15932,1,0,0
15932,2,1,0
15932,3,0,0
15932,3,1,0
15932,4,2,0
15932,5,0,0
15932,5,2,0
15932,6,1,0
15932,6,2,0
15932,7,0,0
15932,7,1,0
15932,7,2,0
15933,1,0,0
15933,2,1,0
15933,3,0,0
15933,3,1,0
15933,4,2,0
15933,5,0,0
15933,5,2,0
15933,6,1,0
15933,6,2,0
15933,7,0,0
15933,7,1,0
15933,7,2,0
15934,1,0,0
15934,2,1,0
15934,3,0,0
15934,3,1,0
15934,4,2,0
15934,5,0,0
15934,5,2,0
15934,6,1,0
15934,6,2,0
15934,7,0,0
15934,7,1,0
15934,7,2,0
15935,1,0,0
15935,2,1,0
15935,3,0,0
15935,3,1,0
15935,4,2,0
15935,5,0,0
15935,5,2,0
15935,6,1,0
15935,6,2,0
15935,7,0,0
15935,7,1,0
15935,7,2,0
15936,1,0,0
15936,2,1,0
15936,3,0,0
15936,3,1,0
15936,4,2,0
15936,5,0,0
15936,5,2,0
15936,6,1,0
15936,6,2,0
15936,7,0,0
15936,7,1,0
15936,7,2,0
15937,1,0,0
15937,2,1,0
15937,3,0,0
15937,3,1,0
15937,4,2,0
15937,5,0,0
15937,5,2,0
15937,6,1,0
15937,6,2,0
15937,7,0,0
15937,7,1,0
15937,7,2,0
15938,1,0,0
15938,2,1,0
15938,3,0,0
15938,3,1,0
15938,4,2,0
15938,5,0,0
15938,5,2,0
15938,6,1,0
15938,6,2,0
15938,7,0,0
15938,7,1,0
15938,7,2,0
15939,1,0,0
15939,2,1,0
15939,3,0,0
15939,3,1,0
15939,4,2,0
15939,5,0,0
15939,5,2,0
15939,6,1,0
15939,6,2,0
15939,7,0,0
15939,7,1,0
15939,7,2,0
15940,1,0,0
15940,2,1,0
15940,3,0,0
15940,3,1,0
15940,4,2,0
15940,5,0,0
15940,5,2,0
15940,6,1,0
15940,6,2,0
15940,7,0,0
15940,7,1,0
15940,7,2,0
15941,1,0,0
15941,2,1,0
15941,3,0,0
15941,3,1,0
15941,4,2,0
15941,5,0,0
15941,5,2,0
15941,6,1,0
15941,6,2,0
15941,7,0,0
15941,7,1,0
15941,7,2,0
15942,1,0,0
15942,2,1,0
15942,3,0,0
15942,3,1,0
15942,4,2,0
15942,5,0,0
15942,5,2,0
15942,6,1,0
15942,6,2,0
15942,7,0,0
15942,7,1,0
15942,7,2,0
15943,1,0,0
15943,2,1,0
15943,3,0,0
15943,3,1,0
15943,4,2,0
15943,5,0,0
15943,5,2,0
15943,6,1,0
15943,6,2,0
15943,7,0,0
15943,7,1,0
15943,7,2,0
15944,1,0,0
15944,2,1,0
15944,3,0,0
15944,3,1,0
15944,4,2,0
15944,5,0,0
15944,5,2,0
15944,6,1,0
15944,6,2,0
15944,7,0,0
15944,7,1,0
15944,7,2,0
15945,1,0,0
15945,2,1,0
15945,3,0,0
15945,3,1,0
15945,4,2,0
15945,5,0,0
15945,5,2,0
15945,6,1,0
15945,6,2,0
15945,7,0,0
15945,7,1,0
15945,7,2,0
15946,1,0,0
15946,2,1,0
15946,3,0,0
15946,3,1,0
15946,4,2,0
15946,5,0,0
15946,5,2,0
15946,6,1,0
15946,6,2,0
15946,7,0,0
15946,7,1,0
15946,7,2,0
15947,1,0,0
15947,2,1,0
15947,3,0,0
15947,3,1,0
15947,4,2,0
15947,5,0,0
15947,5,2,0
15947,6,1,0
15947,6,2,0
15947,7,0,0
15947,7,1,0
15947,7,2,0
15948,1,0,0
15948,2,1,0
15948,3,0,0
15948,3,1,0
15948,4,2,0
15948,5,0,0
15948,5,2,0
15948,6,1,0
15948,6,2,0
15948,7,0,0
15948,7,1,0
15948,7,2,0
15949,1,0,0
15949,2,1,0
15949,3,0,0
15949,3,1,0
15949,4,2,0
15949,5,0,0
15949,5,2,0
15949,6,1,0
15949,6,2,0
15949,7,0,0
15949,7,1,0
15949,7,2,0
15950,1,0,0
15950,2,1,0
15950,3,0,0
15950,3,1,0
15950,4,2,0
15950,5,0,0
15950,5,2,0
15950,6,1,0
15950,6,2,0
15950,7,0,0
15950,7,1,0
15950,7,2,0
15951,1,0,0
15951,2,1,0
15951,3,0,0
15951,3,1,0
15951,4,2,0
15951,5,0,0
15951,5,2,0
15951,6,1,0
15951,6,2,0
15951,7,0,0
15951,7,1,0
15951,7,2,0
15952,1,0,0
15952,2,1,0
15952,3,0,0
15952,3,1,0
15952,4,2,0
15952,5,0,0
15952,5,2,0
15952,6,1,0
15952,6,2,0
15952,7,0,0
15952,7,1,0
15952,7,2,0
15953,1,0,0
15953,2,1,0
15953,3,0,0
15953,3,1,0
15953,4,2,0
15953,5,0,0
15953,5,2,0
15953,6,1,0
15953,6,2,0
15953,7,0,0
15953,7,1,0
15953,7,2,0
15954,1,0,0
15954,2,1,0
15954,3,0,0
15954,3,1,0
15954,4,2,0
15954,5,0,0
15954,5,2,0
15954,6,1,0
15954,6,2,0
15954,7,0,0
15954,7,1,0
15954,7,2,0
15955,1,0,0
15955,2,1,0
15955,3,0,0
15955,3,1,0
15955,4,2,0
15955,5,0,0
15955,5,2,0
15955,6,1,0
15955,6,2,0
15955,7,0,0
15955,7,1,0
15955,7,2,0
15956,1,0,0
15956,2,1,0
15956,3,0,0
15956,3,1,0
15956,4,2,0
15956,5,0,0
15956,5,2,0
15956,6,1,0
15956,6,2,0
15956,7,0,0
15956,7,1,0
15956,7,2,0
15957,1,0,1
15957,2,1,0
15957,3,0,1
15957,3,1,0
15957,4,2,0
15957,5,0,1
15957,5,2,0
15957,6,1,0
15957,6,2,0
15957,7,0,1
15957,7,1,0
15957,7,2,0
15958,1,0,1
15958,2,1,0
15958,3,0,1
15958,3,1,0
15958,4,2,0
15958,5,0,1
15958,5,2,0
15958,6,1,0
15958,6,2,0
15958,7,0,1
15958,7,1,0
15958,7,2,0
15959,1,0,0
15959,2,1,0
15959,3,0,0
15959,3,1,0
15959,4,2,0
15959,5,0,0
15959,5,2,0
15959,6,1,0
15959,6,2,0
15959,7,0,0
15959,7,1,0
15959,7,2,0
15960,1,0,0
15960,2,1,0
15960,3,0,0
15960,3,1,0
15960,4,2,0
15960,5,0,0
15960,5,2,0
15960,6,1,0
15960,6,2,0
15960,7,0,0
15960,7,1,0
15960,7,2,0
15961,1,0,0
15961,2,1,0
15961,3,0,0
15961,3,1,0
15961,4,2,0
15961,5,0,0
15961,5,2,0
15961,6,1,0
15961,6,2,0
15961,7,0,0
15961,7,1,0
15961,7,2,0
15962,1,0,0
15962,2,1,0
15962,3,0,0
15962,3,1,0
15962,4,2,0
15962,5,0,0
15962,5,2,0
15962,6,1,0
15962,6,2,0
15962,7,0,0
15962,7,1,0
15962,7,2,0
15963,1,0,0
15963,2,1,0
15963,3,0,0
15963,3,1,0
15963,4,2,0
15963,5,0,0
15963,5,2,0
15963,6,1,0
15963,6,2,0
15963,7,0,0
15963,7,1,0
15963,7,2,0
15964,1,0,0
15964,2,1,0
15964,3,0,0
15964,3,1,0
15964,4,2,0
15964,5,0,0
15964,5,2,0
15964,6,1,0
15964,6,2,0
15964,7,0,0
15964,7,1,0
15964,7,2,0
15965,1,0,0
15965,2,1,0
15965,3,0,0
15965,3,1,0
15965,4,2,0
15965,5,0,0
15965,5,2,0
15965,6,1,0
15965,6,2,0
15965,7,0,0
15965,7,1,0
15965,7,2,0
15966,1,0,0
15966,2,1,0
15966,3,0,0
15966,3,1,0
15966,4,2,0
15966,5,0,0
15966,5,2,0
15966,6,1,0
15966,6,2,0
15966,7,0,0
15966,7,1,0
15966,7,2,0
15967,1,0,0
15967,2,1,0
15967,3,0,0
15967,3,1,0
15967,4,2,0
15967,5,0,0
15967,5,2,0
15967,6,1,0
15967,6,2,0
15967,7,0,0
15967,7,1,0
15967,7,2,0
15968,1,0,0
15968,2,1,0
15968,3,0,0
15968,3,1,0
15968,4,2,0
15968,5,0,0
15968,5,2,0
15968,6,1,0
15968,6,2,0
15968,7,0,0
15968,7,1,0
15968,7,2,0
15969,1,0,0
15969,2,1,0
15969,3,0,0
15969,3,1,0
15969,4,2,0
15969,5,0,0
15969,5,2,0
15969,6,1,0
15969,6,2,0
15969,7,0,0
15969,7,1,0
15969,7,2,0
15970,1,0,0
15970,2,1,0
15970,3,0,0
15970,3,1,0
15970,4,2,0
15970,5,0,0
15970,5,2,0
15970,6,1,0
15970,6,2,0
15970,7,0,0
15970,7,1,0
15970,7,2,0
15971,1,0,0
15971,2,1,0
15971,3,0,0
15971,3,1,0
15971,4,2,0
15971,5,0,0
15971,5,2,0
15971,6,1,0
15971,6,2,0
15971,7,0,0
15971,7,1,0
15971,7,2,0
15972,1,0,0
15972,2,1,0
15972,3,0,0
15972,3,1,0
15972,4,2,0
15972,5,0,0
15972,5,2,0
15972,6,1,0
15972,6,2,0
15972,7,0,0
15972,7,1,0
15972,7,2,0
15973,1,0,0
15973,2,1,0
15973,3,0,0
15973,3,1,0
15973,4,2,0
15973,5,0,0
15973,5,2,0
15973,6,1,0
15973,6,2,0
15973,7,0,0
15973,7,1,0
15973,7,2,0
15974,1,0,0
15974,2,1,0
15974,3,0,0
15974,3,1,0
15974,4,2,0
15974,5,0,0
15974,5,2,0
15974,6,1,0
15974,6,2,0
15974,7,0,0
15974,7,1,0
15974,7,2,0
15975,1,0,0
15975,2,1,0
15975,3,0,0
15975,3,1,0
15975,4,2,0
15975,5,0,0
15975,5,2,0
15975,6,1,0
15975,6,2,0
15975,7,0,0
15975,7,1,0
15975,7,2,0
15976,1,0,0
15976,2,1,0
15976,3,0,0
15976,3,1,0
15976,4,2,0
15976,5,0,0
15976,5,2,0
15976,6,1,0
15976,6,2,0
15976,7,0,0
15976,7,1,0
15976,7,2,0
15977,1,0,0
15977,2,1,0
15977,3,0,0
15977,3,1,0
15977,4,2,0
15977,5,0,0
15977,5,2,0
15977,6,1,0
15977,6,2,0
15977,7,0,0
15977,7,1,0
15977,7,2,0
15978,1,0,0
15978,2,1,0
15978,3,0,0
15978,3,1,0
15978,4,2,0
15978,5,0,0
15978,5,2,0
15978,6,1,0
15978,6,2,0
15978,7,0,0
15978,7,1,0
15978,7,2,0
15979,1,0,0
15979,2,1,0
15979,3,0,0
15979,3,1,0
15979,4,2,0
15979,5,0,0
15979,5,2,0
15979,6,1,0
15979,6,2,0
15979,7,0,0
15979,7,1,0
15979,7,2,0
15980,1,0,0
15980,2,1,0
15980,3,0,0
15980,3,1,0
15980,4,2,0
15980,5,0,0
15980,5,2,0
15980,6,1,0
15980,6,2,0
15980,7,0,0
15980,7,1,0
15980,7,2,0
15981,1,0,0
15981,2,1,0
15981,3,0,0
15981,3,1,0
15981,4,2,0
15981,5,0,0
15981,5,2,0
15981,6,1,0
15981,6,2,0
15981,7,0,0
15981,7,1,0
15981,7,2,0
15982,1,0,0
15982,2,1,0
15982,3,0,0
15982,3,1,0
15982,4,2,0
15982,5,0,0
15982,5,2,0
15982,6,1,0
15982,6,2,0
15982,7,0,0
15982,7,1,0
15982,7,2,0
15983,1,0,0
15983,2,1,0
15983,3,0,0
15983,3,1,0
15983,4,2,0
15983,5,0,0
15983,5,2,0
15983,6,1,0
15983,6,2,0
15983,7,0,0
15983,7,1,0
15983,7,2,0
15984,1,0,1
15984,2,1,0
15984,3,0,1
15984,3,1,0
15984,4,2,0
15984,5,0,1
15984,5,2,0
15984,6,1,0
15984,6,2,0
15984,7,0,1
15984,7,1,0
15984,7,2,0
15985,1,0,1
15985,2,1,0
15985,3,0,1
15985,3,1,0
15985,4,2,0
15985,5,0,1
15985,5,2,0
15985,6,1,0
15985,6,2,0
15985,7,0,1
15985,7,1,0
15985,7,2,0
15986,1,0,0
15986,2,1,0
15986,3,0,0
15986,3,1,0
15986,4,2,0
15986,5,0,0
15986,5,2,0
15986,6,1,0
15986,6,2,0
15986,7,0,0
15986,7,1,0
15986,7,2,0
15987,1,0,0
15987,2,1,0
15987,3,0,0
15987,3,1,0
15987,4,2,0
15987,5,0,0
15987,5,2,0
15987,6,1,0
15987,6,2,0
15987,7,0,0
15987,7,1,0
15987,7,2,0
15988,1,0,0
15988,2,1,0
15988,3,0,0
15988,3,1,0
15988,4,2,0
15988,5,0,0
15988,5,2,0
15988,6,1,0
15988,6,2,0
15988,7,0,0
15988,7,1,0
15988,7,2,0
15989,1,0,0
15989,2,1,0
15989,3,0,0
15989,3,1,0
15989,4,2,0
15989,5,0,0
15989,5,2,0
15989,6,1,0
15989,6,2,0
15989,7,0,0
15989,7,1,0
15989,7,2,0
15990,1,0,0
15990,2,1,0
15990,3,0,0
15990,3,1,0
15990,4,2,0
15990,5,0,0
15990,5,2,0
15990,6,1,0
15990,6,2,0
15990,7,0,0
15990,7,1,0
15990,7,2,0
15991,1,0,0
15991,2,1,0
15991,3,0,0
15991,3,1,0
15991,4,2,0
15991,5,0,0
15991,5,2,0
15991,6,1,0
15991,6,2,0
15991,7,0,0
15991,7,1,0
15991,7,2,0
15992,1,0,0
15992,2,1,0
15992,3,0,0
15992,3,1,0
15992,4,2,0
15992,5,0,0
15992,5,2,0
15992,6,1,0
15992,6,2,0
15992,7,0,0
15992,7,1,0
15992,7,2,0
15993,1,0,0
15993,2,1,0
15993,3,0,0
15993,3,1,0
15993,4,2,0
15993,5,0,0
15993,5,2,0
15993,6,1,0
15993,6,2,0
15993,7,0,0
15993,7,1,0
15993,7,2,0
15994,1,0,0
15994,2,1,0
15994,3,0,0
15994,3,1,0
15994,4,2,0
15994,5,0,0
15994,5,2,0
15994,6,1,0
15994,6,2,0
15994,7,0,0
15994,7,1,0
15994,7,2,0
15995,1,0,0
15995,2,1,0
15995,3,0,0
15995,3,1,0
15995,4,2,0
15995,5,0,0
15995,5,2,0
15995,6,1,0
15995,6,2,0
15995,7,0,0
15995,7,1,0
15995,7,2,0
15996,1,0,0
15996,2,1,0
15996,3,0,0
15996,3,1,0
15996,4,2,0
15996,5,0,0
15996,5,2,0
15996,6,1,0
15996,6,2,0
15996,7,0,0
15996,7,1,0
15996,7,2,0
15997,1,0,0
15997,2,1,0
15997,3,0,0
15997,3,1,0
15997,4,2,0
15997,5,0,0
15997,5,2,0
15997,6,1,0
15997,6,2,0
15997,7,0,0
15997,7,1,0
15997,7,2,0
15998,1,0,0
15998,2,1,0
15998,3,0,0
15998,3,1,0
15998,4,2,0
15998,5,0,0
15998,5,2,0
15998,6,1,0
15998,6,2,0
15998,7,0,0
15998,7,1,0
15998,7,2,0
15999,1,0,0
15999,2,1,0
15999,3,0,0
15999,3,1,0
15999,4,2,0
15999,5,0,0
15999,5,2,0
15999,6,1,0
15999,6,2,0
15999,7,0,0
15999,7,1,0
15999,7,2,0
