edge_encoding,port_bits,initial,live
2000,1,0,0
2000,2,1,0
2000,3,0,0
2000,3,1,0
2000,4,2,0
2000,5,0,0
2000,5,2,0
2000,6,1,0
2000,6,2,0
2000,7,0,0
2000,7,1,0
2000,7,2,0
2001,1,0,0
2001,2,1,0
2001,3,0,0
2001,3,1,0
2001,4,2,0
2001,5,0,0
2001,5,2,0
2001,6,1,0
2001,6,2,0
2001,7,0,0
2001,7,1,0
2001,7,2,0
2002,1,0,0
2002,2,1,0
2002,3,0,0
2002,3,1,0
2002,4,2,0
2002,5,0,0
2002,5,2,0
2002,6,1,0
2002,6,2,0
2002,7,0,0
2002,7,1,0
2002,7,2,0
2003,1,0,0
2003,2,1,0
2003,3,0,0
2003,3,1,0
2003,4,2,0
2003,5,0,0
2003,5,2,0
2003,6,1,0
2003,6,2,0
2003,7,0,0
2003,7,1,0
2003,7,2,0
2004,1,0,0
2004,2,1,0
2004,3,0,0
2004,3,1,0
2004,4,2,0
2004,5,0,0
2004,5,2,0
2004,6,1,0
2004,6,2,0
2004,7,0,0
2004,7,1,0
2004,7,2,0
2005,1,0,0
2005,2,1,0
2005,3,0,0
2005,3,1,0
2005,4,2,0
2005,5,0,0
2005,5,2,0
2005,6,1,0
2005,6,2,0
2005,7,0,0
2005,7,1,0
2005,7,2,0
2006,1,0,0
2006,2,1,0
2006,3,0,0
2006,3,1,0
2006,4,2,0
2006,5,0,0
2006,5,2,0
2006,6,1,0
2006,6,2,0
2006,7,0,0
2006,7,1,0
2006,7,2,0
2007,1,0,0
2007,2,1,0
2007,3,0,0
2007,3,1,0
2007,4,2,0
2007,5,0,0
2007,5,2,0
2007,6,1,0
2007,6,2,0
2007,7,0,0
2007,7,1,0
2007,7,2,0
2008,1,0,0
2008,2,1,0
2008,3,0,0
2008,3,1,0
2008,4,2,0
2008,5,0,0
2008,5,2,0
2008,6,1,0
2008,6,2,0
2008,7,0,0
2008,7,1,0
2008,7,2,0
2009,1,0,0
2009,2,1,0
2009,3,0,0
2009,3,1,0
2009,4,2,0
2009,5,0,0
2009,5,2,0
2009,6,1,0
2009,6,2,0
2009,7,0,0
2009,7,1,0
2009,7,2,0
2010,1,0,0
2010,2,1,0
2010,3,0,0
2010,3,1,0
2010,4,2,0
2010,5,0,0
2010,5,2,0
2010,6,1,0
2010,6,2,0
2010,7,0,0
2010,7,1,0
2010,7,2,0
2011,1,0,0
2011,2,1,0
2011,3,0,0
2011,3,1,0
2011,4,2,0
2011,5,0,0
2011,5,2,0
2011,6,1,0
2011,6,2,0
2011,7,0,0
2011,7,1,0
2011,7,2,0
2012,1,0,0
2012,2,1,0
2012,3,0,0
2012,3,1,0
2012,4,2,0
2012,5,0,0
2012,5,2,0
2012,6,1,0
2012,6,2,0
2012,7,0,0
2012,7,1,0
2012,7,2,0
2013,1,0,0
2013,2,1,0
2013,3,0,0
2013,3,1,0
2013,4,2,0
2013,5,0,0
2013,5,2,0
2013,6,1,0
2013,6,2,0
2013,7,0,0
2013,7,1,0
2013,7,2,0
2014,1,0,0
2014,2,1,0
2014,3,0,0
2014,3,1,0
2014,4,2,0
2014,5,0,0
2014,5,2,0
2014,6,1,0
2014,6,2,0
2014,7,0,0
2014,7,1,0
2014,7,2,0
2015,1,0,0
2015,2,1,0
2015,3,0,0
2015,3,1,0
2015,4,2,0
2015,5,0,0
2015,5,2,0
2015,6,1,0
2015,6,2,0
2015,7,0,0
2015,7,1,0
2015,7,2,0
2016,1,0,0
2016,2,1,0
2016,3,0,0
2016,3,1,0
2016,4,2,0
2016,5,0,0
2016,5,2,0
2016,6,1,0
2016,6,2,0
2016,7,0,0
2016,7,1,0
2016,7,2,0
2017,1,0,0
2017,2,1,0
2017,3,0,0
2017,3,1,0
2017,4,2,0
2017,5,0,0
2017,5,2,0
2017,6,1,0
2017,6,2,0
2017,7,0,0
2017,7,1,0
2017,7,2,0
2018,1,0,0
2018,2,1,0
2018,3,0,0
2018,3,1,0
2018,4,2,0
2018,5,0,0
2018,5,2,0
2018,6,1,0
2018,6,2,0
2018,7,0,0
2018,7,1,0
2018,7,2,0
2019,1,0,0
2019,2,1,0
2019,3,0,0
2019,3,1,0
2019,4,2,0
2019,5,0,0
2019,5,2,0
2019,6,1,0
2019,6,2,0
2019,7,0,0
2019,7,1,0
2019,7,2,0
2020,1,0,0
2020,2,1,0
2020,3,0,0
2020,3,1,0
2020,4,2,0
2020,5,0,0
2020,5,2,0
2020,6,1,0
2020,6,2,0
2020,7,0,0
2020,7,1,0
2020,7,2,0
2021,1,0,0
2021,2,1,0
2021,3,0,0
2021,3,1,0
2021,4,2,0
2021,5,0,0
2021,5,2,0
2021,6,1,0
2021,6,2,0
2021,7,0,0
2021,7,1,0
2021,7,2,0
2022,1,0,0
2022,2,1,0
2022,3,0,0
2022,3,1,0
2022,4,2,0
2022,5,0,0
2022,5,2,0
2022,6,1,0
2022,6,2,0
2022,7,0,0
2022,7,1,0
2022,7,2,0
2023,1,0,0
2023,2,1,0
2023,3,0,0
2023,3,1,0
2023,4,2,0
2023,5,0,0
2023,5,2,0
2023,6,1,0
2023,6,2,0
2023,7,0,0
2023,7,1,0
2023,7,2,0
2024,1,0,0
2024,2,1,0
2024,3,0,0
2024,3,1,0
2024,4,2,0
2024,5,0,0
2024,5,2,0
2024,6,1,0
2024,6,2,0
2024,7,0,0
2024,7,1,0
2024,7,2,0
2025,1,0,1
2025,2,1,1
2025,3,0,1
2025,3,1,1
2025,4,2,1
2025,5,0,1
2025,5,2,1
2025,6,1,1
2025,6,2,1
2025,7,0,1
2025,7,1,1
2025,7,2,1
2026,1,0,1
2026,2,1,1
2026,3,0,1
2026,3,1,1
2026,4,2,1
2026,5,0,1
2026,5,2,1
2026,6,1,1
2026,6,2,1
2026,7,0,1
2026,7,1,1
2026,7,2,1
2027,1,0,0
2027,2,1,0
2027,3,0,0
2027,3,1,0
2027,4,2,0
2027,5,0,0
2027,5,2,0
2027,6,1,0
2027,6,2,0
2027,7,0,0
2027,7,1,0
2027,7,2,0
2028,1,0,0
2028,2,1,0
2028,3,0,0
2028,3,1,0
2028,4,2,0
2028,5,0,0
2028,5,2,0
2028,6,1,0
2028,6,2,0
2028,7,0,0
2028,7,1,0
2028,7,2,0
2029,1,0,0
2029,2,1,0
2029,3,0,0
2029,3,1,0
2029,4,2,0
2029,5,0,0
2029,5,2,0
2029,6,1,0
2029,6,2,0
2029,7,0,0
2029,7,1,0
2029,7,2,0
2030,1,0,0
2030,2,1,0
2030,3,0,0
2030,3,1,0
2030,4,2,0
2030,5,0,0
2030,5,2,0
2030,6,1,0
2030,6,2,0
2030,7,0,0
2030,7,1,0
2030,7,2,0
2031,1,0,0
2031,2,1,0
2031,3,0,0
2031,3,1,0
2031,4,2,0
2031,5,0,0
2031,5,2,0
2031,6,1,0
2031,6,2,0
2031,7,0,0
2031,7,1,0
2031,7,2,0
2032,1,0,0
2032,2,1,0
2032,3,0,0
2032,3,1,0
2032,4,2,0
2032,5,0,0
2032,5,2,0
2032,6,1,0
2032,6,2,0
2032,7,0,0
2032,7,1,0
2032,7,2,0
2033,1,0,0
2033,2,1,0
2033,3,0,0
2033,3,1,0
2033,4,2,0
2033,5,0,0
2033,5,2,0
2033,6,1,0
2033,6,2,0
2033,7,0,0
2033,7,1,0
2033,7,2,0
2034,1,0,0
2034,2,1,0
2034,3,0,0
2034,3,1,0
2034,4,2,0
2034,5,0,0
2034,5,2,0
2034,6,1,0
2034,6,2,0
2034,7,0,0
2034,7,1,0
2034,7,2,0
2035,1,0,0
2035,2,1,0
2035,3,0,0
2035,3,1,0
2035,4,2,0
2035,5,0,0
2035,5,2,0
2035,6,1,0
2035,6,2,0
2035,7,0,0
2035,7,1,0
2035,7,2,0
2036,1,0,0
2036,2,1,0
2036,3,0,0
2036,3,1,0
2036,4,2,0
2036,5,0,0
2036,5,2,0
2036,6,1,0
2036,6,2,0
2036,7,0,0
2036,7,1,0
2036,7,2,0
2037,1,0,0
2037,2,1,0
2037,3,0,0
2037,3,1,0
2037,4,2,0
2037,5,0,0
2037,5,2,0
2037,6,1,0
2037,6,2,0
2037,7,0,0
2037,7,1,0
2037,7,2,0
2038,1,0,0
2038,2,1,0
2038,3,0,0
2038,3,1,0
2038,4,2,0
2038,5,0,0
2038,5,2,0
2038,6,1,0
2038,6,2,0
2038,7,0,0
2038,7,1,0
2038,7,2,0
2039,1,0,0
2039,2,1,0
2039,3,0,0
2039,3,1,0
2039,4,2,0
2039,5,0,0
2039,5,2,0
2039,6,1,0
2039,6,2,0
2039,7,0,0
2039,7,1,0
2039,7,2,0
2040,1,0,0
2040,2,1,0
2040,3,0,0
2040,3,1,0
2040,4,2,0
2040,5,0,0
2040,5,2,0
2040,6,1,0
2040,6,2,0
2040,7,0,0
2040,7,1,0
2040,7,2,0
2041,1,0,0
2041,2,1,0
2041,3,0,0
2041,3,1,0
2041,4,2,0
2041,5,0,0
2041,5,2,0
2041,6,1,0
2041,6,2,0
2041,7,0,0
2041,7,1,0
2041,7,2,0
2042,1,0,0
2042,2,1,0
2042,3,0,0
2042,3,1,0
2042,4,2,0
2042,5,0,0
2042,5,2,0
2042,6,1,0
2042,6,2,0
2042,7,0,0
2042,7,1,0
2042,7,2,0
2043,1,0,0
2043,2,1,0
2043,3,0,0
2043,3,1,0
2043,4,2,0
2043,5,0,0
2043,5,2,0
2043,6,1,0
2043,6,2,0
2043,7,0,0
2043,7,1,0
2043,7,2,0
2044,1,0,0
2044,2,1,0
2044,3,0,0
2044,3,1,0
2044,4,2,0
2044,5,0,0
2044,5,2,0
2044,6,1,0
2044,6,2,0
2044,7,0,0
2044,7,1,0
2044,7,2,0
2045,1,0,0
2045,2,1,0
2045,3,0,0
2045,3,1,0
2045,4,2,0
2045,5,0,0
2045,5,2,0
2045,6,1,0
2045,6,2,0
2045,7,0,0
2045,7,1,0
2045,7,2,0
2046,1,0,0
2046,2,1,0
2046,3,0,0
2046,3,1,0
2046,4,2,0
2046,5,0,0
2046,5,2,0
2046,6,1,0
2046,6,2,0
2046,7,0,0
2046,7,1,0
2046,7,2,0
2047,1,0,0
2047,2,1,0
2047,3,0,0
2047,3,1,0
2047,4,2,0
2047,5,0,0
2047,5,2,0
2047,6,1,0
2047,6,2,0
2047,7,0,0
2047,7,1,0
2047,7,2,0
2048,1,0,0
2048,2,1,0
2048,3,0,0
2048,3,1,0
2048,4,2,0
2048,5,0,0
2048,5,2,0
2048,6,1,0
2048,6,2,0
2048,7,0,0
2048,7,1,0
2048,7,2,0
2049,1,0,0
2049,2,1,0
2049,3,0,0
2049,3,1,0
2049,4,2,0
2049,5,0,0
2049,5,2,0
2049,6,1,0
2049,6,2,0
2049,7,0,0
2049,7,1,0
2049,7,2,0
2050,1,0,0
2050,2,1,0
2050,3,0,0
2050,3,1,0
2050,4,2,0
2050,5,0,0
2050,5,2,0
2050,6,1,0
2050,6,2,0
2050,7,0,0
2050,7,1,0
2050,7,2,0
2051,1,0,0
2051,2,1,0
2051,3,0,0
2051,3,1,0
2051,4,2,0
2051,5,0,0
2051,5,2,0
2051,6,1,0
2051,6,2,0
2051,7,0,0
2051,7,1,0
2051,7,2,0
2052,1,0,1
2052,2,1,1
2052,3,0,1
2052,3,1,1
2052,4,2,1
2052,5,0,1
2052,5,2,1
2052,6,1,1
2052,6,2,1
2052,7,0,1
2052,7,1,1
2052,7,2,1
2053,1,0,1
2053,2,1,1
2053,3,0,1
2053,3,1,1
2053,4,2,1
2053,5,0,1
2053,5,2,1
2053,6,1,1
2053,6,2,1
2053,7,0,1
2053,7,1,1
2053,7,2,1
2054,1,0,0
2054,2,1,0
2054,3,0,0
2054,3,1,0
2054,4,2,0
2054,5,0,0
2054,5,2,0
2054,6,1,0
2054,6,2,0
2054,7,0,0
2054,7,1,0
2054,7,2,0
2055,1,0,0
2055,2,1,0
2055,3,0,0
2055,3,1,0
2055,4,2,0
2055,5,0,0
2055,5,2,0
2055,6,1,0
2055,6,2,0
2055,7,0,0
2055,7,1,0
2055,7,2,0
2056,1,0,0
2056,2,1,0
2056,3,0,0
2056,3,1,0
2056,4,2,0
2056,5,0,0
2056,5,2,0
2056,6,1,0
2056,6,2,0
2056,7,0,0
2056,7,1,0
2056,7,2,0
2057,1,0,0
2057,2,1,0
2057,3,0,0
2057,3,1,0
2057,4,2,0
2057,5,0,0
2057,5,2,0
2057,6,1,0
2057,6,2,0
2057,7,0,0
2057,7,1,0
2057,7,2,0
2058,1,0,0
2058,2,1,0
2058,3,0,0
2058,3,1,0
2058,4,2,0
2058,5,0,0
2058,5,2,0
2058,6,1,0
2058,6,2,0
2058,7,0,0
2058,7,1,0
2058,7,2,0
2059,1,0,0
2059,2,1,0
2059,3,0,0
2059,3,1,0
2059,4,2,0
2059,5,0,0
2059,5,2,0
2059,6,1,0
2059,6,2,0
2059,7,0,0
2059,7,1,0
2059,7,2,0
2060,1,0,0
2060,2,1,0
2060,3,0,0
2060,3,1,0
2060,4,2,0
2060,5,0,0
2060,5,2,0
2060,6,1,0
2060,6,2,0
2060,7,0,0
2060,7,1,0
2060,7,2,0
2061,1,0,0
2061,2,1,0
2061,3,0,0
2061,3,1,0
2061,4,2,0
2061,5,0,0
2061,5,2,0
2061,6,1,0
2061,6,2,0
2061,7,0,0
2061,7,1,0
2061,7,2,0
2062,1,0,0
2062,2,1,0
2062,3,0,0
2062,3,1,0
2062,4,2,0
2062,5,0,0
2062,5,2,0
2062,6,1,0
2062,6,2,0
2062,7,0,0
2062,7,1,0
2062,7,2,0
2063,1,0,0
2063,2,1,0
2063,3,0,0
2063,3,1,0
2063,4,2,0
2063,5,0,0
2063,5,2,0
2063,6,1,0
2063,6,2,0
2063,7,0,0
2063,7,1,0
2063,7,2,0
2064,1,0,0
2064,2,1,0
2064,3,0,0
2064,3,1,0
2064,4,2,0
2064,5,0,0
2064,5,2,0
2064,6,1,0
2064,6,2,0
2064,7,0,0
2064,7,1,0
2064,7,2,0
2065,1,0,0
2065,2,1,0
2065,3,0,0
2065,3,1,0
2065,4,2,0
2065,5,0,0
2065,5,2,0
2065,6,1,0
2065,6,2,0
2065,7,0,0
2065,7,1,0
2065,7,2,0
2066,1,0,0
2066,2,1,0
2066,3,0,0
2066,3,1,0
2066,4,2,0
2066,5,0,0
2066,5,2,0
2066,6,1,0
2066,6,2,0
2066,7,0,0
2066,7,1,0
2066,7,2,0
2067,1,0,0
2067,2,1,0
2067,3,0,0
2067,3,1,0
2067,4,2,0
2067,5,0,0
2067,5,2,0
2067,6,1,0
2067,6,2,0
2067,7,0,0
2067,7,1,0
2067,7,2,0
2068,1,0,0
2068,2,1,0
2068,3,0,0
2068,3,1,0
2068,4,2,0
2068,5,0,0
2068,5,2,0
2068,6,1,0
2068,6,2,0
2068,7,0,0
2068,7,1,0
2068,7,2,0
2069,1,0,0
2069,2,1,0
2069,3,0,0
2069,3,1,0
2069,4,2,0
2069,5,0,0
2069,5,2,0
2069,6,1,0
2069,6,2,0
2069,7,0,0
2069,7,1,0
2069,7,2,0
2070,1,0,0
2070,2,1,0
2070,3,0,0
2070,3,1,0
2070,4,2,0
2070,5,0,0
2070,5,2,0
2070,6,1,0
2070,6,2,0
2070,7,0,0
2070,7,1,0
2070,7,2,0
2071,1,0,0
2071,2,1,0
2071,3,0,0
2071,3,1,0
2071,4,2,0
2071,5,0,0
2071,5,2,0
2071,6,1,0
2071,6,2,0
2071,7,0,0
2071,7,1,0
2071,7,2,0
2072,1,0,0
2072,2,1,0
2072,3,0,0
2072,3,1,0
2072,4,2,0
2072,5,0,0
2072,5,2,0
2072,6,1,0
2072,6,2,0
2072,7,0,0
2072,7,1,0
2072,7,2,0
2073,1,0,0
2073,2,1,0
2073,3,0,0
2073,3,1,0
2073,4,2,0
2073,5,0,0
2073,5,2,0
2073,6,1,0
2073,6,2,0
2073,7,0,0
2073,7,1,0
2073,7,2,0
2074,1,0,0
2074,2,1,0
2074,3,0,0
2074,3,1,0
2074,4,2,0
2074,5,0,0
2074,5,2,0
2074,6,1,0
2074,6,2,0
2074,7,0,0
2074,7,1,0
2074,7,2,0
2075,1,0,0
2075,2,1,0
2075,3,0,0
2075,3,1,0
2075,4,2,0
2075,5,0,0
2075,5,2,0
2075,6,1,0
2075,6,2,0
2075,7,0,0
2075,7,1,0
2075,7,2,0
2076,1,0,0
2076,2,1,0
2076,3,0,0
2076,3,1,0
2076,4,2,0
2076,5,0,0
2076,5,2,0
2076,6,1,0
2076,6,2,0
2076,7,0,0
2076,7,1,0
2076,7,2,0
2077,1,0,0
2077,2,1,0
2077,3,0,0
2077,3,1,0
2077,4,2,0
2077,5,0,0
2077,5,2,0
2077,6,1,0
2077,6,2,0
2077,7,0,0
2077,7,1,0
2077,7,2,0
2078,1,0,0
2078,2,1,0
2078,3,0,0
2078,3,1,0
2078,4,2,0
2078,5,0,0
2078,5,2,0
2078,6,1,0
2078,6,2,0
2078,7,0,0
2078,7,1,0
2078,7,2,0
2079,1,0,1
2079,2,1,1
2079,3,0,1
2079,3,1,1
2079,4,2,1
2079,5,0,1
2079,5,2,1
2079,6,1,1
2079,6,2,1
2079,7,0,1
2079,7,1,1
2079,7,2,1
2080,1,0,1
2080,2,1,1
2080,3,0,1
2080,3,1,1
2080,4,2,1
2080,5,0,1
2080,5,2,1
2080,6,1,1
2080,6,2,1
2080,7,0,1
2080,7,1,1
2080,7,2,1
2081,1,0,0
2081,2,1,0
2081,3,0,0
2081,3,1,0
2081,4,2,0
2081,5,0,0
2081,5,2,0
2081,6,1,0
2081,6,2,0
2081,7,0,0
2081,7,1,0
2081,7,2,0
2082,1,0,0
2082,2,1,0
2082,3,0,0
2082,3,1,0
2082,4,2,0
2082,5,0,0
2082,5,2,0
2082,6,1,0
2082,6,2,0
2082,7,0,0
2082,7,1,0
2082,7,2,0
2083,1,0,0
2083,2,1,0
2083,3,0,0
2083,3,1,0
2083,4,2,0
2083,5,0,0
2083,5,2,0
2083,6,1,0
2083,6,2,0
2083,7,0,0
2083,7,1,0
2083,7,2,0
2084,1,0,0
2084,2,1,0
2084,3,0,0
2084,3,1,0
2084,4,2,0
2084,5,0,0
2084,5,2,0
2084,6,1,0
2084,6,2,0
2084,7,0,0
2084,7,1,0
2084,7,2,0
2085,1,0,0
2085,2,1,0
2085,3,0,0
2085,3,1,0
2085,4,2,0
2085,5,0,0
2085,5,2,0
2085,6,1,0
2085,6,2,0
2085,7,0,0
2085,7,1,0
2085,7,2,0
2086,1,0,0
2086,2,1,0
2086,3,0,0
2086,3,1,0
2086,4,2,0
2086,5,0,0
2086,5,2,0
2086,6,1,0
2086,6,2,0
2086,7,0,0
2086,7,1,0
2086,7,2,0
2087,1,0,0
2087,2,1,0
2087,3,0,0
2087,3,1,0
2087,4,2,0
2087,5,0,0
2087,5,2,0
2087,6,1,0
2087,6,2,0
2087,7,0,0
2087,7,1,0
2087,7,2,0
2088,1,0,0
2088,2,1,0
2088,3,0,0
2088,3,1,0
2088,4,2,0
2088,5,0,0
2088,5,2,0
2088,6,1,0
2088,6,2,0
2088,7,0,0
2088,7,1,0
2088,7,2,0
2089,1,0,0
2089,2,1,0
2089,3,0,0
2089,3,1,0
2089,4,2,0
2089,5,0,0
2089,5,2,0
2089,6,1,0
2089,6,2,0
2089,7,0,0
2089,7,1,0
2089,7,2,0
2090,1,0,0
2090,2,1,0
2090,3,0,0
2090,3,1,0
2090,4,2,0
2090,5,0,0
2090,5,2,0
2090,6,1,0
2090,6,2,0
2090,7,0,0
2090,7,1,0
2090,7,2,0
2091,1,0,0
2091,2,1,0
2091,3,0,0
2091,3,1,0
2091,4,2,0
2091,5,0,0
2091,5,2,0
2091,6,1,0
2091,6,2,0
2091,7,0,0
2091,7,1,0
2091,7,2,0
2092,1,0,0
2092,2,1,0
2092,3,0,0
2092,3,1,0
2092,4,2,0
2092,5,0,0
2092,5,2,0
2092,6,1,0
2092,6,2,0
2092,7,0,0
2092,7,1,0
2092,7,2,0
2093,1,0,0
2093,2,1,0
2093,3,0,0
2093,3,1,0
2093,4,2,0
2093,5,0,0
2093,5,2,0
2093,6,1,0
2093,6,2,0
2093,7,0,0
2093,7,1,0
2093,7,2,0
2094,1,0,0
2094,2,1,0
2094,3,0,0
2094,3,1,0
2094,4,2,0
2094,5,0,0
2094,5,2,0
2094,6,1,0
2094,6,2,0
2094,7,0,0
2094,7,1,0
2094,7,2,0
2095,1,0,0
2095,2,1,0
2095,3,0,0
2095,3,1,0
2095,4,2,0
2095,5,0,0
2095,5,2,0
2095,6,1,0
2095,6,2,0
2095,7,0,0
2095,7,1,0
2095,7,2,0
2096,1,0,0
2096,2,1,0
2096,3,0,0
2096,3,1,0
2096,4,2,0
2096,5,0,0
2096,5,2,0
2096,6,1,0
2096,6,2,0
2096,7,0,0
2096,7,1,0
2096,7,2,0
2097,1,0,0
2097,2,1,0
2097,3,0,0
2097,3,1,0
2097,4,2,0
2097,5,0,0
2097,5,2,0
2097,6,1,0
2097,6,2,0
2097,7,0,0
2097,7,1,0
2097,7,2,0
2098,1,0,0
2098,2,1,0
2098,3,0,0
2098,3,1,0
2098,4,2,0
2098,5,0,0
2098,5,2,0
2098,6,1,0
2098,6,2,0
2098,7,0,0
2098,7,1,0
2098,7,2,0
2099,1,0,0
2099,2,1,0
2099,3,0,0
2099,3,1,0
2099,4,2,0
2099,5,0,0
2099,5,2,0
2099,6,1,0
2099,6,2,0
2099,7,0,0
2099,7,1,0
2099,7,2,0
2100,1,0,0
2100,2,1,0
2100,3,0,0
2100,3,1,0
2100,4,2,0
2100,5,0,0
2100,5,2,0
2100,6,1,0
2100,6,2,0
2100,7,0,0
2100,7,1,0
2100,7,2,0
2101,1,0,0
2101,2,1,0
2101,3,0,0
2101,3,1,0
2101,4,2,0
2101,5,0,0
2101,5,2,0
2101,6,1,0
2101,6,2,0
2101,7,0,0
2101,7,1,0
2101,7,2,0
2102,1,0,0
2102,2,1,0
2102,3,0,0
2102,3,1,0
2102,4,2,0
2102,5,0,0
2102,5,2,0
2102,6,1,0
2102,6,2,0
2102,7,0,0
2102,7,1,0
2102,7,2,0
2103,1,0,0
2103,2,1,0
2103,3,0,0
2103,3,1,0
2103,4,2,0
2103,5,0,0
2103,5,2,0
2103,6,1,0
2103,6,2,0
2103,7,0,0
2103,7,1,0
2103,7,2,0
2104,1,0,0
2104,2,1,0
2104,3,0,0
2104,3,1,0
2104,4,2,0
2104,5,0,0
2104,5,2,0
2104,6,1,0
2104,6,2,0
2104,7,0,0
2104,7,1,0
2104,7,2,0
2105,1,0,0
2105,2,1,0
2105,3,0,0
2105,3,1,0
2105,4,2,0
2105,5,0,0
2105,5,2,0
2105,6,1,0
2105,6,2,0
2105,7,0,0
2105,7,1,0
2105,7,2,0
2106,1,0,1
2106,2,1,0
2106,3,0,1
2106,3,1,0
2106,4,2,1
2106,5,0,1
2106,5,2,1
2106,6,1,0
2106,6,2,1
2106,7,0,1
2106,7,1,0
2106,7,2,1
2107,1,0,1
2107,2,1,0
2107,3,0,1
2107,3,1,0
2107,4,2,1
2107,5,0,1
2107,5,2,1
2107,6,1,0
2107,6,2,1
2107,7,0,1
2107,7,1,0
2107,7,2,1
2108,1,0,0
2108,2,1,0
2108,3,0,0
2108,3,1,0
2108,4,2,0
2108,5,0,0
2108,5,2,0
2108,6,1,0
2108,6,2,0
2108,7,0,0
2108,7,1,0
2108,7,2,0
2109,1,0,0
2109,2,1,0
2109,3,0,0
2109,3,1,0
2109,4,2,0
2109,5,0,0
2109,5,2,0
2109,6,1,0
2109,6,2,0
2109,7,0,0
2109,7,1,0
2109,7,2,0
2110,1,0,0
2110,2,1,0
2110,3,0,0
2110,3,1,0
2110,4,2,0
2110,5,0,0
2110,5,2,0
2110,6,1,0
2110,6,2,0
2110,7,0,0
2110,7,1,0
2110,7,2,0
2111,1,0,0
2111,2,1,0
2111,3,0,0
2111,3,1,0
2111,4,2,0
2111,5,0,0
2111,5,2,0
2111,6,1,0
2111,6,2,0
2111,7,0,0
2111,7,1,0
2111,7,2,0
2112,1,0,0
2112,2,1,0
2112,3,0,0
2112,3,1,0
2112,4,2,0
2112,5,0,0
2112,5,2,0
2112,6,1,0
2112,6,2,0
2112,7,0,0
2112,7,1,0
2112,7,2,0
2113,1,0,0
2113,2,1,0
2113,3,0,0
2113,3,1,0
2113,4,2,0
2113,5,0,0
2113,5,2,0
2113,6,1,0
2113,6,2,0
2113,7,0,0
2113,7,1,0
2113,7,2,0
2114,1,0,0
2114,2,1,0
2114,3,0,0
2114,3,1,0
2114,4,2,0
2114,5,0,0
2114,5,2,0
2114,6,1,0
2114,6,2,0
2114,7,0,0
2114,7,1,0
2114,7,2,0
2115,1,0,0
2115,2,1,0
2115,3,0,0
2115,3,1,0
2115,4,2,0
2115,5,0,0
2115,5,2,0
2115,6,1,0
2115,6,2,0
2115,7,0,0
2115,7,1,0
2115,7,2,0
2116,1,0,0
2116,2,1,0
2116,3,0,0
2116,3,1,0
2116,4,2,0
2116,5,0,0
2116,5,2,0
2116,6,1,0
2116,6,2,0
2116,7,0,0
2116,7,1,0
2116,7,2,0
2117,1,0,0
2117,2,1,0
2117,3,0,0
2117,3,1,0
2117,4,2,0
2117,5,0,0
2117,5,2,0
2117,6,1,0
2117,6,2,0
2117,7,0,0
2117,7,1,0
2117,7,2,0
2118,1,0,0
2118,2,1,0
2118,3,0,0
2118,3,1,0
2118,4,2,0
2118,5,0,0
2118,5,2,0
2118,6,1,0
2118,6,2,0
2118,7,0,0
2118,7,1,0
2118,7,2,0
2119,1,0,0
2119,2,1,0
2119,3,0,0
2119,3,1,0
2119,4,2,0
2119,5,0,0
2119,5,2,0
2119,6,1,0
2119,6,2,0
2119,7,0,0
2119,7,1,0
2119,7,2,0
2120,1,0,0
2120,2,1,0
2120,3,0,0
2120,3,1,0
2120,4,2,0
2120,5,0,0
2120,5,2,0
2120,6,1,0
2120,6,2,0
2120,7,0,0
2120,7,1,0
2120,7,2,0
2121,1,0,0
2121,2,1,0
2121,3,0,0
2121,3,1,0
2121,4,2,0
2121,5,0,0
2121,5,2,0
2121,6,1,0
2121,6,2,0
2121,7,0,0
2121,7,1,0
2121,7,2,0
2122,1,0,0
2122,2,1,0
2122,3,0,0
2122,3,1,0
2122,4,2,0
2122,5,0,0
2122,5,2,0
2122,6,1,0
2122,6,2,0
2122,7,0,0
2122,7,1,0
2122,7,2,0
2123,1,0,0
2123,2,1,0
2123,3,0,0
2123,3,1,0
2123,4,2,0
2123,5,0,0
2123,5,2,0
2123,6,1,0
2123,6,2,0
2123,7,0,0
2123,7,1,0
2123,7,2,0
2124,1,0,0
2124,2,1,0
2124,3,0,0
2124,3,1,0
2124,4,2,0
2124,5,0,0
2124,5,2,0
2124,6,1,0
2124,6,2,0
2124,7,0,0
2124,7,1,0
2124,7,2,0
2125,1,0,0
2125,2,1,0
2125,3,0,0
2125,3,1,0
2125,4,2,0
2125,5,0,0
2125,5,2,0
2125,6,1,0
2125,6,2,0
2125,7,0,0
2125,7,1,0
2125,7,2,0
2126,1,0,0
2126,2,1,0
2126,3,0,0
2126,3,1,0
2126,4,2,0
2126,5,0,0
2126,5,2,0
2126,6,1,0
2126,6,2,0
2126,7,0,0
2126,7,1,0
2126,7,2,0
2127,1,0,0
2127,2,1,0
2127,3,0,0
2127,3,1,0
2127,4,2,0
2127,5,0,0
2127,5,2,0
2127,6,1,0
2127,6,2,0
2127,7,0,0
2127,7,1,0
2127,7,2,0
2128,1,0,0
2128,2,1,0
2128,3,0,0
2128,3,1,0
2128,4,2,0
2128,5,0,0
2128,5,2,0
2128,6,1,0
2128,6,2,0
2128,7,0,0
2128,7,1,0
2128,7,2,0
2129,1,0,0
2129,2,1,0
2129,3,0,0
2129,3,1,0
2129,4,2,0
2129,5,0,0
2129,5,2,0
2129,6,1,0
2129,6,2,0
2129,7,0,0
2129,7,1,0
2129,7,2,0
2130,1,0,0
2130,2,1,0
2130,3,0,0
2130,3,1,0
2130,4,2,0
2130,5,0,0
2130,5,2,0
2130,6,1,0
2130,6,2,0
2130,7,0,0
2130,7,1,0
2130,7,2,0
2131,1,0,0
2131,2,1,0
2131,3,0,0
2131,3,1,0
2131,4,2,0
2131,5,0,0
2131,5,2,0
2131,6,1,0
2131,6,2,0
2131,7,0,0
2131,7,1,0
2131,7,2,0
2132,1,0,0
2132,2,1,0
2132,3,0,0
2132,3,1,0
2132,4,2,0
2132,5,0,0
2132,5,2,0
2132,6,1,0
2132,6,2,0
2132,7,0,0
2132,7,1,0
2132,7,2,0
2133,1,0,1
2133,2,1,0
2133,3,0,1
2133,3,1,0
2133,4,2,1
2133,5,0,1
2133,5,2,1
2133,6,1,0
2133,6,2,1
2133,7,0,1
2133,7,1,0
2133,7,2,1
2134,1,0,1
2134,2,1,0
2134,3,0,1
2134,3,1,0
2134,4,2,1
2134,5,0,1
2134,5,2,1
2134,6,1,0
2134,6,2,1
2134,7,0,1
2134,7,1,0
2134,7,2,1
2135,1,0,0
2135,2,1,0
2135,3,0,0
2135,3,1,0
2135,4,2,0
2135,5,0,0
2135,5,2,0
2135,6,1,0
2135,6,2,0
2135,7,0,0
2135,7,1,0
2135,7,2,0
2136,1,0,0
2136,2,1,0
2136,3,0,0
2136,3,1,0
2136,4,2,0
2136,5,0,0
2136,5,2,0
2136,6,1,0
2136,6,2,0
2136,7,0,0
2136,7,1,0
2136,7,2,0
2137,1,0,0
2137,2,1,0
2137,3,0,0
2137,3,1,0
2137,4,2,0
2137,5,0,0
2137,5,2,0
2137,6,1,0
2137,6,2,0
2137,7,0,0
2137,7,1,0
2137,7,2,0
2138,1,0,0
2138,2,1,0
2138,3,0,0
2138,3,1,0
2138,4,2,0
2138,5,0,0
2138,5,2,0
2138,6,1,0
2138,6,2,0
2138,7,0,0
2138,7,1,0
2138,7,2,0
2139,1,0,0
2139,2,1,0
2139,3,0,0
2139,3,1,0
2139,4,2,0
2139,5,0,0
2139,5,2,0
2139,6,1,0
2139,6,2,0
2139,7,0,0
2139,7,1,0
2139,7,2,0
2140,1,0,0
2140,2,1,0
2140,3,0,0
2140,3,1,0
2140,4,2,0
2140,5,0,0
2140,5,2,0
2140,6,1,0
2140,6,2,0
2140,7,0,0
2140,7,1,0
2140,7,2,0
2141,1,0,0
2141,2,1,0
2141,3,0,0
2141,3,1,0
2141,4,2,0
2141,5,0,0
2141,5,2,0
2141,6,1,0
2141,6,2,0
2141,7,0,0
2141,7,1,0
2141,7,2,0
2142,1,0,0
2142,2,1,0
2142,3,0,0
2142,3,1,0
2142,4,2,0
2142,5,0,0
2142,5,2,0
2142,6,1,0
2142,6,2,0
2142,7,0,0
2142,7,1,0
2142,7,2,0
2143,1,0,0
2143,2,1,0
2143,3,0,0
2143,3,1,0
2143,4,2,0
2143,5,0,0
2143,5,2,0
2143,6,1,0
2143,6,2,0
2143,7,0,0
2143,7,1,0
2143,7,2,0
2144,1,0,0
2144,2,1,0
2144,3,0,0
2144,3,1,0
2144,4,2,0
2144,5,0,0
2144,5,2,0
2144,6,1,0
2144,6,2,0
2144,7,0,0
2144,7,1,0
2144,7,2,0
2145,1,0,0
2145,2,1,0
2145,3,0,0
2145,3,1,0
2145,4,2,0
2145,5,0,0
2145,5,2,0
2145,6,1,0
2145,6,2,0
2145,7,0,0
2145,7,1,0
2145,7,2,0
2146,1,0,0
2146,2,1,0
2146,3,0,0
2146,3,1,0
2146,4,2,0
2146,5,0,0
2146,5,2,0
2146,6,1,0
2146,6,2,0
2146,7,0,0
2146,7,1,0
2146,7,2,0
2147,1,0,0
2147,2,1,0
2147,3,0,0
2147,3,1,0
2147,4,2,0
2147,5,0,0
2147,5,2,0
2147,6,1,0
2147,6,2,0
2147,7,0,0
2147,7,1,0
2147,7,2,0
2148,1,0,0
2148,2,1,0
2148,3,0,0
2148,3,1,0
2148,4,2,0
2148,5,0,0
2148,5,2,0
2148,6,1,0
2148,6,2,0
2148,7,0,0
2148,7,1,0
2148,7,2,0
2149,1,0,0
2149,2,1,0
2149,3,0,0
2149,3,1,0
2149,4,2,0
2149,5,0,0
2149,5,2,0
2149,6,1,0
2149,6,2,0
2149,7,0,0
2149,7,1,0
2149,7,2,0
2150,1,0,0
2150,2,1,0
2150,3,0,0
2150,3,1,0
2150,4,2,0
2150,5,0,0
2150,5,2,0
2150,6,1,0
2150,6,2,0
2150,7,0,0
2150,7,1,0
2150,7,2,0
2151,1,0,0
2151,2,1,0
2151,3,0,0
2151,3,1,0
2151,4,2,0
2151,5,0,0
2151,5,2,0
2151,6,1,0
2151,6,2,0
2151,7,0,0
2151,7,1,0
2151,7,2,0
2152,1,0,0
2152,2,1,0
2152,3,0,0
2152,3,1,0
2152,4,2,0
2152,5,0,0
2152,5,2,0
2152,6,1,0
2152,6,2,0
2152,7,0,0
2152,7,1,0
2152,7,2,0
2153,1,0,0
2153,2,1,0
2153,3,0,0
2153,3,1,0
2153,4,2,0
2153,5,0,0
2153,5,2,0
2153,6,1,0
2153,6,2,0
2153,7,0,0
2153,7,1,0
2153,7,2,0
2154,1,0,0
2154,2,1,0
2154,3,0,0
2154,3,1,0
2154,4,2,0
2154,5,0,0
2154,5,2,0
2154,6,1,0
2154,6,2,0
2154,7,0,0
2154,7,1,0
2154,7,2,0
2155,1,0,0
2155,2,1,0
2155,3,0,0
2155,3,1,0
2155,4,2,0
2155,5,0,0
2155,5,2,0
2155,6,1,0
2155,6,2,0
2155,7,0,0
2155,7,1,0
2155,7,2,0
2156,1,0,0
2156,2,1,0
2156,3,0,0
2156,3,1,0
2156,4,2,0
2156,5,0,0
2156,5,2,0
2156,6,1,0
2156,6,2,0
2156,7,0,0
2156,7,1,0
2156,7,2,0
2157,1,0,0
2157,2,1,0
2157,3,0,0
2157,3,1,0
2157,4,2,0
2157,5,0,0
2157,5,2,0
2157,6,1,0
2157,6,2,0
2157,7,0,0
2157,7,1,0
2157,7,2,0
2158,1,0,0
2158,2,1,0
2158,3,0,0
2158,3,1,0
2158,4,2,0
2158,5,0,0
2158,5,2,0
2158,6,1,0
2158,6,2,0
2158,7,0,0
2158,7,1,0
2158,7,2,0
2159,1,0,0
2159,2,1,0
2159,3,0,0
2159,3,1,0
2159,4,2,0
2159,5,0,0
2159,5,2,0
2159,6,1,0
2159,6,2,0
2159,7,0,0
2159,7,1,0
2159,7,2,0
2160,1,0,1
2160,2,1,0
2160,3,0,1
2160,3,1,0
2160,4,2,1
2160,5,0,1
2160,5,2,1
2160,6,1,0
2160,6,2,1
2160,7,0,1
2160,7,1,0
2160,7,2,1
2161,1,0,1
2161,2,1,0
2161,3,0,1
2161,3,1,0
2161,4,2,1
2161,5,0,1
2161,5,2,1
2161,6,1,0
2161,6,2,1
2161,7,0,1
2161,7,1,0
2161,7,2,1
2162,1,0,0
2162,2,1,0
2162,3,0,0
2162,3,1,0
2162,4,2,0
2162,5,0,0
2162,5,2,0
2162,6,1,0
2162,6,2,0
2162,7,0,0
2162,7,1,0
2162,7,2,0
2163,1,0,0
2163,2,1,0
2163,3,0,0
2163,3,1,0
2163,4,2,0
2163,5,0,0
2163,5,2,0
2163,6,1,0
2163,6,2,0
2163,7,0,0
2163,7,1,0
2163,7,2,0
2164,1,0,0
2164,2,1,0
2164,3,0,0
2164,3,1,0
2164,4,2,0
2164,5,0,0
2164,5,2,0
2164,6,1,0
2164,6,2,0
2164,7,0,0
2164,7,1,0
2164,7,2,0
2165,1,0,0
2165,2,1,0
2165,3,0,0
2165,3,1,0
2165,4,2,0
2165,5,0,0
2165,5,2,0
2165,6,1,0
2165,6,2,0
2165,7,0,0
2165,7,1,0
2165,7,2,0
2166,1,0,0
2166,2,1,0
2166,3,0,0
2166,3,1,0
2166,4,2,0
2166,5,0,0
2166,5,2,0
2166,6,1,0
2166,6,2,0
2166,7,0,0
2166,7,1,0
2166,7,2,0
2167,1,0,0
2167,2,1,0
2167,3,0,0
2167,3,1,0
2167,4,2,0
2167,5,0,0
2167,5,2,0
2167,6,1,0
2167,6,2,0
2167,7,0,0
2167,7,1,0
2167,7,2,0
2168,1,0,0
2168,2,1,0
2168,3,0,0
2168,3,1,0
2168,4,2,0
2168,5,0,0
2168,5,2,0
2168,6,1,0
2168,6,2,0
2168,7,0,0
2168,7,1,0
2168,7,2,0
2169,1,0,0
2169,2,1,0
2169,3,0,0
2169,3,1,0
2169,4,2,0
2169,5,0,0
2169,5,2,0
2169,6,1,0
2169,6,2,0
2169,7,0,0
2169,7,1,0
2169,7,2,0
2170,1,0,0
2170,2,1,0
2170,3,0,0
2170,3,1,0
2170,4,2,0
2170,5,0,0
2170,5,2,0
2170,6,1,0
2170,6,2,0
2170,7,0,0
2170,7,1,0
2170,7,2,0
2171,1,0,0
2171,2,1,0
2171,3,0,0
2171,3,1,0
2171,4,2,0
2171,5,0,0
2171,5,2,0
2171,6,1,0
2171,6,2,0
2171,7,0,0
2171,7,1,0
2171,7,2,0
2172,1,0,0
2172,2,1,0
2172,3,0,0
2172,3,1,0
2172,4,2,0
2172,5,0,0
2172,5,2,0
2172,6,1,0
2172,6,2,0
2172,7,0,0
2172,7,1,0
2172,7,2,0
2173,1,0,0
2173,2,1,0
2173,3,0,0
2173,3,1,0
2173,4,2,0
2173,5,0,0
2173,5,2,0
2173,6,1,0
2173,6,2,0
2173,7,0,0
2173,7,1,0
2173,7,2,0
2174,1,0,0
2174,2,1,0
2174,3,0,0
2174,3,1,0
2174,4,2,0
2174,5,0,0
2174,5,2,0
2174,6,1,0
2174,6,2,0
2174,7,0,0
2174,7,1,0
2174,7,2,0
2175,1,0,0
2175,2,1,0
2175,3,0,0
2175,3,1,0
2175,4,2,0
2175,5,0,0
2175,5,2,0
2175,6,1,0
2175,6,2,0
2175,7,0,0
2175,7,1,0
2175,7,2,0
2176,1,0,0
2176,2,1,0
2176,3,0,0
2176,3,1,0
2176,4,2,0
2176,5,0,0
2176,5,2,0
2176,6,1,0
2176,6,2,0
2176,7,0,0
2176,7,1,0
2176,7,2,0
2177,1,0,0
2177,2,1,0
2177,3,0,0
2177,3,1,0
2177,4,2,0
2177,5,0,0
2177,5,2,0
2177,6,1,0
2177,6,2,0
2177,7,0,0
2177,7,1,0
2177,7,2,0
2178,1,0,0
2178,2,1,0
2178,3,0,0
2178,3,1,0
2178,4,2,0
2178,5,0,0
2178,5,2,0
2178,6,1,0
2178,6,2,0
2178,7,0,0
2178,7,1,0
2178,7,2,0
2179,1,0,0
2179,2,1,0
2179,3,0,0
2179,3,1,0
2179,4,2,0
2179,5,0,0
2179,5,2,0
2179,6,1,0
2179,6,2,0
2179,7,0,0
2179,7,1,0
2179,7,2,0
2180,1,0,0
2180,2,1,0
2180,3,0,0
2180,3,1,0
2180,4,2,0
2180,5,0,0
2180,5,2,0
2180,6,1,0
2180,6,2,0
2180,7,0,0
2180,7,1,0
2180,7,2,0
2181,1,0,0
2181,2,1,0
2181,3,0,0
2181,3,1,0
2181,4,2,0
2181,5,0,0
2181,5,2,0
2181,6,1,0
2181,6,2,0
2181,7,0,0
2181,7,1,0
2181,7,2,0
2182,1,0,0
2182,2,1,0
2182,3,0,0
2182,3,1,0
2182,4,2,0
2182,5,0,0
2182,5,2,0
2182,6,1,0
2182,6,2,0
2182,7,0,0
2182,7,1,0
2182,7,2,0
2183,1,0,0
2183,2,1,0
2183,3,0,0
2183,3,1,0
2183,4,2,0
2183,5,0,0
2183,5,2,0
2183,6,1,0
2183,6,2,0
2183,7,0,0
2183,7,1,0
2183,7,2,0
2184,1,0,0
2184,2,1,0
2184,3,0,0
2184,3,1,0
2184,4,2,0
2184,5,0,0
2184,5,2,0
2184,6,1,0
2184,6,2,0
2184,7,0,0
2184,7,1,0
2184,7,2,0
2185,1,0,0
2185,2,1,0
2185,3,0,0
2185,3,1,0
2185,4,2,0
2185,5,0,0
2185,5,2,0
2185,6,1,0
2185,6,2,0
2185,7,0,0
2185,7,1,0
2185,7,2,0
2186,1,0,0
2186,2,1,0
2186,3,0,0
2186,3,1,0
2186,4,2,0
2186,5,0,0
2186,5,2,0
2186,6,1,0
2186,6,2,0
2186,7,0,0
2186,7,1,0
2186,7,2,0
2187,1,0,1
2187,2,1,1
2187,3,0,1
2187,3,1,1
2187,4,2,1
2187,5,0,1
2187,5,2,1
2187,6,1,1
2187,6,2,1
2187,7,0,1
2187,7,1,1
2187,7,2,1
2188,1,0,1
2188,2,1,1
2188,3,0,1
2188,3,1,1
2188,4,2,1
2188,5,0,1
2188,5,2,1
2188,6,1,1
2188,6,2,1
2188,7,0,1
2188,7,1,1
2188,7,2,1
2189,1,0,0
2189,2,1,1
2189,3,0,0
2189,3,1,1
2189,4,2,1
2189,5,0,0
2189,5,2,1
2189,6,1,1
2189,6,2,1
2189,7,0,0
2189,7,1,1
2189,7,2,1
2190,1,0,1
2190,2,1,1
2190,3,0,1
2190,3,1,1
2190,4,2,1
2190,5,0,1
2190,5,2,1
2190,6,1,1
2190,6,2,1
2190,7,0,1
2190,7,1,1
2190,7,2,1
2191,1,0,1
2191,2,1,1
2191,3,0,1
2191,3,1,1
2191,4,2,1
2191,5,0,1
2191,5,2,1
2191,6,1,1
2191,6,2,1
2191,7,0,1
2191,7,1,1
2191,7,2,1
2192,1,0,0
2192,2,1,1
2192,3,0,0
2192,3,1,1
2192,4,2,1
2192,5,0,0
2192,5,2,1
2192,6,1,1
2192,6,2,1
2192,7,0,0
2192,7,1,1
2192,7,2,1
2193,1,0,1
2193,2,1,1
2193,3,0,1
2193,3,1,1
2193,4,2,1
2193,5,0,1
2193,5,2,1
2193,6,1,1
2193,6,2,1
2193,7,0,1
2193,7,1,1
2193,7,2,1
2194,1,0,1
2194,2,1,1
2194,3,0,1
2194,3,1,1
2194,4,2,1
2194,5,0,1
2194,5,2,1
2194,6,1,1
2194,6,2,1
2194,7,0,1
2194,7,1,1
2194,7,2,1
2195,1,0,0
2195,2,1,1
2195,3,0,0
2195,3,1,1
2195,4,2,1
2195,5,0,0
2195,5,2,1
2195,6,1,1
2195,6,2,1
2195,7,0,0
2195,7,1,1
2195,7,2,1
2196,1,0,1
2196,2,1,1
2196,3,0,1
2196,3,1,1
2196,4,2,1
2196,5,0,1
2196,5,2,1
2196,6,1,1
2196,6,2,1
2196,7,0,1
2196,7,1,1
2196,7,2,1
2197,1,0,1
2197,2,1,1
2197,3,0,1
2197,3,1,1
2197,4,2,1
2197,5,0,1
2197,5,2,1
2197,6,1,1
2197,6,2,1
2197,7,0,1
2197,7,1,1
2197,7,2,1
2198,1,0,0
2198,2,1,1
2198,3,0,0
2198,3,1,1
2198,4,2,1
2198,5,0,0
2198,5,2,1
2198,6,1,1
2198,6,2,1
2198,7,0,0
2198,7,1,1
2198,7,2,1
2199,1,0,1
2199,2,1,1
2199,3,0,1
2199,3,1,1
2199,4,2,1
2199,5,0,1
2199,5,2,1
2199,6,1,1
2199,6,2,1
2199,7,0,1
2199,7,1,1
2199,7,2,1
2200,1,0,1
2200,2,1,1
2200,3,0,1
2200,3,1,1
2200,4,2,1
2200,5,0,1
2200,5,2,1
2200,6,1,1
2200,6,2,1
2200,7,0,1
2200,7,1,1
2200,7,2,1
2201,1,0,0
2201,2,1,1
2201,3,0,0
2201,3,1,1
2201,4,2,1
2201,5,0,0
2201,5,2,1
2201,6,1,1
2201,6,2,1
2201,7,0,0
2201,7,1,1
2201,7,2,1
2202,1,0,1
2202,2,1,1
2202,3,0,1
2202,3,1,1
2202,4,2,1
2202,5,0,1
2202,5,2,1
2202,6,1,1
2202,6,2,1
2202,7,0,1
2202,7,1,1
2202,7,2,1
2203,1,0,1
2203,2,1,1
2203,3,0,1
2203,3,1,1
2203,4,2,1
2203,5,0,1
2203,5,2,1
2203,6,1,1
2203,6,2,1
2203,7,0,1
2203,7,1,1
2203,7,2,1
2204,1,0,0
2204,2,1,1
2204,3,0,0
2204,3,1,1
2204,4,2,1
2204,5,0,0
2204,5,2,1
2204,6,1,1
2204,6,2,1
2204,7,0,0
2204,7,1,1
2204,7,2,1
2205,1,0,1
2205,2,1,1
2205,3,0,1
2205,3,1,1
2205,4,2,1
2205,5,0,1
2205,5,2,1
2205,6,1,1
2205,6,2,1
2205,7,0,1
2205,7,1,1
2205,7,2,1
2206,1,0,1
2206,2,1,1
2206,3,0,1
2206,3,1,1
2206,4,2,1
2206,5,0,1
2206,5,2,1
2206,6,1,1
2206,6,2,1
2206,7,0,1
2206,7,1,1
2206,7,2,1
2207,1,0,0
2207,2,1,1
2207,3,0,0
2207,3,1,1
2207,4,2,1
2207,5,0,0
2207,5,2,1
2207,6,1,1
2207,6,2,1
2207,7,0,0
2207,7,1,1
2207,7,2,1
2208,1,0,1
2208,2,1,1
2208,3,0,1
2208,3,1,1
2208,4,2,1
2208,5,0,1
2208,5,2,1
2208,6,1,1
2208,6,2,1
2208,7,0,1
2208,7,1,1
2208,7,2,1
2209,1,0,1
2209,2,1,1
2209,3,0,1
2209,3,1,1
2209,4,2,1
2209,5,0,1
2209,5,2,1
2209,6,1,1
2209,6,2,1
2209,7,0,1
2209,7,1,1
2209,7,2,1
2210,1,0,0
2210,2,1,1
2210,3,0,0
2210,3,1,1
2210,4,2,1
2210,5,0,0
2210,5,2,1
2210,6,1,1
2210,6,2,1
2210,7,0,0
2210,7,1,1
2210,7,2,1
2211,1,0,1
2211,2,1,1
2211,3,0,1
2211,3,1,1
2211,4,2,1
2211,5,0,1
2211,5,2,1
2211,6,1,1
2211,6,2,1
2211,7,0,1
2211,7,1,1
2211,7,2,1
2212,1,0,1
2212,2,1,1
2212,3,0,1
2212,3,1,1
2212,4,2,1
2212,5,0,1
2212,5,2,1
2212,6,1,1
2212,6,2,1
2212,7,0,1
2212,7,1,1
2212,7,2,1
2213,1,0,0
2213,2,1,1
2213,3,0,0
2213,3,1,1
2213,4,2,1
2213,5,0,0
2213,5,2,1
2213,6,1,1
2213,6,2,1
2213,7,0,0
2213,7,1,1
2213,7,2,1
2214,1,0,1
2214,2,1,1
2214,3,0,1
2214,3,1,1
2214,4,2,1
2214,5,0,1
2214,5,2,1
2214,6,1,1
2214,6,2,1
2214,7,0,1
2214,7,1,1
2214,7,2,1
2215,1,0,1
2215,2,1,1
2215,3,0,1
2215,3,1,1
2215,4,2,1
2215,5,0,1
2215,5,2,1
2215,6,1,1
2215,6,2,1
2215,7,0,1
2215,7,1,1
2215,7,2,1
2216,1,0,0
2216,2,1,0
2216,3,0,0
2216,3,1,0
2216,4,2,0
2216,5,0,0
2216,5,2,0
2216,6,1,0
2216,6,2,0
2216,7,0,0
2216,7,1,0
2216,7,2,0
2217,1,0,1
2217,2,1,1
2217,3,0,1
2217,3,1,1
2217,4,2,1
2217,5,0,1
2217,5,2,1
2217,6,1,1
2217,6,2,1
2217,7,0,1
2217,7,1,1
2217,7,2,1
2218,1,0,1
2218,2,1,1
2218,3,0,1
2218,3,1,1
2218,4,2,1
2218,5,0,1
2218,5,2,1
2218,6,1,1
2218,6,2,1
2218,7,0,1
2218,7,1,1
2218,7,2,1
2219,1,0,0
2219,2,1,0
2219,3,0,0
2219,3,1,0
2219,4,2,0
2219,5,0,0
2219,5,2,0
2219,6,1,0
2219,6,2,0
2219,7,0,0
2219,7,1,0
2219,7,2,0
2220,1,0,0
2220,2,1,0
2220,3,0,0
2220,3,1,0
2220,4,2,0
2220,5,0,0
2220,5,2,0
2220,6,1,0
2220,6,2,0
2220,7,0,0
2220,7,1,0
2220,7,2,0
2221,1,0,0
2221,2,1,0
2221,3,0,0
2221,3,1,0
2221,4,2,0
2221,5,0,0
2221,5,2,0
2221,6,1,0
2221,6,2,0
2221,7,0,0
2221,7,1,0
2221,7,2,0
2222,1,0,0
2222,2,1,0
2222,3,0,0
2222,3,1,0
2222,4,2,0
2222,5,0,0
2222,5,2,0
2222,6,1,0
2222,6,2,0
2222,7,0,0
2222,7,1,0
2222,7,2,0
2223,1,0,1
2223,2,1,1
2223,3,0,1
2223,3,1,1
2223,4,2,1
2223,5,0,1
2223,5,2,1
2223,6,1,1
2223,6,2,1
2223,7,0,1
2223,7,1,1
2223,7,2,1
2224,1,0,1
2224,2,1,1
2224,3,0,1
2224,3,1,1
2224,4,2,1
2224,5,0,1
2224,5,2,1
2224,6,1,1
2224,6,2,1
2224,7,0,1
2224,7,1,1
2224,7,2,1
2225,1,0,0
2225,2,1,0
2225,3,0,0
2225,3,1,0
2225,4,2,0
2225,5,0,0
2225,5,2,0
2225,6,1,0
2225,6,2,0
2225,7,0,0
2225,7,1,0
2225,7,2,0
2226,1,0,1
2226,2,1,1
2226,3,0,1
2226,3,1,1
2226,4,2,1
2226,5,0,1
2226,5,2,1
2226,6,1,1
2226,6,2,1
2226,7,0,1
2226,7,1,1
2226,7,2,1
2227,1,0,1
2227,2,1,1
2227,3,0,1
2227,3,1,1
2227,4,2,1
2227,5,0,1
2227,5,2,1
2227,6,1,1
2227,6,2,1
2227,7,0,1
2227,7,1,1
2227,7,2,1
2228,1,0,0
2228,2,1,0
2228,3,0,0
2228,3,1,0
2228,4,2,0
2228,5,0,0
2228,5,2,0
2228,6,1,0
2228,6,2,0
2228,7,0,0
2228,7,1,0
2228,7,2,0
2229,1,0,0
2229,2,1,0
2229,3,0,0
2229,3,1,0
2229,4,2,0
2229,5,0,0
2229,5,2,0
2229,6,1,0
2229,6,2,0
2229,7,0,0
2229,7,1,0
2229,7,2,0
2230,1,0,0
2230,2,1,0
2230,3,0,0
2230,3,1,0
2230,4,2,0
2230,5,0,0
2230,5,2,0
2230,6,1,0
2230,6,2,0
2230,7,0,0
2230,7,1,0
2230,7,2,0
2231,1,0,0
2231,2,1,0
2231,3,0,0
2231,3,1,0
2231,4,2,0
2231,5,0,0
2231,5,2,0
2231,6,1,0
2231,6,2,0
2231,7,0,0
2231,7,1,0
2231,7,2,0
2232,1,0,0
2232,2,1,0
2232,3,0,0
2232,3,1,0
2232,4,2,0
2232,5,0,0
2232,5,2,0
2232,6,1,0
2232,6,2,0
2232,7,0,0
2232,7,1,0
2232,7,2,0
2233,1,0,0
2233,2,1,0
2233,3,0,0
2233,3,1,0
2233,4,2,0
2233,5,0,0
2233,5,2,0
2233,6,1,0
2233,6,2,0
2233,7,0,0
2233,7,1,0
2233,7,2,0
2234,1,0,0
2234,2,1,0
2234,3,0,0
2234,3,1,0
2234,4,2,0
2234,5,0,0
2234,5,2,0
2234,6,1,0
2234,6,2,0
2234,7,0,0
2234,7,1,0
2234,7,2,0
2235,1,0,0
2235,2,1,0
2235,3,0,0
2235,3,1,0
2235,4,2,0
2235,5,0,0
2235,5,2,0
2235,6,1,0
2235,6,2,0
2235,7,0,0
2235,7,1,0
2235,7,2,0
2236,1,0,0
2236,2,1,0
2236,3,0,0
2236,3,1,0
2236,4,2,0
2236,5,0,0
2236,5,2,0
2236,6,1,0
2236,6,2,0
2236,7,0,0
2236,7,1,0
2236,7,2,0
2237,1,0,0
2237,2,1,0
2237,3,0,0
2237,3,1,0
2237,4,2,0
2237,5,0,0
2237,5,2,0
2237,6,1,0
2237,6,2,0
2237,7,0,0
2237,7,1,0
2237,7,2,0
2238,1,0,0
2238,2,1,0
2238,3,0,0
2238,3,1,0
2238,4,2,0
2238,5,0,0
2238,5,2,0
2238,6,1,0
2238,6,2,0
2238,7,0,0
2238,7,1,0
2238,7,2,0
2239,1,0,0
2239,2,1,0
2239,3,0,0
2239,3,1,0
2239,4,2,0
2239,5,0,0
2239,5,2,0
2239,6,1,0
2239,6,2,0
2239,7,0,0
2239,7,1,0
2239,7,2,0
2240,1,0,0
2240,2,1,0
2240,3,0,0
2240,3,1,0
2240,4,2,0
2240,5,0,0
2240,5,2,0
2240,6,1,0
2240,6,2,0
2240,7,0,0
2240,7,1,0
2240,7,2,0
2241,1,0,1
2241,2,1,1
2241,3,0,1
2241,3,1,1
2241,4,2,1
2241,5,0,1
2241,5,2,1
2241,6,1,1
2241,6,2,1
2241,7,0,1
2241,7,1,1
2241,7,2,1
2242,1,0,1
2242,2,1,1
2242,3,0,1
2242,3,1,1
2242,4,2,1
2242,5,0,1
2242,5,2,1
2242,6,1,1
2242,6,2,1
2242,7,0,1
2242,7,1,1
2242,7,2,1
2243,1,0,0
2243,2,1,0
2243,3,0,0
2243,3,1,0
2243,4,2,0
2243,5,0,0
2243,5,2,0
2243,6,1,0
2243,6,2,0
2243,7,0,0
2243,7,1,0
2243,7,2,0
2244,1,0,0
2244,2,1,0
2244,3,0,0
2244,3,1,0
2244,4,2,0
2244,5,0,0
2244,5,2,0
2244,6,1,0
2244,6,2,0
2244,7,0,0
2244,7,1,0
2244,7,2,0
2245,1,0,0
2245,2,1,0
2245,3,0,0
2245,3,1,0
2245,4,2,0
2245,5,0,0
2245,5,2,0
2245,6,1,0
2245,6,2,0
2245,7,0,0
2245,7,1,0
2245,7,2,0
2246,1,0,0
2246,2,1,0
2246,3,0,0
2246,3,1,0
2246,4,2,0
2246,5,0,0
2246,5,2,0
2246,6,1,0
2246,6,2,0
2246,7,0,0
2246,7,1,0
2246,7,2,0
2247,1,0,0
2247,2,1,0
2247,3,0,0
2247,3,1,0
2247,4,2,0
2247,5,0,0
2247,5,2,0
2247,6,1,0
2247,6,2,0
2247,7,0,0
2247,7,1,0
2247,7,2,0
2248,1,0,0
2248,2,1,0
2248,3,0,0
2248,3,1,0
2248,4,2,0
2248,5,0,0
2248,5,2,0
2248,6,1,0
2248,6,2,0
2248,7,0,0
2248,7,1,0
2248,7,2,0
2249,1,0,0
2249,2,1,0
2249,3,0,0
2249,3,1,0
2249,4,2,0
2249,5,0,0
2249,5,2,0
2249,6,1,0
2249,6,2,0
2249,7,0,0
2249,7,1,0
2249,7,2,0
2250,1,0,0
2250,2,1,0
2250,3,0,0
2250,3,1,0
2250,4,2,0
2250,5,0,0
2250,5,2,0
2250,6,1,0
2250,6,2,0
2250,7,0,0
2250,7,1,0
2250,7,2,0
2251,1,0,0
2251,2,1,0
2251,3,0,0
2251,3,1,0
2251,4,2,0
2251,5,0,0
2251,5,2,0
2251,6,1,0
2251,6,2,0
2251,7,0,0
2251,7,1,0
2251,7,2,0
2252,1,0,0
2252,2,1,0
2252,3,0,0
2252,3,1,0
2252,4,2,0
2252,5,0,0
2252,5,2,0
2252,6,1,0
2252,6,2,0
2252,7,0,0
2252,7,1,0
2252,7,2,0
2253,1,0,0
2253,2,1,0
2253,3,0,0
2253,3,1,0
2253,4,2,0
2253,5,0,0
2253,5,2,0
2253,6,1,0
2253,6,2,0
2253,7,0,0
2253,7,1,0
2253,7,2,0
2254,1,0,0
2254,2,1,0
2254,3,0,0
2254,3,1,0
2254,4,2,0
2254,5,0,0
2254,5,2,0
2254,6,1,0
2254,6,2,0
2254,7,0,0
2254,7,1,0
2254,7,2,0
2255,1,0,0
2255,2,1,0
2255,3,0,0
2255,3,1,0
2255,4,2,0
2255,5,0,0
2255,5,2,0
2255,6,1,0
2255,6,2,0
2255,7,0,0
2255,7,1,0
2255,7,2,0
2256,1,0,0
2256,2,1,0
2256,3,0,0
2256,3,1,0
2256,4,2,0
2256,5,0,0
2256,5,2,0
2256,6,1,0
2256,6,2,0
2256,7,0,0
2256,7,1,0
2256,7,2,0
2257,1,0,0
2257,2,1,0
2257,3,0,0
2257,3,1,0
2257,4,2,0
2257,5,0,0
2257,5,2,0
2257,6,1,0
2257,6,2,0
2257,7,0,0
2257,7,1,0
2257,7,2,0
2258,1,0,0
2258,2,1,0
2258,3,0,0
2258,3,1,0
2258,4,2,0
2258,5,0,0
2258,5,2,0
2258,6,1,0
2258,6,2,0
2258,7,0,0
2258,7,1,0
2258,7,2,0
2259,1,0,0
2259,2,1,0
2259,3,0,0
2259,3,1,0
2259,4,2,0
2259,5,0,0
2259,5,2,0
2259,6,1,0
2259,6,2,0
2259,7,0,0
2259,7,1,0
2259,7,2,0
2260,1,0,0
2260,2,1,0
2260,3,0,0
2260,3,1,0
2260,4,2,0
2260,5,0,0
2260,5,2,0
2260,6,1,0
2260,6,2,0
2260,7,0,0
2260,7,1,0
2260,7,2,0
2261,1,0,0
2261,2,1,0
2261,3,0,0
2261,3,1,0
2261,4,2,0
2261,5,0,0
2261,5,2,0
2261,6,1,0
2261,6,2,0
2261,7,0,0
2261,7,1,0
2261,7,2,0
2262,1,0,0
2262,2,1,0
2262,3,0,0
2262,3,1,0
2262,4,2,0
2262,5,0,0
2262,5,2,0
2262,6,1,0
2262,6,2,0
2262,7,0,0
2262,7,1,0
2262,7,2,0
2263,1,0,0
2263,2,1,0
2263,3,0,0
2263,3,1,0
2263,4,2,0
2263,5,0,0
2263,5,2,0
2263,6,1,0
2263,6,2,0
2263,7,0,0
2263,7,1,0
2263,7,2,0
2264,1,0,0
2264,2,1,0
2264,3,0,0
2264,3,1,0
2264,4,2,0
2264,5,0,0
2264,5,2,0
2264,6,1,0
2264,6,2,0
2264,7,0,0
2264,7,1,0
2264,7,2,0
2265,1,0,0
2265,2,1,0
2265,3,0,0
2265,3,1,0
2265,4,2,0
2265,5,0,0
2265,5,2,0
2265,6,1,0
2265,6,2,0
2265,7,0,0
2265,7,1,0
2265,7,2,0
2266,1,0,0
2266,2,1,0
2266,3,0,0
2266,3,1,0
2266,4,2,0
2266,5,0,0
2266,5,2,0
2266,6,1,0
2266,6,2,0
2266,7,0,0
2266,7,1,0
2266,7,2,0
2267,1,0,0
2267,2,1,0
2267,3,0,0
2267,3,1,0
2267,4,2,0
2267,5,0,0
2267,5,2,0
2267,6,1,0
2267,6,2,0
2267,7,0,0
2267,7,1,0
2267,7,2,0
2268,1,0,1
2268,2,1,1
2268,3,0,1
2268,3,1,1
2268,4,2,1
2268,5,0,1
2268,5,2,1
2268,6,1,1
2268,6,2,1
2268,7,0,1
2268,7,1,1
2268,7,2,1
2269,1,0,1
2269,2,1,1
2269,3,0,1
2269,3,1,1
2269,4,2,1
2269,5,0,1
2269,5,2,1
2269,6,1,1
2269,6,2,1
2269,7,0,1
2269,7,1,1
2269,7,2,1
2270,1,0,0
2270,2,1,1
2270,3,0,0
2270,3,1,1
2270,4,2,1
2270,5,0,0
2270,5,2,1
2270,6,1,1
2270,6,2,1
2270,7,0,0
2270,7,1,1
2270,7,2,1
2271,1,0,1
2271,2,1,1
2271,3,0,1
2271,3,1,1
2271,4,2,1
2271,5,0,1
2271,5,2,1
2271,6,1,1
2271,6,2,1
2271,7,0,1
2271,7,1,1
2271,7,2,1
2272,1,0,1
2272,2,1,1
2272,3,0,1
2272,3,1,1
2272,4,2,1
2272,5,0,1
2272,5,2,1
2272,6,1,1
2272,6,2,1
2272,7,0,1
2272,7,1,1
2272,7,2,1
2273,1,0,0
2273,2,1,1
2273,3,0,0
2273,3,1,1
2273,4,2,1
2273,5,0,0
2273,5,2,1
2273,6,1,1
2273,6,2,1
2273,7,0,0
2273,7,1,1
2273,7,2,1
2274,1,0,1
2274,2,1,1
2274,3,0,1
2274,3,1,1
2274,4,2,1
2274,5,0,1
2274,5,2,1
2274,6,1,1
2274,6,2,1
2274,7,0,1
2274,7,1,1
2274,7,2,1
2275,1,0,1
2275,2,1,1
2275,3,0,1
2275,3,1,1
2275,4,2,1
2275,5,0,1
2275,5,2,1
2275,6,1,1
2275,6,2,1
2275,7,0,1
2275,7,1,1
2275,7,2,1
2276,1,0,0
2276,2,1,1
2276,3,0,0
2276,3,1,1
2276,4,2,1
2276,5,0,0
2276,5,2,1
2276,6,1,1
2276,6,2,1
2276,7,0,0
2276,7,1,1
2276,7,2,1
2277,1,0,1
2277,2,1,1
2277,3,0,1
2277,3,1,1
2277,4,2,1
2277,5,0,1
2277,5,2,1
2277,6,1,1
2277,6,2,1
2277,7,0,1
2277,7,1,1
2277,7,2,1
2278,1,0,1
2278,2,1,1
2278,3,0,1
2278,3,1,1
2278,4,2,1
2278,5,0,1
2278,5,2,1
2278,6,1,1
2278,6,2,1
2278,7,0,1
2278,7,1,1
2278,7,2,1
2279,1,0,0
2279,2,1,1
2279,3,0,0
2279,3,1,1
2279,4,2,1
2279,5,0,0
2279,5,2,1
2279,6,1,1
2279,6,2,1
2279,7,0,0
2279,7,1,1
2279,7,2,1
2280,1,0,1
2280,2,1,1
2280,3,0,1
2280,3,1,1
2280,4,2,1
2280,5,0,1
2280,5,2,1
2280,6,1,1
2280,6,2,1
2280,7,0,1
2280,7,1,1
2280,7,2,1
2281,1,0,1
2281,2,1,1
2281,3,0,1
2281,3,1,1
2281,4,2,1
2281,5,0,1
2281,5,2,1
2281,6,1,1
2281,6,2,1
2281,7,0,1
2281,7,1,1
2281,7,2,1
2282,1,0,0
2282,2,1,1
2282,3,0,0
2282,3,1,1
2282,4,2,1
2282,5,0,0
2282,5,2,1
2282,6,1,1
2282,6,2,1
2282,7,0,0
2282,7,1,1
2282,7,2,1
2283,1,0,1
2283,2,1,1
2283,3,0,1
2283,3,1,1
2283,4,2,1
2283,5,0,1
2283,5,2,1
2283,6,1,1
2283,6,2,1
2283,7,0,1
2283,7,1,1
2283,7,2,1
2284,1,0,1
2284,2,1,1
2284,3,0,1
2284,3,1,1
2284,4,2,1
2284,5,0,1
2284,5,2,1
2284,6,1,1
2284,6,2,1
2284,7,0,1
2284,7,1,1
2284,7,2,1
2285,1,0,0
2285,2,1,1
2285,3,0,0
2285,3,1,1
2285,4,2,1
2285,5,0,0
2285,5,2,1
2285,6,1,1
2285,6,2,1
2285,7,0,0
2285,7,1,1
2285,7,2,1
2286,1,0,1
2286,2,1,1
2286,3,0,1
2286,3,1,1
2286,4,2,1
2286,5,0,1
2286,5,2,1
2286,6,1,1
2286,6,2,1
2286,7,0,1
2286,7,1,1
2286,7,2,1
2287,1,0,1
2287,2,1,1
2287,3,0,1
2287,3,1,1
2287,4,2,1
2287,5,0,1
2287,5,2,1
2287,6,1,1
2287,6,2,1
2287,7,0,1
2287,7,1,1
2287,7,2,1
2288,1,0,0
2288,2,1,1
2288,3,0,0
2288,3,1,1
2288,4,2,1
2288,5,0,0
2288,5,2,1
2288,6,1,1
2288,6,2,1
2288,7,0,0
2288,7,1,1
2288,7,2,1
2289,1,0,1
2289,2,1,1
2289,3,0,1
2289,3,1,1
2289,4,2,1
2289,5,0,1
2289,5,2,1
2289,6,1,1
2289,6,2,1
2289,7,0,1
2289,7,1,1
2289,7,2,1
2290,1,0,1
2290,2,1,1
2290,3,0,1
2290,3,1,1
2290,4,2,1
2290,5,0,1
2290,5,2,1
2290,6,1,1
2290,6,2,1
2290,7,0,1
2290,7,1,1
2290,7,2,1
2291,1,0,0
2291,2,1,1
2291,3,0,0
2291,3,1,1
2291,4,2,1
2291,5,0,0
2291,5,2,1
2291,6,1,1
2291,6,2,1
2291,7,0,0
2291,7,1,1
2291,7,2,1
2292,1,0,1
2292,2,1,1
2292,3,0,1
2292,3,1,1
2292,4,2,1
2292,5,0,1
2292,5,2,1
2292,6,1,1
2292,6,2,1
2292,7,0,1
2292,7,1,1
2292,7,2,1
2293,1,0,1
2293,2,1,1
2293,3,0,1
2293,3,1,1
2293,4,2,1
2293,5,0,1
2293,5,2,1
2293,6,1,1
2293,6,2,1
2293,7,0,1
2293,7,1,1
2293,7,2,1
2294,1,0,0
2294,2,1,1
2294,3,0,0
2294,3,1,1
2294,4,2,1
2294,5,0,0
2294,5,2,1
2294,6,1,1
2294,6,2,1
2294,7,0,0
2294,7,1,1
2294,7,2,1
2295,1,0,1
2295,2,1,1
2295,3,0,1
2295,3,1,1
2295,4,2,1
2295,5,0,1
2295,5,2,1
2295,6,1,1
2295,6,2,1
2295,7,0,1
2295,7,1,1
2295,7,2,1
2296,1,0,1
2296,2,1,1
2296,3,0,1
2296,3,1,1
2296,4,2,1
2296,5,0,1
2296,5,2,1
2296,6,1,1
2296,6,2,1
2296,7,0,1
2296,7,1,1
2296,7,2,1
2297,1,0,0
2297,2,1,0
2297,3,0,0
2297,3,1,0
2297,4,2,0
2297,5,0,0
2297,5,2,0
2297,6,1,0
2297,6,2,0
2297,7,0,0
2297,7,1,0
2297,7,2,0
2298,1,0,1
2298,2,1,1
2298,3,0,1
2298,3,1,1
2298,4,2,1
2298,5,0,1
2298,5,2,1
2298,6,1,1
2298,6,2,1
2298,7,0,1
2298,7,1,1
2298,7,2,1
2299,1,0,1
2299,2,1,1
2299,3,0,1
2299,3,1,1
2299,4,2,1
2299,5,0,1
2299,5,2,1
2299,6,1,1
2299,6,2,1
2299,7,0,1
2299,7,1,1
2299,7,2,1
2300,1,0,0
2300,2,1,0
2300,3,0,0
2300,3,1,0
2300,4,2,0
2300,5,0,0
2300,5,2,0
2300,6,1,0
2300,6,2,0
2300,7,0,0
2300,7,1,0
2300,7,2,0
2301,1,0,0
2301,2,1,0
2301,3,0,0
2301,3,1,0
2301,4,2,0
2301,5,0,0
2301,5,2,0
2301,6,1,0
2301,6,2,0
2301,7,0,0
2301,7,1,0
2301,7,2,0
2302,1,0,0
2302,2,1,0
2302,3,0,0
2302,3,1,0
2302,4,2,0
2302,5,0,0
2302,5,2,0
2302,6,1,0
2302,6,2,0
2302,7,0,0
2302,7,1,0
2302,7,2,0
2303,1,0,0
2303,2,1,0
2303,3,0,0
2303,3,1,0
2303,4,2,0
2303,5,0,0
2303,5,2,0
2303,6,1,0
2303,6,2,0
2303,7,0,0
2303,7,1,0
2303,7,2,0
2304,1,0,1
2304,2,1,1
2304,3,0,1
2304,3,1,1
2304,4,2,1
2304,5,0,1
2304,5,2,1
2304,6,1,1
2304,6,2,1
2304,7,0,1
2304,7,1,1
2304,7,2,1
2305,1,0,1
2305,2,1,1
2305,3,0,1
2305,3,1,1
2305,4,2,1
2305,5,0,1
2305,5,2,1
2305,6,1,1
2305,6,2,1
2305,7,0,1
2305,7,1,1
2305,7,2,1
2306,1,0,0
2306,2,1,0
2306,3,0,0
2306,3,1,0
2306,4,2,0
2306,5,0,0
2306,5,2,0
2306,6,1,0
2306,6,2,0
2306,7,0,0
2306,7,1,0
2306,7,2,0
2307,1,0,1
2307,2,1,1
2307,3,0,1
2307,3,1,1
2307,4,2,1
2307,5,0,1
2307,5,2,1
2307,6,1,1
2307,6,2,1
2307,7,0,1
2307,7,1,1
2307,7,2,1
2308,1,0,1
2308,2,1,1
2308,3,0,1
2308,3,1,1
2308,4,2,1
2308,5,0,1
2308,5,2,1
2308,6,1,1
2308,6,2,1
2308,7,0,1
2308,7,1,1
2308,7,2,1
2309,1,0,0
2309,2,1,0
2309,3,0,0
2309,3,1,0
2309,4,2,0
2309,5,0,0
2309,5,2,0
2309,6,1,0
2309,6,2,0
2309,7,0,0
2309,7,1,0
2309,7,2,0
2310,1,0,0
2310,2,1,0
2310,3,0,0
2310,3,1,0
2310,4,2,0
2310,5,0,0
2310,5,2,0
2310,6,1,0
2310,6,2,0
2310,7,0,0
2310,7,1,0
2310,7,2,0
2311,1,0,0
2311,2,1,0
2311,3,0,0
2311,3,1,0
2311,4,2,0
2311,5,0,0
2311,5,2,0
2311,6,1,0
2311,6,2,0
2311,7,0,0
2311,7,1,0
2311,7,2,0
2312,1,0,0
2312,2,1,0
2312,3,0,0
2312,3,1,0
2312,4,2,0
2312,5,0,0
2312,5,2,0
2312,6,1,0
2312,6,2,0
2312,7,0,0
2312,7,1,0
2312,7,2,0
2313,1,0,0
2313,2,1,0
2313,3,0,0
2313,3,1,0
2313,4,2,0
2313,5,0,0
2313,5,2,0
2313,6,1,0
2313,6,2,0
2313,7,0,0
2313,7,1,0
2313,7,2,0
2314,1,0,0
2314,2,1,0
2314,3,0,0
2314,3,1,0
2314,4,2,0
2314,5,0,0
2314,5,2,0
2314,6,1,0
2314,6,2,0
2314,7,0,0
2314,7,1,0
2314,7,2,0
2315,1,0,0
2315,2,1,0
2315,3,0,0
2315,3,1,0
2315,4,2,0
2315,5,0,0
2315,5,2,0
2315,6,1,0
2315,6,2,0
2315,7,0,0
2315,7,1,0
2315,7,2,0
2316,1,0,0
2316,2,1,0
2316,3,0,0
2316,3,1,0
2316,4,2,0
2316,5,0,0
2316,5,2,0
2316,6,1,0
2316,6,2,0
2316,7,0,0
2316,7,1,0
2316,7,2,0
2317,1,0,0
2317,2,1,0
2317,3,0,0
2317,3,1,0
2317,4,2,0
2317,5,0,0
2317,5,2,0
2317,6,1,0
2317,6,2,0
2317,7,0,0
2317,7,1,0
2317,7,2,0
2318,1,0,0
2318,2,1,0
2318,3,0,0
2318,3,1,0
2318,4,2,0
2318,5,0,0
2318,5,2,0
2318,6,1,0
2318,6,2,0
2318,7,0,0
2318,7,1,0
2318,7,2,0
2319,1,0,0
2319,2,1,0
2319,3,0,0
2319,3,1,0
2319,4,2,0
2319,5,0,0
2319,5,2,0
2319,6,1,0
2319,6,2,0
2319,7,0,0
2319,7,1,0
2319,7,2,0
2320,1,0,0
2320,2,1,0
2320,3,0,0
2320,3,1,0
2320,4,2,0
2320,5,0,0
2320,5,2,0
2320,6,1,0
2320,6,2,0
2320,7,0,0
2320,7,1,0
2320,7,2,0
2321,1,0,0
2321,2,1,0
2321,3,0,0
2321,3,1,0
2321,4,2,0
2321,5,0,0
2321,5,2,0
2321,6,1,0
2321,6,2,0
2321,7,0,0
2321,7,1,0
2321,7,2,0
2322,1,0,1
2322,2,1,1
2322,3,0,1
2322,3,1,1
2322,4,2,1
2322,5,0,1
2322,5,2,1
2322,6,1,1
2322,6,2,1
2322,7,0,1
2322,7,1,1
2322,7,2,1
2323,1,0,1
2323,2,1,1
2323,3,0,1
2323,3,1,1
2323,4,2,1
2323,5,0,1
2323,5,2,1
2323,6,1,1
2323,6,2,1
2323,7,0,1
2323,7,1,1
2323,7,2,1
2324,1,0,0
2324,2,1,0
2324,3,0,0
2324,3,1,0
2324,4,2,0
2324,5,0,0
2324,5,2,0
2324,6,1,0
2324,6,2,0
2324,7,0,0
2324,7,1,0
2324,7,2,0
2325,1,0,0
2325,2,1,0
2325,3,0,0
2325,3,1,0
2325,4,2,0
2325,5,0,0
2325,5,2,0
2325,6,1,0
2325,6,2,0
2325,7,0,0
2325,7,1,0
2325,7,2,0
2326,1,0,0
2326,2,1,0
2326,3,0,0
2326,3,1,0
2326,4,2,0
2326,5,0,0
2326,5,2,0
2326,6,1,0
2326,6,2,0
2326,7,0,0
2326,7,1,0
2326,7,2,0
2327,1,0,0
2327,2,1,0
2327,3,0,0
2327,3,1,0
2327,4,2,0
2327,5,0,0
2327,5,2,0
2327,6,1,0
2327,6,2,0
2327,7,0,0
2327,7,1,0
2327,7,2,0
2328,1,0,0
2328,2,1,0
2328,3,0,0
2328,3,1,0
2328,4,2,0
2328,5,0,0
2328,5,2,0
2328,6,1,0
2328,6,2,0
2328,7,0,0
2328,7,1,0
2328,7,2,0
2329,1,0,0
2329,2,1,0
2329,3,0,0
2329,3,1,0
2329,4,2,0
2329,5,0,0
2329,5,2,0
2329,6,1,0
2329,6,2,0
2329,7,0,0
2329,7,1,0
2329,7,2,0
2330,1,0,0
2330,2,1,0
2330,3,0,0
2330,3,1,0
2330,4,2,0
2330,5,0,0
2330,5,2,0
2330,6,1,0
2330,6,2,0
2330,7,0,0
2330,7,1,0
2330,7,2,0
2331,1,0,0
2331,2,1,0
2331,3,0,0
2331,3,1,0
2331,4,2,0
2331,5,0,0
2331,5,2,0
2331,6,1,0
2331,6,2,0
2331,7,0,0
2331,7,1,0
2331,7,2,0
2332,1,0,0
2332,2,1,0
2332,3,0,0
2332,3,1,0
2332,4,2,0
2332,5,0,0
2332,5,2,0
2332,6,1,0
2332,6,2,0
2332,7,0,0
2332,7,1,0
2332,7,2,0
2333,1,0,0
2333,2,1,0
2333,3,0,0
2333,3,1,0
2333,4,2,0
2333,5,0,0
2333,5,2,0
2333,6,1,0
2333,6,2,0
2333,7,0,0
2333,7,1,0
2333,7,2,0
2334,1,0,0
2334,2,1,0
2334,3,0,0
2334,3,1,0
2334,4,2,0
2334,5,0,0
2334,5,2,0
2334,6,1,0
2334,6,2,0
2334,7,0,0
2334,7,1,0
2334,7,2,0
2335,1,0,0
2335,2,1,0
2335,3,0,0
2335,3,1,0
2335,4,2,0
2335,5,0,0
2335,5,2,0
2335,6,1,0
2335,6,2,0
2335,7,0,0
2335,7,1,0
2335,7,2,0
2336,1,0,0
2336,2,1,0
2336,3,0,0
2336,3,1,0
2336,4,2,0
2336,5,0,0
2336,5,2,0
2336,6,1,0
2336,6,2,0
2336,7,0,0
2336,7,1,0
2336,7,2,0
2337,1,0,0
2337,2,1,0
2337,3,0,0
2337,3,1,0
2337,4,2,0
2337,5,0,0
2337,5,2,0
2337,6,1,0
2337,6,2,0
2337,7,0,0
2337,7,1,0
2337,7,2,0
2338,1,0,0
2338,2,1,0
2338,3,0,0
2338,3,1,0
2338,4,2,0
2338,5,0,0
2338,5,2,0
2338,6,1,0
2338,6,2,0
2338,7,0,0
2338,7,1,0
2338,7,2,0
2339,1,0,0
2339,2,1,0
2339,3,0,0
2339,3,1,0
2339,4,2,0
2339,5,0,0
2339,5,2,0
2339,6,1,0
2339,6,2,0
2339,7,0,0
2339,7,1,0
2339,7,2,0
2340,1,0,0
2340,2,1,0
2340,3,0,0
2340,3,1,0
2340,4,2,0
2340,5,0,0
2340,5,2,0
2340,6,1,0
2340,6,2,0
2340,7,0,0
2340,7,1,0
2340,7,2,0
2341,1,0,0
2341,2,1,0
2341,3,0,0
2341,3,1,0
2341,4,2,0
2341,5,0,0
2341,5,2,0
2341,6,1,0
2341,6,2,0
2341,7,0,0
2341,7,1,0
2341,7,2,0
2342,1,0,0
2342,2,1,0
2342,3,0,0
2342,3,1,0
2342,4,2,0
2342,5,0,0
2342,5,2,0
2342,6,1,0
2342,6,2,0
2342,7,0,0
2342,7,1,0
2342,7,2,0
2343,1,0,0
2343,2,1,0
2343,3,0,0
2343,3,1,0
2343,4,2,0
2343,5,0,0
2343,5,2,0
2343,6,1,0
2343,6,2,0
2343,7,0,0
2343,7,1,0
2343,7,2,0
2344,1,0,0
2344,2,1,0
2344,3,0,0
2344,3,1,0
2344,4,2,0
2344,5,0,0
2344,5,2,0
2344,6,1,0
2344,6,2,0
2344,7,0,0
2344,7,1,0
2344,7,2,0
2345,1,0,0
2345,2,1,0
2345,3,0,0
2345,3,1,0
2345,4,2,0
2345,5,0,0
2345,5,2,0
2345,6,1,0
2345,6,2,0
2345,7,0,0
2345,7,1,0
2345,7,2,0
2346,1,0,0
2346,2,1,0
2346,3,0,0
2346,3,1,0
2346,4,2,0
2346,5,0,0
2346,5,2,0
2346,6,1,0
2346,6,2,0
2346,7,0,0
2346,7,1,0
2346,7,2,0
2347,1,0,0
2347,2,1,0
2347,3,0,0
2347,3,1,0
2347,4,2,0
2347,5,0,0
2347,5,2,0
2347,6,1,0
2347,6,2,0
2347,7,0,0
2347,7,1,0
2347,7,2,0
2348,1,0,0
2348,2,1,0
2348,3,0,0
2348,3,1,0
2348,4,2,0
2348,5,0,0
2348,5,2,0
2348,6,1,0
2348,6,2,0
2348,7,0,0
2348,7,1,0
2348,7,2,0
2349,1,0,1
2349,2,1,0
2349,3,0,1
2349,3,1,0
2349,4,2,0
2349,5,0,1
2349,5,2,0
2349,6,1,0
2349,6,2,0
2349,7,0,1
2349,7,1,0
2349,7,2,0
2350,1,0,1
2350,2,1,0
2350,3,0,1
2350,3,1,0
2350,4,2,0
2350,5,0,1
2350,5,2,0
2350,6,1,0
2350,6,2,0
2350,7,0,1
2350,7,1,0
2350,7,2,0
2351,1,0,0
2351,2,1,0
2351,3,0,0
2351,3,1,0
2351,4,2,0
2351,5,0,0
2351,5,2,0
2351,6,1,0
2351,6,2,0
2351,7,0,0
2351,7,1,0
2351,7,2,0
2352,1,0,0
2352,2,1,0
2352,3,0,0
2352,3,1,0
2352,4,2,0
2352,5,0,0
2352,5,2,0
2352,6,1,0
2352,6,2,0
2352,7,0,0
2352,7,1,0
2352,7,2,0
2353,1,0,0
2353,2,1,0
2353,3,0,0
2353,3,1,0
2353,4,2,0
2353,5,0,0
2353,5,2,0
2353,6,1,0
2353,6,2,0
2353,7,0,0
2353,7,1,0
2353,7,2,0
2354,1,0,0
2354,2,1,0
2354,3,0,0
2354,3,1,0
2354,4,2,0
2354,5,0,0
2354,5,2,0
2354,6,1,0
2354,6,2,0
2354,7,0,0
2354,7,1,0
2354,7,2,0
2355,1,0,0
2355,2,1,0
2355,3,0,0
2355,3,1,0
2355,4,2,0
2355,5,0,0
2355,5,2,0
2355,6,1,0
2355,6,2,0
2355,7,0,0
2355,7,1,0
2355,7,2,0
2356,1,0,0
2356,2,1,0
2356,3,0,0
2356,3,1,0
2356,4,2,0
2356,5,0,0
2356,5,2,0
2356,6,1,0
2356,6,2,0
2356,7,0,0
2356,7,1,0
2356,7,2,0
2357,1,0,0
2357,2,1,0
2357,3,0,0
2357,3,1,0
2357,4,2,0
2357,5,0,0
2357,5,2,0
2357,6,1,0
2357,6,2,0
2357,7,0,0
2357,7,1,0
2357,7,2,0
2358,1,0,0
2358,2,1,0
2358,3,0,0
2358,3,1,0
2358,4,2,0
2358,5,0,0
2358,5,2,0
2358,6,1,0
2358,6,2,0
2358,7,0,0
2358,7,1,0
2358,7,2,0
2359,1,0,0
2359,2,1,0
2359,3,0,0
2359,3,1,0
2359,4,2,0
2359,5,0,0
2359,5,2,0
2359,6,1,0
2359,6,2,0
2359,7,0,0
2359,7,1,0
2359,7,2,0
2360,1,0,0
2360,2,1,0
2360,3,0,0
2360,3,1,0
2360,4,2,0
2360,5,0,0
2360,5,2,0
2360,6,1,0
2360,6,2,0
2360,7,0,0
2360,7,1,0
2360,7,2,0
2361,1,0,0
2361,2,1,0
2361,3,0,0
2361,3,1,0
2361,4,2,0
2361,5,0,0
2361,5,2,0
2361,6,1,0
2361,6,2,0
2361,7,0,0
2361,7,1,0
2361,7,2,0
2362,1,0,0
2362,2,1,0
2362,3,0,0
2362,3,1,0
2362,4,2,0
2362,5,0,0
2362,5,2,0
2362,6,1,0
2362,6,2,0
2362,7,0,0
2362,7,1,0
2362,7,2,0
2363,1,0,0
2363,2,1,0
2363,3,0,0
2363,3,1,0
2363,4,2,0
2363,5,0,0
2363,5,2,0
2363,6,1,0
2363,6,2,0
2363,7,0,0
2363,7,1,0
2363,7,2,0
2364,1,0,0
2364,2,1,0
2364,3,0,0
2364,3,1,0
2364,4,2,0
2364,5,0,0
2364,5,2,0
2364,6,1,0
2364,6,2,0
2364,7,0,0
2364,7,1,0
2364,7,2,0
2365,1,0,0
2365,2,1,0
2365,3,0,0
2365,3,1,0
2365,4,2,0
2365,5,0,0
2365,5,2,0
2365,6,1,0
2365,6,2,0
2365,7,0,0
2365,7,1,0
2365,7,2,0
2366,1,0,0
2366,2,1,0
2366,3,0,0
2366,3,1,0
2366,4,2,0
2366,5,0,0
2366,5,2,0
2366,6,1,0
2366,6,2,0
2366,7,0,0
2366,7,1,0
2366,7,2,0
2367,1,0,0
2367,2,1,0
2367,3,0,0
2367,3,1,0
2367,4,2,0
2367,5,0,0
2367,5,2,0
2367,6,1,0
2367,6,2,0
2367,7,0,0
2367,7,1,0
2367,7,2,0
2368,1,0,0
2368,2,1,0
2368,3,0,0
2368,3,1,0
2368,4,2,0
2368,5,0,0
2368,5,2,0
2368,6,1,0
2368,6,2,0
2368,7,0,0
2368,7,1,0
2368,7,2,0
2369,1,0,0
2369,2,1,0
2369,3,0,0
2369,3,1,0
2369,4,2,0
2369,5,0,0
2369,5,2,0
2369,6,1,0
2369,6,2,0
2369,7,0,0
2369,7,1,0
2369,7,2,0
2370,1,0,0
2370,2,1,0
2370,3,0,0
2370,3,1,0
2370,4,2,0
2370,5,0,0
2370,5,2,0
2370,6,1,0
2370,6,2,0
2370,7,0,0
2370,7,1,0
2370,7,2,0
2371,1,0,0
2371,2,1,0
2371,3,0,0
2371,3,1,0
2371,4,2,0
2371,5,0,0
2371,5,2,0
2371,6,1,0
2371,6,2,0
2371,7,0,0
2371,7,1,0
2371,7,2,0
2372,1,0,0
2372,2,1,0
2372,3,0,0
2372,3,1,0
2372,4,2,0
2372,5,0,0
2372,5,2,0
2372,6,1,0
2372,6,2,0
2372,7,0,0
2372,7,1,0
2372,7,2,0
2373,1,0,0
2373,2,1,0
2373,3,0,0
2373,3,1,0
2373,4,2,0
2373,5,0,0
2373,5,2,0
2373,6,1,0
2373,6,2,0
2373,7,0,0
2373,7,1,0
2373,7,2,0
2374,1,0,0
2374,2,1,0
2374,3,0,0
2374,3,1,0
2374,4,2,0
2374,5,0,0
2374,5,2,0
2374,6,1,0
2374,6,2,0
2374,7,0,0
2374,7,1,0
2374,7,2,0
2375,1,0,0
2375,2,1,0
2375,3,0,0
2375,3,1,0
2375,4,2,0
2375,5,0,0
2375,5,2,0
2375,6,1,0
2375,6,2,0
2375,7,0,0
2375,7,1,0
2375,7,2,0
2376,1,0,1
2376,2,1,0
2376,3,0,1
2376,3,1,0
2376,4,2,0
2376,5,0,1
2376,5,2,0
2376,6,1,0
2376,6,2,0
2376,7,0,1
2376,7,1,0
2376,7,2,0
2377,1,0,1
2377,2,1,0
2377,3,0,1
2377,3,1,0
2377,4,2,0
2377,5,0,1
2377,5,2,0
2377,6,1,0
2377,6,2,0
2377,7,0,1
2377,7,1,0
2377,7,2,0
2378,1,0,0
2378,2,1,0
2378,3,0,0
2378,3,1,0
2378,4,2,0
2378,5,0,0
2378,5,2,0
2378,6,1,0
2378,6,2,0
2378,7,0,0
2378,7,1,0
2378,7,2,0
2379,1,0,0
2379,2,1,0
2379,3,0,0
2379,3,1,0
2379,4,2,0
2379,5,0,0
2379,5,2,0
2379,6,1,0
2379,6,2,0
2379,7,0,0
2379,7,1,0
2379,7,2,0
2380,1,0,0
2380,2,1,0
2380,3,0,0
2380,3,1,0
2380,4,2,0
2380,5,0,0
2380,5,2,0
2380,6,1,0
2380,6,2,0
2380,7,0,0
2380,7,1,0
2380,7,2,0
2381,1,0,0
2381,2,1,0
2381,3,0,0
2381,3,1,0
2381,4,2,0
2381,5,0,0
2381,5,2,0
2381,6,1,0
2381,6,2,0
2381,7,0,0
2381,7,1,0
2381,7,2,0
2382,1,0,0
2382,2,1,0
2382,3,0,0
2382,3,1,0
2382,4,2,0
2382,5,0,0
2382,5,2,0
2382,6,1,0
2382,6,2,0
2382,7,0,0
2382,7,1,0
2382,7,2,0
2383,1,0,0
2383,2,1,0
2383,3,0,0
2383,3,1,0
2383,4,2,0
2383,5,0,0
2383,5,2,0
2383,6,1,0
2383,6,2,0
2383,7,0,0
2383,7,1,0
2383,7,2,0
2384,1,0,0
2384,2,1,0
2384,3,0,0
2384,3,1,0
2384,4,2,0
2384,5,0,0
2384,5,2,0
2384,6,1,0
2384,6,2,0
2384,7,0,0
2384,7,1,0
2384,7,2,0
2385,1,0,0
2385,2,1,0
2385,3,0,0
2385,3,1,0
2385,4,2,0
2385,5,0,0
2385,5,2,0
2385,6,1,0
2385,6,2,0
2385,7,0,0
2385,7,1,0
2385,7,2,0
2386,1,0,0
2386,2,1,0
2386,3,0,0
2386,3,1,0
2386,4,2,0
2386,5,0,0
2386,5,2,0
2386,6,1,0
2386,6,2,0
2386,7,0,0
2386,7,1,0
2386,7,2,0
2387,1,0,0
2387,2,1,0
2387,3,0,0
2387,3,1,0
2387,4,2,0
2387,5,0,0
2387,5,2,0
2387,6,1,0
2387,6,2,0
2387,7,0,0
2387,7,1,0
2387,7,2,0
2388,1,0,0
2388,2,1,0
2388,3,0,0
2388,3,1,0
2388,4,2,0
2388,5,0,0
2388,5,2,0
2388,6,1,0
2388,6,2,0
2388,7,0,0
2388,7,1,0
2388,7,2,0
2389,1,0,0
2389,2,1,0
2389,3,0,0
2389,3,1,0
2389,4,2,0
2389,5,0,0
2389,5,2,0
2389,6,1,0
2389,6,2,0
2389,7,0,0
2389,7,1,0
2389,7,2,0
2390,1,0,0
2390,2,1,0
2390,3,0,0
2390,3,1,0
2390,4,2,0
2390,5,0,0
2390,5,2,0
2390,6,1,0
2390,6,2,0
2390,7,0,0
2390,7,1,0
2390,7,2,0
2391,1,0,0
2391,2,1,0
2391,3,0,0
2391,3,1,0
2391,4,2,0
2391,5,0,0
2391,5,2,0
2391,6,1,0
2391,6,2,0
2391,7,0,0
2391,7,1,0
2391,7,2,0
2392,1,0,0
2392,2,1,0
2392,3,0,0
2392,3,1,0
2392,4,2,0
2392,5,0,0
2392,5,2,0
2392,6,1,0
2392,6,2,0
2392,7,0,0
2392,7,1,0
2392,7,2,0
2393,1,0,0
2393,2,1,0
2393,3,0,0
2393,3,1,0
2393,4,2,0
2393,5,0,0
2393,5,2,0
2393,6,1,0
2393,6,2,0
2393,7,0,0
2393,7,1,0
2393,7,2,0
2394,1,0,0
2394,2,1,0
2394,3,0,0
2394,3,1,0
2394,4,2,0
2394,5,0,0
2394,5,2,0
2394,6,1,0
2394,6,2,0
2394,7,0,0
2394,7,1,0
2394,7,2,0
2395,1,0,0
2395,2,1,0
2395,3,0,0
2395,3,1,0
2395,4,2,0
2395,5,0,0
2395,5,2,0
2395,6,1,0
2395,6,2,0
2395,7,0,0
2395,7,1,0
2395,7,2,0
2396,1,0,0
2396,2,1,0
2396,3,0,0
2396,3,1,0
2396,4,2,0
2396,5,0,0
2396,5,2,0
2396,6,1,0
2396,6,2,0
2396,7,0,0
2396,7,1,0
2396,7,2,0
2397,1,0,0
2397,2,1,0
2397,3,0,0
2397,3,1,0
2397,4,2,0
2397,5,0,0
2397,5,2,0
2397,6,1,0
2397,6,2,0
2397,7,0,0
2397,7,1,0
2397,7,2,0
2398,1,0,0
2398,2,1,0
2398,3,0,0
2398,3,1,0
2398,4,2,0
2398,5,0,0
2398,5,2,0
2398,6,1,0
2398,6,2,0
2398,7,0,0
2398,7,1,0
2398,7,2,0
2399,1,0,0
2399,2,1,0
2399,3,0,0
2399,3,1,0
2399,4,2,0
2399,5,0,0
2399,5,2,0
2399,6,1,0
2399,6,2,0
2399,7,0,0
2399,7,1,0
2399,7,2,0
2400,1,0,0
2400,2,1,0
2400,3,0,0
2400,3,1,0
2400,4,2,0
2400,5,0,0
2400,5,2,0
2400,6,1,0
2400,6,2,0
2400,7,0,0
2400,7,1,0
2400,7,2,0
2401,1,0,0
2401,2,1,0
2401,3,0,0
2401,3,1,0
2401,4,2,0
2401,5,0,0
2401,5,2,0
2401,6,1,0
2401,6,2,0
2401,7,0,0
2401,7,1,0
2401,7,2,0
2402,1,0,0
2402,2,1,0
2402,3,0,0
2402,3,1,0
2402,4,2,0
2402,5,0,0
2402,5,2,0
2402,6,1,0
2402,6,2,0
2402,7,0,0
2402,7,1,0
2402,7,2,0
2403,1,0,1
2403,2,1,0
2403,3,0,1
2403,3,1,0
2403,4,2,0
2403,5,0,1
2403,5,2,0
2403,6,1,0
2403,6,2,0
2403,7,0,1
2403,7,1,0
2403,7,2,0
2404,1,0,1
2404,2,1,0
2404,3,0,1
2404,3,1,0
2404,4,2,0
2404,5,0,1
2404,5,2,0
2404,6,1,0
2404,6,2,0
2404,7,0,1
2404,7,1,0
2404,7,2,0
2405,1,0,0
2405,2,1,0
2405,3,0,0
2405,3,1,0
2405,4,2,0
2405,5,0,0
2405,5,2,0
2405,6,1,0
2405,6,2,0
2405,7,0,0
2405,7,1,0
2405,7,2,0
2406,1,0,0
2406,2,1,0
2406,3,0,0
2406,3,1,0
2406,4,2,0
2406,5,0,0
2406,5,2,0
2406,6,1,0
2406,6,2,0
2406,7,0,0
2406,7,1,0
2406,7,2,0
2407,1,0,0
2407,2,1,0
2407,3,0,0
2407,3,1,0
2407,4,2,0
2407,5,0,0
2407,5,2,0
2407,6,1,0
2407,6,2,0
2407,7,0,0
2407,7,1,0
2407,7,2,0
2408,1,0,0
2408,2,1,0
2408,3,0,0
2408,3,1,0
2408,4,2,0
2408,5,0,0
2408,5,2,0
2408,6,1,0
2408,6,2,0
2408,7,0,0
2408,7,1,0
2408,7,2,0
2409,1,0,0
2409,2,1,0
2409,3,0,0
2409,3,1,0
2409,4,2,0
2409,5,0,0
2409,5,2,0
2409,6,1,0
2409,6,2,0
2409,7,0,0
2409,7,1,0
2409,7,2,0
2410,1,0,0
2410,2,1,0
2410,3,0,0
2410,3,1,0
2410,4,2,0
2410,5,0,0
2410,5,2,0
2410,6,1,0
2410,6,2,0
2410,7,0,0
2410,7,1,0
2410,7,2,0
2411,1,0,0
2411,2,1,0
2411,3,0,0
2411,3,1,0
2411,4,2,0
2411,5,0,0
2411,5,2,0
2411,6,1,0
2411,6,2,0
2411,7,0,0
2411,7,1,0
2411,7,2,0
2412,1,0,0
2412,2,1,0
2412,3,0,0
2412,3,1,0
2412,4,2,0
2412,5,0,0
2412,5,2,0
2412,6,1,0
2412,6,2,0
2412,7,0,0
2412,7,1,0
2412,7,2,0
2413,1,0,0
2413,2,1,0
2413,3,0,0
2413,3,1,0
2413,4,2,0
2413,5,0,0
2413,5,2,0
2413,6,1,0
2413,6,2,0
2413,7,0,0
2413,7,1,0
2413,7,2,0
2414,1,0,0
2414,2,1,0
2414,3,0,0
2414,3,1,0
2414,4,2,0
2414,5,0,0
2414,5,2,0
2414,6,1,0
2414,6,2,0
2414,7,0,0
2414,7,1,0
2414,7,2,0
2415,1,0,0
2415,2,1,0
2415,3,0,0
2415,3,1,0
2415,4,2,0
2415,5,0,0
2415,5,2,0
2415,6,1,0
2415,6,2,0
2415,7,0,0
2415,7,1,0
2415,7,2,0
2416,1,0,0
2416,2,1,0
2416,3,0,0
2416,3,1,0
2416,4,2,0
2416,5,0,0
2416,5,2,0
2416,6,1,0
2416,6,2,0
2416,7,0,0
2416,7,1,0
2416,7,2,0
2417,1,0,0
2417,2,1,0
2417,3,0,0
2417,3,1,0
2417,4,2,0
2417,5,0,0
2417,5,2,0
2417,6,1,0
2417,6,2,0
2417,7,0,0
2417,7,1,0
2417,7,2,0
2418,1,0,0
2418,2,1,0
2418,3,0,0
2418,3,1,0
2418,4,2,0
2418,5,0,0
2418,5,2,0
2418,6,1,0
2418,6,2,0
2418,7,0,0
2418,7,1,0
2418,7,2,0
2419,1,0,0
2419,2,1,0
2419,3,0,0
2419,3,1,0
2419,4,2,0
2419,5,0,0
2419,5,2,0
2419,6,1,0
2419,6,2,0
2419,7,0,0
2419,7,1,0
2419,7,2,0
2420,1,0,0
2420,2,1,0
2420,3,0,0
2420,3,1,0
2420,4,2,0
2420,5,0,0
2420,5,2,0
2420,6,1,0
2420,6,2,0
2420,7,0,0
2420,7,1,0
2420,7,2,0
2421,1,0,0
2421,2,1,0
2421,3,0,0
2421,3,1,0
2421,4,2,0
2421,5,0,0
2421,5,2,0
2421,6,1,0
2421,6,2,0
2421,7,0,0
2421,7,1,0
2421,7,2,0
2422,1,0,0
2422,2,1,0
2422,3,0,0
2422,3,1,0
2422,4,2,0
2422,5,0,0
2422,5,2,0
2422,6,1,0
2422,6,2,0
2422,7,0,0
2422,7,1,0
2422,7,2,0
2423,1,0,0
2423,2,1,0
2423,3,0,0
2423,3,1,0
2423,4,2,0
2423,5,0,0
2423,5,2,0
2423,6,1,0
2423,6,2,0
2423,7,0,0
2423,7,1,0
2423,7,2,0
2424,1,0,0
2424,2,1,0
2424,3,0,0
2424,3,1,0
2424,4,2,0
2424,5,0,0
2424,5,2,0
2424,6,1,0
2424,6,2,0
2424,7,0,0
2424,7,1,0
2424,7,2,0
2425,1,0,0
2425,2,1,0
2425,3,0,0
2425,3,1,0
2425,4,2,0
2425,5,0,0
2425,5,2,0
2425,6,1,0
2425,6,2,0
2425,7,0,0
2425,7,1,0
2425,7,2,0
2426,1,0,0
2426,2,1,0
2426,3,0,0
2426,3,1,0
2426,4,2,0
2426,5,0,0
2426,5,2,0
2426,6,1,0
2426,6,2,0
2426,7,0,0
2426,7,1,0
2426,7,2,0
2427,1,0,0
2427,2,1,0
2427,3,0,0
2427,3,1,0
2427,4,2,0
2427,5,0,0
2427,5,2,0
2427,6,1,0
2427,6,2,0
2427,7,0,0
2427,7,1,0
2427,7,2,0
2428,1,0,0
2428,2,1,0
2428,3,0,0
2428,3,1,0
2428,4,2,0
2428,5,0,0
2428,5,2,0
2428,6,1,0
2428,6,2,0
2428,7,0,0
2428,7,1,0
2428,7,2,0
2429,1,0,0
2429,2,1,0
2429,3,0,0
2429,3,1,0
2429,4,2,0
2429,5,0,0
2429,5,2,0
2429,6,1,0
2429,6,2,0
2429,7,0,0
2429,7,1,0
2429,7,2,0
2430,1,0,1
2430,2,1,1
2430,3,0,1
2430,3,1,1
2430,4,2,1
2430,5,0,1
2430,5,2,1
2430,6,1,1
2430,6,2,1
2430,7,0,1
2430,7,1,1
2430,7,2,1
2431,1,0,1
2431,2,1,1
2431,3,0,1
2431,3,1,1
2431,4,2,1
2431,5,0,1
2431,5,2,1
2431,6,1,1
2431,6,2,1
2431,7,0,1
2431,7,1,1
2431,7,2,1
2432,1,0,0
2432,2,1,1
2432,3,0,0
2432,3,1,1
2432,4,2,1
2432,5,0,0
2432,5,2,1
2432,6,1,1
2432,6,2,1
2432,7,0,0
2432,7,1,1
2432,7,2,1
2433,1,0,1
2433,2,1,1
2433,3,0,1
2433,3,1,1
2433,4,2,1
2433,5,0,1
2433,5,2,1
2433,6,1,1
2433,6,2,1
2433,7,0,1
2433,7,1,1
2433,7,2,1
2434,1,0,1
2434,2,1,1
2434,3,0,1
2434,3,1,1
2434,4,2,1
2434,5,0,1
2434,5,2,1
2434,6,1,1
2434,6,2,1
2434,7,0,1
2434,7,1,1
2434,7,2,1
2435,1,0,0
2435,2,1,1
2435,3,0,0
2435,3,1,1
2435,4,2,1
2435,5,0,0
2435,5,2,1
2435,6,1,1
2435,6,2,1
2435,7,0,0
2435,7,1,1
2435,7,2,1
2436,1,0,1
2436,2,1,1
2436,3,0,1
2436,3,1,1
2436,4,2,1
2436,5,0,1
2436,5,2,1
2436,6,1,1
2436,6,2,1
2436,7,0,1
2436,7,1,1
2436,7,2,1
2437,1,0,1
2437,2,1,1
2437,3,0,1
2437,3,1,1
2437,4,2,1
2437,5,0,1
2437,5,2,1
2437,6,1,1
2437,6,2,1
2437,7,0,1
2437,7,1,1
2437,7,2,1
2438,1,0,0
2438,2,1,1
2438,3,0,0
2438,3,1,1
2438,4,2,1
2438,5,0,0
2438,5,2,1
2438,6,1,1
2438,6,2,1
2438,7,0,0
2438,7,1,1
2438,7,2,1
2439,1,0,1
2439,2,1,1
2439,3,0,1
2439,3,1,1
2439,4,2,1
2439,5,0,1
2439,5,2,1
2439,6,1,1
2439,6,2,1
2439,7,0,1
2439,7,1,1
2439,7,2,1
2440,1,0,1
2440,2,1,1
2440,3,0,1
2440,3,1,1
2440,4,2,1
2440,5,0,1
2440,5,2,1
2440,6,1,1
2440,6,2,1
2440,7,0,1
2440,7,1,1
2440,7,2,1
2441,1,0,0
2441,2,1,1
2441,3,0,0
2441,3,1,1
2441,4,2,1
2441,5,0,0
2441,5,2,1
2441,6,1,1
2441,6,2,1
2441,7,0,0
2441,7,1,1
2441,7,2,1
2442,1,0,1
2442,2,1,1
2442,3,0,1
2442,3,1,1
2442,4,2,1
2442,5,0,1
2442,5,2,1
2442,6,1,1
2442,6,2,1
2442,7,0,1
2442,7,1,1
2442,7,2,1
2443,1,0,1
2443,2,1,1
2443,3,0,1
2443,3,1,1
2443,4,2,1
2443,5,0,1
2443,5,2,1
2443,6,1,1
2443,6,2,1
2443,7,0,1
2443,7,1,1
2443,7,2,1
2444,1,0,0
2444,2,1,1
2444,3,0,0
2444,3,1,1
2444,4,2,1
2444,5,0,0
2444,5,2,1
2444,6,1,1
2444,6,2,1
2444,7,0,0
2444,7,1,1
2444,7,2,1
2445,1,0,1
2445,2,1,1
2445,3,0,1
2445,3,1,1
2445,4,2,1
2445,5,0,1
2445,5,2,1
2445,6,1,1
2445,6,2,1
2445,7,0,1
2445,7,1,1
2445,7,2,1
2446,1,0,1
2446,2,1,1
2446,3,0,1
2446,3,1,1
2446,4,2,1
2446,5,0,1
2446,5,2,1
2446,6,1,1
2446,6,2,1
2446,7,0,1
2446,7,1,1
2446,7,2,1
2447,1,0,0
2447,2,1,1
2447,3,0,0
2447,3,1,1
2447,4,2,1
2447,5,0,0
2447,5,2,1
2447,6,1,1
2447,6,2,1
2447,7,0,0
2447,7,1,1
2447,7,2,1
2448,1,0,1
2448,2,1,1
2448,3,0,1
2448,3,1,1
2448,4,2,1
2448,5,0,1
2448,5,2,1
2448,6,1,1
2448,6,2,1
2448,7,0,1
2448,7,1,1
2448,7,2,1
2449,1,0,1
2449,2,1,1
2449,3,0,1
2449,3,1,1
2449,4,2,1
2449,5,0,1
2449,5,2,1
2449,6,1,1
2449,6,2,1
2449,7,0,1
2449,7,1,1
2449,7,2,1
2450,1,0,0
2450,2,1,1
2450,3,0,0
2450,3,1,1
2450,4,2,1
2450,5,0,0
2450,5,2,1
2450,6,1,1
2450,6,2,1
2450,7,0,0
2450,7,1,1
2450,7,2,1
2451,1,0,1
2451,2,1,1
2451,3,0,1
2451,3,1,1
2451,4,2,1
2451,5,0,1
2451,5,2,1
2451,6,1,1
2451,6,2,1
2451,7,0,1
2451,7,1,1
2451,7,2,1
2452,1,0,1
2452,2,1,1
2452,3,0,1
2452,3,1,1
2452,4,2,1
2452,5,0,1
2452,5,2,1
2452,6,1,1
2452,6,2,1
2452,7,0,1
2452,7,1,1
2452,7,2,1
2453,1,0,0
2453,2,1,1
2453,3,0,0
2453,3,1,1
2453,4,2,1
2453,5,0,0
2453,5,2,1
2453,6,1,1
2453,6,2,1
2453,7,0,0
2453,7,1,1
2453,7,2,1
2454,1,0,1
2454,2,1,1
2454,3,0,1
2454,3,1,1
2454,4,2,1
2454,5,0,1
2454,5,2,1
2454,6,1,1
2454,6,2,1
2454,7,0,1
2454,7,1,1
2454,7,2,1
2455,1,0,1
2455,2,1,1
2455,3,0,1
2455,3,1,1
2455,4,2,1
2455,5,0,1
2455,5,2,1
2455,6,1,1
2455,6,2,1
2455,7,0,1
2455,7,1,1
2455,7,2,1
2456,1,0,0
2456,2,1,1
2456,3,0,0
2456,3,1,1
2456,4,2,1
2456,5,0,0
2456,5,2,1
2456,6,1,1
2456,6,2,1
2456,7,0,0
2456,7,1,1
2456,7,2,1
2457,1,0,1
2457,2,1,1
2457,3,0,1
2457,3,1,1
2457,4,2,1
2457,5,0,1
2457,5,2,1
2457,6,1,1
2457,6,2,1
2457,7,0,1
2457,7,1,1
2457,7,2,1
2458,1,0,1
2458,2,1,1
2458,3,0,1
2458,3,1,1
2458,4,2,1
2458,5,0,1
2458,5,2,1
2458,6,1,1
2458,6,2,1
2458,7,0,1
2458,7,1,1
2458,7,2,1
2459,1,0,0
2459,2,1,0
2459,3,0,0
2459,3,1,0
2459,4,2,0
2459,5,0,0
2459,5,2,0
2459,6,1,0
2459,6,2,0
2459,7,0,0
2459,7,1,0
2459,7,2,0
2460,1,0,1
2460,2,1,1
2460,3,0,1
2460,3,1,1
2460,4,2,1
2460,5,0,1
2460,5,2,1
2460,6,1,1
2460,6,2,1
2460,7,0,1
2460,7,1,1
2460,7,2,1
2461,1,0,1
2461,2,1,1
2461,3,0,1
2461,3,1,1
2461,4,2,1
2461,5,0,1
2461,5,2,1
2461,6,1,1
2461,6,2,1
2461,7,0,1
2461,7,1,1
2461,7,2,1
2462,1,0,0
2462,2,1,0
2462,3,0,0
2462,3,1,0
2462,4,2,0
2462,5,0,0
2462,5,2,0
2462,6,1,0
2462,6,2,0
2462,7,0,0
2462,7,1,0
2462,7,2,0
2463,1,0,0
2463,2,1,0
2463,3,0,0
2463,3,1,0
2463,4,2,0
2463,5,0,0
2463,5,2,0
2463,6,1,0
2463,6,2,0
2463,7,0,0
2463,7,1,0
2463,7,2,0
2464,1,0,0
2464,2,1,0
2464,3,0,0
2464,3,1,0
2464,4,2,0
2464,5,0,0
2464,5,2,0
2464,6,1,0
2464,6,2,0
2464,7,0,0
2464,7,1,0
2464,7,2,0
2465,1,0,0
2465,2,1,0
2465,3,0,0
2465,3,1,0
2465,4,2,0
2465,5,0,0
2465,5,2,0
2465,6,1,0
2465,6,2,0
2465,7,0,0
2465,7,1,0
2465,7,2,0
2466,1,0,1
2466,2,1,1
2466,3,0,1
2466,3,1,1
2466,4,2,1
2466,5,0,1
2466,5,2,1
2466,6,1,1
2466,6,2,1
2466,7,0,1
2466,7,1,1
2466,7,2,1
2467,1,0,1
2467,2,1,1
2467,3,0,1
2467,3,1,1
2467,4,2,1
2467,5,0,1
2467,5,2,1
2467,6,1,1
2467,6,2,1
2467,7,0,1
2467,7,1,1
2467,7,2,1
2468,1,0,0
2468,2,1,0
2468,3,0,0
2468,3,1,0
2468,4,2,0
2468,5,0,0
2468,5,2,0
2468,6,1,0
2468,6,2,0
2468,7,0,0
2468,7,1,0
2468,7,2,0
2469,1,0,1
2469,2,1,1
2469,3,0,1
2469,3,1,1
2469,4,2,1
2469,5,0,1
2469,5,2,1
2469,6,1,1
2469,6,2,1
2469,7,0,1
2469,7,1,1
2469,7,2,1
2470,1,0,1
2470,2,1,1
2470,3,0,1
2470,3,1,1
2470,4,2,1
2470,5,0,1
2470,5,2,1
2470,6,1,1
2470,6,2,1
2470,7,0,1
2470,7,1,1
2470,7,2,1
2471,1,0,0
2471,2,1,0
2471,3,0,0
2471,3,1,0
2471,4,2,0
2471,5,0,0
2471,5,2,0
2471,6,1,0
2471,6,2,0
2471,7,0,0
2471,7,1,0
2471,7,2,0
2472,1,0,0
2472,2,1,0
2472,3,0,0
2472,3,1,0
2472,4,2,0
2472,5,0,0
2472,5,2,0
2472,6,1,0
2472,6,2,0
2472,7,0,0
2472,7,1,0
2472,7,2,0
2473,1,0,0
2473,2,1,0
2473,3,0,0
2473,3,1,0
2473,4,2,0
2473,5,0,0
2473,5,2,0
2473,6,1,0
2473,6,2,0
2473,7,0,0
2473,7,1,0
2473,7,2,0
2474,1,0,0
2474,2,1,0
2474,3,0,0
2474,3,1,0
2474,4,2,0
2474,5,0,0
2474,5,2,0
2474,6,1,0
2474,6,2,0
2474,7,0,0
2474,7,1,0
2474,7,2,0
2475,1,0,0
2475,2,1,0
2475,3,0,0
2475,3,1,0
2475,4,2,0
2475,5,0,0
2475,5,2,0
2475,6,1,0
2475,6,2,0
2475,7,0,0
2475,7,1,0
2475,7,2,0
2476,1,0,0
2476,2,1,0
2476,3,0,0
2476,3,1,0
2476,4,2,0
2476,5,0,0
2476,5,2,0
2476,6,1,0
2476,6,2,0
2476,7,0,0
2476,7,1,0
2476,7,2,0
2477,1,0,0
2477,2,1,0
2477,3,0,0
2477,3,1,0
2477,4,2,0
2477,5,0,0
2477,5,2,0
2477,6,1,0
2477,6,2,0
2477,7,0,0
2477,7,1,0
2477,7,2,0
2478,1,0,0
2478,2,1,0
2478,3,0,0
2478,3,1,0
2478,4,2,0
2478,5,0,0
2478,5,2,0
2478,6,1,0
2478,6,2,0
2478,7,0,0
2478,7,1,0
2478,7,2,0
2479,1,0,0
2479,2,1,0
2479,3,0,0
2479,3,1,0
2479,4,2,0
2479,5,0,0
2479,5,2,0
2479,6,1,0
2479,6,2,0
2479,7,0,0
2479,7,1,0
2479,7,2,0
2480,1,0,0
2480,2,1,0
2480,3,0,0
2480,3,1,0
2480,4,2,0
2480,5,0,0
2480,5,2,0
2480,6,1,0
2480,6,2,0
2480,7,0,0
2480,7,1,0
2480,7,2,0
2481,1,0,0
2481,2,1,0
2481,3,0,0
2481,3,1,0
2481,4,2,0
2481,5,0,0
2481,5,2,0
2481,6,1,0
2481,6,2,0
2481,7,0,0
2481,7,1,0
2481,7,2,0
2482,1,0,0
2482,2,1,0
2482,3,0,0
2482,3,1,0
2482,4,2,0
2482,5,0,0
2482,5,2,0
2482,6,1,0
2482,6,2,0
2482,7,0,0
2482,7,1,0
2482,7,2,0
2483,1,0,0
2483,2,1,0
2483,3,0,0
2483,3,1,0
2483,4,2,0
2483,5,0,0
2483,5,2,0
2483,6,1,0
2483,6,2,0
2483,7,0,0
2483,7,1,0
2483,7,2,0
2484,1,0,1
2484,2,1,1
2484,3,0,1
2484,3,1,1
2484,4,2,1
2484,5,0,1
2484,5,2,1
2484,6,1,1
2484,6,2,1
2484,7,0,1
2484,7,1,1
2484,7,2,1
2485,1,0,1
2485,2,1,1
2485,3,0,1
2485,3,1,1
2485,4,2,1
2485,5,0,1
2485,5,2,1
2485,6,1,1
2485,6,2,1
2485,7,0,1
2485,7,1,1
2485,7,2,1
2486,1,0,0
2486,2,1,0
2486,3,0,0
2486,3,1,0
2486,4,2,0
2486,5,0,0
2486,5,2,0
2486,6,1,0
2486,6,2,0
2486,7,0,0
2486,7,1,0
2486,7,2,0
2487,1,0,0
2487,2,1,0
2487,3,0,0
2487,3,1,0
2487,4,2,0
2487,5,0,0
2487,5,2,0
2487,6,1,0
2487,6,2,0
2487,7,0,0
2487,7,1,0
2487,7,2,0
2488,1,0,0
2488,2,1,0
2488,3,0,0
2488,3,1,0
2488,4,2,0
2488,5,0,0
2488,5,2,0
2488,6,1,0
2488,6,2,0
2488,7,0,0
2488,7,1,0
2488,7,2,0
2489,1,0,0
2489,2,1,0
2489,3,0,0
2489,3,1,0
2489,4,2,0
2489,5,0,0
2489,5,2,0
2489,6,1,0
2489,6,2,0
2489,7,0,0
2489,7,1,0
2489,7,2,0
2490,1,0,0
2490,2,1,0
2490,3,0,0
2490,3,1,0
2490,4,2,0
2490,5,0,0
2490,5,2,0
2490,6,1,0
2490,6,2,0
2490,7,0,0
2490,7,1,0
2490,7,2,0
2491,1,0,0
2491,2,1,0
2491,3,0,0
2491,3,1,0
2491,4,2,0
2491,5,0,0
2491,5,2,0
2491,6,1,0
2491,6,2,0
2491,7,0,0
2491,7,1,0
2491,7,2,0
2492,1,0,0
2492,2,1,0
2492,3,0,0
2492,3,1,0
2492,4,2,0
2492,5,0,0
2492,5,2,0
2492,6,1,0
2492,6,2,0
2492,7,0,0
2492,7,1,0
2492,7,2,0
2493,1,0,0
2493,2,1,0
2493,3,0,0
2493,3,1,0
2493,4,2,0
2493,5,0,0
2493,5,2,0
2493,6,1,0
2493,6,2,0
2493,7,0,0
2493,7,1,0
2493,7,2,0
2494,1,0,0
2494,2,1,0
2494,3,0,0
2494,3,1,0
2494,4,2,0
2494,5,0,0
2494,5,2,0
2494,6,1,0
2494,6,2,0
2494,7,0,0
2494,7,1,0
2494,7,2,0
2495,1,0,0
2495,2,1,0
2495,3,0,0
2495,3,1,0
2495,4,2,0
2495,5,0,0
2495,5,2,0
2495,6,1,0
2495,6,2,0
2495,7,0,0
2495,7,1,0
2495,7,2,0
2496,1,0,0
2496,2,1,0
2496,3,0,0
2496,3,1,0
2496,4,2,0
2496,5,0,0
2496,5,2,0
2496,6,1,0
2496,6,2,0
2496,7,0,0
2496,7,1,0
2496,7,2,0
2497,1,0,0
2497,2,1,0
2497,3,0,0
2497,3,1,0
2497,4,2,0
2497,5,0,0
2497,5,2,0
2497,6,1,0
2497,6,2,0
2497,7,0,0
2497,7,1,0
2497,7,2,0
2498,1,0,0
2498,2,1,0
2498,3,0,0
2498,3,1,0
2498,4,2,0
2498,5,0,0
2498,5,2,0
2498,6,1,0
2498,6,2,0
2498,7,0,0
2498,7,1,0
2498,7,2,0
2499,1,0,0
2499,2,1,0
2499,3,0,0
2499,3,1,0
2499,4,2,0
2499,5,0,0
2499,5,2,0
2499,6,1,0
2499,6,2,0
2499,7,0,0
2499,7,1,0
2499,7,2,0
2500,1,0,0
2500,2,1,0
2500,3,0,0
2500,3,1,0
2500,4,2,0
2500,5,0,0
2500,5,2,0
2500,6,1,0
2500,6,2,0
2500,7,0,0
2500,7,1,0
2500,7,2,0
2501,1,0,0
2501,2,1,0
2501,3,0,0
2501,3,1,0
2501,4,2,0
2501,5,0,0
2501,5,2,0
2501,6,1,0
2501,6,2,0
2501,7,0,0
2501,7,1,0
2501,7,2,0
2502,1,0,0
2502,2,1,0
2502,3,0,0
2502,3,1,0
2502,4,2,0
2502,5,0,0
2502,5,2,0
2502,6,1,0
2502,6,2,0
2502,7,0,0
2502,7,1,0
2502,7,2,0
2503,1,0,0
2503,2,1,0
2503,3,0,0
2503,3,1,0
2503,4,2,0
2503,5,0,0
2503,5,2,0
2503,6,1,0
2503,6,2,0
2503,7,0,0
2503,7,1,0
2503,7,2,0
2504,1,0,0
2504,2,1,0
2504,3,0,0
2504,3,1,0
2504,4,2,0
2504,5,0,0
2504,5,2,0
2504,6,1,0
2504,6,2,0
2504,7,0,0
2504,7,1,0
2504,7,2,0
2505,1,0,0
2505,2,1,0
2505,3,0,0
2505,3,1,0
2505,4,2,0
2505,5,0,0
2505,5,2,0
2505,6,1,0
2505,6,2,0
2505,7,0,0
2505,7,1,0
2505,7,2,0
2506,1,0,0
2506,2,1,0
2506,3,0,0
2506,3,1,0
2506,4,2,0
2506,5,0,0
2506,5,2,0
2506,6,1,0
2506,6,2,0
2506,7,0,0
2506,7,1,0
2506,7,2,0
2507,1,0,0
2507,2,1,0
2507,3,0,0
2507,3,1,0
2507,4,2,0
2507,5,0,0
2507,5,2,0
2507,6,1,0
2507,6,2,0
2507,7,0,0
2507,7,1,0
2507,7,2,0
2508,1,0,0
2508,2,1,0
2508,3,0,0
2508,3,1,0
2508,4,2,0
2508,5,0,0
2508,5,2,0
2508,6,1,0
2508,6,2,0
2508,7,0,0
2508,7,1,0
2508,7,2,0
2509,1,0,0
2509,2,1,0
2509,3,0,0
2509,3,1,0
2509,4,2,0
2509,5,0,0
2509,5,2,0
2509,6,1,0
2509,6,2,0
2509,7,0,0
2509,7,1,0
2509,7,2,0
2510,1,0,0
2510,2,1,0
2510,3,0,0
2510,3,1,0
2510,4,2,0
2510,5,0,0
2510,5,2,0
2510,6,1,0
2510,6,2,0
2510,7,0,0
2510,7,1,0
2510,7,2,0
2511,1,0,1
2511,2,1,1
2511,3,0,1
2511,3,1,1
2511,4,2,1
2511,5,0,1
2511,5,2,1
2511,6,1,1
2511,6,2,1
2511,7,0,1
2511,7,1,1
2511,7,2,1
2512,1,0,1
2512,2,1,1
2512,3,0,1
2512,3,1,1
2512,4,2,1
2512,5,0,1
2512,5,2,1
2512,6,1,1
2512,6,2,1
2512,7,0,1
2512,7,1,1
2512,7,2,1
2513,1,0,0
2513,2,1,1
2513,3,0,0
2513,3,1,1
2513,4,2,1
2513,5,0,0
2513,5,2,1
2513,6,1,1
2513,6,2,1
2513,7,0,0
2513,7,1,1
2513,7,2,1
2514,1,0,1
2514,2,1,1
2514,3,0,1
2514,3,1,1
2514,4,2,1
2514,5,0,1
2514,5,2,1
2514,6,1,1
2514,6,2,1
2514,7,0,1
2514,7,1,1
2514,7,2,1
2515,1,0,1
2515,2,1,1
2515,3,0,1
2515,3,1,1
2515,4,2,1
2515,5,0,1
2515,5,2,1
2515,6,1,1
2515,6,2,1
2515,7,0,1
2515,7,1,1
2515,7,2,1
2516,1,0,0
2516,2,1,1
2516,3,0,0
2516,3,1,1
2516,4,2,1
2516,5,0,0
2516,5,2,1
2516,6,1,1
2516,6,2,1
2516,7,0,0
2516,7,1,1
2516,7,2,1
2517,1,0,1
2517,2,1,1
2517,3,0,1
2517,3,1,1
2517,4,2,1
2517,5,0,1
2517,5,2,1
2517,6,1,1
2517,6,2,1
2517,7,0,1
2517,7,1,1
2517,7,2,1
2518,1,0,1
2518,2,1,1
2518,3,0,1
2518,3,1,1
2518,4,2,1
2518,5,0,1
2518,5,2,1
2518,6,1,1
2518,6,2,1
2518,7,0,1
2518,7,1,1
2518,7,2,1
2519,1,0,0
2519,2,1,1
2519,3,0,0
2519,3,1,1
2519,4,2,1
2519,5,0,0
2519,5,2,1
2519,6,1,1
2519,6,2,1
2519,7,0,0
2519,7,1,1
2519,7,2,1
2520,1,0,1
2520,2,1,1
2520,3,0,1
2520,3,1,1
2520,4,2,1
2520,5,0,1
2520,5,2,1
2520,6,1,1
2520,6,2,1
2520,7,0,1
2520,7,1,1
2520,7,2,1
2521,1,0,1
2521,2,1,1
2521,3,0,1
2521,3,1,1
2521,4,2,1
2521,5,0,1
2521,5,2,1
2521,6,1,1
2521,6,2,1
2521,7,0,1
2521,7,1,1
2521,7,2,1
2522,1,0,0
2522,2,1,1
2522,3,0,0
2522,3,1,1
2522,4,2,1
2522,5,0,0
2522,5,2,1
2522,6,1,1
2522,6,2,1
2522,7,0,0
2522,7,1,1
2522,7,2,1
2523,1,0,1
2523,2,1,1
2523,3,0,1
2523,3,1,1
2523,4,2,1
2523,5,0,1
2523,5,2,1
2523,6,1,1
2523,6,2,1
2523,7,0,1
2523,7,1,1
2523,7,2,1
2524,1,0,1
2524,2,1,1
2524,3,0,1
2524,3,1,1
2524,4,2,1
2524,5,0,1
2524,5,2,1
2524,6,1,1
2524,6,2,1
2524,7,0,1
2524,7,1,1
2524,7,2,1
2525,1,0,0
2525,2,1,1
2525,3,0,0
2525,3,1,1
2525,4,2,1
2525,5,0,0
2525,5,2,1
2525,6,1,1
2525,6,2,1
2525,7,0,0
2525,7,1,1
2525,7,2,1
2526,1,0,1
2526,2,1,1
2526,3,0,1
2526,3,1,1
2526,4,2,1
2526,5,0,1
2526,5,2,1
2526,6,1,1
2526,6,2,1
2526,7,0,1
2526,7,1,1
2526,7,2,1
2527,1,0,1
2527,2,1,1
2527,3,0,1
2527,3,1,1
2527,4,2,1
2527,5,0,1
2527,5,2,1
2527,6,1,1
2527,6,2,1
2527,7,0,1
2527,7,1,1
2527,7,2,1
2528,1,0,0
2528,2,1,1
2528,3,0,0
2528,3,1,1
2528,4,2,1
2528,5,0,0
2528,5,2,1
2528,6,1,1
2528,6,2,1
2528,7,0,0
2528,7,1,1
2528,7,2,1
2529,1,0,1
2529,2,1,1
2529,3,0,1
2529,3,1,1
2529,4,2,1
2529,5,0,1
2529,5,2,1
2529,6,1,1
2529,6,2,1
2529,7,0,1
2529,7,1,1
2529,7,2,1
2530,1,0,1
2530,2,1,1
2530,3,0,1
2530,3,1,1
2530,4,2,1
2530,5,0,1
2530,5,2,1
2530,6,1,1
2530,6,2,1
2530,7,0,1
2530,7,1,1
2530,7,2,1
2531,1,0,0
2531,2,1,1
2531,3,0,0
2531,3,1,1
2531,4,2,1
2531,5,0,0
2531,5,2,1
2531,6,1,1
2531,6,2,1
2531,7,0,0
2531,7,1,1
2531,7,2,1
2532,1,0,1
2532,2,1,1
2532,3,0,1
2532,3,1,1
2532,4,2,1
2532,5,0,1
2532,5,2,1
2532,6,1,1
2532,6,2,1
2532,7,0,1
2532,7,1,1
2532,7,2,1
2533,1,0,1
2533,2,1,1
2533,3,0,1
2533,3,1,1
2533,4,2,1
2533,5,0,1
2533,5,2,1
2533,6,1,1
2533,6,2,1
2533,7,0,1
2533,7,1,1
2533,7,2,1
2534,1,0,0
2534,2,1,1
2534,3,0,0
2534,3,1,1
2534,4,2,1
2534,5,0,0
2534,5,2,1
2534,6,1,1
2534,6,2,1
2534,7,0,0
2534,7,1,1
2534,7,2,1
2535,1,0,1
2535,2,1,1
2535,3,0,1
2535,3,1,1
2535,4,2,1
2535,5,0,1
2535,5,2,1
2535,6,1,1
2535,6,2,1
2535,7,0,1
2535,7,1,1
2535,7,2,1
2536,1,0,1
2536,2,1,1
2536,3,0,1
2536,3,1,1
2536,4,2,1
2536,5,0,1
2536,5,2,1
2536,6,1,1
2536,6,2,1
2536,7,0,1
2536,7,1,1
2536,7,2,1
2537,1,0,0
2537,2,1,1
2537,3,0,0
2537,3,1,1
2537,4,2,1
2537,5,0,0
2537,5,2,1
2537,6,1,1
2537,6,2,1
2537,7,0,0
2537,7,1,1
2537,7,2,1
2538,1,0,1
2538,2,1,1
2538,3,0,1
2538,3,1,1
2538,4,2,1
2538,5,0,1
2538,5,2,1
2538,6,1,1
2538,6,2,1
2538,7,0,1
2538,7,1,1
2538,7,2,1
2539,1,0,1
2539,2,1,1
2539,3,0,1
2539,3,1,1
2539,4,2,1
2539,5,0,1
2539,5,2,1
2539,6,1,1
2539,6,2,1
2539,7,0,1
2539,7,1,1
2539,7,2,1
2540,1,0,0
2540,2,1,0
2540,3,0,0
2540,3,1,0
2540,4,2,0
2540,5,0,0
2540,5,2,0
2540,6,1,0
2540,6,2,0
2540,7,0,0
2540,7,1,0
2540,7,2,0
2541,1,0,1
2541,2,1,1
2541,3,0,1
2541,3,1,1
2541,4,2,1
2541,5,0,1
2541,5,2,1
2541,6,1,1
2541,6,2,1
2541,7,0,1
2541,7,1,1
2541,7,2,1
2542,1,0,1
2542,2,1,1
2542,3,0,1
2542,3,1,1
2542,4,2,1
2542,5,0,1
2542,5,2,1
2542,6,1,1
2542,6,2,1
2542,7,0,1
2542,7,1,1
2542,7,2,1
2543,1,0,0
2543,2,1,0
2543,3,0,0
2543,3,1,0
2543,4,2,0
2543,5,0,0
2543,5,2,0
2543,6,1,0
2543,6,2,0
2543,7,0,0
2543,7,1,0
2543,7,2,0
2544,1,0,0
2544,2,1,0
2544,3,0,0
2544,3,1,0
2544,4,2,0
2544,5,0,0
2544,5,2,0
2544,6,1,0
2544,6,2,0
2544,7,0,0
2544,7,1,0
2544,7,2,0
2545,1,0,0
2545,2,1,0
2545,3,0,0
2545,3,1,0
2545,4,2,0
2545,5,0,0
2545,5,2,0
2545,6,1,0
2545,6,2,0
2545,7,0,0
2545,7,1,0
2545,7,2,0
2546,1,0,0
2546,2,1,0
2546,3,0,0
2546,3,1,0
2546,4,2,0
2546,5,0,0
2546,5,2,0
2546,6,1,0
2546,6,2,0
2546,7,0,0
2546,7,1,0
2546,7,2,0
2547,1,0,1
2547,2,1,1
2547,3,0,1
2547,3,1,1
2547,4,2,1
2547,5,0,1
2547,5,2,1
2547,6,1,1
2547,6,2,1
2547,7,0,1
2547,7,1,1
2547,7,2,1
2548,1,0,1
2548,2,1,1
2548,3,0,1
2548,3,1,1
2548,4,2,1
2548,5,0,1
2548,5,2,1
2548,6,1,1
2548,6,2,1
2548,7,0,1
2548,7,1,1
2548,7,2,1
2549,1,0,0
2549,2,1,0
2549,3,0,0
2549,3,1,0
2549,4,2,0
2549,5,0,0
2549,5,2,0
2549,6,1,0
2549,6,2,0
2549,7,0,0
2549,7,1,0
2549,7,2,0
2550,1,0,1
2550,2,1,1
2550,3,0,1
2550,3,1,1
2550,4,2,1
2550,5,0,1
2550,5,2,1
2550,6,1,1
2550,6,2,1
2550,7,0,1
2550,7,1,1
2550,7,2,1
2551,1,0,1
2551,2,1,1
2551,3,0,1
2551,3,1,1
2551,4,2,1
2551,5,0,1
2551,5,2,1
2551,6,1,1
2551,6,2,1
2551,7,0,1
2551,7,1,1
2551,7,2,1
2552,1,0,0
2552,2,1,0
2552,3,0,0
2552,3,1,0
2552,4,2,0
2552,5,0,0
2552,5,2,0
2552,6,1,0
2552,6,2,0
2552,7,0,0
2552,7,1,0
2552,7,2,0
2553,1,0,0
2553,2,1,0
2553,3,0,0
2553,3,1,0
2553,4,2,0
2553,5,0,0
2553,5,2,0
2553,6,1,0
2553,6,2,0
2553,7,0,0
2553,7,1,0
2553,7,2,0
2554,1,0,0
2554,2,1,0
2554,3,0,0
2554,3,1,0
2554,4,2,0
2554,5,0,0
2554,5,2,0
2554,6,1,0
2554,6,2,0
2554,7,0,0
2554,7,1,0
2554,7,2,0
2555,1,0,0
2555,2,1,0
2555,3,0,0
2555,3,1,0
2555,4,2,0
2555,5,0,0
2555,5,2,0
2555,6,1,0
2555,6,2,0
2555,7,0,0
2555,7,1,0
2555,7,2,0
2556,1,0,0
2556,2,1,0
2556,3,0,0
2556,3,1,0
2556,4,2,0
2556,5,0,0
2556,5,2,0
2556,6,1,0
2556,6,2,0
2556,7,0,0
2556,7,1,0
2556,7,2,0
2557,1,0,0
2557,2,1,0
2557,3,0,0
2557,3,1,0
2557,4,2,0
2557,5,0,0
2557,5,2,0
2557,6,1,0
2557,6,2,0
2557,7,0,0
2557,7,1,0
2557,7,2,0
2558,1,0,0
2558,2,1,0
2558,3,0,0
2558,3,1,0
2558,4,2,0
2558,5,0,0
2558,5,2,0
2558,6,1,0
2558,6,2,0
2558,7,0,0
2558,7,1,0
2558,7,2,0
2559,1,0,0
2559,2,1,0
2559,3,0,0
2559,3,1,0
2559,4,2,0
2559,5,0,0
2559,5,2,0
2559,6,1,0
2559,6,2,0
2559,7,0,0
2559,7,1,0
2559,7,2,0
2560,1,0,0
2560,2,1,0
2560,3,0,0
2560,3,1,0
2560,4,2,0
2560,5,0,0
2560,5,2,0
2560,6,1,0
2560,6,2,0
2560,7,0,0
2560,7,1,0
2560,7,2,0
2561,1,0,0
2561,2,1,0
2561,3,0,0
2561,3,1,0
2561,4,2,0
2561,5,0,0
2561,5,2,0
2561,6,1,0
2561,6,2,0
2561,7,0,0
2561,7,1,0
2561,7,2,0
2562,1,0,0
2562,2,1,0
2562,3,0,0
2562,3,1,0
2562,4,2,0
2562,5,0,0
2562,5,2,0
2562,6,1,0
2562,6,2,0
2562,7,0,0
2562,7,1,0
2562,7,2,0
2563,1,0,0
2563,2,1,0
2563,3,0,0
2563,3,1,0
2563,4,2,0
2563,5,0,0
2563,5,2,0
2563,6,1,0
2563,6,2,0
2563,7,0,0
2563,7,1,0
2563,7,2,0
2564,1,0,0
2564,2,1,0
2564,3,0,0
2564,3,1,0
2564,4,2,0
2564,5,0,0
2564,5,2,0
2564,6,1,0
2564,6,2,0
2564,7,0,0
2564,7,1,0
2564,7,2,0
2565,1,0,1
2565,2,1,1
2565,3,0,1
2565,3,1,1
2565,4,2,1
2565,5,0,1
2565,5,2,1
2565,6,1,1
2565,6,2,1
2565,7,0,1
2565,7,1,1
2565,7,2,1
2566,1,0,1
2566,2,1,1
2566,3,0,1
2566,3,1,1
2566,4,2,1
2566,5,0,1
2566,5,2,1
2566,6,1,1
2566,6,2,1
2566,7,0,1
2566,7,1,1
2566,7,2,1
2567,1,0,0
2567,2,1,0
2567,3,0,0
2567,3,1,0
2567,4,2,0
2567,5,0,0
2567,5,2,0
2567,6,1,0
2567,6,2,0
2567,7,0,0
2567,7,1,0
2567,7,2,0
2568,1,0,0
2568,2,1,0
2568,3,0,0
2568,3,1,0
2568,4,2,0
2568,5,0,0
2568,5,2,0
2568,6,1,0
2568,6,2,0
2568,7,0,0
2568,7,1,0
2568,7,2,0
2569,1,0,0
2569,2,1,0
2569,3,0,0
2569,3,1,0
2569,4,2,0
2569,5,0,0
2569,5,2,0
2569,6,1,0
2569,6,2,0
2569,7,0,0
2569,7,1,0
2569,7,2,0
2570,1,0,0
2570,2,1,0
2570,3,0,0
2570,3,1,0
2570,4,2,0
2570,5,0,0
2570,5,2,0
2570,6,1,0
2570,6,2,0
2570,7,0,0
2570,7,1,0
2570,7,2,0
2571,1,0,0
2571,2,1,0
2571,3,0,0
2571,3,1,0
2571,4,2,0
2571,5,0,0
2571,5,2,0
2571,6,1,0
2571,6,2,0
2571,7,0,0
2571,7,1,0
2571,7,2,0
2572,1,0,0
2572,2,1,0
2572,3,0,0
2572,3,1,0
2572,4,2,0
2572,5,0,0
2572,5,2,0
2572,6,1,0
2572,6,2,0
2572,7,0,0
2572,7,1,0
2572,7,2,0
2573,1,0,0
2573,2,1,0
2573,3,0,0
2573,3,1,0
2573,4,2,0
2573,5,0,0
2573,5,2,0
2573,6,1,0
2573,6,2,0
2573,7,0,0
2573,7,1,0
2573,7,2,0
2574,1,0,0
2574,2,1,0
2574,3,0,0
2574,3,1,0
2574,4,2,0
2574,5,0,0
2574,5,2,0
2574,6,1,0
2574,6,2,0
2574,7,0,0
2574,7,1,0
2574,7,2,0
2575,1,0,0
2575,2,1,0
2575,3,0,0
2575,3,1,0
2575,4,2,0
2575,5,0,0
2575,5,2,0
2575,6,1,0
2575,6,2,0
2575,7,0,0
2575,7,1,0
2575,7,2,0
2576,1,0,0
2576,2,1,0
2576,3,0,0
2576,3,1,0
2576,4,2,0
2576,5,0,0
2576,5,2,0
2576,6,1,0
2576,6,2,0
2576,7,0,0
2576,7,1,0
2576,7,2,0
2577,1,0,0
2577,2,1,0
2577,3,0,0
2577,3,1,0
2577,4,2,0
2577,5,0,0
2577,5,2,0
2577,6,1,0
2577,6,2,0
2577,7,0,0
2577,7,1,0
2577,7,2,0
2578,1,0,0
2578,2,1,0
2578,3,0,0
2578,3,1,0
2578,4,2,0
2578,5,0,0
2578,5,2,0
2578,6,1,0
2578,6,2,0
2578,7,0,0
2578,7,1,0
2578,7,2,0
2579,1,0,0
2579,2,1,0
2579,3,0,0
2579,3,1,0
2579,4,2,0
2579,5,0,0
2579,5,2,0
2579,6,1,0
2579,6,2,0
2579,7,0,0
2579,7,1,0
2579,7,2,0
2580,1,0,0
2580,2,1,0
2580,3,0,0
2580,3,1,0
2580,4,2,0
2580,5,0,0
2580,5,2,0
2580,6,1,0
2580,6,2,0
2580,7,0,0
2580,7,1,0
2580,7,2,0
2581,1,0,0
2581,2,1,0
2581,3,0,0
2581,3,1,0
2581,4,2,0
2581,5,0,0
2581,5,2,0
2581,6,1,0
2581,6,2,0
2581,7,0,0
2581,7,1,0
2581,7,2,0
2582,1,0,0
2582,2,1,0
2582,3,0,0
2582,3,1,0
2582,4,2,0
2582,5,0,0
2582,5,2,0
2582,6,1,0
2582,6,2,0
2582,7,0,0
2582,7,1,0
2582,7,2,0
2583,1,0,0
2583,2,1,0
2583,3,0,0
2583,3,1,0
2583,4,2,0
2583,5,0,0
2583,5,2,0
2583,6,1,0
2583,6,2,0
2583,7,0,0
2583,7,1,0
2583,7,2,0
2584,1,0,0
2584,2,1,0
2584,3,0,0
2584,3,1,0
2584,4,2,0
2584,5,0,0
2584,5,2,0
2584,6,1,0
2584,6,2,0
2584,7,0,0
2584,7,1,0
2584,7,2,0
2585,1,0,0
2585,2,1,0
2585,3,0,0
2585,3,1,0
2585,4,2,0
2585,5,0,0
2585,5,2,0
2585,6,1,0
2585,6,2,0
2585,7,0,0
2585,7,1,0
2585,7,2,0
2586,1,0,0
2586,2,1,0
2586,3,0,0
2586,3,1,0
2586,4,2,0
2586,5,0,0
2586,5,2,0
2586,6,1,0
2586,6,2,0
2586,7,0,0
2586,7,1,0
2586,7,2,0
2587,1,0,0
2587,2,1,0
2587,3,0,0
2587,3,1,0
2587,4,2,0
2587,5,0,0
2587,5,2,0
2587,6,1,0
2587,6,2,0
2587,7,0,0
2587,7,1,0
2587,7,2,0
2588,1,0,0
2588,2,1,0
2588,3,0,0
2588,3,1,0
2588,4,2,0
2588,5,0,0
2588,5,2,0
2588,6,1,0
2588,6,2,0
2588,7,0,0
2588,7,1,0
2588,7,2,0
2589,1,0,0
2589,2,1,0
2589,3,0,0
2589,3,1,0
2589,4,2,0
2589,5,0,0
2589,5,2,0
2589,6,1,0
2589,6,2,0
2589,7,0,0
2589,7,1,0
2589,7,2,0
2590,1,0,0
2590,2,1,0
2590,3,0,0
2590,3,1,0
2590,4,2,0
2590,5,0,0
2590,5,2,0
2590,6,1,0
2590,6,2,0
2590,7,0,0
2590,7,1,0
2590,7,2,0
2591,1,0,0
2591,2,1,0
2591,3,0,0
2591,3,1,0
2591,4,2,0
2591,5,0,0
2591,5,2,0
2591,6,1,0
2591,6,2,0
2591,7,0,0
2591,7,1,0
2591,7,2,0
2592,1,0,1
2592,2,1,0
2592,3,0,1
2592,3,1,0
2592,4,2,0
2592,5,0,1
2592,5,2,0
2592,6,1,0
2592,6,2,0
2592,7,0,1
2592,7,1,0
2592,7,2,0
2593,1,0,1
2593,2,1,0
2593,3,0,1
2593,3,1,0
2593,4,2,0
2593,5,0,1
2593,5,2,0
2593,6,1,0
2593,6,2,0
2593,7,0,1
2593,7,1,0
2593,7,2,0
2594,1,0,0
2594,2,1,0
2594,3,0,0
2594,3,1,0
2594,4,2,0
2594,5,0,0
2594,5,2,0
2594,6,1,0
2594,6,2,0
2594,7,0,0
2594,7,1,0
2594,7,2,0
2595,1,0,0
2595,2,1,0
2595,3,0,0
2595,3,1,0
2595,4,2,0
2595,5,0,0
2595,5,2,0
2595,6,1,0
2595,6,2,0
2595,7,0,0
2595,7,1,0
2595,7,2,0
2596,1,0,0
2596,2,1,0
2596,3,0,0
2596,3,1,0
2596,4,2,0
2596,5,0,0
2596,5,2,0
2596,6,1,0
2596,6,2,0
2596,7,0,0
2596,7,1,0
2596,7,2,0
2597,1,0,0
2597,2,1,0
2597,3,0,0
2597,3,1,0
2597,4,2,0
2597,5,0,0
2597,5,2,0
2597,6,1,0
2597,6,2,0
2597,7,0,0
2597,7,1,0
2597,7,2,0
2598,1,0,0
2598,2,1,0
2598,3,0,0
2598,3,1,0
2598,4,2,0
2598,5,0,0
2598,5,2,0
2598,6,1,0
2598,6,2,0
2598,7,0,0
2598,7,1,0
2598,7,2,0
2599,1,0,0
2599,2,1,0
2599,3,0,0
2599,3,1,0
2599,4,2,0
2599,5,0,0
2599,5,2,0
2599,6,1,0
2599,6,2,0
2599,7,0,0
2599,7,1,0
2599,7,2,0
2600,1,0,0
2600,2,1,0
2600,3,0,0
2600,3,1,0
2600,4,2,0
2600,5,0,0
2600,5,2,0
2600,6,1,0
2600,6,2,0
2600,7,0,0
2600,7,1,0
2600,7,2,0
2601,1,0,0
2601,2,1,0
2601,3,0,0
2601,3,1,0
2601,4,2,0
2601,5,0,0
2601,5,2,0
2601,6,1,0
2601,6,2,0
2601,7,0,0
2601,7,1,0
2601,7,2,0
2602,1,0,0
2602,2,1,0
2602,3,0,0
2602,3,1,0
2602,4,2,0
2602,5,0,0
2602,5,2,0
2602,6,1,0
2602,6,2,0
2602,7,0,0
2602,7,1,0
2602,7,2,0
2603,1,0,0
2603,2,1,0
2603,3,0,0
2603,3,1,0
2603,4,2,0
2603,5,0,0
2603,5,2,0
2603,6,1,0
2603,6,2,0
2603,7,0,0
2603,7,1,0
2603,7,2,0
2604,1,0,0
2604,2,1,0
2604,3,0,0
2604,3,1,0
2604,4,2,0
2604,5,0,0
2604,5,2,0
2604,6,1,0
2604,6,2,0
2604,7,0,0
2604,7,1,0
2604,7,2,0
2605,1,0,0
2605,2,1,0
2605,3,0,0
2605,3,1,0
2605,4,2,0
2605,5,0,0
2605,5,2,0
2605,6,1,0
2605,6,2,0
2605,7,0,0
2605,7,1,0
2605,7,2,0
2606,1,0,0
2606,2,1,0
2606,3,0,0
2606,3,1,0
2606,4,2,0
2606,5,0,0
2606,5,2,0
2606,6,1,0
2606,6,2,0
2606,7,0,0
2606,7,1,0
2606,7,2,0
2607,1,0,0
2607,2,1,0
2607,3,0,0
2607,3,1,0
2607,4,2,0
2607,5,0,0
2607,5,2,0
2607,6,1,0
2607,6,2,0
2607,7,0,0
2607,7,1,0
2607,7,2,0
2608,1,0,0
2608,2,1,0
2608,3,0,0
2608,3,1,0
2608,4,2,0
2608,5,0,0
2608,5,2,0
2608,6,1,0
2608,6,2,0
2608,7,0,0
2608,7,1,0
2608,7,2,0
2609,1,0,0
2609,2,1,0
2609,3,0,0
2609,3,1,0
2609,4,2,0
2609,5,0,0
2609,5,2,0
2609,6,1,0
2609,6,2,0
2609,7,0,0
2609,7,1,0
2609,7,2,0
2610,1,0,0
2610,2,1,0
2610,3,0,0
2610,3,1,0
2610,4,2,0
2610,5,0,0
2610,5,2,0
2610,6,1,0
2610,6,2,0
2610,7,0,0
2610,7,1,0
2610,7,2,0
2611,1,0,0
2611,2,1,0
2611,3,0,0
2611,3,1,0
2611,4,2,0
2611,5,0,0
2611,5,2,0
2611,6,1,0
2611,6,2,0
2611,7,0,0
2611,7,1,0
2611,7,2,0
2612,1,0,0
2612,2,1,0
2612,3,0,0
2612,3,1,0
2612,4,2,0
2612,5,0,0
2612,5,2,0
2612,6,1,0
2612,6,2,0
2612,7,0,0
2612,7,1,0
2612,7,2,0
2613,1,0,0
2613,2,1,0
2613,3,0,0
2613,3,1,0
2613,4,2,0
2613,5,0,0
2613,5,2,0
2613,6,1,0
2613,6,2,0
2613,7,0,0
2613,7,1,0
2613,7,2,0
2614,1,0,0
2614,2,1,0
2614,3,0,0
2614,3,1,0
2614,4,2,0
2614,5,0,0
2614,5,2,0
2614,6,1,0
2614,6,2,0
2614,7,0,0
2614,7,1,0
2614,7,2,0
2615,1,0,0
2615,2,1,0
2615,3,0,0
2615,3,1,0
2615,4,2,0
2615,5,0,0
2615,5,2,0
2615,6,1,0
2615,6,2,0
2615,7,0,0
2615,7,1,0
2615,7,2,0
2616,1,0,0
2616,2,1,0
2616,3,0,0
2616,3,1,0
2616,4,2,0
2616,5,0,0
2616,5,2,0
2616,6,1,0
2616,6,2,0
2616,7,0,0
2616,7,1,0
2616,7,2,0
2617,1,0,0
2617,2,1,0
2617,3,0,0
2617,3,1,0
2617,4,2,0
2617,5,0,0
2617,5,2,0
2617,6,1,0
2617,6,2,0
2617,7,0,0
2617,7,1,0
2617,7,2,0
2618,1,0,0
2618,2,1,0
2618,3,0,0
2618,3,1,0
2618,4,2,0
2618,5,0,0
2618,5,2,0
2618,6,1,0
2618,6,2,0
2618,7,0,0
2618,7,1,0
2618,7,2,0
2619,1,0,1
2619,2,1,0
2619,3,0,1
2619,3,1,0
2619,4,2,0
2619,5,0,1
2619,5,2,0
2619,6,1,0
2619,6,2,0
2619,7,0,1
2619,7,1,0
2619,7,2,0
2620,1,0,1
2620,2,1,0
2620,3,0,1
2620,3,1,0
2620,4,2,0
2620,5,0,1
2620,5,2,0
2620,6,1,0
2620,6,2,0
2620,7,0,1
2620,7,1,0
2620,7,2,0
2621,1,0,0
2621,2,1,0
2621,3,0,0
2621,3,1,0
2621,4,2,0
2621,5,0,0
2621,5,2,0
2621,6,1,0
2621,6,2,0
2621,7,0,0
2621,7,1,0
2621,7,2,0
2622,1,0,0
2622,2,1,0
2622,3,0,0
2622,3,1,0
2622,4,2,0
2622,5,0,0
2622,5,2,0
2622,6,1,0
2622,6,2,0
2622,7,0,0
2622,7,1,0
2622,7,2,0
2623,1,0,0
2623,2,1,0
2623,3,0,0
2623,3,1,0
2623,4,2,0
2623,5,0,0
2623,5,2,0
2623,6,1,0
2623,6,2,0
2623,7,0,0
2623,7,1,0
2623,7,2,0
2624,1,0,0
2624,2,1,0
2624,3,0,0
2624,3,1,0
2624,4,2,0
2624,5,0,0
2624,5,2,0
2624,6,1,0
2624,6,2,0
2624,7,0,0
2624,7,1,0
2624,7,2,0
2625,1,0,0
2625,2,1,0
2625,3,0,0
2625,3,1,0
2625,4,2,0
2625,5,0,0
2625,5,2,0
2625,6,1,0
2625,6,2,0
2625,7,0,0
2625,7,1,0
2625,7,2,0
2626,1,0,0
2626,2,1,0
2626,3,0,0
2626,3,1,0
2626,4,2,0
2626,5,0,0
2626,5,2,0
2626,6,1,0
2626,6,2,0
2626,7,0,0
2626,7,1,0
2626,7,2,0
2627,1,0,0
2627,2,1,0
2627,3,0,0
2627,3,1,0
2627,4,2,0
2627,5,0,0
2627,5,2,0
2627,6,1,0
2627,6,2,0
2627,7,0,0
2627,7,1,0
2627,7,2,0
2628,1,0,0
2628,2,1,0
2628,3,0,0
2628,3,1,0
2628,4,2,0
2628,5,0,0
2628,5,2,0
2628,6,1,0
2628,6,2,0
2628,7,0,0
2628,7,1,0
2628,7,2,0
2629,1,0,0
2629,2,1,0
2629,3,0,0
2629,3,1,0
2629,4,2,0
2629,5,0,0
2629,5,2,0
2629,6,1,0
2629,6,2,0
2629,7,0,0
2629,7,1,0
2629,7,2,0
2630,1,0,0
2630,2,1,0
2630,3,0,0
2630,3,1,0
2630,4,2,0
2630,5,0,0
2630,5,2,0
2630,6,1,0
2630,6,2,0
2630,7,0,0
2630,7,1,0
2630,7,2,0
2631,1,0,0
2631,2,1,0
2631,3,0,0
2631,3,1,0
2631,4,2,0
2631,5,0,0
2631,5,2,0
2631,6,1,0
2631,6,2,0
2631,7,0,0
2631,7,1,0
2631,7,2,0
2632,1,0,0
2632,2,1,0
2632,3,0,0
2632,3,1,0
2632,4,2,0
2632,5,0,0
2632,5,2,0
2632,6,1,0
2632,6,2,0
2632,7,0,0
2632,7,1,0
2632,7,2,0
2633,1,0,0
2633,2,1,0
2633,3,0,0
2633,3,1,0
2633,4,2,0
2633,5,0,0
2633,5,2,0
2633,6,1,0
2633,6,2,0
2633,7,0,0
2633,7,1,0
2633,7,2,0
2634,1,0,0
2634,2,1,0
2634,3,0,0
2634,3,1,0
2634,4,2,0
2634,5,0,0
2634,5,2,0
2634,6,1,0
2634,6,2,0
2634,7,0,0
2634,7,1,0
2634,7,2,0
2635,1,0,0
2635,2,1,0
2635,3,0,0
2635,3,1,0
2635,4,2,0
2635,5,0,0
2635,5,2,0
2635,6,1,0
2635,6,2,0
2635,7,0,0
2635,7,1,0
2635,7,2,0
2636,1,0,0
2636,2,1,0
2636,3,0,0
2636,3,1,0
2636,4,2,0
2636,5,0,0
2636,5,2,0
2636,6,1,0
2636,6,2,0
2636,7,0,0
2636,7,1,0
2636,7,2,0
2637,1,0,0
2637,2,1,0
2637,3,0,0
2637,3,1,0
2637,4,2,0
2637,5,0,0
2637,5,2,0
2637,6,1,0
2637,6,2,0
2637,7,0,0
2637,7,1,0
2637,7,2,0
2638,1,0,0
2638,2,1,0
2638,3,0,0
2638,3,1,0
2638,4,2,0
2638,5,0,0
2638,5,2,0
2638,6,1,0
2638,6,2,0
2638,7,0,0
2638,7,1,0
2638,7,2,0
2639,1,0,0
2639,2,1,0
2639,3,0,0
2639,3,1,0
2639,4,2,0
2639,5,0,0
2639,5,2,0
2639,6,1,0
2639,6,2,0
2639,7,0,0
2639,7,1,0
2639,7,2,0
2640,1,0,0
2640,2,1,0
2640,3,0,0
2640,3,1,0
2640,4,2,0
2640,5,0,0
2640,5,2,0
2640,6,1,0
2640,6,2,0
2640,7,0,0
2640,7,1,0
2640,7,2,0
2641,1,0,0
2641,2,1,0
2641,3,0,0
2641,3,1,0
2641,4,2,0
2641,5,0,0
2641,5,2,0
2641,6,1,0
2641,6,2,0
2641,7,0,0
2641,7,1,0
2641,7,2,0
2642,1,0,0
2642,2,1,0
2642,3,0,0
2642,3,1,0
2642,4,2,0
2642,5,0,0
2642,5,2,0
2642,6,1,0
2642,6,2,0
2642,7,0,0
2642,7,1,0
2642,7,2,0
2643,1,0,0
2643,2,1,0
2643,3,0,0
2643,3,1,0
2643,4,2,0
2643,5,0,0
2643,5,2,0
2643,6,1,0
2643,6,2,0
2643,7,0,0
2643,7,1,0
2643,7,2,0
2644,1,0,0
2644,2,1,0
2644,3,0,0
2644,3,1,0
2644,4,2,0
2644,5,0,0
2644,5,2,0
2644,6,1,0
2644,6,2,0
2644,7,0,0
2644,7,1,0
2644,7,2,0
2645,1,0,0
2645,2,1,0
2645,3,0,0
2645,3,1,0
2645,4,2,0
2645,5,0,0
2645,5,2,0
2645,6,1,0
2645,6,2,0
2645,7,0,0
2645,7,1,0
2645,7,2,0
2646,1,0,1
2646,2,1,0
2646,3,0,1
2646,3,1,0
2646,4,2,0
2646,5,0,1
2646,5,2,0
2646,6,1,0
2646,6,2,0
2646,7,0,1
2646,7,1,0
2646,7,2,0
2647,1,0,1
2647,2,1,0
2647,3,0,1
2647,3,1,0
2647,4,2,0
2647,5,0,1
2647,5,2,0
2647,6,1,0
2647,6,2,0
2647,7,0,1
2647,7,1,0
2647,7,2,0
2648,1,0,0
2648,2,1,0
2648,3,0,0
2648,3,1,0
2648,4,2,0
2648,5,0,0
2648,5,2,0
2648,6,1,0
2648,6,2,0
2648,7,0,0
2648,7,1,0
2648,7,2,0
2649,1,0,0
2649,2,1,0
2649,3,0,0
2649,3,1,0
2649,4,2,0
2649,5,0,0
2649,5,2,0
2649,6,1,0
2649,6,2,0
2649,7,0,0
2649,7,1,0
2649,7,2,0
2650,1,0,0
2650,2,1,0
2650,3,0,0
2650,3,1,0
2650,4,2,0
2650,5,0,0
2650,5,2,0
2650,6,1,0
2650,6,2,0
2650,7,0,0
2650,7,1,0
2650,7,2,0
2651,1,0,0
2651,2,1,0
2651,3,0,0
2651,3,1,0
2651,4,2,0
2651,5,0,0
2651,5,2,0
2651,6,1,0
2651,6,2,0
2651,7,0,0
2651,7,1,0
2651,7,2,0
2652,1,0,0
2652,2,1,0
2652,3,0,0
2652,3,1,0
2652,4,2,0
2652,5,0,0
2652,5,2,0
2652,6,1,0
2652,6,2,0
2652,7,0,0
2652,7,1,0
2652,7,2,0
2653,1,0,0
2653,2,1,0
2653,3,0,0
2653,3,1,0
2653,4,2,0
2653,5,0,0
2653,5,2,0
2653,6,1,0
2653,6,2,0
2653,7,0,0
2653,7,1,0
2653,7,2,0
2654,1,0,0
2654,2,1,0
2654,3,0,0
2654,3,1,0
2654,4,2,0
2654,5,0,0
2654,5,2,0
2654,6,1,0
2654,6,2,0
2654,7,0,0
2654,7,1,0
2654,7,2,0
2655,1,0,0
2655,2,1,0
2655,3,0,0
2655,3,1,0
2655,4,2,0
2655,5,0,0
2655,5,2,0
2655,6,1,0
2655,6,2,0
2655,7,0,0
2655,7,1,0
2655,7,2,0
2656,1,0,0
2656,2,1,0
2656,3,0,0
2656,3,1,0
2656,4,2,0
2656,5,0,0
2656,5,2,0
2656,6,1,0
2656,6,2,0
2656,7,0,0
2656,7,1,0
2656,7,2,0
2657,1,0,0
2657,2,1,0
2657,3,0,0
2657,3,1,0
2657,4,2,0
2657,5,0,0
2657,5,2,0
2657,6,1,0
2657,6,2,0
2657,7,0,0
2657,7,1,0
2657,7,2,0
2658,1,0,0
2658,2,1,0
2658,3,0,0
2658,3,1,0
2658,4,2,0
2658,5,0,0
2658,5,2,0
2658,6,1,0
2658,6,2,0
2658,7,0,0
2658,7,1,0
2658,7,2,0
2659,1,0,0
2659,2,1,0
2659,3,0,0
2659,3,1,0
2659,4,2,0
2659,5,0,0
2659,5,2,0
2659,6,1,0
2659,6,2,0
2659,7,0,0
2659,7,1,0
2659,7,2,0
2660,1,0,0
2660,2,1,0
2660,3,0,0
2660,3,1,0
2660,4,2,0
2660,5,0,0
2660,5,2,0
2660,6,1,0
2660,6,2,0
2660,7,0,0
2660,7,1,0
2660,7,2,0
2661,1,0,0
2661,2,1,0
2661,3,0,0
2661,3,1,0
2661,4,2,0
2661,5,0,0
2661,5,2,0
2661,6,1,0
2661,6,2,0
2661,7,0,0
2661,7,1,0
2661,7,2,0
2662,1,0,0
2662,2,1,0
2662,3,0,0
2662,3,1,0
2662,4,2,0
2662,5,0,0
2662,5,2,0
2662,6,1,0
2662,6,2,0
2662,7,0,0
2662,7,1,0
2662,7,2,0
2663,1,0,0
2663,2,1,0
2663,3,0,0
2663,3,1,0
2663,4,2,0
2663,5,0,0
2663,5,2,0
2663,6,1,0
2663,6,2,0
2663,7,0,0
2663,7,1,0
2663,7,2,0
2664,1,0,0
2664,2,1,0
2664,3,0,0
2664,3,1,0
2664,4,2,0
2664,5,0,0
2664,5,2,0
2664,6,1,0
2664,6,2,0
2664,7,0,0
2664,7,1,0
2664,7,2,0
2665,1,0,0
2665,2,1,0
2665,3,0,0
2665,3,1,0
2665,4,2,0
2665,5,0,0
2665,5,2,0
2665,6,1,0
2665,6,2,0
2665,7,0,0
2665,7,1,0
2665,7,2,0
2666,1,0,0
2666,2,1,0
2666,3,0,0
2666,3,1,0
2666,4,2,0
2666,5,0,0
2666,5,2,0
2666,6,1,0
2666,6,2,0
2666,7,0,0
2666,7,1,0
2666,7,2,0
2667,1,0,0
2667,2,1,0
2667,3,0,0
2667,3,1,0
2667,4,2,0
2667,5,0,0
2667,5,2,0
2667,6,1,0
2667,6,2,0
2667,7,0,0
2667,7,1,0
2667,7,2,0
2668,1,0,0
2668,2,1,0
2668,3,0,0
2668,3,1,0
2668,4,2,0
2668,5,0,0
2668,5,2,0
2668,6,1,0
2668,6,2,0
2668,7,0,0
2668,7,1,0
2668,7,2,0
2669,1,0,0
2669,2,1,0
2669,3,0,0
2669,3,1,0
2669,4,2,0
2669,5,0,0
2669,5,2,0
2669,6,1,0
2669,6,2,0
2669,7,0,0
2669,7,1,0
2669,7,2,0
2670,1,0,0
2670,2,1,0
2670,3,0,0
2670,3,1,0
2670,4,2,0
2670,5,0,0
2670,5,2,0
2670,6,1,0
2670,6,2,0
2670,7,0,0
2670,7,1,0
2670,7,2,0
2671,1,0,0
2671,2,1,0
2671,3,0,0
2671,3,1,0
2671,4,2,0
2671,5,0,0
2671,5,2,0
2671,6,1,0
2671,6,2,0
2671,7,0,0
2671,7,1,0
2671,7,2,0
2672,1,0,0
2672,2,1,0
2672,3,0,0
2672,3,1,0
2672,4,2,0
2672,5,0,0
2672,5,2,0
2672,6,1,0
2672,6,2,0
2672,7,0,0
2672,7,1,0
2672,7,2,0
2673,1,0,1
2673,2,1,0
2673,3,0,1
2673,3,1,0
2673,4,2,0
2673,5,0,1
2673,5,2,0
2673,6,1,0
2673,6,2,0
2673,7,0,1
2673,7,1,0
2673,7,2,0
2674,1,0,1
2674,2,1,0
2674,3,0,1
2674,3,1,0
2674,4,2,0
2674,5,0,1
2674,5,2,0
2674,6,1,0
2674,6,2,0
2674,7,0,1
2674,7,1,0
2674,7,2,0
2675,1,0,0
2675,2,1,0
2675,3,0,0
2675,3,1,0
2675,4,2,0
2675,5,0,0
2675,5,2,0
2675,6,1,0
2675,6,2,0
2675,7,0,0
2675,7,1,0
2675,7,2,0
2676,1,0,0
2676,2,1,0
2676,3,0,0
2676,3,1,0
2676,4,2,0
2676,5,0,0
2676,5,2,0
2676,6,1,0
2676,6,2,0
2676,7,0,0
2676,7,1,0
2676,7,2,0
2677,1,0,0
2677,2,1,0
2677,3,0,0
2677,3,1,0
2677,4,2,0
2677,5,0,0
2677,5,2,0
2677,6,1,0
2677,6,2,0
2677,7,0,0
2677,7,1,0
2677,7,2,0
2678,1,0,0
2678,2,1,0
2678,3,0,0
2678,3,1,0
2678,4,2,0
2678,5,0,0
2678,5,2,0
2678,6,1,0
2678,6,2,0
2678,7,0,0
2678,7,1,0
2678,7,2,0
2679,1,0,0
2679,2,1,0
2679,3,0,0
2679,3,1,0
2679,4,2,0
2679,5,0,0
2679,5,2,0
2679,6,1,0
2679,6,2,0
2679,7,0,0
2679,7,1,0
2679,7,2,0
2680,1,0,0
2680,2,1,0
2680,3,0,0
2680,3,1,0
2680,4,2,0
2680,5,0,0
2680,5,2,0
2680,6,1,0
2680,6,2,0
2680,7,0,0
2680,7,1,0
2680,7,2,0
2681,1,0,0
2681,2,1,0
2681,3,0,0
2681,3,1,0
2681,4,2,0
2681,5,0,0
2681,5,2,0
2681,6,1,0
2681,6,2,0
2681,7,0,0
2681,7,1,0
2681,7,2,0
2682,1,0,0
2682,2,1,0
2682,3,0,0
2682,3,1,0
2682,4,2,0
2682,5,0,0
2682,5,2,0
2682,6,1,0
2682,6,2,0
2682,7,0,0
2682,7,1,0
2682,7,2,0
2683,1,0,0
2683,2,1,0
2683,3,0,0
2683,3,1,0
2683,4,2,0
2683,5,0,0
2683,5,2,0
2683,6,1,0
2683,6,2,0
2683,7,0,0
2683,7,1,0
2683,7,2,0
2684,1,0,0
2684,2,1,0
2684,3,0,0
2684,3,1,0
2684,4,2,0
2684,5,0,0
2684,5,2,0
2684,6,1,0
2684,6,2,0
2684,7,0,0
2684,7,1,0
2684,7,2,0
2685,1,0,0
2685,2,1,0
2685,3,0,0
2685,3,1,0
2685,4,2,0
2685,5,0,0
2685,5,2,0
2685,6,1,0
2685,6,2,0
2685,7,0,0
2685,7,1,0
2685,7,2,0
2686,1,0,0
2686,2,1,0
2686,3,0,0
2686,3,1,0
2686,4,2,0
2686,5,0,0
2686,5,2,0
2686,6,1,0
2686,6,2,0
2686,7,0,0
2686,7,1,0
2686,7,2,0
2687,1,0,0
2687,2,1,0
2687,3,0,0
2687,3,1,0
2687,4,2,0
2687,5,0,0
2687,5,2,0
2687,6,1,0
2687,6,2,0
2687,7,0,0
2687,7,1,0
2687,7,2,0
2688,1,0,0
2688,2,1,0
2688,3,0,0
2688,3,1,0
2688,4,2,0
2688,5,0,0
2688,5,2,0
2688,6,1,0
2688,6,2,0
2688,7,0,0
2688,7,1,0
2688,7,2,0
2689,1,0,0
2689,2,1,0
2689,3,0,0
2689,3,1,0
2689,4,2,0
2689,5,0,0
2689,5,2,0
2689,6,1,0
2689,6,2,0
2689,7,0,0
2689,7,1,0
2689,7,2,0
2690,1,0,0
2690,2,1,0
2690,3,0,0
2690,3,1,0
2690,4,2,0
2690,5,0,0
2690,5,2,0
2690,6,1,0
2690,6,2,0
2690,7,0,0
2690,7,1,0
2690,7,2,0
2691,1,0,0
2691,2,1,0
2691,3,0,0
2691,3,1,0
2691,4,2,0
2691,5,0,0
2691,5,2,0
2691,6,1,0
2691,6,2,0
2691,7,0,0
2691,7,1,0
2691,7,2,0
2692,1,0,0
2692,2,1,0
2692,3,0,0
2692,3,1,0
2692,4,2,0
2692,5,0,0
2692,5,2,0
2692,6,1,0
2692,6,2,0
2692,7,0,0
2692,7,1,0
2692,7,2,0
2693,1,0,0
2693,2,1,0
2693,3,0,0
2693,3,1,0
2693,4,2,0
2693,5,0,0
2693,5,2,0
2693,6,1,0
2693,6,2,0
2693,7,0,0
2693,7,1,0
2693,7,2,0
2694,1,0,0
2694,2,1,0
2694,3,0,0
2694,3,1,0
2694,4,2,0
2694,5,0,0
2694,5,2,0
2694,6,1,0
2694,6,2,0
2694,7,0,0
2694,7,1,0
2694,7,2,0
2695,1,0,0
2695,2,1,0
2695,3,0,0
2695,3,1,0
2695,4,2,0
2695,5,0,0
2695,5,2,0
2695,6,1,0
2695,6,2,0
2695,7,0,0
2695,7,1,0
2695,7,2,0
2696,1,0,0
2696,2,1,0
2696,3,0,0
2696,3,1,0
2696,4,2,0
2696,5,0,0
2696,5,2,0
2696,6,1,0
2696,6,2,0
2696,7,0,0
2696,7,1,0
2696,7,2,0
2697,1,0,0
2697,2,1,0
2697,3,0,0
2697,3,1,0
2697,4,2,0
2697,5,0,0
2697,5,2,0
2697,6,1,0
2697,6,2,0
2697,7,0,0
2697,7,1,0
2697,7,2,0
2698,1,0,0
2698,2,1,0
2698,3,0,0
2698,3,1,0
2698,4,2,0
2698,5,0,0
2698,5,2,0
2698,6,1,0
2698,6,2,0
2698,7,0,0
2698,7,1,0
2698,7,2,0
2699,1,0,0
2699,2,1,0
2699,3,0,0
2699,3,1,0
2699,4,2,0
2699,5,0,0
2699,5,2,0
2699,6,1,0
2699,6,2,0
2699,7,0,0
2699,7,1,0
2699,7,2,0
2700,1,0,1
2700,2,1,0
2700,3,0,1
2700,3,1,0
2700,4,2,0
2700,5,0,1
2700,5,2,0
2700,6,1,0
2700,6,2,0
2700,7,0,1
2700,7,1,0
2700,7,2,0
2701,1,0,1
2701,2,1,0
2701,3,0,1
2701,3,1,0
2701,4,2,0
2701,5,0,1
2701,5,2,0
2701,6,1,0
2701,6,2,0
2701,7,0,1
2701,7,1,0
2701,7,2,0
2702,1,0,0
2702,2,1,0
2702,3,0,0
2702,3,1,0
2702,4,2,0
2702,5,0,0
2702,5,2,0
2702,6,1,0
2702,6,2,0
2702,7,0,0
2702,7,1,0
2702,7,2,0
2703,1,0,0
2703,2,1,0
2703,3,0,0
2703,3,1,0
2703,4,2,0
2703,5,0,0
2703,5,2,0
2703,6,1,0
2703,6,2,0
2703,7,0,0
2703,7,1,0
2703,7,2,0
2704,1,0,0
2704,2,1,0
2704,3,0,0
2704,3,1,0
2704,4,2,0
2704,5,0,0
2704,5,2,0
2704,6,1,0
2704,6,2,0
2704,7,0,0
2704,7,1,0
2704,7,2,0
2705,1,0,0
2705,2,1,0
2705,3,0,0
2705,3,1,0
2705,4,2,0
2705,5,0,0
2705,5,2,0
2705,6,1,0
2705,6,2,0
2705,7,0,0
2705,7,1,0
2705,7,2,0
2706,1,0,0
2706,2,1,0
2706,3,0,0
2706,3,1,0
2706,4,2,0
2706,5,0,0
2706,5,2,0
2706,6,1,0
2706,6,2,0
2706,7,0,0
2706,7,1,0
2706,7,2,0
2707,1,0,0
2707,2,1,0
2707,3,0,0
2707,3,1,0
2707,4,2,0
2707,5,0,0
2707,5,2,0
2707,6,1,0
2707,6,2,0
2707,7,0,0
2707,7,1,0
2707,7,2,0
2708,1,0,0
2708,2,1,0
2708,3,0,0
2708,3,1,0
2708,4,2,0
2708,5,0,0
2708,5,2,0
2708,6,1,0
2708,6,2,0
2708,7,0,0
2708,7,1,0
2708,7,2,0
2709,1,0,0
2709,2,1,0
2709,3,0,0
2709,3,1,0
2709,4,2,0
2709,5,0,0
2709,5,2,0
2709,6,1,0
2709,6,2,0
2709,7,0,0
2709,7,1,0
2709,7,2,0
2710,1,0,0
2710,2,1,0
2710,3,0,0
2710,3,1,0
2710,4,2,0
2710,5,0,0
2710,5,2,0
2710,6,1,0
2710,6,2,0
2710,7,0,0
2710,7,1,0
2710,7,2,0
2711,1,0,0
2711,2,1,0
2711,3,0,0
2711,3,1,0
2711,4,2,0
2711,5,0,0
2711,5,2,0
2711,6,1,0
2711,6,2,0
2711,7,0,0
2711,7,1,0
2711,7,2,0
2712,1,0,0
2712,2,1,0
2712,3,0,0
2712,3,1,0
2712,4,2,0
2712,5,0,0
2712,5,2,0
2712,6,1,0
2712,6,2,0
2712,7,0,0
2712,7,1,0
2712,7,2,0
2713,1,0,0
2713,2,1,0
2713,3,0,0
2713,3,1,0
2713,4,2,0
2713,5,0,0
2713,5,2,0
2713,6,1,0
2713,6,2,0
2713,7,0,0
2713,7,1,0
2713,7,2,0
2714,1,0,0
2714,2,1,0
2714,3,0,0
2714,3,1,0
2714,4,2,0
2714,5,0,0
2714,5,2,0
2714,6,1,0
2714,6,2,0
2714,7,0,0
2714,7,1,0
2714,7,2,0
2715,1,0,0
2715,2,1,0
2715,3,0,0
2715,3,1,0
2715,4,2,0
2715,5,0,0
2715,5,2,0
2715,6,1,0
2715,6,2,0
2715,7,0,0
2715,7,1,0
2715,7,2,0
2716,1,0,0
2716,2,1,0
2716,3,0,0
2716,3,1,0
2716,4,2,0
2716,5,0,0
2716,5,2,0
2716,6,1,0
2716,6,2,0
2716,7,0,0
2716,7,1,0
2716,7,2,0
2717,1,0,0
2717,2,1,0
2717,3,0,0
2717,3,1,0
2717,4,2,0
2717,5,0,0
2717,5,2,0
2717,6,1,0
2717,6,2,0
2717,7,0,0
2717,7,1,0
2717,7,2,0
2718,1,0,0
2718,2,1,0
2718,3,0,0
2718,3,1,0
2718,4,2,0
2718,5,0,0
2718,5,2,0
2718,6,1,0
2718,6,2,0
2718,7,0,0
2718,7,1,0
2718,7,2,0
2719,1,0,0
2719,2,1,0
2719,3,0,0
2719,3,1,0
2719,4,2,0
2719,5,0,0
2719,5,2,0
2719,6,1,0
2719,6,2,0
2719,7,0,0
2719,7,1,0
2719,7,2,0
2720,1,0,0
2720,2,1,0
2720,3,0,0
2720,3,1,0
2720,4,2,0
2720,5,0,0
2720,5,2,0
2720,6,1,0
2720,6,2,0
2720,7,0,0
2720,7,1,0
2720,7,2,0
2721,1,0,0
2721,2,1,0
2721,3,0,0
2721,3,1,0
2721,4,2,0
2721,5,0,0
2721,5,2,0
2721,6,1,0
2721,6,2,0
2721,7,0,0
2721,7,1,0
2721,7,2,0
2722,1,0,0
2722,2,1,0
2722,3,0,0
2722,3,1,0
2722,4,2,0
2722,5,0,0
2722,5,2,0
2722,6,1,0
2722,6,2,0
2722,7,0,0
2722,7,1,0
2722,7,2,0
2723,1,0,0
2723,2,1,0
2723,3,0,0
2723,3,1,0
2723,4,2,0
2723,5,0,0
2723,5,2,0
2723,6,1,0
2723,6,2,0
2723,7,0,0
2723,7,1,0
2723,7,2,0
2724,1,0,0
2724,2,1,0
2724,3,0,0
2724,3,1,0
2724,4,2,0
2724,5,0,0
2724,5,2,0
2724,6,1,0
2724,6,2,0
2724,7,0,0
2724,7,1,0
2724,7,2,0
2725,1,0,0
2725,2,1,0
2725,3,0,0
2725,3,1,0
2725,4,2,0
2725,5,0,0
2725,5,2,0
2725,6,1,0
2725,6,2,0
2725,7,0,0
2725,7,1,0
2725,7,2,0
2726,1,0,0
2726,2,1,0
2726,3,0,0
2726,3,1,0
2726,4,2,0
2726,5,0,0
2726,5,2,0
2726,6,1,0
2726,6,2,0
2726,7,0,0
2726,7,1,0
2726,7,2,0
2727,1,0,1
2727,2,1,0
2727,3,0,1
2727,3,1,0
2727,4,2,0
2727,5,0,1
2727,5,2,0
2727,6,1,0
2727,6,2,0
2727,7,0,1
2727,7,1,0
2727,7,2,0
2728,1,0,1
2728,2,1,0
2728,3,0,1
2728,3,1,0
2728,4,2,0
2728,5,0,1
2728,5,2,0
2728,6,1,0
2728,6,2,0
2728,7,0,1
2728,7,1,0
2728,7,2,0
2729,1,0,0
2729,2,1,0
2729,3,0,0
2729,3,1,0
2729,4,2,0
2729,5,0,0
2729,5,2,0
2729,6,1,0
2729,6,2,0
2729,7,0,0
2729,7,1,0
2729,7,2,0
2730,1,0,0
2730,2,1,0
2730,3,0,0
2730,3,1,0
2730,4,2,0
2730,5,0,0
2730,5,2,0
2730,6,1,0
2730,6,2,0
2730,7,0,0
2730,7,1,0
2730,7,2,0
2731,1,0,0
2731,2,1,0
2731,3,0,0
2731,3,1,0
2731,4,2,0
2731,5,0,0
2731,5,2,0
2731,6,1,0
2731,6,2,0
2731,7,0,0
2731,7,1,0
2731,7,2,0
2732,1,0,0
2732,2,1,0
2732,3,0,0
2732,3,1,0
2732,4,2,0
2732,5,0,0
2732,5,2,0
2732,6,1,0
2732,6,2,0
2732,7,0,0
2732,7,1,0
2732,7,2,0
2733,1,0,0
2733,2,1,0
2733,3,0,0
2733,3,1,0
2733,4,2,0
2733,5,0,0
2733,5,2,0
2733,6,1,0
2733,6,2,0
2733,7,0,0
2733,7,1,0
2733,7,2,0
2734,1,0,0
2734,2,1,0
2734,3,0,0
2734,3,1,0
2734,4,2,0
2734,5,0,0
2734,5,2,0
2734,6,1,0
2734,6,2,0
2734,7,0,0
2734,7,1,0
2734,7,2,0
2735,1,0,0
2735,2,1,0
2735,3,0,0
2735,3,1,0
2735,4,2,0
2735,5,0,0
2735,5,2,0
2735,6,1,0
2735,6,2,0
2735,7,0,0
2735,7,1,0
2735,7,2,0
2736,1,0,0
2736,2,1,0
2736,3,0,0
2736,3,1,0
2736,4,2,0
2736,5,0,0
2736,5,2,0
2736,6,1,0
2736,6,2,0
2736,7,0,0
2736,7,1,0
2736,7,2,0
2737,1,0,0
2737,2,1,0
2737,3,0,0
2737,3,1,0
2737,4,2,0
2737,5,0,0
2737,5,2,0
2737,6,1,0
2737,6,2,0
2737,7,0,0
2737,7,1,0
2737,7,2,0
2738,1,0,0
2738,2,1,0
2738,3,0,0
2738,3,1,0
2738,4,2,0
2738,5,0,0
2738,5,2,0
2738,6,1,0
2738,6,2,0
2738,7,0,0
2738,7,1,0
2738,7,2,0
2739,1,0,0
2739,2,1,0
2739,3,0,0
2739,3,1,0
2739,4,2,0
2739,5,0,0
2739,5,2,0
2739,6,1,0
2739,6,2,0
2739,7,0,0
2739,7,1,0
2739,7,2,0
2740,1,0,0
2740,2,1,0
2740,3,0,0
2740,3,1,0
2740,4,2,0
2740,5,0,0
2740,5,2,0
2740,6,1,0
2740,6,2,0
2740,7,0,0
2740,7,1,0
2740,7,2,0
2741,1,0,0
2741,2,1,0
2741,3,0,0
2741,3,1,0
2741,4,2,0
2741,5,0,0
2741,5,2,0
2741,6,1,0
2741,6,2,0
2741,7,0,0
2741,7,1,0
2741,7,2,0
2742,1,0,0
2742,2,1,0
2742,3,0,0
2742,3,1,0
2742,4,2,0
2742,5,0,0
2742,5,2,0
2742,6,1,0
2742,6,2,0
2742,7,0,0
2742,7,1,0
2742,7,2,0
2743,1,0,0
2743,2,1,0
2743,3,0,0
2743,3,1,0
2743,4,2,0
2743,5,0,0
2743,5,2,0
2743,6,1,0
2743,6,2,0
2743,7,0,0
2743,7,1,0
2743,7,2,0
2744,1,0,0
2744,2,1,0
2744,3,0,0
2744,3,1,0
2744,4,2,0
2744,5,0,0
2744,5,2,0
2744,6,1,0
2744,6,2,0
2744,7,0,0
2744,7,1,0
2744,7,2,0
2745,1,0,0
2745,2,1,0
2745,3,0,0
2745,3,1,0
2745,4,2,0
2745,5,0,0
2745,5,2,0
2745,6,1,0
2745,6,2,0
2745,7,0,0
2745,7,1,0
2745,7,2,0
2746,1,0,0
2746,2,1,0
2746,3,0,0
2746,3,1,0
2746,4,2,0
2746,5,0,0
2746,5,2,0
2746,6,1,0
2746,6,2,0
2746,7,0,0
2746,7,1,0
2746,7,2,0
2747,1,0,0
2747,2,1,0
2747,3,0,0
2747,3,1,0
2747,4,2,0
2747,5,0,0
2747,5,2,0
2747,6,1,0
2747,6,2,0
2747,7,0,0
2747,7,1,0
2747,7,2,0
2748,1,0,0
2748,2,1,0
2748,3,0,0
2748,3,1,0
2748,4,2,0
2748,5,0,0
2748,5,2,0
2748,6,1,0
2748,6,2,0
2748,7,0,0
2748,7,1,0
2748,7,2,0
2749,1,0,0
2749,2,1,0
2749,3,0,0
2749,3,1,0
2749,4,2,0
2749,5,0,0
2749,5,2,0
2749,6,1,0
2749,6,2,0
2749,7,0,0
2749,7,1,0
2749,7,2,0
2750,1,0,0
2750,2,1,0
2750,3,0,0
2750,3,1,0
2750,4,2,0
2750,5,0,0
2750,5,2,0
2750,6,1,0
2750,6,2,0
2750,7,0,0
2750,7,1,0
2750,7,2,0
2751,1,0,0
2751,2,1,0
2751,3,0,0
2751,3,1,0
2751,4,2,0
2751,5,0,0
2751,5,2,0
2751,6,1,0
2751,6,2,0
2751,7,0,0
2751,7,1,0
2751,7,2,0
2752,1,0,0
2752,2,1,0
2752,3,0,0
2752,3,1,0
2752,4,2,0
2752,5,0,0
2752,5,2,0
2752,6,1,0
2752,6,2,0
2752,7,0,0
2752,7,1,0
2752,7,2,0
2753,1,0,0
2753,2,1,0
2753,3,0,0
2753,3,1,0
2753,4,2,0
2753,5,0,0
2753,5,2,0
2753,6,1,0
2753,6,2,0
2753,7,0,0
2753,7,1,0
2753,7,2,0
2754,1,0,1
2754,2,1,0
2754,3,0,1
2754,3,1,0
2754,4,2,0
2754,5,0,1
2754,5,2,0
2754,6,1,0
2754,6,2,0
2754,7,0,1
2754,7,1,0
2754,7,2,0
2755,1,0,1
2755,2,1,0
2755,3,0,1
2755,3,1,0
2755,4,2,0
2755,5,0,1
2755,5,2,0
2755,6,1,0
2755,6,2,0
2755,7,0,1
2755,7,1,0
2755,7,2,0
2756,1,0,0
2756,2,1,0
2756,3,0,0
2756,3,1,0
2756,4,2,0
2756,5,0,0
2756,5,2,0
2756,6,1,0
2756,6,2,0
2756,7,0,0
2756,7,1,0
2756,7,2,0
2757,1,0,0
2757,2,1,0
2757,3,0,0
2757,3,1,0
2757,4,2,0
2757,5,0,0
2757,5,2,0
2757,6,1,0
2757,6,2,0
2757,7,0,0
2757,7,1,0
2757,7,2,0
2758,1,0,0
2758,2,1,0
2758,3,0,0
2758,3,1,0
2758,4,2,0
2758,5,0,0
2758,5,2,0
2758,6,1,0
2758,6,2,0
2758,7,0,0
2758,7,1,0
2758,7,2,0
2759,1,0,0
2759,2,1,0
2759,3,0,0
2759,3,1,0
2759,4,2,0
2759,5,0,0
2759,5,2,0
2759,6,1,0
2759,6,2,0
2759,7,0,0
2759,7,1,0
2759,7,2,0
2760,1,0,0
2760,2,1,0
2760,3,0,0
2760,3,1,0
2760,4,2,0
2760,5,0,0
2760,5,2,0
2760,6,1,0
2760,6,2,0
2760,7,0,0
2760,7,1,0
2760,7,2,0
2761,1,0,0
2761,2,1,0
2761,3,0,0
2761,3,1,0
2761,4,2,0
2761,5,0,0
2761,5,2,0
2761,6,1,0
2761,6,2,0
2761,7,0,0
2761,7,1,0
2761,7,2,0
2762,1,0,0
2762,2,1,0
2762,3,0,0
2762,3,1,0
2762,4,2,0
2762,5,0,0
2762,5,2,0
2762,6,1,0
2762,6,2,0
2762,7,0,0
2762,7,1,0
2762,7,2,0
2763,1,0,0
2763,2,1,0
2763,3,0,0
2763,3,1,0
2763,4,2,0
2763,5,0,0
2763,5,2,0
2763,6,1,0
2763,6,2,0
2763,7,0,0
2763,7,1,0
2763,7,2,0
2764,1,0,0
2764,2,1,0
2764,3,0,0
2764,3,1,0
2764,4,2,0
2764,5,0,0
2764,5,2,0
2764,6,1,0
2764,6,2,0
2764,7,0,0
2764,7,1,0
2764,7,2,0
2765,1,0,0
2765,2,1,0
2765,3,0,0
2765,3,1,0
2765,4,2,0
2765,5,0,0
2765,5,2,0
2765,6,1,0
2765,6,2,0
2765,7,0,0
2765,7,1,0
2765,7,2,0
2766,1,0,0
2766,2,1,0
2766,3,0,0
2766,3,1,0
2766,4,2,0
2766,5,0,0
2766,5,2,0
2766,6,1,0
2766,6,2,0
2766,7,0,0
2766,7,1,0
2766,7,2,0
2767,1,0,0
2767,2,1,0
2767,3,0,0
2767,3,1,0
2767,4,2,0
2767,5,0,0
2767,5,2,0
2767,6,1,0
2767,6,2,0
2767,7,0,0
2767,7,1,0
2767,7,2,0
2768,1,0,0
2768,2,1,0
2768,3,0,0
2768,3,1,0
2768,4,2,0
2768,5,0,0
2768,5,2,0
2768,6,1,0
2768,6,2,0
2768,7,0,0
2768,7,1,0
2768,7,2,0
2769,1,0,0
2769,2,1,0
2769,3,0,0
2769,3,1,0
2769,4,2,0
2769,5,0,0
2769,5,2,0
2769,6,1,0
2769,6,2,0
2769,7,0,0
2769,7,1,0
2769,7,2,0
2770,1,0,0
2770,2,1,0
2770,3,0,0
2770,3,1,0
2770,4,2,0
2770,5,0,0
2770,5,2,0
2770,6,1,0
2770,6,2,0
2770,7,0,0
2770,7,1,0
2770,7,2,0
2771,1,0,0
2771,2,1,0
2771,3,0,0
2771,3,1,0
2771,4,2,0
2771,5,0,0
2771,5,2,0
2771,6,1,0
2771,6,2,0
2771,7,0,0
2771,7,1,0
2771,7,2,0
2772,1,0,0
2772,2,1,0
2772,3,0,0
2772,3,1,0
2772,4,2,0
2772,5,0,0
2772,5,2,0
2772,6,1,0
2772,6,2,0
2772,7,0,0
2772,7,1,0
2772,7,2,0
2773,1,0,0
2773,2,1,0
2773,3,0,0
2773,3,1,0
2773,4,2,0
2773,5,0,0
2773,5,2,0
2773,6,1,0
2773,6,2,0
2773,7,0,0
2773,7,1,0
2773,7,2,0
2774,1,0,0
2774,2,1,0
2774,3,0,0
2774,3,1,0
2774,4,2,0
2774,5,0,0
2774,5,2,0
2774,6,1,0
2774,6,2,0
2774,7,0,0
2774,7,1,0
2774,7,2,0
2775,1,0,0
2775,2,1,0
2775,3,0,0
2775,3,1,0
2775,4,2,0
2775,5,0,0
2775,5,2,0
2775,6,1,0
2775,6,2,0
2775,7,0,0
2775,7,1,0
2775,7,2,0
2776,1,0,0
2776,2,1,0
2776,3,0,0
2776,3,1,0
2776,4,2,0
2776,5,0,0
2776,5,2,0
2776,6,1,0
2776,6,2,0
2776,7,0,0
2776,7,1,0
2776,7,2,0
2777,1,0,0
2777,2,1,0
2777,3,0,0
2777,3,1,0
2777,4,2,0
2777,5,0,0
2777,5,2,0
2777,6,1,0
2777,6,2,0
2777,7,0,0
2777,7,1,0
2777,7,2,0
2778,1,0,0
2778,2,1,0
2778,3,0,0
2778,3,1,0
2778,4,2,0
2778,5,0,0
2778,5,2,0
2778,6,1,0
2778,6,2,0
2778,7,0,0
2778,7,1,0
2778,7,2,0
2779,1,0,0
2779,2,1,0
2779,3,0,0
2779,3,1,0
2779,4,2,0
2779,5,0,0
2779,5,2,0
2779,6,1,0
2779,6,2,0
2779,7,0,0
2779,7,1,0
2779,7,2,0
2780,1,0,0
2780,2,1,0
2780,3,0,0
2780,3,1,0
2780,4,2,0
2780,5,0,0
2780,5,2,0
2780,6,1,0
2780,6,2,0
2780,7,0,0
2780,7,1,0
2780,7,2,0
2781,1,0,1
2781,2,1,0
2781,3,0,1
2781,3,1,0
2781,4,2,0
2781,5,0,1
2781,5,2,0
2781,6,1,0
2781,6,2,0
2781,7,0,1
2781,7,1,0
2781,7,2,0
2782,1,0,1
2782,2,1,0
2782,3,0,1
2782,3,1,0
2782,4,2,0
2782,5,0,1
2782,5,2,0
2782,6,1,0
2782,6,2,0
2782,7,0,1
2782,7,1,0
2782,7,2,0
2783,1,0,0
2783,2,1,0
2783,3,0,0
2783,3,1,0
2783,4,2,0
2783,5,0,0
2783,5,2,0
2783,6,1,0
2783,6,2,0
2783,7,0,0
2783,7,1,0
2783,7,2,0
2784,1,0,0
2784,2,1,0
2784,3,0,0
2784,3,1,0
2784,4,2,0
2784,5,0,0
2784,5,2,0
2784,6,1,0
2784,6,2,0
2784,7,0,0
2784,7,1,0
2784,7,2,0
2785,1,0,0
2785,2,1,0
2785,3,0,0
2785,3,1,0
2785,4,2,0
2785,5,0,0
2785,5,2,0
2785,6,1,0
2785,6,2,0
2785,7,0,0
2785,7,1,0
2785,7,2,0
2786,1,0,0
2786,2,1,0
2786,3,0,0
2786,3,1,0
2786,4,2,0
2786,5,0,0
2786,5,2,0
2786,6,1,0
2786,6,2,0
2786,7,0,0
2786,7,1,0
2786,7,2,0
2787,1,0,0
2787,2,1,0
2787,3,0,0
2787,3,1,0
2787,4,2,0
2787,5,0,0
2787,5,2,0
2787,6,1,0
2787,6,2,0
2787,7,0,0
2787,7,1,0
2787,7,2,0
2788,1,0,0
2788,2,1,0
2788,3,0,0
2788,3,1,0
2788,4,2,0
2788,5,0,0
2788,5,2,0
2788,6,1,0
2788,6,2,0
2788,7,0,0
2788,7,1,0
2788,7,2,0
2789,1,0,0
2789,2,1,0
2789,3,0,0
2789,3,1,0
2789,4,2,0
2789,5,0,0
2789,5,2,0
2789,6,1,0
2789,6,2,0
2789,7,0,0
2789,7,1,0
2789,7,2,0
2790,1,0,0
2790,2,1,0
2790,3,0,0
2790,3,1,0
2790,4,2,0
2790,5,0,0
2790,5,2,0
2790,6,1,0
2790,6,2,0
2790,7,0,0
2790,7,1,0
2790,7,2,0
2791,1,0,0
2791,2,1,0
2791,3,0,0
2791,3,1,0
2791,4,2,0
2791,5,0,0
2791,5,2,0
2791,6,1,0
2791,6,2,0
2791,7,0,0
2791,7,1,0
2791,7,2,0
2792,1,0,0
2792,2,1,0
2792,3,0,0
2792,3,1,0
2792,4,2,0
2792,5,0,0
2792,5,2,0
2792,6,1,0
2792,6,2,0
2792,7,0,0
2792,7,1,0
2792,7,2,0
2793,1,0,0
2793,2,1,0
2793,3,0,0
2793,3,1,0
2793,4,2,0
2793,5,0,0
2793,5,2,0
2793,6,1,0
2793,6,2,0
2793,7,0,0
2793,7,1,0
2793,7,2,0
2794,1,0,0
2794,2,1,0
2794,3,0,0
2794,3,1,0
2794,4,2,0
2794,5,0,0
2794,5,2,0
2794,6,1,0
2794,6,2,0
2794,7,0,0
2794,7,1,0
2794,7,2,0
2795,1,0,0
2795,2,1,0
2795,3,0,0
2795,3,1,0
2795,4,2,0
2795,5,0,0
2795,5,2,0
2795,6,1,0
2795,6,2,0
2795,7,0,0
2795,7,1,0
2795,7,2,0
2796,1,0,0
2796,2,1,0
2796,3,0,0
2796,3,1,0
2796,4,2,0
2796,5,0,0
2796,5,2,0
2796,6,1,0
2796,6,2,0
2796,7,0,0
2796,7,1,0
2796,7,2,0
2797,1,0,0
2797,2,1,0
2797,3,0,0
2797,3,1,0
2797,4,2,0
2797,5,0,0
2797,5,2,0
2797,6,1,0
2797,6,2,0
2797,7,0,0
2797,7,1,0
2797,7,2,0
2798,1,0,0
2798,2,1,0
2798,3,0,0
2798,3,1,0
2798,4,2,0
2798,5,0,0
2798,5,2,0
2798,6,1,0
2798,6,2,0
2798,7,0,0
2798,7,1,0
2798,7,2,0
2799,1,0,0
2799,2,1,0
2799,3,0,0
2799,3,1,0
2799,4,2,0
2799,5,0,0
2799,5,2,0
2799,6,1,0
2799,6,2,0
2799,7,0,0
2799,7,1,0
2799,7,2,0
2800,1,0,0
2800,2,1,0
2800,3,0,0
2800,3,1,0
2800,4,2,0
2800,5,0,0
2800,5,2,0
2800,6,1,0
2800,6,2,0
2800,7,0,0
2800,7,1,0
2800,7,2,0
2801,1,0,0
2801,2,1,0
2801,3,0,0
2801,3,1,0
2801,4,2,0
2801,5,0,0
2801,5,2,0
2801,6,1,0
2801,6,2,0
2801,7,0,0
2801,7,1,0
2801,7,2,0
2802,1,0,0
2802,2,1,0
2802,3,0,0
2802,3,1,0
2802,4,2,0
2802,5,0,0
2802,5,2,0
2802,6,1,0
2802,6,2,0
2802,7,0,0
2802,7,1,0
2802,7,2,0
2803,1,0,0
2803,2,1,0
2803,3,0,0
2803,3,1,0
2803,4,2,0
2803,5,0,0
2803,5,2,0
2803,6,1,0
2803,6,2,0
2803,7,0,0
2803,7,1,0
2803,7,2,0
2804,1,0,0
2804,2,1,0
2804,3,0,0
2804,3,1,0
2804,4,2,0
2804,5,0,0
2804,5,2,0
2804,6,1,0
2804,6,2,0
2804,7,0,0
2804,7,1,0
2804,7,2,0
2805,1,0,0
2805,2,1,0
2805,3,0,0
2805,3,1,0
2805,4,2,0
2805,5,0,0
2805,5,2,0
2805,6,1,0
2805,6,2,0
2805,7,0,0
2805,7,1,0
2805,7,2,0
2806,1,0,0
2806,2,1,0
2806,3,0,0
2806,3,1,0
2806,4,2,0
2806,5,0,0
2806,5,2,0
2806,6,1,0
2806,6,2,0
2806,7,0,0
2806,7,1,0
2806,7,2,0
2807,1,0,0
2807,2,1,0
2807,3,0,0
2807,3,1,0
2807,4,2,0
2807,5,0,0
2807,5,2,0
2807,6,1,0
2807,6,2,0
2807,7,0,0
2807,7,1,0
2807,7,2,0
2808,1,0,1
2808,2,1,0
2808,3,0,1
2808,3,1,0
2808,4,2,0
2808,5,0,1
2808,5,2,0
2808,6,1,0
2808,6,2,0
2808,7,0,1
2808,7,1,0
2808,7,2,0
2809,1,0,1
2809,2,1,0
2809,3,0,1
2809,3,1,0
2809,4,2,0
2809,5,0,1
2809,5,2,0
2809,6,1,0
2809,6,2,0
2809,7,0,1
2809,7,1,0
2809,7,2,0
2810,1,0,0
2810,2,1,0
2810,3,0,0
2810,3,1,0
2810,4,2,0
2810,5,0,0
2810,5,2,0
2810,6,1,0
2810,6,2,0
2810,7,0,0
2810,7,1,0
2810,7,2,0
2811,1,0,0
2811,2,1,0
2811,3,0,0
2811,3,1,0
2811,4,2,0
2811,5,0,0
2811,5,2,0
2811,6,1,0
2811,6,2,0
2811,7,0,0
2811,7,1,0
2811,7,2,0
2812,1,0,0
2812,2,1,0
2812,3,0,0
2812,3,1,0
2812,4,2,0
2812,5,0,0
2812,5,2,0
2812,6,1,0
2812,6,2,0
2812,7,0,0
2812,7,1,0
2812,7,2,0
2813,1,0,0
2813,2,1,0
2813,3,0,0
2813,3,1,0
2813,4,2,0
2813,5,0,0
2813,5,2,0
2813,6,1,0
2813,6,2,0
2813,7,0,0
2813,7,1,0
2813,7,2,0
2814,1,0,0
2814,2,1,0
2814,3,0,0
2814,3,1,0
2814,4,2,0
2814,5,0,0
2814,5,2,0
2814,6,1,0
2814,6,2,0
2814,7,0,0
2814,7,1,0
2814,7,2,0
2815,1,0,0
2815,2,1,0
2815,3,0,0
2815,3,1,0
2815,4,2,0
2815,5,0,0
2815,5,2,0
2815,6,1,0
2815,6,2,0
2815,7,0,0
2815,7,1,0
2815,7,2,0
2816,1,0,0
2816,2,1,0
2816,3,0,0
2816,3,1,0
2816,4,2,0
2816,5,0,0
2816,5,2,0
2816,6,1,0
2816,6,2,0
2816,7,0,0
2816,7,1,0
2816,7,2,0
2817,1,0,0
2817,2,1,0
2817,3,0,0
2817,3,1,0
2817,4,2,0
2817,5,0,0
2817,5,2,0
2817,6,1,0
2817,6,2,0
2817,7,0,0
2817,7,1,0
2817,7,2,0
2818,1,0,0
2818,2,1,0
2818,3,0,0
2818,3,1,0
2818,4,2,0
2818,5,0,0
2818,5,2,0
2818,6,1,0
2818,6,2,0
2818,7,0,0
2818,7,1,0
2818,7,2,0
2819,1,0,0
2819,2,1,0
2819,3,0,0
2819,3,1,0
2819,4,2,0
2819,5,0,0
2819,5,2,0
2819,6,1,0
2819,6,2,0
2819,7,0,0
2819,7,1,0
2819,7,2,0
2820,1,0,0
2820,2,1,0
2820,3,0,0
2820,3,1,0
2820,4,2,0
2820,5,0,0
2820,5,2,0
2820,6,1,0
2820,6,2,0
2820,7,0,0
2820,7,1,0
2820,7,2,0
2821,1,0,0
2821,2,1,0
2821,3,0,0
2821,3,1,0
2821,4,2,0
2821,5,0,0
2821,5,2,0
2821,6,1,0
2821,6,2,0
2821,7,0,0
2821,7,1,0
2821,7,2,0
2822,1,0,0
2822,2,1,0
2822,3,0,0
2822,3,1,0
2822,4,2,0
2822,5,0,0
2822,5,2,0
2822,6,1,0
2822,6,2,0
2822,7,0,0
2822,7,1,0
2822,7,2,0
2823,1,0,0
2823,2,1,0
2823,3,0,0
2823,3,1,0
2823,4,2,0
2823,5,0,0
2823,5,2,0
2823,6,1,0
2823,6,2,0
2823,7,0,0
2823,7,1,0
2823,7,2,0
2824,1,0,0
2824,2,1,0
2824,3,0,0
2824,3,1,0
2824,4,2,0
2824,5,0,0
2824,5,2,0
2824,6,1,0
2824,6,2,0
2824,7,0,0
2824,7,1,0
2824,7,2,0
2825,1,0,0
2825,2,1,0
2825,3,0,0
2825,3,1,0
2825,4,2,0
2825,5,0,0
2825,5,2,0
2825,6,1,0
2825,6,2,0
2825,7,0,0
2825,7,1,0
2825,7,2,0
2826,1,0,0
2826,2,1,0
2826,3,0,0
2826,3,1,0
2826,4,2,0
2826,5,0,0
2826,5,2,0
2826,6,1,0
2826,6,2,0
2826,7,0,0
2826,7,1,0
2826,7,2,0
2827,1,0,0
2827,2,1,0
2827,3,0,0
2827,3,1,0
2827,4,2,0
2827,5,0,0
2827,5,2,0
2827,6,1,0
2827,6,2,0
2827,7,0,0
2827,7,1,0
2827,7,2,0
2828,1,0,0
2828,2,1,0
2828,3,0,0
2828,3,1,0
2828,4,2,0
2828,5,0,0
2828,5,2,0
2828,6,1,0
2828,6,2,0
2828,7,0,0
2828,7,1,0
2828,7,2,0
2829,1,0,0
2829,2,1,0
2829,3,0,0
2829,3,1,0
2829,4,2,0
2829,5,0,0
2829,5,2,0
2829,6,1,0
2829,6,2,0
2829,7,0,0
2829,7,1,0
2829,7,2,0
2830,1,0,0
2830,2,1,0
2830,3,0,0
2830,3,1,0
2830,4,2,0
2830,5,0,0
2830,5,2,0
2830,6,1,0
2830,6,2,0
2830,7,0,0
2830,7,1,0
2830,7,2,0
2831,1,0,0
2831,2,1,0
2831,3,0,0
2831,3,1,0
2831,4,2,0
2831,5,0,0
2831,5,2,0
2831,6,1,0
2831,6,2,0
2831,7,0,0
2831,7,1,0
2831,7,2,0
2832,1,0,0
2832,2,1,0
2832,3,0,0
2832,3,1,0
2832,4,2,0
2832,5,0,0
2832,5,2,0
2832,6,1,0
2832,6,2,0
2832,7,0,0
2832,7,1,0
2832,7,2,0
2833,1,0,0
2833,2,1,0
2833,3,0,0
2833,3,1,0
2833,4,2,0
2833,5,0,0
2833,5,2,0
2833,6,1,0
2833,6,2,0
2833,7,0,0
2833,7,1,0
2833,7,2,0
2834,1,0,0
2834,2,1,0
2834,3,0,0
2834,3,1,0
2834,4,2,0
2834,5,0,0
2834,5,2,0
2834,6,1,0
2834,6,2,0
2834,7,0,0
2834,7,1,0
2834,7,2,0
2835,1,0,1
2835,2,1,0
2835,3,0,1
2835,3,1,0
2835,4,2,0
2835,5,0,1
2835,5,2,0
2835,6,1,0
2835,6,2,0
2835,7,0,1
2835,7,1,0
2835,7,2,0
2836,1,0,1
2836,2,1,0
2836,3,0,1
2836,3,1,0
2836,4,2,0
2836,5,0,1
2836,5,2,0
2836,6,1,0
2836,6,2,0
2836,7,0,1
2836,7,1,0
2836,7,2,0
2837,1,0,0
2837,2,1,0
2837,3,0,0
2837,3,1,0
2837,4,2,0
2837,5,0,0
2837,5,2,0
2837,6,1,0
2837,6,2,0
2837,7,0,0
2837,7,1,0
2837,7,2,0
2838,1,0,0
2838,2,1,0
2838,3,0,0
2838,3,1,0
2838,4,2,0
2838,5,0,0
2838,5,2,0
2838,6,1,0
2838,6,2,0
2838,7,0,0
2838,7,1,0
2838,7,2,0
2839,1,0,0
2839,2,1,0
2839,3,0,0
2839,3,1,0
2839,4,2,0
2839,5,0,0
2839,5,2,0
2839,6,1,0
2839,6,2,0
2839,7,0,0
2839,7,1,0
2839,7,2,0
2840,1,0,0
2840,2,1,0
2840,3,0,0
2840,3,1,0
2840,4,2,0
2840,5,0,0
2840,5,2,0
2840,6,1,0
2840,6,2,0
2840,7,0,0
2840,7,1,0
2840,7,2,0
2841,1,0,0
2841,2,1,0
2841,3,0,0
2841,3,1,0
2841,4,2,0
2841,5,0,0
2841,5,2,0
2841,6,1,0
2841,6,2,0
2841,7,0,0
2841,7,1,0
2841,7,2,0
2842,1,0,0
2842,2,1,0
2842,3,0,0
2842,3,1,0
2842,4,2,0
2842,5,0,0
2842,5,2,0
2842,6,1,0
2842,6,2,0
2842,7,0,0
2842,7,1,0
2842,7,2,0
2843,1,0,0
2843,2,1,0
2843,3,0,0
2843,3,1,0
2843,4,2,0
2843,5,0,0
2843,5,2,0
2843,6,1,0
2843,6,2,0
2843,7,0,0
2843,7,1,0
2843,7,2,0
2844,1,0,0
2844,2,1,0
2844,3,0,0
2844,3,1,0
2844,4,2,0
2844,5,0,0
2844,5,2,0
2844,6,1,0
2844,6,2,0
2844,7,0,0
2844,7,1,0
2844,7,2,0
2845,1,0,0
2845,2,1,0
2845,3,0,0
2845,3,1,0
2845,4,2,0
2845,5,0,0
2845,5,2,0
2845,6,1,0
2845,6,2,0
2845,7,0,0
2845,7,1,0
2845,7,2,0
2846,1,0,0
2846,2,1,0
2846,3,0,0
2846,3,1,0
2846,4,2,0
2846,5,0,0
2846,5,2,0
2846,6,1,0
2846,6,2,0
2846,7,0,0
2846,7,1,0
2846,7,2,0
2847,1,0,0
2847,2,1,0
2847,3,0,0
2847,3,1,0
2847,4,2,0
2847,5,0,0
2847,5,2,0
2847,6,1,0
2847,6,2,0
2847,7,0,0
2847,7,1,0
2847,7,2,0
2848,1,0,0
2848,2,1,0
2848,3,0,0
2848,3,1,0
2848,4,2,0
2848,5,0,0
2848,5,2,0
2848,6,1,0
2848,6,2,0
2848,7,0,0
2848,7,1,0
2848,7,2,0
2849,1,0,0
2849,2,1,0
2849,3,0,0
2849,3,1,0
2849,4,2,0
2849,5,0,0
2849,5,2,0
2849,6,1,0
2849,6,2,0
2849,7,0,0
2849,7,1,0
2849,7,2,0
2850,1,0,0
2850,2,1,0
2850,3,0,0
2850,3,1,0
2850,4,2,0
2850,5,0,0
2850,5,2,0
2850,6,1,0
2850,6,2,0
2850,7,0,0
2850,7,1,0
2850,7,2,0
2851,1,0,0
2851,2,1,0
2851,3,0,0
2851,3,1,0
2851,4,2,0
2851,5,0,0
2851,5,2,0
2851,6,1,0
2851,6,2,0
2851,7,0,0
2851,7,1,0
2851,7,2,0
2852,1,0,0
2852,2,1,0
2852,3,0,0
2852,3,1,0
2852,4,2,0
2852,5,0,0
2852,5,2,0
2852,6,1,0
2852,6,2,0
2852,7,0,0
2852,7,1,0
2852,7,2,0
2853,1,0,0
2853,2,1,0
2853,3,0,0
2853,3,1,0
2853,4,2,0
2853,5,0,0
2853,5,2,0
2853,6,1,0
2853,6,2,0
2853,7,0,0
2853,7,1,0
2853,7,2,0
2854,1,0,0
2854,2,1,0
2854,3,0,0
2854,3,1,0
2854,4,2,0
2854,5,0,0
2854,5,2,0
2854,6,1,0
2854,6,2,0
2854,7,0,0
2854,7,1,0
2854,7,2,0
2855,1,0,0
2855,2,1,0
2855,3,0,0
2855,3,1,0
2855,4,2,0
2855,5,0,0
2855,5,2,0
2855,6,1,0
2855,6,2,0
2855,7,0,0
2855,7,1,0
2855,7,2,0
2856,1,0,0
2856,2,1,0
2856,3,0,0
2856,3,1,0
2856,4,2,0
2856,5,0,0
2856,5,2,0
2856,6,1,0
2856,6,2,0
2856,7,0,0
2856,7,1,0
2856,7,2,0
2857,1,0,0
2857,2,1,0
2857,3,0,0
2857,3,1,0
2857,4,2,0
2857,5,0,0
2857,5,2,0
2857,6,1,0
2857,6,2,0
2857,7,0,0
2857,7,1,0
2857,7,2,0
2858,1,0,0
2858,2,1,0
2858,3,0,0
2858,3,1,0
2858,4,2,0
2858,5,0,0
2858,5,2,0
2858,6,1,0
2858,6,2,0
2858,7,0,0
2858,7,1,0
2858,7,2,0
2859,1,0,0
2859,2,1,0
2859,3,0,0
2859,3,1,0
2859,4,2,0
2859,5,0,0
2859,5,2,0
2859,6,1,0
2859,6,2,0
2859,7,0,0
2859,7,1,0
2859,7,2,0
2860,1,0,0
2860,2,1,0
2860,3,0,0
2860,3,1,0
2860,4,2,0
2860,5,0,0
2860,5,2,0
2860,6,1,0
2860,6,2,0
2860,7,0,0
2860,7,1,0
2860,7,2,0
2861,1,0,0
2861,2,1,0
2861,3,0,0
2861,3,1,0
2861,4,2,0
2861,5,0,0
2861,5,2,0
2861,6,1,0
2861,6,2,0
2861,7,0,0
2861,7,1,0
2861,7,2,0
2862,1,0,1
2862,2,1,0
2862,3,0,1
2862,3,1,0
2862,4,2,0
2862,5,0,1
2862,5,2,0
2862,6,1,0
2862,6,2,0
2862,7,0,1
2862,7,1,0
2862,7,2,0
2863,1,0,1
2863,2,1,0
2863,3,0,1
2863,3,1,0
2863,4,2,0
2863,5,0,1
2863,5,2,0
2863,6,1,0
2863,6,2,0
2863,7,0,1
2863,7,1,0
2863,7,2,0
2864,1,0,0
2864,2,1,0
2864,3,0,0
2864,3,1,0
2864,4,2,0
2864,5,0,0
2864,5,2,0
2864,6,1,0
2864,6,2,0
2864,7,0,0
2864,7,1,0
2864,7,2,0
2865,1,0,0
2865,2,1,0
2865,3,0,0
2865,3,1,0
2865,4,2,0
2865,5,0,0
2865,5,2,0
2865,6,1,0
2865,6,2,0
2865,7,0,0
2865,7,1,0
2865,7,2,0
2866,1,0,0
2866,2,1,0
2866,3,0,0
2866,3,1,0
2866,4,2,0
2866,5,0,0
2866,5,2,0
2866,6,1,0
2866,6,2,0
2866,7,0,0
2866,7,1,0
2866,7,2,0
2867,1,0,0
2867,2,1,0
2867,3,0,0
2867,3,1,0
2867,4,2,0
2867,5,0,0
2867,5,2,0
2867,6,1,0
2867,6,2,0
2867,7,0,0
2867,7,1,0
2867,7,2,0
2868,1,0,0
2868,2,1,0
2868,3,0,0
2868,3,1,0
2868,4,2,0
2868,5,0,0
2868,5,2,0
2868,6,1,0
2868,6,2,0
2868,7,0,0
2868,7,1,0
2868,7,2,0
2869,1,0,0
2869,2,1,0
2869,3,0,0
2869,3,1,0
2869,4,2,0
2869,5,0,0
2869,5,2,0
2869,6,1,0
2869,6,2,0
2869,7,0,0
2869,7,1,0
2869,7,2,0
2870,1,0,0
2870,2,1,0
2870,3,0,0
2870,3,1,0
2870,4,2,0
2870,5,0,0
2870,5,2,0
2870,6,1,0
2870,6,2,0
2870,7,0,0
2870,7,1,0
2870,7,2,0
2871,1,0,0
2871,2,1,0
2871,3,0,0
2871,3,1,0
2871,4,2,0
2871,5,0,0
2871,5,2,0
2871,6,1,0
2871,6,2,0
2871,7,0,0
2871,7,1,0
2871,7,2,0
2872,1,0,0
2872,2,1,0
2872,3,0,0
2872,3,1,0
2872,4,2,0
2872,5,0,0
2872,5,2,0
2872,6,1,0
2872,6,2,0
2872,7,0,0
2872,7,1,0
2872,7,2,0
2873,1,0,0
2873,2,1,0
2873,3,0,0
2873,3,1,0
2873,4,2,0
2873,5,0,0
2873,5,2,0
2873,6,1,0
2873,6,2,0
2873,7,0,0
2873,7,1,0
2873,7,2,0
2874,1,0,0
2874,2,1,0
2874,3,0,0
2874,3,1,0
2874,4,2,0
2874,5,0,0
2874,5,2,0
2874,6,1,0
2874,6,2,0
2874,7,0,0
2874,7,1,0
2874,7,2,0
2875,1,0,0
2875,2,1,0
2875,3,0,0
2875,3,1,0
2875,4,2,0
2875,5,0,0
2875,5,2,0
2875,6,1,0
2875,6,2,0
2875,7,0,0
2875,7,1,0
2875,7,2,0
2876,1,0,0
2876,2,1,0
2876,3,0,0
2876,3,1,0
2876,4,2,0
2876,5,0,0
2876,5,2,0
2876,6,1,0
2876,6,2,0
2876,7,0,0
2876,7,1,0
2876,7,2,0
2877,1,0,0
2877,2,1,0
2877,3,0,0
2877,3,1,0
2877,4,2,0
2877,5,0,0
2877,5,2,0
2877,6,1,0
2877,6,2,0
2877,7,0,0
2877,7,1,0
2877,7,2,0
2878,1,0,0
2878,2,1,0
2878,3,0,0
2878,3,1,0
2878,4,2,0
2878,5,0,0
2878,5,2,0
2878,6,1,0
2878,6,2,0
2878,7,0,0
2878,7,1,0
2878,7,2,0
2879,1,0,0
2879,2,1,0
2879,3,0,0
2879,3,1,0
2879,4,2,0
2879,5,0,0
2879,5,2,0
2879,6,1,0
2879,6,2,0
2879,7,0,0
2879,7,1,0
2879,7,2,0
2880,1,0,0
2880,2,1,0
2880,3,0,0
2880,3,1,0
2880,4,2,0
2880,5,0,0
2880,5,2,0
2880,6,1,0
2880,6,2,0
2880,7,0,0
2880,7,1,0
2880,7,2,0
2881,1,0,0
2881,2,1,0
2881,3,0,0
2881,3,1,0
2881,4,2,0
2881,5,0,0
2881,5,2,0
2881,6,1,0
2881,6,2,0
2881,7,0,0
2881,7,1,0
2881,7,2,0
2882,1,0,0
2882,2,1,0
2882,3,0,0
2882,3,1,0
2882,4,2,0
2882,5,0,0
2882,5,2,0
2882,6,1,0
2882,6,2,0
2882,7,0,0
2882,7,1,0
2882,7,2,0
2883,1,0,0
2883,2,1,0
2883,3,0,0
2883,3,1,0
2883,4,2,0
2883,5,0,0
2883,5,2,0
2883,6,1,0
2883,6,2,0
2883,7,0,0
2883,7,1,0
2883,7,2,0
2884,1,0,0
2884,2,1,0
2884,3,0,0
2884,3,1,0
2884,4,2,0
2884,5,0,0
2884,5,2,0
2884,6,1,0
2884,6,2,0
2884,7,0,0
2884,7,1,0
2884,7,2,0
2885,1,0,0
2885,2,1,0
2885,3,0,0
2885,3,1,0
2885,4,2,0
2885,5,0,0
2885,5,2,0
2885,6,1,0
2885,6,2,0
2885,7,0,0
2885,7,1,0
2885,7,2,0
2886,1,0,0
2886,2,1,0
2886,3,0,0
2886,3,1,0
2886,4,2,0
2886,5,0,0
2886,5,2,0
2886,6,1,0
2886,6,2,0
2886,7,0,0
2886,7,1,0
2886,7,2,0
2887,1,0,0
2887,2,1,0
2887,3,0,0
2887,3,1,0
2887,4,2,0
2887,5,0,0
2887,5,2,0
2887,6,1,0
2887,6,2,0
2887,7,0,0
2887,7,1,0
2887,7,2,0
2888,1,0,0
2888,2,1,0
2888,3,0,0
2888,3,1,0
2888,4,2,0
2888,5,0,0
2888,5,2,0
2888,6,1,0
2888,6,2,0
2888,7,0,0
2888,7,1,0
2888,7,2,0
2889,1,0,1
2889,2,1,0
2889,3,0,1
2889,3,1,0
2889,4,2,0
2889,5,0,1
2889,5,2,0
2889,6,1,0
2889,6,2,0
2889,7,0,1
2889,7,1,0
2889,7,2,0
2890,1,0,1
2890,2,1,0
2890,3,0,1
2890,3,1,0
2890,4,2,0
2890,5,0,1
2890,5,2,0
2890,6,1,0
2890,6,2,0
2890,7,0,1
2890,7,1,0
2890,7,2,0
2891,1,0,0
2891,2,1,0
2891,3,0,0
2891,3,1,0
2891,4,2,0
2891,5,0,0
2891,5,2,0
2891,6,1,0
2891,6,2,0
2891,7,0,0
2891,7,1,0
2891,7,2,0
2892,1,0,0
2892,2,1,0
2892,3,0,0
2892,3,1,0
2892,4,2,0
2892,5,0,0
2892,5,2,0
2892,6,1,0
2892,6,2,0
2892,7,0,0
2892,7,1,0
2892,7,2,0
2893,1,0,0
2893,2,1,0
2893,3,0,0
2893,3,1,0
2893,4,2,0
2893,5,0,0
2893,5,2,0
2893,6,1,0
2893,6,2,0
2893,7,0,0
2893,7,1,0
2893,7,2,0
2894,1,0,0
2894,2,1,0
2894,3,0,0
2894,3,1,0
2894,4,2,0
2894,5,0,0
2894,5,2,0
2894,6,1,0
2894,6,2,0
2894,7,0,0
2894,7,1,0
2894,7,2,0
2895,1,0,0
2895,2,1,0
2895,3,0,0
2895,3,1,0
2895,4,2,0
2895,5,0,0
2895,5,2,0
2895,6,1,0
2895,6,2,0
2895,7,0,0
2895,7,1,0
2895,7,2,0
2896,1,0,0
2896,2,1,0
2896,3,0,0
2896,3,1,0
2896,4,2,0
2896,5,0,0
2896,5,2,0
2896,6,1,0
2896,6,2,0
2896,7,0,0
2896,7,1,0
2896,7,2,0
2897,1,0,0
2897,2,1,0
2897,3,0,0
2897,3,1,0
2897,4,2,0
2897,5,0,0
2897,5,2,0
2897,6,1,0
2897,6,2,0
2897,7,0,0
2897,7,1,0
2897,7,2,0
2898,1,0,0
2898,2,1,0
2898,3,0,0
2898,3,1,0
2898,4,2,0
2898,5,0,0
2898,5,2,0
2898,6,1,0
2898,6,2,0
2898,7,0,0
2898,7,1,0
2898,7,2,0
2899,1,0,0
2899,2,1,0
2899,3,0,0
2899,3,1,0
2899,4,2,0
2899,5,0,0
2899,5,2,0
2899,6,1,0
2899,6,2,0
2899,7,0,0
2899,7,1,0
2899,7,2,0
2900,1,0,0
2900,2,1,0
2900,3,0,0
2900,3,1,0
2900,4,2,0
2900,5,0,0
2900,5,2,0
2900,6,1,0
2900,6,2,0
2900,7,0,0
2900,7,1,0
2900,7,2,0
2901,1,0,0
2901,2,1,0
2901,3,0,0
2901,3,1,0
2901,4,2,0
2901,5,0,0
2901,5,2,0
2901,6,1,0
2901,6,2,0
2901,7,0,0
2901,7,1,0
2901,7,2,0
2902,1,0,0
2902,2,1,0
2902,3,0,0
2902,3,1,0
2902,4,2,0
2902,5,0,0
2902,5,2,0
2902,6,1,0
2902,6,2,0
2902,7,0,0
2902,7,1,0
2902,7,2,0
2903,1,0,0
2903,2,1,0
2903,3,0,0
2903,3,1,0
2903,4,2,0
2903,5,0,0
2903,5,2,0
2903,6,1,0
2903,6,2,0
2903,7,0,0
2903,7,1,0
2903,7,2,0
2904,1,0,0
2904,2,1,0
2904,3,0,0
2904,3,1,0
2904,4,2,0
2904,5,0,0
2904,5,2,0
2904,6,1,0
2904,6,2,0
2904,7,0,0
2904,7,1,0
2904,7,2,0
2905,1,0,0
2905,2,1,0
2905,3,0,0
2905,3,1,0
2905,4,2,0
2905,5,0,0
2905,5,2,0
2905,6,1,0
2905,6,2,0
2905,7,0,0
2905,7,1,0
2905,7,2,0
2906,1,0,0
2906,2,1,0
2906,3,0,0
2906,3,1,0
2906,4,2,0
2906,5,0,0
2906,5,2,0
2906,6,1,0
2906,6,2,0
2906,7,0,0
2906,7,1,0
2906,7,2,0
2907,1,0,0
2907,2,1,0
2907,3,0,0
2907,3,1,0
2907,4,2,0
2907,5,0,0
2907,5,2,0
2907,6,1,0
2907,6,2,0
2907,7,0,0
2907,7,1,0
2907,7,2,0
2908,1,0,0
2908,2,1,0
2908,3,0,0
2908,3,1,0
2908,4,2,0
2908,5,0,0
2908,5,2,0
2908,6,1,0
2908,6,2,0
2908,7,0,0
2908,7,1,0
2908,7,2,0
2909,1,0,0
2909,2,1,0
2909,3,0,0
2909,3,1,0
2909,4,2,0
2909,5,0,0
2909,5,2,0
2909,6,1,0
2909,6,2,0
2909,7,0,0
2909,7,1,0
2909,7,2,0
2910,1,0,0
2910,2,1,0
2910,3,0,0
2910,3,1,0
2910,4,2,0
2910,5,0,0
2910,5,2,0
2910,6,1,0
2910,6,2,0
2910,7,0,0
2910,7,1,0
2910,7,2,0
2911,1,0,0
2911,2,1,0
2911,3,0,0
2911,3,1,0
2911,4,2,0
2911,5,0,0
2911,5,2,0
2911,6,1,0
2911,6,2,0
2911,7,0,0
2911,7,1,0
2911,7,2,0
2912,1,0,0
2912,2,1,0
2912,3,0,0
2912,3,1,0
2912,4,2,0
2912,5,0,0
2912,5,2,0
2912,6,1,0
2912,6,2,0
2912,7,0,0
2912,7,1,0
2912,7,2,0
2913,1,0,0
2913,2,1,0
2913,3,0,0
2913,3,1,0
2913,4,2,0
2913,5,0,0
2913,5,2,0
2913,6,1,0
2913,6,2,0
2913,7,0,0
2913,7,1,0
2913,7,2,0
2914,1,0,0
2914,2,1,0
2914,3,0,0
2914,3,1,0
2914,4,2,0
2914,5,0,0
2914,5,2,0
2914,6,1,0
2914,6,2,0
2914,7,0,0
2914,7,1,0
2914,7,2,0
2915,1,0,0
2915,2,1,0
2915,3,0,0
2915,3,1,0
2915,4,2,0
2915,5,0,0
2915,5,2,0
2915,6,1,0
2915,6,2,0
2915,7,0,0
2915,7,1,0
2915,7,2,0
2916,1,0,1
2916,2,1,1
2916,3,0,1
2916,3,1,1
2916,4,2,1
2916,5,0,1
2916,5,2,1
2916,6,1,1
2916,6,2,1
2916,7,0,1
2916,7,1,1
2916,7,2,1
2917,1,0,1
2917,2,1,1
2917,3,0,1
2917,3,1,1
2917,4,2,1
2917,5,0,1
2917,5,2,1
2917,6,1,1
2917,6,2,1
2917,7,0,1
2917,7,1,1
2917,7,2,1
2918,1,0,0
2918,2,1,1
2918,3,0,0
2918,3,1,1
2918,4,2,0
2918,5,0,0
2918,5,2,0
2918,6,1,1
2918,6,2,0
2918,7,0,0
2918,7,1,1
2918,7,2,0
2919,1,0,1
2919,2,1,1
2919,3,0,1
2919,3,1,1
2919,4,2,1
2919,5,0,1
2919,5,2,1
2919,6,1,1
2919,6,2,1
2919,7,0,1
2919,7,1,1
2919,7,2,1
2920,1,0,1
2920,2,1,1
2920,3,0,1
2920,3,1,1
2920,4,2,1
2920,5,0,1
2920,5,2,1
2920,6,1,1
2920,6,2,1
2920,7,0,1
2920,7,1,1
2920,7,2,1
2921,1,0,0
2921,2,1,1
2921,3,0,0
2921,3,1,1
2921,4,2,0
2921,5,0,0
2921,5,2,0
2921,6,1,1
2921,6,2,0
2921,7,0,0
2921,7,1,1
2921,7,2,0
2922,1,0,1
2922,2,1,1
2922,3,0,1
2922,3,1,1
2922,4,2,1
2922,5,0,1
2922,5,2,1
2922,6,1,1
2922,6,2,1
2922,7,0,1
2922,7,1,1
2922,7,2,1
2923,1,0,1
2923,2,1,1
2923,3,0,1
2923,3,1,1
2923,4,2,1
2923,5,0,1
2923,5,2,1
2923,6,1,1
2923,6,2,1
2923,7,0,1
2923,7,1,1
2923,7,2,1
2924,1,0,0
2924,2,1,1
2924,3,0,0
2924,3,1,1
2924,4,2,0
2924,5,0,0
2924,5,2,0
2924,6,1,1
2924,6,2,0
2924,7,0,0
2924,7,1,1
2924,7,2,0
2925,1,0,1
2925,2,1,1
2925,3,0,1
2925,3,1,1
2925,4,2,1
2925,5,0,1
2925,5,2,1
2925,6,1,1
2925,6,2,1
2925,7,0,1
2925,7,1,1
2925,7,2,1
2926,1,0,1
2926,2,1,1
2926,3,0,1
2926,3,1,1
2926,4,2,1
2926,5,0,1
2926,5,2,1
2926,6,1,1
2926,6,2,1
2926,7,0,1
2926,7,1,1
2926,7,2,1
2927,1,0,0
2927,2,1,1
2927,3,0,0
2927,3,1,1
2927,4,2,0
2927,5,0,0
2927,5,2,0
2927,6,1,1
2927,6,2,0
2927,7,0,0
2927,7,1,1
2927,7,2,0
2928,1,0,1
2928,2,1,1
2928,3,0,1
2928,3,1,1
2928,4,2,1
2928,5,0,1
2928,5,2,1
2928,6,1,1
2928,6,2,1
2928,7,0,1
2928,7,1,1
2928,7,2,1
2929,1,0,1
2929,2,1,1
2929,3,0,1
2929,3,1,1
2929,4,2,1
2929,5,0,1
2929,5,2,1
2929,6,1,1
2929,6,2,1
2929,7,0,1
2929,7,1,1
2929,7,2,1
2930,1,0,0
2930,2,1,1
2930,3,0,0
2930,3,1,1
2930,4,2,0
2930,5,0,0
2930,5,2,0
2930,6,1,1
2930,6,2,0
2930,7,0,0
2930,7,1,1
2930,7,2,0
2931,1,0,1
2931,2,1,1
2931,3,0,1
2931,3,1,1
2931,4,2,1
2931,5,0,1
2931,5,2,1
2931,6,1,1
2931,6,2,1
2931,7,0,1
2931,7,1,1
2931,7,2,1
2932,1,0,1
2932,2,1,1
2932,3,0,1
2932,3,1,1
2932,4,2,1
2932,5,0,1
2932,5,2,1
2932,6,1,1
2932,6,2,1
2932,7,0,1
2932,7,1,1
2932,7,2,1
2933,1,0,0
2933,2,1,1
2933,3,0,0
2933,3,1,1
2933,4,2,0
2933,5,0,0
2933,5,2,0
2933,6,1,1
2933,6,2,0
2933,7,0,0
2933,7,1,1
2933,7,2,0
2934,1,0,0
2934,2,1,1
2934,3,0,0
2934,3,1,1
2934,4,2,0
2934,5,0,0
2934,5,2,0
2934,6,1,1
2934,6,2,0
2934,7,0,0
2934,7,1,1
2934,7,2,0
2935,1,0,0
2935,2,1,1
2935,3,0,0
2935,3,1,1
2935,4,2,0
2935,5,0,0
2935,5,2,0
2935,6,1,1
2935,6,2,0
2935,7,0,0
2935,7,1,1
2935,7,2,0
2936,1,0,0
2936,2,1,1
2936,3,0,0
2936,3,1,1
2936,4,2,0
2936,5,0,0
2936,5,2,0
2936,6,1,1
2936,6,2,0
2936,7,0,0
2936,7,1,1
2936,7,2,0
2937,1,0,0
2937,2,1,1
2937,3,0,0
2937,3,1,1
2937,4,2,0
2937,5,0,0
2937,5,2,0
2937,6,1,1
2937,6,2,0
2937,7,0,0
2937,7,1,1
2937,7,2,0
2938,1,0,0
2938,2,1,1
2938,3,0,0
2938,3,1,1
2938,4,2,0
2938,5,0,0
2938,5,2,0
2938,6,1,1
2938,6,2,0
2938,7,0,0
2938,7,1,1
2938,7,2,0
2939,1,0,0
2939,2,1,1
2939,3,0,0
2939,3,1,1
2939,4,2,0
2939,5,0,0
2939,5,2,0
2939,6,1,1
2939,6,2,0
2939,7,0,0
2939,7,1,1
2939,7,2,0
2940,1,0,0
2940,2,1,1
2940,3,0,0
2940,3,1,1
2940,4,2,0
2940,5,0,0
2940,5,2,0
2940,6,1,1
2940,6,2,0
2940,7,0,0
2940,7,1,1
2940,7,2,0
2941,1,0,0
2941,2,1,1
2941,3,0,0
2941,3,1,1
2941,4,2,0
2941,5,0,0
2941,5,2,0
2941,6,1,1
2941,6,2,0
2941,7,0,0
2941,7,1,1
2941,7,2,0
2942,1,0,0
2942,2,1,1
2942,3,0,0
2942,3,1,1
2942,4,2,0
2942,5,0,0
2942,5,2,0
2942,6,1,1
2942,6,2,0
2942,7,0,0
2942,7,1,1
2942,7,2,0
2943,1,0,1
2943,2,1,1
2943,3,0,1
2943,3,1,1
2943,4,2,1
2943,5,0,1
2943,5,2,1
2943,6,1,1
2943,6,2,1
2943,7,0,1
2943,7,1,1
2943,7,2,1
2944,1,0,1
2944,2,1,1
2944,3,0,1
2944,3,1,1
2944,4,2,1
2944,5,0,1
2944,5,2,1
2944,6,1,1
2944,6,2,1
2944,7,0,1
2944,7,1,1
2944,7,2,1
2945,1,0,0
2945,2,1,0
2945,3,0,0
2945,3,1,0
2945,4,2,0
2945,5,0,0
2945,5,2,0
2945,6,1,0
2945,6,2,0
2945,7,0,0
2945,7,1,0
2945,7,2,0
2946,1,0,1
2946,2,1,1
2946,3,0,1
2946,3,1,1
2946,4,2,1
2946,5,0,1
2946,5,2,1
2946,6,1,1
2946,6,2,1
2946,7,0,1
2946,7,1,1
2946,7,2,1
2947,1,0,1
2947,2,1,1
2947,3,0,1
2947,3,1,1
2947,4,2,1
2947,5,0,1
2947,5,2,1
2947,6,1,1
2947,6,2,1
2947,7,0,1
2947,7,1,1
2947,7,2,1
2948,1,0,0
2948,2,1,0
2948,3,0,0
2948,3,1,0
2948,4,2,0
2948,5,0,0
2948,5,2,0
2948,6,1,0
2948,6,2,0
2948,7,0,0
2948,7,1,0
2948,7,2,0
2949,1,0,0
2949,2,1,0
2949,3,0,0
2949,3,1,0
2949,4,2,0
2949,5,0,0
2949,5,2,0
2949,6,1,0
2949,6,2,0
2949,7,0,0
2949,7,1,0
2949,7,2,0
2950,1,0,0
2950,2,1,0
2950,3,0,0
2950,3,1,0
2950,4,2,0
2950,5,0,0
2950,5,2,0
2950,6,1,0
2950,6,2,0
2950,7,0,0
2950,7,1,0
2950,7,2,0
2951,1,0,0
2951,2,1,0
2951,3,0,0
2951,3,1,0
2951,4,2,0
2951,5,0,0
2951,5,2,0
2951,6,1,0
2951,6,2,0
2951,7,0,0
2951,7,1,0
2951,7,2,0
2952,1,0,1
2952,2,1,1
2952,3,0,1
2952,3,1,1
2952,4,2,1
2952,5,0,1
2952,5,2,1
2952,6,1,1
2952,6,2,1
2952,7,0,1
2952,7,1,1
2952,7,2,1
2953,1,0,1
2953,2,1,1
2953,3,0,1
2953,3,1,1
2953,4,2,1
2953,5,0,1
2953,5,2,1
2953,6,1,1
2953,6,2,1
2953,7,0,1
2953,7,1,1
2953,7,2,1
2954,1,0,0
2954,2,1,0
2954,3,0,0
2954,3,1,0
2954,4,2,0
2954,5,0,0
2954,5,2,0
2954,6,1,0
2954,6,2,0
2954,7,0,0
2954,7,1,0
2954,7,2,0
2955,1,0,1
2955,2,1,1
2955,3,0,1
2955,3,1,1
2955,4,2,1
2955,5,0,1
2955,5,2,1
2955,6,1,1
2955,6,2,1
2955,7,0,1
2955,7,1,1
2955,7,2,1
2956,1,0,1
2956,2,1,1
2956,3,0,1
2956,3,1,1
2956,4,2,1
2956,5,0,1
2956,5,2,1
2956,6,1,1
2956,6,2,1
2956,7,0,1
2956,7,1,1
2956,7,2,1
2957,1,0,0
2957,2,1,0
2957,3,0,0
2957,3,1,0
2957,4,2,0
2957,5,0,0
2957,5,2,0
2957,6,1,0
2957,6,2,0
2957,7,0,0
2957,7,1,0
2957,7,2,0
2958,1,0,0
2958,2,1,0
2958,3,0,0
2958,3,1,0
2958,4,2,0
2958,5,0,0
2958,5,2,0
2958,6,1,0
2958,6,2,0
2958,7,0,0
2958,7,1,0
2958,7,2,0
2959,1,0,0
2959,2,1,0
2959,3,0,0
2959,3,1,0
2959,4,2,0
2959,5,0,0
2959,5,2,0
2959,6,1,0
2959,6,2,0
2959,7,0,0
2959,7,1,0
2959,7,2,0
2960,1,0,0
2960,2,1,0
2960,3,0,0
2960,3,1,0
2960,4,2,0
2960,5,0,0
2960,5,2,0
2960,6,1,0
2960,6,2,0
2960,7,0,0
2960,7,1,0
2960,7,2,0
2961,1,0,0
2961,2,1,0
2961,3,0,0
2961,3,1,0
2961,4,2,0
2961,5,0,0
2961,5,2,0
2961,6,1,0
2961,6,2,0
2961,7,0,0
2961,7,1,0
2961,7,2,0
2962,1,0,0
2962,2,1,0
2962,3,0,0
2962,3,1,0
2962,4,2,0
2962,5,0,0
2962,5,2,0
2962,6,1,0
2962,6,2,0
2962,7,0,0
2962,7,1,0
2962,7,2,0
2963,1,0,0
2963,2,1,0
2963,3,0,0
2963,3,1,0
2963,4,2,0
2963,5,0,0
2963,5,2,0
2963,6,1,0
2963,6,2,0
2963,7,0,0
2963,7,1,0
2963,7,2,0
2964,1,0,0
2964,2,1,0
2964,3,0,0
2964,3,1,0
2964,4,2,0
2964,5,0,0
2964,5,2,0
2964,6,1,0
2964,6,2,0
2964,7,0,0
2964,7,1,0
2964,7,2,0
2965,1,0,0
2965,2,1,0
2965,3,0,0
2965,3,1,0
2965,4,2,0
2965,5,0,0
2965,5,2,0
2965,6,1,0
2965,6,2,0
2965,7,0,0
2965,7,1,0
2965,7,2,0
2966,1,0,0
2966,2,1,0
2966,3,0,0
2966,3,1,0
2966,4,2,0
2966,5,0,0
2966,5,2,0
2966,6,1,0
2966,6,2,0
2966,7,0,0
2966,7,1,0
2966,7,2,0
2967,1,0,0
2967,2,1,0
2967,3,0,0
2967,3,1,0
2967,4,2,0
2967,5,0,0
2967,5,2,0
2967,6,1,0
2967,6,2,0
2967,7,0,0
2967,7,1,0
2967,7,2,0
2968,1,0,0
2968,2,1,0
2968,3,0,0
2968,3,1,0
2968,4,2,0
2968,5,0,0
2968,5,2,0
2968,6,1,0
2968,6,2,0
2968,7,0,0
2968,7,1,0
2968,7,2,0
2969,1,0,0
2969,2,1,0
2969,3,0,0
2969,3,1,0
2969,4,2,0
2969,5,0,0
2969,5,2,0
2969,6,1,0
2969,6,2,0
2969,7,0,0
2969,7,1,0
2969,7,2,0
2970,1,0,1
2970,2,1,1
2970,3,0,1
2970,3,1,1
2970,4,2,1
2970,5,0,1
2970,5,2,1
2970,6,1,1
2970,6,2,1
2970,7,0,1
2970,7,1,1
2970,7,2,1
2971,1,0,1
2971,2,1,1
2971,3,0,1
2971,3,1,1
2971,4,2,1
2971,5,0,1
2971,5,2,1
2971,6,1,1
2971,6,2,1
2971,7,0,1
2971,7,1,1
2971,7,2,1
2972,1,0,0
2972,2,1,0
2972,3,0,0
2972,3,1,0
2972,4,2,0
2972,5,0,0
2972,5,2,0
2972,6,1,0
2972,6,2,0
2972,7,0,0
2972,7,1,0
2972,7,2,0
2973,1,0,0
2973,2,1,0
2973,3,0,0
2973,3,1,0
2973,4,2,0
2973,5,0,0
2973,5,2,0
2973,6,1,0
2973,6,2,0
2973,7,0,0
2973,7,1,0
2973,7,2,0
2974,1,0,0
2974,2,1,0
2974,3,0,0
2974,3,1,0
2974,4,2,0
2974,5,0,0
2974,5,2,0
2974,6,1,0
2974,6,2,0
2974,7,0,0
2974,7,1,0
2974,7,2,0
2975,1,0,0
2975,2,1,0
2975,3,0,0
2975,3,1,0
2975,4,2,0
2975,5,0,0
2975,5,2,0
2975,6,1,0
2975,6,2,0
2975,7,0,0
2975,7,1,0
2975,7,2,0
2976,1,0,0
2976,2,1,0
2976,3,0,0
2976,3,1,0
2976,4,2,0
2976,5,0,0
2976,5,2,0
2976,6,1,0
2976,6,2,0
2976,7,0,0
2976,7,1,0
2976,7,2,0
2977,1,0,0
2977,2,1,0
2977,3,0,0
2977,3,1,0
2977,4,2,0
2977,5,0,0
2977,5,2,0
2977,6,1,0
2977,6,2,0
2977,7,0,0
2977,7,1,0
2977,7,2,0
2978,1,0,0
2978,2,1,0
2978,3,0,0
2978,3,1,0
2978,4,2,0
2978,5,0,0
2978,5,2,0
2978,6,1,0
2978,6,2,0
2978,7,0,0
2978,7,1,0
2978,7,2,0
2979,1,0,0
2979,2,1,0
2979,3,0,0
2979,3,1,0
2979,4,2,0
2979,5,0,0
2979,5,2,0
2979,6,1,0
2979,6,2,0
2979,7,0,0
2979,7,1,0
2979,7,2,0
2980,1,0,0
2980,2,1,0
2980,3,0,0
2980,3,1,0
2980,4,2,0
2980,5,0,0
2980,5,2,0
2980,6,1,0
2980,6,2,0
2980,7,0,0
2980,7,1,0
2980,7,2,0
2981,1,0,0
2981,2,1,0
2981,3,0,0
2981,3,1,0
2981,4,2,0
2981,5,0,0
2981,5,2,0
2981,6,1,0
2981,6,2,0
2981,7,0,0
2981,7,1,0
2981,7,2,0
2982,1,0,0
2982,2,1,0
2982,3,0,0
2982,3,1,0
2982,4,2,0
2982,5,0,0
2982,5,2,0
2982,6,1,0
2982,6,2,0
2982,7,0,0
2982,7,1,0
2982,7,2,0
2983,1,0,0
2983,2,1,0
2983,3,0,0
2983,3,1,0
2983,4,2,0
2983,5,0,0
2983,5,2,0
2983,6,1,0
2983,6,2,0
2983,7,0,0
2983,7,1,0
2983,7,2,0
2984,1,0,0
2984,2,1,0
2984,3,0,0
2984,3,1,0
2984,4,2,0
2984,5,0,0
2984,5,2,0
2984,6,1,0
2984,6,2,0
2984,7,0,0
2984,7,1,0
2984,7,2,0
2985,1,0,0
2985,2,1,0
2985,3,0,0
2985,3,1,0
2985,4,2,0
2985,5,0,0
2985,5,2,0
2985,6,1,0
2985,6,2,0
2985,7,0,0
2985,7,1,0
2985,7,2,0
2986,1,0,0
2986,2,1,0
2986,3,0,0
2986,3,1,0
2986,4,2,0
2986,5,0,0
2986,5,2,0
2986,6,1,0
2986,6,2,0
2986,7,0,0
2986,7,1,0
2986,7,2,0
2987,1,0,0
2987,2,1,0
2987,3,0,0
2987,3,1,0
2987,4,2,0
2987,5,0,0
2987,5,2,0
2987,6,1,0
2987,6,2,0
2987,7,0,0
2987,7,1,0
2987,7,2,0
2988,1,0,0
2988,2,1,0
2988,3,0,0
2988,3,1,0
2988,4,2,0
2988,5,0,0
2988,5,2,0
2988,6,1,0
2988,6,2,0
2988,7,0,0
2988,7,1,0
2988,7,2,0
2989,1,0,0
2989,2,1,0
2989,3,0,0
2989,3,1,0
2989,4,2,0
2989,5,0,0
2989,5,2,0
2989,6,1,0
2989,6,2,0
2989,7,0,0
2989,7,1,0
2989,7,2,0
2990,1,0,0
2990,2,1,0
2990,3,0,0
2990,3,1,0
2990,4,2,0
2990,5,0,0
2990,5,2,0
2990,6,1,0
2990,6,2,0
2990,7,0,0
2990,7,1,0
2990,7,2,0
2991,1,0,0
2991,2,1,0
2991,3,0,0
2991,3,1,0
2991,4,2,0
2991,5,0,0
2991,5,2,0
2991,6,1,0
2991,6,2,0
2991,7,0,0
2991,7,1,0
2991,7,2,0
2992,1,0,0
2992,2,1,0
2992,3,0,0
2992,3,1,0
2992,4,2,0
2992,5,0,0
2992,5,2,0
2992,6,1,0
2992,6,2,0
2992,7,0,0
2992,7,1,0
2992,7,2,0
2993,1,0,0
2993,2,1,0
2993,3,0,0
2993,3,1,0
2993,4,2,0
2993,5,0,0
2993,5,2,0
2993,6,1,0
2993,6,2,0
2993,7,0,0
2993,7,1,0
2993,7,2,0
2994,1,0,0
2994,2,1,0
2994,3,0,0
2994,3,1,0
2994,4,2,0
2994,5,0,0
2994,5,2,0
2994,6,1,0
2994,6,2,0
2994,7,0,0
2994,7,1,0
2994,7,2,0
2995,1,0,0
2995,2,1,0
2995,3,0,0
2995,3,1,0
2995,4,2,0
2995,5,0,0
2995,5,2,0
2995,6,1,0
2995,6,2,0
2995,7,0,0
2995,7,1,0
2995,7,2,0
2996,1,0,0
2996,2,1,0
2996,3,0,0
2996,3,1,0
2996,4,2,0
2996,5,0,0
2996,5,2,0
2996,6,1,0
2996,6,2,0
2996,7,0,0
2996,7,1,0
2996,7,2,0
2997,1,0,1
2997,2,1,1
2997,3,0,1
2997,3,1,1
2997,4,2,1
2997,5,0,1
2997,5,2,1
2997,6,1,1
2997,6,2,1
2997,7,0,1
2997,7,1,1
2997,7,2,1
2998,1,0,1
2998,2,1,1
2998,3,0,1
2998,3,1,1
2998,4,2,1
2998,5,0,1
2998,5,2,1
2998,6,1,1
2998,6,2,1
2998,7,0,1
2998,7,1,1
2998,7,2,1
2999,1,0,0
2999,2,1,1
2999,3,0,0
2999,3,1,1
2999,4,2,0
2999,5,0,0
2999,5,2,0
2999,6,1,1
2999,6,2,0
2999,7,0,0
2999,7,1,1
2999,7,2,0
3000,1,0,1
3000,2,1,1
3000,3,0,1
3000,3,1,1
3000,4,2,1
3000,5,0,1
3000,5,2,1
3000,6,1,1
3000,6,2,1
3000,7,0,1
3000,7,1,1
3000,7,2,1
3001,1,0,1
3001,2,1,1
3001,3,0,1
3001,3,1,1
3001,4,2,1
3001,5,0,1
3001,5,2,1
3001,6,1,1
3001,6,2,1
3001,7,0,1
3001,7,1,1
3001,7,2,1
3002,1,0,0
3002,2,1,1
3002,3,0,0
3002,3,1,1
3002,4,2,0
3002,5,0,0
3002,5,2,0
3002,6,1,1
3002,6,2,0
3002,7,0,0
3002,7,1,1
3002,7,2,0
3003,1,0,1
3003,2,1,1
3003,3,0,1
3003,3,1,1
3003,4,2,1
3003,5,0,1
3003,5,2,1
3003,6,1,1
3003,6,2,1
3003,7,0,1
3003,7,1,1
3003,7,2,1
3004,1,0,1
3004,2,1,1
3004,3,0,1
3004,3,1,1
3004,4,2,1
3004,5,0,1
3004,5,2,1
3004,6,1,1
3004,6,2,1
3004,7,0,1
3004,7,1,1
3004,7,2,1
3005,1,0,0
3005,2,1,1
3005,3,0,0
3005,3,1,1
3005,4,2,0
3005,5,0,0
3005,5,2,0
3005,6,1,1
3005,6,2,0
3005,7,0,0
3005,7,1,1
3005,7,2,0
3006,1,0,1
3006,2,1,1
3006,3,0,1
3006,3,1,1
3006,4,2,1
3006,5,0,1
3006,5,2,1
3006,6,1,1
3006,6,2,1
3006,7,0,1
3006,7,1,1
3006,7,2,1
3007,1,0,1
3007,2,1,1
3007,3,0,1
3007,3,1,1
3007,4,2,1
3007,5,0,1
3007,5,2,1
3007,6,1,1
3007,6,2,1
3007,7,0,1
3007,7,1,1
3007,7,2,1
3008,1,0,0
3008,2,1,1
3008,3,0,0
3008,3,1,1
3008,4,2,0
3008,5,0,0
3008,5,2,0
3008,6,1,1
3008,6,2,0
3008,7,0,0
3008,7,1,1
3008,7,2,0
3009,1,0,1
3009,2,1,1
3009,3,0,1
3009,3,1,1
3009,4,2,1
3009,5,0,1
3009,5,2,1
3009,6,1,1
3009,6,2,1
3009,7,0,1
3009,7,1,1
3009,7,2,1
3010,1,0,1
3010,2,1,1
3010,3,0,1
3010,3,1,1
3010,4,2,1
3010,5,0,1
3010,5,2,1
3010,6,1,1
3010,6,2,1
3010,7,0,1
3010,7,1,1
3010,7,2,1
3011,1,0,0
3011,2,1,1
3011,3,0,0
3011,3,1,1
3011,4,2,0
3011,5,0,0
3011,5,2,0
3011,6,1,1
3011,6,2,0
3011,7,0,0
3011,7,1,1
3011,7,2,0
3012,1,0,1
3012,2,1,1
3012,3,0,1
3012,3,1,1
3012,4,2,1
3012,5,0,1
3012,5,2,1
3012,6,1,1
3012,6,2,1
3012,7,0,1
3012,7,1,1
3012,7,2,1
3013,1,0,1
3013,2,1,1
3013,3,0,1
3013,3,1,1
3013,4,2,1
3013,5,0,1
3013,5,2,1
3013,6,1,1
3013,6,2,1
3013,7,0,1
3013,7,1,1
3013,7,2,1
3014,1,0,0
3014,2,1,1
3014,3,0,0
3014,3,1,1
3014,4,2,0
3014,5,0,0
3014,5,2,0
3014,6,1,1
3014,6,2,0
3014,7,0,0
3014,7,1,1
3014,7,2,0
3015,1,0,0
3015,2,1,1
3015,3,0,0
3015,3,1,1
3015,4,2,0
3015,5,0,0
3015,5,2,0
3015,6,1,1
3015,6,2,0
3015,7,0,0
3015,7,1,1
3015,7,2,0
3016,1,0,0
3016,2,1,1
3016,3,0,0
3016,3,1,1
3016,4,2,0
3016,5,0,0
3016,5,2,0
3016,6,1,1
3016,6,2,0
3016,7,0,0
3016,7,1,1
3016,7,2,0
3017,1,0,0
3017,2,1,1
3017,3,0,0
3017,3,1,1
3017,4,2,0
3017,5,0,0
3017,5,2,0
3017,6,1,1
3017,6,2,0
3017,7,0,0
3017,7,1,1
3017,7,2,0
3018,1,0,0
3018,2,1,1
3018,3,0,0
3018,3,1,1
3018,4,2,0
3018,5,0,0
3018,5,2,0
3018,6,1,1
3018,6,2,0
3018,7,0,0
3018,7,1,1
3018,7,2,0
3019,1,0,0
3019,2,1,1
3019,3,0,0
3019,3,1,1
3019,4,2,0
3019,5,0,0
3019,5,2,0
3019,6,1,1
3019,6,2,0
3019,7,0,0
3019,7,1,1
3019,7,2,0
3020,1,0,0
3020,2,1,1
3020,3,0,0
3020,3,1,1
3020,4,2,0
3020,5,0,0
3020,5,2,0
3020,6,1,1
3020,6,2,0
3020,7,0,0
3020,7,1,1
3020,7,2,0
3021,1,0,0
3021,2,1,1
3021,3,0,0
3021,3,1,1
3021,4,2,0
3021,5,0,0
3021,5,2,0
3021,6,1,1
3021,6,2,0
3021,7,0,0
3021,7,1,1
3021,7,2,0
3022,1,0,0
3022,2,1,1
3022,3,0,0
3022,3,1,1
3022,4,2,0
3022,5,0,0
3022,5,2,0
3022,6,1,1
3022,6,2,0
3022,7,0,0
3022,7,1,1
3022,7,2,0
3023,1,0,0
3023,2,1,1
3023,3,0,0
3023,3,1,1
3023,4,2,0
3023,5,0,0
3023,5,2,0
3023,6,1,1
3023,6,2,0
3023,7,0,0
3023,7,1,1
3023,7,2,0
3024,1,0,1
3024,2,1,1
3024,3,0,1
3024,3,1,1
3024,4,2,1
3024,5,0,1
3024,5,2,1
3024,6,1,1
3024,6,2,1
3024,7,0,1
3024,7,1,1
3024,7,2,1
3025,1,0,1
3025,2,1,1
3025,3,0,1
3025,3,1,1
3025,4,2,1
3025,5,0,1
3025,5,2,1
3025,6,1,1
3025,6,2,1
3025,7,0,1
3025,7,1,1
3025,7,2,1
3026,1,0,0
3026,2,1,0
3026,3,0,0
3026,3,1,0
3026,4,2,0
3026,5,0,0
3026,5,2,0
3026,6,1,0
3026,6,2,0
3026,7,0,0
3026,7,1,0
3026,7,2,0
3027,1,0,1
3027,2,1,1
3027,3,0,1
3027,3,1,1
3027,4,2,1
3027,5,0,1
3027,5,2,1
3027,6,1,1
3027,6,2,1
3027,7,0,1
3027,7,1,1
3027,7,2,1
3028,1,0,1
3028,2,1,1
3028,3,0,1
3028,3,1,1
3028,4,2,1
3028,5,0,1
3028,5,2,1
3028,6,1,1
3028,6,2,1
3028,7,0,1
3028,7,1,1
3028,7,2,1
3029,1,0,0
3029,2,1,0
3029,3,0,0
3029,3,1,0
3029,4,2,0
3029,5,0,0
3029,5,2,0
3029,6,1,0
3029,6,2,0
3029,7,0,0
3029,7,1,0
3029,7,2,0
3030,1,0,0
3030,2,1,0
3030,3,0,0
3030,3,1,0
3030,4,2,0
3030,5,0,0
3030,5,2,0
3030,6,1,0
3030,6,2,0
3030,7,0,0
3030,7,1,0
3030,7,2,0
3031,1,0,0
3031,2,1,0
3031,3,0,0
3031,3,1,0
3031,4,2,0
3031,5,0,0
3031,5,2,0
3031,6,1,0
3031,6,2,0
3031,7,0,0
3031,7,1,0
3031,7,2,0
3032,1,0,0
3032,2,1,0
3032,3,0,0
3032,3,1,0
3032,4,2,0
3032,5,0,0
3032,5,2,0
3032,6,1,0
3032,6,2,0
3032,7,0,0
3032,7,1,0
3032,7,2,0
3033,1,0,1
3033,2,1,1
3033,3,0,1
3033,3,1,1
3033,4,2,1
3033,5,0,1
3033,5,2,1
3033,6,1,1
3033,6,2,1
3033,7,0,1
3033,7,1,1
3033,7,2,1
3034,1,0,1
3034,2,1,1
3034,3,0,1
3034,3,1,1
3034,4,2,1
3034,5,0,1
3034,5,2,1
3034,6,1,1
3034,6,2,1
3034,7,0,1
3034,7,1,1
3034,7,2,1
3035,1,0,0
3035,2,1,0
3035,3,0,0
3035,3,1,0
3035,4,2,0
3035,5,0,0
3035,5,2,0
3035,6,1,0
3035,6,2,0
3035,7,0,0
3035,7,1,0
3035,7,2,0
3036,1,0,1
3036,2,1,1
3036,3,0,1
3036,3,1,1
3036,4,2,1
3036,5,0,1
3036,5,2,1
3036,6,1,1
3036,6,2,1
3036,7,0,1
3036,7,1,1
3036,7,2,1
3037,1,0,1
3037,2,1,1
3037,3,0,1
3037,3,1,1
3037,4,2,1
3037,5,0,1
3037,5,2,1
3037,6,1,1
3037,6,2,1
3037,7,0,1
3037,7,1,1
3037,7,2,1
3038,1,0,0
3038,2,1,0
3038,3,0,0
3038,3,1,0
3038,4,2,0
3038,5,0,0
3038,5,2,0
3038,6,1,0
3038,6,2,0
3038,7,0,0
3038,7,1,0
3038,7,2,0
3039,1,0,0
3039,2,1,0
3039,3,0,0
3039,3,1,0
3039,4,2,0
3039,5,0,0
3039,5,2,0
3039,6,1,0
3039,6,2,0
3039,7,0,0
3039,7,1,0
3039,7,2,0
3040,1,0,0
3040,2,1,0
3040,3,0,0
3040,3,1,0
3040,4,2,0
3040,5,0,0
3040,5,2,0
3040,6,1,0
3040,6,2,0
3040,7,0,0
3040,7,1,0
3040,7,2,0
3041,1,0,0
3041,2,1,0
3041,3,0,0
3041,3,1,0
3041,4,2,0
3041,5,0,0
3041,5,2,0
3041,6,1,0
3041,6,2,0
3041,7,0,0
3041,7,1,0
3041,7,2,0
3042,1,0,0
3042,2,1,0
3042,3,0,0
3042,3,1,0
3042,4,2,0
3042,5,0,0
3042,5,2,0
3042,6,1,0
3042,6,2,0
3042,7,0,0
3042,7,1,0
3042,7,2,0
3043,1,0,0
3043,2,1,0
3043,3,0,0
3043,3,1,0
3043,4,2,0
3043,5,0,0
3043,5,2,0
3043,6,1,0
3043,6,2,0
3043,7,0,0
3043,7,1,0
3043,7,2,0
3044,1,0,0
3044,2,1,0
3044,3,0,0
3044,3,1,0
3044,4,2,0
3044,5,0,0
3044,5,2,0
3044,6,1,0
3044,6,2,0
3044,7,0,0
3044,7,1,0
3044,7,2,0
3045,1,0,0
3045,2,1,0
3045,3,0,0
3045,3,1,0
3045,4,2,0
3045,5,0,0
3045,5,2,0
3045,6,1,0
3045,6,2,0
3045,7,0,0
3045,7,1,0
3045,7,2,0
3046,1,0,0
3046,2,1,0
3046,3,0,0
3046,3,1,0
3046,4,2,0
3046,5,0,0
3046,5,2,0
3046,6,1,0
3046,6,2,0
3046,7,0,0
3046,7,1,0
3046,7,2,0
3047,1,0,0
3047,2,1,0
3047,3,0,0
3047,3,1,0
3047,4,2,0
3047,5,0,0
3047,5,2,0
3047,6,1,0
3047,6,2,0
3047,7,0,0
3047,7,1,0
3047,7,2,0
3048,1,0,0
3048,2,1,0
3048,3,0,0
3048,3,1,0
3048,4,2,0
3048,5,0,0
3048,5,2,0
3048,6,1,0
3048,6,2,0
3048,7,0,0
3048,7,1,0
3048,7,2,0
3049,1,0,0
3049,2,1,0
3049,3,0,0
3049,3,1,0
3049,4,2,0
3049,5,0,0
3049,5,2,0
3049,6,1,0
3049,6,2,0
3049,7,0,0
3049,7,1,0
3049,7,2,0
3050,1,0,0
3050,2,1,0
3050,3,0,0
3050,3,1,0
3050,4,2,0
3050,5,0,0
3050,5,2,0
3050,6,1,0
3050,6,2,0
3050,7,0,0
3050,7,1,0
3050,7,2,0
3051,1,0,1
3051,2,1,1
3051,3,0,1
3051,3,1,1
3051,4,2,1
3051,5,0,1
3051,5,2,1
3051,6,1,1
3051,6,2,1
3051,7,0,1
3051,7,1,1
3051,7,2,1
3052,1,0,1
3052,2,1,1
3052,3,0,1
3052,3,1,1
3052,4,2,1
3052,5,0,1
3052,5,2,1
3052,6,1,1
3052,6,2,1
3052,7,0,1
3052,7,1,1
3052,7,2,1
3053,1,0,0
3053,2,1,0
3053,3,0,0
3053,3,1,0
3053,4,2,0
3053,5,0,0
3053,5,2,0
3053,6,1,0
3053,6,2,0
3053,7,0,0
3053,7,1,0
3053,7,2,0
3054,1,0,0
3054,2,1,0
3054,3,0,0
3054,3,1,0
3054,4,2,0
3054,5,0,0
3054,5,2,0
3054,6,1,0
3054,6,2,0
3054,7,0,0
3054,7,1,0
3054,7,2,0
3055,1,0,0
3055,2,1,0
3055,3,0,0
3055,3,1,0
3055,4,2,0
3055,5,0,0
3055,5,2,0
3055,6,1,0
3055,6,2,0
3055,7,0,0
3055,7,1,0
3055,7,2,0
3056,1,0,0
3056,2,1,0
3056,3,0,0
3056,3,1,0
3056,4,2,0
3056,5,0,0
3056,5,2,0
3056,6,1,0
3056,6,2,0
3056,7,0,0
3056,7,1,0
3056,7,2,0
3057,1,0,0
3057,2,1,0
3057,3,0,0
3057,3,1,0
3057,4,2,0
3057,5,0,0
3057,5,2,0
3057,6,1,0
3057,6,2,0
3057,7,0,0
3057,7,1,0
3057,7,2,0
3058,1,0,0
3058,2,1,0
3058,3,0,0
3058,3,1,0
3058,4,2,0
3058,5,0,0
3058,5,2,0
3058,6,1,0
3058,6,2,0
3058,7,0,0
3058,7,1,0
3058,7,2,0
3059,1,0,0
3059,2,1,0
3059,3,0,0
3059,3,1,0
3059,4,2,0
3059,5,0,0
3059,5,2,0
3059,6,1,0
3059,6,2,0
3059,7,0,0
3059,7,1,0
3059,7,2,0
3060,1,0,0
3060,2,1,0
3060,3,0,0
3060,3,1,0
3060,4,2,0
3060,5,0,0
3060,5,2,0
3060,6,1,0
3060,6,2,0
3060,7,0,0
3060,7,1,0
3060,7,2,0
3061,1,0,0
3061,2,1,0
3061,3,0,0
3061,3,1,0
3061,4,2,0
3061,5,0,0
3061,5,2,0
3061,6,1,0
3061,6,2,0
3061,7,0,0
3061,7,1,0
3061,7,2,0
3062,1,0,0
3062,2,1,0
3062,3,0,0
3062,3,1,0
3062,4,2,0
3062,5,0,0
3062,5,2,0
3062,6,1,0
3062,6,2,0
3062,7,0,0
3062,7,1,0
3062,7,2,0
3063,1,0,0
3063,2,1,0
3063,3,0,0
3063,3,1,0
3063,4,2,0
3063,5,0,0
3063,5,2,0
3063,6,1,0
3063,6,2,0
3063,7,0,0
3063,7,1,0
3063,7,2,0
3064,1,0,0
3064,2,1,0
3064,3,0,0
3064,3,1,0
3064,4,2,0
3064,5,0,0
3064,5,2,0
3064,6,1,0
3064,6,2,0
3064,7,0,0
3064,7,1,0
3064,7,2,0
3065,1,0,0
3065,2,1,0
3065,3,0,0
3065,3,1,0
3065,4,2,0
3065,5,0,0
3065,5,2,0
3065,6,1,0
3065,6,2,0
3065,7,0,0
3065,7,1,0
3065,7,2,0
3066,1,0,0
3066,2,1,0
3066,3,0,0
3066,3,1,0
3066,4,2,0
3066,5,0,0
3066,5,2,0
3066,6,1,0
3066,6,2,0
3066,7,0,0
3066,7,1,0
3066,7,2,0
3067,1,0,0
3067,2,1,0
3067,3,0,0
3067,3,1,0
3067,4,2,0
3067,5,0,0
3067,5,2,0
3067,6,1,0
3067,6,2,0
3067,7,0,0
3067,7,1,0
3067,7,2,0
3068,1,0,0
3068,2,1,0
3068,3,0,0
3068,3,1,0
3068,4,2,0
3068,5,0,0
3068,5,2,0
3068,6,1,0
3068,6,2,0
3068,7,0,0
3068,7,1,0
3068,7,2,0
3069,1,0,0
3069,2,1,0
3069,3,0,0
3069,3,1,0
3069,4,2,0
3069,5,0,0
3069,5,2,0
3069,6,1,0
3069,6,2,0
3069,7,0,0
3069,7,1,0
3069,7,2,0
3070,1,0,0
3070,2,1,0
3070,3,0,0
3070,3,1,0
3070,4,2,0
3070,5,0,0
3070,5,2,0
3070,6,1,0
3070,6,2,0
3070,7,0,0
3070,7,1,0
3070,7,2,0
3071,1,0,0
3071,2,1,0
3071,3,0,0
3071,3,1,0
3071,4,2,0
3071,5,0,0
3071,5,2,0
3071,6,1,0
3071,6,2,0
3071,7,0,0
3071,7,1,0
3071,7,2,0
3072,1,0,0
3072,2,1,0
3072,3,0,0
3072,3,1,0
3072,4,2,0
3072,5,0,0
3072,5,2,0
3072,6,1,0
3072,6,2,0
3072,7,0,0
3072,7,1,0
3072,7,2,0
3073,1,0,0
3073,2,1,0
3073,3,0,0
3073,3,1,0
3073,4,2,0
3073,5,0,0
3073,5,2,0
3073,6,1,0
3073,6,2,0
3073,7,0,0
3073,7,1,0
3073,7,2,0
3074,1,0,0
3074,2,1,0
3074,3,0,0
3074,3,1,0
3074,4,2,0
3074,5,0,0
3074,5,2,0
3074,6,1,0
3074,6,2,0
3074,7,0,0
3074,7,1,0
3074,7,2,0
3075,1,0,0
3075,2,1,0
3075,3,0,0
3075,3,1,0
3075,4,2,0
3075,5,0,0
3075,5,2,0
3075,6,1,0
3075,6,2,0
3075,7,0,0
3075,7,1,0
3075,7,2,0
3076,1,0,0
3076,2,1,0
3076,3,0,0
3076,3,1,0
3076,4,2,0
3076,5,0,0
3076,5,2,0
3076,6,1,0
3076,6,2,0
3076,7,0,0
3076,7,1,0
3076,7,2,0
3077,1,0,0
3077,2,1,0
3077,3,0,0
3077,3,1,0
3077,4,2,0
3077,5,0,0
3077,5,2,0
3077,6,1,0
3077,6,2,0
3077,7,0,0
3077,7,1,0
3077,7,2,0
3078,1,0,1
3078,2,1,0
3078,3,0,1
3078,3,1,0
3078,4,2,0
3078,5,0,1
3078,5,2,0
3078,6,1,0
3078,6,2,0
3078,7,0,1
3078,7,1,0
3078,7,2,0
3079,1,0,1
3079,2,1,0
3079,3,0,1
3079,3,1,0
3079,4,2,0
3079,5,0,1
3079,5,2,0
3079,6,1,0
3079,6,2,0
3079,7,0,1
3079,7,1,0
3079,7,2,0
3080,1,0,0
3080,2,1,0
3080,3,0,0
3080,3,1,0
3080,4,2,0
3080,5,0,0
3080,5,2,0
3080,6,1,0
3080,6,2,0
3080,7,0,0
3080,7,1,0
3080,7,2,0
3081,1,0,0
3081,2,1,0
3081,3,0,0
3081,3,1,0
3081,4,2,0
3081,5,0,0
3081,5,2,0
3081,6,1,0
3081,6,2,0
3081,7,0,0
3081,7,1,0
3081,7,2,0
3082,1,0,0
3082,2,1,0
3082,3,0,0
3082,3,1,0
3082,4,2,0
3082,5,0,0
3082,5,2,0
3082,6,1,0
3082,6,2,0
3082,7,0,0
3082,7,1,0
3082,7,2,0
3083,1,0,0
3083,2,1,0
3083,3,0,0
3083,3,1,0
3083,4,2,0
3083,5,0,0
3083,5,2,0
3083,6,1,0
3083,6,2,0
3083,7,0,0
3083,7,1,0
3083,7,2,0
3084,1,0,0
3084,2,1,0
3084,3,0,0
3084,3,1,0
3084,4,2,0
3084,5,0,0
3084,5,2,0
3084,6,1,0
3084,6,2,0
3084,7,0,0
3084,7,1,0
3084,7,2,0
3085,1,0,0
3085,2,1,0
3085,3,0,0
3085,3,1,0
3085,4,2,0
3085,5,0,0
3085,5,2,0
3085,6,1,0
3085,6,2,0
3085,7,0,0
3085,7,1,0
3085,7,2,0
3086,1,0,0
3086,2,1,0
3086,3,0,0
3086,3,1,0
3086,4,2,0
3086,5,0,0
3086,5,2,0
3086,6,1,0
3086,6,2,0
3086,7,0,0
3086,7,1,0
3086,7,2,0
3087,1,0,0
3087,2,1,0
3087,3,0,0
3087,3,1,0
3087,4,2,0
3087,5,0,0
3087,5,2,0
3087,6,1,0
3087,6,2,0
3087,7,0,0
3087,7,1,0
3087,7,2,0
3088,1,0,0
3088,2,1,0
3088,3,0,0
3088,3,1,0
3088,4,2,0
3088,5,0,0
3088,5,2,0
3088,6,1,0
3088,6,2,0
3088,7,0,0
3088,7,1,0
3088,7,2,0
3089,1,0,0
3089,2,1,0
3089,3,0,0
3089,3,1,0
3089,4,2,0
3089,5,0,0
3089,5,2,0
3089,6,1,0
3089,6,2,0
3089,7,0,0
3089,7,1,0
3089,7,2,0
3090,1,0,0
3090,2,1,0
3090,3,0,0
3090,3,1,0
3090,4,2,0
3090,5,0,0
3090,5,2,0
3090,6,1,0
3090,6,2,0
3090,7,0,0
3090,7,1,0
3090,7,2,0
3091,1,0,0
3091,2,1,0
3091,3,0,0
3091,3,1,0
3091,4,2,0
3091,5,0,0
3091,5,2,0
3091,6,1,0
3091,6,2,0
3091,7,0,0
3091,7,1,0
3091,7,2,0
3092,1,0,0
3092,2,1,0
3092,3,0,0
3092,3,1,0
3092,4,2,0
3092,5,0,0
3092,5,2,0
3092,6,1,0
3092,6,2,0
3092,7,0,0
3092,7,1,0
3092,7,2,0
3093,1,0,0
3093,2,1,0
3093,3,0,0
3093,3,1,0
3093,4,2,0
3093,5,0,0
3093,5,2,0
3093,6,1,0
3093,6,2,0
3093,7,0,0
3093,7,1,0
3093,7,2,0
3094,1,0,0
3094,2,1,0
3094,3,0,0
3094,3,1,0
3094,4,2,0
3094,5,0,0
3094,5,2,0
3094,6,1,0
3094,6,2,0
3094,7,0,0
3094,7,1,0
3094,7,2,0
3095,1,0,0
3095,2,1,0
3095,3,0,0
3095,3,1,0
3095,4,2,0
3095,5,0,0
3095,5,2,0
3095,6,1,0
3095,6,2,0
3095,7,0,0
3095,7,1,0
3095,7,2,0
3096,1,0,0
3096,2,1,0
3096,3,0,0
3096,3,1,0
3096,4,2,0
3096,5,0,0
3096,5,2,0
3096,6,1,0
3096,6,2,0
3096,7,0,0
3096,7,1,0
3096,7,2,0
3097,1,0,0
3097,2,1,0
3097,3,0,0
3097,3,1,0
3097,4,2,0
3097,5,0,0
3097,5,2,0
3097,6,1,0
3097,6,2,0
3097,7,0,0
3097,7,1,0
3097,7,2,0
3098,1,0,0
3098,2,1,0
3098,3,0,0
3098,3,1,0
3098,4,2,0
3098,5,0,0
3098,5,2,0
3098,6,1,0
3098,6,2,0
3098,7,0,0
3098,7,1,0
3098,7,2,0
3099,1,0,0
3099,2,1,0
3099,3,0,0
3099,3,1,0
3099,4,2,0
3099,5,0,0
3099,5,2,0
3099,6,1,0
3099,6,2,0
3099,7,0,0
3099,7,1,0
3099,7,2,0
3100,1,0,0
3100,2,1,0
3100,3,0,0
3100,3,1,0
3100,4,2,0
3100,5,0,0
3100,5,2,0
3100,6,1,0
3100,6,2,0
3100,7,0,0
3100,7,1,0
3100,7,2,0
3101,1,0,0
3101,2,1,0
3101,3,0,0
3101,3,1,0
3101,4,2,0
3101,5,0,0
3101,5,2,0
3101,6,1,0
3101,6,2,0
3101,7,0,0
3101,7,1,0
3101,7,2,0
3102,1,0,0
3102,2,1,0
3102,3,0,0
3102,3,1,0
3102,4,2,0
3102,5,0,0
3102,5,2,0
3102,6,1,0
3102,6,2,0
3102,7,0,0
3102,7,1,0
3102,7,2,0
3103,1,0,0
3103,2,1,0
3103,3,0,0
3103,3,1,0
3103,4,2,0
3103,5,0,0
3103,5,2,0
3103,6,1,0
3103,6,2,0
3103,7,0,0
3103,7,1,0
3103,7,2,0
3104,1,0,0
3104,2,1,0
3104,3,0,0
3104,3,1,0
3104,4,2,0
3104,5,0,0
3104,5,2,0
3104,6,1,0
3104,6,2,0
3104,7,0,0
3104,7,1,0
3104,7,2,0
3105,1,0,1
3105,2,1,0
3105,3,0,1
3105,3,1,0
3105,4,2,0
3105,5,0,1
3105,5,2,0
3105,6,1,0
3105,6,2,0
3105,7,0,1
3105,7,1,0
3105,7,2,0
3106,1,0,1
3106,2,1,0
3106,3,0,1
3106,3,1,0
3106,4,2,0
3106,5,0,1
3106,5,2,0
3106,6,1,0
3106,6,2,0
3106,7,0,1
3106,7,1,0
3106,7,2,0
3107,1,0,0
3107,2,1,0
3107,3,0,0
3107,3,1,0
3107,4,2,0
3107,5,0,0
3107,5,2,0
3107,6,1,0
3107,6,2,0
3107,7,0,0
3107,7,1,0
3107,7,2,0
3108,1,0,0
3108,2,1,0
3108,3,0,0
3108,3,1,0
3108,4,2,0
3108,5,0,0
3108,5,2,0
3108,6,1,0
3108,6,2,0
3108,7,0,0
3108,7,1,0
3108,7,2,0
3109,1,0,0
3109,2,1,0
3109,3,0,0
3109,3,1,0
3109,4,2,0
3109,5,0,0
3109,5,2,0
3109,6,1,0
3109,6,2,0
3109,7,0,0
3109,7,1,0
3109,7,2,0
3110,1,0,0
3110,2,1,0
3110,3,0,0
3110,3,1,0
3110,4,2,0
3110,5,0,0
3110,5,2,0
3110,6,1,0
3110,6,2,0
3110,7,0,0
3110,7,1,0
3110,7,2,0
3111,1,0,0
3111,2,1,0
3111,3,0,0
3111,3,1,0
3111,4,2,0
3111,5,0,0
3111,5,2,0
3111,6,1,0
3111,6,2,0
3111,7,0,0
3111,7,1,0
3111,7,2,0
3112,1,0,0
3112,2,1,0
3112,3,0,0
3112,3,1,0
3112,4,2,0
3112,5,0,0
3112,5,2,0
3112,6,1,0
3112,6,2,0
3112,7,0,0
3112,7,1,0
3112,7,2,0
3113,1,0,0
3113,2,1,0
3113,3,0,0
3113,3,1,0
3113,4,2,0
3113,5,0,0
3113,5,2,0
3113,6,1,0
3113,6,2,0
3113,7,0,0
3113,7,1,0
3113,7,2,0
3114,1,0,0
3114,2,1,0
3114,3,0,0
3114,3,1,0
3114,4,2,0
3114,5,0,0
3114,5,2,0
3114,6,1,0
3114,6,2,0
3114,7,0,0
3114,7,1,0
3114,7,2,0
3115,1,0,0
3115,2,1,0
3115,3,0,0
3115,3,1,0
3115,4,2,0
3115,5,0,0
3115,5,2,0
3115,6,1,0
3115,6,2,0
3115,7,0,0
3115,7,1,0
3115,7,2,0
3116,1,0,0
3116,2,1,0
3116,3,0,0
3116,3,1,0
3116,4,2,0
3116,5,0,0
3116,5,2,0
3116,6,1,0
3116,6,2,0
3116,7,0,0
3116,7,1,0
3116,7,2,0
3117,1,0,0
3117,2,1,0
3117,3,0,0
3117,3,1,0
3117,4,2,0
3117,5,0,0
3117,5,2,0
3117,6,1,0
3117,6,2,0
3117,7,0,0
3117,7,1,0
3117,7,2,0
3118,1,0,0
3118,2,1,0
3118,3,0,0
3118,3,1,0
3118,4,2,0
3118,5,0,0
3118,5,2,0
3118,6,1,0
3118,6,2,0
3118,7,0,0
3118,7,1,0
3118,7,2,0
3119,1,0,0
3119,2,1,0
3119,3,0,0
3119,3,1,0
3119,4,2,0
3119,5,0,0
3119,5,2,0
3119,6,1,0
3119,6,2,0
3119,7,0,0
3119,7,1,0
3119,7,2,0
3120,1,0,0
3120,2,1,0
3120,3,0,0
3120,3,1,0
3120,4,2,0
3120,5,0,0
3120,5,2,0
3120,6,1,0
3120,6,2,0
3120,7,0,0
3120,7,1,0
3120,7,2,0
3121,1,0,0
3121,2,1,0
3121,3,0,0
3121,3,1,0
3121,4,2,0
3121,5,0,0
3121,5,2,0
3121,6,1,0
3121,6,2,0
3121,7,0,0
3121,7,1,0
3121,7,2,0
3122,1,0,0
3122,2,1,0
3122,3,0,0
3122,3,1,0
3122,4,2,0
3122,5,0,0
3122,5,2,0
3122,6,1,0
3122,6,2,0
3122,7,0,0
3122,7,1,0
3122,7,2,0
3123,1,0,0
3123,2,1,0
3123,3,0,0
3123,3,1,0
3123,4,2,0
3123,5,0,0
3123,5,2,0
3123,6,1,0
3123,6,2,0
3123,7,0,0
3123,7,1,0
3123,7,2,0
3124,1,0,0
3124,2,1,0
3124,3,0,0
3124,3,1,0
3124,4,2,0
3124,5,0,0
3124,5,2,0
3124,6,1,0
3124,6,2,0
3124,7,0,0
3124,7,1,0
3124,7,2,0
3125,1,0,0
3125,2,1,0
3125,3,0,0
3125,3,1,0
3125,4,2,0
3125,5,0,0
3125,5,2,0
3125,6,1,0
3125,6,2,0
3125,7,0,0
3125,7,1,0
3125,7,2,0
3126,1,0,0
3126,2,1,0
3126,3,0,0
3126,3,1,0
3126,4,2,0
3126,5,0,0
3126,5,2,0
3126,6,1,0
3126,6,2,0
3126,7,0,0
3126,7,1,0
3126,7,2,0
3127,1,0,0
3127,2,1,0
3127,3,0,0
3127,3,1,0
3127,4,2,0
3127,5,0,0
3127,5,2,0
3127,6,1,0
3127,6,2,0
3127,7,0,0
3127,7,1,0
3127,7,2,0
3128,1,0,0
3128,2,1,0
3128,3,0,0
3128,3,1,0
3128,4,2,0
3128,5,0,0
3128,5,2,0
3128,6,1,0
3128,6,2,0
3128,7,0,0
3128,7,1,0
3128,7,2,0
3129,1,0,0
3129,2,1,0
3129,3,0,0
3129,3,1,0
3129,4,2,0
3129,5,0,0
3129,5,2,0
3129,6,1,0
3129,6,2,0
3129,7,0,0
3129,7,1,0
3129,7,2,0
3130,1,0,0
3130,2,1,0
3130,3,0,0
3130,3,1,0
3130,4,2,0
3130,5,0,0
3130,5,2,0
3130,6,1,0
3130,6,2,0
3130,7,0,0
3130,7,1,0
3130,7,2,0
3131,1,0,0
3131,2,1,0
3131,3,0,0
3131,3,1,0
3131,4,2,0
3131,5,0,0
3131,5,2,0
3131,6,1,0
3131,6,2,0
3131,7,0,0
3131,7,1,0
3131,7,2,0
3132,1,0,1
3132,2,1,0
3132,3,0,1
3132,3,1,0
3132,4,2,0
3132,5,0,1
3132,5,2,0
3132,6,1,0
3132,6,2,0
3132,7,0,1
3132,7,1,0
3132,7,2,0
3133,1,0,1
3133,2,1,0
3133,3,0,1
3133,3,1,0
3133,4,2,0
3133,5,0,1
3133,5,2,0
3133,6,1,0
3133,6,2,0
3133,7,0,1
3133,7,1,0
3133,7,2,0
3134,1,0,0
3134,2,1,0
3134,3,0,0
3134,3,1,0
3134,4,2,0
3134,5,0,0
3134,5,2,0
3134,6,1,0
3134,6,2,0
3134,7,0,0
3134,7,1,0
3134,7,2,0
3135,1,0,0
3135,2,1,0
3135,3,0,0
3135,3,1,0
3135,4,2,0
3135,5,0,0
3135,5,2,0
3135,6,1,0
3135,6,2,0
3135,7,0,0
3135,7,1,0
3135,7,2,0
3136,1,0,0
3136,2,1,0
3136,3,0,0
3136,3,1,0
3136,4,2,0
3136,5,0,0
3136,5,2,0
3136,6,1,0
3136,6,2,0
3136,7,0,0
3136,7,1,0
3136,7,2,0
3137,1,0,0
3137,2,1,0
3137,3,0,0
3137,3,1,0
3137,4,2,0
3137,5,0,0
3137,5,2,0
3137,6,1,0
3137,6,2,0
3137,7,0,0
3137,7,1,0
3137,7,2,0
3138,1,0,0
3138,2,1,0
3138,3,0,0
3138,3,1,0
3138,4,2,0
3138,5,0,0
3138,5,2,0
3138,6,1,0
3138,6,2,0
3138,7,0,0
3138,7,1,0
3138,7,2,0
3139,1,0,0
3139,2,1,0
3139,3,0,0
3139,3,1,0
3139,4,2,0
3139,5,0,0
3139,5,2,0
3139,6,1,0
3139,6,2,0
3139,7,0,0
3139,7,1,0
3139,7,2,0
3140,1,0,0
3140,2,1,0
3140,3,0,0
3140,3,1,0
3140,4,2,0
3140,5,0,0
3140,5,2,0
3140,6,1,0
3140,6,2,0
3140,7,0,0
3140,7,1,0
3140,7,2,0
3141,1,0,0
3141,2,1,0
3141,3,0,0
3141,3,1,0
3141,4,2,0
3141,5,0,0
3141,5,2,0
3141,6,1,0
3141,6,2,0
3141,7,0,0
3141,7,1,0
3141,7,2,0
3142,1,0,0
3142,2,1,0
3142,3,0,0
3142,3,1,0
3142,4,2,0
3142,5,0,0
3142,5,2,0
3142,6,1,0
3142,6,2,0
3142,7,0,0
3142,7,1,0
3142,7,2,0
3143,1,0,0
3143,2,1,0
3143,3,0,0
3143,3,1,0
3143,4,2,0
3143,5,0,0
3143,5,2,0
3143,6,1,0
3143,6,2,0
3143,7,0,0
3143,7,1,0
3143,7,2,0
3144,1,0,0
3144,2,1,0
3144,3,0,0
3144,3,1,0
3144,4,2,0
3144,5,0,0
3144,5,2,0
3144,6,1,0
3144,6,2,0
3144,7,0,0
3144,7,1,0
3144,7,2,0
3145,1,0,0
3145,2,1,0
3145,3,0,0
3145,3,1,0
3145,4,2,0
3145,5,0,0
3145,5,2,0
3145,6,1,0
3145,6,2,0
3145,7,0,0
3145,7,1,0
3145,7,2,0
3146,1,0,0
3146,2,1,0
3146,3,0,0
3146,3,1,0
3146,4,2,0
3146,5,0,0
3146,5,2,0
3146,6,1,0
3146,6,2,0
3146,7,0,0
3146,7,1,0
3146,7,2,0
3147,1,0,0
3147,2,1,0
3147,3,0,0
3147,3,1,0
3147,4,2,0
3147,5,0,0
3147,5,2,0
3147,6,1,0
3147,6,2,0
3147,7,0,0
3147,7,1,0
3147,7,2,0
3148,1,0,0
3148,2,1,0
3148,3,0,0
3148,3,1,0
3148,4,2,0
3148,5,0,0
3148,5,2,0
3148,6,1,0
3148,6,2,0
3148,7,0,0
3148,7,1,0
3148,7,2,0
3149,1,0,0
3149,2,1,0
3149,3,0,0
3149,3,1,0
3149,4,2,0
3149,5,0,0
3149,5,2,0
3149,6,1,0
3149,6,2,0
3149,7,0,0
3149,7,1,0
3149,7,2,0
3150,1,0,0
3150,2,1,0
3150,3,0,0
3150,3,1,0
3150,4,2,0
3150,5,0,0
3150,5,2,0
3150,6,1,0
3150,6,2,0
3150,7,0,0
3150,7,1,0
3150,7,2,0
3151,1,0,0
3151,2,1,0
3151,3,0,0
3151,3,1,0
3151,4,2,0
3151,5,0,0
3151,5,2,0
3151,6,1,0
3151,6,2,0
3151,7,0,0
3151,7,1,0
3151,7,2,0
3152,1,0,0
3152,2,1,0
3152,3,0,0
3152,3,1,0
3152,4,2,0
3152,5,0,0
3152,5,2,0
3152,6,1,0
3152,6,2,0
3152,7,0,0
3152,7,1,0
3152,7,2,0
3153,1,0,0
3153,2,1,0
3153,3,0,0
3153,3,1,0
3153,4,2,0
3153,5,0,0
3153,5,2,0
3153,6,1,0
3153,6,2,0
3153,7,0,0
3153,7,1,0
3153,7,2,0
3154,1,0,0
3154,2,1,0
3154,3,0,0
3154,3,1,0
3154,4,2,0
3154,5,0,0
3154,5,2,0
3154,6,1,0
3154,6,2,0
3154,7,0,0
3154,7,1,0
3154,7,2,0
3155,1,0,0
3155,2,1,0
3155,3,0,0
3155,3,1,0
3155,4,2,0
3155,5,0,0
3155,5,2,0
3155,6,1,0
3155,6,2,0
3155,7,0,0
3155,7,1,0
3155,7,2,0
3156,1,0,0
3156,2,1,0
3156,3,0,0
3156,3,1,0
3156,4,2,0
3156,5,0,0
3156,5,2,0
3156,6,1,0
3156,6,2,0
3156,7,0,0
3156,7,1,0
3156,7,2,0
3157,1,0,0
3157,2,1,0
3157,3,0,0
3157,3,1,0
3157,4,2,0
3157,5,0,0
3157,5,2,0
3157,6,1,0
3157,6,2,0
3157,7,0,0
3157,7,1,0
3157,7,2,0
3158,1,0,0
3158,2,1,0
3158,3,0,0
3158,3,1,0
3158,4,2,0
3158,5,0,0
3158,5,2,0
3158,6,1,0
3158,6,2,0
3158,7,0,0
3158,7,1,0
3158,7,2,0
3159,1,0,1
3159,2,1,1
3159,3,0,1
3159,3,1,1
3159,4,2,1
3159,5,0,1
3159,5,2,1
3159,6,1,1
3159,6,2,1
3159,7,0,1
3159,7,1,1
3159,7,2,1
3160,1,0,1
3160,2,1,1
3160,3,0,1
3160,3,1,1
3160,4,2,1
3160,5,0,1
3160,5,2,1
3160,6,1,1
3160,6,2,1
3160,7,0,1
3160,7,1,1
3160,7,2,1
3161,1,0,0
3161,2,1,0
3161,3,0,0
3161,3,1,0
3161,4,2,0
3161,5,0,0
3161,5,2,0
3161,6,1,0
3161,6,2,0
3161,7,0,0
3161,7,1,0
3161,7,2,0
3162,1,0,1
3162,2,1,1
3162,3,0,1
3162,3,1,1
3162,4,2,1
3162,5,0,1
3162,5,2,1
3162,6,1,1
3162,6,2,1
3162,7,0,1
3162,7,1,1
3162,7,2,1
3163,1,0,1
3163,2,1,1
3163,3,0,1
3163,3,1,1
3163,4,2,1
3163,5,0,1
3163,5,2,1
3163,6,1,1
3163,6,2,1
3163,7,0,1
3163,7,1,1
3163,7,2,1
3164,1,0,0
3164,2,1,0
3164,3,0,0
3164,3,1,0
3164,4,2,0
3164,5,0,0
3164,5,2,0
3164,6,1,0
3164,6,2,0
3164,7,0,0
3164,7,1,0
3164,7,2,0
3165,1,0,0
3165,2,1,0
3165,3,0,0
3165,3,1,0
3165,4,2,0
3165,5,0,0
3165,5,2,0
3165,6,1,0
3165,6,2,0
3165,7,0,0
3165,7,1,0
3165,7,2,0
3166,1,0,0
3166,2,1,0
3166,3,0,0
3166,3,1,0
3166,4,2,0
3166,5,0,0
3166,5,2,0
3166,6,1,0
3166,6,2,0
3166,7,0,0
3166,7,1,0
3166,7,2,0
3167,1,0,0
3167,2,1,0
3167,3,0,0
3167,3,1,0
3167,4,2,0
3167,5,0,0
3167,5,2,0
3167,6,1,0
3167,6,2,0
3167,7,0,0
3167,7,1,0
3167,7,2,0
3168,1,0,1
3168,2,1,1
3168,3,0,1
3168,3,1,1
3168,4,2,1
3168,5,0,1
3168,5,2,1
3168,6,1,1
3168,6,2,1
3168,7,0,1
3168,7,1,1
3168,7,2,1
3169,1,0,1
3169,2,1,1
3169,3,0,1
3169,3,1,1
3169,4,2,1
3169,5,0,1
3169,5,2,1
3169,6,1,1
3169,6,2,1
3169,7,0,1
3169,7,1,1
3169,7,2,1
3170,1,0,0
3170,2,1,0
3170,3,0,0
3170,3,1,0
3170,4,2,0
3170,5,0,0
3170,5,2,0
3170,6,1,0
3170,6,2,0
3170,7,0,0
3170,7,1,0
3170,7,2,0
3171,1,0,1
3171,2,1,1
3171,3,0,1
3171,3,1,1
3171,4,2,1
3171,5,0,1
3171,5,2,1
3171,6,1,1
3171,6,2,1
3171,7,0,1
3171,7,1,1
3171,7,2,1
3172,1,0,1
3172,2,1,1
3172,3,0,1
3172,3,1,1
3172,4,2,1
3172,5,0,1
3172,5,2,1
3172,6,1,1
3172,6,2,1
3172,7,0,1
3172,7,1,1
3172,7,2,1
3173,1,0,0
3173,2,1,0
3173,3,0,0
3173,3,1,0
3173,4,2,0
3173,5,0,0
3173,5,2,0
3173,6,1,0
3173,6,2,0
3173,7,0,0
3173,7,1,0
3173,7,2,0
3174,1,0,0
3174,2,1,0
3174,3,0,0
3174,3,1,0
3174,4,2,0
3174,5,0,0
3174,5,2,0
3174,6,1,0
3174,6,2,0
3174,7,0,0
3174,7,1,0
3174,7,2,0
3175,1,0,0
3175,2,1,0
3175,3,0,0
3175,3,1,0
3175,4,2,0
3175,5,0,0
3175,5,2,0
3175,6,1,0
3175,6,2,0
3175,7,0,0
3175,7,1,0
3175,7,2,0
3176,1,0,0
3176,2,1,0
3176,3,0,0
3176,3,1,0
3176,4,2,0
3176,5,0,0
3176,5,2,0
3176,6,1,0
3176,6,2,0
3176,7,0,0
3176,7,1,0
3176,7,2,0
3177,1,0,0
3177,2,1,0
3177,3,0,0
3177,3,1,0
3177,4,2,0
3177,5,0,0
3177,5,2,0
3177,6,1,0
3177,6,2,0
3177,7,0,0
3177,7,1,0
3177,7,2,0
3178,1,0,0
3178,2,1,0
3178,3,0,0
3178,3,1,0
3178,4,2,0
3178,5,0,0
3178,5,2,0
3178,6,1,0
3178,6,2,0
3178,7,0,0
3178,7,1,0
3178,7,2,0
3179,1,0,0
3179,2,1,0
3179,3,0,0
3179,3,1,0
3179,4,2,0
3179,5,0,0
3179,5,2,0
3179,6,1,0
3179,6,2,0
3179,7,0,0
3179,7,1,0
3179,7,2,0
3180,1,0,0
3180,2,1,0
3180,3,0,0
3180,3,1,0
3180,4,2,0
3180,5,0,0
3180,5,2,0
3180,6,1,0
3180,6,2,0
3180,7,0,0
3180,7,1,0
3180,7,2,0
3181,1,0,0
3181,2,1,0
3181,3,0,0
3181,3,1,0
3181,4,2,0
3181,5,0,0
3181,5,2,0
3181,6,1,0
3181,6,2,0
3181,7,0,0
3181,7,1,0
3181,7,2,0
3182,1,0,0
3182,2,1,0
3182,3,0,0
3182,3,1,0
3182,4,2,0
3182,5,0,0
3182,5,2,0
3182,6,1,0
3182,6,2,0
3182,7,0,0
3182,7,1,0
3182,7,2,0
3183,1,0,0
3183,2,1,0
3183,3,0,0
3183,3,1,0
3183,4,2,0
3183,5,0,0
3183,5,2,0
3183,6,1,0
3183,6,2,0
3183,7,0,0
3183,7,1,0
3183,7,2,0
3184,1,0,0
3184,2,1,0
3184,3,0,0
3184,3,1,0
3184,4,2,0
3184,5,0,0
3184,5,2,0
3184,6,1,0
3184,6,2,0
3184,7,0,0
3184,7,1,0
3184,7,2,0
3185,1,0,0
3185,2,1,0
3185,3,0,0
3185,3,1,0
3185,4,2,0
3185,5,0,0
3185,5,2,0
3185,6,1,0
3185,6,2,0
3185,7,0,0
3185,7,1,0
3185,7,2,0
3186,1,0,1
3186,2,1,1
3186,3,0,1
3186,3,1,1
3186,4,2,1
3186,5,0,1
3186,5,2,1
3186,6,1,1
3186,6,2,1
3186,7,0,1
3186,7,1,1
3186,7,2,1
3187,1,0,1
3187,2,1,1
3187,3,0,1
3187,3,1,1
3187,4,2,1
3187,5,0,1
3187,5,2,1
3187,6,1,1
3187,6,2,1
3187,7,0,1
3187,7,1,1
3187,7,2,1
3188,1,0,0
3188,2,1,0
3188,3,0,0
3188,3,1,0
3188,4,2,0
3188,5,0,0
3188,5,2,0
3188,6,1,0
3188,6,2,0
3188,7,0,0
3188,7,1,0
3188,7,2,0
3189,1,0,1
3189,2,1,1
3189,3,0,1
3189,3,1,1
3189,4,2,1
3189,5,0,1
3189,5,2,1
3189,6,1,1
3189,6,2,1
3189,7,0,1
3189,7,1,1
3189,7,2,1
3190,1,0,1
3190,2,1,1
3190,3,0,1
3190,3,1,1
3190,4,2,1
3190,5,0,1
3190,5,2,1
3190,6,1,1
3190,6,2,1
3190,7,0,1
3190,7,1,1
3190,7,2,1
3191,1,0,0
3191,2,1,0
3191,3,0,0
3191,3,1,0
3191,4,2,0
3191,5,0,0
3191,5,2,0
3191,6,1,0
3191,6,2,0
3191,7,0,0
3191,7,1,0
3191,7,2,0
3192,1,0,0
3192,2,1,0
3192,3,0,0
3192,3,1,0
3192,4,2,0
3192,5,0,0
3192,5,2,0
3192,6,1,0
3192,6,2,0
3192,7,0,0
3192,7,1,0
3192,7,2,0
3193,1,0,0
3193,2,1,0
3193,3,0,0
3193,3,1,0
3193,4,2,0
3193,5,0,0
3193,5,2,0
3193,6,1,0
3193,6,2,0
3193,7,0,0
3193,7,1,0
3193,7,2,0
3194,1,0,0
3194,2,1,0
3194,3,0,0
3194,3,1,0
3194,4,2,0
3194,5,0,0
3194,5,2,0
3194,6,1,0
3194,6,2,0
3194,7,0,0
3194,7,1,0
3194,7,2,0
3195,1,0,1
3195,2,1,1
3195,3,0,1
3195,3,1,1
3195,4,2,1
3195,5,0,1
3195,5,2,1
3195,6,1,1
3195,6,2,1
3195,7,0,1
3195,7,1,1
3195,7,2,1
3196,1,0,1
3196,2,1,1
3196,3,0,1
3196,3,1,1
3196,4,2,1
3196,5,0,1
3196,5,2,1
3196,6,1,1
3196,6,2,1
3196,7,0,1
3196,7,1,1
3196,7,2,1
3197,1,0,0
3197,2,1,0
3197,3,0,0
3197,3,1,0
3197,4,2,0
3197,5,0,0
3197,5,2,0
3197,6,1,0
3197,6,2,0
3197,7,0,0
3197,7,1,0
3197,7,2,0
3198,1,0,1
3198,2,1,1
3198,3,0,1
3198,3,1,1
3198,4,2,1
3198,5,0,1
3198,5,2,1
3198,6,1,1
3198,6,2,1
3198,7,0,1
3198,7,1,1
3198,7,2,1
3199,1,0,1
3199,2,1,1
3199,3,0,1
3199,3,1,1
3199,4,2,1
3199,5,0,1
3199,5,2,1
3199,6,1,1
3199,6,2,1
3199,7,0,1
3199,7,1,1
3199,7,2,1
3200,1,0,0
3200,2,1,0
3200,3,0,0
3200,3,1,0
3200,4,2,0
3200,5,0,0
3200,5,2,0
3200,6,1,0
3200,6,2,0
3200,7,0,0
3200,7,1,0
3200,7,2,0
3201,1,0,0
3201,2,1,0
3201,3,0,0
3201,3,1,0
3201,4,2,0
3201,5,0,0
3201,5,2,0
3201,6,1,0
3201,6,2,0
3201,7,0,0
3201,7,1,0
3201,7,2,0
3202,1,0,0
3202,2,1,0
3202,3,0,0
3202,3,1,0
3202,4,2,0
3202,5,0,0
3202,5,2,0
3202,6,1,0
3202,6,2,0
3202,7,0,0
3202,7,1,0
3202,7,2,0
3203,1,0,0
3203,2,1,0
3203,3,0,0
3203,3,1,0
3203,4,2,0
3203,5,0,0
3203,5,2,0
3203,6,1,0
3203,6,2,0
3203,7,0,0
3203,7,1,0
3203,7,2,0
3204,1,0,0
3204,2,1,0
3204,3,0,0
3204,3,1,0
3204,4,2,0
3204,5,0,0
3204,5,2,0
3204,6,1,0
3204,6,2,0
3204,7,0,0
3204,7,1,0
3204,7,2,0
3205,1,0,0
3205,2,1,0
3205,3,0,0
3205,3,1,0
3205,4,2,0
3205,5,0,0
3205,5,2,0
3205,6,1,0
3205,6,2,0
3205,7,0,0
3205,7,1,0
3205,7,2,0
3206,1,0,0
3206,2,1,0
3206,3,0,0
3206,3,1,0
3206,4,2,0
3206,5,0,0
3206,5,2,0
3206,6,1,0
3206,6,2,0
3206,7,0,0
3206,7,1,0
3206,7,2,0
3207,1,0,0
3207,2,1,0
3207,3,0,0
3207,3,1,0
3207,4,2,0
3207,5,0,0
3207,5,2,0
3207,6,1,0
3207,6,2,0
3207,7,0,0
3207,7,1,0
3207,7,2,0
3208,1,0,0
3208,2,1,0
3208,3,0,0
3208,3,1,0
3208,4,2,0
3208,5,0,0
3208,5,2,0
3208,6,1,0
3208,6,2,0
3208,7,0,0
3208,7,1,0
3208,7,2,0
3209,1,0,0
3209,2,1,0
3209,3,0,0
3209,3,1,0
3209,4,2,0
3209,5,0,0
3209,5,2,0
3209,6,1,0
3209,6,2,0
3209,7,0,0
3209,7,1,0
3209,7,2,0
3210,1,0,0
3210,2,1,0
3210,3,0,0
3210,3,1,0
3210,4,2,0
3210,5,0,0
3210,5,2,0
3210,6,1,0
3210,6,2,0
3210,7,0,0
3210,7,1,0
3210,7,2,0
3211,1,0,0
3211,2,1,0
3211,3,0,0
3211,3,1,0
3211,4,2,0
3211,5,0,0
3211,5,2,0
3211,6,1,0
3211,6,2,0
3211,7,0,0
3211,7,1,0
3211,7,2,0
3212,1,0,0
3212,2,1,0
3212,3,0,0
3212,3,1,0
3212,4,2,0
3212,5,0,0
3212,5,2,0
3212,6,1,0
3212,6,2,0
3212,7,0,0
3212,7,1,0
3212,7,2,0
3213,1,0,1
3213,2,1,1
3213,3,0,1
3213,3,1,1
3213,4,2,1
3213,5,0,1
3213,5,2,1
3213,6,1,1
3213,6,2,1
3213,7,0,1
3213,7,1,1
3213,7,2,1
3214,1,0,1
3214,2,1,1
3214,3,0,1
3214,3,1,1
3214,4,2,1
3214,5,0,1
3214,5,2,1
3214,6,1,1
3214,6,2,1
3214,7,0,1
3214,7,1,1
3214,7,2,1
3215,1,0,0
3215,2,1,0
3215,3,0,0
3215,3,1,0
3215,4,2,0
3215,5,0,0
3215,5,2,0
3215,6,1,0
3215,6,2,0
3215,7,0,0
3215,7,1,0
3215,7,2,0
3216,1,0,0
3216,2,1,0
3216,3,0,0
3216,3,1,0
3216,4,2,0
3216,5,0,0
3216,5,2,0
3216,6,1,0
3216,6,2,0
3216,7,0,0
3216,7,1,0
3216,7,2,0
3217,1,0,0
3217,2,1,0
3217,3,0,0
3217,3,1,0
3217,4,2,0
3217,5,0,0
3217,5,2,0
3217,6,1,0
3217,6,2,0
3217,7,0,0
3217,7,1,0
3217,7,2,0
3218,1,0,0
3218,2,1,0
3218,3,0,0
3218,3,1,0
3218,4,2,0
3218,5,0,0
3218,5,2,0
3218,6,1,0
3218,6,2,0
3218,7,0,0
3218,7,1,0
3218,7,2,0
3219,1,0,0
3219,2,1,0
3219,3,0,0
3219,3,1,0
3219,4,2,0
3219,5,0,0
3219,5,2,0
3219,6,1,0
3219,6,2,0
3219,7,0,0
3219,7,1,0
3219,7,2,0
3220,1,0,0
3220,2,1,0
3220,3,0,0
3220,3,1,0
3220,4,2,0
3220,5,0,0
3220,5,2,0
3220,6,1,0
3220,6,2,0
3220,7,0,0
3220,7,1,0
3220,7,2,0
3221,1,0,0
3221,2,1,0
3221,3,0,0
3221,3,1,0
3221,4,2,0
3221,5,0,0
3221,5,2,0
3221,6,1,0
3221,6,2,0
3221,7,0,0
3221,7,1,0
3221,7,2,0
3222,1,0,0
3222,2,1,0
3222,3,0,0
3222,3,1,0
3222,4,2,0
3222,5,0,0
3222,5,2,0
3222,6,1,0
3222,6,2,0
3222,7,0,0
3222,7,1,0
3222,7,2,0
3223,1,0,0
3223,2,1,0
3223,3,0,0
3223,3,1,0
3223,4,2,0
3223,5,0,0
3223,5,2,0
3223,6,1,0
3223,6,2,0
3223,7,0,0
3223,7,1,0
3223,7,2,0
3224,1,0,0
3224,2,1,0
3224,3,0,0
3224,3,1,0
3224,4,2,0
3224,5,0,0
3224,5,2,0
3224,6,1,0
3224,6,2,0
3224,7,0,0
3224,7,1,0
3224,7,2,0
3225,1,0,0
3225,2,1,0
3225,3,0,0
3225,3,1,0
3225,4,2,0
3225,5,0,0
3225,5,2,0
3225,6,1,0
3225,6,2,0
3225,7,0,0
3225,7,1,0
3225,7,2,0
3226,1,0,0
3226,2,1,0
3226,3,0,0
3226,3,1,0
3226,4,2,0
3226,5,0,0
3226,5,2,0
3226,6,1,0
3226,6,2,0
3226,7,0,0
3226,7,1,0
3226,7,2,0
3227,1,0,0
3227,2,1,0
3227,3,0,0
3227,3,1,0
3227,4,2,0
3227,5,0,0
3227,5,2,0
3227,6,1,0
3227,6,2,0
3227,7,0,0
3227,7,1,0
3227,7,2,0
3228,1,0,0
3228,2,1,0
3228,3,0,0
3228,3,1,0
3228,4,2,0
3228,5,0,0
3228,5,2,0
3228,6,1,0
3228,6,2,0
3228,7,0,0
3228,7,1,0
3228,7,2,0
3229,1,0,0
3229,2,1,0
3229,3,0,0
3229,3,1,0
3229,4,2,0
3229,5,0,0
3229,5,2,0
3229,6,1,0
3229,6,2,0
3229,7,0,0
3229,7,1,0
3229,7,2,0
3230,1,0,0
3230,2,1,0
3230,3,0,0
3230,3,1,0
3230,4,2,0
3230,5,0,0
3230,5,2,0
3230,6,1,0
3230,6,2,0
3230,7,0,0
3230,7,1,0
3230,7,2,0
3231,1,0,0
3231,2,1,0
3231,3,0,0
3231,3,1,0
3231,4,2,0
3231,5,0,0
3231,5,2,0
3231,6,1,0
3231,6,2,0
3231,7,0,0
3231,7,1,0
3231,7,2,0
3232,1,0,0
3232,2,1,0
3232,3,0,0
3232,3,1,0
3232,4,2,0
3232,5,0,0
3232,5,2,0
3232,6,1,0
3232,6,2,0
3232,7,0,0
3232,7,1,0
3232,7,2,0
3233,1,0,0
3233,2,1,0
3233,3,0,0
3233,3,1,0
3233,4,2,0
3233,5,0,0
3233,5,2,0
3233,6,1,0
3233,6,2,0
3233,7,0,0
3233,7,1,0
3233,7,2,0
3234,1,0,0
3234,2,1,0
3234,3,0,0
3234,3,1,0
3234,4,2,0
3234,5,0,0
3234,5,2,0
3234,6,1,0
3234,6,2,0
3234,7,0,0
3234,7,1,0
3234,7,2,0
3235,1,0,0
3235,2,1,0
3235,3,0,0
3235,3,1,0
3235,4,2,0
3235,5,0,0
3235,5,2,0
3235,6,1,0
3235,6,2,0
3235,7,0,0
3235,7,1,0
3235,7,2,0
3236,1,0,0
3236,2,1,0
3236,3,0,0
3236,3,1,0
3236,4,2,0
3236,5,0,0
3236,5,2,0
3236,6,1,0
3236,6,2,0
3236,7,0,0
3236,7,1,0
3236,7,2,0
3237,1,0,0
3237,2,1,0
3237,3,0,0
3237,3,1,0
3237,4,2,0
3237,5,0,0
3237,5,2,0
3237,6,1,0
3237,6,2,0
3237,7,0,0
3237,7,1,0
3237,7,2,0
3238,1,0,0
3238,2,1,0
3238,3,0,0
3238,3,1,0
3238,4,2,0
3238,5,0,0
3238,5,2,0
3238,6,1,0
3238,6,2,0
3238,7,0,0
3238,7,1,0
3238,7,2,0
3239,1,0,0
3239,2,1,0
3239,3,0,0
3239,3,1,0
3239,4,2,0
3239,5,0,0
3239,5,2,0
3239,6,1,0
3239,6,2,0
3239,7,0,0
3239,7,1,0
3239,7,2,0
3240,1,0,1
3240,2,1,1
3240,3,0,1
3240,3,1,1
3240,4,2,1
3240,5,0,1
3240,5,2,1
3240,6,1,1
3240,6,2,1
3240,7,0,1
3240,7,1,1
3240,7,2,1
3241,1,0,1
3241,2,1,1
3241,3,0,1
3241,3,1,1
3241,4,2,1
3241,5,0,1
3241,5,2,1
3241,6,1,1
3241,6,2,1
3241,7,0,1
3241,7,1,1
3241,7,2,1
3242,1,0,0
3242,2,1,0
3242,3,0,0
3242,3,1,0
3242,4,2,0
3242,5,0,0
3242,5,2,0
3242,6,1,0
3242,6,2,0
3242,7,0,0
3242,7,1,0
3242,7,2,0
3243,1,0,1
3243,2,1,1
3243,3,0,1
3243,3,1,1
3243,4,2,1
3243,5,0,1
3243,5,2,1
3243,6,1,1
3243,6,2,1
3243,7,0,1
3243,7,1,1
3243,7,2,1
3244,1,0,1
3244,2,1,1
3244,3,0,1
3244,3,1,1
3244,4,2,1
3244,5,0,1
3244,5,2,1
3244,6,1,1
3244,6,2,1
3244,7,0,1
3244,7,1,1
3244,7,2,1
3245,1,0,0
3245,2,1,0
3245,3,0,0
3245,3,1,0
3245,4,2,0
3245,5,0,0
3245,5,2,0
3245,6,1,0
3245,6,2,0
3245,7,0,0
3245,7,1,0
3245,7,2,0
3246,1,0,0
3246,2,1,0
3246,3,0,0
3246,3,1,0
3246,4,2,0
3246,5,0,0
3246,5,2,0
3246,6,1,0
3246,6,2,0
3246,7,0,0
3246,7,1,0
3246,7,2,0
3247,1,0,0
3247,2,1,0
3247,3,0,0
3247,3,1,0
3247,4,2,0
3247,5,0,0
3247,5,2,0
3247,6,1,0
3247,6,2,0
3247,7,0,0
3247,7,1,0
3247,7,2,0
3248,1,0,0
3248,2,1,0
3248,3,0,0
3248,3,1,0
3248,4,2,0
3248,5,0,0
3248,5,2,0
3248,6,1,0
3248,6,2,0
3248,7,0,0
3248,7,1,0
3248,7,2,0
3249,1,0,1
3249,2,1,1
3249,3,0,1
3249,3,1,1
3249,4,2,1
3249,5,0,1
3249,5,2,1
3249,6,1,1
3249,6,2,1
3249,7,0,1
3249,7,1,1
3249,7,2,1
3250,1,0,1
3250,2,1,1
3250,3,0,1
3250,3,1,1
3250,4,2,1
3250,5,0,1
3250,5,2,1
3250,6,1,1
3250,6,2,1
3250,7,0,1
3250,7,1,1
3250,7,2,1
3251,1,0,0
3251,2,1,0
3251,3,0,0
3251,3,1,0
3251,4,2,0
3251,5,0,0
3251,5,2,0
3251,6,1,0
3251,6,2,0
3251,7,0,0
3251,7,1,0
3251,7,2,0
3252,1,0,1
3252,2,1,1
3252,3,0,1
3252,3,1,1
3252,4,2,1
3252,5,0,1
3252,5,2,1
3252,6,1,1
3252,6,2,1
3252,7,0,1
3252,7,1,1
3252,7,2,1
3253,1,0,1
3253,2,1,1
3253,3,0,1
3253,3,1,1
3253,4,2,1
3253,5,0,1
3253,5,2,1
3253,6,1,1
3253,6,2,1
3253,7,0,1
3253,7,1,1
3253,7,2,1
3254,1,0,0
3254,2,1,0
3254,3,0,0
3254,3,1,0
3254,4,2,0
3254,5,0,0
3254,5,2,0
3254,6,1,0
3254,6,2,0
3254,7,0,0
3254,7,1,0
3254,7,2,0
3255,1,0,0
3255,2,1,0
3255,3,0,0
3255,3,1,0
3255,4,2,0
3255,5,0,0
3255,5,2,0
3255,6,1,0
3255,6,2,0
3255,7,0,0
3255,7,1,0
3255,7,2,0
3256,1,0,0
3256,2,1,0
3256,3,0,0
3256,3,1,0
3256,4,2,0
3256,5,0,0
3256,5,2,0
3256,6,1,0
3256,6,2,0
3256,7,0,0
3256,7,1,0
3256,7,2,0
3257,1,0,0
3257,2,1,0
3257,3,0,0
3257,3,1,0
3257,4,2,0
3257,5,0,0
3257,5,2,0
3257,6,1,0
3257,6,2,0
3257,7,0,0
3257,7,1,0
3257,7,2,0
3258,1,0,0
3258,2,1,0
3258,3,0,0
3258,3,1,0
3258,4,2,0
3258,5,0,0
3258,5,2,0
3258,6,1,0
3258,6,2,0
3258,7,0,0
3258,7,1,0
3258,7,2,0
3259,1,0,0
3259,2,1,0
3259,3,0,0
3259,3,1,0
3259,4,2,0
3259,5,0,0
3259,5,2,0
3259,6,1,0
3259,6,2,0
3259,7,0,0
3259,7,1,0
3259,7,2,0
3260,1,0,0
3260,2,1,0
3260,3,0,0
3260,3,1,0
3260,4,2,0
3260,5,0,0
3260,5,2,0
3260,6,1,0
3260,6,2,0
3260,7,0,0
3260,7,1,0
3260,7,2,0
3261,1,0,0
3261,2,1,0
3261,3,0,0
3261,3,1,0
3261,4,2,0
3261,5,0,0
3261,5,2,0
3261,6,1,0
3261,6,2,0
3261,7,0,0
3261,7,1,0
3261,7,2,0
3262,1,0,0
3262,2,1,0
3262,3,0,0
3262,3,1,0
3262,4,2,0
3262,5,0,0
3262,5,2,0
3262,6,1,0
3262,6,2,0
3262,7,0,0
3262,7,1,0
3262,7,2,0
3263,1,0,0
3263,2,1,0
3263,3,0,0
3263,3,1,0
3263,4,2,0
3263,5,0,0
3263,5,2,0
3263,6,1,0
3263,6,2,0
3263,7,0,0
3263,7,1,0
3263,7,2,0
3264,1,0,0
3264,2,1,0
3264,3,0,0
3264,3,1,0
3264,4,2,0
3264,5,0,0
3264,5,2,0
3264,6,1,0
3264,6,2,0
3264,7,0,0
3264,7,1,0
3264,7,2,0
3265,1,0,0
3265,2,1,0
3265,3,0,0
3265,3,1,0
3265,4,2,0
3265,5,0,0
3265,5,2,0
3265,6,1,0
3265,6,2,0
3265,7,0,0
3265,7,1,0
3265,7,2,0
3266,1,0,0
3266,2,1,0
3266,3,0,0
3266,3,1,0
3266,4,2,0
3266,5,0,0
3266,5,2,0
3266,6,1,0
3266,6,2,0
3266,7,0,0
3266,7,1,0
3266,7,2,0
3267,1,0,1
3267,2,1,1
3267,3,0,1
3267,3,1,1
3267,4,2,1
3267,5,0,1
3267,5,2,1
3267,6,1,1
3267,6,2,1
3267,7,0,1
3267,7,1,1
3267,7,2,1
3268,1,0,1
3268,2,1,1
3268,3,0,1
3268,3,1,1
3268,4,2,1
3268,5,0,1
3268,5,2,1
3268,6,1,1
3268,6,2,1
3268,7,0,1
3268,7,1,1
3268,7,2,1
3269,1,0,0
3269,2,1,0
3269,3,0,0
3269,3,1,0
3269,4,2,0
3269,5,0,0
3269,5,2,0
3269,6,1,0
3269,6,2,0
3269,7,0,0
3269,7,1,0
3269,7,2,0
3270,1,0,1
3270,2,1,1
3270,3,0,1
3270,3,1,1
3270,4,2,1
3270,5,0,1
3270,5,2,1
3270,6,1,1
3270,6,2,1
3270,7,0,1
3270,7,1,1
3270,7,2,1
3271,1,0,1
3271,2,1,1
3271,3,0,1
3271,3,1,1
3271,4,2,1
3271,5,0,1
3271,5,2,1
3271,6,1,1
3271,6,2,1
3271,7,0,1
3271,7,1,1
3271,7,2,1
3272,1,0,0
3272,2,1,0
3272,3,0,0
3272,3,1,0
3272,4,2,0
3272,5,0,0
3272,5,2,0
3272,6,1,0
3272,6,2,0
3272,7,0,0
3272,7,1,0
3272,7,2,0
3273,1,0,0
3273,2,1,0
3273,3,0,0
3273,3,1,0
3273,4,2,0
3273,5,0,0
3273,5,2,0
3273,6,1,0
3273,6,2,0
3273,7,0,0
3273,7,1,0
3273,7,2,0
3274,1,0,0
3274,2,1,0
3274,3,0,0
3274,3,1,0
3274,4,2,0
3274,5,0,0
3274,5,2,0
3274,6,1,0
3274,6,2,0
3274,7,0,0
3274,7,1,0
3274,7,2,0
3275,1,0,0
3275,2,1,0
3275,3,0,0
3275,3,1,0
3275,4,2,0
3275,5,0,0
3275,5,2,0
3275,6,1,0
3275,6,2,0
3275,7,0,0
3275,7,1,0
3275,7,2,0
3276,1,0,1
3276,2,1,1
3276,3,0,1
3276,3,1,1
3276,4,2,1
3276,5,0,1
3276,5,2,1
3276,6,1,1
3276,6,2,1
3276,7,0,1
3276,7,1,1
3276,7,2,1
3277,1,0,1
3277,2,1,1
3277,3,0,1
3277,3,1,1
3277,4,2,1
3277,5,0,1
3277,5,2,1
3277,6,1,1
3277,6,2,1
3277,7,0,1
3277,7,1,1
3277,7,2,1
3278,1,0,0
3278,2,1,0
3278,3,0,0
3278,3,1,0
3278,4,2,0
3278,5,0,0
3278,5,2,0
3278,6,1,0
3278,6,2,0
3278,7,0,0
3278,7,1,0
3278,7,2,0
3279,1,0,1
3279,2,1,1
3279,3,0,1
3279,3,1,1
3279,4,2,1
3279,5,0,1
3279,5,2,1
3279,6,1,1
3279,6,2,1
3279,7,0,1
3279,7,1,1
3279,7,2,1
3280,1,0,1
3280,2,1,1
3280,3,0,1
3280,3,1,1
3280,4,2,1
3280,5,0,1
3280,5,2,1
3280,6,1,1
3280,6,2,1
3280,7,0,1
3280,7,1,1
3280,7,2,1
3281,1,0,0
3281,2,1,0
3281,3,0,0
3281,3,1,0
3281,4,2,0
3281,5,0,0
3281,5,2,0
3281,6,1,0
3281,6,2,0
3281,7,0,0
3281,7,1,0
3281,7,2,0
3282,1,0,0
3282,2,1,0
3282,3,0,0
3282,3,1,0
3282,4,2,0
3282,5,0,0
3282,5,2,0
3282,6,1,0
3282,6,2,0
3282,7,0,0
3282,7,1,0
3282,7,2,0
3283,1,0,0
3283,2,1,0
3283,3,0,0
3283,3,1,0
3283,4,2,0
3283,5,0,0
3283,5,2,0
3283,6,1,0
3283,6,2,0
3283,7,0,0
3283,7,1,0
3283,7,2,0
3284,1,0,0
3284,2,1,0
3284,3,0,0
3284,3,1,0
3284,4,2,0
3284,5,0,0
3284,5,2,0
3284,6,1,0
3284,6,2,0
3284,7,0,0
3284,7,1,0
3284,7,2,0
3285,1,0,0
3285,2,1,0
3285,3,0,0
3285,3,1,0
3285,4,2,0
3285,5,0,0
3285,5,2,0
3285,6,1,0
3285,6,2,0
3285,7,0,0
3285,7,1,0
3285,7,2,0
3286,1,0,0
3286,2,1,0
3286,3,0,0
3286,3,1,0
3286,4,2,0
3286,5,0,0
3286,5,2,0
3286,6,1,0
3286,6,2,0
3286,7,0,0
3286,7,1,0
3286,7,2,0
3287,1,0,0
3287,2,1,0
3287,3,0,0
3287,3,1,0
3287,4,2,0
3287,5,0,0
3287,5,2,0
3287,6,1,0
3287,6,2,0
3287,7,0,0
3287,7,1,0
3287,7,2,0
3288,1,0,0
3288,2,1,0
3288,3,0,0
3288,3,1,0
3288,4,2,0
3288,5,0,0
3288,5,2,0
3288,6,1,0
3288,6,2,0
3288,7,0,0
3288,7,1,0
3288,7,2,0
3289,1,0,0
3289,2,1,0
3289,3,0,0
3289,3,1,0
3289,4,2,0
3289,5,0,0
3289,5,2,0
3289,6,1,0
3289,6,2,0
3289,7,0,0
3289,7,1,0
3289,7,2,0
3290,1,0,0
3290,2,1,0
3290,3,0,0
3290,3,1,0
3290,4,2,0
3290,5,0,0
3290,5,2,0
3290,6,1,0
3290,6,2,0
3290,7,0,0
3290,7,1,0
3290,7,2,0
3291,1,0,0
3291,2,1,0
3291,3,0,0
3291,3,1,0
3291,4,2,0
3291,5,0,0
3291,5,2,0
3291,6,1,0
3291,6,2,0
3291,7,0,0
3291,7,1,0
3291,7,2,0
3292,1,0,0
3292,2,1,0
3292,3,0,0
3292,3,1,0
3292,4,2,0
3292,5,0,0
3292,5,2,0
3292,6,1,0
3292,6,2,0
3292,7,0,0
3292,7,1,0
3292,7,2,0
3293,1,0,0
3293,2,1,0
3293,3,0,0
3293,3,1,0
3293,4,2,0
3293,5,0,0
3293,5,2,0
3293,6,1,0
3293,6,2,0
3293,7,0,0
3293,7,1,0
3293,7,2,0
3294,1,0,1
3294,2,1,1
3294,3,0,1
3294,3,1,1
3294,4,2,1
3294,5,0,1
3294,5,2,1
3294,6,1,1
3294,6,2,1
3294,7,0,1
3294,7,1,1
3294,7,2,1
3295,1,0,1
3295,2,1,1
3295,3,0,1
3295,3,1,1
3295,4,2,1
3295,5,0,1
3295,5,2,1
3295,6,1,1
3295,6,2,1
3295,7,0,1
3295,7,1,1
3295,7,2,1
3296,1,0,0
3296,2,1,0
3296,3,0,0
3296,3,1,0
3296,4,2,0
3296,5,0,0
3296,5,2,0
3296,6,1,0
3296,6,2,0
3296,7,0,0
3296,7,1,0
3296,7,2,0
3297,1,0,0
3297,2,1,0
3297,3,0,0
3297,3,1,0
3297,4,2,0
3297,5,0,0
3297,5,2,0
3297,6,1,0
3297,6,2,0
3297,7,0,0
3297,7,1,0
3297,7,2,0
3298,1,0,0
3298,2,1,0
3298,3,0,0
3298,3,1,0
3298,4,2,0
3298,5,0,0
3298,5,2,0
3298,6,1,0
3298,6,2,0
3298,7,0,0
3298,7,1,0
3298,7,2,0
3299,1,0,0
3299,2,1,0
3299,3,0,0
3299,3,1,0
3299,4,2,0
3299,5,0,0
3299,5,2,0
3299,6,1,0
3299,6,2,0
3299,7,0,0
3299,7,1,0
3299,7,2,0
3300,1,0,0
3300,2,1,0
3300,3,0,0
3300,3,1,0
3300,4,2,0
3300,5,0,0
3300,5,2,0
3300,6,1,0
3300,6,2,0
3300,7,0,0
3300,7,1,0
3300,7,2,0
3301,1,0,0
3301,2,1,0
3301,3,0,0
3301,3,1,0
3301,4,2,0
3301,5,0,0
3301,5,2,0
3301,6,1,0
3301,6,2,0
3301,7,0,0
3301,7,1,0
3301,7,2,0
3302,1,0,0
3302,2,1,0
3302,3,0,0
3302,3,1,0
3302,4,2,0
3302,5,0,0
3302,5,2,0
3302,6,1,0
3302,6,2,0
3302,7,0,0
3302,7,1,0
3302,7,2,0
3303,1,0,0
3303,2,1,0
3303,3,0,0
3303,3,1,0
3303,4,2,0
3303,5,0,0
3303,5,2,0
3303,6,1,0
3303,6,2,0
3303,7,0,0
3303,7,1,0
3303,7,2,0
3304,1,0,0
3304,2,1,0
3304,3,0,0
3304,3,1,0
3304,4,2,0
3304,5,0,0
3304,5,2,0
3304,6,1,0
3304,6,2,0
3304,7,0,0
3304,7,1,0
3304,7,2,0
3305,1,0,0
3305,2,1,0
3305,3,0,0
3305,3,1,0
3305,4,2,0
3305,5,0,0
3305,5,2,0
3305,6,1,0
3305,6,2,0
3305,7,0,0
3305,7,1,0
3305,7,2,0
3306,1,0,0
3306,2,1,0
3306,3,0,0
3306,3,1,0
3306,4,2,0
3306,5,0,0
3306,5,2,0
3306,6,1,0
3306,6,2,0
3306,7,0,0
3306,7,1,0
3306,7,2,0
3307,1,0,0
3307,2,1,0
3307,3,0,0
3307,3,1,0
3307,4,2,0
3307,5,0,0
3307,5,2,0
3307,6,1,0
3307,6,2,0
3307,7,0,0
3307,7,1,0
3307,7,2,0
3308,1,0,0
3308,2,1,0
3308,3,0,0
3308,3,1,0
3308,4,2,0
3308,5,0,0
3308,5,2,0
3308,6,1,0
3308,6,2,0
3308,7,0,0
3308,7,1,0
3308,7,2,0
3309,1,0,0
3309,2,1,0
3309,3,0,0
3309,3,1,0
3309,4,2,0
3309,5,0,0
3309,5,2,0
3309,6,1,0
3309,6,2,0
3309,7,0,0
3309,7,1,0
3309,7,2,0
3310,1,0,0
3310,2,1,0
3310,3,0,0
3310,3,1,0
3310,4,2,0
3310,5,0,0
3310,5,2,0
3310,6,1,0
3310,6,2,0
3310,7,0,0
3310,7,1,0
3310,7,2,0
3311,1,0,0
3311,2,1,0
3311,3,0,0
3311,3,1,0
3311,4,2,0
3311,5,0,0
3311,5,2,0
3311,6,1,0
3311,6,2,0
3311,7,0,0
3311,7,1,0
3311,7,2,0
3312,1,0,0
3312,2,1,0
3312,3,0,0
3312,3,1,0
3312,4,2,0
3312,5,0,0
3312,5,2,0
3312,6,1,0
3312,6,2,0
3312,7,0,0
3312,7,1,0
3312,7,2,0
3313,1,0,0
3313,2,1,0
3313,3,0,0
3313,3,1,0
3313,4,2,0
3313,5,0,0
3313,5,2,0
3313,6,1,0
3313,6,2,0
3313,7,0,0
3313,7,1,0
3313,7,2,0
3314,1,0,0
3314,2,1,0
3314,3,0,0
3314,3,1,0
3314,4,2,0
3314,5,0,0
3314,5,2,0
3314,6,1,0
3314,6,2,0
3314,7,0,0
3314,7,1,0
3314,7,2,0
3315,1,0,0
3315,2,1,0
3315,3,0,0
3315,3,1,0
3315,4,2,0
3315,5,0,0
3315,5,2,0
3315,6,1,0
3315,6,2,0
3315,7,0,0
3315,7,1,0
3315,7,2,0
3316,1,0,0
3316,2,1,0
3316,3,0,0
3316,3,1,0
3316,4,2,0
3316,5,0,0
3316,5,2,0
3316,6,1,0
3316,6,2,0
3316,7,0,0
3316,7,1,0
3316,7,2,0
3317,1,0,0
3317,2,1,0
3317,3,0,0
3317,3,1,0
3317,4,2,0
3317,5,0,0
3317,5,2,0
3317,6,1,0
3317,6,2,0
3317,7,0,0
3317,7,1,0
3317,7,2,0
3318,1,0,0
3318,2,1,0
3318,3,0,0
3318,3,1,0
3318,4,2,0
3318,5,0,0
3318,5,2,0
3318,6,1,0
3318,6,2,0
3318,7,0,0
3318,7,1,0
3318,7,2,0
3319,1,0,0
3319,2,1,0
3319,3,0,0
3319,3,1,0
3319,4,2,0
3319,5,0,0
3319,5,2,0
3319,6,1,0
3319,6,2,0
3319,7,0,0
3319,7,1,0
3319,7,2,0
3320,1,0,0
3320,2,1,0
3320,3,0,0
3320,3,1,0
3320,4,2,0
3320,5,0,0
3320,5,2,0
3320,6,1,0
3320,6,2,0
3320,7,0,0
3320,7,1,0
3320,7,2,0
3321,1,0,1
3321,2,1,0
3321,3,0,1
3321,3,1,0
3321,4,2,0
3321,5,0,1
3321,5,2,0
3321,6,1,0
3321,6,2,0
3321,7,0,1
3321,7,1,0
3321,7,2,0
3322,1,0,1
3322,2,1,0
3322,3,0,1
3322,3,1,0
3322,4,2,0
3322,5,0,1
3322,5,2,0
3322,6,1,0
3322,6,2,0
3322,7,0,1
3322,7,1,0
3322,7,2,0
3323,1,0,0
3323,2,1,0
3323,3,0,0
3323,3,1,0
3323,4,2,0
3323,5,0,0
3323,5,2,0
3323,6,1,0
3323,6,2,0
3323,7,0,0
3323,7,1,0
3323,7,2,0
3324,1,0,0
3324,2,1,0
3324,3,0,0
3324,3,1,0
3324,4,2,0
3324,5,0,0
3324,5,2,0
3324,6,1,0
3324,6,2,0
3324,7,0,0
3324,7,1,0
3324,7,2,0
3325,1,0,0
3325,2,1,0
3325,3,0,0
3325,3,1,0
3325,4,2,0
3325,5,0,0
3325,5,2,0
3325,6,1,0
3325,6,2,0
3325,7,0,0
3325,7,1,0
3325,7,2,0
3326,1,0,0
3326,2,1,0
3326,3,0,0
3326,3,1,0
3326,4,2,0
3326,5,0,0
3326,5,2,0
3326,6,1,0
3326,6,2,0
3326,7,0,0
3326,7,1,0
3326,7,2,0
3327,1,0,0
3327,2,1,0
3327,3,0,0
3327,3,1,0
3327,4,2,0
3327,5,0,0
3327,5,2,0
3327,6,1,0
3327,6,2,0
3327,7,0,0
3327,7,1,0
3327,7,2,0
3328,1,0,0
3328,2,1,0
3328,3,0,0
3328,3,1,0
3328,4,2,0
3328,5,0,0
3328,5,2,0
3328,6,1,0
3328,6,2,0
3328,7,0,0
3328,7,1,0
3328,7,2,0
3329,1,0,0
3329,2,1,0
3329,3,0,0
3329,3,1,0
3329,4,2,0
3329,5,0,0
3329,5,2,0
3329,6,1,0
3329,6,2,0
3329,7,0,0
3329,7,1,0
3329,7,2,0
3330,1,0,0
3330,2,1,0
3330,3,0,0
3330,3,1,0
3330,4,2,0
3330,5,0,0
3330,5,2,0
3330,6,1,0
3330,6,2,0
3330,7,0,0
3330,7,1,0
3330,7,2,0
3331,1,0,0
3331,2,1,0
3331,3,0,0
3331,3,1,0
3331,4,2,0
3331,5,0,0
3331,5,2,0
3331,6,1,0
3331,6,2,0
3331,7,0,0
3331,7,1,0
3331,7,2,0
3332,1,0,0
3332,2,1,0
3332,3,0,0
3332,3,1,0
3332,4,2,0
3332,5,0,0
3332,5,2,0
3332,6,1,0
3332,6,2,0
3332,7,0,0
3332,7,1,0
3332,7,2,0
3333,1,0,0
3333,2,1,0
3333,3,0,0
3333,3,1,0
3333,4,2,0
3333,5,0,0
3333,5,2,0
3333,6,1,0
3333,6,2,0
3333,7,0,0
3333,7,1,0
3333,7,2,0
3334,1,0,0
3334,2,1,0
3334,3,0,0
3334,3,1,0
3334,4,2,0
3334,5,0,0
3334,5,2,0
3334,6,1,0
3334,6,2,0
3334,7,0,0
3334,7,1,0
3334,7,2,0
3335,1,0,0
3335,2,1,0
3335,3,0,0
3335,3,1,0
3335,4,2,0
3335,5,0,0
3335,5,2,0
3335,6,1,0
3335,6,2,0
3335,7,0,0
3335,7,1,0
3335,7,2,0
3336,1,0,0
3336,2,1,0
3336,3,0,0
3336,3,1,0
3336,4,2,0
3336,5,0,0
3336,5,2,0
3336,6,1,0
3336,6,2,0
3336,7,0,0
3336,7,1,0
3336,7,2,0
3337,1,0,0
3337,2,1,0
3337,3,0,0
3337,3,1,0
3337,4,2,0
3337,5,0,0
3337,5,2,0
3337,6,1,0
3337,6,2,0
3337,7,0,0
3337,7,1,0
3337,7,2,0
3338,1,0,0
3338,2,1,0
3338,3,0,0
3338,3,1,0
3338,4,2,0
3338,5,0,0
3338,5,2,0
3338,6,1,0
3338,6,2,0
3338,7,0,0
3338,7,1,0
3338,7,2,0
3339,1,0,0
3339,2,1,0
3339,3,0,0
3339,3,1,0
3339,4,2,0
3339,5,0,0
3339,5,2,0
3339,6,1,0
3339,6,2,0
3339,7,0,0
3339,7,1,0
3339,7,2,0
3340,1,0,0
3340,2,1,0
3340,3,0,0
3340,3,1,0
3340,4,2,0
3340,5,0,0
3340,5,2,0
3340,6,1,0
3340,6,2,0
3340,7,0,0
3340,7,1,0
3340,7,2,0
3341,1,0,0
3341,2,1,0
3341,3,0,0
3341,3,1,0
3341,4,2,0
3341,5,0,0
3341,5,2,0
3341,6,1,0
3341,6,2,0
3341,7,0,0
3341,7,1,0
3341,7,2,0
3342,1,0,0
3342,2,1,0
3342,3,0,0
3342,3,1,0
3342,4,2,0
3342,5,0,0
3342,5,2,0
3342,6,1,0
3342,6,2,0
3342,7,0,0
3342,7,1,0
3342,7,2,0
3343,1,0,0
3343,2,1,0
3343,3,0,0
3343,3,1,0
3343,4,2,0
3343,5,0,0
3343,5,2,0
3343,6,1,0
3343,6,2,0
3343,7,0,0
3343,7,1,0
3343,7,2,0
3344,1,0,0
3344,2,1,0
3344,3,0,0
3344,3,1,0
3344,4,2,0
3344,5,0,0
3344,5,2,0
3344,6,1,0
3344,6,2,0
3344,7,0,0
3344,7,1,0
3344,7,2,0
3345,1,0,0
3345,2,1,0
3345,3,0,0
3345,3,1,0
3345,4,2,0
3345,5,0,0
3345,5,2,0
3345,6,1,0
3345,6,2,0
3345,7,0,0
3345,7,1,0
3345,7,2,0
3346,1,0,0
3346,2,1,0
3346,3,0,0
3346,3,1,0
3346,4,2,0
3346,5,0,0
3346,5,2,0
3346,6,1,0
3346,6,2,0
3346,7,0,0
3346,7,1,0
3346,7,2,0
3347,1,0,0
3347,2,1,0
3347,3,0,0
3347,3,1,0
3347,4,2,0
3347,5,0,0
3347,5,2,0
3347,6,1,0
3347,6,2,0
3347,7,0,0
3347,7,1,0
3347,7,2,0
3348,1,0,1
3348,2,1,0
3348,3,0,1
3348,3,1,0
3348,4,2,0
3348,5,0,1
3348,5,2,0
3348,6,1,0
3348,6,2,0
3348,7,0,1
3348,7,1,0
3348,7,2,0
3349,1,0,1
3349,2,1,0
3349,3,0,1
3349,3,1,0
3349,4,2,0
3349,5,0,1
3349,5,2,0
3349,6,1,0
3349,6,2,0
3349,7,0,1
3349,7,1,0
3349,7,2,0
3350,1,0,0
3350,2,1,0
3350,3,0,0
3350,3,1,0
3350,4,2,0
3350,5,0,0
3350,5,2,0
3350,6,1,0
3350,6,2,0
3350,7,0,0
3350,7,1,0
3350,7,2,0
3351,1,0,0
3351,2,1,0
3351,3,0,0
3351,3,1,0
3351,4,2,0
3351,5,0,0
3351,5,2,0
3351,6,1,0
3351,6,2,0
3351,7,0,0
3351,7,1,0
3351,7,2,0
3352,1,0,0
3352,2,1,0
3352,3,0,0
3352,3,1,0
3352,4,2,0
3352,5,0,0
3352,5,2,0
3352,6,1,0
3352,6,2,0
3352,7,0,0
3352,7,1,0
3352,7,2,0
3353,1,0,0
3353,2,1,0
3353,3,0,0
3353,3,1,0
3353,4,2,0
3353,5,0,0
3353,5,2,0
3353,6,1,0
3353,6,2,0
3353,7,0,0
3353,7,1,0
3353,7,2,0
3354,1,0,0
3354,2,1,0
3354,3,0,0
3354,3,1,0
3354,4,2,0
3354,5,0,0
3354,5,2,0
3354,6,1,0
3354,6,2,0
3354,7,0,0
3354,7,1,0
3354,7,2,0
3355,1,0,0
3355,2,1,0
3355,3,0,0
3355,3,1,0
3355,4,2,0
3355,5,0,0
3355,5,2,0
3355,6,1,0
3355,6,2,0
3355,7,0,0
3355,7,1,0
3355,7,2,0
3356,1,0,0
3356,2,1,0
3356,3,0,0
3356,3,1,0
3356,4,2,0
3356,5,0,0
3356,5,2,0
3356,6,1,0
3356,6,2,0
3356,7,0,0
3356,7,1,0
3356,7,2,0
3357,1,0,0
3357,2,1,0
3357,3,0,0
3357,3,1,0
3357,4,2,0
3357,5,0,0
3357,5,2,0
3357,6,1,0
3357,6,2,0
3357,7,0,0
3357,7,1,0
3357,7,2,0
3358,1,0,0
3358,2,1,0
3358,3,0,0
3358,3,1,0
3358,4,2,0
3358,5,0,0
3358,5,2,0
3358,6,1,0
3358,6,2,0
3358,7,0,0
3358,7,1,0
3358,7,2,0
3359,1,0,0
3359,2,1,0
3359,3,0,0
3359,3,1,0
3359,4,2,0
3359,5,0,0
3359,5,2,0
3359,6,1,0
3359,6,2,0
3359,7,0,0
3359,7,1,0
3359,7,2,0
3360,1,0,0
3360,2,1,0
3360,3,0,0
3360,3,1,0
3360,4,2,0
3360,5,0,0
3360,5,2,0
3360,6,1,0
3360,6,2,0
3360,7,0,0
3360,7,1,0
3360,7,2,0
3361,1,0,0
3361,2,1,0
3361,3,0,0
3361,3,1,0
3361,4,2,0
3361,5,0,0
3361,5,2,0
3361,6,1,0
3361,6,2,0
3361,7,0,0
3361,7,1,0
3361,7,2,0
3362,1,0,0
3362,2,1,0
3362,3,0,0
3362,3,1,0
3362,4,2,0
3362,5,0,0
3362,5,2,0
3362,6,1,0
3362,6,2,0
3362,7,0,0
3362,7,1,0
3362,7,2,0
3363,1,0,0
3363,2,1,0
3363,3,0,0
3363,3,1,0
3363,4,2,0
3363,5,0,0
3363,5,2,0
3363,6,1,0
3363,6,2,0
3363,7,0,0
3363,7,1,0
3363,7,2,0
3364,1,0,0
3364,2,1,0
3364,3,0,0
3364,3,1,0
3364,4,2,0
3364,5,0,0
3364,5,2,0
3364,6,1,0
3364,6,2,0
3364,7,0,0
3364,7,1,0
3364,7,2,0
3365,1,0,0
3365,2,1,0
3365,3,0,0
3365,3,1,0
3365,4,2,0
3365,5,0,0
3365,5,2,0
3365,6,1,0
3365,6,2,0
3365,7,0,0
3365,7,1,0
3365,7,2,0
3366,1,0,0
3366,2,1,0
3366,3,0,0
3366,3,1,0
3366,4,2,0
3366,5,0,0
3366,5,2,0
3366,6,1,0
3366,6,2,0
3366,7,0,0
3366,7,1,0
3366,7,2,0
3367,1,0,0
3367,2,1,0
3367,3,0,0
3367,3,1,0
3367,4,2,0
3367,5,0,0
3367,5,2,0
3367,6,1,0
3367,6,2,0
3367,7,0,0
3367,7,1,0
3367,7,2,0
3368,1,0,0
3368,2,1,0
3368,3,0,0
3368,3,1,0
3368,4,2,0
3368,5,0,0
3368,5,2,0
3368,6,1,0
3368,6,2,0
3368,7,0,0
3368,7,1,0
3368,7,2,0
3369,1,0,0
3369,2,1,0
3369,3,0,0
3369,3,1,0
3369,4,2,0
3369,5,0,0
3369,5,2,0
3369,6,1,0
3369,6,2,0
3369,7,0,0
3369,7,1,0
3369,7,2,0
3370,1,0,0
3370,2,1,0
3370,3,0,0
3370,3,1,0
3370,4,2,0
3370,5,0,0
3370,5,2,0
3370,6,1,0
3370,6,2,0
3370,7,0,0
3370,7,1,0
3370,7,2,0
3371,1,0,0
3371,2,1,0
3371,3,0,0
3371,3,1,0
3371,4,2,0
3371,5,0,0
3371,5,2,0
3371,6,1,0
3371,6,2,0
3371,7,0,0
3371,7,1,0
3371,7,2,0
3372,1,0,0
3372,2,1,0
3372,3,0,0
3372,3,1,0
3372,4,2,0
3372,5,0,0
3372,5,2,0
3372,6,1,0
3372,6,2,0
3372,7,0,0
3372,7,1,0
3372,7,2,0
3373,1,0,0
3373,2,1,0
3373,3,0,0
3373,3,1,0
3373,4,2,0
3373,5,0,0
3373,5,2,0
3373,6,1,0
3373,6,2,0
3373,7,0,0
3373,7,1,0
3373,7,2,0
3374,1,0,0
3374,2,1,0
3374,3,0,0
3374,3,1,0
3374,4,2,0
3374,5,0,0
3374,5,2,0
3374,6,1,0
3374,6,2,0
3374,7,0,0
3374,7,1,0
3374,7,2,0
3375,1,0,1
3375,2,1,0
3375,3,0,1
3375,3,1,0
3375,4,2,0
3375,5,0,1
3375,5,2,0
3375,6,1,0
3375,6,2,0
3375,7,0,1
3375,7,1,0
3375,7,2,0
3376,1,0,1
3376,2,1,0
3376,3,0,1
3376,3,1,0
3376,4,2,0
3376,5,0,1
3376,5,2,0
3376,6,1,0
3376,6,2,0
3376,7,0,1
3376,7,1,0
3376,7,2,0
3377,1,0,0
3377,2,1,0
3377,3,0,0
3377,3,1,0
3377,4,2,0
3377,5,0,0
3377,5,2,0
3377,6,1,0
3377,6,2,0
3377,7,0,0
3377,7,1,0
3377,7,2,0
3378,1,0,0
3378,2,1,0
3378,3,0,0
3378,3,1,0
3378,4,2,0
3378,5,0,0
3378,5,2,0
3378,6,1,0
3378,6,2,0
3378,7,0,0
3378,7,1,0
3378,7,2,0
3379,1,0,0
3379,2,1,0
3379,3,0,0
3379,3,1,0
3379,4,2,0
3379,5,0,0
3379,5,2,0
3379,6,1,0
3379,6,2,0
3379,7,0,0
3379,7,1,0
3379,7,2,0
3380,1,0,0
3380,2,1,0
3380,3,0,0
3380,3,1,0
3380,4,2,0
3380,5,0,0
3380,5,2,0
3380,6,1,0
3380,6,2,0
3380,7,0,0
3380,7,1,0
3380,7,2,0
3381,1,0,0
3381,2,1,0
3381,3,0,0
3381,3,1,0
3381,4,2,0
3381,5,0,0
3381,5,2,0
3381,6,1,0
3381,6,2,0
3381,7,0,0
3381,7,1,0
3381,7,2,0
3382,1,0,0
3382,2,1,0
3382,3,0,0
3382,3,1,0
3382,4,2,0
3382,5,0,0
3382,5,2,0
3382,6,1,0
3382,6,2,0
3382,7,0,0
3382,7,1,0
3382,7,2,0
3383,1,0,0
3383,2,1,0
3383,3,0,0
3383,3,1,0
3383,4,2,0
3383,5,0,0
3383,5,2,0
3383,6,1,0
3383,6,2,0
3383,7,0,0
3383,7,1,0
3383,7,2,0
3384,1,0,0
3384,2,1,0
3384,3,0,0
3384,3,1,0
3384,4,2,0
3384,5,0,0
3384,5,2,0
3384,6,1,0
3384,6,2,0
3384,7,0,0
3384,7,1,0
3384,7,2,0
3385,1,0,0
3385,2,1,0
3385,3,0,0
3385,3,1,0
3385,4,2,0
3385,5,0,0
3385,5,2,0
3385,6,1,0
3385,6,2,0
3385,7,0,0
3385,7,1,0
3385,7,2,0
3386,1,0,0
3386,2,1,0
3386,3,0,0
3386,3,1,0
3386,4,2,0
3386,5,0,0
3386,5,2,0
3386,6,1,0
3386,6,2,0
3386,7,0,0
3386,7,1,0
3386,7,2,0
3387,1,0,0
3387,2,1,0
3387,3,0,0
3387,3,1,0
3387,4,2,0
3387,5,0,0
3387,5,2,0
3387,6,1,0
3387,6,2,0
3387,7,0,0
3387,7,1,0
3387,7,2,0
3388,1,0,0
3388,2,1,0
3388,3,0,0
3388,3,1,0
3388,4,2,0
3388,5,0,0
3388,5,2,0
3388,6,1,0
3388,6,2,0
3388,7,0,0
3388,7,1,0
3388,7,2,0
3389,1,0,0
3389,2,1,0
3389,3,0,0
3389,3,1,0
3389,4,2,0
3389,5,0,0
3389,5,2,0
3389,6,1,0
3389,6,2,0
3389,7,0,0
3389,7,1,0
3389,7,2,0
3390,1,0,0
3390,2,1,0
3390,3,0,0
3390,3,1,0
3390,4,2,0
3390,5,0,0
3390,5,2,0
3390,6,1,0
3390,6,2,0
3390,7,0,0
3390,7,1,0
3390,7,2,0
3391,1,0,0
3391,2,1,0
3391,3,0,0
3391,3,1,0
3391,4,2,0
3391,5,0,0
3391,5,2,0
3391,6,1,0
3391,6,2,0
3391,7,0,0
3391,7,1,0
3391,7,2,0
3392,1,0,0
3392,2,1,0
3392,3,0,0
3392,3,1,0
3392,4,2,0
3392,5,0,0
3392,5,2,0
3392,6,1,0
3392,6,2,0
3392,7,0,0
3392,7,1,0
3392,7,2,0
3393,1,0,0
3393,2,1,0
3393,3,0,0
3393,3,1,0
3393,4,2,0
3393,5,0,0
3393,5,2,0
3393,6,1,0
3393,6,2,0
3393,7,0,0
3393,7,1,0
3393,7,2,0
3394,1,0,0
3394,2,1,0
3394,3,0,0
3394,3,1,0
3394,4,2,0
3394,5,0,0
3394,5,2,0
3394,6,1,0
3394,6,2,0
3394,7,0,0
3394,7,1,0
3394,7,2,0
3395,1,0,0
3395,2,1,0
3395,3,0,0
3395,3,1,0
3395,4,2,0
3395,5,0,0
3395,5,2,0
3395,6,1,0
3395,6,2,0
3395,7,0,0
3395,7,1,0
3395,7,2,0
3396,1,0,0
3396,2,1,0
3396,3,0,0
3396,3,1,0
3396,4,2,0
3396,5,0,0
3396,5,2,0
3396,6,1,0
3396,6,2,0
3396,7,0,0
3396,7,1,0
3396,7,2,0
3397,1,0,0
3397,2,1,0
3397,3,0,0
3397,3,1,0
3397,4,2,0
3397,5,0,0
3397,5,2,0
3397,6,1,0
3397,6,2,0
3397,7,0,0
3397,7,1,0
3397,7,2,0
3398,1,0,0
3398,2,1,0
3398,3,0,0
3398,3,1,0
3398,4,2,0
3398,5,0,0
3398,5,2,0
3398,6,1,0
3398,6,2,0
3398,7,0,0
3398,7,1,0
3398,7,2,0
3399,1,0,0
3399,2,1,0
3399,3,0,0
3399,3,1,0
3399,4,2,0
3399,5,0,0
3399,5,2,0
3399,6,1,0
3399,6,2,0
3399,7,0,0
3399,7,1,0
3399,7,2,0
3400,1,0,0
3400,2,1,0
3400,3,0,0
3400,3,1,0
3400,4,2,0
3400,5,0,0
3400,5,2,0
3400,6,1,0
3400,6,2,0
3400,7,0,0
3400,7,1,0
3400,7,2,0
3401,1,0,0
3401,2,1,0
3401,3,0,0
3401,3,1,0
3401,4,2,0
3401,5,0,0
3401,5,2,0
3401,6,1,0
3401,6,2,0
3401,7,0,0
3401,7,1,0
3401,7,2,0
3402,1,0,1
3402,2,1,0
3402,3,0,1
3402,3,1,0
3402,4,2,0
3402,5,0,1
3402,5,2,0
3402,6,1,0
3402,6,2,0
3402,7,0,1
3402,7,1,0
3402,7,2,0
3403,1,0,1
3403,2,1,0
3403,3,0,1
3403,3,1,0
3403,4,2,0
3403,5,0,1
3403,5,2,0
3403,6,1,0
3403,6,2,0
3403,7,0,1
3403,7,1,0
3403,7,2,0
3404,1,0,0
3404,2,1,0
3404,3,0,0
3404,3,1,0
3404,4,2,0
3404,5,0,0
3404,5,2,0
3404,6,1,0
3404,6,2,0
3404,7,0,0
3404,7,1,0
3404,7,2,0
3405,1,0,0
3405,2,1,0
3405,3,0,0
3405,3,1,0
3405,4,2,0
3405,5,0,0
3405,5,2,0
3405,6,1,0
3405,6,2,0
3405,7,0,0
3405,7,1,0
3405,7,2,0
3406,1,0,0
3406,2,1,0
3406,3,0,0
3406,3,1,0
3406,4,2,0
3406,5,0,0
3406,5,2,0
3406,6,1,0
3406,6,2,0
3406,7,0,0
3406,7,1,0
3406,7,2,0
3407,1,0,0
3407,2,1,0
3407,3,0,0
3407,3,1,0
3407,4,2,0
3407,5,0,0
3407,5,2,0
3407,6,1,0
3407,6,2,0
3407,7,0,0
3407,7,1,0
3407,7,2,0
3408,1,0,0
3408,2,1,0
3408,3,0,0
3408,3,1,0
3408,4,2,0
3408,5,0,0
3408,5,2,0
3408,6,1,0
3408,6,2,0
3408,7,0,0
3408,7,1,0
3408,7,2,0
3409,1,0,0
3409,2,1,0
3409,3,0,0
3409,3,1,0
3409,4,2,0
3409,5,0,0
3409,5,2,0
3409,6,1,0
3409,6,2,0
3409,7,0,0
3409,7,1,0
3409,7,2,0
3410,1,0,0
3410,2,1,0
3410,3,0,0
3410,3,1,0
3410,4,2,0
3410,5,0,0
3410,5,2,0
3410,6,1,0
3410,6,2,0
3410,7,0,0
3410,7,1,0
3410,7,2,0
3411,1,0,0
3411,2,1,0
3411,3,0,0
3411,3,1,0
3411,4,2,0
3411,5,0,0
3411,5,2,0
3411,6,1,0
3411,6,2,0
3411,7,0,0
3411,7,1,0
3411,7,2,0
3412,1,0,0
3412,2,1,0
3412,3,0,0
3412,3,1,0
3412,4,2,0
3412,5,0,0
3412,5,2,0
3412,6,1,0
3412,6,2,0
3412,7,0,0
3412,7,1,0
3412,7,2,0
3413,1,0,0
3413,2,1,0
3413,3,0,0
3413,3,1,0
3413,4,2,0
3413,5,0,0
3413,5,2,0
3413,6,1,0
3413,6,2,0
3413,7,0,0
3413,7,1,0
3413,7,2,0
3414,1,0,0
3414,2,1,0
3414,3,0,0
3414,3,1,0
3414,4,2,0
3414,5,0,0
3414,5,2,0
3414,6,1,0
3414,6,2,0
3414,7,0,0
3414,7,1,0
3414,7,2,0
3415,1,0,0
3415,2,1,0
3415,3,0,0
3415,3,1,0
3415,4,2,0
3415,5,0,0
3415,5,2,0
3415,6,1,0
3415,6,2,0
3415,7,0,0
3415,7,1,0
3415,7,2,0
3416,1,0,0
3416,2,1,0
3416,3,0,0
3416,3,1,0
3416,4,2,0
3416,5,0,0
3416,5,2,0
3416,6,1,0
3416,6,2,0
3416,7,0,0
3416,7,1,0
3416,7,2,0
3417,1,0,0
3417,2,1,0
3417,3,0,0
3417,3,1,0
3417,4,2,0
3417,5,0,0
3417,5,2,0
3417,6,1,0
3417,6,2,0
3417,7,0,0
3417,7,1,0
3417,7,2,0
3418,1,0,0
3418,2,1,0
3418,3,0,0
3418,3,1,0
3418,4,2,0
3418,5,0,0
3418,5,2,0
3418,6,1,0
3418,6,2,0
3418,7,0,0
3418,7,1,0
3418,7,2,0
3419,1,0,0
3419,2,1,0
3419,3,0,0
3419,3,1,0
3419,4,2,0
3419,5,0,0
3419,5,2,0
3419,6,1,0
3419,6,2,0
3419,7,0,0
3419,7,1,0
3419,7,2,0
3420,1,0,0
3420,2,1,0
3420,3,0,0
3420,3,1,0
3420,4,2,0
3420,5,0,0
3420,5,2,0
3420,6,1,0
3420,6,2,0
3420,7,0,0
3420,7,1,0
3420,7,2,0
3421,1,0,0
3421,2,1,0
3421,3,0,0
3421,3,1,0
3421,4,2,0
3421,5,0,0
3421,5,2,0
3421,6,1,0
3421,6,2,0
3421,7,0,0
3421,7,1,0
3421,7,2,0
3422,1,0,0
3422,2,1,0
3422,3,0,0
3422,3,1,0
3422,4,2,0
3422,5,0,0
3422,5,2,0
3422,6,1,0
3422,6,2,0
3422,7,0,0
3422,7,1,0
3422,7,2,0
3423,1,0,0
3423,2,1,0
3423,3,0,0
3423,3,1,0
3423,4,2,0
3423,5,0,0
3423,5,2,0
3423,6,1,0
3423,6,2,0
3423,7,0,0
3423,7,1,0
3423,7,2,0
3424,1,0,0
3424,2,1,0
3424,3,0,0
3424,3,1,0
3424,4,2,0
3424,5,0,0
3424,5,2,0
3424,6,1,0
3424,6,2,0
3424,7,0,0
3424,7,1,0
3424,7,2,0
3425,1,0,0
3425,2,1,0
3425,3,0,0
3425,3,1,0
3425,4,2,0
3425,5,0,0
3425,5,2,0
3425,6,1,0
3425,6,2,0
3425,7,0,0
3425,7,1,0
3425,7,2,0
3426,1,0,0
3426,2,1,0
3426,3,0,0
3426,3,1,0
3426,4,2,0
3426,5,0,0
3426,5,2,0
3426,6,1,0
3426,6,2,0
3426,7,0,0
3426,7,1,0
3426,7,2,0
3427,1,0,0
3427,2,1,0
3427,3,0,0
3427,3,1,0
3427,4,2,0
3427,5,0,0
3427,5,2,0
3427,6,1,0
3427,6,2,0
3427,7,0,0
3427,7,1,0
3427,7,2,0
3428,1,0,0
3428,2,1,0
3428,3,0,0
3428,3,1,0
3428,4,2,0
3428,5,0,0
3428,5,2,0
3428,6,1,0
3428,6,2,0
3428,7,0,0
3428,7,1,0
3428,7,2,0
3429,1,0,1
3429,2,1,0
3429,3,0,1
3429,3,1,0
3429,4,2,0
3429,5,0,1
3429,5,2,0
3429,6,1,0
3429,6,2,0
3429,7,0,1
3429,7,1,0
3429,7,2,0
3430,1,0,1
3430,2,1,0
3430,3,0,1
3430,3,1,0
3430,4,2,0
3430,5,0,1
3430,5,2,0
3430,6,1,0
3430,6,2,0
3430,7,0,1
3430,7,1,0
3430,7,2,0
3431,1,0,0
3431,2,1,0
3431,3,0,0
3431,3,1,0
3431,4,2,0
3431,5,0,0
3431,5,2,0
3431,6,1,0
3431,6,2,0
3431,7,0,0
3431,7,1,0
3431,7,2,0
3432,1,0,0
3432,2,1,0
3432,3,0,0
3432,3,1,0
3432,4,2,0
3432,5,0,0
3432,5,2,0
3432,6,1,0
3432,6,2,0
3432,7,0,0
3432,7,1,0
3432,7,2,0
3433,1,0,0
3433,2,1,0
3433,3,0,0
3433,3,1,0
3433,4,2,0
3433,5,0,0
3433,5,2,0
3433,6,1,0
3433,6,2,0
3433,7,0,0
3433,7,1,0
3433,7,2,0
3434,1,0,0
3434,2,1,0
3434,3,0,0
3434,3,1,0
3434,4,2,0
3434,5,0,0
3434,5,2,0
3434,6,1,0
3434,6,2,0
3434,7,0,0
3434,7,1,0
3434,7,2,0
3435,1,0,0
3435,2,1,0
3435,3,0,0
3435,3,1,0
3435,4,2,0
3435,5,0,0
3435,5,2,0
3435,6,1,0
3435,6,2,0
3435,7,0,0
3435,7,1,0
3435,7,2,0
3436,1,0,0
3436,2,1,0
3436,3,0,0
3436,3,1,0
3436,4,2,0
3436,5,0,0
3436,5,2,0
3436,6,1,0
3436,6,2,0
3436,7,0,0
3436,7,1,0
3436,7,2,0
3437,1,0,0
3437,2,1,0
3437,3,0,0
3437,3,1,0
3437,4,2,0
3437,5,0,0
3437,5,2,0
3437,6,1,0
3437,6,2,0
3437,7,0,0
3437,7,1,0
3437,7,2,0
3438,1,0,0
3438,2,1,0
3438,3,0,0
3438,3,1,0
3438,4,2,0
3438,5,0,0
3438,5,2,0
3438,6,1,0
3438,6,2,0
3438,7,0,0
3438,7,1,0
3438,7,2,0
3439,1,0,0
3439,2,1,0
3439,3,0,0
3439,3,1,0
3439,4,2,0
3439,5,0,0
3439,5,2,0
3439,6,1,0
3439,6,2,0
3439,7,0,0
3439,7,1,0
3439,7,2,0
3440,1,0,0
3440,2,1,0
3440,3,0,0
3440,3,1,0
3440,4,2,0
3440,5,0,0
3440,5,2,0
3440,6,1,0
3440,6,2,0
3440,7,0,0
3440,7,1,0
3440,7,2,0
3441,1,0,0
3441,2,1,0
3441,3,0,0
3441,3,1,0
3441,4,2,0
3441,5,0,0
3441,5,2,0
3441,6,1,0
3441,6,2,0
3441,7,0,0
3441,7,1,0
3441,7,2,0
3442,1,0,0
3442,2,1,0
3442,3,0,0
3442,3,1,0
3442,4,2,0
3442,5,0,0
3442,5,2,0
3442,6,1,0
3442,6,2,0
3442,7,0,0
3442,7,1,0
3442,7,2,0
3443,1,0,0
3443,2,1,0
3443,3,0,0
3443,3,1,0
3443,4,2,0
3443,5,0,0
3443,5,2,0
3443,6,1,0
3443,6,2,0
3443,7,0,0
3443,7,1,0
3443,7,2,0
3444,1,0,0
3444,2,1,0
3444,3,0,0
3444,3,1,0
3444,4,2,0
3444,5,0,0
3444,5,2,0
3444,6,1,0
3444,6,2,0
3444,7,0,0
3444,7,1,0
3444,7,2,0
3445,1,0,0
3445,2,1,0
3445,3,0,0
3445,3,1,0
3445,4,2,0
3445,5,0,0
3445,5,2,0
3445,6,1,0
3445,6,2,0
3445,7,0,0
3445,7,1,0
3445,7,2,0
3446,1,0,0
3446,2,1,0
3446,3,0,0
3446,3,1,0
3446,4,2,0
3446,5,0,0
3446,5,2,0
3446,6,1,0
3446,6,2,0
3446,7,0,0
3446,7,1,0
3446,7,2,0
3447,1,0,0
3447,2,1,0
3447,3,0,0
3447,3,1,0
3447,4,2,0
3447,5,0,0
3447,5,2,0
3447,6,1,0
3447,6,2,0
3447,7,0,0
3447,7,1,0
3447,7,2,0
3448,1,0,0
3448,2,1,0
3448,3,0,0
3448,3,1,0
3448,4,2,0
3448,5,0,0
3448,5,2,0
3448,6,1,0
3448,6,2,0
3448,7,0,0
3448,7,1,0
3448,7,2,0
3449,1,0,0
3449,2,1,0
3449,3,0,0
3449,3,1,0
3449,4,2,0
3449,5,0,0
3449,5,2,0
3449,6,1,0
3449,6,2,0
3449,7,0,0
3449,7,1,0
3449,7,2,0
3450,1,0,0
3450,2,1,0
3450,3,0,0
3450,3,1,0
3450,4,2,0
3450,5,0,0
3450,5,2,0
3450,6,1,0
3450,6,2,0
3450,7,0,0
3450,7,1,0
3450,7,2,0
3451,1,0,0
3451,2,1,0
3451,3,0,0
3451,3,1,0
3451,4,2,0
3451,5,0,0
3451,5,2,0
3451,6,1,0
3451,6,2,0
3451,7,0,0
3451,7,1,0
3451,7,2,0
3452,1,0,0
3452,2,1,0
3452,3,0,0
3452,3,1,0
3452,4,2,0
3452,5,0,0
3452,5,2,0
3452,6,1,0
3452,6,2,0
3452,7,0,0
3452,7,1,0
3452,7,2,0
3453,1,0,0
3453,2,1,0
3453,3,0,0
3453,3,1,0
3453,4,2,0
3453,5,0,0
3453,5,2,0
3453,6,1,0
3453,6,2,0
3453,7,0,0
3453,7,1,0
3453,7,2,0
3454,1,0,0
3454,2,1,0
3454,3,0,0
3454,3,1,0
3454,4,2,0
3454,5,0,0
3454,5,2,0
3454,6,1,0
3454,6,2,0
3454,7,0,0
3454,7,1,0
3454,7,2,0
3455,1,0,0
3455,2,1,0
3455,3,0,0
3455,3,1,0
3455,4,2,0
3455,5,0,0
3455,5,2,0
3455,6,1,0
3455,6,2,0
3455,7,0,0
3455,7,1,0
3455,7,2,0
3456,1,0,1
3456,2,1,0
3456,3,0,1
3456,3,1,0
3456,4,2,0
3456,5,0,1
3456,5,2,0
3456,6,1,0
3456,6,2,0
3456,7,0,1
3456,7,1,0
3456,7,2,0
3457,1,0,1
3457,2,1,0
3457,3,0,1
3457,3,1,0
3457,4,2,0
3457,5,0,1
3457,5,2,0
3457,6,1,0
3457,6,2,0
3457,7,0,1
3457,7,1,0
3457,7,2,0
3458,1,0,0
3458,2,1,0
3458,3,0,0
3458,3,1,0
3458,4,2,0
3458,5,0,0
3458,5,2,0
3458,6,1,0
3458,6,2,0
3458,7,0,0
3458,7,1,0
3458,7,2,0
3459,1,0,0
3459,2,1,0
3459,3,0,0
3459,3,1,0
3459,4,2,0
3459,5,0,0
3459,5,2,0
3459,6,1,0
3459,6,2,0
3459,7,0,0
3459,7,1,0
3459,7,2,0
3460,1,0,0
3460,2,1,0
3460,3,0,0
3460,3,1,0
3460,4,2,0
3460,5,0,0
3460,5,2,0
3460,6,1,0
3460,6,2,0
3460,7,0,0
3460,7,1,0
3460,7,2,0
3461,1,0,0
3461,2,1,0
3461,3,0,0
3461,3,1,0
3461,4,2,0
3461,5,0,0
3461,5,2,0
3461,6,1,0
3461,6,2,0
3461,7,0,0
3461,7,1,0
3461,7,2,0
3462,1,0,0
3462,2,1,0
3462,3,0,0
3462,3,1,0
3462,4,2,0
3462,5,0,0
3462,5,2,0
3462,6,1,0
3462,6,2,0
3462,7,0,0
3462,7,1,0
3462,7,2,0
3463,1,0,0
3463,2,1,0
3463,3,0,0
3463,3,1,0
3463,4,2,0
3463,5,0,0
3463,5,2,0
3463,6,1,0
3463,6,2,0
3463,7,0,0
3463,7,1,0
3463,7,2,0
3464,1,0,0
3464,2,1,0
3464,3,0,0
3464,3,1,0
3464,4,2,0
3464,5,0,0
3464,5,2,0
3464,6,1,0
3464,6,2,0
3464,7,0,0
3464,7,1,0
3464,7,2,0
3465,1,0,0
3465,2,1,0
3465,3,0,0
3465,3,1,0
3465,4,2,0
3465,5,0,0
3465,5,2,0
3465,6,1,0
3465,6,2,0
3465,7,0,0
3465,7,1,0
3465,7,2,0
3466,1,0,0
3466,2,1,0
3466,3,0,0
3466,3,1,0
3466,4,2,0
3466,5,0,0
3466,5,2,0
3466,6,1,0
3466,6,2,0
3466,7,0,0
3466,7,1,0
3466,7,2,0
3467,1,0,0
3467,2,1,0
3467,3,0,0
3467,3,1,0
3467,4,2,0
3467,5,0,0
3467,5,2,0
3467,6,1,0
3467,6,2,0
3467,7,0,0
3467,7,1,0
3467,7,2,0
3468,1,0,0
3468,2,1,0
3468,3,0,0
3468,3,1,0
3468,4,2,0
3468,5,0,0
3468,5,2,0
3468,6,1,0
3468,6,2,0
3468,7,0,0
3468,7,1,0
3468,7,2,0
3469,1,0,0
3469,2,1,0
3469,3,0,0
3469,3,1,0
3469,4,2,0
3469,5,0,0
3469,5,2,0
3469,6,1,0
3469,6,2,0
3469,7,0,0
3469,7,1,0
3469,7,2,0
3470,1,0,0
3470,2,1,0
3470,3,0,0
3470,3,1,0
3470,4,2,0
3470,5,0,0
3470,5,2,0
3470,6,1,0
3470,6,2,0
3470,7,0,0
3470,7,1,0
3470,7,2,0
3471,1,0,0
3471,2,1,0
3471,3,0,0
3471,3,1,0
3471,4,2,0
3471,5,0,0
3471,5,2,0
3471,6,1,0
3471,6,2,0
3471,7,0,0
3471,7,1,0
3471,7,2,0
3472,1,0,0
3472,2,1,0
3472,3,0,0
3472,3,1,0
3472,4,2,0
3472,5,0,0
3472,5,2,0
3472,6,1,0
3472,6,2,0
3472,7,0,0
3472,7,1,0
3472,7,2,0
3473,1,0,0
3473,2,1,0
3473,3,0,0
3473,3,1,0
3473,4,2,0
3473,5,0,0
3473,5,2,0
3473,6,1,0
3473,6,2,0
3473,7,0,0
3473,7,1,0
3473,7,2,0
3474,1,0,0
3474,2,1,0
3474,3,0,0
3474,3,1,0
3474,4,2,0
3474,5,0,0
3474,5,2,0
3474,6,1,0
3474,6,2,0
3474,7,0,0
3474,7,1,0
3474,7,2,0
3475,1,0,0
3475,2,1,0
3475,3,0,0
3475,3,1,0
3475,4,2,0
3475,5,0,0
3475,5,2,0
3475,6,1,0
3475,6,2,0
3475,7,0,0
3475,7,1,0
3475,7,2,0
3476,1,0,0
3476,2,1,0
3476,3,0,0
3476,3,1,0
3476,4,2,0
3476,5,0,0
3476,5,2,0
3476,6,1,0
3476,6,2,0
3476,7,0,0
3476,7,1,0
3476,7,2,0
3477,1,0,0
3477,2,1,0
3477,3,0,0
3477,3,1,0
3477,4,2,0
3477,5,0,0
3477,5,2,0
3477,6,1,0
3477,6,2,0
3477,7,0,0
3477,7,1,0
3477,7,2,0
3478,1,0,0
3478,2,1,0
3478,3,0,0
3478,3,1,0
3478,4,2,0
3478,5,0,0
3478,5,2,0
3478,6,1,0
3478,6,2,0
3478,7,0,0
3478,7,1,0
3478,7,2,0
3479,1,0,0
3479,2,1,0
3479,3,0,0
3479,3,1,0
3479,4,2,0
3479,5,0,0
3479,5,2,0
3479,6,1,0
3479,6,2,0
3479,7,0,0
3479,7,1,0
3479,7,2,0
3480,1,0,0
3480,2,1,0
3480,3,0,0
3480,3,1,0
3480,4,2,0
3480,5,0,0
3480,5,2,0
3480,6,1,0
3480,6,2,0
3480,7,0,0
3480,7,1,0
3480,7,2,0
3481,1,0,0
3481,2,1,0
3481,3,0,0
3481,3,1,0
3481,4,2,0
3481,5,0,0
3481,5,2,0
3481,6,1,0
3481,6,2,0
3481,7,0,0
3481,7,1,0
3481,7,2,0
3482,1,0,0
3482,2,1,0
3482,3,0,0
3482,3,1,0
3482,4,2,0
3482,5,0,0
3482,5,2,0
3482,6,1,0
3482,6,2,0
3482,7,0,0
3482,7,1,0
3482,7,2,0
3483,1,0,1
3483,2,1,0
3483,3,0,1
3483,3,1,0
3483,4,2,0
3483,5,0,1
3483,5,2,0
3483,6,1,0
3483,6,2,0
3483,7,0,1
3483,7,1,0
3483,7,2,0
3484,1,0,1
3484,2,1,0
3484,3,0,1
3484,3,1,0
3484,4,2,0
3484,5,0,1
3484,5,2,0
3484,6,1,0
3484,6,2,0
3484,7,0,1
3484,7,1,0
3484,7,2,0
3485,1,0,0
3485,2,1,0
3485,3,0,0
3485,3,1,0
3485,4,2,0
3485,5,0,0
3485,5,2,0
3485,6,1,0
3485,6,2,0
3485,7,0,0
3485,7,1,0
3485,7,2,0
3486,1,0,0
3486,2,1,0
3486,3,0,0
3486,3,1,0
3486,4,2,0
3486,5,0,0
3486,5,2,0
3486,6,1,0
3486,6,2,0
3486,7,0,0
3486,7,1,0
3486,7,2,0
3487,1,0,0
3487,2,1,0
3487,3,0,0
3487,3,1,0
3487,4,2,0
3487,5,0,0
3487,5,2,0
3487,6,1,0
3487,6,2,0
3487,7,0,0
3487,7,1,0
3487,7,2,0
3488,1,0,0
3488,2,1,0
3488,3,0,0
3488,3,1,0
3488,4,2,0
3488,5,0,0
3488,5,2,0
3488,6,1,0
3488,6,2,0
3488,7,0,0
3488,7,1,0
3488,7,2,0
3489,1,0,0
3489,2,1,0
3489,3,0,0
3489,3,1,0
3489,4,2,0
3489,5,0,0
3489,5,2,0
3489,6,1,0
3489,6,2,0
3489,7,0,0
3489,7,1,0
3489,7,2,0
3490,1,0,0
3490,2,1,0
3490,3,0,0
3490,3,1,0
3490,4,2,0
3490,5,0,0
3490,5,2,0
3490,6,1,0
3490,6,2,0
3490,7,0,0
3490,7,1,0
3490,7,2,0
3491,1,0,0
3491,2,1,0
3491,3,0,0
3491,3,1,0
3491,4,2,0
3491,5,0,0
3491,5,2,0
3491,6,1,0
3491,6,2,0
3491,7,0,0
3491,7,1,0
3491,7,2,0
3492,1,0,0
3492,2,1,0
3492,3,0,0
3492,3,1,0
3492,4,2,0
3492,5,0,0
3492,5,2,0
3492,6,1,0
3492,6,2,0
3492,7,0,0
3492,7,1,0
3492,7,2,0
3493,1,0,0
3493,2,1,0
3493,3,0,0
3493,3,1,0
3493,4,2,0
3493,5,0,0
3493,5,2,0
3493,6,1,0
3493,6,2,0
3493,7,0,0
3493,7,1,0
3493,7,2,0
3494,1,0,0
3494,2,1,0
3494,3,0,0
3494,3,1,0
3494,4,2,0
3494,5,0,0
3494,5,2,0
3494,6,1,0
3494,6,2,0
3494,7,0,0
3494,7,1,0
3494,7,2,0
3495,1,0,0
3495,2,1,0
3495,3,0,0
3495,3,1,0
3495,4,2,0
3495,5,0,0
3495,5,2,0
3495,6,1,0
3495,6,2,0
3495,7,0,0
3495,7,1,0
3495,7,2,0
3496,1,0,0
3496,2,1,0
3496,3,0,0
3496,3,1,0
3496,4,2,0
3496,5,0,0
3496,5,2,0
3496,6,1,0
3496,6,2,0
3496,7,0,0
3496,7,1,0
3496,7,2,0
3497,1,0,0
3497,2,1,0
3497,3,0,0
3497,3,1,0
3497,4,2,0
3497,5,0,0
3497,5,2,0
3497,6,1,0
3497,6,2,0
3497,7,0,0
3497,7,1,0
3497,7,2,0
3498,1,0,0
3498,2,1,0
3498,3,0,0
3498,3,1,0
3498,4,2,0
3498,5,0,0
3498,5,2,0
3498,6,1,0
3498,6,2,0
3498,7,0,0
3498,7,1,0
3498,7,2,0
3499,1,0,0
3499,2,1,0
3499,3,0,0
3499,3,1,0
3499,4,2,0
3499,5,0,0
3499,5,2,0
3499,6,1,0
3499,6,2,0
3499,7,0,0
3499,7,1,0
3499,7,2,0
3500,1,0,0
3500,2,1,0
3500,3,0,0
3500,3,1,0
3500,4,2,0
3500,5,0,0
3500,5,2,0
3500,6,1,0
3500,6,2,0
3500,7,0,0
3500,7,1,0
3500,7,2,0
3501,1,0,0
3501,2,1,0
3501,3,0,0
3501,3,1,0
3501,4,2,0
3501,5,0,0
3501,5,2,0
3501,6,1,0
3501,6,2,0
3501,7,0,0
3501,7,1,0
3501,7,2,0
3502,1,0,0
3502,2,1,0
3502,3,0,0
3502,3,1,0
3502,4,2,0
3502,5,0,0
3502,5,2,0
3502,6,1,0
3502,6,2,0
3502,7,0,0
3502,7,1,0
3502,7,2,0
3503,1,0,0
3503,2,1,0
3503,3,0,0
3503,3,1,0
3503,4,2,0
3503,5,0,0
3503,5,2,0
3503,6,1,0
3503,6,2,0
3503,7,0,0
3503,7,1,0
3503,7,2,0
3504,1,0,0
3504,2,1,0
3504,3,0,0
3504,3,1,0
3504,4,2,0
3504,5,0,0
3504,5,2,0
3504,6,1,0
3504,6,2,0
3504,7,0,0
3504,7,1,0
3504,7,2,0
3505,1,0,0
3505,2,1,0
3505,3,0,0
3505,3,1,0
3505,4,2,0
3505,5,0,0
3505,5,2,0
3505,6,1,0
3505,6,2,0
3505,7,0,0
3505,7,1,0
3505,7,2,0
3506,1,0,0
3506,2,1,0
3506,3,0,0
3506,3,1,0
3506,4,2,0
3506,5,0,0
3506,5,2,0
3506,6,1,0
3506,6,2,0
3506,7,0,0
3506,7,1,0
3506,7,2,0
3507,1,0,0
3507,2,1,0
3507,3,0,0
3507,3,1,0
3507,4,2,0
3507,5,0,0
3507,5,2,0
3507,6,1,0
3507,6,2,0
3507,7,0,0
3507,7,1,0
3507,7,2,0
3508,1,0,0
3508,2,1,0
3508,3,0,0
3508,3,1,0
3508,4,2,0
3508,5,0,0
3508,5,2,0
3508,6,1,0
3508,6,2,0
3508,7,0,0
3508,7,1,0
3508,7,2,0
3509,1,0,0
3509,2,1,0
3509,3,0,0
3509,3,1,0
3509,4,2,0
3509,5,0,0
3509,5,2,0
3509,6,1,0
3509,6,2,0
3509,7,0,0
3509,7,1,0
3509,7,2,0
3510,1,0,1
3510,2,1,0
3510,3,0,1
3510,3,1,0
3510,4,2,0
3510,5,0,1
3510,5,2,0
3510,6,1,0
3510,6,2,0
3510,7,0,1
3510,7,1,0
3510,7,2,0
3511,1,0,1
3511,2,1,0
3511,3,0,1
3511,3,1,0
3511,4,2,0
3511,5,0,1
3511,5,2,0
3511,6,1,0
3511,6,2,0
3511,7,0,1
3511,7,1,0
3511,7,2,0
3512,1,0,0
3512,2,1,0
3512,3,0,0
3512,3,1,0
3512,4,2,0
3512,5,0,0
3512,5,2,0
3512,6,1,0
3512,6,2,0
3512,7,0,0
3512,7,1,0
3512,7,2,0
3513,1,0,0
3513,2,1,0
3513,3,0,0
3513,3,1,0
3513,4,2,0
3513,5,0,0
3513,5,2,0
3513,6,1,0
3513,6,2,0
3513,7,0,0
3513,7,1,0
3513,7,2,0
3514,1,0,0
3514,2,1,0
3514,3,0,0
3514,3,1,0
3514,4,2,0
3514,5,0,0
3514,5,2,0
3514,6,1,0
3514,6,2,0
3514,7,0,0
3514,7,1,0
3514,7,2,0
3515,1,0,0
3515,2,1,0
3515,3,0,0
3515,3,1,0
3515,4,2,0
3515,5,0,0
3515,5,2,0
3515,6,1,0
3515,6,2,0
3515,7,0,0
3515,7,1,0
3515,7,2,0
3516,1,0,0
3516,2,1,0
3516,3,0,0
3516,3,1,0
3516,4,2,0
3516,5,0,0
3516,5,2,0
3516,6,1,0
3516,6,2,0
3516,7,0,0
3516,7,1,0
3516,7,2,0
3517,1,0,0
3517,2,1,0
3517,3,0,0
3517,3,1,0
3517,4,2,0
3517,5,0,0
3517,5,2,0
3517,6,1,0
3517,6,2,0
3517,7,0,0
3517,7,1,0
3517,7,2,0
3518,1,0,0
3518,2,1,0
3518,3,0,0
3518,3,1,0
3518,4,2,0
3518,5,0,0
3518,5,2,0
3518,6,1,0
3518,6,2,0
3518,7,0,0
3518,7,1,0
3518,7,2,0
3519,1,0,0
3519,2,1,0
3519,3,0,0
3519,3,1,0
3519,4,2,0
3519,5,0,0
3519,5,2,0
3519,6,1,0
3519,6,2,0
3519,7,0,0
3519,7,1,0
3519,7,2,0
3520,1,0,0
3520,2,1,0
3520,3,0,0
3520,3,1,0
3520,4,2,0
3520,5,0,0
3520,5,2,0
3520,6,1,0
3520,6,2,0
3520,7,0,0
3520,7,1,0
3520,7,2,0
3521,1,0,0
3521,2,1,0
3521,3,0,0
3521,3,1,0
3521,4,2,0
3521,5,0,0
3521,5,2,0
3521,6,1,0
3521,6,2,0
3521,7,0,0
3521,7,1,0
3521,7,2,0
3522,1,0,0
3522,2,1,0
3522,3,0,0
3522,3,1,0
3522,4,2,0
3522,5,0,0
3522,5,2,0
3522,6,1,0
3522,6,2,0
3522,7,0,0
3522,7,1,0
3522,7,2,0
3523,1,0,0
3523,2,1,0
3523,3,0,0
3523,3,1,0
3523,4,2,0
3523,5,0,0
3523,5,2,0
3523,6,1,0
3523,6,2,0
3523,7,0,0
3523,7,1,0
3523,7,2,0
3524,1,0,0
3524,2,1,0
3524,3,0,0
3524,3,1,0
3524,4,2,0
3524,5,0,0
3524,5,2,0
3524,6,1,0
3524,6,2,0
3524,7,0,0
3524,7,1,0
3524,7,2,0
3525,1,0,0
3525,2,1,0
3525,3,0,0
3525,3,1,0
3525,4,2,0
3525,5,0,0
3525,5,2,0
3525,6,1,0
3525,6,2,0
3525,7,0,0
3525,7,1,0
3525,7,2,0
3526,1,0,0
3526,2,1,0
3526,3,0,0
3526,3,1,0
3526,4,2,0
3526,5,0,0
3526,5,2,0
3526,6,1,0
3526,6,2,0
3526,7,0,0
3526,7,1,0
3526,7,2,0
3527,1,0,0
3527,2,1,0
3527,3,0,0
3527,3,1,0
3527,4,2,0
3527,5,0,0
3527,5,2,0
3527,6,1,0
3527,6,2,0
3527,7,0,0
3527,7,1,0
3527,7,2,0
3528,1,0,0
3528,2,1,0
3528,3,0,0
3528,3,1,0
3528,4,2,0
3528,5,0,0
3528,5,2,0
3528,6,1,0
3528,6,2,0
3528,7,0,0
3528,7,1,0
3528,7,2,0
3529,1,0,0
3529,2,1,0
3529,3,0,0
3529,3,1,0
3529,4,2,0
3529,5,0,0
3529,5,2,0
3529,6,1,0
3529,6,2,0
3529,7,0,0
3529,7,1,0
3529,7,2,0
3530,1,0,0
3530,2,1,0
3530,3,0,0
3530,3,1,0
3530,4,2,0
3530,5,0,0
3530,5,2,0
3530,6,1,0
3530,6,2,0
3530,7,0,0
3530,7,1,0
3530,7,2,0
3531,1,0,0
3531,2,1,0
3531,3,0,0
3531,3,1,0
3531,4,2,0
3531,5,0,0
3531,5,2,0
3531,6,1,0
3531,6,2,0
3531,7,0,0
3531,7,1,0
3531,7,2,0
3532,1,0,0
3532,2,1,0
3532,3,0,0
3532,3,1,0
3532,4,2,0
3532,5,0,0
3532,5,2,0
3532,6,1,0
3532,6,2,0
3532,7,0,0
3532,7,1,0
3532,7,2,0
3533,1,0,0
3533,2,1,0
3533,3,0,0
3533,3,1,0
3533,4,2,0
3533,5,0,0
3533,5,2,0
3533,6,1,0
3533,6,2,0
3533,7,0,0
3533,7,1,0
3533,7,2,0
3534,1,0,0
3534,2,1,0
3534,3,0,0
3534,3,1,0
3534,4,2,0
3534,5,0,0
3534,5,2,0
3534,6,1,0
3534,6,2,0
3534,7,0,0
3534,7,1,0
3534,7,2,0
3535,1,0,0
3535,2,1,0
3535,3,0,0
3535,3,1,0
3535,4,2,0
3535,5,0,0
3535,5,2,0
3535,6,1,0
3535,6,2,0
3535,7,0,0
3535,7,1,0
3535,7,2,0
3536,1,0,0
3536,2,1,0
3536,3,0,0
3536,3,1,0
3536,4,2,0
3536,5,0,0
3536,5,2,0
3536,6,1,0
3536,6,2,0
3536,7,0,0
3536,7,1,0
3536,7,2,0
3537,1,0,1
3537,2,1,0
3537,3,0,1
3537,3,1,0
3537,4,2,0
3537,5,0,1
3537,5,2,0
3537,6,1,0
3537,6,2,0
3537,7,0,1
3537,7,1,0
3537,7,2,0
3538,1,0,1
3538,2,1,0
3538,3,0,1
3538,3,1,0
3538,4,2,0
3538,5,0,1
3538,5,2,0
3538,6,1,0
3538,6,2,0
3538,7,0,1
3538,7,1,0
3538,7,2,0
3539,1,0,0
3539,2,1,0
3539,3,0,0
3539,3,1,0
3539,4,2,0
3539,5,0,0
3539,5,2,0
3539,6,1,0
3539,6,2,0
3539,7,0,0
3539,7,1,0
3539,7,2,0
3540,1,0,0
3540,2,1,0
3540,3,0,0
3540,3,1,0
3540,4,2,0
3540,5,0,0
3540,5,2,0
3540,6,1,0
3540,6,2,0
3540,7,0,0
3540,7,1,0
3540,7,2,0
3541,1,0,0
3541,2,1,0
3541,3,0,0
3541,3,1,0
3541,4,2,0
3541,5,0,0
3541,5,2,0
3541,6,1,0
3541,6,2,0
3541,7,0,0
3541,7,1,0
3541,7,2,0
3542,1,0,0
3542,2,1,0
3542,3,0,0
3542,3,1,0
3542,4,2,0
3542,5,0,0
3542,5,2,0
3542,6,1,0
3542,6,2,0
3542,7,0,0
3542,7,1,0
3542,7,2,0
3543,1,0,0
3543,2,1,0
3543,3,0,0
3543,3,1,0
3543,4,2,0
3543,5,0,0
3543,5,2,0
3543,6,1,0
3543,6,2,0
3543,7,0,0
3543,7,1,0
3543,7,2,0
3544,1,0,0
3544,2,1,0
3544,3,0,0
3544,3,1,0
3544,4,2,0
3544,5,0,0
3544,5,2,0
3544,6,1,0
3544,6,2,0
3544,7,0,0
3544,7,1,0
3544,7,2,0
3545,1,0,0
3545,2,1,0
3545,3,0,0
3545,3,1,0
3545,4,2,0
3545,5,0,0
3545,5,2,0
3545,6,1,0
3545,6,2,0
3545,7,0,0
3545,7,1,0
3545,7,2,0
3546,1,0,0
3546,2,1,0
3546,3,0,0
3546,3,1,0
3546,4,2,0
3546,5,0,0
3546,5,2,0
3546,6,1,0
3546,6,2,0
3546,7,0,0
3546,7,1,0
3546,7,2,0
3547,1,0,0
3547,2,1,0
3547,3,0,0
3547,3,1,0
3547,4,2,0
3547,5,0,0
3547,5,2,0
3547,6,1,0
3547,6,2,0
3547,7,0,0
3547,7,1,0
3547,7,2,0
3548,1,0,0
3548,2,1,0
3548,3,0,0
3548,3,1,0
3548,4,2,0
3548,5,0,0
3548,5,2,0
3548,6,1,0
3548,6,2,0
3548,7,0,0
3548,7,1,0
3548,7,2,0
3549,1,0,0
3549,2,1,0
3549,3,0,0
3549,3,1,0
3549,4,2,0
3549,5,0,0
3549,5,2,0
3549,6,1,0
3549,6,2,0
3549,7,0,0
3549,7,1,0
3549,7,2,0
3550,1,0,0
3550,2,1,0
3550,3,0,0
3550,3,1,0
3550,4,2,0
3550,5,0,0
3550,5,2,0
3550,6,1,0
3550,6,2,0
3550,7,0,0
3550,7,1,0
3550,7,2,0
3551,1,0,0
3551,2,1,0
3551,3,0,0
3551,3,1,0
3551,4,2,0
3551,5,0,0
3551,5,2,0
3551,6,1,0
3551,6,2,0
3551,7,0,0
3551,7,1,0
3551,7,2,0
3552,1,0,0
3552,2,1,0
3552,3,0,0
3552,3,1,0
3552,4,2,0
3552,5,0,0
3552,5,2,0
3552,6,1,0
3552,6,2,0
3552,7,0,0
3552,7,1,0
3552,7,2,0
3553,1,0,0
3553,2,1,0
3553,3,0,0
3553,3,1,0
3553,4,2,0
3553,5,0,0
3553,5,2,0
3553,6,1,0
3553,6,2,0
3553,7,0,0
3553,7,1,0
3553,7,2,0
3554,1,0,0
3554,2,1,0
3554,3,0,0
3554,3,1,0
3554,4,2,0
3554,5,0,0
3554,5,2,0
3554,6,1,0
3554,6,2,0
3554,7,0,0
3554,7,1,0
3554,7,2,0
3555,1,0,0
3555,2,1,0
3555,3,0,0
3555,3,1,0
3555,4,2,0
3555,5,0,0
3555,5,2,0
3555,6,1,0
3555,6,2,0
3555,7,0,0
3555,7,1,0
3555,7,2,0
3556,1,0,0
3556,2,1,0
3556,3,0,0
3556,3,1,0
3556,4,2,0
3556,5,0,0
3556,5,2,0
3556,6,1,0
3556,6,2,0
3556,7,0,0
3556,7,1,0
3556,7,2,0
3557,1,0,0
3557,2,1,0
3557,3,0,0
3557,3,1,0
3557,4,2,0
3557,5,0,0
3557,5,2,0
3557,6,1,0
3557,6,2,0
3557,7,0,0
3557,7,1,0
3557,7,2,0
3558,1,0,0
3558,2,1,0
3558,3,0,0
3558,3,1,0
3558,4,2,0
3558,5,0,0
3558,5,2,0
3558,6,1,0
3558,6,2,0
3558,7,0,0
3558,7,1,0
3558,7,2,0
3559,1,0,0
3559,2,1,0
3559,3,0,0
3559,3,1,0
3559,4,2,0
3559,5,0,0
3559,5,2,0
3559,6,1,0
3559,6,2,0
3559,7,0,0
3559,7,1,0
3559,7,2,0
3560,1,0,0
3560,2,1,0
3560,3,0,0
3560,3,1,0
3560,4,2,0
3560,5,0,0
3560,5,2,0
3560,6,1,0
3560,6,2,0
3560,7,0,0
3560,7,1,0
3560,7,2,0
3561,1,0,0
3561,2,1,0
3561,3,0,0
3561,3,1,0
3561,4,2,0
3561,5,0,0
3561,5,2,0
3561,6,1,0
3561,6,2,0
3561,7,0,0
3561,7,1,0
3561,7,2,0
3562,1,0,0
3562,2,1,0
3562,3,0,0
3562,3,1,0
3562,4,2,0
3562,5,0,0
3562,5,2,0
3562,6,1,0
3562,6,2,0
3562,7,0,0
3562,7,1,0
3562,7,2,0
3563,1,0,0
3563,2,1,0
3563,3,0,0
3563,3,1,0
3563,4,2,0
3563,5,0,0
3563,5,2,0
3563,6,1,0
3563,6,2,0
3563,7,0,0
3563,7,1,0
3563,7,2,0
3564,1,0,1
3564,2,1,0
3564,3,0,1
3564,3,1,0
3564,4,2,0
3564,5,0,1
3564,5,2,0
3564,6,1,0
3564,6,2,0
3564,7,0,1
3564,7,1,0
3564,7,2,0
3565,1,0,1
3565,2,1,0
3565,3,0,1
3565,3,1,0
3565,4,2,0
3565,5,0,1
3565,5,2,0
3565,6,1,0
3565,6,2,0
3565,7,0,1
3565,7,1,0
3565,7,2,0
3566,1,0,0
3566,2,1,0
3566,3,0,0
3566,3,1,0
3566,4,2,0
3566,5,0,0
3566,5,2,0
3566,6,1,0
3566,6,2,0
3566,7,0,0
3566,7,1,0
3566,7,2,0
3567,1,0,0
3567,2,1,0
3567,3,0,0
3567,3,1,0
3567,4,2,0
3567,5,0,0
3567,5,2,0
3567,6,1,0
3567,6,2,0
3567,7,0,0
3567,7,1,0
3567,7,2,0
3568,1,0,0
3568,2,1,0
3568,3,0,0
3568,3,1,0
3568,4,2,0
3568,5,0,0
3568,5,2,0
3568,6,1,0
3568,6,2,0
3568,7,0,0
3568,7,1,0
3568,7,2,0
3569,1,0,0
3569,2,1,0
3569,3,0,0
3569,3,1,0
3569,4,2,0
3569,5,0,0
3569,5,2,0
3569,6,1,0
3569,6,2,0
3569,7,0,0
3569,7,1,0
3569,7,2,0
3570,1,0,0
3570,2,1,0
3570,3,0,0
3570,3,1,0
3570,4,2,0
3570,5,0,0
3570,5,2,0
3570,6,1,0
3570,6,2,0
3570,7,0,0
3570,7,1,0
3570,7,2,0
3571,1,0,0
3571,2,1,0
3571,3,0,0
3571,3,1,0
3571,4,2,0
3571,5,0,0
3571,5,2,0
3571,6,1,0
3571,6,2,0
3571,7,0,0
3571,7,1,0
3571,7,2,0
3572,1,0,0
3572,2,1,0
3572,3,0,0
3572,3,1,0
3572,4,2,0
3572,5,0,0
3572,5,2,0
3572,6,1,0
3572,6,2,0
3572,7,0,0
3572,7,1,0
3572,7,2,0
3573,1,0,0
3573,2,1,0
3573,3,0,0
3573,3,1,0
3573,4,2,0
3573,5,0,0
3573,5,2,0
3573,6,1,0
3573,6,2,0
3573,7,0,0
3573,7,1,0
3573,7,2,0
3574,1,0,0
3574,2,1,0
3574,3,0,0
3574,3,1,0
3574,4,2,0
3574,5,0,0
3574,5,2,0
3574,6,1,0
3574,6,2,0
3574,7,0,0
3574,7,1,0
3574,7,2,0
3575,1,0,0
3575,2,1,0
3575,3,0,0
3575,3,1,0
3575,4,2,0
3575,5,0,0
3575,5,2,0
3575,6,1,0
3575,6,2,0
3575,7,0,0
3575,7,1,0
3575,7,2,0
3576,1,0,0
3576,2,1,0
3576,3,0,0
3576,3,1,0
3576,4,2,0
3576,5,0,0
3576,5,2,0
3576,6,1,0
3576,6,2,0
3576,7,0,0
3576,7,1,0
3576,7,2,0
3577,1,0,0
3577,2,1,0
3577,3,0,0
3577,3,1,0
3577,4,2,0
3577,5,0,0
3577,5,2,0
3577,6,1,0
3577,6,2,0
3577,7,0,0
3577,7,1,0
3577,7,2,0
3578,1,0,0
3578,2,1,0
3578,3,0,0
3578,3,1,0
3578,4,2,0
3578,5,0,0
3578,5,2,0
3578,6,1,0
3578,6,2,0
3578,7,0,0
3578,7,1,0
3578,7,2,0
3579,1,0,0
3579,2,1,0
3579,3,0,0
3579,3,1,0
3579,4,2,0
3579,5,0,0
3579,5,2,0
3579,6,1,0
3579,6,2,0
3579,7,0,0
3579,7,1,0
3579,7,2,0
3580,1,0,0
3580,2,1,0
3580,3,0,0
3580,3,1,0
3580,4,2,0
3580,5,0,0
3580,5,2,0
3580,6,1,0
3580,6,2,0
3580,7,0,0
3580,7,1,0
3580,7,2,0
3581,1,0,0
3581,2,1,0
3581,3,0,0
3581,3,1,0
3581,4,2,0
3581,5,0,0
3581,5,2,0
3581,6,1,0
3581,6,2,0
3581,7,0,0
3581,7,1,0
3581,7,2,0
3582,1,0,0
3582,2,1,0
3582,3,0,0
3582,3,1,0
3582,4,2,0
3582,5,0,0
3582,5,2,0
3582,6,1,0
3582,6,2,0
3582,7,0,0
3582,7,1,0
3582,7,2,0
3583,1,0,0
3583,2,1,0
3583,3,0,0
3583,3,1,0
3583,4,2,0
3583,5,0,0
3583,5,2,0
3583,6,1,0
3583,6,2,0
3583,7,0,0
3583,7,1,0
3583,7,2,0
3584,1,0,0
3584,2,1,0
3584,3,0,0
3584,3,1,0
3584,4,2,0
3584,5,0,0
3584,5,2,0
3584,6,1,0
3584,6,2,0
3584,7,0,0
3584,7,1,0
3584,7,2,0
3585,1,0,0
3585,2,1,0
3585,3,0,0
3585,3,1,0
3585,4,2,0
3585,5,0,0
3585,5,2,0
3585,6,1,0
3585,6,2,0
3585,7,0,0
3585,7,1,0
3585,7,2,0
3586,1,0,0
3586,2,1,0
3586,3,0,0
3586,3,1,0
3586,4,2,0
3586,5,0,0
3586,5,2,0
3586,6,1,0
3586,6,2,0
3586,7,0,0
3586,7,1,0
3586,7,2,0
3587,1,0,0
3587,2,1,0
3587,3,0,0
3587,3,1,0
3587,4,2,0
3587,5,0,0
3587,5,2,0
3587,6,1,0
3587,6,2,0
3587,7,0,0
3587,7,1,0
3587,7,2,0
3588,1,0,0
3588,2,1,0
3588,3,0,0
3588,3,1,0
3588,4,2,0
3588,5,0,0
3588,5,2,0
3588,6,1,0
3588,6,2,0
3588,7,0,0
3588,7,1,0
3588,7,2,0
3589,1,0,0
3589,2,1,0
3589,3,0,0
3589,3,1,0
3589,4,2,0
3589,5,0,0
3589,5,2,0
3589,6,1,0
3589,6,2,0
3589,7,0,0
3589,7,1,0
3589,7,2,0
3590,1,0,0
3590,2,1,0
3590,3,0,0
3590,3,1,0
3590,4,2,0
3590,5,0,0
3590,5,2,0
3590,6,1,0
3590,6,2,0
3590,7,0,0
3590,7,1,0
3590,7,2,0
3591,1,0,1
3591,2,1,0
3591,3,0,1
3591,3,1,0
3591,4,2,0
3591,5,0,1
3591,5,2,0
3591,6,1,0
3591,6,2,0
3591,7,0,1
3591,7,1,0
3591,7,2,0
3592,1,0,1
3592,2,1,0
3592,3,0,1
3592,3,1,0
3592,4,2,0
3592,5,0,1
3592,5,2,0
3592,6,1,0
3592,6,2,0
3592,7,0,1
3592,7,1,0
3592,7,2,0
3593,1,0,0
3593,2,1,0
3593,3,0,0
3593,3,1,0
3593,4,2,0
3593,5,0,0
3593,5,2,0
3593,6,1,0
3593,6,2,0
3593,7,0,0
3593,7,1,0
3593,7,2,0
3594,1,0,0
3594,2,1,0
3594,3,0,0
3594,3,1,0
3594,4,2,0
3594,5,0,0
3594,5,2,0
3594,6,1,0
3594,6,2,0
3594,7,0,0
3594,7,1,0
3594,7,2,0
3595,1,0,0
3595,2,1,0
3595,3,0,0
3595,3,1,0
3595,4,2,0
3595,5,0,0
3595,5,2,0
3595,6,1,0
3595,6,2,0
3595,7,0,0
3595,7,1,0
3595,7,2,0
3596,1,0,0
3596,2,1,0
3596,3,0,0
3596,3,1,0
3596,4,2,0
3596,5,0,0
3596,5,2,0
3596,6,1,0
3596,6,2,0
3596,7,0,0
3596,7,1,0
3596,7,2,0
3597,1,0,0
3597,2,1,0
3597,3,0,0
3597,3,1,0
3597,4,2,0
3597,5,0,0
3597,5,2,0
3597,6,1,0
3597,6,2,0
3597,7,0,0
3597,7,1,0
3597,7,2,0
3598,1,0,0
3598,2,1,0
3598,3,0,0
3598,3,1,0
3598,4,2,0
3598,5,0,0
3598,5,2,0
3598,6,1,0
3598,6,2,0
3598,7,0,0
3598,7,1,0
3598,7,2,0
3599,1,0,0
3599,2,1,0
3599,3,0,0
3599,3,1,0
3599,4,2,0
3599,5,0,0
3599,5,2,0
3599,6,1,0
3599,6,2,0
3599,7,0,0
3599,7,1,0
3599,7,2,0
3600,1,0,0
3600,2,1,0
3600,3,0,0
3600,3,1,0
3600,4,2,0
3600,5,0,0
3600,5,2,0
3600,6,1,0
3600,6,2,0
3600,7,0,0
3600,7,1,0
3600,7,2,0
3601,1,0,0
3601,2,1,0
3601,3,0,0
3601,3,1,0
3601,4,2,0
3601,5,0,0
3601,5,2,0
3601,6,1,0
3601,6,2,0
3601,7,0,0
3601,7,1,0
3601,7,2,0
3602,1,0,0
3602,2,1,0
3602,3,0,0
3602,3,1,0
3602,4,2,0
3602,5,0,0
3602,5,2,0
3602,6,1,0
3602,6,2,0
3602,7,0,0
3602,7,1,0
3602,7,2,0
3603,1,0,0
3603,2,1,0
3603,3,0,0
3603,3,1,0
3603,4,2,0
3603,5,0,0
3603,5,2,0
3603,6,1,0
3603,6,2,0
3603,7,0,0
3603,7,1,0
3603,7,2,0
3604,1,0,0
3604,2,1,0
3604,3,0,0
3604,3,1,0
3604,4,2,0
3604,5,0,0
3604,5,2,0
3604,6,1,0
3604,6,2,0
3604,7,0,0
3604,7,1,0
3604,7,2,0
3605,1,0,0
3605,2,1,0
3605,3,0,0
3605,3,1,0
3605,4,2,0
3605,5,0,0
3605,5,2,0
3605,6,1,0
3605,6,2,0
3605,7,0,0
3605,7,1,0
3605,7,2,0
3606,1,0,0
3606,2,1,0
3606,3,0,0
3606,3,1,0
3606,4,2,0
3606,5,0,0
3606,5,2,0
3606,6,1,0
3606,6,2,0
3606,7,0,0
3606,7,1,0
3606,7,2,0
3607,1,0,0
3607,2,1,0
3607,3,0,0
3607,3,1,0
3607,4,2,0
3607,5,0,0
3607,5,2,0
3607,6,1,0
3607,6,2,0
3607,7,0,0
3607,7,1,0
3607,7,2,0
3608,1,0,0
3608,2,1,0
3608,3,0,0
3608,3,1,0
3608,4,2,0
3608,5,0,0
3608,5,2,0
3608,6,1,0
3608,6,2,0
3608,7,0,0
3608,7,1,0
3608,7,2,0
3609,1,0,0
3609,2,1,0
3609,3,0,0
3609,3,1,0
3609,4,2,0
3609,5,0,0
3609,5,2,0
3609,6,1,0
3609,6,2,0
3609,7,0,0
3609,7,1,0
3609,7,2,0
3610,1,0,0
3610,2,1,0
3610,3,0,0
3610,3,1,0
3610,4,2,0
3610,5,0,0
3610,5,2,0
3610,6,1,0
3610,6,2,0
3610,7,0,0
3610,7,1,0
3610,7,2,0
3611,1,0,0
3611,2,1,0
3611,3,0,0
3611,3,1,0
3611,4,2,0
3611,5,0,0
3611,5,2,0
3611,6,1,0
3611,6,2,0
3611,7,0,0
3611,7,1,0
3611,7,2,0
3612,1,0,0
3612,2,1,0
3612,3,0,0
3612,3,1,0
3612,4,2,0
3612,5,0,0
3612,5,2,0
3612,6,1,0
3612,6,2,0
3612,7,0,0
3612,7,1,0
3612,7,2,0
3613,1,0,0
3613,2,1,0
3613,3,0,0
3613,3,1,0
3613,4,2,0
3613,5,0,0
3613,5,2,0
3613,6,1,0
3613,6,2,0
3613,7,0,0
3613,7,1,0
3613,7,2,0
3614,1,0,0
3614,2,1,0
3614,3,0,0
3614,3,1,0
3614,4,2,0
3614,5,0,0
3614,5,2,0
3614,6,1,0
3614,6,2,0
3614,7,0,0
3614,7,1,0
3614,7,2,0
3615,1,0,0
3615,2,1,0
3615,3,0,0
3615,3,1,0
3615,4,2,0
3615,5,0,0
3615,5,2,0
3615,6,1,0
3615,6,2,0
3615,7,0,0
3615,7,1,0
3615,7,2,0
3616,1,0,0
3616,2,1,0
3616,3,0,0
3616,3,1,0
3616,4,2,0
3616,5,0,0
3616,5,2,0
3616,6,1,0
3616,6,2,0
3616,7,0,0
3616,7,1,0
3616,7,2,0
3617,1,0,0
3617,2,1,0
3617,3,0,0
3617,3,1,0
3617,4,2,0
3617,5,0,0
3617,5,2,0
3617,6,1,0
3617,6,2,0
3617,7,0,0
3617,7,1,0
3617,7,2,0
3618,1,0,1
3618,2,1,0
3618,3,0,1
3618,3,1,0
3618,4,2,0
3618,5,0,1
3618,5,2,0
3618,6,1,0
3618,6,2,0
3618,7,0,1
3618,7,1,0
3618,7,2,0
3619,1,0,1
3619,2,1,0
3619,3,0,1
3619,3,1,0
3619,4,2,0
3619,5,0,1
3619,5,2,0
3619,6,1,0
3619,6,2,0
3619,7,0,1
3619,7,1,0
3619,7,2,0
3620,1,0,0
3620,2,1,0
3620,3,0,0
3620,3,1,0
3620,4,2,0
3620,5,0,0
3620,5,2,0
3620,6,1,0
3620,6,2,0
3620,7,0,0
3620,7,1,0
3620,7,2,0
3621,1,0,0
3621,2,1,0
3621,3,0,0
3621,3,1,0
3621,4,2,0
3621,5,0,0
3621,5,2,0
3621,6,1,0
3621,6,2,0
3621,7,0,0
3621,7,1,0
3621,7,2,0
3622,1,0,0
3622,2,1,0
3622,3,0,0
3622,3,1,0
3622,4,2,0
3622,5,0,0
3622,5,2,0
3622,6,1,0
3622,6,2,0
3622,7,0,0
3622,7,1,0
3622,7,2,0
3623,1,0,0
3623,2,1,0
3623,3,0,0
3623,3,1,0
3623,4,2,0
3623,5,0,0
3623,5,2,0
3623,6,1,0
3623,6,2,0
3623,7,0,0
3623,7,1,0
3623,7,2,0
3624,1,0,0
3624,2,1,0
3624,3,0,0
3624,3,1,0
3624,4,2,0
3624,5,0,0
3624,5,2,0
3624,6,1,0
3624,6,2,0
3624,7,0,0
3624,7,1,0
3624,7,2,0
3625,1,0,0
3625,2,1,0
3625,3,0,0
3625,3,1,0
3625,4,2,0
3625,5,0,0
3625,5,2,0
3625,6,1,0
3625,6,2,0
3625,7,0,0
3625,7,1,0
3625,7,2,0
3626,1,0,0
3626,2,1,0
3626,3,0,0
3626,3,1,0
3626,4,2,0
3626,5,0,0
3626,5,2,0
3626,6,1,0
3626,6,2,0
3626,7,0,0
3626,7,1,0
3626,7,2,0
3627,1,0,0
3627,2,1,0
3627,3,0,0
3627,3,1,0
3627,4,2,0
3627,5,0,0
3627,5,2,0
3627,6,1,0
3627,6,2,0
3627,7,0,0
3627,7,1,0
3627,7,2,0
3628,1,0,0
3628,2,1,0
3628,3,0,0
3628,3,1,0
3628,4,2,0
3628,5,0,0
3628,5,2,0
3628,6,1,0
3628,6,2,0
3628,7,0,0
3628,7,1,0
3628,7,2,0
3629,1,0,0
3629,2,1,0
3629,3,0,0
3629,3,1,0
3629,4,2,0
3629,5,0,0
3629,5,2,0
3629,6,1,0
3629,6,2,0
3629,7,0,0
3629,7,1,0
3629,7,2,0
3630,1,0,0
3630,2,1,0
3630,3,0,0
3630,3,1,0
3630,4,2,0
3630,5,0,0
3630,5,2,0
3630,6,1,0
3630,6,2,0
3630,7,0,0
3630,7,1,0
3630,7,2,0
3631,1,0,0
3631,2,1,0
3631,3,0,0
3631,3,1,0
3631,4,2,0
3631,5,0,0
3631,5,2,0
3631,6,1,0
3631,6,2,0
3631,7,0,0
3631,7,1,0
3631,7,2,0
3632,1,0,0
3632,2,1,0
3632,3,0,0
3632,3,1,0
3632,4,2,0
3632,5,0,0
3632,5,2,0
3632,6,1,0
3632,6,2,0
3632,7,0,0
3632,7,1,0
3632,7,2,0
3633,1,0,0
3633,2,1,0
3633,3,0,0
3633,3,1,0
3633,4,2,0
3633,5,0,0
3633,5,2,0
3633,6,1,0
3633,6,2,0
3633,7,0,0
3633,7,1,0
3633,7,2,0
3634,1,0,0
3634,2,1,0
3634,3,0,0
3634,3,1,0
3634,4,2,0
3634,5,0,0
3634,5,2,0
3634,6,1,0
3634,6,2,0
3634,7,0,0
3634,7,1,0
3634,7,2,0
3635,1,0,0
3635,2,1,0
3635,3,0,0
3635,3,1,0
3635,4,2,0
3635,5,0,0
3635,5,2,0
3635,6,1,0
3635,6,2,0
3635,7,0,0
3635,7,1,0
3635,7,2,0
3636,1,0,0
3636,2,1,0
3636,3,0,0
3636,3,1,0
3636,4,2,0
3636,5,0,0
3636,5,2,0
3636,6,1,0
3636,6,2,0
3636,7,0,0
3636,7,1,0
3636,7,2,0
3637,1,0,0
3637,2,1,0
3637,3,0,0
3637,3,1,0
3637,4,2,0
3637,5,0,0
3637,5,2,0
3637,6,1,0
3637,6,2,0
3637,7,0,0
3637,7,1,0
3637,7,2,0
3638,1,0,0
3638,2,1,0
3638,3,0,0
3638,3,1,0
3638,4,2,0
3638,5,0,0
3638,5,2,0
3638,6,1,0
3638,6,2,0
3638,7,0,0
3638,7,1,0
3638,7,2,0
3639,1,0,0
3639,2,1,0
3639,3,0,0
3639,3,1,0
3639,4,2,0
3639,5,0,0
3639,5,2,0
3639,6,1,0
3639,6,2,0
3639,7,0,0
3639,7,1,0
3639,7,2,0
3640,1,0,0
3640,2,1,0
3640,3,0,0
3640,3,1,0
3640,4,2,0
3640,5,0,0
3640,5,2,0
3640,6,1,0
3640,6,2,0
3640,7,0,0
3640,7,1,0
3640,7,2,0
3641,1,0,0
3641,2,1,0
3641,3,0,0
3641,3,1,0
3641,4,2,0
3641,5,0,0
3641,5,2,0
3641,6,1,0
3641,6,2,0
3641,7,0,0
3641,7,1,0
3641,7,2,0
3642,1,0,0
3642,2,1,0
3642,3,0,0
3642,3,1,0
3642,4,2,0
3642,5,0,0
3642,5,2,0
3642,6,1,0
3642,6,2,0
3642,7,0,0
3642,7,1,0
3642,7,2,0
3643,1,0,0
3643,2,1,0
3643,3,0,0
3643,3,1,0
3643,4,2,0
3643,5,0,0
3643,5,2,0
3643,6,1,0
3643,6,2,0
3643,7,0,0
3643,7,1,0
3643,7,2,0
3644,1,0,0
3644,2,1,0
3644,3,0,0
3644,3,1,0
3644,4,2,0
3644,5,0,0
3644,5,2,0
3644,6,1,0
3644,6,2,0
3644,7,0,0
3644,7,1,0
3644,7,2,0
3645,1,0,1
3645,2,1,1
3645,3,0,1
3645,3,1,1
3645,4,2,1
3645,5,0,1
3645,5,2,1
3645,6,1,1
3645,6,2,1
3645,7,0,1
3645,7,1,1
3645,7,2,1
3646,1,0,1
3646,2,1,1
3646,3,0,1
3646,3,1,1
3646,4,2,1
3646,5,0,1
3646,5,2,1
3646,6,1,1
3646,6,2,1
3646,7,0,1
3646,7,1,1
3646,7,2,1
3647,1,0,0
3647,2,1,1
3647,3,0,0
3647,3,1,1
3647,4,2,0
3647,5,0,0
3647,5,2,0
3647,6,1,1
3647,6,2,0
3647,7,0,0
3647,7,1,1
3647,7,2,0
3648,1,0,1
3648,2,1,1
3648,3,0,1
3648,3,1,1
3648,4,2,1
3648,5,0,1
3648,5,2,1
3648,6,1,1
3648,6,2,1
3648,7,0,1
3648,7,1,1
3648,7,2,1
3649,1,0,1
3649,2,1,1
3649,3,0,1
3649,3,1,1
3649,4,2,1
3649,5,0,1
3649,5,2,1
3649,6,1,1
3649,6,2,1
3649,7,0,1
3649,7,1,1
3649,7,2,1
3650,1,0,0
3650,2,1,1
3650,3,0,0
3650,3,1,1
3650,4,2,0
3650,5,0,0
3650,5,2,0
3650,6,1,1
3650,6,2,0
3650,7,0,0
3650,7,1,1
3650,7,2,0
3651,1,0,1
3651,2,1,1
3651,3,0,1
3651,3,1,1
3651,4,2,1
3651,5,0,1
3651,5,2,1
3651,6,1,1
3651,6,2,1
3651,7,0,1
3651,7,1,1
3651,7,2,1
3652,1,0,1
3652,2,1,1
3652,3,0,1
3652,3,1,1
3652,4,2,1
3652,5,0,1
3652,5,2,1
3652,6,1,1
3652,6,2,1
3652,7,0,1
3652,7,1,1
3652,7,2,1
3653,1,0,0
3653,2,1,1
3653,3,0,0
3653,3,1,1
3653,4,2,0
3653,5,0,0
3653,5,2,0
3653,6,1,1
3653,6,2,0
3653,7,0,0
3653,7,1,1
3653,7,2,0
3654,1,0,0
3654,2,1,1
3654,3,0,0
3654,3,1,1
3654,4,2,0
3654,5,0,0
3654,5,2,0
3654,6,1,1
3654,6,2,0
3654,7,0,0
3654,7,1,1
3654,7,2,0
3655,1,0,0
3655,2,1,1
3655,3,0,0
3655,3,1,1
3655,4,2,0
3655,5,0,0
3655,5,2,0
3655,6,1,1
3655,6,2,0
3655,7,0,0
3655,7,1,1
3655,7,2,0
3656,1,0,0
3656,2,1,1
3656,3,0,0
3656,3,1,1
3656,4,2,0
3656,5,0,0
3656,5,2,0
3656,6,1,1
3656,6,2,0
3656,7,0,0
3656,7,1,1
3656,7,2,0
3657,1,0,0
3657,2,1,1
3657,3,0,0
3657,3,1,1
3657,4,2,0
3657,5,0,0
3657,5,2,0
3657,6,1,1
3657,6,2,0
3657,7,0,0
3657,7,1,1
3657,7,2,0
3658,1,0,0
3658,2,1,1
3658,3,0,0
3658,3,1,1
3658,4,2,0
3658,5,0,0
3658,5,2,0
3658,6,1,1
3658,6,2,0
3658,7,0,0
3658,7,1,1
3658,7,2,0
3659,1,0,0
3659,2,1,1
3659,3,0,0
3659,3,1,1
3659,4,2,0
3659,5,0,0
3659,5,2,0
3659,6,1,1
3659,6,2,0
3659,7,0,0
3659,7,1,1
3659,7,2,0
3660,1,0,0
3660,2,1,1
3660,3,0,0
3660,3,1,1
3660,4,2,0
3660,5,0,0
3660,5,2,0
3660,6,1,1
3660,6,2,0
3660,7,0,0
3660,7,1,1
3660,7,2,0
3661,1,0,0
3661,2,1,1
3661,3,0,0
3661,3,1,1
3661,4,2,0
3661,5,0,0
3661,5,2,0
3661,6,1,1
3661,6,2,0
3661,7,0,0
3661,7,1,1
3661,7,2,0
3662,1,0,0
3662,2,1,1
3662,3,0,0
3662,3,1,1
3662,4,2,0
3662,5,0,0
3662,5,2,0
3662,6,1,1
3662,6,2,0
3662,7,0,0
3662,7,1,1
3662,7,2,0
3663,1,0,0
3663,2,1,1
3663,3,0,0
3663,3,1,1
3663,4,2,0
3663,5,0,0
3663,5,2,0
3663,6,1,1
3663,6,2,0
3663,7,0,0
3663,7,1,1
3663,7,2,0
3664,1,0,0
3664,2,1,1
3664,3,0,0
3664,3,1,1
3664,4,2,0
3664,5,0,0
3664,5,2,0
3664,6,1,1
3664,6,2,0
3664,7,0,0
3664,7,1,1
3664,7,2,0
3665,1,0,0
3665,2,1,1
3665,3,0,0
3665,3,1,1
3665,4,2,0
3665,5,0,0
3665,5,2,0
3665,6,1,1
3665,6,2,0
3665,7,0,0
3665,7,1,1
3665,7,2,0
3666,1,0,0
3666,2,1,1
3666,3,0,0
3666,3,1,1
3666,4,2,0
3666,5,0,0
3666,5,2,0
3666,6,1,1
3666,6,2,0
3666,7,0,0
3666,7,1,1
3666,7,2,0
3667,1,0,0
3667,2,1,1
3667,3,0,0
3667,3,1,1
3667,4,2,0
3667,5,0,0
3667,5,2,0
3667,6,1,1
3667,6,2,0
3667,7,0,0
3667,7,1,1
3667,7,2,0
3668,1,0,0
3668,2,1,1
3668,3,0,0
3668,3,1,1
3668,4,2,0
3668,5,0,0
3668,5,2,0
3668,6,1,1
3668,6,2,0
3668,7,0,0
3668,7,1,1
3668,7,2,0
3669,1,0,0
3669,2,1,1
3669,3,0,0
3669,3,1,1
3669,4,2,0
3669,5,0,0
3669,5,2,0
3669,6,1,1
3669,6,2,0
3669,7,0,0
3669,7,1,1
3669,7,2,0
3670,1,0,0
3670,2,1,1
3670,3,0,0
3670,3,1,1
3670,4,2,0
3670,5,0,0
3670,5,2,0
3670,6,1,1
3670,6,2,0
3670,7,0,0
3670,7,1,1
3670,7,2,0
3671,1,0,0
3671,2,1,1
3671,3,0,0
3671,3,1,1
3671,4,2,0
3671,5,0,0
3671,5,2,0
3671,6,1,1
3671,6,2,0
3671,7,0,0
3671,7,1,1
3671,7,2,0
3672,1,0,1
3672,2,1,1
3672,3,0,1
3672,3,1,1
3672,4,2,1
3672,5,0,1
3672,5,2,1
3672,6,1,1
3672,6,2,1
3672,7,0,1
3672,7,1,1
3672,7,2,1
3673,1,0,1
3673,2,1,1
3673,3,0,1
3673,3,1,1
3673,4,2,1
3673,5,0,1
3673,5,2,1
3673,6,1,1
3673,6,2,1
3673,7,0,1
3673,7,1,1
3673,7,2,1
3674,1,0,0
3674,2,1,0
3674,3,0,0
3674,3,1,0
3674,4,2,0
3674,5,0,0
3674,5,2,0
3674,6,1,0
3674,6,2,0
3674,7,0,0
3674,7,1,0
3674,7,2,0
3675,1,0,1
3675,2,1,1
3675,3,0,1
3675,3,1,1
3675,4,2,1
3675,5,0,1
3675,5,2,1
3675,6,1,1
3675,6,2,1
3675,7,0,1
3675,7,1,1
3675,7,2,1
3676,1,0,1
3676,2,1,1
3676,3,0,1
3676,3,1,1
3676,4,2,1
3676,5,0,1
3676,5,2,1
3676,6,1,1
3676,6,2,1
3676,7,0,1
3676,7,1,1
3676,7,2,1
3677,1,0,0
3677,2,1,0
3677,3,0,0
3677,3,1,0
3677,4,2,0
3677,5,0,0
3677,5,2,0
3677,6,1,0
3677,6,2,0
3677,7,0,0
3677,7,1,0
3677,7,2,0
3678,1,0,0
3678,2,1,0
3678,3,0,0
3678,3,1,0
3678,4,2,0
3678,5,0,0
3678,5,2,0
3678,6,1,0
3678,6,2,0
3678,7,0,0
3678,7,1,0
3678,7,2,0
3679,1,0,0
3679,2,1,0
3679,3,0,0
3679,3,1,0
3679,4,2,0
3679,5,0,0
3679,5,2,0
3679,6,1,0
3679,6,2,0
3679,7,0,0
3679,7,1,0
3679,7,2,0
3680,1,0,0
3680,2,1,0
3680,3,0,0
3680,3,1,0
3680,4,2,0
3680,5,0,0
3680,5,2,0
3680,6,1,0
3680,6,2,0
3680,7,0,0
3680,7,1,0
3680,7,2,0
3681,1,0,0
3681,2,1,0
3681,3,0,0
3681,3,1,0
3681,4,2,0
3681,5,0,0
3681,5,2,0
3681,6,1,0
3681,6,2,0
3681,7,0,0
3681,7,1,0
3681,7,2,0
3682,1,0,0
3682,2,1,0
3682,3,0,0
3682,3,1,0
3682,4,2,0
3682,5,0,0
3682,5,2,0
3682,6,1,0
3682,6,2,0
3682,7,0,0
3682,7,1,0
3682,7,2,0
3683,1,0,0
3683,2,1,0
3683,3,0,0
3683,3,1,0
3683,4,2,0
3683,5,0,0
3683,5,2,0
3683,6,1,0
3683,6,2,0
3683,7,0,0
3683,7,1,0
3683,7,2,0
3684,1,0,0
3684,2,1,0
3684,3,0,0
3684,3,1,0
3684,4,2,0
3684,5,0,0
3684,5,2,0
3684,6,1,0
3684,6,2,0
3684,7,0,0
3684,7,1,0
3684,7,2,0
3685,1,0,0
3685,2,1,0
3685,3,0,0
3685,3,1,0
3685,4,2,0
3685,5,0,0
3685,5,2,0
3685,6,1,0
3685,6,2,0
3685,7,0,0
3685,7,1,0
3685,7,2,0
3686,1,0,0
3686,2,1,0
3686,3,0,0
3686,3,1,0
3686,4,2,0
3686,5,0,0
3686,5,2,0
3686,6,1,0
3686,6,2,0
3686,7,0,0
3686,7,1,0
3686,7,2,0
3687,1,0,0
3687,2,1,0
3687,3,0,0
3687,3,1,0
3687,4,2,0
3687,5,0,0
3687,5,2,0
3687,6,1,0
3687,6,2,0
3687,7,0,0
3687,7,1,0
3687,7,2,0
3688,1,0,0
3688,2,1,0
3688,3,0,0
3688,3,1,0
3688,4,2,0
3688,5,0,0
3688,5,2,0
3688,6,1,0
3688,6,2,0
3688,7,0,0
3688,7,1,0
3688,7,2,0
3689,1,0,0
3689,2,1,0
3689,3,0,0
3689,3,1,0
3689,4,2,0
3689,5,0,0
3689,5,2,0
3689,6,1,0
3689,6,2,0
3689,7,0,0
3689,7,1,0
3689,7,2,0
3690,1,0,0
3690,2,1,0
3690,3,0,0
3690,3,1,0
3690,4,2,0
3690,5,0,0
3690,5,2,0
3690,6,1,0
3690,6,2,0
3690,7,0,0
3690,7,1,0
3690,7,2,0
3691,1,0,0
3691,2,1,0
3691,3,0,0
3691,3,1,0
3691,4,2,0
3691,5,0,0
3691,5,2,0
3691,6,1,0
3691,6,2,0
3691,7,0,0
3691,7,1,0
3691,7,2,0
3692,1,0,0
3692,2,1,0
3692,3,0,0
3692,3,1,0
3692,4,2,0
3692,5,0,0
3692,5,2,0
3692,6,1,0
3692,6,2,0
3692,7,0,0
3692,7,1,0
3692,7,2,0
3693,1,0,0
3693,2,1,0
3693,3,0,0
3693,3,1,0
3693,4,2,0
3693,5,0,0
3693,5,2,0
3693,6,1,0
3693,6,2,0
3693,7,0,0
3693,7,1,0
3693,7,2,0
3694,1,0,0
3694,2,1,0
3694,3,0,0
3694,3,1,0
3694,4,2,0
3694,5,0,0
3694,5,2,0
3694,6,1,0
3694,6,2,0
3694,7,0,0
3694,7,1,0
3694,7,2,0
3695,1,0,0
3695,2,1,0
3695,3,0,0
3695,3,1,0
3695,4,2,0
3695,5,0,0
3695,5,2,0
3695,6,1,0
3695,6,2,0
3695,7,0,0
3695,7,1,0
3695,7,2,0
3696,1,0,0
3696,2,1,0
3696,3,0,0
3696,3,1,0
3696,4,2,0
3696,5,0,0
3696,5,2,0
3696,6,1,0
3696,6,2,0
3696,7,0,0
3696,7,1,0
3696,7,2,0
3697,1,0,0
3697,2,1,0
3697,3,0,0
3697,3,1,0
3697,4,2,0
3697,5,0,0
3697,5,2,0
3697,6,1,0
3697,6,2,0
3697,7,0,0
3697,7,1,0
3697,7,2,0
3698,1,0,0
3698,2,1,0
3698,3,0,0
3698,3,1,0
3698,4,2,0
3698,5,0,0
3698,5,2,0
3698,6,1,0
3698,6,2,0
3698,7,0,0
3698,7,1,0
3698,7,2,0
3699,1,0,1
3699,2,1,1
3699,3,0,1
3699,3,1,1
3699,4,2,1
3699,5,0,1
3699,5,2,1
3699,6,1,1
3699,6,2,1
3699,7,0,1
3699,7,1,1
3699,7,2,1
3700,1,0,1
3700,2,1,1
3700,3,0,1
3700,3,1,1
3700,4,2,1
3700,5,0,1
3700,5,2,1
3700,6,1,1
3700,6,2,1
3700,7,0,1
3700,7,1,1
3700,7,2,1
3701,1,0,0
3701,2,1,0
3701,3,0,0
3701,3,1,0
3701,4,2,0
3701,5,0,0
3701,5,2,0
3701,6,1,0
3701,6,2,0
3701,7,0,0
3701,7,1,0
3701,7,2,0
3702,1,0,0
3702,2,1,0
3702,3,0,0
3702,3,1,0
3702,4,2,0
3702,5,0,0
3702,5,2,0
3702,6,1,0
3702,6,2,0
3702,7,0,0
3702,7,1,0
3702,7,2,0
3703,1,0,0
3703,2,1,0
3703,3,0,0
3703,3,1,0
3703,4,2,0
3703,5,0,0
3703,5,2,0
3703,6,1,0
3703,6,2,0
3703,7,0,0
3703,7,1,0
3703,7,2,0
3704,1,0,0
3704,2,1,0
3704,3,0,0
3704,3,1,0
3704,4,2,0
3704,5,0,0
3704,5,2,0
3704,6,1,0
3704,6,2,0
3704,7,0,0
3704,7,1,0
3704,7,2,0
3705,1,0,0
3705,2,1,0
3705,3,0,0
3705,3,1,0
3705,4,2,0
3705,5,0,0
3705,5,2,0
3705,6,1,0
3705,6,2,0
3705,7,0,0
3705,7,1,0
3705,7,2,0
3706,1,0,0
3706,2,1,0
3706,3,0,0
3706,3,1,0
3706,4,2,0
3706,5,0,0
3706,5,2,0
3706,6,1,0
3706,6,2,0
3706,7,0,0
3706,7,1,0
3706,7,2,0
3707,1,0,0
3707,2,1,0
3707,3,0,0
3707,3,1,0
3707,4,2,0
3707,5,0,0
3707,5,2,0
3707,6,1,0
3707,6,2,0
3707,7,0,0
3707,7,1,0
3707,7,2,0
3708,1,0,0
3708,2,1,0
3708,3,0,0
3708,3,1,0
3708,4,2,0
3708,5,0,0
3708,5,2,0
3708,6,1,0
3708,6,2,0
3708,7,0,0
3708,7,1,0
3708,7,2,0
3709,1,0,0
3709,2,1,0
3709,3,0,0
3709,3,1,0
3709,4,2,0
3709,5,0,0
3709,5,2,0
3709,6,1,0
3709,6,2,0
3709,7,0,0
3709,7,1,0
3709,7,2,0
3710,1,0,0
3710,2,1,0
3710,3,0,0
3710,3,1,0
3710,4,2,0
3710,5,0,0
3710,5,2,0
3710,6,1,0
3710,6,2,0
3710,7,0,0
3710,7,1,0
3710,7,2,0
3711,1,0,0
3711,2,1,0
3711,3,0,0
3711,3,1,0
3711,4,2,0
3711,5,0,0
3711,5,2,0
3711,6,1,0
3711,6,2,0
3711,7,0,0
3711,7,1,0
3711,7,2,0
3712,1,0,0
3712,2,1,0
3712,3,0,0
3712,3,1,0
3712,4,2,0
3712,5,0,0
3712,5,2,0
3712,6,1,0
3712,6,2,0
3712,7,0,0
3712,7,1,0
3712,7,2,0
3713,1,0,0
3713,2,1,0
3713,3,0,0
3713,3,1,0
3713,4,2,0
3713,5,0,0
3713,5,2,0
3713,6,1,0
3713,6,2,0
3713,7,0,0
3713,7,1,0
3713,7,2,0
3714,1,0,0
3714,2,1,0
3714,3,0,0
3714,3,1,0
3714,4,2,0
3714,5,0,0
3714,5,2,0
3714,6,1,0
3714,6,2,0
3714,7,0,0
3714,7,1,0
3714,7,2,0
3715,1,0,0
3715,2,1,0
3715,3,0,0
3715,3,1,0
3715,4,2,0
3715,5,0,0
3715,5,2,0
3715,6,1,0
3715,6,2,0
3715,7,0,0
3715,7,1,0
3715,7,2,0
3716,1,0,0
3716,2,1,0
3716,3,0,0
3716,3,1,0
3716,4,2,0
3716,5,0,0
3716,5,2,0
3716,6,1,0
3716,6,2,0
3716,7,0,0
3716,7,1,0
3716,7,2,0
3717,1,0,0
3717,2,1,0
3717,3,0,0
3717,3,1,0
3717,4,2,0
3717,5,0,0
3717,5,2,0
3717,6,1,0
3717,6,2,0
3717,7,0,0
3717,7,1,0
3717,7,2,0
3718,1,0,0
3718,2,1,0
3718,3,0,0
3718,3,1,0
3718,4,2,0
3718,5,0,0
3718,5,2,0
3718,6,1,0
3718,6,2,0
3718,7,0,0
3718,7,1,0
3718,7,2,0
3719,1,0,0
3719,2,1,0
3719,3,0,0
3719,3,1,0
3719,4,2,0
3719,5,0,0
3719,5,2,0
3719,6,1,0
3719,6,2,0
3719,7,0,0
3719,7,1,0
3719,7,2,0
3720,1,0,0
3720,2,1,0
3720,3,0,0
3720,3,1,0
3720,4,2,0
3720,5,0,0
3720,5,2,0
3720,6,1,0
3720,6,2,0
3720,7,0,0
3720,7,1,0
3720,7,2,0
3721,1,0,0
3721,2,1,0
3721,3,0,0
3721,3,1,0
3721,4,2,0
3721,5,0,0
3721,5,2,0
3721,6,1,0
3721,6,2,0
3721,7,0,0
3721,7,1,0
3721,7,2,0
3722,1,0,0
3722,2,1,0
3722,3,0,0
3722,3,1,0
3722,4,2,0
3722,5,0,0
3722,5,2,0
3722,6,1,0
3722,6,2,0
3722,7,0,0
3722,7,1,0
3722,7,2,0
3723,1,0,0
3723,2,1,0
3723,3,0,0
3723,3,1,0
3723,4,2,0
3723,5,0,0
3723,5,2,0
3723,6,1,0
3723,6,2,0
3723,7,0,0
3723,7,1,0
3723,7,2,0
3724,1,0,0
3724,2,1,0
3724,3,0,0
3724,3,1,0
3724,4,2,0
3724,5,0,0
3724,5,2,0
3724,6,1,0
3724,6,2,0
3724,7,0,0
3724,7,1,0
3724,7,2,0
3725,1,0,0
3725,2,1,0
3725,3,0,0
3725,3,1,0
3725,4,2,0
3725,5,0,0
3725,5,2,0
3725,6,1,0
3725,6,2,0
3725,7,0,0
3725,7,1,0
3725,7,2,0
3726,1,0,1
3726,2,1,1
3726,3,0,1
3726,3,1,1
3726,4,2,1
3726,5,0,1
3726,5,2,1
3726,6,1,1
3726,6,2,1
3726,7,0,1
3726,7,1,1
3726,7,2,1
3727,1,0,1
3727,2,1,1
3727,3,0,1
3727,3,1,1
3727,4,2,1
3727,5,0,1
3727,5,2,1
3727,6,1,1
3727,6,2,1
3727,7,0,1
3727,7,1,1
3727,7,2,1
3728,1,0,0
3728,2,1,1
3728,3,0,0
3728,3,1,1
3728,4,2,0
3728,5,0,0
3728,5,2,0
3728,6,1,1
3728,6,2,0
3728,7,0,0
3728,7,1,1
3728,7,2,0
3729,1,0,1
3729,2,1,1
3729,3,0,1
3729,3,1,1
3729,4,2,1
3729,5,0,1
3729,5,2,1
3729,6,1,1
3729,6,2,1
3729,7,0,1
3729,7,1,1
3729,7,2,1
3730,1,0,1
3730,2,1,1
3730,3,0,1
3730,3,1,1
3730,4,2,1
3730,5,0,1
3730,5,2,1
3730,6,1,1
3730,6,2,1
3730,7,0,1
3730,7,1,1
3730,7,2,1
3731,1,0,0
3731,2,1,1
3731,3,0,0
3731,3,1,1
3731,4,2,0
3731,5,0,0
3731,5,2,0
3731,6,1,1
3731,6,2,0
3731,7,0,0
3731,7,1,1
3731,7,2,0
3732,1,0,1
3732,2,1,1
3732,3,0,1
3732,3,1,1
3732,4,2,1
3732,5,0,1
3732,5,2,1
3732,6,1,1
3732,6,2,1
3732,7,0,1
3732,7,1,1
3732,7,2,1
3733,1,0,1
3733,2,1,1
3733,3,0,1
3733,3,1,1
3733,4,2,1
3733,5,0,1
3733,5,2,1
3733,6,1,1
3733,6,2,1
3733,7,0,1
3733,7,1,1
3733,7,2,1
3734,1,0,0
3734,2,1,1
3734,3,0,0
3734,3,1,1
3734,4,2,0
3734,5,0,0
3734,5,2,0
3734,6,1,1
3734,6,2,0
3734,7,0,0
3734,7,1,1
3734,7,2,0
3735,1,0,0
3735,2,1,1
3735,3,0,0
3735,3,1,1
3735,4,2,0
3735,5,0,0
3735,5,2,0
3735,6,1,1
3735,6,2,0
3735,7,0,0
3735,7,1,1
3735,7,2,0
3736,1,0,0
3736,2,1,1
3736,3,0,0
3736,3,1,1
3736,4,2,0
3736,5,0,0
3736,5,2,0
3736,6,1,1
3736,6,2,0
3736,7,0,0
3736,7,1,1
3736,7,2,0
3737,1,0,0
3737,2,1,1
3737,3,0,0
3737,3,1,1
3737,4,2,0
3737,5,0,0
3737,5,2,0
3737,6,1,1
3737,6,2,0
3737,7,0,0
3737,7,1,1
3737,7,2,0
3738,1,0,0
3738,2,1,1
3738,3,0,0
3738,3,1,1
3738,4,2,0
3738,5,0,0
3738,5,2,0
3738,6,1,1
3738,6,2,0
3738,7,0,0
3738,7,1,1
3738,7,2,0
3739,1,0,0
3739,2,1,1
3739,3,0,0
3739,3,1,1
3739,4,2,0
3739,5,0,0
3739,5,2,0
3739,6,1,1
3739,6,2,0
3739,7,0,0
3739,7,1,1
3739,7,2,0
3740,1,0,0
3740,2,1,1
3740,3,0,0
3740,3,1,1
3740,4,2,0
3740,5,0,0
3740,5,2,0
3740,6,1,1
3740,6,2,0
3740,7,0,0
3740,7,1,1
3740,7,2,0
3741,1,0,0
3741,2,1,1
3741,3,0,0
3741,3,1,1
3741,4,2,0
3741,5,0,0
3741,5,2,0
3741,6,1,1
3741,6,2,0
3741,7,0,0
3741,7,1,1
3741,7,2,0
3742,1,0,0
3742,2,1,1
3742,3,0,0
3742,3,1,1
3742,4,2,0
3742,5,0,0
3742,5,2,0
3742,6,1,1
3742,6,2,0
3742,7,0,0
3742,7,1,1
3742,7,2,0
3743,1,0,0
3743,2,1,1
3743,3,0,0
3743,3,1,1
3743,4,2,0
3743,5,0,0
3743,5,2,0
3743,6,1,1
3743,6,2,0
3743,7,0,0
3743,7,1,1
3743,7,2,0
3744,1,0,0
3744,2,1,1
3744,3,0,0
3744,3,1,1
3744,4,2,0
3744,5,0,0
3744,5,2,0
3744,6,1,1
3744,6,2,0
3744,7,0,0
3744,7,1,1
3744,7,2,0
3745,1,0,0
3745,2,1,1
3745,3,0,0
3745,3,1,1
3745,4,2,0
3745,5,0,0
3745,5,2,0
3745,6,1,1
3745,6,2,0
3745,7,0,0
3745,7,1,1
3745,7,2,0
3746,1,0,0
3746,2,1,1
3746,3,0,0
3746,3,1,1
3746,4,2,0
3746,5,0,0
3746,5,2,0
3746,6,1,1
3746,6,2,0
3746,7,0,0
3746,7,1,1
3746,7,2,0
3747,1,0,0
3747,2,1,1
3747,3,0,0
3747,3,1,1
3747,4,2,0
3747,5,0,0
3747,5,2,0
3747,6,1,1
3747,6,2,0
3747,7,0,0
3747,7,1,1
3747,7,2,0
3748,1,0,0
3748,2,1,1
3748,3,0,0
3748,3,1,1
3748,4,2,0
3748,5,0,0
3748,5,2,0
3748,6,1,1
3748,6,2,0
3748,7,0,0
3748,7,1,1
3748,7,2,0
3749,1,0,0
3749,2,1,1
3749,3,0,0
3749,3,1,1
3749,4,2,0
3749,5,0,0
3749,5,2,0
3749,6,1,1
3749,6,2,0
3749,7,0,0
3749,7,1,1
3749,7,2,0
3750,1,0,0
3750,2,1,1
3750,3,0,0
3750,3,1,1
3750,4,2,0
3750,5,0,0
3750,5,2,0
3750,6,1,1
3750,6,2,0
3750,7,0,0
3750,7,1,1
3750,7,2,0
3751,1,0,0
3751,2,1,1
3751,3,0,0
3751,3,1,1
3751,4,2,0
3751,5,0,0
3751,5,2,0
3751,6,1,1
3751,6,2,0
3751,7,0,0
3751,7,1,1
3751,7,2,0
3752,1,0,0
3752,2,1,1
3752,3,0,0
3752,3,1,1
3752,4,2,0
3752,5,0,0
3752,5,2,0
3752,6,1,1
3752,6,2,0
3752,7,0,0
3752,7,1,1
3752,7,2,0
3753,1,0,1
3753,2,1,1
3753,3,0,1
3753,3,1,1
3753,4,2,1
3753,5,0,1
3753,5,2,1
3753,6,1,1
3753,6,2,1
3753,7,0,1
3753,7,1,1
3753,7,2,1
3754,1,0,1
3754,2,1,1
3754,3,0,1
3754,3,1,1
3754,4,2,1
3754,5,0,1
3754,5,2,1
3754,6,1,1
3754,6,2,1
3754,7,0,1
3754,7,1,1
3754,7,2,1
3755,1,0,0
3755,2,1,0
3755,3,0,0
3755,3,1,0
3755,4,2,0
3755,5,0,0
3755,5,2,0
3755,6,1,0
3755,6,2,0
3755,7,0,0
3755,7,1,0
3755,7,2,0
3756,1,0,1
3756,2,1,1
3756,3,0,1
3756,3,1,1
3756,4,2,1
3756,5,0,1
3756,5,2,1
3756,6,1,1
3756,6,2,1
3756,7,0,1
3756,7,1,1
3756,7,2,1
3757,1,0,1
3757,2,1,1
3757,3,0,1
3757,3,1,1
3757,4,2,1
3757,5,0,1
3757,5,2,1
3757,6,1,1
3757,6,2,1
3757,7,0,1
3757,7,1,1
3757,7,2,1
3758,1,0,0
3758,2,1,0
3758,3,0,0
3758,3,1,0
3758,4,2,0
3758,5,0,0
3758,5,2,0
3758,6,1,0
3758,6,2,0
3758,7,0,0
3758,7,1,0
3758,7,2,0
3759,1,0,0
3759,2,1,0
3759,3,0,0
3759,3,1,0
3759,4,2,0
3759,5,0,0
3759,5,2,0
3759,6,1,0
3759,6,2,0
3759,7,0,0
3759,7,1,0
3759,7,2,0
3760,1,0,0
3760,2,1,0
3760,3,0,0
3760,3,1,0
3760,4,2,0
3760,5,0,0
3760,5,2,0
3760,6,1,0
3760,6,2,0
3760,7,0,0
3760,7,1,0
3760,7,2,0
3761,1,0,0
3761,2,1,0
3761,3,0,0
3761,3,1,0
3761,4,2,0
3761,5,0,0
3761,5,2,0
3761,6,1,0
3761,6,2,0
3761,7,0,0
3761,7,1,0
3761,7,2,0
3762,1,0,0
3762,2,1,0
3762,3,0,0
3762,3,1,0
3762,4,2,0
3762,5,0,0
3762,5,2,0
3762,6,1,0
3762,6,2,0
3762,7,0,0
3762,7,1,0
3762,7,2,0
3763,1,0,0
3763,2,1,0
3763,3,0,0
3763,3,1,0
3763,4,2,0
3763,5,0,0
3763,5,2,0
3763,6,1,0
3763,6,2,0
3763,7,0,0
3763,7,1,0
3763,7,2,0
3764,1,0,0
3764,2,1,0
3764,3,0,0
3764,3,1,0
3764,4,2,0
3764,5,0,0
3764,5,2,0
3764,6,1,0
3764,6,2,0
3764,7,0,0
3764,7,1,0
3764,7,2,0
3765,1,0,0
3765,2,1,0
3765,3,0,0
3765,3,1,0
3765,4,2,0
3765,5,0,0
3765,5,2,0
3765,6,1,0
3765,6,2,0
3765,7,0,0
3765,7,1,0
3765,7,2,0
3766,1,0,0
3766,2,1,0
3766,3,0,0
3766,3,1,0
3766,4,2,0
3766,5,0,0
3766,5,2,0
3766,6,1,0
3766,6,2,0
3766,7,0,0
3766,7,1,0
3766,7,2,0
3767,1,0,0
3767,2,1,0
3767,3,0,0
3767,3,1,0
3767,4,2,0
3767,5,0,0
3767,5,2,0
3767,6,1,0
3767,6,2,0
3767,7,0,0
3767,7,1,0
3767,7,2,0
3768,1,0,0
3768,2,1,0
3768,3,0,0
3768,3,1,0
3768,4,2,0
3768,5,0,0
3768,5,2,0
3768,6,1,0
3768,6,2,0
3768,7,0,0
3768,7,1,0
3768,7,2,0
3769,1,0,0
3769,2,1,0
3769,3,0,0
3769,3,1,0
3769,4,2,0
3769,5,0,0
3769,5,2,0
3769,6,1,0
3769,6,2,0
3769,7,0,0
3769,7,1,0
3769,7,2,0
3770,1,0,0
3770,2,1,0
3770,3,0,0
3770,3,1,0
3770,4,2,0
3770,5,0,0
3770,5,2,0
3770,6,1,0
3770,6,2,0
3770,7,0,0
3770,7,1,0
3770,7,2,0
3771,1,0,0
3771,2,1,0
3771,3,0,0
3771,3,1,0
3771,4,2,0
3771,5,0,0
3771,5,2,0
3771,6,1,0
3771,6,2,0
3771,7,0,0
3771,7,1,0
3771,7,2,0
3772,1,0,0
3772,2,1,0
3772,3,0,0
3772,3,1,0
3772,4,2,0
3772,5,0,0
3772,5,2,0
3772,6,1,0
3772,6,2,0
3772,7,0,0
3772,7,1,0
3772,7,2,0
3773,1,0,0
3773,2,1,0
3773,3,0,0
3773,3,1,0
3773,4,2,0
3773,5,0,0
3773,5,2,0
3773,6,1,0
3773,6,2,0
3773,7,0,0
3773,7,1,0
3773,7,2,0
3774,1,0,0
3774,2,1,0
3774,3,0,0
3774,3,1,0
3774,4,2,0
3774,5,0,0
3774,5,2,0
3774,6,1,0
3774,6,2,0
3774,7,0,0
3774,7,1,0
3774,7,2,0
3775,1,0,0
3775,2,1,0
3775,3,0,0
3775,3,1,0
3775,4,2,0
3775,5,0,0
3775,5,2,0
3775,6,1,0
3775,6,2,0
3775,7,0,0
3775,7,1,0
3775,7,2,0
3776,1,0,0
3776,2,1,0
3776,3,0,0
3776,3,1,0
3776,4,2,0
3776,5,0,0
3776,5,2,0
3776,6,1,0
3776,6,2,0
3776,7,0,0
3776,7,1,0
3776,7,2,0
3777,1,0,0
3777,2,1,0
3777,3,0,0
3777,3,1,0
3777,4,2,0
3777,5,0,0
3777,5,2,0
3777,6,1,0
3777,6,2,0
3777,7,0,0
3777,7,1,0
3777,7,2,0
3778,1,0,0
3778,2,1,0
3778,3,0,0
3778,3,1,0
3778,4,2,0
3778,5,0,0
3778,5,2,0
3778,6,1,0
3778,6,2,0
3778,7,0,0
3778,7,1,0
3778,7,2,0
3779,1,0,0
3779,2,1,0
3779,3,0,0
3779,3,1,0
3779,4,2,0
3779,5,0,0
3779,5,2,0
3779,6,1,0
3779,6,2,0
3779,7,0,0
3779,7,1,0
3779,7,2,0
3780,1,0,1
3780,2,1,1
3780,3,0,1
3780,3,1,1
3780,4,2,1
3780,5,0,1
3780,5,2,1
3780,6,1,1
3780,6,2,1
3780,7,0,1
3780,7,1,1
3780,7,2,1
3781,1,0,1
3781,2,1,1
3781,3,0,1
3781,3,1,1
3781,4,2,1
3781,5,0,1
3781,5,2,1
3781,6,1,1
3781,6,2,1
3781,7,0,1
3781,7,1,1
3781,7,2,1
3782,1,0,0
3782,2,1,0
3782,3,0,0
3782,3,1,0
3782,4,2,0
3782,5,0,0
3782,5,2,0
3782,6,1,0
3782,6,2,0
3782,7,0,0
3782,7,1,0
3782,7,2,0
3783,1,0,0
3783,2,1,0
3783,3,0,0
3783,3,1,0
3783,4,2,0
3783,5,0,0
3783,5,2,0
3783,6,1,0
3783,6,2,0
3783,7,0,0
3783,7,1,0
3783,7,2,0
3784,1,0,0
3784,2,1,0
3784,3,0,0
3784,3,1,0
3784,4,2,0
3784,5,0,0
3784,5,2,0
3784,6,1,0
3784,6,2,0
3784,7,0,0
3784,7,1,0
3784,7,2,0
3785,1,0,0
3785,2,1,0
3785,3,0,0
3785,3,1,0
3785,4,2,0
3785,5,0,0
3785,5,2,0
3785,6,1,0
3785,6,2,0
3785,7,0,0
3785,7,1,0
3785,7,2,0
3786,1,0,0
3786,2,1,0
3786,3,0,0
3786,3,1,0
3786,4,2,0
3786,5,0,0
3786,5,2,0
3786,6,1,0
3786,6,2,0
3786,7,0,0
3786,7,1,0
3786,7,2,0
3787,1,0,0
3787,2,1,0
3787,3,0,0
3787,3,1,0
3787,4,2,0
3787,5,0,0
3787,5,2,0
3787,6,1,0
3787,6,2,0
3787,7,0,0
3787,7,1,0
3787,7,2,0
3788,1,0,0
3788,2,1,0
3788,3,0,0
3788,3,1,0
3788,4,2,0
3788,5,0,0
3788,5,2,0
3788,6,1,0
3788,6,2,0
3788,7,0,0
3788,7,1,0
3788,7,2,0
3789,1,0,0
3789,2,1,0
3789,3,0,0
3789,3,1,0
3789,4,2,0
3789,5,0,0
3789,5,2,0
3789,6,1,0
3789,6,2,0
3789,7,0,0
3789,7,1,0
3789,7,2,0
3790,1,0,0
3790,2,1,0
3790,3,0,0
3790,3,1,0
3790,4,2,0
3790,5,0,0
3790,5,2,0
3790,6,1,0
3790,6,2,0
3790,7,0,0
3790,7,1,0
3790,7,2,0
3791,1,0,0
3791,2,1,0
3791,3,0,0
3791,3,1,0
3791,4,2,0
3791,5,0,0
3791,5,2,0
3791,6,1,0
3791,6,2,0
3791,7,0,0
3791,7,1,0
3791,7,2,0
3792,1,0,0
3792,2,1,0
3792,3,0,0
3792,3,1,0
3792,4,2,0
3792,5,0,0
3792,5,2,0
3792,6,1,0
3792,6,2,0
3792,7,0,0
3792,7,1,0
3792,7,2,0
3793,1,0,0
3793,2,1,0
3793,3,0,0
3793,3,1,0
3793,4,2,0
3793,5,0,0
3793,5,2,0
3793,6,1,0
3793,6,2,0
3793,7,0,0
3793,7,1,0
3793,7,2,0
3794,1,0,0
3794,2,1,0
3794,3,0,0
3794,3,1,0
3794,4,2,0
3794,5,0,0
3794,5,2,0
3794,6,1,0
3794,6,2,0
3794,7,0,0
3794,7,1,0
3794,7,2,0
3795,1,0,0
3795,2,1,0
3795,3,0,0
3795,3,1,0
3795,4,2,0
3795,5,0,0
3795,5,2,0
3795,6,1,0
3795,6,2,0
3795,7,0,0
3795,7,1,0
3795,7,2,0
3796,1,0,0
3796,2,1,0
3796,3,0,0
3796,3,1,0
3796,4,2,0
3796,5,0,0
3796,5,2,0
3796,6,1,0
3796,6,2,0
3796,7,0,0
3796,7,1,0
3796,7,2,0
3797,1,0,0
3797,2,1,0
3797,3,0,0
3797,3,1,0
3797,4,2,0
3797,5,0,0
3797,5,2,0
3797,6,1,0
3797,6,2,0
3797,7,0,0
3797,7,1,0
3797,7,2,0
3798,1,0,0
3798,2,1,0
3798,3,0,0
3798,3,1,0
3798,4,2,0
3798,5,0,0
3798,5,2,0
3798,6,1,0
3798,6,2,0
3798,7,0,0
3798,7,1,0
3798,7,2,0
3799,1,0,0
3799,2,1,0
3799,3,0,0
3799,3,1,0
3799,4,2,0
3799,5,0,0
3799,5,2,0
3799,6,1,0
3799,6,2,0
3799,7,0,0
3799,7,1,0
3799,7,2,0
3800,1,0,0
3800,2,1,0
3800,3,0,0
3800,3,1,0
3800,4,2,0
3800,5,0,0
3800,5,2,0
3800,6,1,0
3800,6,2,0
3800,7,0,0
3800,7,1,0
3800,7,2,0
3801,1,0,0
3801,2,1,0
3801,3,0,0
3801,3,1,0
3801,4,2,0
3801,5,0,0
3801,5,2,0
3801,6,1,0
3801,6,2,0
3801,7,0,0
3801,7,1,0
3801,7,2,0
3802,1,0,0
3802,2,1,0
3802,3,0,0
3802,3,1,0
3802,4,2,0
3802,5,0,0
3802,5,2,0
3802,6,1,0
3802,6,2,0
3802,7,0,0
3802,7,1,0
3802,7,2,0
3803,1,0,0
3803,2,1,0
3803,3,0,0
3803,3,1,0
3803,4,2,0
3803,5,0,0
3803,5,2,0
3803,6,1,0
3803,6,2,0
3803,7,0,0
3803,7,1,0
3803,7,2,0
3804,1,0,0
3804,2,1,0
3804,3,0,0
3804,3,1,0
3804,4,2,0
3804,5,0,0
3804,5,2,0
3804,6,1,0
3804,6,2,0
3804,7,0,0
3804,7,1,0
3804,7,2,0
3805,1,0,0
3805,2,1,0
3805,3,0,0
3805,3,1,0
3805,4,2,0
3805,5,0,0
3805,5,2,0
3805,6,1,0
3805,6,2,0
3805,7,0,0
3805,7,1,0
3805,7,2,0
3806,1,0,0
3806,2,1,0
3806,3,0,0
3806,3,1,0
3806,4,2,0
3806,5,0,0
3806,5,2,0
3806,6,1,0
3806,6,2,0
3806,7,0,0
3806,7,1,0
3806,7,2,0
3807,1,0,1
3807,2,1,0
3807,3,0,1
3807,3,1,0
3807,4,2,0
3807,5,0,1
3807,5,2,0
3807,6,1,0
3807,6,2,0
3807,7,0,1
3807,7,1,0
3807,7,2,0
3808,1,0,1
3808,2,1,0
3808,3,0,1
3808,3,1,0
3808,4,2,0
3808,5,0,1
3808,5,2,0
3808,6,1,0
3808,6,2,0
3808,7,0,1
3808,7,1,0
3808,7,2,0
3809,1,0,0
3809,2,1,0
3809,3,0,0
3809,3,1,0
3809,4,2,0
3809,5,0,0
3809,5,2,0
3809,6,1,0
3809,6,2,0
3809,7,0,0
3809,7,1,0
3809,7,2,0
3810,1,0,0
3810,2,1,0
3810,3,0,0
3810,3,1,0
3810,4,2,0
3810,5,0,0
3810,5,2,0
3810,6,1,0
3810,6,2,0
3810,7,0,0
3810,7,1,0
3810,7,2,0
3811,1,0,0
3811,2,1,0
3811,3,0,0
3811,3,1,0
3811,4,2,0
3811,5,0,0
3811,5,2,0
3811,6,1,0
3811,6,2,0
3811,7,0,0
3811,7,1,0
3811,7,2,0
3812,1,0,0
3812,2,1,0
3812,3,0,0
3812,3,1,0
3812,4,2,0
3812,5,0,0
3812,5,2,0
3812,6,1,0
3812,6,2,0
3812,7,0,0
3812,7,1,0
3812,7,2,0
3813,1,0,0
3813,2,1,0
3813,3,0,0
3813,3,1,0
3813,4,2,0
3813,5,0,0
3813,5,2,0
3813,6,1,0
3813,6,2,0
3813,7,0,0
3813,7,1,0
3813,7,2,0
3814,1,0,0
3814,2,1,0
3814,3,0,0
3814,3,1,0
3814,4,2,0
3814,5,0,0
3814,5,2,0
3814,6,1,0
3814,6,2,0
3814,7,0,0
3814,7,1,0
3814,7,2,0
3815,1,0,0
3815,2,1,0
3815,3,0,0
3815,3,1,0
3815,4,2,0
3815,5,0,0
3815,5,2,0
3815,6,1,0
3815,6,2,0
3815,7,0,0
3815,7,1,0
3815,7,2,0
3816,1,0,0
3816,2,1,0
3816,3,0,0
3816,3,1,0
3816,4,2,0
3816,5,0,0
3816,5,2,0
3816,6,1,0
3816,6,2,0
3816,7,0,0
3816,7,1,0
3816,7,2,0
3817,1,0,0
3817,2,1,0
3817,3,0,0
3817,3,1,0
3817,4,2,0
3817,5,0,0
3817,5,2,0
3817,6,1,0
3817,6,2,0
3817,7,0,0
3817,7,1,0
3817,7,2,0
3818,1,0,0
3818,2,1,0
3818,3,0,0
3818,3,1,0
3818,4,2,0
3818,5,0,0
3818,5,2,0
3818,6,1,0
3818,6,2,0
3818,7,0,0
3818,7,1,0
3818,7,2,0
3819,1,0,0
3819,2,1,0
3819,3,0,0
3819,3,1,0
3819,4,2,0
3819,5,0,0
3819,5,2,0
3819,6,1,0
3819,6,2,0
3819,7,0,0
3819,7,1,0
3819,7,2,0
3820,1,0,0
3820,2,1,0
3820,3,0,0
3820,3,1,0
3820,4,2,0
3820,5,0,0
3820,5,2,0
3820,6,1,0
3820,6,2,0
3820,7,0,0
3820,7,1,0
3820,7,2,0
3821,1,0,0
3821,2,1,0
3821,3,0,0
3821,3,1,0
3821,4,2,0
3821,5,0,0
3821,5,2,0
3821,6,1,0
3821,6,2,0
3821,7,0,0
3821,7,1,0
3821,7,2,0
3822,1,0,0
3822,2,1,0
3822,3,0,0
3822,3,1,0
3822,4,2,0
3822,5,0,0
3822,5,2,0
3822,6,1,0
3822,6,2,0
3822,7,0,0
3822,7,1,0
3822,7,2,0
3823,1,0,0
3823,2,1,0
3823,3,0,0
3823,3,1,0
3823,4,2,0
3823,5,0,0
3823,5,2,0
3823,6,1,0
3823,6,2,0
3823,7,0,0
3823,7,1,0
3823,7,2,0
3824,1,0,0
3824,2,1,0
3824,3,0,0
3824,3,1,0
3824,4,2,0
3824,5,0,0
3824,5,2,0
3824,6,1,0
3824,6,2,0
3824,7,0,0
3824,7,1,0
3824,7,2,0
3825,1,0,0
3825,2,1,0
3825,3,0,0
3825,3,1,0
3825,4,2,0
3825,5,0,0
3825,5,2,0
3825,6,1,0
3825,6,2,0
3825,7,0,0
3825,7,1,0
3825,7,2,0
3826,1,0,0
3826,2,1,0
3826,3,0,0
3826,3,1,0
3826,4,2,0
3826,5,0,0
3826,5,2,0
3826,6,1,0
3826,6,2,0
3826,7,0,0
3826,7,1,0
3826,7,2,0
3827,1,0,0
3827,2,1,0
3827,3,0,0
3827,3,1,0
3827,4,2,0
3827,5,0,0
3827,5,2,0
3827,6,1,0
3827,6,2,0
3827,7,0,0
3827,7,1,0
3827,7,2,0
3828,1,0,0
3828,2,1,0
3828,3,0,0
3828,3,1,0
3828,4,2,0
3828,5,0,0
3828,5,2,0
3828,6,1,0
3828,6,2,0
3828,7,0,0
3828,7,1,0
3828,7,2,0
3829,1,0,0
3829,2,1,0
3829,3,0,0
3829,3,1,0
3829,4,2,0
3829,5,0,0
3829,5,2,0
3829,6,1,0
3829,6,2,0
3829,7,0,0
3829,7,1,0
3829,7,2,0
3830,1,0,0
3830,2,1,0
3830,3,0,0
3830,3,1,0
3830,4,2,0
3830,5,0,0
3830,5,2,0
3830,6,1,0
3830,6,2,0
3830,7,0,0
3830,7,1,0
3830,7,2,0
3831,1,0,0
3831,2,1,0
3831,3,0,0
3831,3,1,0
3831,4,2,0
3831,5,0,0
3831,5,2,0
3831,6,1,0
3831,6,2,0
3831,7,0,0
3831,7,1,0
3831,7,2,0
3832,1,0,0
3832,2,1,0
3832,3,0,0
3832,3,1,0
3832,4,2,0
3832,5,0,0
3832,5,2,0
3832,6,1,0
3832,6,2,0
3832,7,0,0
3832,7,1,0
3832,7,2,0
3833,1,0,0
3833,2,1,0
3833,3,0,0
3833,3,1,0
3833,4,2,0
3833,5,0,0
3833,5,2,0
3833,6,1,0
3833,6,2,0
3833,7,0,0
3833,7,1,0
3833,7,2,0
3834,1,0,1
3834,2,1,0
3834,3,0,1
3834,3,1,0
3834,4,2,0
3834,5,0,1
3834,5,2,0
3834,6,1,0
3834,6,2,0
3834,7,0,1
3834,7,1,0
3834,7,2,0
3835,1,0,1
3835,2,1,0
3835,3,0,1
3835,3,1,0
3835,4,2,0
3835,5,0,1
3835,5,2,0
3835,6,1,0
3835,6,2,0
3835,7,0,1
3835,7,1,0
3835,7,2,0
3836,1,0,0
3836,2,1,0
3836,3,0,0
3836,3,1,0
3836,4,2,0
3836,5,0,0
3836,5,2,0
3836,6,1,0
3836,6,2,0
3836,7,0,0
3836,7,1,0
3836,7,2,0
3837,1,0,0
3837,2,1,0
3837,3,0,0
3837,3,1,0
3837,4,2,0
3837,5,0,0
3837,5,2,0
3837,6,1,0
3837,6,2,0
3837,7,0,0
3837,7,1,0
3837,7,2,0
3838,1,0,0
3838,2,1,0
3838,3,0,0
3838,3,1,0
3838,4,2,0
3838,5,0,0
3838,5,2,0
3838,6,1,0
3838,6,2,0
3838,7,0,0
3838,7,1,0
3838,7,2,0
3839,1,0,0
3839,2,1,0
3839,3,0,0
3839,3,1,0
3839,4,2,0
3839,5,0,0
3839,5,2,0
3839,6,1,0
3839,6,2,0
3839,7,0,0
3839,7,1,0
3839,7,2,0
3840,1,0,0
3840,2,1,0
3840,3,0,0
3840,3,1,0
3840,4,2,0
3840,5,0,0
3840,5,2,0
3840,6,1,0
3840,6,2,0
3840,7,0,0
3840,7,1,0
3840,7,2,0
3841,1,0,0
3841,2,1,0
3841,3,0,0
3841,3,1,0
3841,4,2,0
3841,5,0,0
3841,5,2,0
3841,6,1,0
3841,6,2,0
3841,7,0,0
3841,7,1,0
3841,7,2,0
3842,1,0,0
3842,2,1,0
3842,3,0,0
3842,3,1,0
3842,4,2,0
3842,5,0,0
3842,5,2,0
3842,6,1,0
3842,6,2,0
3842,7,0,0
3842,7,1,0
3842,7,2,0
3843,1,0,0
3843,2,1,0
3843,3,0,0
3843,3,1,0
3843,4,2,0
3843,5,0,0
3843,5,2,0
3843,6,1,0
3843,6,2,0
3843,7,0,0
3843,7,1,0
3843,7,2,0
3844,1,0,0
3844,2,1,0
3844,3,0,0
3844,3,1,0
3844,4,2,0
3844,5,0,0
3844,5,2,0
3844,6,1,0
3844,6,2,0
3844,7,0,0
3844,7,1,0
3844,7,2,0
3845,1,0,0
3845,2,1,0
3845,3,0,0
3845,3,1,0
3845,4,2,0
3845,5,0,0
3845,5,2,0
3845,6,1,0
3845,6,2,0
3845,7,0,0
3845,7,1,0
3845,7,2,0
3846,1,0,0
3846,2,1,0
3846,3,0,0
3846,3,1,0
3846,4,2,0
3846,5,0,0
3846,5,2,0
3846,6,1,0
3846,6,2,0
3846,7,0,0
3846,7,1,0
3846,7,2,0
3847,1,0,0
3847,2,1,0
3847,3,0,0
3847,3,1,0
3847,4,2,0
3847,5,0,0
3847,5,2,0
3847,6,1,0
3847,6,2,0
3847,7,0,0
3847,7,1,0
3847,7,2,0
3848,1,0,0
3848,2,1,0
3848,3,0,0
3848,3,1,0
3848,4,2,0
3848,5,0,0
3848,5,2,0
3848,6,1,0
3848,6,2,0
3848,7,0,0
3848,7,1,0
3848,7,2,0
3849,1,0,0
3849,2,1,0
3849,3,0,0
3849,3,1,0
3849,4,2,0
3849,5,0,0
3849,5,2,0
3849,6,1,0
3849,6,2,0
3849,7,0,0
3849,7,1,0
3849,7,2,0
3850,1,0,0
3850,2,1,0
3850,3,0,0
3850,3,1,0
3850,4,2,0
3850,5,0,0
3850,5,2,0
3850,6,1,0
3850,6,2,0
3850,7,0,0
3850,7,1,0
3850,7,2,0
3851,1,0,0
3851,2,1,0
3851,3,0,0
3851,3,1,0
3851,4,2,0
3851,5,0,0
3851,5,2,0
3851,6,1,0
3851,6,2,0
3851,7,0,0
3851,7,1,0
3851,7,2,0
3852,1,0,0
3852,2,1,0
3852,3,0,0
3852,3,1,0
3852,4,2,0
3852,5,0,0
3852,5,2,0
3852,6,1,0
3852,6,2,0
3852,7,0,0
3852,7,1,0
3852,7,2,0
3853,1,0,0
3853,2,1,0
3853,3,0,0
3853,3,1,0
3853,4,2,0
3853,5,0,0
3853,5,2,0
3853,6,1,0
3853,6,2,0
3853,7,0,0
3853,7,1,0
3853,7,2,0
3854,1,0,0
3854,2,1,0
3854,3,0,0
3854,3,1,0
3854,4,2,0
3854,5,0,0
3854,5,2,0
3854,6,1,0
3854,6,2,0
3854,7,0,0
3854,7,1,0
3854,7,2,0
3855,1,0,0
3855,2,1,0
3855,3,0,0
3855,3,1,0
3855,4,2,0
3855,5,0,0
3855,5,2,0
3855,6,1,0
3855,6,2,0
3855,7,0,0
3855,7,1,0
3855,7,2,0
3856,1,0,0
3856,2,1,0
3856,3,0,0
3856,3,1,0
3856,4,2,0
3856,5,0,0
3856,5,2,0
3856,6,1,0
3856,6,2,0
3856,7,0,0
3856,7,1,0
3856,7,2,0
3857,1,0,0
3857,2,1,0
3857,3,0,0
3857,3,1,0
3857,4,2,0
3857,5,0,0
3857,5,2,0
3857,6,1,0
3857,6,2,0
3857,7,0,0
3857,7,1,0
3857,7,2,0
3858,1,0,0
3858,2,1,0
3858,3,0,0
3858,3,1,0
3858,4,2,0
3858,5,0,0
3858,5,2,0
3858,6,1,0
3858,6,2,0
3858,7,0,0
3858,7,1,0
3858,7,2,0
3859,1,0,0
3859,2,1,0
3859,3,0,0
3859,3,1,0
3859,4,2,0
3859,5,0,0
3859,5,2,0
3859,6,1,0
3859,6,2,0
3859,7,0,0
3859,7,1,0
3859,7,2,0
3860,1,0,0
3860,2,1,0
3860,3,0,0
3860,3,1,0
3860,4,2,0
3860,5,0,0
3860,5,2,0
3860,6,1,0
3860,6,2,0
3860,7,0,0
3860,7,1,0
3860,7,2,0
3861,1,0,1
3861,2,1,0
3861,3,0,1
3861,3,1,0
3861,4,2,0
3861,5,0,1
3861,5,2,0
3861,6,1,0
3861,6,2,0
3861,7,0,1
3861,7,1,0
3861,7,2,0
3862,1,0,1
3862,2,1,0
3862,3,0,1
3862,3,1,0
3862,4,2,0
3862,5,0,1
3862,5,2,0
3862,6,1,0
3862,6,2,0
3862,7,0,1
3862,7,1,0
3862,7,2,0
3863,1,0,0
3863,2,1,0
3863,3,0,0
3863,3,1,0
3863,4,2,0
3863,5,0,0
3863,5,2,0
3863,6,1,0
3863,6,2,0
3863,7,0,0
3863,7,1,0
3863,7,2,0
3864,1,0,0
3864,2,1,0
3864,3,0,0
3864,3,1,0
3864,4,2,0
3864,5,0,0
3864,5,2,0
3864,6,1,0
3864,6,2,0
3864,7,0,0
3864,7,1,0
3864,7,2,0
3865,1,0,0
3865,2,1,0
3865,3,0,0
3865,3,1,0
3865,4,2,0
3865,5,0,0
3865,5,2,0
3865,6,1,0
3865,6,2,0
3865,7,0,0
3865,7,1,0
3865,7,2,0
3866,1,0,0
3866,2,1,0
3866,3,0,0
3866,3,1,0
3866,4,2,0
3866,5,0,0
3866,5,2,0
3866,6,1,0
3866,6,2,0
3866,7,0,0
3866,7,1,0
3866,7,2,0
3867,1,0,0
3867,2,1,0
3867,3,0,0
3867,3,1,0
3867,4,2,0
3867,5,0,0
3867,5,2,0
3867,6,1,0
3867,6,2,0
3867,7,0,0
3867,7,1,0
3867,7,2,0
3868,1,0,0
3868,2,1,0
3868,3,0,0
3868,3,1,0
3868,4,2,0
3868,5,0,0
3868,5,2,0
3868,6,1,0
3868,6,2,0
3868,7,0,0
3868,7,1,0
3868,7,2,0
3869,1,0,0
3869,2,1,0
3869,3,0,0
3869,3,1,0
3869,4,2,0
3869,5,0,0
3869,5,2,0
3869,6,1,0
3869,6,2,0
3869,7,0,0
3869,7,1,0
3869,7,2,0
3870,1,0,0
3870,2,1,0
3870,3,0,0
3870,3,1,0
3870,4,2,0
3870,5,0,0
3870,5,2,0
3870,6,1,0
3870,6,2,0
3870,7,0,0
3870,7,1,0
3870,7,2,0
3871,1,0,0
3871,2,1,0
3871,3,0,0
3871,3,1,0
3871,4,2,0
3871,5,0,0
3871,5,2,0
3871,6,1,0
3871,6,2,0
3871,7,0,0
3871,7,1,0
3871,7,2,0
3872,1,0,0
3872,2,1,0
3872,3,0,0
3872,3,1,0
3872,4,2,0
3872,5,0,0
3872,5,2,0
3872,6,1,0
3872,6,2,0
3872,7,0,0
3872,7,1,0
3872,7,2,0
3873,1,0,0
3873,2,1,0
3873,3,0,0
3873,3,1,0
3873,4,2,0
3873,5,0,0
3873,5,2,0
3873,6,1,0
3873,6,2,0
3873,7,0,0
3873,7,1,0
3873,7,2,0
3874,1,0,0
3874,2,1,0
3874,3,0,0
3874,3,1,0
3874,4,2,0
3874,5,0,0
3874,5,2,0
3874,6,1,0
3874,6,2,0
3874,7,0,0
3874,7,1,0
3874,7,2,0
3875,1,0,0
3875,2,1,0
3875,3,0,0
3875,3,1,0
3875,4,2,0
3875,5,0,0
3875,5,2,0
3875,6,1,0
3875,6,2,0
3875,7,0,0
3875,7,1,0
3875,7,2,0
3876,1,0,0
3876,2,1,0
3876,3,0,0
3876,3,1,0
3876,4,2,0
3876,5,0,0
3876,5,2,0
3876,6,1,0
3876,6,2,0
3876,7,0,0
3876,7,1,0
3876,7,2,0
3877,1,0,0
3877,2,1,0
3877,3,0,0
3877,3,1,0
3877,4,2,0
3877,5,0,0
3877,5,2,0
3877,6,1,0
3877,6,2,0
3877,7,0,0
3877,7,1,0
3877,7,2,0
3878,1,0,0
3878,2,1,0
3878,3,0,0
3878,3,1,0
3878,4,2,0
3878,5,0,0
3878,5,2,0
3878,6,1,0
3878,6,2,0
3878,7,0,0
3878,7,1,0
3878,7,2,0
3879,1,0,0
3879,2,1,0
3879,3,0,0
3879,3,1,0
3879,4,2,0
3879,5,0,0
3879,5,2,0
3879,6,1,0
3879,6,2,0
3879,7,0,0
3879,7,1,0
3879,7,2,0
3880,1,0,0
3880,2,1,0
3880,3,0,0
3880,3,1,0
3880,4,2,0
3880,5,0,0
3880,5,2,0
3880,6,1,0
3880,6,2,0
3880,7,0,0
3880,7,1,0
3880,7,2,0
3881,1,0,0
3881,2,1,0
3881,3,0,0
3881,3,1,0
3881,4,2,0
3881,5,0,0
3881,5,2,0
3881,6,1,0
3881,6,2,0
3881,7,0,0
3881,7,1,0
3881,7,2,0
3882,1,0,0
3882,2,1,0
3882,3,0,0
3882,3,1,0
3882,4,2,0
3882,5,0,0
3882,5,2,0
3882,6,1,0
3882,6,2,0
3882,7,0,0
3882,7,1,0
3882,7,2,0
3883,1,0,0
3883,2,1,0
3883,3,0,0
3883,3,1,0
3883,4,2,0
3883,5,0,0
3883,5,2,0
3883,6,1,0
3883,6,2,0
3883,7,0,0
3883,7,1,0
3883,7,2,0
3884,1,0,0
3884,2,1,0
3884,3,0,0
3884,3,1,0
3884,4,2,0
3884,5,0,0
3884,5,2,0
3884,6,1,0
3884,6,2,0
3884,7,0,0
3884,7,1,0
3884,7,2,0
3885,1,0,0
3885,2,1,0
3885,3,0,0
3885,3,1,0
3885,4,2,0
3885,5,0,0
3885,5,2,0
3885,6,1,0
3885,6,2,0
3885,7,0,0
3885,7,1,0
3885,7,2,0
3886,1,0,0
3886,2,1,0
3886,3,0,0
3886,3,1,0
3886,4,2,0
3886,5,0,0
3886,5,2,0
3886,6,1,0
3886,6,2,0
3886,7,0,0
3886,7,1,0
3886,7,2,0
3887,1,0,0
3887,2,1,0
3887,3,0,0
3887,3,1,0
3887,4,2,0
3887,5,0,0
3887,5,2,0
3887,6,1,0
3887,6,2,0
3887,7,0,0
3887,7,1,0
3887,7,2,0
3888,1,0,1
3888,2,1,1
3888,3,0,1
3888,3,1,1
3888,4,2,1
3888,5,0,1
3888,5,2,1
3888,6,1,1
3888,6,2,1
3888,7,0,1
3888,7,1,1
3888,7,2,1
3889,1,0,1
3889,2,1,1
3889,3,0,1
3889,3,1,1
3889,4,2,1
3889,5,0,1
3889,5,2,1
3889,6,1,1
3889,6,2,1
3889,7,0,1
3889,7,1,1
3889,7,2,1
3890,1,0,0
3890,2,1,0
3890,3,0,0
3890,3,1,0
3890,4,2,0
3890,5,0,0
3890,5,2,0
3890,6,1,0
3890,6,2,0
3890,7,0,0
3890,7,1,0
3890,7,2,0
3891,1,0,0
3891,2,1,0
3891,3,0,0
3891,3,1,0
3891,4,2,0
3891,5,0,0
3891,5,2,0
3891,6,1,0
3891,6,2,0
3891,7,0,0
3891,7,1,0
3891,7,2,0
3892,1,0,0
3892,2,1,0
3892,3,0,0
3892,3,1,0
3892,4,2,0
3892,5,0,0
3892,5,2,0
3892,6,1,0
3892,6,2,0
3892,7,0,0
3892,7,1,0
3892,7,2,0
3893,1,0,0
3893,2,1,0
3893,3,0,0
3893,3,1,0
3893,4,2,0
3893,5,0,0
3893,5,2,0
3893,6,1,0
3893,6,2,0
3893,7,0,0
3893,7,1,0
3893,7,2,0
3894,1,0,0
3894,2,1,0
3894,3,0,0
3894,3,1,0
3894,4,2,0
3894,5,0,0
3894,5,2,0
3894,6,1,0
3894,6,2,0
3894,7,0,0
3894,7,1,0
3894,7,2,0
3895,1,0,0
3895,2,1,0
3895,3,0,0
3895,3,1,0
3895,4,2,0
3895,5,0,0
3895,5,2,0
3895,6,1,0
3895,6,2,0
3895,7,0,0
3895,7,1,0
3895,7,2,0
3896,1,0,0
3896,2,1,0
3896,3,0,0
3896,3,1,0
3896,4,2,0
3896,5,0,0
3896,5,2,0
3896,6,1,0
3896,6,2,0
3896,7,0,0
3896,7,1,0
3896,7,2,0
3897,1,0,0
3897,2,1,0
3897,3,0,0
3897,3,1,0
3897,4,2,0
3897,5,0,0
3897,5,2,0
3897,6,1,0
3897,6,2,0
3897,7,0,0
3897,7,1,0
3897,7,2,0
3898,1,0,0
3898,2,1,0
3898,3,0,0
3898,3,1,0
3898,4,2,0
3898,5,0,0
3898,5,2,0
3898,6,1,0
3898,6,2,0
3898,7,0,0
3898,7,1,0
3898,7,2,0
3899,1,0,0
3899,2,1,0
3899,3,0,0
3899,3,1,0
3899,4,2,0
3899,5,0,0
3899,5,2,0
3899,6,1,0
3899,6,2,0
3899,7,0,0
3899,7,1,0
3899,7,2,0
3900,1,0,0
3900,2,1,0
3900,3,0,0
3900,3,1,0
3900,4,2,0
3900,5,0,0
3900,5,2,0
3900,6,1,0
3900,6,2,0
3900,7,0,0
3900,7,1,0
3900,7,2,0
3901,1,0,0
3901,2,1,0
3901,3,0,0
3901,3,1,0
3901,4,2,0
3901,5,0,0
3901,5,2,0
3901,6,1,0
3901,6,2,0
3901,7,0,0
3901,7,1,0
3901,7,2,0
3902,1,0,0
3902,2,1,0
3902,3,0,0
3902,3,1,0
3902,4,2,0
3902,5,0,0
3902,5,2,0
3902,6,1,0
3902,6,2,0
3902,7,0,0
3902,7,1,0
3902,7,2,0
3903,1,0,0
3903,2,1,0
3903,3,0,0
3903,3,1,0
3903,4,2,0
3903,5,0,0
3903,5,2,0
3903,6,1,0
3903,6,2,0
3903,7,0,0
3903,7,1,0
3903,7,2,0
3904,1,0,0
3904,2,1,0
3904,3,0,0
3904,3,1,0
3904,4,2,0
3904,5,0,0
3904,5,2,0
3904,6,1,0
3904,6,2,0
3904,7,0,0
3904,7,1,0
3904,7,2,0
3905,1,0,0
3905,2,1,0
3905,3,0,0
3905,3,1,0
3905,4,2,0
3905,5,0,0
3905,5,2,0
3905,6,1,0
3905,6,2,0
3905,7,0,0
3905,7,1,0
3905,7,2,0
3906,1,0,0
3906,2,1,0
3906,3,0,0
3906,3,1,0
3906,4,2,0
3906,5,0,0
3906,5,2,0
3906,6,1,0
3906,6,2,0
3906,7,0,0
3906,7,1,0
3906,7,2,0
3907,1,0,0
3907,2,1,0
3907,3,0,0
3907,3,1,0
3907,4,2,0
3907,5,0,0
3907,5,2,0
3907,6,1,0
3907,6,2,0
3907,7,0,0
3907,7,1,0
3907,7,2,0
3908,1,0,0
3908,2,1,0
3908,3,0,0
3908,3,1,0
3908,4,2,0
3908,5,0,0
3908,5,2,0
3908,6,1,0
3908,6,2,0
3908,7,0,0
3908,7,1,0
3908,7,2,0
3909,1,0,0
3909,2,1,0
3909,3,0,0
3909,3,1,0
3909,4,2,0
3909,5,0,0
3909,5,2,0
3909,6,1,0
3909,6,2,0
3909,7,0,0
3909,7,1,0
3909,7,2,0
3910,1,0,0
3910,2,1,0
3910,3,0,0
3910,3,1,0
3910,4,2,0
3910,5,0,0
3910,5,2,0
3910,6,1,0
3910,6,2,0
3910,7,0,0
3910,7,1,0
3910,7,2,0
3911,1,0,0
3911,2,1,0
3911,3,0,0
3911,3,1,0
3911,4,2,0
3911,5,0,0
3911,5,2,0
3911,6,1,0
3911,6,2,0
3911,7,0,0
3911,7,1,0
3911,7,2,0
3912,1,0,0
3912,2,1,0
3912,3,0,0
3912,3,1,0
3912,4,2,0
3912,5,0,0
3912,5,2,0
3912,6,1,0
3912,6,2,0
3912,7,0,0
3912,7,1,0
3912,7,2,0
3913,1,0,0
3913,2,1,0
3913,3,0,0
3913,3,1,0
3913,4,2,0
3913,5,0,0
3913,5,2,0
3913,6,1,0
3913,6,2,0
3913,7,0,0
3913,7,1,0
3913,7,2,0
3914,1,0,0
3914,2,1,0
3914,3,0,0
3914,3,1,0
3914,4,2,0
3914,5,0,0
3914,5,2,0
3914,6,1,0
3914,6,2,0
3914,7,0,0
3914,7,1,0
3914,7,2,0
3915,1,0,1
3915,2,1,1
3915,3,0,1
3915,3,1,1
3915,4,2,1
3915,5,0,1
3915,5,2,1
3915,6,1,1
3915,6,2,1
3915,7,0,1
3915,7,1,1
3915,7,2,1
3916,1,0,1
3916,2,1,1
3916,3,0,1
3916,3,1,1
3916,4,2,1
3916,5,0,1
3916,5,2,1
3916,6,1,1
3916,6,2,1
3916,7,0,1
3916,7,1,1
3916,7,2,1
3917,1,0,0
3917,2,1,0
3917,3,0,0
3917,3,1,0
3917,4,2,0
3917,5,0,0
3917,5,2,0
3917,6,1,0
3917,6,2,0
3917,7,0,0
3917,7,1,0
3917,7,2,0
3918,1,0,0
3918,2,1,0
3918,3,0,0
3918,3,1,0
3918,4,2,0
3918,5,0,0
3918,5,2,0
3918,6,1,0
3918,6,2,0
3918,7,0,0
3918,7,1,0
3918,7,2,0
3919,1,0,0
3919,2,1,0
3919,3,0,0
3919,3,1,0
3919,4,2,0
3919,5,0,0
3919,5,2,0
3919,6,1,0
3919,6,2,0
3919,7,0,0
3919,7,1,0
3919,7,2,0
3920,1,0,0
3920,2,1,0
3920,3,0,0
3920,3,1,0
3920,4,2,0
3920,5,0,0
3920,5,2,0
3920,6,1,0
3920,6,2,0
3920,7,0,0
3920,7,1,0
3920,7,2,0
3921,1,0,0
3921,2,1,0
3921,3,0,0
3921,3,1,0
3921,4,2,0
3921,5,0,0
3921,5,2,0
3921,6,1,0
3921,6,2,0
3921,7,0,0
3921,7,1,0
3921,7,2,0
3922,1,0,0
3922,2,1,0
3922,3,0,0
3922,3,1,0
3922,4,2,0
3922,5,0,0
3922,5,2,0
3922,6,1,0
3922,6,2,0
3922,7,0,0
3922,7,1,0
3922,7,2,0
3923,1,0,0
3923,2,1,0
3923,3,0,0
3923,3,1,0
3923,4,2,0
3923,5,0,0
3923,5,2,0
3923,6,1,0
3923,6,2,0
3923,7,0,0
3923,7,1,0
3923,7,2,0
3924,1,0,0
3924,2,1,0
3924,3,0,0
3924,3,1,0
3924,4,2,0
3924,5,0,0
3924,5,2,0
3924,6,1,0
3924,6,2,0
3924,7,0,0
3924,7,1,0
3924,7,2,0
3925,1,0,0
3925,2,1,0
3925,3,0,0
3925,3,1,0
3925,4,2,0
3925,5,0,0
3925,5,2,0
3925,6,1,0
3925,6,2,0
3925,7,0,0
3925,7,1,0
3925,7,2,0
3926,1,0,0
3926,2,1,0
3926,3,0,0
3926,3,1,0
3926,4,2,0
3926,5,0,0
3926,5,2,0
3926,6,1,0
3926,6,2,0
3926,7,0,0
3926,7,1,0
3926,7,2,0
3927,1,0,0
3927,2,1,0
3927,3,0,0
3927,3,1,0
3927,4,2,0
3927,5,0,0
3927,5,2,0
3927,6,1,0
3927,6,2,0
3927,7,0,0
3927,7,1,0
3927,7,2,0
3928,1,0,0
3928,2,1,0
3928,3,0,0
3928,3,1,0
3928,4,2,0
3928,5,0,0
3928,5,2,0
3928,6,1,0
3928,6,2,0
3928,7,0,0
3928,7,1,0
3928,7,2,0
3929,1,0,0
3929,2,1,0
3929,3,0,0
3929,3,1,0
3929,4,2,0
3929,5,0,0
3929,5,2,0
3929,6,1,0
3929,6,2,0
3929,7,0,0
3929,7,1,0
3929,7,2,0
3930,1,0,0
3930,2,1,0
3930,3,0,0
3930,3,1,0
3930,4,2,0
3930,5,0,0
3930,5,2,0
3930,6,1,0
3930,6,2,0
3930,7,0,0
3930,7,1,0
3930,7,2,0
3931,1,0,0
3931,2,1,0
3931,3,0,0
3931,3,1,0
3931,4,2,0
3931,5,0,0
3931,5,2,0
3931,6,1,0
3931,6,2,0
3931,7,0,0
3931,7,1,0
3931,7,2,0
3932,1,0,0
3932,2,1,0
3932,3,0,0
3932,3,1,0
3932,4,2,0
3932,5,0,0
3932,5,2,0
3932,6,1,0
3932,6,2,0
3932,7,0,0
3932,7,1,0
3932,7,2,0
3933,1,0,0
3933,2,1,0
3933,3,0,0
3933,3,1,0
3933,4,2,0
3933,5,0,0
3933,5,2,0
3933,6,1,0
3933,6,2,0
3933,7,0,0
3933,7,1,0
3933,7,2,0
3934,1,0,0
3934,2,1,0
3934,3,0,0
3934,3,1,0
3934,4,2,0
3934,5,0,0
3934,5,2,0
3934,6,1,0
3934,6,2,0
3934,7,0,0
3934,7,1,0
3934,7,2,0
3935,1,0,0
3935,2,1,0
3935,3,0,0
3935,3,1,0
3935,4,2,0
3935,5,0,0
3935,5,2,0
3935,6,1,0
3935,6,2,0
3935,7,0,0
3935,7,1,0
3935,7,2,0
3936,1,0,0
3936,2,1,0
3936,3,0,0
3936,3,1,0
3936,4,2,0
3936,5,0,0
3936,5,2,0
3936,6,1,0
3936,6,2,0
3936,7,0,0
3936,7,1,0
3936,7,2,0
3937,1,0,0
3937,2,1,0
3937,3,0,0
3937,3,1,0
3937,4,2,0
3937,5,0,0
3937,5,2,0
3937,6,1,0
3937,6,2,0
3937,7,0,0
3937,7,1,0
3937,7,2,0
3938,1,0,0
3938,2,1,0
3938,3,0,0
3938,3,1,0
3938,4,2,0
3938,5,0,0
3938,5,2,0
3938,6,1,0
3938,6,2,0
3938,7,0,0
3938,7,1,0
3938,7,2,0
3939,1,0,0
3939,2,1,0
3939,3,0,0
3939,3,1,0
3939,4,2,0
3939,5,0,0
3939,5,2,0
3939,6,1,0
3939,6,2,0
3939,7,0,0
3939,7,1,0
3939,7,2,0
3940,1,0,0
3940,2,1,0
3940,3,0,0
3940,3,1,0
3940,4,2,0
3940,5,0,0
3940,5,2,0
3940,6,1,0
3940,6,2,0
3940,7,0,0
3940,7,1,0
3940,7,2,0
3941,1,0,0
3941,2,1,0
3941,3,0,0
3941,3,1,0
3941,4,2,0
3941,5,0,0
3941,5,2,0
3941,6,1,0
3941,6,2,0
3941,7,0,0
3941,7,1,0
3941,7,2,0
3942,1,0,1
3942,2,1,1
3942,3,0,1
3942,3,1,1
3942,4,2,1
3942,5,0,1
3942,5,2,1
3942,6,1,1
3942,6,2,1
3942,7,0,1
3942,7,1,1
3942,7,2,1
3943,1,0,1
3943,2,1,1
3943,3,0,1
3943,3,1,1
3943,4,2,1
3943,5,0,1
3943,5,2,1
3943,6,1,1
3943,6,2,1
3943,7,0,1
3943,7,1,1
3943,7,2,1
3944,1,0,0
3944,2,1,0
3944,3,0,0
3944,3,1,0
3944,4,2,0
3944,5,0,0
3944,5,2,0
3944,6,1,0
3944,6,2,0
3944,7,0,0
3944,7,1,0
3944,7,2,0
3945,1,0,0
3945,2,1,0
3945,3,0,0
3945,3,1,0
3945,4,2,0
3945,5,0,0
3945,5,2,0
3945,6,1,0
3945,6,2,0
3945,7,0,0
3945,7,1,0
3945,7,2,0
3946,1,0,0
3946,2,1,0
3946,3,0,0
3946,3,1,0
3946,4,2,0
3946,5,0,0
3946,5,2,0
3946,6,1,0
3946,6,2,0
3946,7,0,0
3946,7,1,0
3946,7,2,0
3947,1,0,0
3947,2,1,0
3947,3,0,0
3947,3,1,0
3947,4,2,0
3947,5,0,0
3947,5,2,0
3947,6,1,0
3947,6,2,0
3947,7,0,0
3947,7,1,0
3947,7,2,0
3948,1,0,0
3948,2,1,0
3948,3,0,0
3948,3,1,0
3948,4,2,0
3948,5,0,0
3948,5,2,0
3948,6,1,0
3948,6,2,0
3948,7,0,0
3948,7,1,0
3948,7,2,0
3949,1,0,0
3949,2,1,0
3949,3,0,0
3949,3,1,0
3949,4,2,0
3949,5,0,0
3949,5,2,0
3949,6,1,0
3949,6,2,0
3949,7,0,0
3949,7,1,0
3949,7,2,0
3950,1,0,0
3950,2,1,0
3950,3,0,0
3950,3,1,0
3950,4,2,0
3950,5,0,0
3950,5,2,0
3950,6,1,0
3950,6,2,0
3950,7,0,0
3950,7,1,0
3950,7,2,0
3951,1,0,0
3951,2,1,0
3951,3,0,0
3951,3,1,0
3951,4,2,0
3951,5,0,0
3951,5,2,0
3951,6,1,0
3951,6,2,0
3951,7,0,0
3951,7,1,0
3951,7,2,0
3952,1,0,0
3952,2,1,0
3952,3,0,0
3952,3,1,0
3952,4,2,0
3952,5,0,0
3952,5,2,0
3952,6,1,0
3952,6,2,0
3952,7,0,0
3952,7,1,0
3952,7,2,0
3953,1,0,0
3953,2,1,0
3953,3,0,0
3953,3,1,0
3953,4,2,0
3953,5,0,0
3953,5,2,0
3953,6,1,0
3953,6,2,0
3953,7,0,0
3953,7,1,0
3953,7,2,0
3954,1,0,0
3954,2,1,0
3954,3,0,0
3954,3,1,0
3954,4,2,0
3954,5,0,0
3954,5,2,0
3954,6,1,0
3954,6,2,0
3954,7,0,0
3954,7,1,0
3954,7,2,0
3955,1,0,0
3955,2,1,0
3955,3,0,0
3955,3,1,0
3955,4,2,0
3955,5,0,0
3955,5,2,0
3955,6,1,0
3955,6,2,0
3955,7,0,0
3955,7,1,0
3955,7,2,0
3956,1,0,0
3956,2,1,0
3956,3,0,0
3956,3,1,0
3956,4,2,0
3956,5,0,0
3956,5,2,0
3956,6,1,0
3956,6,2,0
3956,7,0,0
3956,7,1,0
3956,7,2,0
3957,1,0,0
3957,2,1,0
3957,3,0,0
3957,3,1,0
3957,4,2,0
3957,5,0,0
3957,5,2,0
3957,6,1,0
3957,6,2,0
3957,7,0,0
3957,7,1,0
3957,7,2,0
3958,1,0,0
3958,2,1,0
3958,3,0,0
3958,3,1,0
3958,4,2,0
3958,5,0,0
3958,5,2,0
3958,6,1,0
3958,6,2,0
3958,7,0,0
3958,7,1,0
3958,7,2,0
3959,1,0,0
3959,2,1,0
3959,3,0,0
3959,3,1,0
3959,4,2,0
3959,5,0,0
3959,5,2,0
3959,6,1,0
3959,6,2,0
3959,7,0,0
3959,7,1,0
3959,7,2,0
3960,1,0,0
3960,2,1,0
3960,3,0,0
3960,3,1,0
3960,4,2,0
3960,5,0,0
3960,5,2,0
3960,6,1,0
3960,6,2,0
3960,7,0,0
3960,7,1,0
3960,7,2,0
3961,1,0,0
3961,2,1,0
3961,3,0,0
3961,3,1,0
3961,4,2,0
3961,5,0,0
3961,5,2,0
3961,6,1,0
3961,6,2,0
3961,7,0,0
3961,7,1,0
3961,7,2,0
3962,1,0,0
3962,2,1,0
3962,3,0,0
3962,3,1,0
3962,4,2,0
3962,5,0,0
3962,5,2,0
3962,6,1,0
3962,6,2,0
3962,7,0,0
3962,7,1,0
3962,7,2,0
3963,1,0,0
3963,2,1,0
3963,3,0,0
3963,3,1,0
3963,4,2,0
3963,5,0,0
3963,5,2,0
3963,6,1,0
3963,6,2,0
3963,7,0,0
3963,7,1,0
3963,7,2,0
3964,1,0,0
3964,2,1,0
3964,3,0,0
3964,3,1,0
3964,4,2,0
3964,5,0,0
3964,5,2,0
3964,6,1,0
3964,6,2,0
3964,7,0,0
3964,7,1,0
3964,7,2,0
3965,1,0,0
3965,2,1,0
3965,3,0,0
3965,3,1,0
3965,4,2,0
3965,5,0,0
3965,5,2,0
3965,6,1,0
3965,6,2,0
3965,7,0,0
3965,7,1,0
3965,7,2,0
3966,1,0,0
3966,2,1,0
3966,3,0,0
3966,3,1,0
3966,4,2,0
3966,5,0,0
3966,5,2,0
3966,6,1,0
3966,6,2,0
3966,7,0,0
3966,7,1,0
3966,7,2,0
3967,1,0,0
3967,2,1,0
3967,3,0,0
3967,3,1,0
3967,4,2,0
3967,5,0,0
3967,5,2,0
3967,6,1,0
3967,6,2,0
3967,7,0,0
3967,7,1,0
3967,7,2,0
3968,1,0,0
3968,2,1,0
3968,3,0,0
3968,3,1,0
3968,4,2,0
3968,5,0,0
3968,5,2,0
3968,6,1,0
3968,6,2,0
3968,7,0,0
3968,7,1,0
3968,7,2,0
3969,1,0,1
3969,2,1,1
3969,3,0,1
3969,3,1,1
3969,4,2,1
3969,5,0,1
3969,5,2,1
3969,6,1,1
3969,6,2,1
3969,7,0,1
3969,7,1,1
3969,7,2,1
3970,1,0,1
3970,2,1,1
3970,3,0,1
3970,3,1,1
3970,4,2,1
3970,5,0,1
3970,5,2,1
3970,6,1,1
3970,6,2,1
3970,7,0,1
3970,7,1,1
3970,7,2,1
3971,1,0,0
3971,2,1,0
3971,3,0,0
3971,3,1,0
3971,4,2,0
3971,5,0,0
3971,5,2,0
3971,6,1,0
3971,6,2,0
3971,7,0,0
3971,7,1,0
3971,7,2,0
3972,1,0,0
3972,2,1,0
3972,3,0,0
3972,3,1,0
3972,4,2,0
3972,5,0,0
3972,5,2,0
3972,6,1,0
3972,6,2,0
3972,7,0,0
3972,7,1,0
3972,7,2,0
3973,1,0,0
3973,2,1,0
3973,3,0,0
3973,3,1,0
3973,4,2,0
3973,5,0,0
3973,5,2,0
3973,6,1,0
3973,6,2,0
3973,7,0,0
3973,7,1,0
3973,7,2,0
3974,1,0,0
3974,2,1,0
3974,3,0,0
3974,3,1,0
3974,4,2,0
3974,5,0,0
3974,5,2,0
3974,6,1,0
3974,6,2,0
3974,7,0,0
3974,7,1,0
3974,7,2,0
3975,1,0,0
3975,2,1,0
3975,3,0,0
3975,3,1,0
3975,4,2,0
3975,5,0,0
3975,5,2,0
3975,6,1,0
3975,6,2,0
3975,7,0,0
3975,7,1,0
3975,7,2,0
3976,1,0,0
3976,2,1,0
3976,3,0,0
3976,3,1,0
3976,4,2,0
3976,5,0,0
3976,5,2,0
3976,6,1,0
3976,6,2,0
3976,7,0,0
3976,7,1,0
3976,7,2,0
3977,1,0,0
3977,2,1,0
3977,3,0,0
3977,3,1,0
3977,4,2,0
3977,5,0,0
3977,5,2,0
3977,6,1,0
3977,6,2,0
3977,7,0,0
3977,7,1,0
3977,7,2,0
3978,1,0,0
3978,2,1,0
3978,3,0,0
3978,3,1,0
3978,4,2,0
3978,5,0,0
3978,5,2,0
3978,6,1,0
3978,6,2,0
3978,7,0,0
3978,7,1,0
3978,7,2,0
3979,1,0,0
3979,2,1,0
3979,3,0,0
3979,3,1,0
3979,4,2,0
3979,5,0,0
3979,5,2,0
3979,6,1,0
3979,6,2,0
3979,7,0,0
3979,7,1,0
3979,7,2,0
3980,1,0,0
3980,2,1,0
3980,3,0,0
3980,3,1,0
3980,4,2,0
3980,5,0,0
3980,5,2,0
3980,6,1,0
3980,6,2,0
3980,7,0,0
3980,7,1,0
3980,7,2,0
3981,1,0,0
3981,2,1,0
3981,3,0,0
3981,3,1,0
3981,4,2,0
3981,5,0,0
3981,5,2,0
3981,6,1,0
3981,6,2,0
3981,7,0,0
3981,7,1,0
3981,7,2,0
3982,1,0,0
3982,2,1,0
3982,3,0,0
3982,3,1,0
3982,4,2,0
3982,5,0,0
3982,5,2,0
3982,6,1,0
3982,6,2,0
3982,7,0,0
3982,7,1,0
3982,7,2,0
3983,1,0,0
3983,2,1,0
3983,3,0,0
3983,3,1,0
3983,4,2,0
3983,5,0,0
3983,5,2,0
3983,6,1,0
3983,6,2,0
3983,7,0,0
3983,7,1,0
3983,7,2,0
3984,1,0,0
3984,2,1,0
3984,3,0,0
3984,3,1,0
3984,4,2,0
3984,5,0,0
3984,5,2,0
3984,6,1,0
3984,6,2,0
3984,7,0,0
3984,7,1,0
3984,7,2,0
3985,1,0,0
3985,2,1,0
3985,3,0,0
3985,3,1,0
3985,4,2,0
3985,5,0,0
3985,5,2,0
3985,6,1,0
3985,6,2,0
3985,7,0,0
3985,7,1,0
3985,7,2,0
3986,1,0,0
3986,2,1,0
3986,3,0,0
3986,3,1,0
3986,4,2,0
3986,5,0,0
3986,5,2,0
3986,6,1,0
3986,6,2,0
3986,7,0,0
3986,7,1,0
3986,7,2,0
3987,1,0,0
3987,2,1,0
3987,3,0,0
3987,3,1,0
3987,4,2,0
3987,5,0,0
3987,5,2,0
3987,6,1,0
3987,6,2,0
3987,7,0,0
3987,7,1,0
3987,7,2,0
3988,1,0,0
3988,2,1,0
3988,3,0,0
3988,3,1,0
3988,4,2,0
3988,5,0,0
3988,5,2,0
3988,6,1,0
3988,6,2,0
3988,7,0,0
3988,7,1,0
3988,7,2,0
3989,1,0,0
3989,2,1,0
3989,3,0,0
3989,3,1,0
3989,4,2,0
3989,5,0,0
3989,5,2,0
3989,6,1,0
3989,6,2,0
3989,7,0,0
3989,7,1,0
3989,7,2,0
3990,1,0,0
3990,2,1,0
3990,3,0,0
3990,3,1,0
3990,4,2,0
3990,5,0,0
3990,5,2,0
3990,6,1,0
3990,6,2,0
3990,7,0,0
3990,7,1,0
3990,7,2,0
3991,1,0,0
3991,2,1,0
3991,3,0,0
3991,3,1,0
3991,4,2,0
3991,5,0,0
3991,5,2,0
3991,6,1,0
3991,6,2,0
3991,7,0,0
3991,7,1,0
3991,7,2,0
3992,1,0,0
3992,2,1,0
3992,3,0,0
3992,3,1,0
3992,4,2,0
3992,5,0,0
3992,5,2,0
3992,6,1,0
3992,6,2,0
3992,7,0,0
3992,7,1,0
3992,7,2,0
3993,1,0,0
3993,2,1,0
3993,3,0,0
3993,3,1,0
3993,4,2,0
3993,5,0,0
3993,5,2,0
3993,6,1,0
3993,6,2,0
3993,7,0,0
3993,7,1,0
3993,7,2,0
3994,1,0,0
3994,2,1,0
3994,3,0,0
3994,3,1,0
3994,4,2,0
3994,5,0,0
3994,5,2,0
3994,6,1,0
3994,6,2,0
3994,7,0,0
3994,7,1,0
3994,7,2,0
3995,1,0,0
3995,2,1,0
3995,3,0,0
3995,3,1,0
3995,4,2,0
3995,5,0,0
3995,5,2,0
3995,6,1,0
3995,6,2,0
3995,7,0,0
3995,7,1,0
3995,7,2,0
3996,1,0,1
3996,2,1,1
3996,3,0,1
3996,3,1,1
3996,4,2,1
3996,5,0,1
3996,5,2,1
3996,6,1,1
3996,6,2,1
3996,7,0,1
3996,7,1,1
3996,7,2,1
3997,1,0,1
3997,2,1,1
3997,3,0,1
3997,3,1,1
3997,4,2,1
3997,5,0,1
3997,5,2,1
3997,6,1,1
3997,6,2,1
3997,7,0,1
3997,7,1,1
3997,7,2,1
3998,1,0,0
3998,2,1,0
3998,3,0,0
3998,3,1,0
3998,4,2,0
3998,5,0,0
3998,5,2,0
3998,6,1,0
3998,6,2,0
3998,7,0,0
3998,7,1,0
3998,7,2,0
3999,1,0,0
3999,2,1,0
3999,3,0,0
3999,3,1,0
3999,4,2,0
3999,5,0,0
3999,5,2,0
3999,6,1,0
3999,6,2,0
3999,7,0,0
3999,7,1,0
3999,7,2,0
