edge_encoding,port_bits,initial,live
16000,1,0,0
16000,2,1,0
16000,3,0,0
16000,3,1,0
16000,4,2,0
16000,5,0,0
16000,5,2,0
16000,6,1,0
16000,6,2,0
16000,7,0,0
16000,7,1,0
16000,7,2,0
16001,1,0,0
16001,2,1,0
16001,3,0,0
16001,3,1,0
16001,4,2,0
16001,5,0,0
16001,5,2,0
16001,6,1,0
16001,6,2,0
16001,7,0,0
16001,7,1,0
16001,7,2,0
16002,1,0,0
16002,2,1,0
16002,3,0,0
16002,3,1,0
16002,4,2,0
16002,5,0,0
16002,5,2,0
16002,6,1,0
16002,6,2,0
16002,7,0,0
16002,7,1,0
16002,7,2,0
16003,1,0,0
16003,2,1,0
16003,3,0,0
16003,3,1,0
16003,4,2,0
16003,5,0,0
16003,5,2,0
16003,6,1,0
16003,6,2,0
16003,7,0,0
16003,7,1,0
16003,7,2,0
16004,1,0,0
16004,2,1,0
16004,3,0,0
16004,3,1,0
16004,4,2,0
16004,5,0,0
16004,5,2,0
16004,6,1,0
16004,6,2,0
16004,7,0,0
16004,7,1,0
16004,7,2,0
16005,1,0,0
16005,2,1,0
16005,3,0,0
16005,3,1,0
16005,4,2,0
16005,5,0,0
16005,5,2,0
16005,6,1,0
16005,6,2,0
16005,7,0,0
16005,7,1,0
16005,7,2,0
16006,1,0,0
16006,2,1,0
16006,3,0,0
16006,3,1,0
16006,4,2,0
16006,5,0,0
16006,5,2,0
16006,6,1,0
16006,6,2,0
16006,7,0,0
16006,7,1,0
16006,7,2,0
16007,1,0,0
16007,2,1,0
16007,3,0,0
16007,3,1,0
16007,4,2,0
16007,5,0,0
16007,5,2,0
16007,6,1,0
16007,6,2,0
16007,7,0,0
16007,7,1,0
16007,7,2,0
16008,1,0,0
16008,2,1,0
16008,3,0,0
16008,3,1,0
16008,4,2,0
16008,5,0,0
16008,5,2,0
16008,6,1,0
16008,6,2,0
16008,7,0,0
16008,7,1,0
16008,7,2,0
16009,1,0,0
16009,2,1,0
16009,3,0,0
16009,3,1,0
16009,4,2,0
16009,5,0,0
16009,5,2,0
16009,6,1,0
16009,6,2,0
16009,7,0,0
16009,7,1,0
16009,7,2,0
16010,1,0,0
16010,2,1,0
16010,3,0,0
16010,3,1,0
16010,4,2,0
16010,5,0,0
16010,5,2,0
16010,6,1,0
16010,6,2,0
16010,7,0,0
16010,7,1,0
16010,7,2,0
16011,1,0,1
16011,2,1,0
16011,3,0,1
16011,3,1,0
16011,4,2,0
16011,5,0,1
16011,5,2,0
16011,6,1,0
16011,6,2,0
16011,7,0,1
16011,7,1,0
16011,7,2,0
16012,1,0,1
16012,2,1,0
16012,3,0,1
16012,3,1,0
16012,4,2,0
16012,5,0,1
16012,5,2,0
16012,6,1,0
16012,6,2,0
16012,7,0,1
16012,7,1,0
16012,7,2,0
16013,1,0,0
16013,2,1,0
16013,3,0,0
16013,3,1,0
16013,4,2,0
16013,5,0,0
16013,5,2,0
16013,6,1,0
16013,6,2,0
16013,7,0,0
16013,7,1,0
16013,7,2,0
16014,1,0,0
16014,2,1,0
16014,3,0,0
16014,3,1,0
16014,4,2,0
16014,5,0,0
16014,5,2,0
16014,6,1,0
16014,6,2,0
16014,7,0,0
16014,7,1,0
16014,7,2,0
16015,1,0,0
16015,2,1,0
16015,3,0,0
16015,3,1,0
16015,4,2,0
16015,5,0,0
16015,5,2,0
16015,6,1,0
16015,6,2,0
16015,7,0,0
16015,7,1,0
16015,7,2,0
16016,1,0,0
16016,2,1,0
16016,3,0,0
16016,3,1,0
16016,4,2,0
16016,5,0,0
16016,5,2,0
16016,6,1,0
16016,6,2,0
16016,7,0,0
16016,7,1,0
16016,7,2,0
16017,1,0,0
16017,2,1,0
16017,3,0,0
16017,3,1,0
16017,4,2,0
16017,5,0,0
16017,5,2,0
16017,6,1,0
16017,6,2,0
16017,7,0,0
16017,7,1,0
16017,7,2,0
16018,1,0,0
16018,2,1,0
16018,3,0,0
16018,3,1,0
16018,4,2,0
16018,5,0,0
16018,5,2,0
16018,6,1,0
16018,6,2,0
16018,7,0,0
16018,7,1,0
16018,7,2,0
16019,1,0,0
16019,2,1,0
16019,3,0,0
16019,3,1,0
16019,4,2,0
16019,5,0,0
16019,5,2,0
16019,6,1,0
16019,6,2,0
16019,7,0,0
16019,7,1,0
16019,7,2,0
16020,1,0,0
16020,2,1,0
16020,3,0,0
16020,3,1,0
16020,4,2,0
16020,5,0,0
16020,5,2,0
16020,6,1,0
16020,6,2,0
16020,7,0,0
16020,7,1,0
16020,7,2,0
16021,1,0,0
16021,2,1,0
16021,3,0,0
16021,3,1,0
16021,4,2,0
16021,5,0,0
16021,5,2,0
16021,6,1,0
16021,6,2,0
16021,7,0,0
16021,7,1,0
16021,7,2,0
16022,1,0,0
16022,2,1,0
16022,3,0,0
16022,3,1,0
16022,4,2,0
16022,5,0,0
16022,5,2,0
16022,6,1,0
16022,6,2,0
16022,7,0,0
16022,7,1,0
16022,7,2,0
16023,1,0,0
16023,2,1,0
16023,3,0,0
16023,3,1,0
16023,4,2,0
16023,5,0,0
16023,5,2,0
16023,6,1,0
16023,6,2,0
16023,7,0,0
16023,7,1,0
16023,7,2,0
16024,1,0,0
16024,2,1,0
16024,3,0,0
16024,3,1,0
16024,4,2,0
16024,5,0,0
16024,5,2,0
16024,6,1,0
16024,6,2,0
16024,7,0,0
16024,7,1,0
16024,7,2,0
16025,1,0,0
16025,2,1,0
16025,3,0,0
16025,3,1,0
16025,4,2,0
16025,5,0,0
16025,5,2,0
16025,6,1,0
16025,6,2,0
16025,7,0,0
16025,7,1,0
16025,7,2,0
16026,1,0,0
16026,2,1,0
16026,3,0,0
16026,3,1,0
16026,4,2,0
16026,5,0,0
16026,5,2,0
16026,6,1,0
16026,6,2,0
16026,7,0,0
16026,7,1,0
16026,7,2,0
16027,1,0,0
16027,2,1,0
16027,3,0,0
16027,3,1,0
16027,4,2,0
16027,5,0,0
16027,5,2,0
16027,6,1,0
16027,6,2,0
16027,7,0,0
16027,7,1,0
16027,7,2,0
16028,1,0,0
16028,2,1,0
16028,3,0,0
16028,3,1,0
16028,4,2,0
16028,5,0,0
16028,5,2,0
16028,6,1,0
16028,6,2,0
16028,7,0,0
16028,7,1,0
16028,7,2,0
16029,1,0,0
16029,2,1,0
16029,3,0,0
16029,3,1,0
16029,4,2,0
16029,5,0,0
16029,5,2,0
16029,6,1,0
16029,6,2,0
16029,7,0,0
16029,7,1,0
16029,7,2,0
16030,1,0,0
16030,2,1,0
16030,3,0,0
16030,3,1,0
16030,4,2,0
16030,5,0,0
16030,5,2,0
16030,6,1,0
16030,6,2,0
16030,7,0,0
16030,7,1,0
16030,7,2,0
16031,1,0,0
16031,2,1,0
16031,3,0,0
16031,3,1,0
16031,4,2,0
16031,5,0,0
16031,5,2,0
16031,6,1,0
16031,6,2,0
16031,7,0,0
16031,7,1,0
16031,7,2,0
16032,1,0,0
16032,2,1,0
16032,3,0,0
16032,3,1,0
16032,4,2,0
16032,5,0,0
16032,5,2,0
16032,6,1,0
16032,6,2,0
16032,7,0,0
16032,7,1,0
16032,7,2,0
16033,1,0,0
16033,2,1,0
16033,3,0,0
16033,3,1,0
16033,4,2,0
16033,5,0,0
16033,5,2,0
16033,6,1,0
16033,6,2,0
16033,7,0,0
16033,7,1,0
16033,7,2,0
16034,1,0,0
16034,2,1,0
16034,3,0,0
16034,3,1,0
16034,4,2,0
16034,5,0,0
16034,5,2,0
16034,6,1,0
16034,6,2,0
16034,7,0,0
16034,7,1,0
16034,7,2,0
16035,1,0,0
16035,2,1,0
16035,3,0,0
16035,3,1,0
16035,4,2,0
16035,5,0,0
16035,5,2,0
16035,6,1,0
16035,6,2,0
16035,7,0,0
16035,7,1,0
16035,7,2,0
16036,1,0,0
16036,2,1,0
16036,3,0,0
16036,3,1,0
16036,4,2,0
16036,5,0,0
16036,5,2,0
16036,6,1,0
16036,6,2,0
16036,7,0,0
16036,7,1,0
16036,7,2,0
16037,1,0,0
16037,2,1,0
16037,3,0,0
16037,3,1,0
16037,4,2,0
16037,5,0,0
16037,5,2,0
16037,6,1,0
16037,6,2,0
16037,7,0,0
16037,7,1,0
16037,7,2,0
16038,1,0,1
16038,2,1,1
16038,3,0,1
16038,3,1,1
16038,4,2,0
16038,5,0,1
16038,5,2,0
16038,6,1,1
16038,6,2,0
16038,7,0,1
16038,7,1,1
16038,7,2,0
16039,1,0,1
16039,2,1,1
16039,3,0,1
16039,3,1,1
16039,4,2,0
16039,5,0,1
16039,5,2,0
16039,6,1,1
16039,6,2,0
16039,7,0,1
16039,7,1,1
16039,7,2,0
16040,1,0,0
16040,2,1,1
16040,3,0,0
16040,3,1,1
16040,4,2,0
16040,5,0,0
16040,5,2,0
16040,6,1,1
16040,6,2,0
16040,7,0,0
16040,7,1,1
16040,7,2,0
16041,1,0,1
16041,2,1,1
16041,3,0,1
16041,3,1,1
16041,4,2,0
16041,5,0,1
16041,5,2,0
16041,6,1,1
16041,6,2,0
16041,7,0,1
16041,7,1,1
16041,7,2,0
16042,1,0,1
16042,2,1,1
16042,3,0,1
16042,3,1,1
16042,4,2,0
16042,5,0,1
16042,5,2,0
16042,6,1,1
16042,6,2,0
16042,7,0,1
16042,7,1,1
16042,7,2,0
16043,1,0,0
16043,2,1,1
16043,3,0,0
16043,3,1,1
16043,4,2,0
16043,5,0,0
16043,5,2,0
16043,6,1,1
16043,6,2,0
16043,7,0,0
16043,7,1,1
16043,7,2,0
16044,1,0,1
16044,2,1,1
16044,3,0,1
16044,3,1,1
16044,4,2,0
16044,5,0,1
16044,5,2,0
16044,6,1,1
16044,6,2,0
16044,7,0,1
16044,7,1,1
16044,7,2,0
16045,1,0,1
16045,2,1,1
16045,3,0,1
16045,3,1,1
16045,4,2,0
16045,5,0,1
16045,5,2,0
16045,6,1,1
16045,6,2,0
16045,7,0,1
16045,7,1,1
16045,7,2,0
16046,1,0,0
16046,2,1,1
16046,3,0,0
16046,3,1,1
16046,4,2,0
16046,5,0,0
16046,5,2,0
16046,6,1,1
16046,6,2,0
16046,7,0,0
16046,7,1,1
16046,7,2,0
16047,1,0,0
16047,2,1,1
16047,3,0,0
16047,3,1,1
16047,4,2,0
16047,5,0,0
16047,5,2,0
16047,6,1,1
16047,6,2,0
16047,7,0,0
16047,7,1,1
16047,7,2,0
16048,1,0,0
16048,2,1,1
16048,3,0,0
16048,3,1,1
16048,4,2,0
16048,5,0,0
16048,5,2,0
16048,6,1,1
16048,6,2,0
16048,7,0,0
16048,7,1,1
16048,7,2,0
16049,1,0,0
16049,2,1,1
16049,3,0,0
16049,3,1,1
16049,4,2,0
16049,5,0,0
16049,5,2,0
16049,6,1,1
16049,6,2,0
16049,7,0,0
16049,7,1,1
16049,7,2,0
16050,1,0,0
16050,2,1,1
16050,3,0,0
16050,3,1,1
16050,4,2,0
16050,5,0,0
16050,5,2,0
16050,6,1,1
16050,6,2,0
16050,7,0,0
16050,7,1,1
16050,7,2,0
16051,1,0,0
16051,2,1,1
16051,3,0,0
16051,3,1,1
16051,4,2,0
16051,5,0,0
16051,5,2,0
16051,6,1,1
16051,6,2,0
16051,7,0,0
16051,7,1,1
16051,7,2,0
16052,1,0,0
16052,2,1,1
16052,3,0,0
16052,3,1,1
16052,4,2,0
16052,5,0,0
16052,5,2,0
16052,6,1,1
16052,6,2,0
16052,7,0,0
16052,7,1,1
16052,7,2,0
16053,1,0,0
16053,2,1,1
16053,3,0,0
16053,3,1,1
16053,4,2,0
16053,5,0,0
16053,5,2,0
16053,6,1,1
16053,6,2,0
16053,7,0,0
16053,7,1,1
16053,7,2,0
16054,1,0,0
16054,2,1,1
16054,3,0,0
16054,3,1,1
16054,4,2,0
16054,5,0,0
16054,5,2,0
16054,6,1,1
16054,6,2,0
16054,7,0,0
16054,7,1,1
16054,7,2,0
16055,1,0,0
16055,2,1,1
16055,3,0,0
16055,3,1,1
16055,4,2,0
16055,5,0,0
16055,5,2,0
16055,6,1,1
16055,6,2,0
16055,7,0,0
16055,7,1,1
16055,7,2,0
16056,1,0,0
16056,2,1,1
16056,3,0,0
16056,3,1,1
16056,4,2,0
16056,5,0,0
16056,5,2,0
16056,6,1,1
16056,6,2,0
16056,7,0,0
16056,7,1,1
16056,7,2,0
16057,1,0,0
16057,2,1,1
16057,3,0,0
16057,3,1,1
16057,4,2,0
16057,5,0,0
16057,5,2,0
16057,6,1,1
16057,6,2,0
16057,7,0,0
16057,7,1,1
16057,7,2,0
16058,1,0,0
16058,2,1,1
16058,3,0,0
16058,3,1,1
16058,4,2,0
16058,5,0,0
16058,5,2,0
16058,6,1,1
16058,6,2,0
16058,7,0,0
16058,7,1,1
16058,7,2,0
16059,1,0,0
16059,2,1,1
16059,3,0,0
16059,3,1,1
16059,4,2,0
16059,5,0,0
16059,5,2,0
16059,6,1,1
16059,6,2,0
16059,7,0,0
16059,7,1,1
16059,7,2,0
16060,1,0,0
16060,2,1,1
16060,3,0,0
16060,3,1,1
16060,4,2,0
16060,5,0,0
16060,5,2,0
16060,6,1,1
16060,6,2,0
16060,7,0,0
16060,7,1,1
16060,7,2,0
16061,1,0,0
16061,2,1,1
16061,3,0,0
16061,3,1,1
16061,4,2,0
16061,5,0,0
16061,5,2,0
16061,6,1,1
16061,6,2,0
16061,7,0,0
16061,7,1,1
16061,7,2,0
16062,1,0,0
16062,2,1,1
16062,3,0,0
16062,3,1,1
16062,4,2,0
16062,5,0,0
16062,5,2,0
16062,6,1,1
16062,6,2,0
16062,7,0,0
16062,7,1,1
16062,7,2,0
16063,1,0,0
16063,2,1,1
16063,3,0,0
16063,3,1,1
16063,4,2,0
16063,5,0,0
16063,5,2,0
16063,6,1,1
16063,6,2,0
16063,7,0,0
16063,7,1,1
16063,7,2,0
16064,1,0,0
16064,2,1,1
16064,3,0,0
16064,3,1,1
16064,4,2,0
16064,5,0,0
16064,5,2,0
16064,6,1,1
16064,6,2,0
16064,7,0,0
16064,7,1,1
16064,7,2,0
16065,1,0,1
16065,2,1,1
16065,3,0,1
16065,3,1,1
16065,4,2,0
16065,5,0,1
16065,5,2,0
16065,6,1,1
16065,6,2,0
16065,7,0,1
16065,7,1,1
16065,7,2,0
16066,1,0,1
16066,2,1,1
16066,3,0,1
16066,3,1,1
16066,4,2,0
16066,5,0,1
16066,5,2,0
16066,6,1,1
16066,6,2,0
16066,7,0,1
16066,7,1,1
16066,7,2,0
16067,1,0,0
16067,2,1,0
16067,3,0,0
16067,3,1,0
16067,4,2,0
16067,5,0,0
16067,5,2,0
16067,6,1,0
16067,6,2,0
16067,7,0,0
16067,7,1,0
16067,7,2,0
16068,1,0,1
16068,2,1,1
16068,3,0,1
16068,3,1,1
16068,4,2,0
16068,5,0,1
16068,5,2,0
16068,6,1,1
16068,6,2,0
16068,7,0,1
16068,7,1,1
16068,7,2,0
16069,1,0,1
16069,2,1,1
16069,3,0,1
16069,3,1,1
16069,4,2,0
16069,5,0,1
16069,5,2,0
16069,6,1,1
16069,6,2,0
16069,7,0,1
16069,7,1,1
16069,7,2,0
16070,1,0,0
16070,2,1,0
16070,3,0,0
16070,3,1,0
16070,4,2,0
16070,5,0,0
16070,5,2,0
16070,6,1,0
16070,6,2,0
16070,7,0,0
16070,7,1,0
16070,7,2,0
16071,1,0,0
16071,2,1,0
16071,3,0,0
16071,3,1,0
16071,4,2,0
16071,5,0,0
16071,5,2,0
16071,6,1,0
16071,6,2,0
16071,7,0,0
16071,7,1,0
16071,7,2,0
16072,1,0,0
16072,2,1,0
16072,3,0,0
16072,3,1,0
16072,4,2,0
16072,5,0,0
16072,5,2,0
16072,6,1,0
16072,6,2,0
16072,7,0,0
16072,7,1,0
16072,7,2,0
16073,1,0,0
16073,2,1,0
16073,3,0,0
16073,3,1,0
16073,4,2,0
16073,5,0,0
16073,5,2,0
16073,6,1,0
16073,6,2,0
16073,7,0,0
16073,7,1,0
16073,7,2,0
16074,1,0,0
16074,2,1,0
16074,3,0,0
16074,3,1,0
16074,4,2,0
16074,5,0,0
16074,5,2,0
16074,6,1,0
16074,6,2,0
16074,7,0,0
16074,7,1,0
16074,7,2,0
16075,1,0,0
16075,2,1,0
16075,3,0,0
16075,3,1,0
16075,4,2,0
16075,5,0,0
16075,5,2,0
16075,6,1,0
16075,6,2,0
16075,7,0,0
16075,7,1,0
16075,7,2,0
16076,1,0,0
16076,2,1,0
16076,3,0,0
16076,3,1,0
16076,4,2,0
16076,5,0,0
16076,5,2,0
16076,6,1,0
16076,6,2,0
16076,7,0,0
16076,7,1,0
16076,7,2,0
16077,1,0,0
16077,2,1,0
16077,3,0,0
16077,3,1,0
16077,4,2,0
16077,5,0,0
16077,5,2,0
16077,6,1,0
16077,6,2,0
16077,7,0,0
16077,7,1,0
16077,7,2,0
16078,1,0,0
16078,2,1,0
16078,3,0,0
16078,3,1,0
16078,4,2,0
16078,5,0,0
16078,5,2,0
16078,6,1,0
16078,6,2,0
16078,7,0,0
16078,7,1,0
16078,7,2,0
16079,1,0,0
16079,2,1,0
16079,3,0,0
16079,3,1,0
16079,4,2,0
16079,5,0,0
16079,5,2,0
16079,6,1,0
16079,6,2,0
16079,7,0,0
16079,7,1,0
16079,7,2,0
16080,1,0,0
16080,2,1,0
16080,3,0,0
16080,3,1,0
16080,4,2,0
16080,5,0,0
16080,5,2,0
16080,6,1,0
16080,6,2,0
16080,7,0,0
16080,7,1,0
16080,7,2,0
16081,1,0,0
16081,2,1,0
16081,3,0,0
16081,3,1,0
16081,4,2,0
16081,5,0,0
16081,5,2,0
16081,6,1,0
16081,6,2,0
16081,7,0,0
16081,7,1,0
16081,7,2,0
16082,1,0,0
16082,2,1,0
16082,3,0,0
16082,3,1,0
16082,4,2,0
16082,5,0,0
16082,5,2,0
16082,6,1,0
16082,6,2,0
16082,7,0,0
16082,7,1,0
16082,7,2,0
16083,1,0,0
16083,2,1,0
16083,3,0,0
16083,3,1,0
16083,4,2,0
16083,5,0,0
16083,5,2,0
16083,6,1,0
16083,6,2,0
16083,7,0,0
16083,7,1,0
16083,7,2,0
16084,1,0,0
16084,2,1,0
16084,3,0,0
16084,3,1,0
16084,4,2,0
16084,5,0,0
16084,5,2,0
16084,6,1,0
16084,6,2,0
16084,7,0,0
16084,7,1,0
16084,7,2,0
16085,1,0,0
16085,2,1,0
16085,3,0,0
16085,3,1,0
16085,4,2,0
16085,5,0,0
16085,5,2,0
16085,6,1,0
16085,6,2,0
16085,7,0,0
16085,7,1,0
16085,7,2,0
16086,1,0,0
16086,2,1,0
16086,3,0,0
16086,3,1,0
16086,4,2,0
16086,5,0,0
16086,5,2,0
16086,6,1,0
16086,6,2,0
16086,7,0,0
16086,7,1,0
16086,7,2,0
16087,1,0,0
16087,2,1,0
16087,3,0,0
16087,3,1,0
16087,4,2,0
16087,5,0,0
16087,5,2,0
16087,6,1,0
16087,6,2,0
16087,7,0,0
16087,7,1,0
16087,7,2,0
16088,1,0,0
16088,2,1,0
16088,3,0,0
16088,3,1,0
16088,4,2,0
16088,5,0,0
16088,5,2,0
16088,6,1,0
16088,6,2,0
16088,7,0,0
16088,7,1,0
16088,7,2,0
16089,1,0,0
16089,2,1,0
16089,3,0,0
16089,3,1,0
16089,4,2,0
16089,5,0,0
16089,5,2,0
16089,6,1,0
16089,6,2,0
16089,7,0,0
16089,7,1,0
16089,7,2,0
16090,1,0,0
16090,2,1,0
16090,3,0,0
16090,3,1,0
16090,4,2,0
16090,5,0,0
16090,5,2,0
16090,6,1,0
16090,6,2,0
16090,7,0,0
16090,7,1,0
16090,7,2,0
16091,1,0,0
16091,2,1,0
16091,3,0,0
16091,3,1,0
16091,4,2,0
16091,5,0,0
16091,5,2,0
16091,6,1,0
16091,6,2,0
16091,7,0,0
16091,7,1,0
16091,7,2,0
16092,1,0,1
16092,2,1,1
16092,3,0,1
16092,3,1,1
16092,4,2,0
16092,5,0,1
16092,5,2,0
16092,6,1,1
16092,6,2,0
16092,7,0,1
16092,7,1,1
16092,7,2,0
16093,1,0,1
16093,2,1,1
16093,3,0,1
16093,3,1,1
16093,4,2,0
16093,5,0,1
16093,5,2,0
16093,6,1,1
16093,6,2,0
16093,7,0,1
16093,7,1,1
16093,7,2,0
16094,1,0,0
16094,2,1,0
16094,3,0,0
16094,3,1,0
16094,4,2,0
16094,5,0,0
16094,5,2,0
16094,6,1,0
16094,6,2,0
16094,7,0,0
16094,7,1,0
16094,7,2,0
16095,1,0,0
16095,2,1,0
16095,3,0,0
16095,3,1,0
16095,4,2,0
16095,5,0,0
16095,5,2,0
16095,6,1,0
16095,6,2,0
16095,7,0,0
16095,7,1,0
16095,7,2,0
16096,1,0,0
16096,2,1,0
16096,3,0,0
16096,3,1,0
16096,4,2,0
16096,5,0,0
16096,5,2,0
16096,6,1,0
16096,6,2,0
16096,7,0,0
16096,7,1,0
16096,7,2,0
16097,1,0,0
16097,2,1,0
16097,3,0,0
16097,3,1,0
16097,4,2,0
16097,5,0,0
16097,5,2,0
16097,6,1,0
16097,6,2,0
16097,7,0,0
16097,7,1,0
16097,7,2,0
16098,1,0,0
16098,2,1,0
16098,3,0,0
16098,3,1,0
16098,4,2,0
16098,5,0,0
16098,5,2,0
16098,6,1,0
16098,6,2,0
16098,7,0,0
16098,7,1,0
16098,7,2,0
16099,1,0,0
16099,2,1,0
16099,3,0,0
16099,3,1,0
16099,4,2,0
16099,5,0,0
16099,5,2,0
16099,6,1,0
16099,6,2,0
16099,7,0,0
16099,7,1,0
16099,7,2,0
16100,1,0,0
16100,2,1,0
16100,3,0,0
16100,3,1,0
16100,4,2,0
16100,5,0,0
16100,5,2,0
16100,6,1,0
16100,6,2,0
16100,7,0,0
16100,7,1,0
16100,7,2,0
16101,1,0,0
16101,2,1,0
16101,3,0,0
16101,3,1,0
16101,4,2,0
16101,5,0,0
16101,5,2,0
16101,6,1,0
16101,6,2,0
16101,7,0,0
16101,7,1,0
16101,7,2,0
16102,1,0,0
16102,2,1,0
16102,3,0,0
16102,3,1,0
16102,4,2,0
16102,5,0,0
16102,5,2,0
16102,6,1,0
16102,6,2,0
16102,7,0,0
16102,7,1,0
16102,7,2,0
16103,1,0,0
16103,2,1,0
16103,3,0,0
16103,3,1,0
16103,4,2,0
16103,5,0,0
16103,5,2,0
16103,6,1,0
16103,6,2,0
16103,7,0,0
16103,7,1,0
16103,7,2,0
16104,1,0,0
16104,2,1,0
16104,3,0,0
16104,3,1,0
16104,4,2,0
16104,5,0,0
16104,5,2,0
16104,6,1,0
16104,6,2,0
16104,7,0,0
16104,7,1,0
16104,7,2,0
16105,1,0,0
16105,2,1,0
16105,3,0,0
16105,3,1,0
16105,4,2,0
16105,5,0,0
16105,5,2,0
16105,6,1,0
16105,6,2,0
16105,7,0,0
16105,7,1,0
16105,7,2,0
16106,1,0,0
16106,2,1,0
16106,3,0,0
16106,3,1,0
16106,4,2,0
16106,5,0,0
16106,5,2,0
16106,6,1,0
16106,6,2,0
16106,7,0,0
16106,7,1,0
16106,7,2,0
16107,1,0,0
16107,2,1,0
16107,3,0,0
16107,3,1,0
16107,4,2,0
16107,5,0,0
16107,5,2,0
16107,6,1,0
16107,6,2,0
16107,7,0,0
16107,7,1,0
16107,7,2,0
16108,1,0,0
16108,2,1,0
16108,3,0,0
16108,3,1,0
16108,4,2,0
16108,5,0,0
16108,5,2,0
16108,6,1,0
16108,6,2,0
16108,7,0,0
16108,7,1,0
16108,7,2,0
16109,1,0,0
16109,2,1,0
16109,3,0,0
16109,3,1,0
16109,4,2,0
16109,5,0,0
16109,5,2,0
16109,6,1,0
16109,6,2,0
16109,7,0,0
16109,7,1,0
16109,7,2,0
16110,1,0,0
16110,2,1,0
16110,3,0,0
16110,3,1,0
16110,4,2,0
16110,5,0,0
16110,5,2,0
16110,6,1,0
16110,6,2,0
16110,7,0,0
16110,7,1,0
16110,7,2,0
16111,1,0,0
16111,2,1,0
16111,3,0,0
16111,3,1,0
16111,4,2,0
16111,5,0,0
16111,5,2,0
16111,6,1,0
16111,6,2,0
16111,7,0,0
16111,7,1,0
16111,7,2,0
16112,1,0,0
16112,2,1,0
16112,3,0,0
16112,3,1,0
16112,4,2,0
16112,5,0,0
16112,5,2,0
16112,6,1,0
16112,6,2,0
16112,7,0,0
16112,7,1,0
16112,7,2,0
16113,1,0,0
16113,2,1,0
16113,3,0,0
16113,3,1,0
16113,4,2,0
16113,5,0,0
16113,5,2,0
16113,6,1,0
16113,6,2,0
16113,7,0,0
16113,7,1,0
16113,7,2,0
16114,1,0,0
16114,2,1,0
16114,3,0,0
16114,3,1,0
16114,4,2,0
16114,5,0,0
16114,5,2,0
16114,6,1,0
16114,6,2,0
16114,7,0,0
16114,7,1,0
16114,7,2,0
16115,1,0,0
16115,2,1,0
16115,3,0,0
16115,3,1,0
16115,4,2,0
16115,5,0,0
16115,5,2,0
16115,6,1,0
16115,6,2,0
16115,7,0,0
16115,7,1,0
16115,7,2,0
16116,1,0,0
16116,2,1,0
16116,3,0,0
16116,3,1,0
16116,4,2,0
16116,5,0,0
16116,5,2,0
16116,6,1,0
16116,6,2,0
16116,7,0,0
16116,7,1,0
16116,7,2,0
16117,1,0,0
16117,2,1,0
16117,3,0,0
16117,3,1,0
16117,4,2,0
16117,5,0,0
16117,5,2,0
16117,6,1,0
16117,6,2,0
16117,7,0,0
16117,7,1,0
16117,7,2,0
16118,1,0,0
16118,2,1,0
16118,3,0,0
16118,3,1,0
16118,4,2,0
16118,5,0,0
16118,5,2,0
16118,6,1,0
16118,6,2,0
16118,7,0,0
16118,7,1,0
16118,7,2,0
16119,1,0,1
16119,2,1,1
16119,3,0,1
16119,3,1,1
16119,4,2,0
16119,5,0,1
16119,5,2,0
16119,6,1,1
16119,6,2,0
16119,7,0,1
16119,7,1,1
16119,7,2,0
16120,1,0,1
16120,2,1,1
16120,3,0,1
16120,3,1,1
16120,4,2,0
16120,5,0,1
16120,5,2,0
16120,6,1,1
16120,6,2,0
16120,7,0,1
16120,7,1,1
16120,7,2,0
16121,1,0,0
16121,2,1,1
16121,3,0,0
16121,3,1,1
16121,4,2,0
16121,5,0,0
16121,5,2,0
16121,6,1,1
16121,6,2,0
16121,7,0,0
16121,7,1,1
16121,7,2,0
16122,1,0,1
16122,2,1,1
16122,3,0,1
16122,3,1,1
16122,4,2,0
16122,5,0,1
16122,5,2,0
16122,6,1,1
16122,6,2,0
16122,7,0,1
16122,7,1,1
16122,7,2,0
16123,1,0,1
16123,2,1,1
16123,3,0,1
16123,3,1,1
16123,4,2,0
16123,5,0,1
16123,5,2,0
16123,6,1,1
16123,6,2,0
16123,7,0,1
16123,7,1,1
16123,7,2,0
16124,1,0,0
16124,2,1,1
16124,3,0,0
16124,3,1,1
16124,4,2,0
16124,5,0,0
16124,5,2,0
16124,6,1,1
16124,6,2,0
16124,7,0,0
16124,7,1,1
16124,7,2,0
16125,1,0,1
16125,2,1,1
16125,3,0,1
16125,3,1,1
16125,4,2,0
16125,5,0,1
16125,5,2,0
16125,6,1,1
16125,6,2,0
16125,7,0,1
16125,7,1,1
16125,7,2,0
16126,1,0,1
16126,2,1,1
16126,3,0,1
16126,3,1,1
16126,4,2,0
16126,5,0,1
16126,5,2,0
16126,6,1,1
16126,6,2,0
16126,7,0,1
16126,7,1,1
16126,7,2,0
16127,1,0,0
16127,2,1,1
16127,3,0,0
16127,3,1,1
16127,4,2,0
16127,5,0,0
16127,5,2,0
16127,6,1,1
16127,6,2,0
16127,7,0,0
16127,7,1,1
16127,7,2,0
16128,1,0,0
16128,2,1,1
16128,3,0,0
16128,3,1,1
16128,4,2,0
16128,5,0,0
16128,5,2,0
16128,6,1,1
16128,6,2,0
16128,7,0,0
16128,7,1,1
16128,7,2,0
16129,1,0,0
16129,2,1,1
16129,3,0,0
16129,3,1,1
16129,4,2,0
16129,5,0,0
16129,5,2,0
16129,6,1,1
16129,6,2,0
16129,7,0,0
16129,7,1,1
16129,7,2,0
16130,1,0,0
16130,2,1,1
16130,3,0,0
16130,3,1,1
16130,4,2,0
16130,5,0,0
16130,5,2,0
16130,6,1,1
16130,6,2,0
16130,7,0,0
16130,7,1,1
16130,7,2,0
16131,1,0,0
16131,2,1,1
16131,3,0,0
16131,3,1,1
16131,4,2,0
16131,5,0,0
16131,5,2,0
16131,6,1,1
16131,6,2,0
16131,7,0,0
16131,7,1,1
16131,7,2,0
16132,1,0,0
16132,2,1,1
16132,3,0,0
16132,3,1,1
16132,4,2,0
16132,5,0,0
16132,5,2,0
16132,6,1,1
16132,6,2,0
16132,7,0,0
16132,7,1,1
16132,7,2,0
16133,1,0,0
16133,2,1,1
16133,3,0,0
16133,3,1,1
16133,4,2,0
16133,5,0,0
16133,5,2,0
16133,6,1,1
16133,6,2,0
16133,7,0,0
16133,7,1,1
16133,7,2,0
16134,1,0,0
16134,2,1,1
16134,3,0,0
16134,3,1,1
16134,4,2,0
16134,5,0,0
16134,5,2,0
16134,6,1,1
16134,6,2,0
16134,7,0,0
16134,7,1,1
16134,7,2,0
16135,1,0,0
16135,2,1,1
16135,3,0,0
16135,3,1,1
16135,4,2,0
16135,5,0,0
16135,5,2,0
16135,6,1,1
16135,6,2,0
16135,7,0,0
16135,7,1,1
16135,7,2,0
16136,1,0,0
16136,2,1,1
16136,3,0,0
16136,3,1,1
16136,4,2,0
16136,5,0,0
16136,5,2,0
16136,6,1,1
16136,6,2,0
16136,7,0,0
16136,7,1,1
16136,7,2,0
16137,1,0,0
16137,2,1,1
16137,3,0,0
16137,3,1,1
16137,4,2,0
16137,5,0,0
16137,5,2,0
16137,6,1,1
16137,6,2,0
16137,7,0,0
16137,7,1,1
16137,7,2,0
16138,1,0,0
16138,2,1,1
16138,3,0,0
16138,3,1,1
16138,4,2,0
16138,5,0,0
16138,5,2,0
16138,6,1,1
16138,6,2,0
16138,7,0,0
16138,7,1,1
16138,7,2,0
16139,1,0,0
16139,2,1,1
16139,3,0,0
16139,3,1,1
16139,4,2,0
16139,5,0,0
16139,5,2,0
16139,6,1,1
16139,6,2,0
16139,7,0,0
16139,7,1,1
16139,7,2,0
16140,1,0,0
16140,2,1,1
16140,3,0,0
16140,3,1,1
16140,4,2,0
16140,5,0,0
16140,5,2,0
16140,6,1,1
16140,6,2,0
16140,7,0,0
16140,7,1,1
16140,7,2,0
16141,1,0,0
16141,2,1,1
16141,3,0,0
16141,3,1,1
16141,4,2,0
16141,5,0,0
16141,5,2,0
16141,6,1,1
16141,6,2,0
16141,7,0,0
16141,7,1,1
16141,7,2,0
16142,1,0,0
16142,2,1,1
16142,3,0,0
16142,3,1,1
16142,4,2,0
16142,5,0,0
16142,5,2,0
16142,6,1,1
16142,6,2,0
16142,7,0,0
16142,7,1,1
16142,7,2,0
16143,1,0,0
16143,2,1,1
16143,3,0,0
16143,3,1,1
16143,4,2,0
16143,5,0,0
16143,5,2,0
16143,6,1,1
16143,6,2,0
16143,7,0,0
16143,7,1,1
16143,7,2,0
16144,1,0,0
16144,2,1,1
16144,3,0,0
16144,3,1,1
16144,4,2,0
16144,5,0,0
16144,5,2,0
16144,6,1,1
16144,6,2,0
16144,7,0,0
16144,7,1,1
16144,7,2,0
16145,1,0,0
16145,2,1,1
16145,3,0,0
16145,3,1,1
16145,4,2,0
16145,5,0,0
16145,5,2,0
16145,6,1,1
16145,6,2,0
16145,7,0,0
16145,7,1,1
16145,7,2,0
16146,1,0,1
16146,2,1,1
16146,3,0,1
16146,3,1,1
16146,4,2,0
16146,5,0,1
16146,5,2,0
16146,6,1,1
16146,6,2,0
16146,7,0,1
16146,7,1,1
16146,7,2,0
16147,1,0,1
16147,2,1,1
16147,3,0,1
16147,3,1,1
16147,4,2,0
16147,5,0,1
16147,5,2,0
16147,6,1,1
16147,6,2,0
16147,7,0,1
16147,7,1,1
16147,7,2,0
16148,1,0,0
16148,2,1,0
16148,3,0,0
16148,3,1,0
16148,4,2,0
16148,5,0,0
16148,5,2,0
16148,6,1,0
16148,6,2,0
16148,7,0,0
16148,7,1,0
16148,7,2,0
16149,1,0,1
16149,2,1,1
16149,3,0,1
16149,3,1,1
16149,4,2,0
16149,5,0,1
16149,5,2,0
16149,6,1,1
16149,6,2,0
16149,7,0,1
16149,7,1,1
16149,7,2,0
16150,1,0,1
16150,2,1,1
16150,3,0,1
16150,3,1,1
16150,4,2,0
16150,5,0,1
16150,5,2,0
16150,6,1,1
16150,6,2,0
16150,7,0,1
16150,7,1,1
16150,7,2,0
16151,1,0,0
16151,2,1,0
16151,3,0,0
16151,3,1,0
16151,4,2,0
16151,5,0,0
16151,5,2,0
16151,6,1,0
16151,6,2,0
16151,7,0,0
16151,7,1,0
16151,7,2,0
16152,1,0,0
16152,2,1,0
16152,3,0,0
16152,3,1,0
16152,4,2,0
16152,5,0,0
16152,5,2,0
16152,6,1,0
16152,6,2,0
16152,7,0,0
16152,7,1,0
16152,7,2,0
16153,1,0,0
16153,2,1,0
16153,3,0,0
16153,3,1,0
16153,4,2,0
16153,5,0,0
16153,5,2,0
16153,6,1,0
16153,6,2,0
16153,7,0,0
16153,7,1,0
16153,7,2,0
16154,1,0,0
16154,2,1,0
16154,3,0,0
16154,3,1,0
16154,4,2,0
16154,5,0,0
16154,5,2,0
16154,6,1,0
16154,6,2,0
16154,7,0,0
16154,7,1,0
16154,7,2,0
16155,1,0,0
16155,2,1,0
16155,3,0,0
16155,3,1,0
16155,4,2,0
16155,5,0,0
16155,5,2,0
16155,6,1,0
16155,6,2,0
16155,7,0,0
16155,7,1,0
16155,7,2,0
16156,1,0,0
16156,2,1,0
16156,3,0,0
16156,3,1,0
16156,4,2,0
16156,5,0,0
16156,5,2,0
16156,6,1,0
16156,6,2,0
16156,7,0,0
16156,7,1,0
16156,7,2,0
16157,1,0,0
16157,2,1,0
16157,3,0,0
16157,3,1,0
16157,4,2,0
16157,5,0,0
16157,5,2,0
16157,6,1,0
16157,6,2,0
16157,7,0,0
16157,7,1,0
16157,7,2,0
16158,1,0,0
16158,2,1,0
16158,3,0,0
16158,3,1,0
16158,4,2,0
16158,5,0,0
16158,5,2,0
16158,6,1,0
16158,6,2,0
16158,7,0,0
16158,7,1,0
16158,7,2,0
16159,1,0,0
16159,2,1,0
16159,3,0,0
16159,3,1,0
16159,4,2,0
16159,5,0,0
16159,5,2,0
16159,6,1,0
16159,6,2,0
16159,7,0,0
16159,7,1,0
16159,7,2,0
16160,1,0,0
16160,2,1,0
16160,3,0,0
16160,3,1,0
16160,4,2,0
16160,5,0,0
16160,5,2,0
16160,6,1,0
16160,6,2,0
16160,7,0,0
16160,7,1,0
16160,7,2,0
16161,1,0,0
16161,2,1,0
16161,3,0,0
16161,3,1,0
16161,4,2,0
16161,5,0,0
16161,5,2,0
16161,6,1,0
16161,6,2,0
16161,7,0,0
16161,7,1,0
16161,7,2,0
16162,1,0,0
16162,2,1,0
16162,3,0,0
16162,3,1,0
16162,4,2,0
16162,5,0,0
16162,5,2,0
16162,6,1,0
16162,6,2,0
16162,7,0,0
16162,7,1,0
16162,7,2,0
16163,1,0,0
16163,2,1,0
16163,3,0,0
16163,3,1,0
16163,4,2,0
16163,5,0,0
16163,5,2,0
16163,6,1,0
16163,6,2,0
16163,7,0,0
16163,7,1,0
16163,7,2,0
16164,1,0,0
16164,2,1,0
16164,3,0,0
16164,3,1,0
16164,4,2,0
16164,5,0,0
16164,5,2,0
16164,6,1,0
16164,6,2,0
16164,7,0,0
16164,7,1,0
16164,7,2,0
16165,1,0,0
16165,2,1,0
16165,3,0,0
16165,3,1,0
16165,4,2,0
16165,5,0,0
16165,5,2,0
16165,6,1,0
16165,6,2,0
16165,7,0,0
16165,7,1,0
16165,7,2,0
16166,1,0,0
16166,2,1,0
16166,3,0,0
16166,3,1,0
16166,4,2,0
16166,5,0,0
16166,5,2,0
16166,6,1,0
16166,6,2,0
16166,7,0,0
16166,7,1,0
16166,7,2,0
16167,1,0,0
16167,2,1,0
16167,3,0,0
16167,3,1,0
16167,4,2,0
16167,5,0,0
16167,5,2,0
16167,6,1,0
16167,6,2,0
16167,7,0,0
16167,7,1,0
16167,7,2,0
16168,1,0,0
16168,2,1,0
16168,3,0,0
16168,3,1,0
16168,4,2,0
16168,5,0,0
16168,5,2,0
16168,6,1,0
16168,6,2,0
16168,7,0,0
16168,7,1,0
16168,7,2,0
16169,1,0,0
16169,2,1,0
16169,3,0,0
16169,3,1,0
16169,4,2,0
16169,5,0,0
16169,5,2,0
16169,6,1,0
16169,6,2,0
16169,7,0,0
16169,7,1,0
16169,7,2,0
16170,1,0,0
16170,2,1,0
16170,3,0,0
16170,3,1,0
16170,4,2,0
16170,5,0,0
16170,5,2,0
16170,6,1,0
16170,6,2,0
16170,7,0,0
16170,7,1,0
16170,7,2,0
16171,1,0,0
16171,2,1,0
16171,3,0,0
16171,3,1,0
16171,4,2,0
16171,5,0,0
16171,5,2,0
16171,6,1,0
16171,6,2,0
16171,7,0,0
16171,7,1,0
16171,7,2,0
16172,1,0,0
16172,2,1,0
16172,3,0,0
16172,3,1,0
16172,4,2,0
16172,5,0,0
16172,5,2,0
16172,6,1,0
16172,6,2,0
16172,7,0,0
16172,7,1,0
16172,7,2,0
16173,1,0,1
16173,2,1,1
16173,3,0,1
16173,3,1,1
16173,4,2,0
16173,5,0,1
16173,5,2,0
16173,6,1,1
16173,6,2,0
16173,7,0,1
16173,7,1,1
16173,7,2,0
16174,1,0,1
16174,2,1,1
16174,3,0,1
16174,3,1,1
16174,4,2,0
16174,5,0,1
16174,5,2,0
16174,6,1,1
16174,6,2,0
16174,7,0,1
16174,7,1,1
16174,7,2,0
16175,1,0,0
16175,2,1,0
16175,3,0,0
16175,3,1,0
16175,4,2,0
16175,5,0,0
16175,5,2,0
16175,6,1,0
16175,6,2,0
16175,7,0,0
16175,7,1,0
16175,7,2,0
16176,1,0,0
16176,2,1,0
16176,3,0,0
16176,3,1,0
16176,4,2,0
16176,5,0,0
16176,5,2,0
16176,6,1,0
16176,6,2,0
16176,7,0,0
16176,7,1,0
16176,7,2,0
16177,1,0,0
16177,2,1,0
16177,3,0,0
16177,3,1,0
16177,4,2,0
16177,5,0,0
16177,5,2,0
16177,6,1,0
16177,6,2,0
16177,7,0,0
16177,7,1,0
16177,7,2,0
16178,1,0,0
16178,2,1,0
16178,3,0,0
16178,3,1,0
16178,4,2,0
16178,5,0,0
16178,5,2,0
16178,6,1,0
16178,6,2,0
16178,7,0,0
16178,7,1,0
16178,7,2,0
16179,1,0,0
16179,2,1,0
16179,3,0,0
16179,3,1,0
16179,4,2,0
16179,5,0,0
16179,5,2,0
16179,6,1,0
16179,6,2,0
16179,7,0,0
16179,7,1,0
16179,7,2,0
16180,1,0,0
16180,2,1,0
16180,3,0,0
16180,3,1,0
16180,4,2,0
16180,5,0,0
16180,5,2,0
16180,6,1,0
16180,6,2,0
16180,7,0,0
16180,7,1,0
16180,7,2,0
16181,1,0,0
16181,2,1,0
16181,3,0,0
16181,3,1,0
16181,4,2,0
16181,5,0,0
16181,5,2,0
16181,6,1,0
16181,6,2,0
16181,7,0,0
16181,7,1,0
16181,7,2,0
16182,1,0,0
16182,2,1,0
16182,3,0,0
16182,3,1,0
16182,4,2,0
16182,5,0,0
16182,5,2,0
16182,6,1,0
16182,6,2,0
16182,7,0,0
16182,7,1,0
16182,7,2,0
16183,1,0,0
16183,2,1,0
16183,3,0,0
16183,3,1,0
16183,4,2,0
16183,5,0,0
16183,5,2,0
16183,6,1,0
16183,6,2,0
16183,7,0,0
16183,7,1,0
16183,7,2,0
16184,1,0,0
16184,2,1,0
16184,3,0,0
16184,3,1,0
16184,4,2,0
16184,5,0,0
16184,5,2,0
16184,6,1,0
16184,6,2,0
16184,7,0,0
16184,7,1,0
16184,7,2,0
16185,1,0,0
16185,2,1,0
16185,3,0,0
16185,3,1,0
16185,4,2,0
16185,5,0,0
16185,5,2,0
16185,6,1,0
16185,6,2,0
16185,7,0,0
16185,7,1,0
16185,7,2,0
16186,1,0,0
16186,2,1,0
16186,3,0,0
16186,3,1,0
16186,4,2,0
16186,5,0,0
16186,5,2,0
16186,6,1,0
16186,6,2,0
16186,7,0,0
16186,7,1,0
16186,7,2,0
16187,1,0,0
16187,2,1,0
16187,3,0,0
16187,3,1,0
16187,4,2,0
16187,5,0,0
16187,5,2,0
16187,6,1,0
16187,6,2,0
16187,7,0,0
16187,7,1,0
16187,7,2,0
16188,1,0,0
16188,2,1,0
16188,3,0,0
16188,3,1,0
16188,4,2,0
16188,5,0,0
16188,5,2,0
16188,6,1,0
16188,6,2,0
16188,7,0,0
16188,7,1,0
16188,7,2,0
16189,1,0,0
16189,2,1,0
16189,3,0,0
16189,3,1,0
16189,4,2,0
16189,5,0,0
16189,5,2,0
16189,6,1,0
16189,6,2,0
16189,7,0,0
16189,7,1,0
16189,7,2,0
16190,1,0,0
16190,2,1,0
16190,3,0,0
16190,3,1,0
16190,4,2,0
16190,5,0,0
16190,5,2,0
16190,6,1,0
16190,6,2,0
16190,7,0,0
16190,7,1,0
16190,7,2,0
16191,1,0,0
16191,2,1,0
16191,3,0,0
16191,3,1,0
16191,4,2,0
16191,5,0,0
16191,5,2,0
16191,6,1,0
16191,6,2,0
16191,7,0,0
16191,7,1,0
16191,7,2,0
16192,1,0,0
16192,2,1,0
16192,3,0,0
16192,3,1,0
16192,4,2,0
16192,5,0,0
16192,5,2,0
16192,6,1,0
16192,6,2,0
16192,7,0,0
16192,7,1,0
16192,7,2,0
16193,1,0,0
16193,2,1,0
16193,3,0,0
16193,3,1,0
16193,4,2,0
16193,5,0,0
16193,5,2,0
16193,6,1,0
16193,6,2,0
16193,7,0,0
16193,7,1,0
16193,7,2,0
16194,1,0,0
16194,2,1,0
16194,3,0,0
16194,3,1,0
16194,4,2,0
16194,5,0,0
16194,5,2,0
16194,6,1,0
16194,6,2,0
16194,7,0,0
16194,7,1,0
16194,7,2,0
16195,1,0,0
16195,2,1,0
16195,3,0,0
16195,3,1,0
16195,4,2,0
16195,5,0,0
16195,5,2,0
16195,6,1,0
16195,6,2,0
16195,7,0,0
16195,7,1,0
16195,7,2,0
16196,1,0,0
16196,2,1,0
16196,3,0,0
16196,3,1,0
16196,4,2,0
16196,5,0,0
16196,5,2,0
16196,6,1,0
16196,6,2,0
16196,7,0,0
16196,7,1,0
16196,7,2,0
16197,1,0,0
16197,2,1,0
16197,3,0,0
16197,3,1,0
16197,4,2,0
16197,5,0,0
16197,5,2,0
16197,6,1,0
16197,6,2,0
16197,7,0,0
16197,7,1,0
16197,7,2,0
16198,1,0,0
16198,2,1,0
16198,3,0,0
16198,3,1,0
16198,4,2,0
16198,5,0,0
16198,5,2,0
16198,6,1,0
16198,6,2,0
16198,7,0,0
16198,7,1,0
16198,7,2,0
16199,1,0,0
16199,2,1,0
16199,3,0,0
16199,3,1,0
16199,4,2,0
16199,5,0,0
16199,5,2,0
16199,6,1,0
16199,6,2,0
16199,7,0,0
16199,7,1,0
16199,7,2,0
16200,1,0,1
16200,2,1,0
16200,3,0,1
16200,3,1,0
16200,4,2,0
16200,5,0,1
16200,5,2,0
16200,6,1,0
16200,6,2,0
16200,7,0,1
16200,7,1,0
16200,7,2,0
16201,1,0,1
16201,2,1,0
16201,3,0,1
16201,3,1,0
16201,4,2,0
16201,5,0,1
16201,5,2,0
16201,6,1,0
16201,6,2,0
16201,7,0,1
16201,7,1,0
16201,7,2,0
16202,1,0,0
16202,2,1,0
16202,3,0,0
16202,3,1,0
16202,4,2,0
16202,5,0,0
16202,5,2,0
16202,6,1,0
16202,6,2,0
16202,7,0,0
16202,7,1,0
16202,7,2,0
16203,1,0,0
16203,2,1,0
16203,3,0,0
16203,3,1,0
16203,4,2,0
16203,5,0,0
16203,5,2,0
16203,6,1,0
16203,6,2,0
16203,7,0,0
16203,7,1,0
16203,7,2,0
16204,1,0,0
16204,2,1,0
16204,3,0,0
16204,3,1,0
16204,4,2,0
16204,5,0,0
16204,5,2,0
16204,6,1,0
16204,6,2,0
16204,7,0,0
16204,7,1,0
16204,7,2,0
16205,1,0,0
16205,2,1,0
16205,3,0,0
16205,3,1,0
16205,4,2,0
16205,5,0,0
16205,5,2,0
16205,6,1,0
16205,6,2,0
16205,7,0,0
16205,7,1,0
16205,7,2,0
16206,1,0,0
16206,2,1,0
16206,3,0,0
16206,3,1,0
16206,4,2,0
16206,5,0,0
16206,5,2,0
16206,6,1,0
16206,6,2,0
16206,7,0,0
16206,7,1,0
16206,7,2,0
16207,1,0,0
16207,2,1,0
16207,3,0,0
16207,3,1,0
16207,4,2,0
16207,5,0,0
16207,5,2,0
16207,6,1,0
16207,6,2,0
16207,7,0,0
16207,7,1,0
16207,7,2,0
16208,1,0,0
16208,2,1,0
16208,3,0,0
16208,3,1,0
16208,4,2,0
16208,5,0,0
16208,5,2,0
16208,6,1,0
16208,6,2,0
16208,7,0,0
16208,7,1,0
16208,7,2,0
16209,1,0,0
16209,2,1,0
16209,3,0,0
16209,3,1,0
16209,4,2,0
16209,5,0,0
16209,5,2,0
16209,6,1,0
16209,6,2,0
16209,7,0,0
16209,7,1,0
16209,7,2,0
16210,1,0,0
16210,2,1,0
16210,3,0,0
16210,3,1,0
16210,4,2,0
16210,5,0,0
16210,5,2,0
16210,6,1,0
16210,6,2,0
16210,7,0,0
16210,7,1,0
16210,7,2,0
16211,1,0,0
16211,2,1,0
16211,3,0,0
16211,3,1,0
16211,4,2,0
16211,5,0,0
16211,5,2,0
16211,6,1,0
16211,6,2,0
16211,7,0,0
16211,7,1,0
16211,7,2,0
16212,1,0,0
16212,2,1,0
16212,3,0,0
16212,3,1,0
16212,4,2,0
16212,5,0,0
16212,5,2,0
16212,6,1,0
16212,6,2,0
16212,7,0,0
16212,7,1,0
16212,7,2,0
16213,1,0,0
16213,2,1,0
16213,3,0,0
16213,3,1,0
16213,4,2,0
16213,5,0,0
16213,5,2,0
16213,6,1,0
16213,6,2,0
16213,7,0,0
16213,7,1,0
16213,7,2,0
16214,1,0,0
16214,2,1,0
16214,3,0,0
16214,3,1,0
16214,4,2,0
16214,5,0,0
16214,5,2,0
16214,6,1,0
16214,6,2,0
16214,7,0,0
16214,7,1,0
16214,7,2,0
16215,1,0,0
16215,2,1,0
16215,3,0,0
16215,3,1,0
16215,4,2,0
16215,5,0,0
16215,5,2,0
16215,6,1,0
16215,6,2,0
16215,7,0,0
16215,7,1,0
16215,7,2,0
16216,1,0,0
16216,2,1,0
16216,3,0,0
16216,3,1,0
16216,4,2,0
16216,5,0,0
16216,5,2,0
16216,6,1,0
16216,6,2,0
16216,7,0,0
16216,7,1,0
16216,7,2,0
16217,1,0,0
16217,2,1,0
16217,3,0,0
16217,3,1,0
16217,4,2,0
16217,5,0,0
16217,5,2,0
16217,6,1,0
16217,6,2,0
16217,7,0,0
16217,7,1,0
16217,7,2,0
16218,1,0,0
16218,2,1,0
16218,3,0,0
16218,3,1,0
16218,4,2,0
16218,5,0,0
16218,5,2,0
16218,6,1,0
16218,6,2,0
16218,7,0,0
16218,7,1,0
16218,7,2,0
16219,1,0,0
16219,2,1,0
16219,3,0,0
16219,3,1,0
16219,4,2,0
16219,5,0,0
16219,5,2,0
16219,6,1,0
16219,6,2,0
16219,7,0,0
16219,7,1,0
16219,7,2,0
16220,1,0,0
16220,2,1,0
16220,3,0,0
16220,3,1,0
16220,4,2,0
16220,5,0,0
16220,5,2,0
16220,6,1,0
16220,6,2,0
16220,7,0,0
16220,7,1,0
16220,7,2,0
16221,1,0,0
16221,2,1,0
16221,3,0,0
16221,3,1,0
16221,4,2,0
16221,5,0,0
16221,5,2,0
16221,6,1,0
16221,6,2,0
16221,7,0,0
16221,7,1,0
16221,7,2,0
16222,1,0,0
16222,2,1,0
16222,3,0,0
16222,3,1,0
16222,4,2,0
16222,5,0,0
16222,5,2,0
16222,6,1,0
16222,6,2,0
16222,7,0,0
16222,7,1,0
16222,7,2,0
16223,1,0,0
16223,2,1,0
16223,3,0,0
16223,3,1,0
16223,4,2,0
16223,5,0,0
16223,5,2,0
16223,6,1,0
16223,6,2,0
16223,7,0,0
16223,7,1,0
16223,7,2,0
16224,1,0,0
16224,2,1,0
16224,3,0,0
16224,3,1,0
16224,4,2,0
16224,5,0,0
16224,5,2,0
16224,6,1,0
16224,6,2,0
16224,7,0,0
16224,7,1,0
16224,7,2,0
16225,1,0,0
16225,2,1,0
16225,3,0,0
16225,3,1,0
16225,4,2,0
16225,5,0,0
16225,5,2,0
16225,6,1,0
16225,6,2,0
16225,7,0,0
16225,7,1,0
16225,7,2,0
16226,1,0,0
16226,2,1,0
16226,3,0,0
16226,3,1,0
16226,4,2,0
16226,5,0,0
16226,5,2,0
16226,6,1,0
16226,6,2,0
16226,7,0,0
16226,7,1,0
16226,7,2,0
16227,1,0,1
16227,2,1,0
16227,3,0,1
16227,3,1,0
16227,4,2,0
16227,5,0,1
16227,5,2,0
16227,6,1,0
16227,6,2,0
16227,7,0,1
16227,7,1,0
16227,7,2,0
16228,1,0,1
16228,2,1,0
16228,3,0,1
16228,3,1,0
16228,4,2,0
16228,5,0,1
16228,5,2,0
16228,6,1,0
16228,6,2,0
16228,7,0,1
16228,7,1,0
16228,7,2,0
16229,1,0,0
16229,2,1,0
16229,3,0,0
16229,3,1,0
16229,4,2,0
16229,5,0,0
16229,5,2,0
16229,6,1,0
16229,6,2,0
16229,7,0,0
16229,7,1,0
16229,7,2,0
16230,1,0,0
16230,2,1,0
16230,3,0,0
16230,3,1,0
16230,4,2,0
16230,5,0,0
16230,5,2,0
16230,6,1,0
16230,6,2,0
16230,7,0,0
16230,7,1,0
16230,7,2,0
16231,1,0,0
16231,2,1,0
16231,3,0,0
16231,3,1,0
16231,4,2,0
16231,5,0,0
16231,5,2,0
16231,6,1,0
16231,6,2,0
16231,7,0,0
16231,7,1,0
16231,7,2,0
16232,1,0,0
16232,2,1,0
16232,3,0,0
16232,3,1,0
16232,4,2,0
16232,5,0,0
16232,5,2,0
16232,6,1,0
16232,6,2,0
16232,7,0,0
16232,7,1,0
16232,7,2,0
16233,1,0,0
16233,2,1,0
16233,3,0,0
16233,3,1,0
16233,4,2,0
16233,5,0,0
16233,5,2,0
16233,6,1,0
16233,6,2,0
16233,7,0,0
16233,7,1,0
16233,7,2,0
16234,1,0,0
16234,2,1,0
16234,3,0,0
16234,3,1,0
16234,4,2,0
16234,5,0,0
16234,5,2,0
16234,6,1,0
16234,6,2,0
16234,7,0,0
16234,7,1,0
16234,7,2,0
16235,1,0,0
16235,2,1,0
16235,3,0,0
16235,3,1,0
16235,4,2,0
16235,5,0,0
16235,5,2,0
16235,6,1,0
16235,6,2,0
16235,7,0,0
16235,7,1,0
16235,7,2,0
16236,1,0,0
16236,2,1,0
16236,3,0,0
16236,3,1,0
16236,4,2,0
16236,5,0,0
16236,5,2,0
16236,6,1,0
16236,6,2,0
16236,7,0,0
16236,7,1,0
16236,7,2,0
16237,1,0,0
16237,2,1,0
16237,3,0,0
16237,3,1,0
16237,4,2,0
16237,5,0,0
16237,5,2,0
16237,6,1,0
16237,6,2,0
16237,7,0,0
16237,7,1,0
16237,7,2,0
16238,1,0,0
16238,2,1,0
16238,3,0,0
16238,3,1,0
16238,4,2,0
16238,5,0,0
16238,5,2,0
16238,6,1,0
16238,6,2,0
16238,7,0,0
16238,7,1,0
16238,7,2,0
16239,1,0,0
16239,2,1,0
16239,3,0,0
16239,3,1,0
16239,4,2,0
16239,5,0,0
16239,5,2,0
16239,6,1,0
16239,6,2,0
16239,7,0,0
16239,7,1,0
16239,7,2,0
16240,1,0,0
16240,2,1,0
16240,3,0,0
16240,3,1,0
16240,4,2,0
16240,5,0,0
16240,5,2,0
16240,6,1,0
16240,6,2,0
16240,7,0,0
16240,7,1,0
16240,7,2,0
16241,1,0,0
16241,2,1,0
16241,3,0,0
16241,3,1,0
16241,4,2,0
16241,5,0,0
16241,5,2,0
16241,6,1,0
16241,6,2,0
16241,7,0,0
16241,7,1,0
16241,7,2,0
16242,1,0,0
16242,2,1,0
16242,3,0,0
16242,3,1,0
16242,4,2,0
16242,5,0,0
16242,5,2,0
16242,6,1,0
16242,6,2,0
16242,7,0,0
16242,7,1,0
16242,7,2,0
16243,1,0,0
16243,2,1,0
16243,3,0,0
16243,3,1,0
16243,4,2,0
16243,5,0,0
16243,5,2,0
16243,6,1,0
16243,6,2,0
16243,7,0,0
16243,7,1,0
16243,7,2,0
16244,1,0,0
16244,2,1,0
16244,3,0,0
16244,3,1,0
16244,4,2,0
16244,5,0,0
16244,5,2,0
16244,6,1,0
16244,6,2,0
16244,7,0,0
16244,7,1,0
16244,7,2,0
16245,1,0,0
16245,2,1,0
16245,3,0,0
16245,3,1,0
16245,4,2,0
16245,5,0,0
16245,5,2,0
16245,6,1,0
16245,6,2,0
16245,7,0,0
16245,7,1,0
16245,7,2,0
16246,1,0,0
16246,2,1,0
16246,3,0,0
16246,3,1,0
16246,4,2,0
16246,5,0,0
16246,5,2,0
16246,6,1,0
16246,6,2,0
16246,7,0,0
16246,7,1,0
16246,7,2,0
16247,1,0,0
16247,2,1,0
16247,3,0,0
16247,3,1,0
16247,4,2,0
16247,5,0,0
16247,5,2,0
16247,6,1,0
16247,6,2,0
16247,7,0,0
16247,7,1,0
16247,7,2,0
16248,1,0,0
16248,2,1,0
16248,3,0,0
16248,3,1,0
16248,4,2,0
16248,5,0,0
16248,5,2,0
16248,6,1,0
16248,6,2,0
16248,7,0,0
16248,7,1,0
16248,7,2,0
16249,1,0,0
16249,2,1,0
16249,3,0,0
16249,3,1,0
16249,4,2,0
16249,5,0,0
16249,5,2,0
16249,6,1,0
16249,6,2,0
16249,7,0,0
16249,7,1,0
16249,7,2,0
16250,1,0,0
16250,2,1,0
16250,3,0,0
16250,3,1,0
16250,4,2,0
16250,5,0,0
16250,5,2,0
16250,6,1,0
16250,6,2,0
16250,7,0,0
16250,7,1,0
16250,7,2,0
16251,1,0,0
16251,2,1,0
16251,3,0,0
16251,3,1,0
16251,4,2,0
16251,5,0,0
16251,5,2,0
16251,6,1,0
16251,6,2,0
16251,7,0,0
16251,7,1,0
16251,7,2,0
16252,1,0,0
16252,2,1,0
16252,3,0,0
16252,3,1,0
16252,4,2,0
16252,5,0,0
16252,5,2,0
16252,6,1,0
16252,6,2,0
16252,7,0,0
16252,7,1,0
16252,7,2,0
16253,1,0,0
16253,2,1,0
16253,3,0,0
16253,3,1,0
16253,4,2,0
16253,5,0,0
16253,5,2,0
16253,6,1,0
16253,6,2,0
16253,7,0,0
16253,7,1,0
16253,7,2,0
16254,1,0,1
16254,2,1,0
16254,3,0,1
16254,3,1,0
16254,4,2,0
16254,5,0,1
16254,5,2,0
16254,6,1,0
16254,6,2,0
16254,7,0,1
16254,7,1,0
16254,7,2,0
16255,1,0,1
16255,2,1,0
16255,3,0,1
16255,3,1,0
16255,4,2,0
16255,5,0,1
16255,5,2,0
16255,6,1,0
16255,6,2,0
16255,7,0,1
16255,7,1,0
16255,7,2,0
16256,1,0,0
16256,2,1,0
16256,3,0,0
16256,3,1,0
16256,4,2,0
16256,5,0,0
16256,5,2,0
16256,6,1,0
16256,6,2,0
16256,7,0,0
16256,7,1,0
16256,7,2,0
16257,1,0,0
16257,2,1,0
16257,3,0,0
16257,3,1,0
16257,4,2,0
16257,5,0,0
16257,5,2,0
16257,6,1,0
16257,6,2,0
16257,7,0,0
16257,7,1,0
16257,7,2,0
16258,1,0,0
16258,2,1,0
16258,3,0,0
16258,3,1,0
16258,4,2,0
16258,5,0,0
16258,5,2,0
16258,6,1,0
16258,6,2,0
16258,7,0,0
16258,7,1,0
16258,7,2,0
16259,1,0,0
16259,2,1,0
16259,3,0,0
16259,3,1,0
16259,4,2,0
16259,5,0,0
16259,5,2,0
16259,6,1,0
16259,6,2,0
16259,7,0,0
16259,7,1,0
16259,7,2,0
16260,1,0,0
16260,2,1,0
16260,3,0,0
16260,3,1,0
16260,4,2,0
16260,5,0,0
16260,5,2,0
16260,6,1,0
16260,6,2,0
16260,7,0,0
16260,7,1,0
16260,7,2,0
16261,1,0,0
16261,2,1,0
16261,3,0,0
16261,3,1,0
16261,4,2,0
16261,5,0,0
16261,5,2,0
16261,6,1,0
16261,6,2,0
16261,7,0,0
16261,7,1,0
16261,7,2,0
16262,1,0,0
16262,2,1,0
16262,3,0,0
16262,3,1,0
16262,4,2,0
16262,5,0,0
16262,5,2,0
16262,6,1,0
16262,6,2,0
16262,7,0,0
16262,7,1,0
16262,7,2,0
16263,1,0,0
16263,2,1,0
16263,3,0,0
16263,3,1,0
16263,4,2,0
16263,5,0,0
16263,5,2,0
16263,6,1,0
16263,6,2,0
16263,7,0,0
16263,7,1,0
16263,7,2,0
16264,1,0,0
16264,2,1,0
16264,3,0,0
16264,3,1,0
16264,4,2,0
16264,5,0,0
16264,5,2,0
16264,6,1,0
16264,6,2,0
16264,7,0,0
16264,7,1,0
16264,7,2,0
16265,1,0,0
16265,2,1,0
16265,3,0,0
16265,3,1,0
16265,4,2,0
16265,5,0,0
16265,5,2,0
16265,6,1,0
16265,6,2,0
16265,7,0,0
16265,7,1,0
16265,7,2,0
16266,1,0,0
16266,2,1,0
16266,3,0,0
16266,3,1,0
16266,4,2,0
16266,5,0,0
16266,5,2,0
16266,6,1,0
16266,6,2,0
16266,7,0,0
16266,7,1,0
16266,7,2,0
16267,1,0,0
16267,2,1,0
16267,3,0,0
16267,3,1,0
16267,4,2,0
16267,5,0,0
16267,5,2,0
16267,6,1,0
16267,6,2,0
16267,7,0,0
16267,7,1,0
16267,7,2,0
16268,1,0,0
16268,2,1,0
16268,3,0,0
16268,3,1,0
16268,4,2,0
16268,5,0,0
16268,5,2,0
16268,6,1,0
16268,6,2,0
16268,7,0,0
16268,7,1,0
16268,7,2,0
16269,1,0,0
16269,2,1,0
16269,3,0,0
16269,3,1,0
16269,4,2,0
16269,5,0,0
16269,5,2,0
16269,6,1,0
16269,6,2,0
16269,7,0,0
16269,7,1,0
16269,7,2,0
16270,1,0,0
16270,2,1,0
16270,3,0,0
16270,3,1,0
16270,4,2,0
16270,5,0,0
16270,5,2,0
16270,6,1,0
16270,6,2,0
16270,7,0,0
16270,7,1,0
16270,7,2,0
16271,1,0,0
16271,2,1,0
16271,3,0,0
16271,3,1,0
16271,4,2,0
16271,5,0,0
16271,5,2,0
16271,6,1,0
16271,6,2,0
16271,7,0,0
16271,7,1,0
16271,7,2,0
16272,1,0,0
16272,2,1,0
16272,3,0,0
16272,3,1,0
16272,4,2,0
16272,5,0,0
16272,5,2,0
16272,6,1,0
16272,6,2,0
16272,7,0,0
16272,7,1,0
16272,7,2,0
16273,1,0,0
16273,2,1,0
16273,3,0,0
16273,3,1,0
16273,4,2,0
16273,5,0,0
16273,5,2,0
16273,6,1,0
16273,6,2,0
16273,7,0,0
16273,7,1,0
16273,7,2,0
16274,1,0,0
16274,2,1,0
16274,3,0,0
16274,3,1,0
16274,4,2,0
16274,5,0,0
16274,5,2,0
16274,6,1,0
16274,6,2,0
16274,7,0,0
16274,7,1,0
16274,7,2,0
16275,1,0,0
16275,2,1,0
16275,3,0,0
16275,3,1,0
16275,4,2,0
16275,5,0,0
16275,5,2,0
16275,6,1,0
16275,6,2,0
16275,7,0,0
16275,7,1,0
16275,7,2,0
16276,1,0,0
16276,2,1,0
16276,3,0,0
16276,3,1,0
16276,4,2,0
16276,5,0,0
16276,5,2,0
16276,6,1,0
16276,6,2,0
16276,7,0,0
16276,7,1,0
16276,7,2,0
16277,1,0,0
16277,2,1,0
16277,3,0,0
16277,3,1,0
16277,4,2,0
16277,5,0,0
16277,5,2,0
16277,6,1,0
16277,6,2,0
16277,7,0,0
16277,7,1,0
16277,7,2,0
16278,1,0,0
16278,2,1,0
16278,3,0,0
16278,3,1,0
16278,4,2,0
16278,5,0,0
16278,5,2,0
16278,6,1,0
16278,6,2,0
16278,7,0,0
16278,7,1,0
16278,7,2,0
16279,1,0,0
16279,2,1,0
16279,3,0,0
16279,3,1,0
16279,4,2,0
16279,5,0,0
16279,5,2,0
16279,6,1,0
16279,6,2,0
16279,7,0,0
16279,7,1,0
16279,7,2,0
16280,1,0,0
16280,2,1,0
16280,3,0,0
16280,3,1,0
16280,4,2,0
16280,5,0,0
16280,5,2,0
16280,6,1,0
16280,6,2,0
16280,7,0,0
16280,7,1,0
16280,7,2,0
16281,1,0,1
16281,2,1,0
16281,3,0,1
16281,3,1,0
16281,4,2,0
16281,5,0,1
16281,5,2,0
16281,6,1,0
16281,6,2,0
16281,7,0,1
16281,7,1,0
16281,7,2,0
16282,1,0,1
16282,2,1,0
16282,3,0,1
16282,3,1,0
16282,4,2,0
16282,5,0,1
16282,5,2,0
16282,6,1,0
16282,6,2,0
16282,7,0,1
16282,7,1,0
16282,7,2,0
16283,1,0,0
16283,2,1,0
16283,3,0,0
16283,3,1,0
16283,4,2,0
16283,5,0,0
16283,5,2,0
16283,6,1,0
16283,6,2,0
16283,7,0,0
16283,7,1,0
16283,7,2,0
16284,1,0,0
16284,2,1,0
16284,3,0,0
16284,3,1,0
16284,4,2,0
16284,5,0,0
16284,5,2,0
16284,6,1,0
16284,6,2,0
16284,7,0,0
16284,7,1,0
16284,7,2,0
16285,1,0,0
16285,2,1,0
16285,3,0,0
16285,3,1,0
16285,4,2,0
16285,5,0,0
16285,5,2,0
16285,6,1,0
16285,6,2,0
16285,7,0,0
16285,7,1,0
16285,7,2,0
16286,1,0,0
16286,2,1,0
16286,3,0,0
16286,3,1,0
16286,4,2,0
16286,5,0,0
16286,5,2,0
16286,6,1,0
16286,6,2,0
16286,7,0,0
16286,7,1,0
16286,7,2,0
16287,1,0,0
16287,2,1,0
16287,3,0,0
16287,3,1,0
16287,4,2,0
16287,5,0,0
16287,5,2,0
16287,6,1,0
16287,6,2,0
16287,7,0,0
16287,7,1,0
16287,7,2,0
16288,1,0,0
16288,2,1,0
16288,3,0,0
16288,3,1,0
16288,4,2,0
16288,5,0,0
16288,5,2,0
16288,6,1,0
16288,6,2,0
16288,7,0,0
16288,7,1,0
16288,7,2,0
16289,1,0,0
16289,2,1,0
16289,3,0,0
16289,3,1,0
16289,4,2,0
16289,5,0,0
16289,5,2,0
16289,6,1,0
16289,6,2,0
16289,7,0,0
16289,7,1,0
16289,7,2,0
16290,1,0,0
16290,2,1,0
16290,3,0,0
16290,3,1,0
16290,4,2,0
16290,5,0,0
16290,5,2,0
16290,6,1,0
16290,6,2,0
16290,7,0,0
16290,7,1,0
16290,7,2,0
16291,1,0,0
16291,2,1,0
16291,3,0,0
16291,3,1,0
16291,4,2,0
16291,5,0,0
16291,5,2,0
16291,6,1,0
16291,6,2,0
16291,7,0,0
16291,7,1,0
16291,7,2,0
16292,1,0,0
16292,2,1,0
16292,3,0,0
16292,3,1,0
16292,4,2,0
16292,5,0,0
16292,5,2,0
16292,6,1,0
16292,6,2,0
16292,7,0,0
16292,7,1,0
16292,7,2,0
16293,1,0,0
16293,2,1,0
16293,3,0,0
16293,3,1,0
16293,4,2,0
16293,5,0,0
16293,5,2,0
16293,6,1,0
16293,6,2,0
16293,7,0,0
16293,7,1,0
16293,7,2,0
16294,1,0,0
16294,2,1,0
16294,3,0,0
16294,3,1,0
16294,4,2,0
16294,5,0,0
16294,5,2,0
16294,6,1,0
16294,6,2,0
16294,7,0,0
16294,7,1,0
16294,7,2,0
16295,1,0,0
16295,2,1,0
16295,3,0,0
16295,3,1,0
16295,4,2,0
16295,5,0,0
16295,5,2,0
16295,6,1,0
16295,6,2,0
16295,7,0,0
16295,7,1,0
16295,7,2,0
16296,1,0,0
16296,2,1,0
16296,3,0,0
16296,3,1,0
16296,4,2,0
16296,5,0,0
16296,5,2,0
16296,6,1,0
16296,6,2,0
16296,7,0,0
16296,7,1,0
16296,7,2,0
16297,1,0,0
16297,2,1,0
16297,3,0,0
16297,3,1,0
16297,4,2,0
16297,5,0,0
16297,5,2,0
16297,6,1,0
16297,6,2,0
16297,7,0,0
16297,7,1,0
16297,7,2,0
16298,1,0,0
16298,2,1,0
16298,3,0,0
16298,3,1,0
16298,4,2,0
16298,5,0,0
16298,5,2,0
16298,6,1,0
16298,6,2,0
16298,7,0,0
16298,7,1,0
16298,7,2,0
16299,1,0,0
16299,2,1,0
16299,3,0,0
16299,3,1,0
16299,4,2,0
16299,5,0,0
16299,5,2,0
16299,6,1,0
16299,6,2,0
16299,7,0,0
16299,7,1,0
16299,7,2,0
16300,1,0,0
16300,2,1,0
16300,3,0,0
16300,3,1,0
16300,4,2,0
16300,5,0,0
16300,5,2,0
16300,6,1,0
16300,6,2,0
16300,7,0,0
16300,7,1,0
16300,7,2,0
16301,1,0,0
16301,2,1,0
16301,3,0,0
16301,3,1,0
16301,4,2,0
16301,5,0,0
16301,5,2,0
16301,6,1,0
16301,6,2,0
16301,7,0,0
16301,7,1,0
16301,7,2,0
16302,1,0,0
16302,2,1,0
16302,3,0,0
16302,3,1,0
16302,4,2,0
16302,5,0,0
16302,5,2,0
16302,6,1,0
16302,6,2,0
16302,7,0,0
16302,7,1,0
16302,7,2,0
16303,1,0,0
16303,2,1,0
16303,3,0,0
16303,3,1,0
16303,4,2,0
16303,5,0,0
16303,5,2,0
16303,6,1,0
16303,6,2,0
16303,7,0,0
16303,7,1,0
16303,7,2,0
16304,1,0,0
16304,2,1,0
16304,3,0,0
16304,3,1,0
16304,4,2,0
16304,5,0,0
16304,5,2,0
16304,6,1,0
16304,6,2,0
16304,7,0,0
16304,7,1,0
16304,7,2,0
16305,1,0,0
16305,2,1,0
16305,3,0,0
16305,3,1,0
16305,4,2,0
16305,5,0,0
16305,5,2,0
16305,6,1,0
16305,6,2,0
16305,7,0,0
16305,7,1,0
16305,7,2,0
16306,1,0,0
16306,2,1,0
16306,3,0,0
16306,3,1,0
16306,4,2,0
16306,5,0,0
16306,5,2,0
16306,6,1,0
16306,6,2,0
16306,7,0,0
16306,7,1,0
16306,7,2,0
16307,1,0,0
16307,2,1,0
16307,3,0,0
16307,3,1,0
16307,4,2,0
16307,5,0,0
16307,5,2,0
16307,6,1,0
16307,6,2,0
16307,7,0,0
16307,7,1,0
16307,7,2,0
16308,1,0,1
16308,2,1,0
16308,3,0,1
16308,3,1,0
16308,4,2,0
16308,5,0,1
16308,5,2,0
16308,6,1,0
16308,6,2,0
16308,7,0,1
16308,7,1,0
16308,7,2,0
16309,1,0,1
16309,2,1,0
16309,3,0,1
16309,3,1,0
16309,4,2,0
16309,5,0,1
16309,5,2,0
16309,6,1,0
16309,6,2,0
16309,7,0,1
16309,7,1,0
16309,7,2,0
16310,1,0,0
16310,2,1,0
16310,3,0,0
16310,3,1,0
16310,4,2,0
16310,5,0,0
16310,5,2,0
16310,6,1,0
16310,6,2,0
16310,7,0,0
16310,7,1,0
16310,7,2,0
16311,1,0,0
16311,2,1,0
16311,3,0,0
16311,3,1,0
16311,4,2,0
16311,5,0,0
16311,5,2,0
16311,6,1,0
16311,6,2,0
16311,7,0,0
16311,7,1,0
16311,7,2,0
16312,1,0,0
16312,2,1,0
16312,3,0,0
16312,3,1,0
16312,4,2,0
16312,5,0,0
16312,5,2,0
16312,6,1,0
16312,6,2,0
16312,7,0,0
16312,7,1,0
16312,7,2,0
16313,1,0,0
16313,2,1,0
16313,3,0,0
16313,3,1,0
16313,4,2,0
16313,5,0,0
16313,5,2,0
16313,6,1,0
16313,6,2,0
16313,7,0,0
16313,7,1,0
16313,7,2,0
16314,1,0,0
16314,2,1,0
16314,3,0,0
16314,3,1,0
16314,4,2,0
16314,5,0,0
16314,5,2,0
16314,6,1,0
16314,6,2,0
16314,7,0,0
16314,7,1,0
16314,7,2,0
16315,1,0,0
16315,2,1,0
16315,3,0,0
16315,3,1,0
16315,4,2,0
16315,5,0,0
16315,5,2,0
16315,6,1,0
16315,6,2,0
16315,7,0,0
16315,7,1,0
16315,7,2,0
16316,1,0,0
16316,2,1,0
16316,3,0,0
16316,3,1,0
16316,4,2,0
16316,5,0,0
16316,5,2,0
16316,6,1,0
16316,6,2,0
16316,7,0,0
16316,7,1,0
16316,7,2,0
16317,1,0,0
16317,2,1,0
16317,3,0,0
16317,3,1,0
16317,4,2,0
16317,5,0,0
16317,5,2,0
16317,6,1,0
16317,6,2,0
16317,7,0,0
16317,7,1,0
16317,7,2,0
16318,1,0,0
16318,2,1,0
16318,3,0,0
16318,3,1,0
16318,4,2,0
16318,5,0,0
16318,5,2,0
16318,6,1,0
16318,6,2,0
16318,7,0,0
16318,7,1,0
16318,7,2,0
16319,1,0,0
16319,2,1,0
16319,3,0,0
16319,3,1,0
16319,4,2,0
16319,5,0,0
16319,5,2,0
16319,6,1,0
16319,6,2,0
16319,7,0,0
16319,7,1,0
16319,7,2,0
16320,1,0,0
16320,2,1,0
16320,3,0,0
16320,3,1,0
16320,4,2,0
16320,5,0,0
16320,5,2,0
16320,6,1,0
16320,6,2,0
16320,7,0,0
16320,7,1,0
16320,7,2,0
16321,1,0,0
16321,2,1,0
16321,3,0,0
16321,3,1,0
16321,4,2,0
16321,5,0,0
16321,5,2,0
16321,6,1,0
16321,6,2,0
16321,7,0,0
16321,7,1,0
16321,7,2,0
16322,1,0,0
16322,2,1,0
16322,3,0,0
16322,3,1,0
16322,4,2,0
16322,5,0,0
16322,5,2,0
16322,6,1,0
16322,6,2,0
16322,7,0,0
16322,7,1,0
16322,7,2,0
16323,1,0,0
16323,2,1,0
16323,3,0,0
16323,3,1,0
16323,4,2,0
16323,5,0,0
16323,5,2,0
16323,6,1,0
16323,6,2,0
16323,7,0,0
16323,7,1,0
16323,7,2,0
16324,1,0,0
16324,2,1,0
16324,3,0,0
16324,3,1,0
16324,4,2,0
16324,5,0,0
16324,5,2,0
16324,6,1,0
16324,6,2,0
16324,7,0,0
16324,7,1,0
16324,7,2,0
16325,1,0,0
16325,2,1,0
16325,3,0,0
16325,3,1,0
16325,4,2,0
16325,5,0,0
16325,5,2,0
16325,6,1,0
16325,6,2,0
16325,7,0,0
16325,7,1,0
16325,7,2,0
16326,1,0,0
16326,2,1,0
16326,3,0,0
16326,3,1,0
16326,4,2,0
16326,5,0,0
16326,5,2,0
16326,6,1,0
16326,6,2,0
16326,7,0,0
16326,7,1,0
16326,7,2,0
16327,1,0,0
16327,2,1,0
16327,3,0,0
16327,3,1,0
16327,4,2,0
16327,5,0,0
16327,5,2,0
16327,6,1,0
16327,6,2,0
16327,7,0,0
16327,7,1,0
16327,7,2,0
16328,1,0,0
16328,2,1,0
16328,3,0,0
16328,3,1,0
16328,4,2,0
16328,5,0,0
16328,5,2,0
16328,6,1,0
16328,6,2,0
16328,7,0,0
16328,7,1,0
16328,7,2,0
16329,1,0,0
16329,2,1,0
16329,3,0,0
16329,3,1,0
16329,4,2,0
16329,5,0,0
16329,5,2,0
16329,6,1,0
16329,6,2,0
16329,7,0,0
16329,7,1,0
16329,7,2,0
16330,1,0,0
16330,2,1,0
16330,3,0,0
16330,3,1,0
16330,4,2,0
16330,5,0,0
16330,5,2,0
16330,6,1,0
16330,6,2,0
16330,7,0,0
16330,7,1,0
16330,7,2,0
16331,1,0,0
16331,2,1,0
16331,3,0,0
16331,3,1,0
16331,4,2,0
16331,5,0,0
16331,5,2,0
16331,6,1,0
16331,6,2,0
16331,7,0,0
16331,7,1,0
16331,7,2,0
16332,1,0,0
16332,2,1,0
16332,3,0,0
16332,3,1,0
16332,4,2,0
16332,5,0,0
16332,5,2,0
16332,6,1,0
16332,6,2,0
16332,7,0,0
16332,7,1,0
16332,7,2,0
16333,1,0,0
16333,2,1,0
16333,3,0,0
16333,3,1,0
16333,4,2,0
16333,5,0,0
16333,5,2,0
16333,6,1,0
16333,6,2,0
16333,7,0,0
16333,7,1,0
16333,7,2,0
16334,1,0,0
16334,2,1,0
16334,3,0,0
16334,3,1,0
16334,4,2,0
16334,5,0,0
16334,5,2,0
16334,6,1,0
16334,6,2,0
16334,7,0,0
16334,7,1,0
16334,7,2,0
16335,1,0,1
16335,2,1,0
16335,3,0,1
16335,3,1,0
16335,4,2,0
16335,5,0,1
16335,5,2,0
16335,6,1,0
16335,6,2,0
16335,7,0,1
16335,7,1,0
16335,7,2,0
16336,1,0,1
16336,2,1,0
16336,3,0,1
16336,3,1,0
16336,4,2,0
16336,5,0,1
16336,5,2,0
16336,6,1,0
16336,6,2,0
16336,7,0,1
16336,7,1,0
16336,7,2,0
16337,1,0,0
16337,2,1,0
16337,3,0,0
16337,3,1,0
16337,4,2,0
16337,5,0,0
16337,5,2,0
16337,6,1,0
16337,6,2,0
16337,7,0,0
16337,7,1,0
16337,7,2,0
16338,1,0,0
16338,2,1,0
16338,3,0,0
16338,3,1,0
16338,4,2,0
16338,5,0,0
16338,5,2,0
16338,6,1,0
16338,6,2,0
16338,7,0,0
16338,7,1,0
16338,7,2,0
16339,1,0,0
16339,2,1,0
16339,3,0,0
16339,3,1,0
16339,4,2,0
16339,5,0,0
16339,5,2,0
16339,6,1,0
16339,6,2,0
16339,7,0,0
16339,7,1,0
16339,7,2,0
16340,1,0,0
16340,2,1,0
16340,3,0,0
16340,3,1,0
16340,4,2,0
16340,5,0,0
16340,5,2,0
16340,6,1,0
16340,6,2,0
16340,7,0,0
16340,7,1,0
16340,7,2,0
16341,1,0,0
16341,2,1,0
16341,3,0,0
16341,3,1,0
16341,4,2,0
16341,5,0,0
16341,5,2,0
16341,6,1,0
16341,6,2,0
16341,7,0,0
16341,7,1,0
16341,7,2,0
16342,1,0,0
16342,2,1,0
16342,3,0,0
16342,3,1,0
16342,4,2,0
16342,5,0,0
16342,5,2,0
16342,6,1,0
16342,6,2,0
16342,7,0,0
16342,7,1,0
16342,7,2,0
16343,1,0,0
16343,2,1,0
16343,3,0,0
16343,3,1,0
16343,4,2,0
16343,5,0,0
16343,5,2,0
16343,6,1,0
16343,6,2,0
16343,7,0,0
16343,7,1,0
16343,7,2,0
16344,1,0,0
16344,2,1,0
16344,3,0,0
16344,3,1,0
16344,4,2,0
16344,5,0,0
16344,5,2,0
16344,6,1,0
16344,6,2,0
16344,7,0,0
16344,7,1,0
16344,7,2,0
16345,1,0,0
16345,2,1,0
16345,3,0,0
16345,3,1,0
16345,4,2,0
16345,5,0,0
16345,5,2,0
16345,6,1,0
16345,6,2,0
16345,7,0,0
16345,7,1,0
16345,7,2,0
16346,1,0,0
16346,2,1,0
16346,3,0,0
16346,3,1,0
16346,4,2,0
16346,5,0,0
16346,5,2,0
16346,6,1,0
16346,6,2,0
16346,7,0,0
16346,7,1,0
16346,7,2,0
16347,1,0,0
16347,2,1,0
16347,3,0,0
16347,3,1,0
16347,4,2,0
16347,5,0,0
16347,5,2,0
16347,6,1,0
16347,6,2,0
16347,7,0,0
16347,7,1,0
16347,7,2,0
16348,1,0,0
16348,2,1,0
16348,3,0,0
16348,3,1,0
16348,4,2,0
16348,5,0,0
16348,5,2,0
16348,6,1,0
16348,6,2,0
16348,7,0,0
16348,7,1,0
16348,7,2,0
16349,1,0,0
16349,2,1,0
16349,3,0,0
16349,3,1,0
16349,4,2,0
16349,5,0,0
16349,5,2,0
16349,6,1,0
16349,6,2,0
16349,7,0,0
16349,7,1,0
16349,7,2,0
16350,1,0,0
16350,2,1,0
16350,3,0,0
16350,3,1,0
16350,4,2,0
16350,5,0,0
16350,5,2,0
16350,6,1,0
16350,6,2,0
16350,7,0,0
16350,7,1,0
16350,7,2,0
16351,1,0,0
16351,2,1,0
16351,3,0,0
16351,3,1,0
16351,4,2,0
16351,5,0,0
16351,5,2,0
16351,6,1,0
16351,6,2,0
16351,7,0,0
16351,7,1,0
16351,7,2,0
16352,1,0,0
16352,2,1,0
16352,3,0,0
16352,3,1,0
16352,4,2,0
16352,5,0,0
16352,5,2,0
16352,6,1,0
16352,6,2,0
16352,7,0,0
16352,7,1,0
16352,7,2,0
16353,1,0,0
16353,2,1,0
16353,3,0,0
16353,3,1,0
16353,4,2,0
16353,5,0,0
16353,5,2,0
16353,6,1,0
16353,6,2,0
16353,7,0,0
16353,7,1,0
16353,7,2,0
16354,1,0,0
16354,2,1,0
16354,3,0,0
16354,3,1,0
16354,4,2,0
16354,5,0,0
16354,5,2,0
16354,6,1,0
16354,6,2,0
16354,7,0,0
16354,7,1,0
16354,7,2,0
16355,1,0,0
16355,2,1,0
16355,3,0,0
16355,3,1,0
16355,4,2,0
16355,5,0,0
16355,5,2,0
16355,6,1,0
16355,6,2,0
16355,7,0,0
16355,7,1,0
16355,7,2,0
16356,1,0,0
16356,2,1,0
16356,3,0,0
16356,3,1,0
16356,4,2,0
16356,5,0,0
16356,5,2,0
16356,6,1,0
16356,6,2,0
16356,7,0,0
16356,7,1,0
16356,7,2,0
16357,1,0,0
16357,2,1,0
16357,3,0,0
16357,3,1,0
16357,4,2,0
16357,5,0,0
16357,5,2,0
16357,6,1,0
16357,6,2,0
16357,7,0,0
16357,7,1,0
16357,7,2,0
16358,1,0,0
16358,2,1,0
16358,3,0,0
16358,3,1,0
16358,4,2,0
16358,5,0,0
16358,5,2,0
16358,6,1,0
16358,6,2,0
16358,7,0,0
16358,7,1,0
16358,7,2,0
16359,1,0,0
16359,2,1,0
16359,3,0,0
16359,3,1,0
16359,4,2,0
16359,5,0,0
16359,5,2,0
16359,6,1,0
16359,6,2,0
16359,7,0,0
16359,7,1,0
16359,7,2,0
16360,1,0,0
16360,2,1,0
16360,3,0,0
16360,3,1,0
16360,4,2,0
16360,5,0,0
16360,5,2,0
16360,6,1,0
16360,6,2,0
16360,7,0,0
16360,7,1,0
16360,7,2,0
16361,1,0,0
16361,2,1,0
16361,3,0,0
16361,3,1,0
16361,4,2,0
16361,5,0,0
16361,5,2,0
16361,6,1,0
16361,6,2,0
16361,7,0,0
16361,7,1,0
16361,7,2,0
16362,1,0,1
16362,2,1,0
16362,3,0,1
16362,3,1,0
16362,4,2,0
16362,5,0,1
16362,5,2,0
16362,6,1,0
16362,6,2,0
16362,7,0,1
16362,7,1,0
16362,7,2,0
16363,1,0,1
16363,2,1,0
16363,3,0,1
16363,3,1,0
16363,4,2,0
16363,5,0,1
16363,5,2,0
16363,6,1,0
16363,6,2,0
16363,7,0,1
16363,7,1,0
16363,7,2,0
16364,1,0,0
16364,2,1,0
16364,3,0,0
16364,3,1,0
16364,4,2,0
16364,5,0,0
16364,5,2,0
16364,6,1,0
16364,6,2,0
16364,7,0,0
16364,7,1,0
16364,7,2,0
16365,1,0,0
16365,2,1,0
16365,3,0,0
16365,3,1,0
16365,4,2,0
16365,5,0,0
16365,5,2,0
16365,6,1,0
16365,6,2,0
16365,7,0,0
16365,7,1,0
16365,7,2,0
16366,1,0,0
16366,2,1,0
16366,3,0,0
16366,3,1,0
16366,4,2,0
16366,5,0,0
16366,5,2,0
16366,6,1,0
16366,6,2,0
16366,7,0,0
16366,7,1,0
16366,7,2,0
16367,1,0,0
16367,2,1,0
16367,3,0,0
16367,3,1,0
16367,4,2,0
16367,5,0,0
16367,5,2,0
16367,6,1,0
16367,6,2,0
16367,7,0,0
16367,7,1,0
16367,7,2,0
16368,1,0,0
16368,2,1,0
16368,3,0,0
16368,3,1,0
16368,4,2,0
16368,5,0,0
16368,5,2,0
16368,6,1,0
16368,6,2,0
16368,7,0,0
16368,7,1,0
16368,7,2,0
16369,1,0,0
16369,2,1,0
16369,3,0,0
16369,3,1,0
16369,4,2,0
16369,5,0,0
16369,5,2,0
16369,6,1,0
16369,6,2,0
16369,7,0,0
16369,7,1,0
16369,7,2,0
16370,1,0,0
16370,2,1,0
16370,3,0,0
16370,3,1,0
16370,4,2,0
16370,5,0,0
16370,5,2,0
16370,6,1,0
16370,6,2,0
16370,7,0,0
16370,7,1,0
16370,7,2,0
16371,1,0,0
16371,2,1,0
16371,3,0,0
16371,3,1,0
16371,4,2,0
16371,5,0,0
16371,5,2,0
16371,6,1,0
16371,6,2,0
16371,7,0,0
16371,7,1,0
16371,7,2,0
16372,1,0,0
16372,2,1,0
16372,3,0,0
16372,3,1,0
16372,4,2,0
16372,5,0,0
16372,5,2,0
16372,6,1,0
16372,6,2,0
16372,7,0,0
16372,7,1,0
16372,7,2,0
16373,1,0,0
16373,2,1,0
16373,3,0,0
16373,3,1,0
16373,4,2,0
16373,5,0,0
16373,5,2,0
16373,6,1,0
16373,6,2,0
16373,7,0,0
16373,7,1,0
16373,7,2,0
16374,1,0,0
16374,2,1,0
16374,3,0,0
16374,3,1,0
16374,4,2,0
16374,5,0,0
16374,5,2,0
16374,6,1,0
16374,6,2,0
16374,7,0,0
16374,7,1,0
16374,7,2,0
16375,1,0,0
16375,2,1,0
16375,3,0,0
16375,3,1,0
16375,4,2,0
16375,5,0,0
16375,5,2,0
16375,6,1,0
16375,6,2,0
16375,7,0,0
16375,7,1,0
16375,7,2,0
16376,1,0,0
16376,2,1,0
16376,3,0,0
16376,3,1,0
16376,4,2,0
16376,5,0,0
16376,5,2,0
16376,6,1,0
16376,6,2,0
16376,7,0,0
16376,7,1,0
16376,7,2,0
16377,1,0,0
16377,2,1,0
16377,3,0,0
16377,3,1,0
16377,4,2,0
16377,5,0,0
16377,5,2,0
16377,6,1,0
16377,6,2,0
16377,7,0,0
16377,7,1,0
16377,7,2,0
16378,1,0,0
16378,2,1,0
16378,3,0,0
16378,3,1,0
16378,4,2,0
16378,5,0,0
16378,5,2,0
16378,6,1,0
16378,6,2,0
16378,7,0,0
16378,7,1,0
16378,7,2,0
16379,1,0,0
16379,2,1,0
16379,3,0,0
16379,3,1,0
16379,4,2,0
16379,5,0,0
16379,5,2,0
16379,6,1,0
16379,6,2,0
16379,7,0,0
16379,7,1,0
16379,7,2,0
16380,1,0,0
16380,2,1,0
16380,3,0,0
16380,3,1,0
16380,4,2,0
16380,5,0,0
16380,5,2,0
16380,6,1,0
16380,6,2,0
16380,7,0,0
16380,7,1,0
16380,7,2,0
16381,1,0,0
16381,2,1,0
16381,3,0,0
16381,3,1,0
16381,4,2,0
16381,5,0,0
16381,5,2,0
16381,6,1,0
16381,6,2,0
16381,7,0,0
16381,7,1,0
16381,7,2,0
16382,1,0,0
16382,2,1,0
16382,3,0,0
16382,3,1,0
16382,4,2,0
16382,5,0,0
16382,5,2,0
16382,6,1,0
16382,6,2,0
16382,7,0,0
16382,7,1,0
16382,7,2,0
16383,1,0,0
16383,2,1,0
16383,3,0,0
16383,3,1,0
16383,4,2,0
16383,5,0,0
16383,5,2,0
16383,6,1,0
16383,6,2,0
16383,7,0,0
16383,7,1,0
16383,7,2,0
16384,1,0,0
16384,2,1,0
16384,3,0,0
16384,3,1,0
16384,4,2,0
16384,5,0,0
16384,5,2,0
16384,6,1,0
16384,6,2,0
16384,7,0,0
16384,7,1,0
16384,7,2,0
16385,1,0,0
16385,2,1,0
16385,3,0,0
16385,3,1,0
16385,4,2,0
16385,5,0,0
16385,5,2,0
16385,6,1,0
16385,6,2,0
16385,7,0,0
16385,7,1,0
16385,7,2,0
16386,1,0,0
16386,2,1,0
16386,3,0,0
16386,3,1,0
16386,4,2,0
16386,5,0,0
16386,5,2,0
16386,6,1,0
16386,6,2,0
16386,7,0,0
16386,7,1,0
16386,7,2,0
16387,1,0,0
16387,2,1,0
16387,3,0,0
16387,3,1,0
16387,4,2,0
16387,5,0,0
16387,5,2,0
16387,6,1,0
16387,6,2,0
16387,7,0,0
16387,7,1,0
16387,7,2,0
16388,1,0,0
16388,2,1,0
16388,3,0,0
16388,3,1,0
16388,4,2,0
16388,5,0,0
16388,5,2,0
16388,6,1,0
16388,6,2,0
16388,7,0,0
16388,7,1,0
16388,7,2,0
16389,1,0,1
16389,2,1,0
16389,3,0,1
16389,3,1,0
16389,4,2,0
16389,5,0,1
16389,5,2,0
16389,6,1,0
16389,6,2,0
16389,7,0,1
16389,7,1,0
16389,7,2,0
16390,1,0,1
16390,2,1,0
16390,3,0,1
16390,3,1,0
16390,4,2,0
16390,5,0,1
16390,5,2,0
16390,6,1,0
16390,6,2,0
16390,7,0,1
16390,7,1,0
16390,7,2,0
16391,1,0,0
16391,2,1,0
16391,3,0,0
16391,3,1,0
16391,4,2,0
16391,5,0,0
16391,5,2,0
16391,6,1,0
16391,6,2,0
16391,7,0,0
16391,7,1,0
16391,7,2,0
16392,1,0,0
16392,2,1,0
16392,3,0,0
16392,3,1,0
16392,4,2,0
16392,5,0,0
16392,5,2,0
16392,6,1,0
16392,6,2,0
16392,7,0,0
16392,7,1,0
16392,7,2,0
16393,1,0,0
16393,2,1,0
16393,3,0,0
16393,3,1,0
16393,4,2,0
16393,5,0,0
16393,5,2,0
16393,6,1,0
16393,6,2,0
16393,7,0,0
16393,7,1,0
16393,7,2,0
16394,1,0,0
16394,2,1,0
16394,3,0,0
16394,3,1,0
16394,4,2,0
16394,5,0,0
16394,5,2,0
16394,6,1,0
16394,6,2,0
16394,7,0,0
16394,7,1,0
16394,7,2,0
16395,1,0,0
16395,2,1,0
16395,3,0,0
16395,3,1,0
16395,4,2,0
16395,5,0,0
16395,5,2,0
16395,6,1,0
16395,6,2,0
16395,7,0,0
16395,7,1,0
16395,7,2,0
16396,1,0,0
16396,2,1,0
16396,3,0,0
16396,3,1,0
16396,4,2,0
16396,5,0,0
16396,5,2,0
16396,6,1,0
16396,6,2,0
16396,7,0,0
16396,7,1,0
16396,7,2,0
16397,1,0,0
16397,2,1,0
16397,3,0,0
16397,3,1,0
16397,4,2,0
16397,5,0,0
16397,5,2,0
16397,6,1,0
16397,6,2,0
16397,7,0,0
16397,7,1,0
16397,7,2,0
16398,1,0,0
16398,2,1,0
16398,3,0,0
16398,3,1,0
16398,4,2,0
16398,5,0,0
16398,5,2,0
16398,6,1,0
16398,6,2,0
16398,7,0,0
16398,7,1,0
16398,7,2,0
16399,1,0,0
16399,2,1,0
16399,3,0,0
16399,3,1,0
16399,4,2,0
16399,5,0,0
16399,5,2,0
16399,6,1,0
16399,6,2,0
16399,7,0,0
16399,7,1,0
16399,7,2,0
16400,1,0,0
16400,2,1,0
16400,3,0,0
16400,3,1,0
16400,4,2,0
16400,5,0,0
16400,5,2,0
16400,6,1,0
16400,6,2,0
16400,7,0,0
16400,7,1,0
16400,7,2,0
16401,1,0,0
16401,2,1,0
16401,3,0,0
16401,3,1,0
16401,4,2,0
16401,5,0,0
16401,5,2,0
16401,6,1,0
16401,6,2,0
16401,7,0,0
16401,7,1,0
16401,7,2,0
16402,1,0,0
16402,2,1,0
16402,3,0,0
16402,3,1,0
16402,4,2,0
16402,5,0,0
16402,5,2,0
16402,6,1,0
16402,6,2,0
16402,7,0,0
16402,7,1,0
16402,7,2,0
16403,1,0,0
16403,2,1,0
16403,3,0,0
16403,3,1,0
16403,4,2,0
16403,5,0,0
16403,5,2,0
16403,6,1,0
16403,6,2,0
16403,7,0,0
16403,7,1,0
16403,7,2,0
16404,1,0,0
16404,2,1,0
16404,3,0,0
16404,3,1,0
16404,4,2,0
16404,5,0,0
16404,5,2,0
16404,6,1,0
16404,6,2,0
16404,7,0,0
16404,7,1,0
16404,7,2,0
16405,1,0,0
16405,2,1,0
16405,3,0,0
16405,3,1,0
16405,4,2,0
16405,5,0,0
16405,5,2,0
16405,6,1,0
16405,6,2,0
16405,7,0,0
16405,7,1,0
16405,7,2,0
16406,1,0,0
16406,2,1,0
16406,3,0,0
16406,3,1,0
16406,4,2,0
16406,5,0,0
16406,5,2,0
16406,6,1,0
16406,6,2,0
16406,7,0,0
16406,7,1,0
16406,7,2,0
16407,1,0,0
16407,2,1,0
16407,3,0,0
16407,3,1,0
16407,4,2,0
16407,5,0,0
16407,5,2,0
16407,6,1,0
16407,6,2,0
16407,7,0,0
16407,7,1,0
16407,7,2,0
16408,1,0,0
16408,2,1,0
16408,3,0,0
16408,3,1,0
16408,4,2,0
16408,5,0,0
16408,5,2,0
16408,6,1,0
16408,6,2,0
16408,7,0,0
16408,7,1,0
16408,7,2,0
16409,1,0,0
16409,2,1,0
16409,3,0,0
16409,3,1,0
16409,4,2,0
16409,5,0,0
16409,5,2,0
16409,6,1,0
16409,6,2,0
16409,7,0,0
16409,7,1,0
16409,7,2,0
16410,1,0,0
16410,2,1,0
16410,3,0,0
16410,3,1,0
16410,4,2,0
16410,5,0,0
16410,5,2,0
16410,6,1,0
16410,6,2,0
16410,7,0,0
16410,7,1,0
16410,7,2,0
16411,1,0,0
16411,2,1,0
16411,3,0,0
16411,3,1,0
16411,4,2,0
16411,5,0,0
16411,5,2,0
16411,6,1,0
16411,6,2,0
16411,7,0,0
16411,7,1,0
16411,7,2,0
16412,1,0,0
16412,2,1,0
16412,3,0,0
16412,3,1,0
16412,4,2,0
16412,5,0,0
16412,5,2,0
16412,6,1,0
16412,6,2,0
16412,7,0,0
16412,7,1,0
16412,7,2,0
16413,1,0,0
16413,2,1,0
16413,3,0,0
16413,3,1,0
16413,4,2,0
16413,5,0,0
16413,5,2,0
16413,6,1,0
16413,6,2,0
16413,7,0,0
16413,7,1,0
16413,7,2,0
16414,1,0,0
16414,2,1,0
16414,3,0,0
16414,3,1,0
16414,4,2,0
16414,5,0,0
16414,5,2,0
16414,6,1,0
16414,6,2,0
16414,7,0,0
16414,7,1,0
16414,7,2,0
16415,1,0,0
16415,2,1,0
16415,3,0,0
16415,3,1,0
16415,4,2,0
16415,5,0,0
16415,5,2,0
16415,6,1,0
16415,6,2,0
16415,7,0,0
16415,7,1,0
16415,7,2,0
16416,1,0,1
16416,2,1,0
16416,3,0,1
16416,3,1,0
16416,4,2,0
16416,5,0,1
16416,5,2,0
16416,6,1,0
16416,6,2,0
16416,7,0,1
16416,7,1,0
16416,7,2,0
16417,1,0,1
16417,2,1,0
16417,3,0,1
16417,3,1,0
16417,4,2,0
16417,5,0,1
16417,5,2,0
16417,6,1,0
16417,6,2,0
16417,7,0,1
16417,7,1,0
16417,7,2,0
16418,1,0,0
16418,2,1,0
16418,3,0,0
16418,3,1,0
16418,4,2,0
16418,5,0,0
16418,5,2,0
16418,6,1,0
16418,6,2,0
16418,7,0,0
16418,7,1,0
16418,7,2,0
16419,1,0,0
16419,2,1,0
16419,3,0,0
16419,3,1,0
16419,4,2,0
16419,5,0,0
16419,5,2,0
16419,6,1,0
16419,6,2,0
16419,7,0,0
16419,7,1,0
16419,7,2,0
16420,1,0,0
16420,2,1,0
16420,3,0,0
16420,3,1,0
16420,4,2,0
16420,5,0,0
16420,5,2,0
16420,6,1,0
16420,6,2,0
16420,7,0,0
16420,7,1,0
16420,7,2,0
16421,1,0,0
16421,2,1,0
16421,3,0,0
16421,3,1,0
16421,4,2,0
16421,5,0,0
16421,5,2,0
16421,6,1,0
16421,6,2,0
16421,7,0,0
16421,7,1,0
16421,7,2,0
16422,1,0,0
16422,2,1,0
16422,3,0,0
16422,3,1,0
16422,4,2,0
16422,5,0,0
16422,5,2,0
16422,6,1,0
16422,6,2,0
16422,7,0,0
16422,7,1,0
16422,7,2,0
16423,1,0,0
16423,2,1,0
16423,3,0,0
16423,3,1,0
16423,4,2,0
16423,5,0,0
16423,5,2,0
16423,6,1,0
16423,6,2,0
16423,7,0,0
16423,7,1,0
16423,7,2,0
16424,1,0,0
16424,2,1,0
16424,3,0,0
16424,3,1,0
16424,4,2,0
16424,5,0,0
16424,5,2,0
16424,6,1,0
16424,6,2,0
16424,7,0,0
16424,7,1,0
16424,7,2,0
16425,1,0,0
16425,2,1,0
16425,3,0,0
16425,3,1,0
16425,4,2,0
16425,5,0,0
16425,5,2,0
16425,6,1,0
16425,6,2,0
16425,7,0,0
16425,7,1,0
16425,7,2,0
16426,1,0,0
16426,2,1,0
16426,3,0,0
16426,3,1,0
16426,4,2,0
16426,5,0,0
16426,5,2,0
16426,6,1,0
16426,6,2,0
16426,7,0,0
16426,7,1,0
16426,7,2,0
16427,1,0,0
16427,2,1,0
16427,3,0,0
16427,3,1,0
16427,4,2,0
16427,5,0,0
16427,5,2,0
16427,6,1,0
16427,6,2,0
16427,7,0,0
16427,7,1,0
16427,7,2,0
16428,1,0,0
16428,2,1,0
16428,3,0,0
16428,3,1,0
16428,4,2,0
16428,5,0,0
16428,5,2,0
16428,6,1,0
16428,6,2,0
16428,7,0,0
16428,7,1,0
16428,7,2,0
16429,1,0,0
16429,2,1,0
16429,3,0,0
16429,3,1,0
16429,4,2,0
16429,5,0,0
16429,5,2,0
16429,6,1,0
16429,6,2,0
16429,7,0,0
16429,7,1,0
16429,7,2,0
16430,1,0,0
16430,2,1,0
16430,3,0,0
16430,3,1,0
16430,4,2,0
16430,5,0,0
16430,5,2,0
16430,6,1,0
16430,6,2,0
16430,7,0,0
16430,7,1,0
16430,7,2,0
16431,1,0,0
16431,2,1,0
16431,3,0,0
16431,3,1,0
16431,4,2,0
16431,5,0,0
16431,5,2,0
16431,6,1,0
16431,6,2,0
16431,7,0,0
16431,7,1,0
16431,7,2,0
16432,1,0,0
16432,2,1,0
16432,3,0,0
16432,3,1,0
16432,4,2,0
16432,5,0,0
16432,5,2,0
16432,6,1,0
16432,6,2,0
16432,7,0,0
16432,7,1,0
16432,7,2,0
16433,1,0,0
16433,2,1,0
16433,3,0,0
16433,3,1,0
16433,4,2,0
16433,5,0,0
16433,5,2,0
16433,6,1,0
16433,6,2,0
16433,7,0,0
16433,7,1,0
16433,7,2,0
16434,1,0,0
16434,2,1,0
16434,3,0,0
16434,3,1,0
16434,4,2,0
16434,5,0,0
16434,5,2,0
16434,6,1,0
16434,6,2,0
16434,7,0,0
16434,7,1,0
16434,7,2,0
16435,1,0,0
16435,2,1,0
16435,3,0,0
16435,3,1,0
16435,4,2,0
16435,5,0,0
16435,5,2,0
16435,6,1,0
16435,6,2,0
16435,7,0,0
16435,7,1,0
16435,7,2,0
16436,1,0,0
16436,2,1,0
16436,3,0,0
16436,3,1,0
16436,4,2,0
16436,5,0,0
16436,5,2,0
16436,6,1,0
16436,6,2,0
16436,7,0,0
16436,7,1,0
16436,7,2,0
16437,1,0,0
16437,2,1,0
16437,3,0,0
16437,3,1,0
16437,4,2,0
16437,5,0,0
16437,5,2,0
16437,6,1,0
16437,6,2,0
16437,7,0,0
16437,7,1,0
16437,7,2,0
16438,1,0,0
16438,2,1,0
16438,3,0,0
16438,3,1,0
16438,4,2,0
16438,5,0,0
16438,5,2,0
16438,6,1,0
16438,6,2,0
16438,7,0,0
16438,7,1,0
16438,7,2,0
16439,1,0,0
16439,2,1,0
16439,3,0,0
16439,3,1,0
16439,4,2,0
16439,5,0,0
16439,5,2,0
16439,6,1,0
16439,6,2,0
16439,7,0,0
16439,7,1,0
16439,7,2,0
16440,1,0,0
16440,2,1,0
16440,3,0,0
16440,3,1,0
16440,4,2,0
16440,5,0,0
16440,5,2,0
16440,6,1,0
16440,6,2,0
16440,7,0,0
16440,7,1,0
16440,7,2,0
16441,1,0,0
16441,2,1,0
16441,3,0,0
16441,3,1,0
16441,4,2,0
16441,5,0,0
16441,5,2,0
16441,6,1,0
16441,6,2,0
16441,7,0,0
16441,7,1,0
16441,7,2,0
16442,1,0,0
16442,2,1,0
16442,3,0,0
16442,3,1,0
16442,4,2,0
16442,5,0,0
16442,5,2,0
16442,6,1,0
16442,6,2,0
16442,7,0,0
16442,7,1,0
16442,7,2,0
16443,1,0,1
16443,2,1,0
16443,3,0,1
16443,3,1,0
16443,4,2,0
16443,5,0,1
16443,5,2,0
16443,6,1,0
16443,6,2,0
16443,7,0,1
16443,7,1,0
16443,7,2,0
16444,1,0,1
16444,2,1,0
16444,3,0,1
16444,3,1,0
16444,4,2,0
16444,5,0,1
16444,5,2,0
16444,6,1,0
16444,6,2,0
16444,7,0,1
16444,7,1,0
16444,7,2,0
16445,1,0,0
16445,2,1,0
16445,3,0,0
16445,3,1,0
16445,4,2,0
16445,5,0,0
16445,5,2,0
16445,6,1,0
16445,6,2,0
16445,7,0,0
16445,7,1,0
16445,7,2,0
16446,1,0,0
16446,2,1,0
16446,3,0,0
16446,3,1,0
16446,4,2,0
16446,5,0,0
16446,5,2,0
16446,6,1,0
16446,6,2,0
16446,7,0,0
16446,7,1,0
16446,7,2,0
16447,1,0,0
16447,2,1,0
16447,3,0,0
16447,3,1,0
16447,4,2,0
16447,5,0,0
16447,5,2,0
16447,6,1,0
16447,6,2,0
16447,7,0,0
16447,7,1,0
16447,7,2,0
16448,1,0,0
16448,2,1,0
16448,3,0,0
16448,3,1,0
16448,4,2,0
16448,5,0,0
16448,5,2,0
16448,6,1,0
16448,6,2,0
16448,7,0,0
16448,7,1,0
16448,7,2,0
16449,1,0,0
16449,2,1,0
16449,3,0,0
16449,3,1,0
16449,4,2,0
16449,5,0,0
16449,5,2,0
16449,6,1,0
16449,6,2,0
16449,7,0,0
16449,7,1,0
16449,7,2,0
16450,1,0,0
16450,2,1,0
16450,3,0,0
16450,3,1,0
16450,4,2,0
16450,5,0,0
16450,5,2,0
16450,6,1,0
16450,6,2,0
16450,7,0,0
16450,7,1,0
16450,7,2,0
16451,1,0,0
16451,2,1,0
16451,3,0,0
16451,3,1,0
16451,4,2,0
16451,5,0,0
16451,5,2,0
16451,6,1,0
16451,6,2,0
16451,7,0,0
16451,7,1,0
16451,7,2,0
16452,1,0,0
16452,2,1,0
16452,3,0,0
16452,3,1,0
16452,4,2,0
16452,5,0,0
16452,5,2,0
16452,6,1,0
16452,6,2,0
16452,7,0,0
16452,7,1,0
16452,7,2,0
16453,1,0,0
16453,2,1,0
16453,3,0,0
16453,3,1,0
16453,4,2,0
16453,5,0,0
16453,5,2,0
16453,6,1,0
16453,6,2,0
16453,7,0,0
16453,7,1,0
16453,7,2,0
16454,1,0,0
16454,2,1,0
16454,3,0,0
16454,3,1,0
16454,4,2,0
16454,5,0,0
16454,5,2,0
16454,6,1,0
16454,6,2,0
16454,7,0,0
16454,7,1,0
16454,7,2,0
16455,1,0,0
16455,2,1,0
16455,3,0,0
16455,3,1,0
16455,4,2,0
16455,5,0,0
16455,5,2,0
16455,6,1,0
16455,6,2,0
16455,7,0,0
16455,7,1,0
16455,7,2,0
16456,1,0,0
16456,2,1,0
16456,3,0,0
16456,3,1,0
16456,4,2,0
16456,5,0,0
16456,5,2,0
16456,6,1,0
16456,6,2,0
16456,7,0,0
16456,7,1,0
16456,7,2,0
16457,1,0,0
16457,2,1,0
16457,3,0,0
16457,3,1,0
16457,4,2,0
16457,5,0,0
16457,5,2,0
16457,6,1,0
16457,6,2,0
16457,7,0,0
16457,7,1,0
16457,7,2,0
16458,1,0,0
16458,2,1,0
16458,3,0,0
16458,3,1,0
16458,4,2,0
16458,5,0,0
16458,5,2,0
16458,6,1,0
16458,6,2,0
16458,7,0,0
16458,7,1,0
16458,7,2,0
16459,1,0,0
16459,2,1,0
16459,3,0,0
16459,3,1,0
16459,4,2,0
16459,5,0,0
16459,5,2,0
16459,6,1,0
16459,6,2,0
16459,7,0,0
16459,7,1,0
16459,7,2,0
16460,1,0,0
16460,2,1,0
16460,3,0,0
16460,3,1,0
16460,4,2,0
16460,5,0,0
16460,5,2,0
16460,6,1,0
16460,6,2,0
16460,7,0,0
16460,7,1,0
16460,7,2,0
16461,1,0,0
16461,2,1,0
16461,3,0,0
16461,3,1,0
16461,4,2,0
16461,5,0,0
16461,5,2,0
16461,6,1,0
16461,6,2,0
16461,7,0,0
16461,7,1,0
16461,7,2,0
16462,1,0,0
16462,2,1,0
16462,3,0,0
16462,3,1,0
16462,4,2,0
16462,5,0,0
16462,5,2,0
16462,6,1,0
16462,6,2,0
16462,7,0,0
16462,7,1,0
16462,7,2,0
16463,1,0,0
16463,2,1,0
16463,3,0,0
16463,3,1,0
16463,4,2,0
16463,5,0,0
16463,5,2,0
16463,6,1,0
16463,6,2,0
16463,7,0,0
16463,7,1,0
16463,7,2,0
16464,1,0,0
16464,2,1,0
16464,3,0,0
16464,3,1,0
16464,4,2,0
16464,5,0,0
16464,5,2,0
16464,6,1,0
16464,6,2,0
16464,7,0,0
16464,7,1,0
16464,7,2,0
16465,1,0,0
16465,2,1,0
16465,3,0,0
16465,3,1,0
16465,4,2,0
16465,5,0,0
16465,5,2,0
16465,6,1,0
16465,6,2,0
16465,7,0,0
16465,7,1,0
16465,7,2,0
16466,1,0,0
16466,2,1,0
16466,3,0,0
16466,3,1,0
16466,4,2,0
16466,5,0,0
16466,5,2,0
16466,6,1,0
16466,6,2,0
16466,7,0,0
16466,7,1,0
16466,7,2,0
16467,1,0,0
16467,2,1,0
16467,3,0,0
16467,3,1,0
16467,4,2,0
16467,5,0,0
16467,5,2,0
16467,6,1,0
16467,6,2,0
16467,7,0,0
16467,7,1,0
16467,7,2,0
16468,1,0,0
16468,2,1,0
16468,3,0,0
16468,3,1,0
16468,4,2,0
16468,5,0,0
16468,5,2,0
16468,6,1,0
16468,6,2,0
16468,7,0,0
16468,7,1,0
16468,7,2,0
16469,1,0,0
16469,2,1,0
16469,3,0,0
16469,3,1,0
16469,4,2,0
16469,5,0,0
16469,5,2,0
16469,6,1,0
16469,6,2,0
16469,7,0,0
16469,7,1,0
16469,7,2,0
16470,1,0,1
16470,2,1,0
16470,3,0,1
16470,3,1,0
16470,4,2,0
16470,5,0,1
16470,5,2,0
16470,6,1,0
16470,6,2,0
16470,7,0,1
16470,7,1,0
16470,7,2,0
16471,1,0,1
16471,2,1,0
16471,3,0,1
16471,3,1,0
16471,4,2,0
16471,5,0,1
16471,5,2,0
16471,6,1,0
16471,6,2,0
16471,7,0,1
16471,7,1,0
16471,7,2,0
16472,1,0,0
16472,2,1,0
16472,3,0,0
16472,3,1,0
16472,4,2,0
16472,5,0,0
16472,5,2,0
16472,6,1,0
16472,6,2,0
16472,7,0,0
16472,7,1,0
16472,7,2,0
16473,1,0,0
16473,2,1,0
16473,3,0,0
16473,3,1,0
16473,4,2,0
16473,5,0,0
16473,5,2,0
16473,6,1,0
16473,6,2,0
16473,7,0,0
16473,7,1,0
16473,7,2,0
16474,1,0,0
16474,2,1,0
16474,3,0,0
16474,3,1,0
16474,4,2,0
16474,5,0,0
16474,5,2,0
16474,6,1,0
16474,6,2,0
16474,7,0,0
16474,7,1,0
16474,7,2,0
16475,1,0,0
16475,2,1,0
16475,3,0,0
16475,3,1,0
16475,4,2,0
16475,5,0,0
16475,5,2,0
16475,6,1,0
16475,6,2,0
16475,7,0,0
16475,7,1,0
16475,7,2,0
16476,1,0,0
16476,2,1,0
16476,3,0,0
16476,3,1,0
16476,4,2,0
16476,5,0,0
16476,5,2,0
16476,6,1,0
16476,6,2,0
16476,7,0,0
16476,7,1,0
16476,7,2,0
16477,1,0,0
16477,2,1,0
16477,3,0,0
16477,3,1,0
16477,4,2,0
16477,5,0,0
16477,5,2,0
16477,6,1,0
16477,6,2,0
16477,7,0,0
16477,7,1,0
16477,7,2,0
16478,1,0,0
16478,2,1,0
16478,3,0,0
16478,3,1,0
16478,4,2,0
16478,5,0,0
16478,5,2,0
16478,6,1,0
16478,6,2,0
16478,7,0,0
16478,7,1,0
16478,7,2,0
16479,1,0,0
16479,2,1,0
16479,3,0,0
16479,3,1,0
16479,4,2,0
16479,5,0,0
16479,5,2,0
16479,6,1,0
16479,6,2,0
16479,7,0,0
16479,7,1,0
16479,7,2,0
16480,1,0,0
16480,2,1,0
16480,3,0,0
16480,3,1,0
16480,4,2,0
16480,5,0,0
16480,5,2,0
16480,6,1,0
16480,6,2,0
16480,7,0,0
16480,7,1,0
16480,7,2,0
16481,1,0,0
16481,2,1,0
16481,3,0,0
16481,3,1,0
16481,4,2,0
16481,5,0,0
16481,5,2,0
16481,6,1,0
16481,6,2,0
16481,7,0,0
16481,7,1,0
16481,7,2,0
16482,1,0,0
16482,2,1,0
16482,3,0,0
16482,3,1,0
16482,4,2,0
16482,5,0,0
16482,5,2,0
16482,6,1,0
16482,6,2,0
16482,7,0,0
16482,7,1,0
16482,7,2,0
16483,1,0,0
16483,2,1,0
16483,3,0,0
16483,3,1,0
16483,4,2,0
16483,5,0,0
16483,5,2,0
16483,6,1,0
16483,6,2,0
16483,7,0,0
16483,7,1,0
16483,7,2,0
16484,1,0,0
16484,2,1,0
16484,3,0,0
16484,3,1,0
16484,4,2,0
16484,5,0,0
16484,5,2,0
16484,6,1,0
16484,6,2,0
16484,7,0,0
16484,7,1,0
16484,7,2,0
16485,1,0,0
16485,2,1,0
16485,3,0,0
16485,3,1,0
16485,4,2,0
16485,5,0,0
16485,5,2,0
16485,6,1,0
16485,6,2,0
16485,7,0,0
16485,7,1,0
16485,7,2,0
16486,1,0,0
16486,2,1,0
16486,3,0,0
16486,3,1,0
16486,4,2,0
16486,5,0,0
16486,5,2,0
16486,6,1,0
16486,6,2,0
16486,7,0,0
16486,7,1,0
16486,7,2,0
16487,1,0,0
16487,2,1,0
16487,3,0,0
16487,3,1,0
16487,4,2,0
16487,5,0,0
16487,5,2,0
16487,6,1,0
16487,6,2,0
16487,7,0,0
16487,7,1,0
16487,7,2,0
16488,1,0,0
16488,2,1,0
16488,3,0,0
16488,3,1,0
16488,4,2,0
16488,5,0,0
16488,5,2,0
16488,6,1,0
16488,6,2,0
16488,7,0,0
16488,7,1,0
16488,7,2,0
16489,1,0,0
16489,2,1,0
16489,3,0,0
16489,3,1,0
16489,4,2,0
16489,5,0,0
16489,5,2,0
16489,6,1,0
16489,6,2,0
16489,7,0,0
16489,7,1,0
16489,7,2,0
16490,1,0,0
16490,2,1,0
16490,3,0,0
16490,3,1,0
16490,4,2,0
16490,5,0,0
16490,5,2,0
16490,6,1,0
16490,6,2,0
16490,7,0,0
16490,7,1,0
16490,7,2,0
16491,1,0,0
16491,2,1,0
16491,3,0,0
16491,3,1,0
16491,4,2,0
16491,5,0,0
16491,5,2,0
16491,6,1,0
16491,6,2,0
16491,7,0,0
16491,7,1,0
16491,7,2,0
16492,1,0,0
16492,2,1,0
16492,3,0,0
16492,3,1,0
16492,4,2,0
16492,5,0,0
16492,5,2,0
16492,6,1,0
16492,6,2,0
16492,7,0,0
16492,7,1,0
16492,7,2,0
16493,1,0,0
16493,2,1,0
16493,3,0,0
16493,3,1,0
16493,4,2,0
16493,5,0,0
16493,5,2,0
16493,6,1,0
16493,6,2,0
16493,7,0,0
16493,7,1,0
16493,7,2,0
16494,1,0,0
16494,2,1,0
16494,3,0,0
16494,3,1,0
16494,4,2,0
16494,5,0,0
16494,5,2,0
16494,6,1,0
16494,6,2,0
16494,7,0,0
16494,7,1,0
16494,7,2,0
16495,1,0,0
16495,2,1,0
16495,3,0,0
16495,3,1,0
16495,4,2,0
16495,5,0,0
16495,5,2,0
16495,6,1,0
16495,6,2,0
16495,7,0,0
16495,7,1,0
16495,7,2,0
16496,1,0,0
16496,2,1,0
16496,3,0,0
16496,3,1,0
16496,4,2,0
16496,5,0,0
16496,5,2,0
16496,6,1,0
16496,6,2,0
16496,7,0,0
16496,7,1,0
16496,7,2,0
16497,1,0,1
16497,2,1,0
16497,3,0,1
16497,3,1,0
16497,4,2,0
16497,5,0,1
16497,5,2,0
16497,6,1,0
16497,6,2,0
16497,7,0,1
16497,7,1,0
16497,7,2,0
16498,1,0,1
16498,2,1,0
16498,3,0,1
16498,3,1,0
16498,4,2,0
16498,5,0,1
16498,5,2,0
16498,6,1,0
16498,6,2,0
16498,7,0,1
16498,7,1,0
16498,7,2,0
16499,1,0,0
16499,2,1,0
16499,3,0,0
16499,3,1,0
16499,4,2,0
16499,5,0,0
16499,5,2,0
16499,6,1,0
16499,6,2,0
16499,7,0,0
16499,7,1,0
16499,7,2,0
16500,1,0,0
16500,2,1,0
16500,3,0,0
16500,3,1,0
16500,4,2,0
16500,5,0,0
16500,5,2,0
16500,6,1,0
16500,6,2,0
16500,7,0,0
16500,7,1,0
16500,7,2,0
16501,1,0,0
16501,2,1,0
16501,3,0,0
16501,3,1,0
16501,4,2,0
16501,5,0,0
16501,5,2,0
16501,6,1,0
16501,6,2,0
16501,7,0,0
16501,7,1,0
16501,7,2,0
16502,1,0,0
16502,2,1,0
16502,3,0,0
16502,3,1,0
16502,4,2,0
16502,5,0,0
16502,5,2,0
16502,6,1,0
16502,6,2,0
16502,7,0,0
16502,7,1,0
16502,7,2,0
16503,1,0,0
16503,2,1,0
16503,3,0,0
16503,3,1,0
16503,4,2,0
16503,5,0,0
16503,5,2,0
16503,6,1,0
16503,6,2,0
16503,7,0,0
16503,7,1,0
16503,7,2,0
16504,1,0,0
16504,2,1,0
16504,3,0,0
16504,3,1,0
16504,4,2,0
16504,5,0,0
16504,5,2,0
16504,6,1,0
16504,6,2,0
16504,7,0,0
16504,7,1,0
16504,7,2,0
16505,1,0,0
16505,2,1,0
16505,3,0,0
16505,3,1,0
16505,4,2,0
16505,5,0,0
16505,5,2,0
16505,6,1,0
16505,6,2,0
16505,7,0,0
16505,7,1,0
16505,7,2,0
16506,1,0,0
16506,2,1,0
16506,3,0,0
16506,3,1,0
16506,4,2,0
16506,5,0,0
16506,5,2,0
16506,6,1,0
16506,6,2,0
16506,7,0,0
16506,7,1,0
16506,7,2,0
16507,1,0,0
16507,2,1,0
16507,3,0,0
16507,3,1,0
16507,4,2,0
16507,5,0,0
16507,5,2,0
16507,6,1,0
16507,6,2,0
16507,7,0,0
16507,7,1,0
16507,7,2,0
16508,1,0,0
16508,2,1,0
16508,3,0,0
16508,3,1,0
16508,4,2,0
16508,5,0,0
16508,5,2,0
16508,6,1,0
16508,6,2,0
16508,7,0,0
16508,7,1,0
16508,7,2,0
16509,1,0,0
16509,2,1,0
16509,3,0,0
16509,3,1,0
16509,4,2,0
16509,5,0,0
16509,5,2,0
16509,6,1,0
16509,6,2,0
16509,7,0,0
16509,7,1,0
16509,7,2,0
16510,1,0,0
16510,2,1,0
16510,3,0,0
16510,3,1,0
16510,4,2,0
16510,5,0,0
16510,5,2,0
16510,6,1,0
16510,6,2,0
16510,7,0,0
16510,7,1,0
16510,7,2,0
16511,1,0,0
16511,2,1,0
16511,3,0,0
16511,3,1,0
16511,4,2,0
16511,5,0,0
16511,5,2,0
16511,6,1,0
16511,6,2,0
16511,7,0,0
16511,7,1,0
16511,7,2,0
16512,1,0,0
16512,2,1,0
16512,3,0,0
16512,3,1,0
16512,4,2,0
16512,5,0,0
16512,5,2,0
16512,6,1,0
16512,6,2,0
16512,7,0,0
16512,7,1,0
16512,7,2,0
16513,1,0,0
16513,2,1,0
16513,3,0,0
16513,3,1,0
16513,4,2,0
16513,5,0,0
16513,5,2,0
16513,6,1,0
16513,6,2,0
16513,7,0,0
16513,7,1,0
16513,7,2,0
16514,1,0,0
16514,2,1,0
16514,3,0,0
16514,3,1,0
16514,4,2,0
16514,5,0,0
16514,5,2,0
16514,6,1,0
16514,6,2,0
16514,7,0,0
16514,7,1,0
16514,7,2,0
16515,1,0,0
16515,2,1,0
16515,3,0,0
16515,3,1,0
16515,4,2,0
16515,5,0,0
16515,5,2,0
16515,6,1,0
16515,6,2,0
16515,7,0,0
16515,7,1,0
16515,7,2,0
16516,1,0,0
16516,2,1,0
16516,3,0,0
16516,3,1,0
16516,4,2,0
16516,5,0,0
16516,5,2,0
16516,6,1,0
16516,6,2,0
16516,7,0,0
16516,7,1,0
16516,7,2,0
16517,1,0,0
16517,2,1,0
16517,3,0,0
16517,3,1,0
16517,4,2,0
16517,5,0,0
16517,5,2,0
16517,6,1,0
16517,6,2,0
16517,7,0,0
16517,7,1,0
16517,7,2,0
16518,1,0,0
16518,2,1,0
16518,3,0,0
16518,3,1,0
16518,4,2,0
16518,5,0,0
16518,5,2,0
16518,6,1,0
16518,6,2,0
16518,7,0,0
16518,7,1,0
16518,7,2,0
16519,1,0,0
16519,2,1,0
16519,3,0,0
16519,3,1,0
16519,4,2,0
16519,5,0,0
16519,5,2,0
16519,6,1,0
16519,6,2,0
16519,7,0,0
16519,7,1,0
16519,7,2,0
16520,1,0,0
16520,2,1,0
16520,3,0,0
16520,3,1,0
16520,4,2,0
16520,5,0,0
16520,5,2,0
16520,6,1,0
16520,6,2,0
16520,7,0,0
16520,7,1,0
16520,7,2,0
16521,1,0,0
16521,2,1,0
16521,3,0,0
16521,3,1,0
16521,4,2,0
16521,5,0,0
16521,5,2,0
16521,6,1,0
16521,6,2,0
16521,7,0,0
16521,7,1,0
16521,7,2,0
16522,1,0,0
16522,2,1,0
16522,3,0,0
16522,3,1,0
16522,4,2,0
16522,5,0,0
16522,5,2,0
16522,6,1,0
16522,6,2,0
16522,7,0,0
16522,7,1,0
16522,7,2,0
16523,1,0,0
16523,2,1,0
16523,3,0,0
16523,3,1,0
16523,4,2,0
16523,5,0,0
16523,5,2,0
16523,6,1,0
16523,6,2,0
16523,7,0,0
16523,7,1,0
16523,7,2,0
16524,1,0,1
16524,2,1,0
16524,3,0,1
16524,3,1,0
16524,4,2,0
16524,5,0,1
16524,5,2,0
16524,6,1,0
16524,6,2,0
16524,7,0,1
16524,7,1,0
16524,7,2,0
16525,1,0,1
16525,2,1,0
16525,3,0,1
16525,3,1,0
16525,4,2,0
16525,5,0,1
16525,5,2,0
16525,6,1,0
16525,6,2,0
16525,7,0,1
16525,7,1,0
16525,7,2,0
16526,1,0,0
16526,2,1,0
16526,3,0,0
16526,3,1,0
16526,4,2,0
16526,5,0,0
16526,5,2,0
16526,6,1,0
16526,6,2,0
16526,7,0,0
16526,7,1,0
16526,7,2,0
16527,1,0,0
16527,2,1,0
16527,3,0,0
16527,3,1,0
16527,4,2,0
16527,5,0,0
16527,5,2,0
16527,6,1,0
16527,6,2,0
16527,7,0,0
16527,7,1,0
16527,7,2,0
16528,1,0,0
16528,2,1,0
16528,3,0,0
16528,3,1,0
16528,4,2,0
16528,5,0,0
16528,5,2,0
16528,6,1,0
16528,6,2,0
16528,7,0,0
16528,7,1,0
16528,7,2,0
16529,1,0,0
16529,2,1,0
16529,3,0,0
16529,3,1,0
16529,4,2,0
16529,5,0,0
16529,5,2,0
16529,6,1,0
16529,6,2,0
16529,7,0,0
16529,7,1,0
16529,7,2,0
16530,1,0,0
16530,2,1,0
16530,3,0,0
16530,3,1,0
16530,4,2,0
16530,5,0,0
16530,5,2,0
16530,6,1,0
16530,6,2,0
16530,7,0,0
16530,7,1,0
16530,7,2,0
16531,1,0,0
16531,2,1,0
16531,3,0,0
16531,3,1,0
16531,4,2,0
16531,5,0,0
16531,5,2,0
16531,6,1,0
16531,6,2,0
16531,7,0,0
16531,7,1,0
16531,7,2,0
16532,1,0,0
16532,2,1,0
16532,3,0,0
16532,3,1,0
16532,4,2,0
16532,5,0,0
16532,5,2,0
16532,6,1,0
16532,6,2,0
16532,7,0,0
16532,7,1,0
16532,7,2,0
16533,1,0,0
16533,2,1,0
16533,3,0,0
16533,3,1,0
16533,4,2,0
16533,5,0,0
16533,5,2,0
16533,6,1,0
16533,6,2,0
16533,7,0,0
16533,7,1,0
16533,7,2,0
16534,1,0,0
16534,2,1,0
16534,3,0,0
16534,3,1,0
16534,4,2,0
16534,5,0,0
16534,5,2,0
16534,6,1,0
16534,6,2,0
16534,7,0,0
16534,7,1,0
16534,7,2,0
16535,1,0,0
16535,2,1,0
16535,3,0,0
16535,3,1,0
16535,4,2,0
16535,5,0,0
16535,5,2,0
16535,6,1,0
16535,6,2,0
16535,7,0,0
16535,7,1,0
16535,7,2,0
16536,1,0,0
16536,2,1,0
16536,3,0,0
16536,3,1,0
16536,4,2,0
16536,5,0,0
16536,5,2,0
16536,6,1,0
16536,6,2,0
16536,7,0,0
16536,7,1,0
16536,7,2,0
16537,1,0,0
16537,2,1,0
16537,3,0,0
16537,3,1,0
16537,4,2,0
16537,5,0,0
16537,5,2,0
16537,6,1,0
16537,6,2,0
16537,7,0,0
16537,7,1,0
16537,7,2,0
16538,1,0,0
16538,2,1,0
16538,3,0,0
16538,3,1,0
16538,4,2,0
16538,5,0,0
16538,5,2,0
16538,6,1,0
16538,6,2,0
16538,7,0,0
16538,7,1,0
16538,7,2,0
16539,1,0,0
16539,2,1,0
16539,3,0,0
16539,3,1,0
16539,4,2,0
16539,5,0,0
16539,5,2,0
16539,6,1,0
16539,6,2,0
16539,7,0,0
16539,7,1,0
16539,7,2,0
16540,1,0,0
16540,2,1,0
16540,3,0,0
16540,3,1,0
16540,4,2,0
16540,5,0,0
16540,5,2,0
16540,6,1,0
16540,6,2,0
16540,7,0,0
16540,7,1,0
16540,7,2,0
16541,1,0,0
16541,2,1,0
16541,3,0,0
16541,3,1,0
16541,4,2,0
16541,5,0,0
16541,5,2,0
16541,6,1,0
16541,6,2,0
16541,7,0,0
16541,7,1,0
16541,7,2,0
16542,1,0,0
16542,2,1,0
16542,3,0,0
16542,3,1,0
16542,4,2,0
16542,5,0,0
16542,5,2,0
16542,6,1,0
16542,6,2,0
16542,7,0,0
16542,7,1,0
16542,7,2,0
16543,1,0,0
16543,2,1,0
16543,3,0,0
16543,3,1,0
16543,4,2,0
16543,5,0,0
16543,5,2,0
16543,6,1,0
16543,6,2,0
16543,7,0,0
16543,7,1,0
16543,7,2,0
16544,1,0,0
16544,2,1,0
16544,3,0,0
16544,3,1,0
16544,4,2,0
16544,5,0,0
16544,5,2,0
16544,6,1,0
16544,6,2,0
16544,7,0,0
16544,7,1,0
16544,7,2,0
16545,1,0,0
16545,2,1,0
16545,3,0,0
16545,3,1,0
16545,4,2,0
16545,5,0,0
16545,5,2,0
16545,6,1,0
16545,6,2,0
16545,7,0,0
16545,7,1,0
16545,7,2,0
16546,1,0,0
16546,2,1,0
16546,3,0,0
16546,3,1,0
16546,4,2,0
16546,5,0,0
16546,5,2,0
16546,6,1,0
16546,6,2,0
16546,7,0,0
16546,7,1,0
16546,7,2,0
16547,1,0,0
16547,2,1,0
16547,3,0,0
16547,3,1,0
16547,4,2,0
16547,5,0,0
16547,5,2,0
16547,6,1,0
16547,6,2,0
16547,7,0,0
16547,7,1,0
16547,7,2,0
16548,1,0,0
16548,2,1,0
16548,3,0,0
16548,3,1,0
16548,4,2,0
16548,5,0,0
16548,5,2,0
16548,6,1,0
16548,6,2,0
16548,7,0,0
16548,7,1,0
16548,7,2,0
16549,1,0,0
16549,2,1,0
16549,3,0,0
16549,3,1,0
16549,4,2,0
16549,5,0,0
16549,5,2,0
16549,6,1,0
16549,6,2,0
16549,7,0,0
16549,7,1,0
16549,7,2,0
16550,1,0,0
16550,2,1,0
16550,3,0,0
16550,3,1,0
16550,4,2,0
16550,5,0,0
16550,5,2,0
16550,6,1,0
16550,6,2,0
16550,7,0,0
16550,7,1,0
16550,7,2,0
16551,1,0,1
16551,2,1,0
16551,3,0,1
16551,3,1,0
16551,4,2,0
16551,5,0,1
16551,5,2,0
16551,6,1,0
16551,6,2,0
16551,7,0,1
16551,7,1,0
16551,7,2,0
16552,1,0,1
16552,2,1,0
16552,3,0,1
16552,3,1,0
16552,4,2,0
16552,5,0,1
16552,5,2,0
16552,6,1,0
16552,6,2,0
16552,7,0,1
16552,7,1,0
16552,7,2,0
16553,1,0,0
16553,2,1,0
16553,3,0,0
16553,3,1,0
16553,4,2,0
16553,5,0,0
16553,5,2,0
16553,6,1,0
16553,6,2,0
16553,7,0,0
16553,7,1,0
16553,7,2,0
16554,1,0,0
16554,2,1,0
16554,3,0,0
16554,3,1,0
16554,4,2,0
16554,5,0,0
16554,5,2,0
16554,6,1,0
16554,6,2,0
16554,7,0,0
16554,7,1,0
16554,7,2,0
16555,1,0,0
16555,2,1,0
16555,3,0,0
16555,3,1,0
16555,4,2,0
16555,5,0,0
16555,5,2,0
16555,6,1,0
16555,6,2,0
16555,7,0,0
16555,7,1,0
16555,7,2,0
16556,1,0,0
16556,2,1,0
16556,3,0,0
16556,3,1,0
16556,4,2,0
16556,5,0,0
16556,5,2,0
16556,6,1,0
16556,6,2,0
16556,7,0,0
16556,7,1,0
16556,7,2,0
16557,1,0,0
16557,2,1,0
16557,3,0,0
16557,3,1,0
16557,4,2,0
16557,5,0,0
16557,5,2,0
16557,6,1,0
16557,6,2,0
16557,7,0,0
16557,7,1,0
16557,7,2,0
16558,1,0,0
16558,2,1,0
16558,3,0,0
16558,3,1,0
16558,4,2,0
16558,5,0,0
16558,5,2,0
16558,6,1,0
16558,6,2,0
16558,7,0,0
16558,7,1,0
16558,7,2,0
16559,1,0,0
16559,2,1,0
16559,3,0,0
16559,3,1,0
16559,4,2,0
16559,5,0,0
16559,5,2,0
16559,6,1,0
16559,6,2,0
16559,7,0,0
16559,7,1,0
16559,7,2,0
16560,1,0,0
16560,2,1,0
16560,3,0,0
16560,3,1,0
16560,4,2,0
16560,5,0,0
16560,5,2,0
16560,6,1,0
16560,6,2,0
16560,7,0,0
16560,7,1,0
16560,7,2,0
16561,1,0,0
16561,2,1,0
16561,3,0,0
16561,3,1,0
16561,4,2,0
16561,5,0,0
16561,5,2,0
16561,6,1,0
16561,6,2,0
16561,7,0,0
16561,7,1,0
16561,7,2,0
16562,1,0,0
16562,2,1,0
16562,3,0,0
16562,3,1,0
16562,4,2,0
16562,5,0,0
16562,5,2,0
16562,6,1,0
16562,6,2,0
16562,7,0,0
16562,7,1,0
16562,7,2,0
16563,1,0,0
16563,2,1,0
16563,3,0,0
16563,3,1,0
16563,4,2,0
16563,5,0,0
16563,5,2,0
16563,6,1,0
16563,6,2,0
16563,7,0,0
16563,7,1,0
16563,7,2,0
16564,1,0,0
16564,2,1,0
16564,3,0,0
16564,3,1,0
16564,4,2,0
16564,5,0,0
16564,5,2,0
16564,6,1,0
16564,6,2,0
16564,7,0,0
16564,7,1,0
16564,7,2,0
16565,1,0,0
16565,2,1,0
16565,3,0,0
16565,3,1,0
16565,4,2,0
16565,5,0,0
16565,5,2,0
16565,6,1,0
16565,6,2,0
16565,7,0,0
16565,7,1,0
16565,7,2,0
16566,1,0,0
16566,2,1,0
16566,3,0,0
16566,3,1,0
16566,4,2,0
16566,5,0,0
16566,5,2,0
16566,6,1,0
16566,6,2,0
16566,7,0,0
16566,7,1,0
16566,7,2,0
16567,1,0,0
16567,2,1,0
16567,3,0,0
16567,3,1,0
16567,4,2,0
16567,5,0,0
16567,5,2,0
16567,6,1,0
16567,6,2,0
16567,7,0,0
16567,7,1,0
16567,7,2,0
16568,1,0,0
16568,2,1,0
16568,3,0,0
16568,3,1,0
16568,4,2,0
16568,5,0,0
16568,5,2,0
16568,6,1,0
16568,6,2,0
16568,7,0,0
16568,7,1,0
16568,7,2,0
16569,1,0,0
16569,2,1,0
16569,3,0,0
16569,3,1,0
16569,4,2,0
16569,5,0,0
16569,5,2,0
16569,6,1,0
16569,6,2,0
16569,7,0,0
16569,7,1,0
16569,7,2,0
16570,1,0,0
16570,2,1,0
16570,3,0,0
16570,3,1,0
16570,4,2,0
16570,5,0,0
16570,5,2,0
16570,6,1,0
16570,6,2,0
16570,7,0,0
16570,7,1,0
16570,7,2,0
16571,1,0,0
16571,2,1,0
16571,3,0,0
16571,3,1,0
16571,4,2,0
16571,5,0,0
16571,5,2,0
16571,6,1,0
16571,6,2,0
16571,7,0,0
16571,7,1,0
16571,7,2,0
16572,1,0,0
16572,2,1,0
16572,3,0,0
16572,3,1,0
16572,4,2,0
16572,5,0,0
16572,5,2,0
16572,6,1,0
16572,6,2,0
16572,7,0,0
16572,7,1,0
16572,7,2,0
16573,1,0,0
16573,2,1,0
16573,3,0,0
16573,3,1,0
16573,4,2,0
16573,5,0,0
16573,5,2,0
16573,6,1,0
16573,6,2,0
16573,7,0,0
16573,7,1,0
16573,7,2,0
16574,1,0,0
16574,2,1,0
16574,3,0,0
16574,3,1,0
16574,4,2,0
16574,5,0,0
16574,5,2,0
16574,6,1,0
16574,6,2,0
16574,7,0,0
16574,7,1,0
16574,7,2,0
16575,1,0,0
16575,2,1,0
16575,3,0,0
16575,3,1,0
16575,4,2,0
16575,5,0,0
16575,5,2,0
16575,6,1,0
16575,6,2,0
16575,7,0,0
16575,7,1,0
16575,7,2,0
16576,1,0,0
16576,2,1,0
16576,3,0,0
16576,3,1,0
16576,4,2,0
16576,5,0,0
16576,5,2,0
16576,6,1,0
16576,6,2,0
16576,7,0,0
16576,7,1,0
16576,7,2,0
16577,1,0,0
16577,2,1,0
16577,3,0,0
16577,3,1,0
16577,4,2,0
16577,5,0,0
16577,5,2,0
16577,6,1,0
16577,6,2,0
16577,7,0,0
16577,7,1,0
16577,7,2,0
16578,1,0,1
16578,2,1,0
16578,3,0,1
16578,3,1,0
16578,4,2,0
16578,5,0,1
16578,5,2,0
16578,6,1,0
16578,6,2,0
16578,7,0,1
16578,7,1,0
16578,7,2,0
16579,1,0,1
16579,2,1,0
16579,3,0,1
16579,3,1,0
16579,4,2,0
16579,5,0,1
16579,5,2,0
16579,6,1,0
16579,6,2,0
16579,7,0,1
16579,7,1,0
16579,7,2,0
16580,1,0,0
16580,2,1,0
16580,3,0,0
16580,3,1,0
16580,4,2,0
16580,5,0,0
16580,5,2,0
16580,6,1,0
16580,6,2,0
16580,7,0,0
16580,7,1,0
16580,7,2,0
16581,1,0,0
16581,2,1,0
16581,3,0,0
16581,3,1,0
16581,4,2,0
16581,5,0,0
16581,5,2,0
16581,6,1,0
16581,6,2,0
16581,7,0,0
16581,7,1,0
16581,7,2,0
16582,1,0,0
16582,2,1,0
16582,3,0,0
16582,3,1,0
16582,4,2,0
16582,5,0,0
16582,5,2,0
16582,6,1,0
16582,6,2,0
16582,7,0,0
16582,7,1,0
16582,7,2,0
16583,1,0,0
16583,2,1,0
16583,3,0,0
16583,3,1,0
16583,4,2,0
16583,5,0,0
16583,5,2,0
16583,6,1,0
16583,6,2,0
16583,7,0,0
16583,7,1,0
16583,7,2,0
16584,1,0,0
16584,2,1,0
16584,3,0,0
16584,3,1,0
16584,4,2,0
16584,5,0,0
16584,5,2,0
16584,6,1,0
16584,6,2,0
16584,7,0,0
16584,7,1,0
16584,7,2,0
16585,1,0,0
16585,2,1,0
16585,3,0,0
16585,3,1,0
16585,4,2,0
16585,5,0,0
16585,5,2,0
16585,6,1,0
16585,6,2,0
16585,7,0,0
16585,7,1,0
16585,7,2,0
16586,1,0,0
16586,2,1,0
16586,3,0,0
16586,3,1,0
16586,4,2,0
16586,5,0,0
16586,5,2,0
16586,6,1,0
16586,6,2,0
16586,7,0,0
16586,7,1,0
16586,7,2,0
16587,1,0,0
16587,2,1,0
16587,3,0,0
16587,3,1,0
16587,4,2,0
16587,5,0,0
16587,5,2,0
16587,6,1,0
16587,6,2,0
16587,7,0,0
16587,7,1,0
16587,7,2,0
16588,1,0,0
16588,2,1,0
16588,3,0,0
16588,3,1,0
16588,4,2,0
16588,5,0,0
16588,5,2,0
16588,6,1,0
16588,6,2,0
16588,7,0,0
16588,7,1,0
16588,7,2,0
16589,1,0,0
16589,2,1,0
16589,3,0,0
16589,3,1,0
16589,4,2,0
16589,5,0,0
16589,5,2,0
16589,6,1,0
16589,6,2,0
16589,7,0,0
16589,7,1,0
16589,7,2,0
16590,1,0,0
16590,2,1,0
16590,3,0,0
16590,3,1,0
16590,4,2,0
16590,5,0,0
16590,5,2,0
16590,6,1,0
16590,6,2,0
16590,7,0,0
16590,7,1,0
16590,7,2,0
16591,1,0,0
16591,2,1,0
16591,3,0,0
16591,3,1,0
16591,4,2,0
16591,5,0,0
16591,5,2,0
16591,6,1,0
16591,6,2,0
16591,7,0,0
16591,7,1,0
16591,7,2,0
16592,1,0,0
16592,2,1,0
16592,3,0,0
16592,3,1,0
16592,4,2,0
16592,5,0,0
16592,5,2,0
16592,6,1,0
16592,6,2,0
16592,7,0,0
16592,7,1,0
16592,7,2,0
16593,1,0,0
16593,2,1,0
16593,3,0,0
16593,3,1,0
16593,4,2,0
16593,5,0,0
16593,5,2,0
16593,6,1,0
16593,6,2,0
16593,7,0,0
16593,7,1,0
16593,7,2,0
16594,1,0,0
16594,2,1,0
16594,3,0,0
16594,3,1,0
16594,4,2,0
16594,5,0,0
16594,5,2,0
16594,6,1,0
16594,6,2,0
16594,7,0,0
16594,7,1,0
16594,7,2,0
16595,1,0,0
16595,2,1,0
16595,3,0,0
16595,3,1,0
16595,4,2,0
16595,5,0,0
16595,5,2,0
16595,6,1,0
16595,6,2,0
16595,7,0,0
16595,7,1,0
16595,7,2,0
16596,1,0,0
16596,2,1,0
16596,3,0,0
16596,3,1,0
16596,4,2,0
16596,5,0,0
16596,5,2,0
16596,6,1,0
16596,6,2,0
16596,7,0,0
16596,7,1,0
16596,7,2,0
16597,1,0,0
16597,2,1,0
16597,3,0,0
16597,3,1,0
16597,4,2,0
16597,5,0,0
16597,5,2,0
16597,6,1,0
16597,6,2,0
16597,7,0,0
16597,7,1,0
16597,7,2,0
16598,1,0,0
16598,2,1,0
16598,3,0,0
16598,3,1,0
16598,4,2,0
16598,5,0,0
16598,5,2,0
16598,6,1,0
16598,6,2,0
16598,7,0,0
16598,7,1,0
16598,7,2,0
16599,1,0,0
16599,2,1,0
16599,3,0,0
16599,3,1,0
16599,4,2,0
16599,5,0,0
16599,5,2,0
16599,6,1,0
16599,6,2,0
16599,7,0,0
16599,7,1,0
16599,7,2,0
16600,1,0,0
16600,2,1,0
16600,3,0,0
16600,3,1,0
16600,4,2,0
16600,5,0,0
16600,5,2,0
16600,6,1,0
16600,6,2,0
16600,7,0,0
16600,7,1,0
16600,7,2,0
16601,1,0,0
16601,2,1,0
16601,3,0,0
16601,3,1,0
16601,4,2,0
16601,5,0,0
16601,5,2,0
16601,6,1,0
16601,6,2,0
16601,7,0,0
16601,7,1,0
16601,7,2,0
16602,1,0,0
16602,2,1,0
16602,3,0,0
16602,3,1,0
16602,4,2,0
16602,5,0,0
16602,5,2,0
16602,6,1,0
16602,6,2,0
16602,7,0,0
16602,7,1,0
16602,7,2,0
16603,1,0,0
16603,2,1,0
16603,3,0,0
16603,3,1,0
16603,4,2,0
16603,5,0,0
16603,5,2,0
16603,6,1,0
16603,6,2,0
16603,7,0,0
16603,7,1,0
16603,7,2,0
16604,1,0,0
16604,2,1,0
16604,3,0,0
16604,3,1,0
16604,4,2,0
16604,5,0,0
16604,5,2,0
16604,6,1,0
16604,6,2,0
16604,7,0,0
16604,7,1,0
16604,7,2,0
16605,1,0,1
16605,2,1,0
16605,3,0,1
16605,3,1,0
16605,4,2,0
16605,5,0,1
16605,5,2,0
16605,6,1,0
16605,6,2,0
16605,7,0,1
16605,7,1,0
16605,7,2,0
16606,1,0,1
16606,2,1,0
16606,3,0,1
16606,3,1,0
16606,4,2,0
16606,5,0,1
16606,5,2,0
16606,6,1,0
16606,6,2,0
16606,7,0,1
16606,7,1,0
16606,7,2,0
16607,1,0,0
16607,2,1,0
16607,3,0,0
16607,3,1,0
16607,4,2,0
16607,5,0,0
16607,5,2,0
16607,6,1,0
16607,6,2,0
16607,7,0,0
16607,7,1,0
16607,7,2,0
16608,1,0,0
16608,2,1,0
16608,3,0,0
16608,3,1,0
16608,4,2,0
16608,5,0,0
16608,5,2,0
16608,6,1,0
16608,6,2,0
16608,7,0,0
16608,7,1,0
16608,7,2,0
16609,1,0,0
16609,2,1,0
16609,3,0,0
16609,3,1,0
16609,4,2,0
16609,5,0,0
16609,5,2,0
16609,6,1,0
16609,6,2,0
16609,7,0,0
16609,7,1,0
16609,7,2,0
16610,1,0,0
16610,2,1,0
16610,3,0,0
16610,3,1,0
16610,4,2,0
16610,5,0,0
16610,5,2,0
16610,6,1,0
16610,6,2,0
16610,7,0,0
16610,7,1,0
16610,7,2,0
16611,1,0,0
16611,2,1,0
16611,3,0,0
16611,3,1,0
16611,4,2,0
16611,5,0,0
16611,5,2,0
16611,6,1,0
16611,6,2,0
16611,7,0,0
16611,7,1,0
16611,7,2,0
16612,1,0,0
16612,2,1,0
16612,3,0,0
16612,3,1,0
16612,4,2,0
16612,5,0,0
16612,5,2,0
16612,6,1,0
16612,6,2,0
16612,7,0,0
16612,7,1,0
16612,7,2,0
16613,1,0,0
16613,2,1,0
16613,3,0,0
16613,3,1,0
16613,4,2,0
16613,5,0,0
16613,5,2,0
16613,6,1,0
16613,6,2,0
16613,7,0,0
16613,7,1,0
16613,7,2,0
16614,1,0,0
16614,2,1,0
16614,3,0,0
16614,3,1,0
16614,4,2,0
16614,5,0,0
16614,5,2,0
16614,6,1,0
16614,6,2,0
16614,7,0,0
16614,7,1,0
16614,7,2,0
16615,1,0,0
16615,2,1,0
16615,3,0,0
16615,3,1,0
16615,4,2,0
16615,5,0,0
16615,5,2,0
16615,6,1,0
16615,6,2,0
16615,7,0,0
16615,7,1,0
16615,7,2,0
16616,1,0,0
16616,2,1,0
16616,3,0,0
16616,3,1,0
16616,4,2,0
16616,5,0,0
16616,5,2,0
16616,6,1,0
16616,6,2,0
16616,7,0,0
16616,7,1,0
16616,7,2,0
16617,1,0,0
16617,2,1,0
16617,3,0,0
16617,3,1,0
16617,4,2,0
16617,5,0,0
16617,5,2,0
16617,6,1,0
16617,6,2,0
16617,7,0,0
16617,7,1,0
16617,7,2,0
16618,1,0,0
16618,2,1,0
16618,3,0,0
16618,3,1,0
16618,4,2,0
16618,5,0,0
16618,5,2,0
16618,6,1,0
16618,6,2,0
16618,7,0,0
16618,7,1,0
16618,7,2,0
16619,1,0,0
16619,2,1,0
16619,3,0,0
16619,3,1,0
16619,4,2,0
16619,5,0,0
16619,5,2,0
16619,6,1,0
16619,6,2,0
16619,7,0,0
16619,7,1,0
16619,7,2,0
16620,1,0,0
16620,2,1,0
16620,3,0,0
16620,3,1,0
16620,4,2,0
16620,5,0,0
16620,5,2,0
16620,6,1,0
16620,6,2,0
16620,7,0,0
16620,7,1,0
16620,7,2,0
16621,1,0,0
16621,2,1,0
16621,3,0,0
16621,3,1,0
16621,4,2,0
16621,5,0,0
16621,5,2,0
16621,6,1,0
16621,6,2,0
16621,7,0,0
16621,7,1,0
16621,7,2,0
16622,1,0,0
16622,2,1,0
16622,3,0,0
16622,3,1,0
16622,4,2,0
16622,5,0,0
16622,5,2,0
16622,6,1,0
16622,6,2,0
16622,7,0,0
16622,7,1,0
16622,7,2,0
16623,1,0,0
16623,2,1,0
16623,3,0,0
16623,3,1,0
16623,4,2,0
16623,5,0,0
16623,5,2,0
16623,6,1,0
16623,6,2,0
16623,7,0,0
16623,7,1,0
16623,7,2,0
16624,1,0,0
16624,2,1,0
16624,3,0,0
16624,3,1,0
16624,4,2,0
16624,5,0,0
16624,5,2,0
16624,6,1,0
16624,6,2,0
16624,7,0,0
16624,7,1,0
16624,7,2,0
16625,1,0,0
16625,2,1,0
16625,3,0,0
16625,3,1,0
16625,4,2,0
16625,5,0,0
16625,5,2,0
16625,6,1,0
16625,6,2,0
16625,7,0,0
16625,7,1,0
16625,7,2,0
16626,1,0,0
16626,2,1,0
16626,3,0,0
16626,3,1,0
16626,4,2,0
16626,5,0,0
16626,5,2,0
16626,6,1,0
16626,6,2,0
16626,7,0,0
16626,7,1,0
16626,7,2,0
16627,1,0,0
16627,2,1,0
16627,3,0,0
16627,3,1,0
16627,4,2,0
16627,5,0,0
16627,5,2,0
16627,6,1,0
16627,6,2,0
16627,7,0,0
16627,7,1,0
16627,7,2,0
16628,1,0,0
16628,2,1,0
16628,3,0,0
16628,3,1,0
16628,4,2,0
16628,5,0,0
16628,5,2,0
16628,6,1,0
16628,6,2,0
16628,7,0,0
16628,7,1,0
16628,7,2,0
16629,1,0,0
16629,2,1,0
16629,3,0,0
16629,3,1,0
16629,4,2,0
16629,5,0,0
16629,5,2,0
16629,6,1,0
16629,6,2,0
16629,7,0,0
16629,7,1,0
16629,7,2,0
16630,1,0,0
16630,2,1,0
16630,3,0,0
16630,3,1,0
16630,4,2,0
16630,5,0,0
16630,5,2,0
16630,6,1,0
16630,6,2,0
16630,7,0,0
16630,7,1,0
16630,7,2,0
16631,1,0,0
16631,2,1,0
16631,3,0,0
16631,3,1,0
16631,4,2,0
16631,5,0,0
16631,5,2,0
16631,6,1,0
16631,6,2,0
16631,7,0,0
16631,7,1,0
16631,7,2,0
16632,1,0,1
16632,2,1,0
16632,3,0,1
16632,3,1,0
16632,4,2,0
16632,5,0,1
16632,5,2,0
16632,6,1,0
16632,6,2,0
16632,7,0,1
16632,7,1,0
16632,7,2,0
16633,1,0,1
16633,2,1,0
16633,3,0,1
16633,3,1,0
16633,4,2,0
16633,5,0,1
16633,5,2,0
16633,6,1,0
16633,6,2,0
16633,7,0,1
16633,7,1,0
16633,7,2,0
16634,1,0,0
16634,2,1,0
16634,3,0,0
16634,3,1,0
16634,4,2,0
16634,5,0,0
16634,5,2,0
16634,6,1,0
16634,6,2,0
16634,7,0,0
16634,7,1,0
16634,7,2,0
16635,1,0,0
16635,2,1,0
16635,3,0,0
16635,3,1,0
16635,4,2,0
16635,5,0,0
16635,5,2,0
16635,6,1,0
16635,6,2,0
16635,7,0,0
16635,7,1,0
16635,7,2,0
16636,1,0,0
16636,2,1,0
16636,3,0,0
16636,3,1,0
16636,4,2,0
16636,5,0,0
16636,5,2,0
16636,6,1,0
16636,6,2,0
16636,7,0,0
16636,7,1,0
16636,7,2,0
16637,1,0,0
16637,2,1,0
16637,3,0,0
16637,3,1,0
16637,4,2,0
16637,5,0,0
16637,5,2,0
16637,6,1,0
16637,6,2,0
16637,7,0,0
16637,7,1,0
16637,7,2,0
16638,1,0,0
16638,2,1,0
16638,3,0,0
16638,3,1,0
16638,4,2,0
16638,5,0,0
16638,5,2,0
16638,6,1,0
16638,6,2,0
16638,7,0,0
16638,7,1,0
16638,7,2,0
16639,1,0,0
16639,2,1,0
16639,3,0,0
16639,3,1,0
16639,4,2,0
16639,5,0,0
16639,5,2,0
16639,6,1,0
16639,6,2,0
16639,7,0,0
16639,7,1,0
16639,7,2,0
16640,1,0,0
16640,2,1,0
16640,3,0,0
16640,3,1,0
16640,4,2,0
16640,5,0,0
16640,5,2,0
16640,6,1,0
16640,6,2,0
16640,7,0,0
16640,7,1,0
16640,7,2,0
16641,1,0,0
16641,2,1,0
16641,3,0,0
16641,3,1,0
16641,4,2,0
16641,5,0,0
16641,5,2,0
16641,6,1,0
16641,6,2,0
16641,7,0,0
16641,7,1,0
16641,7,2,0
16642,1,0,0
16642,2,1,0
16642,3,0,0
16642,3,1,0
16642,4,2,0
16642,5,0,0
16642,5,2,0
16642,6,1,0
16642,6,2,0
16642,7,0,0
16642,7,1,0
16642,7,2,0
16643,1,0,0
16643,2,1,0
16643,3,0,0
16643,3,1,0
16643,4,2,0
16643,5,0,0
16643,5,2,0
16643,6,1,0
16643,6,2,0
16643,7,0,0
16643,7,1,0
16643,7,2,0
16644,1,0,0
16644,2,1,0
16644,3,0,0
16644,3,1,0
16644,4,2,0
16644,5,0,0
16644,5,2,0
16644,6,1,0
16644,6,2,0
16644,7,0,0
16644,7,1,0
16644,7,2,0
16645,1,0,0
16645,2,1,0
16645,3,0,0
16645,3,1,0
16645,4,2,0
16645,5,0,0
16645,5,2,0
16645,6,1,0
16645,6,2,0
16645,7,0,0
16645,7,1,0
16645,7,2,0
16646,1,0,0
16646,2,1,0
16646,3,0,0
16646,3,1,0
16646,4,2,0
16646,5,0,0
16646,5,2,0
16646,6,1,0
16646,6,2,0
16646,7,0,0
16646,7,1,0
16646,7,2,0
16647,1,0,0
16647,2,1,0
16647,3,0,0
16647,3,1,0
16647,4,2,0
16647,5,0,0
16647,5,2,0
16647,6,1,0
16647,6,2,0
16647,7,0,0
16647,7,1,0
16647,7,2,0
16648,1,0,0
16648,2,1,0
16648,3,0,0
16648,3,1,0
16648,4,2,0
16648,5,0,0
16648,5,2,0
16648,6,1,0
16648,6,2,0
16648,7,0,0
16648,7,1,0
16648,7,2,0
16649,1,0,0
16649,2,1,0
16649,3,0,0
16649,3,1,0
16649,4,2,0
16649,5,0,0
16649,5,2,0
16649,6,1,0
16649,6,2,0
16649,7,0,0
16649,7,1,0
16649,7,2,0
16650,1,0,0
16650,2,1,0
16650,3,0,0
16650,3,1,0
16650,4,2,0
16650,5,0,0
16650,5,2,0
16650,6,1,0
16650,6,2,0
16650,7,0,0
16650,7,1,0
16650,7,2,0
16651,1,0,0
16651,2,1,0
16651,3,0,0
16651,3,1,0
16651,4,2,0
16651,5,0,0
16651,5,2,0
16651,6,1,0
16651,6,2,0
16651,7,0,0
16651,7,1,0
16651,7,2,0
16652,1,0,0
16652,2,1,0
16652,3,0,0
16652,3,1,0
16652,4,2,0
16652,5,0,0
16652,5,2,0
16652,6,1,0
16652,6,2,0
16652,7,0,0
16652,7,1,0
16652,7,2,0
16653,1,0,0
16653,2,1,0
16653,3,0,0
16653,3,1,0
16653,4,2,0
16653,5,0,0
16653,5,2,0
16653,6,1,0
16653,6,2,0
16653,7,0,0
16653,7,1,0
16653,7,2,0
16654,1,0,0
16654,2,1,0
16654,3,0,0
16654,3,1,0
16654,4,2,0
16654,5,0,0
16654,5,2,0
16654,6,1,0
16654,6,2,0
16654,7,0,0
16654,7,1,0
16654,7,2,0
16655,1,0,0
16655,2,1,0
16655,3,0,0
16655,3,1,0
16655,4,2,0
16655,5,0,0
16655,5,2,0
16655,6,1,0
16655,6,2,0
16655,7,0,0
16655,7,1,0
16655,7,2,0
16656,1,0,0
16656,2,1,0
16656,3,0,0
16656,3,1,0
16656,4,2,0
16656,5,0,0
16656,5,2,0
16656,6,1,0
16656,6,2,0
16656,7,0,0
16656,7,1,0
16656,7,2,0
16657,1,0,0
16657,2,1,0
16657,3,0,0
16657,3,1,0
16657,4,2,0
16657,5,0,0
16657,5,2,0
16657,6,1,0
16657,6,2,0
16657,7,0,0
16657,7,1,0
16657,7,2,0
16658,1,0,0
16658,2,1,0
16658,3,0,0
16658,3,1,0
16658,4,2,0
16658,5,0,0
16658,5,2,0
16658,6,1,0
16658,6,2,0
16658,7,0,0
16658,7,1,0
16658,7,2,0
16659,1,0,1
16659,2,1,0
16659,3,0,1
16659,3,1,0
16659,4,2,0
16659,5,0,1
16659,5,2,0
16659,6,1,0
16659,6,2,0
16659,7,0,1
16659,7,1,0
16659,7,2,0
16660,1,0,1
16660,2,1,0
16660,3,0,1
16660,3,1,0
16660,4,2,0
16660,5,0,1
16660,5,2,0
16660,6,1,0
16660,6,2,0
16660,7,0,1
16660,7,1,0
16660,7,2,0
16661,1,0,0
16661,2,1,0
16661,3,0,0
16661,3,1,0
16661,4,2,0
16661,5,0,0
16661,5,2,0
16661,6,1,0
16661,6,2,0
16661,7,0,0
16661,7,1,0
16661,7,2,0
16662,1,0,0
16662,2,1,0
16662,3,0,0
16662,3,1,0
16662,4,2,0
16662,5,0,0
16662,5,2,0
16662,6,1,0
16662,6,2,0
16662,7,0,0
16662,7,1,0
16662,7,2,0
16663,1,0,0
16663,2,1,0
16663,3,0,0
16663,3,1,0
16663,4,2,0
16663,5,0,0
16663,5,2,0
16663,6,1,0
16663,6,2,0
16663,7,0,0
16663,7,1,0
16663,7,2,0
16664,1,0,0
16664,2,1,0
16664,3,0,0
16664,3,1,0
16664,4,2,0
16664,5,0,0
16664,5,2,0
16664,6,1,0
16664,6,2,0
16664,7,0,0
16664,7,1,0
16664,7,2,0
16665,1,0,0
16665,2,1,0
16665,3,0,0
16665,3,1,0
16665,4,2,0
16665,5,0,0
16665,5,2,0
16665,6,1,0
16665,6,2,0
16665,7,0,0
16665,7,1,0
16665,7,2,0
16666,1,0,0
16666,2,1,0
16666,3,0,0
16666,3,1,0
16666,4,2,0
16666,5,0,0
16666,5,2,0
16666,6,1,0
16666,6,2,0
16666,7,0,0
16666,7,1,0
16666,7,2,0
16667,1,0,0
16667,2,1,0
16667,3,0,0
16667,3,1,0
16667,4,2,0
16667,5,0,0
16667,5,2,0
16667,6,1,0
16667,6,2,0
16667,7,0,0
16667,7,1,0
16667,7,2,0
16668,1,0,0
16668,2,1,0
16668,3,0,0
16668,3,1,0
16668,4,2,0
16668,5,0,0
16668,5,2,0
16668,6,1,0
16668,6,2,0
16668,7,0,0
16668,7,1,0
16668,7,2,0
16669,1,0,0
16669,2,1,0
16669,3,0,0
16669,3,1,0
16669,4,2,0
16669,5,0,0
16669,5,2,0
16669,6,1,0
16669,6,2,0
16669,7,0,0
16669,7,1,0
16669,7,2,0
16670,1,0,0
16670,2,1,0
16670,3,0,0
16670,3,1,0
16670,4,2,0
16670,5,0,0
16670,5,2,0
16670,6,1,0
16670,6,2,0
16670,7,0,0
16670,7,1,0
16670,7,2,0
16671,1,0,0
16671,2,1,0
16671,3,0,0
16671,3,1,0
16671,4,2,0
16671,5,0,0
16671,5,2,0
16671,6,1,0
16671,6,2,0
16671,7,0,0
16671,7,1,0
16671,7,2,0
16672,1,0,0
16672,2,1,0
16672,3,0,0
16672,3,1,0
16672,4,2,0
16672,5,0,0
16672,5,2,0
16672,6,1,0
16672,6,2,0
16672,7,0,0
16672,7,1,0
16672,7,2,0
16673,1,0,0
16673,2,1,0
16673,3,0,0
16673,3,1,0
16673,4,2,0
16673,5,0,0
16673,5,2,0
16673,6,1,0
16673,6,2,0
16673,7,0,0
16673,7,1,0
16673,7,2,0
16674,1,0,0
16674,2,1,0
16674,3,0,0
16674,3,1,0
16674,4,2,0
16674,5,0,0
16674,5,2,0
16674,6,1,0
16674,6,2,0
16674,7,0,0
16674,7,1,0
16674,7,2,0
16675,1,0,0
16675,2,1,0
16675,3,0,0
16675,3,1,0
16675,4,2,0
16675,5,0,0
16675,5,2,0
16675,6,1,0
16675,6,2,0
16675,7,0,0
16675,7,1,0
16675,7,2,0
16676,1,0,0
16676,2,1,0
16676,3,0,0
16676,3,1,0
16676,4,2,0
16676,5,0,0
16676,5,2,0
16676,6,1,0
16676,6,2,0
16676,7,0,0
16676,7,1,0
16676,7,2,0
16677,1,0,0
16677,2,1,0
16677,3,0,0
16677,3,1,0
16677,4,2,0
16677,5,0,0
16677,5,2,0
16677,6,1,0
16677,6,2,0
16677,7,0,0
16677,7,1,0
16677,7,2,0
16678,1,0,0
16678,2,1,0
16678,3,0,0
16678,3,1,0
16678,4,2,0
16678,5,0,0
16678,5,2,0
16678,6,1,0
16678,6,2,0
16678,7,0,0
16678,7,1,0
16678,7,2,0
16679,1,0,0
16679,2,1,0
16679,3,0,0
16679,3,1,0
16679,4,2,0
16679,5,0,0
16679,5,2,0
16679,6,1,0
16679,6,2,0
16679,7,0,0
16679,7,1,0
16679,7,2,0
16680,1,0,0
16680,2,1,0
16680,3,0,0
16680,3,1,0
16680,4,2,0
16680,5,0,0
16680,5,2,0
16680,6,1,0
16680,6,2,0
16680,7,0,0
16680,7,1,0
16680,7,2,0
16681,1,0,0
16681,2,1,0
16681,3,0,0
16681,3,1,0
16681,4,2,0
16681,5,0,0
16681,5,2,0
16681,6,1,0
16681,6,2,0
16681,7,0,0
16681,7,1,0
16681,7,2,0
16682,1,0,0
16682,2,1,0
16682,3,0,0
16682,3,1,0
16682,4,2,0
16682,5,0,0
16682,5,2,0
16682,6,1,0
16682,6,2,0
16682,7,0,0
16682,7,1,0
16682,7,2,0
16683,1,0,0
16683,2,1,0
16683,3,0,0
16683,3,1,0
16683,4,2,0
16683,5,0,0
16683,5,2,0
16683,6,1,0
16683,6,2,0
16683,7,0,0
16683,7,1,0
16683,7,2,0
16684,1,0,0
16684,2,1,0
16684,3,0,0
16684,3,1,0
16684,4,2,0
16684,5,0,0
16684,5,2,0
16684,6,1,0
16684,6,2,0
16684,7,0,0
16684,7,1,0
16684,7,2,0
16685,1,0,0
16685,2,1,0
16685,3,0,0
16685,3,1,0
16685,4,2,0
16685,5,0,0
16685,5,2,0
16685,6,1,0
16685,6,2,0
16685,7,0,0
16685,7,1,0
16685,7,2,0
16686,1,0,1
16686,2,1,0
16686,3,0,1
16686,3,1,0
16686,4,2,0
16686,5,0,1
16686,5,2,0
16686,6,1,0
16686,6,2,0
16686,7,0,1
16686,7,1,0
16686,7,2,0
16687,1,0,1
16687,2,1,0
16687,3,0,1
16687,3,1,0
16687,4,2,0
16687,5,0,1
16687,5,2,0
16687,6,1,0
16687,6,2,0
16687,7,0,1
16687,7,1,0
16687,7,2,0
16688,1,0,0
16688,2,1,0
16688,3,0,0
16688,3,1,0
16688,4,2,0
16688,5,0,0
16688,5,2,0
16688,6,1,0
16688,6,2,0
16688,7,0,0
16688,7,1,0
16688,7,2,0
16689,1,0,0
16689,2,1,0
16689,3,0,0
16689,3,1,0
16689,4,2,0
16689,5,0,0
16689,5,2,0
16689,6,1,0
16689,6,2,0
16689,7,0,0
16689,7,1,0
16689,7,2,0
16690,1,0,0
16690,2,1,0
16690,3,0,0
16690,3,1,0
16690,4,2,0
16690,5,0,0
16690,5,2,0
16690,6,1,0
16690,6,2,0
16690,7,0,0
16690,7,1,0
16690,7,2,0
16691,1,0,0
16691,2,1,0
16691,3,0,0
16691,3,1,0
16691,4,2,0
16691,5,0,0
16691,5,2,0
16691,6,1,0
16691,6,2,0
16691,7,0,0
16691,7,1,0
16691,7,2,0
16692,1,0,0
16692,2,1,0
16692,3,0,0
16692,3,1,0
16692,4,2,0
16692,5,0,0
16692,5,2,0
16692,6,1,0
16692,6,2,0
16692,7,0,0
16692,7,1,0
16692,7,2,0
16693,1,0,0
16693,2,1,0
16693,3,0,0
16693,3,1,0
16693,4,2,0
16693,5,0,0
16693,5,2,0
16693,6,1,0
16693,6,2,0
16693,7,0,0
16693,7,1,0
16693,7,2,0
16694,1,0,0
16694,2,1,0
16694,3,0,0
16694,3,1,0
16694,4,2,0
16694,5,0,0
16694,5,2,0
16694,6,1,0
16694,6,2,0
16694,7,0,0
16694,7,1,0
16694,7,2,0
16695,1,0,0
16695,2,1,0
16695,3,0,0
16695,3,1,0
16695,4,2,0
16695,5,0,0
16695,5,2,0
16695,6,1,0
16695,6,2,0
16695,7,0,0
16695,7,1,0
16695,7,2,0
16696,1,0,0
16696,2,1,0
16696,3,0,0
16696,3,1,0
16696,4,2,0
16696,5,0,0
16696,5,2,0
16696,6,1,0
16696,6,2,0
16696,7,0,0
16696,7,1,0
16696,7,2,0
16697,1,0,0
16697,2,1,0
16697,3,0,0
16697,3,1,0
16697,4,2,0
16697,5,0,0
16697,5,2,0
16697,6,1,0
16697,6,2,0
16697,7,0,0
16697,7,1,0
16697,7,2,0
16698,1,0,0
16698,2,1,0
16698,3,0,0
16698,3,1,0
16698,4,2,0
16698,5,0,0
16698,5,2,0
16698,6,1,0
16698,6,2,0
16698,7,0,0
16698,7,1,0
16698,7,2,0
16699,1,0,0
16699,2,1,0
16699,3,0,0
16699,3,1,0
16699,4,2,0
16699,5,0,0
16699,5,2,0
16699,6,1,0
16699,6,2,0
16699,7,0,0
16699,7,1,0
16699,7,2,0
16700,1,0,0
16700,2,1,0
16700,3,0,0
16700,3,1,0
16700,4,2,0
16700,5,0,0
16700,5,2,0
16700,6,1,0
16700,6,2,0
16700,7,0,0
16700,7,1,0
16700,7,2,0
16701,1,0,0
16701,2,1,0
16701,3,0,0
16701,3,1,0
16701,4,2,0
16701,5,0,0
16701,5,2,0
16701,6,1,0
16701,6,2,0
16701,7,0,0
16701,7,1,0
16701,7,2,0
16702,1,0,0
16702,2,1,0
16702,3,0,0
16702,3,1,0
16702,4,2,0
16702,5,0,0
16702,5,2,0
16702,6,1,0
16702,6,2,0
16702,7,0,0
16702,7,1,0
16702,7,2,0
16703,1,0,0
16703,2,1,0
16703,3,0,0
16703,3,1,0
16703,4,2,0
16703,5,0,0
16703,5,2,0
16703,6,1,0
16703,6,2,0
16703,7,0,0
16703,7,1,0
16703,7,2,0
16704,1,0,0
16704,2,1,0
16704,3,0,0
16704,3,1,0
16704,4,2,0
16704,5,0,0
16704,5,2,0
16704,6,1,0
16704,6,2,0
16704,7,0,0
16704,7,1,0
16704,7,2,0
16705,1,0,0
16705,2,1,0
16705,3,0,0
16705,3,1,0
16705,4,2,0
16705,5,0,0
16705,5,2,0
16705,6,1,0
16705,6,2,0
16705,7,0,0
16705,7,1,0
16705,7,2,0
16706,1,0,0
16706,2,1,0
16706,3,0,0
16706,3,1,0
16706,4,2,0
16706,5,0,0
16706,5,2,0
16706,6,1,0
16706,6,2,0
16706,7,0,0
16706,7,1,0
16706,7,2,0
16707,1,0,0
16707,2,1,0
16707,3,0,0
16707,3,1,0
16707,4,2,0
16707,5,0,0
16707,5,2,0
16707,6,1,0
16707,6,2,0
16707,7,0,0
16707,7,1,0
16707,7,2,0
16708,1,0,0
16708,2,1,0
16708,3,0,0
16708,3,1,0
16708,4,2,0
16708,5,0,0
16708,5,2,0
16708,6,1,0
16708,6,2,0
16708,7,0,0
16708,7,1,0
16708,7,2,0
16709,1,0,0
16709,2,1,0
16709,3,0,0
16709,3,1,0
16709,4,2,0
16709,5,0,0
16709,5,2,0
16709,6,1,0
16709,6,2,0
16709,7,0,0
16709,7,1,0
16709,7,2,0
16710,1,0,0
16710,2,1,0
16710,3,0,0
16710,3,1,0
16710,4,2,0
16710,5,0,0
16710,5,2,0
16710,6,1,0
16710,6,2,0
16710,7,0,0
16710,7,1,0
16710,7,2,0
16711,1,0,0
16711,2,1,0
16711,3,0,0
16711,3,1,0
16711,4,2,0
16711,5,0,0
16711,5,2,0
16711,6,1,0
16711,6,2,0
16711,7,0,0
16711,7,1,0
16711,7,2,0
16712,1,0,0
16712,2,1,0
16712,3,0,0
16712,3,1,0
16712,4,2,0
16712,5,0,0
16712,5,2,0
16712,6,1,0
16712,6,2,0
16712,7,0,0
16712,7,1,0
16712,7,2,0
16713,1,0,1
16713,2,1,0
16713,3,0,1
16713,3,1,0
16713,4,2,0
16713,5,0,1
16713,5,2,0
16713,6,1,0
16713,6,2,0
16713,7,0,1
16713,7,1,0
16713,7,2,0
16714,1,0,1
16714,2,1,0
16714,3,0,1
16714,3,1,0
16714,4,2,0
16714,5,0,1
16714,5,2,0
16714,6,1,0
16714,6,2,0
16714,7,0,1
16714,7,1,0
16714,7,2,0
16715,1,0,0
16715,2,1,0
16715,3,0,0
16715,3,1,0
16715,4,2,0
16715,5,0,0
16715,5,2,0
16715,6,1,0
16715,6,2,0
16715,7,0,0
16715,7,1,0
16715,7,2,0
16716,1,0,0
16716,2,1,0
16716,3,0,0
16716,3,1,0
16716,4,2,0
16716,5,0,0
16716,5,2,0
16716,6,1,0
16716,6,2,0
16716,7,0,0
16716,7,1,0
16716,7,2,0
16717,1,0,0
16717,2,1,0
16717,3,0,0
16717,3,1,0
16717,4,2,0
16717,5,0,0
16717,5,2,0
16717,6,1,0
16717,6,2,0
16717,7,0,0
16717,7,1,0
16717,7,2,0
16718,1,0,0
16718,2,1,0
16718,3,0,0
16718,3,1,0
16718,4,2,0
16718,5,0,0
16718,5,2,0
16718,6,1,0
16718,6,2,0
16718,7,0,0
16718,7,1,0
16718,7,2,0
16719,1,0,0
16719,2,1,0
16719,3,0,0
16719,3,1,0
16719,4,2,0
16719,5,0,0
16719,5,2,0
16719,6,1,0
16719,6,2,0
16719,7,0,0
16719,7,1,0
16719,7,2,0
16720,1,0,0
16720,2,1,0
16720,3,0,0
16720,3,1,0
16720,4,2,0
16720,5,0,0
16720,5,2,0
16720,6,1,0
16720,6,2,0
16720,7,0,0
16720,7,1,0
16720,7,2,0
16721,1,0,0
16721,2,1,0
16721,3,0,0
16721,3,1,0
16721,4,2,0
16721,5,0,0
16721,5,2,0
16721,6,1,0
16721,6,2,0
16721,7,0,0
16721,7,1,0
16721,7,2,0
16722,1,0,0
16722,2,1,0
16722,3,0,0
16722,3,1,0
16722,4,2,0
16722,5,0,0
16722,5,2,0
16722,6,1,0
16722,6,2,0
16722,7,0,0
16722,7,1,0
16722,7,2,0
16723,1,0,0
16723,2,1,0
16723,3,0,0
16723,3,1,0
16723,4,2,0
16723,5,0,0
16723,5,2,0
16723,6,1,0
16723,6,2,0
16723,7,0,0
16723,7,1,0
16723,7,2,0
16724,1,0,0
16724,2,1,0
16724,3,0,0
16724,3,1,0
16724,4,2,0
16724,5,0,0
16724,5,2,0
16724,6,1,0
16724,6,2,0
16724,7,0,0
16724,7,1,0
16724,7,2,0
16725,1,0,0
16725,2,1,0
16725,3,0,0
16725,3,1,0
16725,4,2,0
16725,5,0,0
16725,5,2,0
16725,6,1,0
16725,6,2,0
16725,7,0,0
16725,7,1,0
16725,7,2,0
16726,1,0,0
16726,2,1,0
16726,3,0,0
16726,3,1,0
16726,4,2,0
16726,5,0,0
16726,5,2,0
16726,6,1,0
16726,6,2,0
16726,7,0,0
16726,7,1,0
16726,7,2,0
16727,1,0,0
16727,2,1,0
16727,3,0,0
16727,3,1,0
16727,4,2,0
16727,5,0,0
16727,5,2,0
16727,6,1,0
16727,6,2,0
16727,7,0,0
16727,7,1,0
16727,7,2,0
16728,1,0,0
16728,2,1,0
16728,3,0,0
16728,3,1,0
16728,4,2,0
16728,5,0,0
16728,5,2,0
16728,6,1,0
16728,6,2,0
16728,7,0,0
16728,7,1,0
16728,7,2,0
16729,1,0,0
16729,2,1,0
16729,3,0,0
16729,3,1,0
16729,4,2,0
16729,5,0,0
16729,5,2,0
16729,6,1,0
16729,6,2,0
16729,7,0,0
16729,7,1,0
16729,7,2,0
16730,1,0,0
16730,2,1,0
16730,3,0,0
16730,3,1,0
16730,4,2,0
16730,5,0,0
16730,5,2,0
16730,6,1,0
16730,6,2,0
16730,7,0,0
16730,7,1,0
16730,7,2,0
16731,1,0,0
16731,2,1,0
16731,3,0,0
16731,3,1,0
16731,4,2,0
16731,5,0,0
16731,5,2,0
16731,6,1,0
16731,6,2,0
16731,7,0,0
16731,7,1,0
16731,7,2,0
16732,1,0,0
16732,2,1,0
16732,3,0,0
16732,3,1,0
16732,4,2,0
16732,5,0,0
16732,5,2,0
16732,6,1,0
16732,6,2,0
16732,7,0,0
16732,7,1,0
16732,7,2,0
16733,1,0,0
16733,2,1,0
16733,3,0,0
16733,3,1,0
16733,4,2,0
16733,5,0,0
16733,5,2,0
16733,6,1,0
16733,6,2,0
16733,7,0,0
16733,7,1,0
16733,7,2,0
16734,1,0,0
16734,2,1,0
16734,3,0,0
16734,3,1,0
16734,4,2,0
16734,5,0,0
16734,5,2,0
16734,6,1,0
16734,6,2,0
16734,7,0,0
16734,7,1,0
16734,7,2,0
16735,1,0,0
16735,2,1,0
16735,3,0,0
16735,3,1,0
16735,4,2,0
16735,5,0,0
16735,5,2,0
16735,6,1,0
16735,6,2,0
16735,7,0,0
16735,7,1,0
16735,7,2,0
16736,1,0,0
16736,2,1,0
16736,3,0,0
16736,3,1,0
16736,4,2,0
16736,5,0,0
16736,5,2,0
16736,6,1,0
16736,6,2,0
16736,7,0,0
16736,7,1,0
16736,7,2,0
16737,1,0,0
16737,2,1,0
16737,3,0,0
16737,3,1,0
16737,4,2,0
16737,5,0,0
16737,5,2,0
16737,6,1,0
16737,6,2,0
16737,7,0,0
16737,7,1,0
16737,7,2,0
16738,1,0,0
16738,2,1,0
16738,3,0,0
16738,3,1,0
16738,4,2,0
16738,5,0,0
16738,5,2,0
16738,6,1,0
16738,6,2,0
16738,7,0,0
16738,7,1,0
16738,7,2,0
16739,1,0,0
16739,2,1,0
16739,3,0,0
16739,3,1,0
16739,4,2,0
16739,5,0,0
16739,5,2,0
16739,6,1,0
16739,6,2,0
16739,7,0,0
16739,7,1,0
16739,7,2,0
16740,1,0,1
16740,2,1,0
16740,3,0,1
16740,3,1,0
16740,4,2,0
16740,5,0,1
16740,5,2,0
16740,6,1,0
16740,6,2,0
16740,7,0,1
16740,7,1,0
16740,7,2,0
16741,1,0,1
16741,2,1,0
16741,3,0,1
16741,3,1,0
16741,4,2,0
16741,5,0,1
16741,5,2,0
16741,6,1,0
16741,6,2,0
16741,7,0,1
16741,7,1,0
16741,7,2,0
16742,1,0,0
16742,2,1,0
16742,3,0,0
16742,3,1,0
16742,4,2,0
16742,5,0,0
16742,5,2,0
16742,6,1,0
16742,6,2,0
16742,7,0,0
16742,7,1,0
16742,7,2,0
16743,1,0,0
16743,2,1,0
16743,3,0,0
16743,3,1,0
16743,4,2,0
16743,5,0,0
16743,5,2,0
16743,6,1,0
16743,6,2,0
16743,7,0,0
16743,7,1,0
16743,7,2,0
16744,1,0,0
16744,2,1,0
16744,3,0,0
16744,3,1,0
16744,4,2,0
16744,5,0,0
16744,5,2,0
16744,6,1,0
16744,6,2,0
16744,7,0,0
16744,7,1,0
16744,7,2,0
16745,1,0,0
16745,2,1,0
16745,3,0,0
16745,3,1,0
16745,4,2,0
16745,5,0,0
16745,5,2,0
16745,6,1,0
16745,6,2,0
16745,7,0,0
16745,7,1,0
16745,7,2,0
16746,1,0,0
16746,2,1,0
16746,3,0,0
16746,3,1,0
16746,4,2,0
16746,5,0,0
16746,5,2,0
16746,6,1,0
16746,6,2,0
16746,7,0,0
16746,7,1,0
16746,7,2,0
16747,1,0,0
16747,2,1,0
16747,3,0,0
16747,3,1,0
16747,4,2,0
16747,5,0,0
16747,5,2,0
16747,6,1,0
16747,6,2,0
16747,7,0,0
16747,7,1,0
16747,7,2,0
16748,1,0,0
16748,2,1,0
16748,3,0,0
16748,3,1,0
16748,4,2,0
16748,5,0,0
16748,5,2,0
16748,6,1,0
16748,6,2,0
16748,7,0,0
16748,7,1,0
16748,7,2,0
16749,1,0,0
16749,2,1,0
16749,3,0,0
16749,3,1,0
16749,4,2,0
16749,5,0,0
16749,5,2,0
16749,6,1,0
16749,6,2,0
16749,7,0,0
16749,7,1,0
16749,7,2,0
16750,1,0,0
16750,2,1,0
16750,3,0,0
16750,3,1,0
16750,4,2,0
16750,5,0,0
16750,5,2,0
16750,6,1,0
16750,6,2,0
16750,7,0,0
16750,7,1,0
16750,7,2,0
16751,1,0,0
16751,2,1,0
16751,3,0,0
16751,3,1,0
16751,4,2,0
16751,5,0,0
16751,5,2,0
16751,6,1,0
16751,6,2,0
16751,7,0,0
16751,7,1,0
16751,7,2,0
16752,1,0,0
16752,2,1,0
16752,3,0,0
16752,3,1,0
16752,4,2,0
16752,5,0,0
16752,5,2,0
16752,6,1,0
16752,6,2,0
16752,7,0,0
16752,7,1,0
16752,7,2,0
16753,1,0,0
16753,2,1,0
16753,3,0,0
16753,3,1,0
16753,4,2,0
16753,5,0,0
16753,5,2,0
16753,6,1,0
16753,6,2,0
16753,7,0,0
16753,7,1,0
16753,7,2,0
16754,1,0,0
16754,2,1,0
16754,3,0,0
16754,3,1,0
16754,4,2,0
16754,5,0,0
16754,5,2,0
16754,6,1,0
16754,6,2,0
16754,7,0,0
16754,7,1,0
16754,7,2,0
16755,1,0,0
16755,2,1,0
16755,3,0,0
16755,3,1,0
16755,4,2,0
16755,5,0,0
16755,5,2,0
16755,6,1,0
16755,6,2,0
16755,7,0,0
16755,7,1,0
16755,7,2,0
16756,1,0,0
16756,2,1,0
16756,3,0,0
16756,3,1,0
16756,4,2,0
16756,5,0,0
16756,5,2,0
16756,6,1,0
16756,6,2,0
16756,7,0,0
16756,7,1,0
16756,7,2,0
16757,1,0,0
16757,2,1,0
16757,3,0,0
16757,3,1,0
16757,4,2,0
16757,5,0,0
16757,5,2,0
16757,6,1,0
16757,6,2,0
16757,7,0,0
16757,7,1,0
16757,7,2,0
16758,1,0,0
16758,2,1,0
16758,3,0,0
16758,3,1,0
16758,4,2,0
16758,5,0,0
16758,5,2,0
16758,6,1,0
16758,6,2,0
16758,7,0,0
16758,7,1,0
16758,7,2,0
16759,1,0,0
16759,2,1,0
16759,3,0,0
16759,3,1,0
16759,4,2,0
16759,5,0,0
16759,5,2,0
16759,6,1,0
16759,6,2,0
16759,7,0,0
16759,7,1,0
16759,7,2,0
16760,1,0,0
16760,2,1,0
16760,3,0,0
16760,3,1,0
16760,4,2,0
16760,5,0,0
16760,5,2,0
16760,6,1,0
16760,6,2,0
16760,7,0,0
16760,7,1,0
16760,7,2,0
16761,1,0,0
16761,2,1,0
16761,3,0,0
16761,3,1,0
16761,4,2,0
16761,5,0,0
16761,5,2,0
16761,6,1,0
16761,6,2,0
16761,7,0,0
16761,7,1,0
16761,7,2,0
16762,1,0,0
16762,2,1,0
16762,3,0,0
16762,3,1,0
16762,4,2,0
16762,5,0,0
16762,5,2,0
16762,6,1,0
16762,6,2,0
16762,7,0,0
16762,7,1,0
16762,7,2,0
16763,1,0,0
16763,2,1,0
16763,3,0,0
16763,3,1,0
16763,4,2,0
16763,5,0,0
16763,5,2,0
16763,6,1,0
16763,6,2,0
16763,7,0,0
16763,7,1,0
16763,7,2,0
16764,1,0,0
16764,2,1,0
16764,3,0,0
16764,3,1,0
16764,4,2,0
16764,5,0,0
16764,5,2,0
16764,6,1,0
16764,6,2,0
16764,7,0,0
16764,7,1,0
16764,7,2,0
16765,1,0,0
16765,2,1,0
16765,3,0,0
16765,3,1,0
16765,4,2,0
16765,5,0,0
16765,5,2,0
16765,6,1,0
16765,6,2,0
16765,7,0,0
16765,7,1,0
16765,7,2,0
16766,1,0,0
16766,2,1,0
16766,3,0,0
16766,3,1,0
16766,4,2,0
16766,5,0,0
16766,5,2,0
16766,6,1,0
16766,6,2,0
16766,7,0,0
16766,7,1,0
16766,7,2,0
16767,1,0,1
16767,2,1,1
16767,3,0,1
16767,3,1,1
16767,4,2,0
16767,5,0,1
16767,5,2,0
16767,6,1,1
16767,6,2,0
16767,7,0,1
16767,7,1,1
16767,7,2,0
16768,1,0,1
16768,2,1,1
16768,3,0,1
16768,3,1,1
16768,4,2,0
16768,5,0,1
16768,5,2,0
16768,6,1,1
16768,6,2,0
16768,7,0,1
16768,7,1,1
16768,7,2,0
16769,1,0,0
16769,2,1,1
16769,3,0,0
16769,3,1,1
16769,4,2,0
16769,5,0,0
16769,5,2,0
16769,6,1,1
16769,6,2,0
16769,7,0,0
16769,7,1,1
16769,7,2,0
16770,1,0,1
16770,2,1,1
16770,3,0,1
16770,3,1,1
16770,4,2,0
16770,5,0,1
16770,5,2,0
16770,6,1,1
16770,6,2,0
16770,7,0,1
16770,7,1,1
16770,7,2,0
16771,1,0,1
16771,2,1,1
16771,3,0,1
16771,3,1,1
16771,4,2,0
16771,5,0,1
16771,5,2,0
16771,6,1,1
16771,6,2,0
16771,7,0,1
16771,7,1,1
16771,7,2,0
16772,1,0,0
16772,2,1,1
16772,3,0,0
16772,3,1,1
16772,4,2,0
16772,5,0,0
16772,5,2,0
16772,6,1,1
16772,6,2,0
16772,7,0,0
16772,7,1,1
16772,7,2,0
16773,1,0,1
16773,2,1,1
16773,3,0,1
16773,3,1,1
16773,4,2,0
16773,5,0,1
16773,5,2,0
16773,6,1,1
16773,6,2,0
16773,7,0,1
16773,7,1,1
16773,7,2,0
16774,1,0,1
16774,2,1,1
16774,3,0,1
16774,3,1,1
16774,4,2,0
16774,5,0,1
16774,5,2,0
16774,6,1,1
16774,6,2,0
16774,7,0,1
16774,7,1,1
16774,7,2,0
16775,1,0,0
16775,2,1,1
16775,3,0,0
16775,3,1,1
16775,4,2,0
16775,5,0,0
16775,5,2,0
16775,6,1,1
16775,6,2,0
16775,7,0,0
16775,7,1,1
16775,7,2,0
16776,1,0,0
16776,2,1,1
16776,3,0,0
16776,3,1,1
16776,4,2,0
16776,5,0,0
16776,5,2,0
16776,6,1,1
16776,6,2,0
16776,7,0,0
16776,7,1,1
16776,7,2,0
16777,1,0,0
16777,2,1,1
16777,3,0,0
16777,3,1,1
16777,4,2,0
16777,5,0,0
16777,5,2,0
16777,6,1,1
16777,6,2,0
16777,7,0,0
16777,7,1,1
16777,7,2,0
16778,1,0,0
16778,2,1,1
16778,3,0,0
16778,3,1,1
16778,4,2,0
16778,5,0,0
16778,5,2,0
16778,6,1,1
16778,6,2,0
16778,7,0,0
16778,7,1,1
16778,7,2,0
16779,1,0,0
16779,2,1,1
16779,3,0,0
16779,3,1,1
16779,4,2,0
16779,5,0,0
16779,5,2,0
16779,6,1,1
16779,6,2,0
16779,7,0,0
16779,7,1,1
16779,7,2,0
16780,1,0,0
16780,2,1,1
16780,3,0,0
16780,3,1,1
16780,4,2,0
16780,5,0,0
16780,5,2,0
16780,6,1,1
16780,6,2,0
16780,7,0,0
16780,7,1,1
16780,7,2,0
16781,1,0,0
16781,2,1,1
16781,3,0,0
16781,3,1,1
16781,4,2,0
16781,5,0,0
16781,5,2,0
16781,6,1,1
16781,6,2,0
16781,7,0,0
16781,7,1,1
16781,7,2,0
16782,1,0,0
16782,2,1,1
16782,3,0,0
16782,3,1,1
16782,4,2,0
16782,5,0,0
16782,5,2,0
16782,6,1,1
16782,6,2,0
16782,7,0,0
16782,7,1,1
16782,7,2,0
16783,1,0,0
16783,2,1,1
16783,3,0,0
16783,3,1,1
16783,4,2,0
16783,5,0,0
16783,5,2,0
16783,6,1,1
16783,6,2,0
16783,7,0,0
16783,7,1,1
16783,7,2,0
16784,1,0,0
16784,2,1,1
16784,3,0,0
16784,3,1,1
16784,4,2,0
16784,5,0,0
16784,5,2,0
16784,6,1,1
16784,6,2,0
16784,7,0,0
16784,7,1,1
16784,7,2,0
16785,1,0,0
16785,2,1,1
16785,3,0,0
16785,3,1,1
16785,4,2,0
16785,5,0,0
16785,5,2,0
16785,6,1,1
16785,6,2,0
16785,7,0,0
16785,7,1,1
16785,7,2,0
16786,1,0,0
16786,2,1,1
16786,3,0,0
16786,3,1,1
16786,4,2,0
16786,5,0,0
16786,5,2,0
16786,6,1,1
16786,6,2,0
16786,7,0,0
16786,7,1,1
16786,7,2,0
16787,1,0,0
16787,2,1,1
16787,3,0,0
16787,3,1,1
16787,4,2,0
16787,5,0,0
16787,5,2,0
16787,6,1,1
16787,6,2,0
16787,7,0,0
16787,7,1,1
16787,7,2,0
16788,1,0,0
16788,2,1,1
16788,3,0,0
16788,3,1,1
16788,4,2,0
16788,5,0,0
16788,5,2,0
16788,6,1,1
16788,6,2,0
16788,7,0,0
16788,7,1,1
16788,7,2,0
16789,1,0,0
16789,2,1,1
16789,3,0,0
16789,3,1,1
16789,4,2,0
16789,5,0,0
16789,5,2,0
16789,6,1,1
16789,6,2,0
16789,7,0,0
16789,7,1,1
16789,7,2,0
16790,1,0,0
16790,2,1,1
16790,3,0,0
16790,3,1,1
16790,4,2,0
16790,5,0,0
16790,5,2,0
16790,6,1,1
16790,6,2,0
16790,7,0,0
16790,7,1,1
16790,7,2,0
16791,1,0,0
16791,2,1,1
16791,3,0,0
16791,3,1,1
16791,4,2,0
16791,5,0,0
16791,5,2,0
16791,6,1,1
16791,6,2,0
16791,7,0,0
16791,7,1,1
16791,7,2,0
16792,1,0,0
16792,2,1,1
16792,3,0,0
16792,3,1,1
16792,4,2,0
16792,5,0,0
16792,5,2,0
16792,6,1,1
16792,6,2,0
16792,7,0,0
16792,7,1,1
16792,7,2,0
16793,1,0,0
16793,2,1,1
16793,3,0,0
16793,3,1,1
16793,4,2,0
16793,5,0,0
16793,5,2,0
16793,6,1,1
16793,6,2,0
16793,7,0,0
16793,7,1,1
16793,7,2,0
16794,1,0,1
16794,2,1,1
16794,3,0,1
16794,3,1,1
16794,4,2,0
16794,5,0,1
16794,5,2,0
16794,6,1,1
16794,6,2,0
16794,7,0,1
16794,7,1,1
16794,7,2,0
16795,1,0,1
16795,2,1,1
16795,3,0,1
16795,3,1,1
16795,4,2,0
16795,5,0,1
16795,5,2,0
16795,6,1,1
16795,6,2,0
16795,7,0,1
16795,7,1,1
16795,7,2,0
16796,1,0,0
16796,2,1,0
16796,3,0,0
16796,3,1,0
16796,4,2,0
16796,5,0,0
16796,5,2,0
16796,6,1,0
16796,6,2,0
16796,7,0,0
16796,7,1,0
16796,7,2,0
16797,1,0,1
16797,2,1,1
16797,3,0,1
16797,3,1,1
16797,4,2,0
16797,5,0,1
16797,5,2,0
16797,6,1,1
16797,6,2,0
16797,7,0,1
16797,7,1,1
16797,7,2,0
16798,1,0,1
16798,2,1,1
16798,3,0,1
16798,3,1,1
16798,4,2,0
16798,5,0,1
16798,5,2,0
16798,6,1,1
16798,6,2,0
16798,7,0,1
16798,7,1,1
16798,7,2,0
16799,1,0,0
16799,2,1,0
16799,3,0,0
16799,3,1,0
16799,4,2,0
16799,5,0,0
16799,5,2,0
16799,6,1,0
16799,6,2,0
16799,7,0,0
16799,7,1,0
16799,7,2,0
16800,1,0,0
16800,2,1,0
16800,3,0,0
16800,3,1,0
16800,4,2,0
16800,5,0,0
16800,5,2,0
16800,6,1,0
16800,6,2,0
16800,7,0,0
16800,7,1,0
16800,7,2,0
16801,1,0,0
16801,2,1,0
16801,3,0,0
16801,3,1,0
16801,4,2,0
16801,5,0,0
16801,5,2,0
16801,6,1,0
16801,6,2,0
16801,7,0,0
16801,7,1,0
16801,7,2,0
16802,1,0,0
16802,2,1,0
16802,3,0,0
16802,3,1,0
16802,4,2,0
16802,5,0,0
16802,5,2,0
16802,6,1,0
16802,6,2,0
16802,7,0,0
16802,7,1,0
16802,7,2,0
16803,1,0,0
16803,2,1,0
16803,3,0,0
16803,3,1,0
16803,4,2,0
16803,5,0,0
16803,5,2,0
16803,6,1,0
16803,6,2,0
16803,7,0,0
16803,7,1,0
16803,7,2,0
16804,1,0,0
16804,2,1,0
16804,3,0,0
16804,3,1,0
16804,4,2,0
16804,5,0,0
16804,5,2,0
16804,6,1,0
16804,6,2,0
16804,7,0,0
16804,7,1,0
16804,7,2,0
16805,1,0,0
16805,2,1,0
16805,3,0,0
16805,3,1,0
16805,4,2,0
16805,5,0,0
16805,5,2,0
16805,6,1,0
16805,6,2,0
16805,7,0,0
16805,7,1,0
16805,7,2,0
16806,1,0,0
16806,2,1,0
16806,3,0,0
16806,3,1,0
16806,4,2,0
16806,5,0,0
16806,5,2,0
16806,6,1,0
16806,6,2,0
16806,7,0,0
16806,7,1,0
16806,7,2,0
16807,1,0,0
16807,2,1,0
16807,3,0,0
16807,3,1,0
16807,4,2,0
16807,5,0,0
16807,5,2,0
16807,6,1,0
16807,6,2,0
16807,7,0,0
16807,7,1,0
16807,7,2,0
16808,1,0,0
16808,2,1,0
16808,3,0,0
16808,3,1,0
16808,4,2,0
16808,5,0,0
16808,5,2,0
16808,6,1,0
16808,6,2,0
16808,7,0,0
16808,7,1,0
16808,7,2,0
16809,1,0,0
16809,2,1,0
16809,3,0,0
16809,3,1,0
16809,4,2,0
16809,5,0,0
16809,5,2,0
16809,6,1,0
16809,6,2,0
16809,7,0,0
16809,7,1,0
16809,7,2,0
16810,1,0,0
16810,2,1,0
16810,3,0,0
16810,3,1,0
16810,4,2,0
16810,5,0,0
16810,5,2,0
16810,6,1,0
16810,6,2,0
16810,7,0,0
16810,7,1,0
16810,7,2,0
16811,1,0,0
16811,2,1,0
16811,3,0,0
16811,3,1,0
16811,4,2,0
16811,5,0,0
16811,5,2,0
16811,6,1,0
16811,6,2,0
16811,7,0,0
16811,7,1,0
16811,7,2,0
16812,1,0,0
16812,2,1,0
16812,3,0,0
16812,3,1,0
16812,4,2,0
16812,5,0,0
16812,5,2,0
16812,6,1,0
16812,6,2,0
16812,7,0,0
16812,7,1,0
16812,7,2,0
16813,1,0,0
16813,2,1,0
16813,3,0,0
16813,3,1,0
16813,4,2,0
16813,5,0,0
16813,5,2,0
16813,6,1,0
16813,6,2,0
16813,7,0,0
16813,7,1,0
16813,7,2,0
16814,1,0,0
16814,2,1,0
16814,3,0,0
16814,3,1,0
16814,4,2,0
16814,5,0,0
16814,5,2,0
16814,6,1,0
16814,6,2,0
16814,7,0,0
16814,7,1,0
16814,7,2,0
16815,1,0,0
16815,2,1,0
16815,3,0,0
16815,3,1,0
16815,4,2,0
16815,5,0,0
16815,5,2,0
16815,6,1,0
16815,6,2,0
16815,7,0,0
16815,7,1,0
16815,7,2,0
16816,1,0,0
16816,2,1,0
16816,3,0,0
16816,3,1,0
16816,4,2,0
16816,5,0,0
16816,5,2,0
16816,6,1,0
16816,6,2,0
16816,7,0,0
16816,7,1,0
16816,7,2,0
16817,1,0,0
16817,2,1,0
16817,3,0,0
16817,3,1,0
16817,4,2,0
16817,5,0,0
16817,5,2,0
16817,6,1,0
16817,6,2,0
16817,7,0,0
16817,7,1,0
16817,7,2,0
16818,1,0,0
16818,2,1,0
16818,3,0,0
16818,3,1,0
16818,4,2,0
16818,5,0,0
16818,5,2,0
16818,6,1,0
16818,6,2,0
16818,7,0,0
16818,7,1,0
16818,7,2,0
16819,1,0,0
16819,2,1,0
16819,3,0,0
16819,3,1,0
16819,4,2,0
16819,5,0,0
16819,5,2,0
16819,6,1,0
16819,6,2,0
16819,7,0,0
16819,7,1,0
16819,7,2,0
16820,1,0,0
16820,2,1,0
16820,3,0,0
16820,3,1,0
16820,4,2,0
16820,5,0,0
16820,5,2,0
16820,6,1,0
16820,6,2,0
16820,7,0,0
16820,7,1,0
16820,7,2,0
16821,1,0,1
16821,2,1,1
16821,3,0,1
16821,3,1,1
16821,4,2,0
16821,5,0,1
16821,5,2,0
16821,6,1,1
16821,6,2,0
16821,7,0,1
16821,7,1,1
16821,7,2,0
16822,1,0,1
16822,2,1,1
16822,3,0,1
16822,3,1,1
16822,4,2,0
16822,5,0,1
16822,5,2,0
16822,6,1,1
16822,6,2,0
16822,7,0,1
16822,7,1,1
16822,7,2,0
16823,1,0,0
16823,2,1,0
16823,3,0,0
16823,3,1,0
16823,4,2,0
16823,5,0,0
16823,5,2,0
16823,6,1,0
16823,6,2,0
16823,7,0,0
16823,7,1,0
16823,7,2,0
16824,1,0,0
16824,2,1,0
16824,3,0,0
16824,3,1,0
16824,4,2,0
16824,5,0,0
16824,5,2,0
16824,6,1,0
16824,6,2,0
16824,7,0,0
16824,7,1,0
16824,7,2,0
16825,1,0,0
16825,2,1,0
16825,3,0,0
16825,3,1,0
16825,4,2,0
16825,5,0,0
16825,5,2,0
16825,6,1,0
16825,6,2,0
16825,7,0,0
16825,7,1,0
16825,7,2,0
16826,1,0,0
16826,2,1,0
16826,3,0,0
16826,3,1,0
16826,4,2,0
16826,5,0,0
16826,5,2,0
16826,6,1,0
16826,6,2,0
16826,7,0,0
16826,7,1,0
16826,7,2,0
16827,1,0,0
16827,2,1,0
16827,3,0,0
16827,3,1,0
16827,4,2,0
16827,5,0,0
16827,5,2,0
16827,6,1,0
16827,6,2,0
16827,7,0,0
16827,7,1,0
16827,7,2,0
16828,1,0,0
16828,2,1,0
16828,3,0,0
16828,3,1,0
16828,4,2,0
16828,5,0,0
16828,5,2,0
16828,6,1,0
16828,6,2,0
16828,7,0,0
16828,7,1,0
16828,7,2,0
16829,1,0,0
16829,2,1,0
16829,3,0,0
16829,3,1,0
16829,4,2,0
16829,5,0,0
16829,5,2,0
16829,6,1,0
16829,6,2,0
16829,7,0,0
16829,7,1,0
16829,7,2,0
16830,1,0,0
16830,2,1,0
16830,3,0,0
16830,3,1,0
16830,4,2,0
16830,5,0,0
16830,5,2,0
16830,6,1,0
16830,6,2,0
16830,7,0,0
16830,7,1,0
16830,7,2,0
16831,1,0,0
16831,2,1,0
16831,3,0,0
16831,3,1,0
16831,4,2,0
16831,5,0,0
16831,5,2,0
16831,6,1,0
16831,6,2,0
16831,7,0,0
16831,7,1,0
16831,7,2,0
16832,1,0,0
16832,2,1,0
16832,3,0,0
16832,3,1,0
16832,4,2,0
16832,5,0,0
16832,5,2,0
16832,6,1,0
16832,6,2,0
16832,7,0,0
16832,7,1,0
16832,7,2,0
16833,1,0,0
16833,2,1,0
16833,3,0,0
16833,3,1,0
16833,4,2,0
16833,5,0,0
16833,5,2,0
16833,6,1,0
16833,6,2,0
16833,7,0,0
16833,7,1,0
16833,7,2,0
16834,1,0,0
16834,2,1,0
16834,3,0,0
16834,3,1,0
16834,4,2,0
16834,5,0,0
16834,5,2,0
16834,6,1,0
16834,6,2,0
16834,7,0,0
16834,7,1,0
16834,7,2,0
16835,1,0,0
16835,2,1,0
16835,3,0,0
16835,3,1,0
16835,4,2,0
16835,5,0,0
16835,5,2,0
16835,6,1,0
16835,6,2,0
16835,7,0,0
16835,7,1,0
16835,7,2,0
16836,1,0,0
16836,2,1,0
16836,3,0,0
16836,3,1,0
16836,4,2,0
16836,5,0,0
16836,5,2,0
16836,6,1,0
16836,6,2,0
16836,7,0,0
16836,7,1,0
16836,7,2,0
16837,1,0,0
16837,2,1,0
16837,3,0,0
16837,3,1,0
16837,4,2,0
16837,5,0,0
16837,5,2,0
16837,6,1,0
16837,6,2,0
16837,7,0,0
16837,7,1,0
16837,7,2,0
16838,1,0,0
16838,2,1,0
16838,3,0,0
16838,3,1,0
16838,4,2,0
16838,5,0,0
16838,5,2,0
16838,6,1,0
16838,6,2,0
16838,7,0,0
16838,7,1,0
16838,7,2,0
16839,1,0,0
16839,2,1,0
16839,3,0,0
16839,3,1,0
16839,4,2,0
16839,5,0,0
16839,5,2,0
16839,6,1,0
16839,6,2,0
16839,7,0,0
16839,7,1,0
16839,7,2,0
16840,1,0,0
16840,2,1,0
16840,3,0,0
16840,3,1,0
16840,4,2,0
16840,5,0,0
16840,5,2,0
16840,6,1,0
16840,6,2,0
16840,7,0,0
16840,7,1,0
16840,7,2,0
16841,1,0,0
16841,2,1,0
16841,3,0,0
16841,3,1,0
16841,4,2,0
16841,5,0,0
16841,5,2,0
16841,6,1,0
16841,6,2,0
16841,7,0,0
16841,7,1,0
16841,7,2,0
16842,1,0,0
16842,2,1,0
16842,3,0,0
16842,3,1,0
16842,4,2,0
16842,5,0,0
16842,5,2,0
16842,6,1,0
16842,6,2,0
16842,7,0,0
16842,7,1,0
16842,7,2,0
16843,1,0,0
16843,2,1,0
16843,3,0,0
16843,3,1,0
16843,4,2,0
16843,5,0,0
16843,5,2,0
16843,6,1,0
16843,6,2,0
16843,7,0,0
16843,7,1,0
16843,7,2,0
16844,1,0,0
16844,2,1,0
16844,3,0,0
16844,3,1,0
16844,4,2,0
16844,5,0,0
16844,5,2,0
16844,6,1,0
16844,6,2,0
16844,7,0,0
16844,7,1,0
16844,7,2,0
16845,1,0,0
16845,2,1,0
16845,3,0,0
16845,3,1,0
16845,4,2,0
16845,5,0,0
16845,5,2,0
16845,6,1,0
16845,6,2,0
16845,7,0,0
16845,7,1,0
16845,7,2,0
16846,1,0,0
16846,2,1,0
16846,3,0,0
16846,3,1,0
16846,4,2,0
16846,5,0,0
16846,5,2,0
16846,6,1,0
16846,6,2,0
16846,7,0,0
16846,7,1,0
16846,7,2,0
16847,1,0,0
16847,2,1,0
16847,3,0,0
16847,3,1,0
16847,4,2,0
16847,5,0,0
16847,5,2,0
16847,6,1,0
16847,6,2,0
16847,7,0,0
16847,7,1,0
16847,7,2,0
16848,1,0,1
16848,2,1,1
16848,3,0,1
16848,3,1,1
16848,4,2,0
16848,5,0,1
16848,5,2,0
16848,6,1,1
16848,6,2,0
16848,7,0,1
16848,7,1,1
16848,7,2,0
16849,1,0,1
16849,2,1,1
16849,3,0,1
16849,3,1,1
16849,4,2,0
16849,5,0,1
16849,5,2,0
16849,6,1,1
16849,6,2,0
16849,7,0,1
16849,7,1,1
16849,7,2,0
16850,1,0,0
16850,2,1,1
16850,3,0,0
16850,3,1,1
16850,4,2,0
16850,5,0,0
16850,5,2,0
16850,6,1,1
16850,6,2,0
16850,7,0,0
16850,7,1,1
16850,7,2,0
16851,1,0,1
16851,2,1,1
16851,3,0,1
16851,3,1,1
16851,4,2,0
16851,5,0,1
16851,5,2,0
16851,6,1,1
16851,6,2,0
16851,7,0,1
16851,7,1,1
16851,7,2,0
16852,1,0,1
16852,2,1,1
16852,3,0,1
16852,3,1,1
16852,4,2,0
16852,5,0,1
16852,5,2,0
16852,6,1,1
16852,6,2,0
16852,7,0,1
16852,7,1,1
16852,7,2,0
16853,1,0,0
16853,2,1,1
16853,3,0,0
16853,3,1,1
16853,4,2,0
16853,5,0,0
16853,5,2,0
16853,6,1,1
16853,6,2,0
16853,7,0,0
16853,7,1,1
16853,7,2,0
16854,1,0,1
16854,2,1,1
16854,3,0,1
16854,3,1,1
16854,4,2,0
16854,5,0,1
16854,5,2,0
16854,6,1,1
16854,6,2,0
16854,7,0,1
16854,7,1,1
16854,7,2,0
16855,1,0,1
16855,2,1,1
16855,3,0,1
16855,3,1,1
16855,4,2,0
16855,5,0,1
16855,5,2,0
16855,6,1,1
16855,6,2,0
16855,7,0,1
16855,7,1,1
16855,7,2,0
16856,1,0,0
16856,2,1,1
16856,3,0,0
16856,3,1,1
16856,4,2,0
16856,5,0,0
16856,5,2,0
16856,6,1,1
16856,6,2,0
16856,7,0,0
16856,7,1,1
16856,7,2,0
16857,1,0,0
16857,2,1,1
16857,3,0,0
16857,3,1,1
16857,4,2,0
16857,5,0,0
16857,5,2,0
16857,6,1,1
16857,6,2,0
16857,7,0,0
16857,7,1,1
16857,7,2,0
16858,1,0,0
16858,2,1,1
16858,3,0,0
16858,3,1,1
16858,4,2,0
16858,5,0,0
16858,5,2,0
16858,6,1,1
16858,6,2,0
16858,7,0,0
16858,7,1,1
16858,7,2,0
16859,1,0,0
16859,2,1,1
16859,3,0,0
16859,3,1,1
16859,4,2,0
16859,5,0,0
16859,5,2,0
16859,6,1,1
16859,6,2,0
16859,7,0,0
16859,7,1,1
16859,7,2,0
16860,1,0,0
16860,2,1,1
16860,3,0,0
16860,3,1,1
16860,4,2,0
16860,5,0,0
16860,5,2,0
16860,6,1,1
16860,6,2,0
16860,7,0,0
16860,7,1,1
16860,7,2,0
16861,1,0,0
16861,2,1,1
16861,3,0,0
16861,3,1,1
16861,4,2,0
16861,5,0,0
16861,5,2,0
16861,6,1,1
16861,6,2,0
16861,7,0,0
16861,7,1,1
16861,7,2,0
16862,1,0,0
16862,2,1,1
16862,3,0,0
16862,3,1,1
16862,4,2,0
16862,5,0,0
16862,5,2,0
16862,6,1,1
16862,6,2,0
16862,7,0,0
16862,7,1,1
16862,7,2,0
16863,1,0,0
16863,2,1,1
16863,3,0,0
16863,3,1,1
16863,4,2,0
16863,5,0,0
16863,5,2,0
16863,6,1,1
16863,6,2,0
16863,7,0,0
16863,7,1,1
16863,7,2,0
16864,1,0,0
16864,2,1,1
16864,3,0,0
16864,3,1,1
16864,4,2,0
16864,5,0,0
16864,5,2,0
16864,6,1,1
16864,6,2,0
16864,7,0,0
16864,7,1,1
16864,7,2,0
16865,1,0,0
16865,2,1,1
16865,3,0,0
16865,3,1,1
16865,4,2,0
16865,5,0,0
16865,5,2,0
16865,6,1,1
16865,6,2,0
16865,7,0,0
16865,7,1,1
16865,7,2,0
16866,1,0,0
16866,2,1,1
16866,3,0,0
16866,3,1,1
16866,4,2,0
16866,5,0,0
16866,5,2,0
16866,6,1,1
16866,6,2,0
16866,7,0,0
16866,7,1,1
16866,7,2,0
16867,1,0,0
16867,2,1,1
16867,3,0,0
16867,3,1,1
16867,4,2,0
16867,5,0,0
16867,5,2,0
16867,6,1,1
16867,6,2,0
16867,7,0,0
16867,7,1,1
16867,7,2,0
16868,1,0,0
16868,2,1,1
16868,3,0,0
16868,3,1,1
16868,4,2,0
16868,5,0,0
16868,5,2,0
16868,6,1,1
16868,6,2,0
16868,7,0,0
16868,7,1,1
16868,7,2,0
16869,1,0,0
16869,2,1,1
16869,3,0,0
16869,3,1,1
16869,4,2,0
16869,5,0,0
16869,5,2,0
16869,6,1,1
16869,6,2,0
16869,7,0,0
16869,7,1,1
16869,7,2,0
16870,1,0,0
16870,2,1,1
16870,3,0,0
16870,3,1,1
16870,4,2,0
16870,5,0,0
16870,5,2,0
16870,6,1,1
16870,6,2,0
16870,7,0,0
16870,7,1,1
16870,7,2,0
16871,1,0,0
16871,2,1,1
16871,3,0,0
16871,3,1,1
16871,4,2,0
16871,5,0,0
16871,5,2,0
16871,6,1,1
16871,6,2,0
16871,7,0,0
16871,7,1,1
16871,7,2,0
16872,1,0,0
16872,2,1,1
16872,3,0,0
16872,3,1,1
16872,4,2,0
16872,5,0,0
16872,5,2,0
16872,6,1,1
16872,6,2,0
16872,7,0,0
16872,7,1,1
16872,7,2,0
16873,1,0,0
16873,2,1,1
16873,3,0,0
16873,3,1,1
16873,4,2,0
16873,5,0,0
16873,5,2,0
16873,6,1,1
16873,6,2,0
16873,7,0,0
16873,7,1,1
16873,7,2,0
16874,1,0,0
16874,2,1,1
16874,3,0,0
16874,3,1,1
16874,4,2,0
16874,5,0,0
16874,5,2,0
16874,6,1,1
16874,6,2,0
16874,7,0,0
16874,7,1,1
16874,7,2,0
16875,1,0,1
16875,2,1,1
16875,3,0,1
16875,3,1,1
16875,4,2,0
16875,5,0,1
16875,5,2,0
16875,6,1,1
16875,6,2,0
16875,7,0,1
16875,7,1,1
16875,7,2,0
16876,1,0,1
16876,2,1,1
16876,3,0,1
16876,3,1,1
16876,4,2,0
16876,5,0,1
16876,5,2,0
16876,6,1,1
16876,6,2,0
16876,7,0,1
16876,7,1,1
16876,7,2,0
16877,1,0,0
16877,2,1,0
16877,3,0,0
16877,3,1,0
16877,4,2,0
16877,5,0,0
16877,5,2,0
16877,6,1,0
16877,6,2,0
16877,7,0,0
16877,7,1,0
16877,7,2,0
16878,1,0,1
16878,2,1,1
16878,3,0,1
16878,3,1,1
16878,4,2,0
16878,5,0,1
16878,5,2,0
16878,6,1,1
16878,6,2,0
16878,7,0,1
16878,7,1,1
16878,7,2,0
16879,1,0,1
16879,2,1,1
16879,3,0,1
16879,3,1,1
16879,4,2,0
16879,5,0,1
16879,5,2,0
16879,6,1,1
16879,6,2,0
16879,7,0,1
16879,7,1,1
16879,7,2,0
16880,1,0,0
16880,2,1,0
16880,3,0,0
16880,3,1,0
16880,4,2,0
16880,5,0,0
16880,5,2,0
16880,6,1,0
16880,6,2,0
16880,7,0,0
16880,7,1,0
16880,7,2,0
16881,1,0,0
16881,2,1,0
16881,3,0,0
16881,3,1,0
16881,4,2,0
16881,5,0,0
16881,5,2,0
16881,6,1,0
16881,6,2,0
16881,7,0,0
16881,7,1,0
16881,7,2,0
16882,1,0,0
16882,2,1,0
16882,3,0,0
16882,3,1,0
16882,4,2,0
16882,5,0,0
16882,5,2,0
16882,6,1,0
16882,6,2,0
16882,7,0,0
16882,7,1,0
16882,7,2,0
16883,1,0,0
16883,2,1,0
16883,3,0,0
16883,3,1,0
16883,4,2,0
16883,5,0,0
16883,5,2,0
16883,6,1,0
16883,6,2,0
16883,7,0,0
16883,7,1,0
16883,7,2,0
16884,1,0,0
16884,2,1,0
16884,3,0,0
16884,3,1,0
16884,4,2,0
16884,5,0,0
16884,5,2,0
16884,6,1,0
16884,6,2,0
16884,7,0,0
16884,7,1,0
16884,7,2,0
16885,1,0,0
16885,2,1,0
16885,3,0,0
16885,3,1,0
16885,4,2,0
16885,5,0,0
16885,5,2,0
16885,6,1,0
16885,6,2,0
16885,7,0,0
16885,7,1,0
16885,7,2,0
16886,1,0,0
16886,2,1,0
16886,3,0,0
16886,3,1,0
16886,4,2,0
16886,5,0,0
16886,5,2,0
16886,6,1,0
16886,6,2,0
16886,7,0,0
16886,7,1,0
16886,7,2,0
16887,1,0,0
16887,2,1,0
16887,3,0,0
16887,3,1,0
16887,4,2,0
16887,5,0,0
16887,5,2,0
16887,6,1,0
16887,6,2,0
16887,7,0,0
16887,7,1,0
16887,7,2,0
16888,1,0,0
16888,2,1,0
16888,3,0,0
16888,3,1,0
16888,4,2,0
16888,5,0,0
16888,5,2,0
16888,6,1,0
16888,6,2,0
16888,7,0,0
16888,7,1,0
16888,7,2,0
16889,1,0,0
16889,2,1,0
16889,3,0,0
16889,3,1,0
16889,4,2,0
16889,5,0,0
16889,5,2,0
16889,6,1,0
16889,6,2,0
16889,7,0,0
16889,7,1,0
16889,7,2,0
16890,1,0,0
16890,2,1,0
16890,3,0,0
16890,3,1,0
16890,4,2,0
16890,5,0,0
16890,5,2,0
16890,6,1,0
16890,6,2,0
16890,7,0,0
16890,7,1,0
16890,7,2,0
16891,1,0,0
16891,2,1,0
16891,3,0,0
16891,3,1,0
16891,4,2,0
16891,5,0,0
16891,5,2,0
16891,6,1,0
16891,6,2,0
16891,7,0,0
16891,7,1,0
16891,7,2,0
16892,1,0,0
16892,2,1,0
16892,3,0,0
16892,3,1,0
16892,4,2,0
16892,5,0,0
16892,5,2,0
16892,6,1,0
16892,6,2,0
16892,7,0,0
16892,7,1,0
16892,7,2,0
16893,1,0,0
16893,2,1,0
16893,3,0,0
16893,3,1,0
16893,4,2,0
16893,5,0,0
16893,5,2,0
16893,6,1,0
16893,6,2,0
16893,7,0,0
16893,7,1,0
16893,7,2,0
16894,1,0,0
16894,2,1,0
16894,3,0,0
16894,3,1,0
16894,4,2,0
16894,5,0,0
16894,5,2,0
16894,6,1,0
16894,6,2,0
16894,7,0,0
16894,7,1,0
16894,7,2,0
16895,1,0,0
16895,2,1,0
16895,3,0,0
16895,3,1,0
16895,4,2,0
16895,5,0,0
16895,5,2,0
16895,6,1,0
16895,6,2,0
16895,7,0,0
16895,7,1,0
16895,7,2,0
16896,1,0,0
16896,2,1,0
16896,3,0,0
16896,3,1,0
16896,4,2,0
16896,5,0,0
16896,5,2,0
16896,6,1,0
16896,6,2,0
16896,7,0,0
16896,7,1,0
16896,7,2,0
16897,1,0,0
16897,2,1,0
16897,3,0,0
16897,3,1,0
16897,4,2,0
16897,5,0,0
16897,5,2,0
16897,6,1,0
16897,6,2,0
16897,7,0,0
16897,7,1,0
16897,7,2,0
16898,1,0,0
16898,2,1,0
16898,3,0,0
16898,3,1,0
16898,4,2,0
16898,5,0,0
16898,5,2,0
16898,6,1,0
16898,6,2,0
16898,7,0,0
16898,7,1,0
16898,7,2,0
16899,1,0,0
16899,2,1,0
16899,3,0,0
16899,3,1,0
16899,4,2,0
16899,5,0,0
16899,5,2,0
16899,6,1,0
16899,6,2,0
16899,7,0,0
16899,7,1,0
16899,7,2,0
16900,1,0,0
16900,2,1,0
16900,3,0,0
16900,3,1,0
16900,4,2,0
16900,5,0,0
16900,5,2,0
16900,6,1,0
16900,6,2,0
16900,7,0,0
16900,7,1,0
16900,7,2,0
16901,1,0,0
16901,2,1,0
16901,3,0,0
16901,3,1,0
16901,4,2,0
16901,5,0,0
16901,5,2,0
16901,6,1,0
16901,6,2,0
16901,7,0,0
16901,7,1,0
16901,7,2,0
16902,1,0,1
16902,2,1,1
16902,3,0,1
16902,3,1,1
16902,4,2,0
16902,5,0,1
16902,5,2,0
16902,6,1,1
16902,6,2,0
16902,7,0,1
16902,7,1,1
16902,7,2,0
16903,1,0,1
16903,2,1,1
16903,3,0,1
16903,3,1,1
16903,4,2,0
16903,5,0,1
16903,5,2,0
16903,6,1,1
16903,6,2,0
16903,7,0,1
16903,7,1,1
16903,7,2,0
16904,1,0,0
16904,2,1,0
16904,3,0,0
16904,3,1,0
16904,4,2,0
16904,5,0,0
16904,5,2,0
16904,6,1,0
16904,6,2,0
16904,7,0,0
16904,7,1,0
16904,7,2,0
16905,1,0,0
16905,2,1,0
16905,3,0,0
16905,3,1,0
16905,4,2,0
16905,5,0,0
16905,5,2,0
16905,6,1,0
16905,6,2,0
16905,7,0,0
16905,7,1,0
16905,7,2,0
16906,1,0,0
16906,2,1,0
16906,3,0,0
16906,3,1,0
16906,4,2,0
16906,5,0,0
16906,5,2,0
16906,6,1,0
16906,6,2,0
16906,7,0,0
16906,7,1,0
16906,7,2,0
16907,1,0,0
16907,2,1,0
16907,3,0,0
16907,3,1,0
16907,4,2,0
16907,5,0,0
16907,5,2,0
16907,6,1,0
16907,6,2,0
16907,7,0,0
16907,7,1,0
16907,7,2,0
16908,1,0,0
16908,2,1,0
16908,3,0,0
16908,3,1,0
16908,4,2,0
16908,5,0,0
16908,5,2,0
16908,6,1,0
16908,6,2,0
16908,7,0,0
16908,7,1,0
16908,7,2,0
16909,1,0,0
16909,2,1,0
16909,3,0,0
16909,3,1,0
16909,4,2,0
16909,5,0,0
16909,5,2,0
16909,6,1,0
16909,6,2,0
16909,7,0,0
16909,7,1,0
16909,7,2,0
16910,1,0,0
16910,2,1,0
16910,3,0,0
16910,3,1,0
16910,4,2,0
16910,5,0,0
16910,5,2,0
16910,6,1,0
16910,6,2,0
16910,7,0,0
16910,7,1,0
16910,7,2,0
16911,1,0,0
16911,2,1,0
16911,3,0,0
16911,3,1,0
16911,4,2,0
16911,5,0,0
16911,5,2,0
16911,6,1,0
16911,6,2,0
16911,7,0,0
16911,7,1,0
16911,7,2,0
16912,1,0,0
16912,2,1,0
16912,3,0,0
16912,3,1,0
16912,4,2,0
16912,5,0,0
16912,5,2,0
16912,6,1,0
16912,6,2,0
16912,7,0,0
16912,7,1,0
16912,7,2,0
16913,1,0,0
16913,2,1,0
16913,3,0,0
16913,3,1,0
16913,4,2,0
16913,5,0,0
16913,5,2,0
16913,6,1,0
16913,6,2,0
16913,7,0,0
16913,7,1,0
16913,7,2,0
16914,1,0,0
16914,2,1,0
16914,3,0,0
16914,3,1,0
16914,4,2,0
16914,5,0,0
16914,5,2,0
16914,6,1,0
16914,6,2,0
16914,7,0,0
16914,7,1,0
16914,7,2,0
16915,1,0,0
16915,2,1,0
16915,3,0,0
16915,3,1,0
16915,4,2,0
16915,5,0,0
16915,5,2,0
16915,6,1,0
16915,6,2,0
16915,7,0,0
16915,7,1,0
16915,7,2,0
16916,1,0,0
16916,2,1,0
16916,3,0,0
16916,3,1,0
16916,4,2,0
16916,5,0,0
16916,5,2,0
16916,6,1,0
16916,6,2,0
16916,7,0,0
16916,7,1,0
16916,7,2,0
16917,1,0,0
16917,2,1,0
16917,3,0,0
16917,3,1,0
16917,4,2,0
16917,5,0,0
16917,5,2,0
16917,6,1,0
16917,6,2,0
16917,7,0,0
16917,7,1,0
16917,7,2,0
16918,1,0,0
16918,2,1,0
16918,3,0,0
16918,3,1,0
16918,4,2,0
16918,5,0,0
16918,5,2,0
16918,6,1,0
16918,6,2,0
16918,7,0,0
16918,7,1,0
16918,7,2,0
16919,1,0,0
16919,2,1,0
16919,3,0,0
16919,3,1,0
16919,4,2,0
16919,5,0,0
16919,5,2,0
16919,6,1,0
16919,6,2,0
16919,7,0,0
16919,7,1,0
16919,7,2,0
16920,1,0,0
16920,2,1,0
16920,3,0,0
16920,3,1,0
16920,4,2,0
16920,5,0,0
16920,5,2,0
16920,6,1,0
16920,6,2,0
16920,7,0,0
16920,7,1,0
16920,7,2,0
16921,1,0,0
16921,2,1,0
16921,3,0,0
16921,3,1,0
16921,4,2,0
16921,5,0,0
16921,5,2,0
16921,6,1,0
16921,6,2,0
16921,7,0,0
16921,7,1,0
16921,7,2,0
16922,1,0,0
16922,2,1,0
16922,3,0,0
16922,3,1,0
16922,4,2,0
16922,5,0,0
16922,5,2,0
16922,6,1,0
16922,6,2,0
16922,7,0,0
16922,7,1,0
16922,7,2,0
16923,1,0,0
16923,2,1,0
16923,3,0,0
16923,3,1,0
16923,4,2,0
16923,5,0,0
16923,5,2,0
16923,6,1,0
16923,6,2,0
16923,7,0,0
16923,7,1,0
16923,7,2,0
16924,1,0,0
16924,2,1,0
16924,3,0,0
16924,3,1,0
16924,4,2,0
16924,5,0,0
16924,5,2,0
16924,6,1,0
16924,6,2,0
16924,7,0,0
16924,7,1,0
16924,7,2,0
16925,1,0,0
16925,2,1,0
16925,3,0,0
16925,3,1,0
16925,4,2,0
16925,5,0,0
16925,5,2,0
16925,6,1,0
16925,6,2,0
16925,7,0,0
16925,7,1,0
16925,7,2,0
16926,1,0,0
16926,2,1,0
16926,3,0,0
16926,3,1,0
16926,4,2,0
16926,5,0,0
16926,5,2,0
16926,6,1,0
16926,6,2,0
16926,7,0,0
16926,7,1,0
16926,7,2,0
16927,1,0,0
16927,2,1,0
16927,3,0,0
16927,3,1,0
16927,4,2,0
16927,5,0,0
16927,5,2,0
16927,6,1,0
16927,6,2,0
16927,7,0,0
16927,7,1,0
16927,7,2,0
16928,1,0,0
16928,2,1,0
16928,3,0,0
16928,3,1,0
16928,4,2,0
16928,5,0,0
16928,5,2,0
16928,6,1,0
16928,6,2,0
16928,7,0,0
16928,7,1,0
16928,7,2,0
16929,1,0,1
16929,2,1,0
16929,3,0,1
16929,3,1,0
16929,4,2,0
16929,5,0,1
16929,5,2,0
16929,6,1,0
16929,6,2,0
16929,7,0,1
16929,7,1,0
16929,7,2,0
16930,1,0,1
16930,2,1,0
16930,3,0,1
16930,3,1,0
16930,4,2,0
16930,5,0,1
16930,5,2,0
16930,6,1,0
16930,6,2,0
16930,7,0,1
16930,7,1,0
16930,7,2,0
16931,1,0,0
16931,2,1,0
16931,3,0,0
16931,3,1,0
16931,4,2,0
16931,5,0,0
16931,5,2,0
16931,6,1,0
16931,6,2,0
16931,7,0,0
16931,7,1,0
16931,7,2,0
16932,1,0,0
16932,2,1,0
16932,3,0,0
16932,3,1,0
16932,4,2,0
16932,5,0,0
16932,5,2,0
16932,6,1,0
16932,6,2,0
16932,7,0,0
16932,7,1,0
16932,7,2,0
16933,1,0,0
16933,2,1,0
16933,3,0,0
16933,3,1,0
16933,4,2,0
16933,5,0,0
16933,5,2,0
16933,6,1,0
16933,6,2,0
16933,7,0,0
16933,7,1,0
16933,7,2,0
16934,1,0,0
16934,2,1,0
16934,3,0,0
16934,3,1,0
16934,4,2,0
16934,5,0,0
16934,5,2,0
16934,6,1,0
16934,6,2,0
16934,7,0,0
16934,7,1,0
16934,7,2,0
16935,1,0,0
16935,2,1,0
16935,3,0,0
16935,3,1,0
16935,4,2,0
16935,5,0,0
16935,5,2,0
16935,6,1,0
16935,6,2,0
16935,7,0,0
16935,7,1,0
16935,7,2,0
16936,1,0,0
16936,2,1,0
16936,3,0,0
16936,3,1,0
16936,4,2,0
16936,5,0,0
16936,5,2,0
16936,6,1,0
16936,6,2,0
16936,7,0,0
16936,7,1,0
16936,7,2,0
16937,1,0,0
16937,2,1,0
16937,3,0,0
16937,3,1,0
16937,4,2,0
16937,5,0,0
16937,5,2,0
16937,6,1,0
16937,6,2,0
16937,7,0,0
16937,7,1,0
16937,7,2,0
16938,1,0,0
16938,2,1,0
16938,3,0,0
16938,3,1,0
16938,4,2,0
16938,5,0,0
16938,5,2,0
16938,6,1,0
16938,6,2,0
16938,7,0,0
16938,7,1,0
16938,7,2,0
16939,1,0,0
16939,2,1,0
16939,3,0,0
16939,3,1,0
16939,4,2,0
16939,5,0,0
16939,5,2,0
16939,6,1,0
16939,6,2,0
16939,7,0,0
16939,7,1,0
16939,7,2,0
16940,1,0,0
16940,2,1,0
16940,3,0,0
16940,3,1,0
16940,4,2,0
16940,5,0,0
16940,5,2,0
16940,6,1,0
16940,6,2,0
16940,7,0,0
16940,7,1,0
16940,7,2,0
16941,1,0,0
16941,2,1,0
16941,3,0,0
16941,3,1,0
16941,4,2,0
16941,5,0,0
16941,5,2,0
16941,6,1,0
16941,6,2,0
16941,7,0,0
16941,7,1,0
16941,7,2,0
16942,1,0,0
16942,2,1,0
16942,3,0,0
16942,3,1,0
16942,4,2,0
16942,5,0,0
16942,5,2,0
16942,6,1,0
16942,6,2,0
16942,7,0,0
16942,7,1,0
16942,7,2,0
16943,1,0,0
16943,2,1,0
16943,3,0,0
16943,3,1,0
16943,4,2,0
16943,5,0,0
16943,5,2,0
16943,6,1,0
16943,6,2,0
16943,7,0,0
16943,7,1,0
16943,7,2,0
16944,1,0,0
16944,2,1,0
16944,3,0,0
16944,3,1,0
16944,4,2,0
16944,5,0,0
16944,5,2,0
16944,6,1,0
16944,6,2,0
16944,7,0,0
16944,7,1,0
16944,7,2,0
16945,1,0,0
16945,2,1,0
16945,3,0,0
16945,3,1,0
16945,4,2,0
16945,5,0,0
16945,5,2,0
16945,6,1,0
16945,6,2,0
16945,7,0,0
16945,7,1,0
16945,7,2,0
16946,1,0,0
16946,2,1,0
16946,3,0,0
16946,3,1,0
16946,4,2,0
16946,5,0,0
16946,5,2,0
16946,6,1,0
16946,6,2,0
16946,7,0,0
16946,7,1,0
16946,7,2,0
16947,1,0,0
16947,2,1,0
16947,3,0,0
16947,3,1,0
16947,4,2,0
16947,5,0,0
16947,5,2,0
16947,6,1,0
16947,6,2,0
16947,7,0,0
16947,7,1,0
16947,7,2,0
16948,1,0,0
16948,2,1,0
16948,3,0,0
16948,3,1,0
16948,4,2,0
16948,5,0,0
16948,5,2,0
16948,6,1,0
16948,6,2,0
16948,7,0,0
16948,7,1,0
16948,7,2,0
16949,1,0,0
16949,2,1,0
16949,3,0,0
16949,3,1,0
16949,4,2,0
16949,5,0,0
16949,5,2,0
16949,6,1,0
16949,6,2,0
16949,7,0,0
16949,7,1,0
16949,7,2,0
16950,1,0,0
16950,2,1,0
16950,3,0,0
16950,3,1,0
16950,4,2,0
16950,5,0,0
16950,5,2,0
16950,6,1,0
16950,6,2,0
16950,7,0,0
16950,7,1,0
16950,7,2,0
16951,1,0,0
16951,2,1,0
16951,3,0,0
16951,3,1,0
16951,4,2,0
16951,5,0,0
16951,5,2,0
16951,6,1,0
16951,6,2,0
16951,7,0,0
16951,7,1,0
16951,7,2,0
16952,1,0,0
16952,2,1,0
16952,3,0,0
16952,3,1,0
16952,4,2,0
16952,5,0,0
16952,5,2,0
16952,6,1,0
16952,6,2,0
16952,7,0,0
16952,7,1,0
16952,7,2,0
16953,1,0,0
16953,2,1,0
16953,3,0,0
16953,3,1,0
16953,4,2,0
16953,5,0,0
16953,5,2,0
16953,6,1,0
16953,6,2,0
16953,7,0,0
16953,7,1,0
16953,7,2,0
16954,1,0,0
16954,2,1,0
16954,3,0,0
16954,3,1,0
16954,4,2,0
16954,5,0,0
16954,5,2,0
16954,6,1,0
16954,6,2,0
16954,7,0,0
16954,7,1,0
16954,7,2,0
16955,1,0,0
16955,2,1,0
16955,3,0,0
16955,3,1,0
16955,4,2,0
16955,5,0,0
16955,5,2,0
16955,6,1,0
16955,6,2,0
16955,7,0,0
16955,7,1,0
16955,7,2,0
16956,1,0,1
16956,2,1,0
16956,3,0,1
16956,3,1,0
16956,4,2,0
16956,5,0,1
16956,5,2,0
16956,6,1,0
16956,6,2,0
16956,7,0,1
16956,7,1,0
16956,7,2,0
16957,1,0,1
16957,2,1,0
16957,3,0,1
16957,3,1,0
16957,4,2,0
16957,5,0,1
16957,5,2,0
16957,6,1,0
16957,6,2,0
16957,7,0,1
16957,7,1,0
16957,7,2,0
16958,1,0,0
16958,2,1,0
16958,3,0,0
16958,3,1,0
16958,4,2,0
16958,5,0,0
16958,5,2,0
16958,6,1,0
16958,6,2,0
16958,7,0,0
16958,7,1,0
16958,7,2,0
16959,1,0,0
16959,2,1,0
16959,3,0,0
16959,3,1,0
16959,4,2,0
16959,5,0,0
16959,5,2,0
16959,6,1,0
16959,6,2,0
16959,7,0,0
16959,7,1,0
16959,7,2,0
16960,1,0,0
16960,2,1,0
16960,3,0,0
16960,3,1,0
16960,4,2,0
16960,5,0,0
16960,5,2,0
16960,6,1,0
16960,6,2,0
16960,7,0,0
16960,7,1,0
16960,7,2,0
16961,1,0,0
16961,2,1,0
16961,3,0,0
16961,3,1,0
16961,4,2,0
16961,5,0,0
16961,5,2,0
16961,6,1,0
16961,6,2,0
16961,7,0,0
16961,7,1,0
16961,7,2,0
16962,1,0,0
16962,2,1,0
16962,3,0,0
16962,3,1,0
16962,4,2,0
16962,5,0,0
16962,5,2,0
16962,6,1,0
16962,6,2,0
16962,7,0,0
16962,7,1,0
16962,7,2,0
16963,1,0,0
16963,2,1,0
16963,3,0,0
16963,3,1,0
16963,4,2,0
16963,5,0,0
16963,5,2,0
16963,6,1,0
16963,6,2,0
16963,7,0,0
16963,7,1,0
16963,7,2,0
16964,1,0,0
16964,2,1,0
16964,3,0,0
16964,3,1,0
16964,4,2,0
16964,5,0,0
16964,5,2,0
16964,6,1,0
16964,6,2,0
16964,7,0,0
16964,7,1,0
16964,7,2,0
16965,1,0,0
16965,2,1,0
16965,3,0,0
16965,3,1,0
16965,4,2,0
16965,5,0,0
16965,5,2,0
16965,6,1,0
16965,6,2,0
16965,7,0,0
16965,7,1,0
16965,7,2,0
16966,1,0,0
16966,2,1,0
16966,3,0,0
16966,3,1,0
16966,4,2,0
16966,5,0,0
16966,5,2,0
16966,6,1,0
16966,6,2,0
16966,7,0,0
16966,7,1,0
16966,7,2,0
16967,1,0,0
16967,2,1,0
16967,3,0,0
16967,3,1,0
16967,4,2,0
16967,5,0,0
16967,5,2,0
16967,6,1,0
16967,6,2,0
16967,7,0,0
16967,7,1,0
16967,7,2,0
16968,1,0,0
16968,2,1,0
16968,3,0,0
16968,3,1,0
16968,4,2,0
16968,5,0,0
16968,5,2,0
16968,6,1,0
16968,6,2,0
16968,7,0,0
16968,7,1,0
16968,7,2,0
16969,1,0,0
16969,2,1,0
16969,3,0,0
16969,3,1,0
16969,4,2,0
16969,5,0,0
16969,5,2,0
16969,6,1,0
16969,6,2,0
16969,7,0,0
16969,7,1,0
16969,7,2,0
16970,1,0,0
16970,2,1,0
16970,3,0,0
16970,3,1,0
16970,4,2,0
16970,5,0,0
16970,5,2,0
16970,6,1,0
16970,6,2,0
16970,7,0,0
16970,7,1,0
16970,7,2,0
16971,1,0,0
16971,2,1,0
16971,3,0,0
16971,3,1,0
16971,4,2,0
16971,5,0,0
16971,5,2,0
16971,6,1,0
16971,6,2,0
16971,7,0,0
16971,7,1,0
16971,7,2,0
16972,1,0,0
16972,2,1,0
16972,3,0,0
16972,3,1,0
16972,4,2,0
16972,5,0,0
16972,5,2,0
16972,6,1,0
16972,6,2,0
16972,7,0,0
16972,7,1,0
16972,7,2,0
16973,1,0,0
16973,2,1,0
16973,3,0,0
16973,3,1,0
16973,4,2,0
16973,5,0,0
16973,5,2,0
16973,6,1,0
16973,6,2,0
16973,7,0,0
16973,7,1,0
16973,7,2,0
16974,1,0,0
16974,2,1,0
16974,3,0,0
16974,3,1,0
16974,4,2,0
16974,5,0,0
16974,5,2,0
16974,6,1,0
16974,6,2,0
16974,7,0,0
16974,7,1,0
16974,7,2,0
16975,1,0,0
16975,2,1,0
16975,3,0,0
16975,3,1,0
16975,4,2,0
16975,5,0,0
16975,5,2,0
16975,6,1,0
16975,6,2,0
16975,7,0,0
16975,7,1,0
16975,7,2,0
16976,1,0,0
16976,2,1,0
16976,3,0,0
16976,3,1,0
16976,4,2,0
16976,5,0,0
16976,5,2,0
16976,6,1,0
16976,6,2,0
16976,7,0,0
16976,7,1,0
16976,7,2,0
16977,1,0,0
16977,2,1,0
16977,3,0,0
16977,3,1,0
16977,4,2,0
16977,5,0,0
16977,5,2,0
16977,6,1,0
16977,6,2,0
16977,7,0,0
16977,7,1,0
16977,7,2,0
16978,1,0,0
16978,2,1,0
16978,3,0,0
16978,3,1,0
16978,4,2,0
16978,5,0,0
16978,5,2,0
16978,6,1,0
16978,6,2,0
16978,7,0,0
16978,7,1,0
16978,7,2,0
16979,1,0,0
16979,2,1,0
16979,3,0,0
16979,3,1,0
16979,4,2,0
16979,5,0,0
16979,5,2,0
16979,6,1,0
16979,6,2,0
16979,7,0,0
16979,7,1,0
16979,7,2,0
16980,1,0,0
16980,2,1,0
16980,3,0,0
16980,3,1,0
16980,4,2,0
16980,5,0,0
16980,5,2,0
16980,6,1,0
16980,6,2,0
16980,7,0,0
16980,7,1,0
16980,7,2,0
16981,1,0,0
16981,2,1,0
16981,3,0,0
16981,3,1,0
16981,4,2,0
16981,5,0,0
16981,5,2,0
16981,6,1,0
16981,6,2,0
16981,7,0,0
16981,7,1,0
16981,7,2,0
16982,1,0,0
16982,2,1,0
16982,3,0,0
16982,3,1,0
16982,4,2,0
16982,5,0,0
16982,5,2,0
16982,6,1,0
16982,6,2,0
16982,7,0,0
16982,7,1,0
16982,7,2,0
16983,1,0,1
16983,2,1,0
16983,3,0,1
16983,3,1,0
16983,4,2,0
16983,5,0,1
16983,5,2,0
16983,6,1,0
16983,6,2,0
16983,7,0,1
16983,7,1,0
16983,7,2,0
16984,1,0,1
16984,2,1,0
16984,3,0,1
16984,3,1,0
16984,4,2,0
16984,5,0,1
16984,5,2,0
16984,6,1,0
16984,6,2,0
16984,7,0,1
16984,7,1,0
16984,7,2,0
16985,1,0,0
16985,2,1,0
16985,3,0,0
16985,3,1,0
16985,4,2,0
16985,5,0,0
16985,5,2,0
16985,6,1,0
16985,6,2,0
16985,7,0,0
16985,7,1,0
16985,7,2,0
16986,1,0,0
16986,2,1,0
16986,3,0,0
16986,3,1,0
16986,4,2,0
16986,5,0,0
16986,5,2,0
16986,6,1,0
16986,6,2,0
16986,7,0,0
16986,7,1,0
16986,7,2,0
16987,1,0,0
16987,2,1,0
16987,3,0,0
16987,3,1,0
16987,4,2,0
16987,5,0,0
16987,5,2,0
16987,6,1,0
16987,6,2,0
16987,7,0,0
16987,7,1,0
16987,7,2,0
16988,1,0,0
16988,2,1,0
16988,3,0,0
16988,3,1,0
16988,4,2,0
16988,5,0,0
16988,5,2,0
16988,6,1,0
16988,6,2,0
16988,7,0,0
16988,7,1,0
16988,7,2,0
16989,1,0,0
16989,2,1,0
16989,3,0,0
16989,3,1,0
16989,4,2,0
16989,5,0,0
16989,5,2,0
16989,6,1,0
16989,6,2,0
16989,7,0,0
16989,7,1,0
16989,7,2,0
16990,1,0,0
16990,2,1,0
16990,3,0,0
16990,3,1,0
16990,4,2,0
16990,5,0,0
16990,5,2,0
16990,6,1,0
16990,6,2,0
16990,7,0,0
16990,7,1,0
16990,7,2,0
16991,1,0,0
16991,2,1,0
16991,3,0,0
16991,3,1,0
16991,4,2,0
16991,5,0,0
16991,5,2,0
16991,6,1,0
16991,6,2,0
16991,7,0,0
16991,7,1,0
16991,7,2,0
16992,1,0,0
16992,2,1,0
16992,3,0,0
16992,3,1,0
16992,4,2,0
16992,5,0,0
16992,5,2,0
16992,6,1,0
16992,6,2,0
16992,7,0,0
16992,7,1,0
16992,7,2,0
16993,1,0,0
16993,2,1,0
16993,3,0,0
16993,3,1,0
16993,4,2,0
16993,5,0,0
16993,5,2,0
16993,6,1,0
16993,6,2,0
16993,7,0,0
16993,7,1,0
16993,7,2,0
16994,1,0,0
16994,2,1,0
16994,3,0,0
16994,3,1,0
16994,4,2,0
16994,5,0,0
16994,5,2,0
16994,6,1,0
16994,6,2,0
16994,7,0,0
16994,7,1,0
16994,7,2,0
16995,1,0,0
16995,2,1,0
16995,3,0,0
16995,3,1,0
16995,4,2,0
16995,5,0,0
16995,5,2,0
16995,6,1,0
16995,6,2,0
16995,7,0,0
16995,7,1,0
16995,7,2,0
16996,1,0,0
16996,2,1,0
16996,3,0,0
16996,3,1,0
16996,4,2,0
16996,5,0,0
16996,5,2,0
16996,6,1,0
16996,6,2,0
16996,7,0,0
16996,7,1,0
16996,7,2,0
16997,1,0,0
16997,2,1,0
16997,3,0,0
16997,3,1,0
16997,4,2,0
16997,5,0,0
16997,5,2,0
16997,6,1,0
16997,6,2,0
16997,7,0,0
16997,7,1,0
16997,7,2,0
16998,1,0,0
16998,2,1,0
16998,3,0,0
16998,3,1,0
16998,4,2,0
16998,5,0,0
16998,5,2,0
16998,6,1,0
16998,6,2,0
16998,7,0,0
16998,7,1,0
16998,7,2,0
16999,1,0,0
16999,2,1,0
16999,3,0,0
16999,3,1,0
16999,4,2,0
16999,5,0,0
16999,5,2,0
16999,6,1,0
16999,6,2,0
16999,7,0,0
16999,7,1,0
16999,7,2,0
17000,1,0,0
17000,2,1,0
17000,3,0,0
17000,3,1,0
17000,4,2,0
17000,5,0,0
17000,5,2,0
17000,6,1,0
17000,6,2,0
17000,7,0,0
17000,7,1,0
17000,7,2,0
17001,1,0,0
17001,2,1,0
17001,3,0,0
17001,3,1,0
17001,4,2,0
17001,5,0,0
17001,5,2,0
17001,6,1,0
17001,6,2,0
17001,7,0,0
17001,7,1,0
17001,7,2,0
17002,1,0,0
17002,2,1,0
17002,3,0,0
17002,3,1,0
17002,4,2,0
17002,5,0,0
17002,5,2,0
17002,6,1,0
17002,6,2,0
17002,7,0,0
17002,7,1,0
17002,7,2,0
17003,1,0,0
17003,2,1,0
17003,3,0,0
17003,3,1,0
17003,4,2,0
17003,5,0,0
17003,5,2,0
17003,6,1,0
17003,6,2,0
17003,7,0,0
17003,7,1,0
17003,7,2,0
17004,1,0,0
17004,2,1,0
17004,3,0,0
17004,3,1,0
17004,4,2,0
17004,5,0,0
17004,5,2,0
17004,6,1,0
17004,6,2,0
17004,7,0,0
17004,7,1,0
17004,7,2,0
17005,1,0,0
17005,2,1,0
17005,3,0,0
17005,3,1,0
17005,4,2,0
17005,5,0,0
17005,5,2,0
17005,6,1,0
17005,6,2,0
17005,7,0,0
17005,7,1,0
17005,7,2,0
17006,1,0,0
17006,2,1,0
17006,3,0,0
17006,3,1,0
17006,4,2,0
17006,5,0,0
17006,5,2,0
17006,6,1,0
17006,6,2,0
17006,7,0,0
17006,7,1,0
17006,7,2,0
17007,1,0,0
17007,2,1,0
17007,3,0,0
17007,3,1,0
17007,4,2,0
17007,5,0,0
17007,5,2,0
17007,6,1,0
17007,6,2,0
17007,7,0,0
17007,7,1,0
17007,7,2,0
17008,1,0,0
17008,2,1,0
17008,3,0,0
17008,3,1,0
17008,4,2,0
17008,5,0,0
17008,5,2,0
17008,6,1,0
17008,6,2,0
17008,7,0,0
17008,7,1,0
17008,7,2,0
17009,1,0,0
17009,2,1,0
17009,3,0,0
17009,3,1,0
17009,4,2,0
17009,5,0,0
17009,5,2,0
17009,6,1,0
17009,6,2,0
17009,7,0,0
17009,7,1,0
17009,7,2,0
17010,1,0,1
17010,2,1,0
17010,3,0,1
17010,3,1,0
17010,4,2,0
17010,5,0,1
17010,5,2,0
17010,6,1,0
17010,6,2,0
17010,7,0,1
17010,7,1,0
17010,7,2,0
17011,1,0,1
17011,2,1,0
17011,3,0,1
17011,3,1,0
17011,4,2,0
17011,5,0,1
17011,5,2,0
17011,6,1,0
17011,6,2,0
17011,7,0,1
17011,7,1,0
17011,7,2,0
17012,1,0,0
17012,2,1,0
17012,3,0,0
17012,3,1,0
17012,4,2,0
17012,5,0,0
17012,5,2,0
17012,6,1,0
17012,6,2,0
17012,7,0,0
17012,7,1,0
17012,7,2,0
17013,1,0,0
17013,2,1,0
17013,3,0,0
17013,3,1,0
17013,4,2,0
17013,5,0,0
17013,5,2,0
17013,6,1,0
17013,6,2,0
17013,7,0,0
17013,7,1,0
17013,7,2,0
17014,1,0,0
17014,2,1,0
17014,3,0,0
17014,3,1,0
17014,4,2,0
17014,5,0,0
17014,5,2,0
17014,6,1,0
17014,6,2,0
17014,7,0,0
17014,7,1,0
17014,7,2,0
17015,1,0,0
17015,2,1,0
17015,3,0,0
17015,3,1,0
17015,4,2,0
17015,5,0,0
17015,5,2,0
17015,6,1,0
17015,6,2,0
17015,7,0,0
17015,7,1,0
17015,7,2,0
17016,1,0,0
17016,2,1,0
17016,3,0,0
17016,3,1,0
17016,4,2,0
17016,5,0,0
17016,5,2,0
17016,6,1,0
17016,6,2,0
17016,7,0,0
17016,7,1,0
17016,7,2,0
17017,1,0,0
17017,2,1,0
17017,3,0,0
17017,3,1,0
17017,4,2,0
17017,5,0,0
17017,5,2,0
17017,6,1,0
17017,6,2,0
17017,7,0,0
17017,7,1,0
17017,7,2,0
17018,1,0,0
17018,2,1,0
17018,3,0,0
17018,3,1,0
17018,4,2,0
17018,5,0,0
17018,5,2,0
17018,6,1,0
17018,6,2,0
17018,7,0,0
17018,7,1,0
17018,7,2,0
17019,1,0,0
17019,2,1,0
17019,3,0,0
17019,3,1,0
17019,4,2,0
17019,5,0,0
17019,5,2,0
17019,6,1,0
17019,6,2,0
17019,7,0,0
17019,7,1,0
17019,7,2,0
17020,1,0,0
17020,2,1,0
17020,3,0,0
17020,3,1,0
17020,4,2,0
17020,5,0,0
17020,5,2,0
17020,6,1,0
17020,6,2,0
17020,7,0,0
17020,7,1,0
17020,7,2,0
17021,1,0,0
17021,2,1,0
17021,3,0,0
17021,3,1,0
17021,4,2,0
17021,5,0,0
17021,5,2,0
17021,6,1,0
17021,6,2,0
17021,7,0,0
17021,7,1,0
17021,7,2,0
17022,1,0,0
17022,2,1,0
17022,3,0,0
17022,3,1,0
17022,4,2,0
17022,5,0,0
17022,5,2,0
17022,6,1,0
17022,6,2,0
17022,7,0,0
17022,7,1,0
17022,7,2,0
17023,1,0,0
17023,2,1,0
17023,3,0,0
17023,3,1,0
17023,4,2,0
17023,5,0,0
17023,5,2,0
17023,6,1,0
17023,6,2,0
17023,7,0,0
17023,7,1,0
17023,7,2,0
17024,1,0,0
17024,2,1,0
17024,3,0,0
17024,3,1,0
17024,4,2,0
17024,5,0,0
17024,5,2,0
17024,6,1,0
17024,6,2,0
17024,7,0,0
17024,7,1,0
17024,7,2,0
17025,1,0,0
17025,2,1,0
17025,3,0,0
17025,3,1,0
17025,4,2,0
17025,5,0,0
17025,5,2,0
17025,6,1,0
17025,6,2,0
17025,7,0,0
17025,7,1,0
17025,7,2,0
17026,1,0,0
17026,2,1,0
17026,3,0,0
17026,3,1,0
17026,4,2,0
17026,5,0,0
17026,5,2,0
17026,6,1,0
17026,6,2,0
17026,7,0,0
17026,7,1,0
17026,7,2,0
17027,1,0,0
17027,2,1,0
17027,3,0,0
17027,3,1,0
17027,4,2,0
17027,5,0,0
17027,5,2,0
17027,6,1,0
17027,6,2,0
17027,7,0,0
17027,7,1,0
17027,7,2,0
17028,1,0,0
17028,2,1,0
17028,3,0,0
17028,3,1,0
17028,4,2,0
17028,5,0,0
17028,5,2,0
17028,6,1,0
17028,6,2,0
17028,7,0,0
17028,7,1,0
17028,7,2,0
17029,1,0,0
17029,2,1,0
17029,3,0,0
17029,3,1,0
17029,4,2,0
17029,5,0,0
17029,5,2,0
17029,6,1,0
17029,6,2,0
17029,7,0,0
17029,7,1,0
17029,7,2,0
17030,1,0,0
17030,2,1,0
17030,3,0,0
17030,3,1,0
17030,4,2,0
17030,5,0,0
17030,5,2,0
17030,6,1,0
17030,6,2,0
17030,7,0,0
17030,7,1,0
17030,7,2,0
17031,1,0,0
17031,2,1,0
17031,3,0,0
17031,3,1,0
17031,4,2,0
17031,5,0,0
17031,5,2,0
17031,6,1,0
17031,6,2,0
17031,7,0,0
17031,7,1,0
17031,7,2,0
17032,1,0,0
17032,2,1,0
17032,3,0,0
17032,3,1,0
17032,4,2,0
17032,5,0,0
17032,5,2,0
17032,6,1,0
17032,6,2,0
17032,7,0,0
17032,7,1,0
17032,7,2,0
17033,1,0,0
17033,2,1,0
17033,3,0,0
17033,3,1,0
17033,4,2,0
17033,5,0,0
17033,5,2,0
17033,6,1,0
17033,6,2,0
17033,7,0,0
17033,7,1,0
17033,7,2,0
17034,1,0,0
17034,2,1,0
17034,3,0,0
17034,3,1,0
17034,4,2,0
17034,5,0,0
17034,5,2,0
17034,6,1,0
17034,6,2,0
17034,7,0,0
17034,7,1,0
17034,7,2,0
17035,1,0,0
17035,2,1,0
17035,3,0,0
17035,3,1,0
17035,4,2,0
17035,5,0,0
17035,5,2,0
17035,6,1,0
17035,6,2,0
17035,7,0,0
17035,7,1,0
17035,7,2,0
17036,1,0,0
17036,2,1,0
17036,3,0,0
17036,3,1,0
17036,4,2,0
17036,5,0,0
17036,5,2,0
17036,6,1,0
17036,6,2,0
17036,7,0,0
17036,7,1,0
17036,7,2,0
17037,1,0,1
17037,2,1,0
17037,3,0,1
17037,3,1,0
17037,4,2,0
17037,5,0,1
17037,5,2,0
17037,6,1,0
17037,6,2,0
17037,7,0,1
17037,7,1,0
17037,7,2,0
17038,1,0,1
17038,2,1,0
17038,3,0,1
17038,3,1,0
17038,4,2,0
17038,5,0,1
17038,5,2,0
17038,6,1,0
17038,6,2,0
17038,7,0,1
17038,7,1,0
17038,7,2,0
17039,1,0,0
17039,2,1,0
17039,3,0,0
17039,3,1,0
17039,4,2,0
17039,5,0,0
17039,5,2,0
17039,6,1,0
17039,6,2,0
17039,7,0,0
17039,7,1,0
17039,7,2,0
17040,1,0,0
17040,2,1,0
17040,3,0,0
17040,3,1,0
17040,4,2,0
17040,5,0,0
17040,5,2,0
17040,6,1,0
17040,6,2,0
17040,7,0,0
17040,7,1,0
17040,7,2,0
17041,1,0,0
17041,2,1,0
17041,3,0,0
17041,3,1,0
17041,4,2,0
17041,5,0,0
17041,5,2,0
17041,6,1,0
17041,6,2,0
17041,7,0,0
17041,7,1,0
17041,7,2,0
17042,1,0,0
17042,2,1,0
17042,3,0,0
17042,3,1,0
17042,4,2,0
17042,5,0,0
17042,5,2,0
17042,6,1,0
17042,6,2,0
17042,7,0,0
17042,7,1,0
17042,7,2,0
17043,1,0,0
17043,2,1,0
17043,3,0,0
17043,3,1,0
17043,4,2,0
17043,5,0,0
17043,5,2,0
17043,6,1,0
17043,6,2,0
17043,7,0,0
17043,7,1,0
17043,7,2,0
17044,1,0,0
17044,2,1,0
17044,3,0,0
17044,3,1,0
17044,4,2,0
17044,5,0,0
17044,5,2,0
17044,6,1,0
17044,6,2,0
17044,7,0,0
17044,7,1,0
17044,7,2,0
17045,1,0,0
17045,2,1,0
17045,3,0,0
17045,3,1,0
17045,4,2,0
17045,5,0,0
17045,5,2,0
17045,6,1,0
17045,6,2,0
17045,7,0,0
17045,7,1,0
17045,7,2,0
17046,1,0,0
17046,2,1,0
17046,3,0,0
17046,3,1,0
17046,4,2,0
17046,5,0,0
17046,5,2,0
17046,6,1,0
17046,6,2,0
17046,7,0,0
17046,7,1,0
17046,7,2,0
17047,1,0,0
17047,2,1,0
17047,3,0,0
17047,3,1,0
17047,4,2,0
17047,5,0,0
17047,5,2,0
17047,6,1,0
17047,6,2,0
17047,7,0,0
17047,7,1,0
17047,7,2,0
17048,1,0,0
17048,2,1,0
17048,3,0,0
17048,3,1,0
17048,4,2,0
17048,5,0,0
17048,5,2,0
17048,6,1,0
17048,6,2,0
17048,7,0,0
17048,7,1,0
17048,7,2,0
17049,1,0,0
17049,2,1,0
17049,3,0,0
17049,3,1,0
17049,4,2,0
17049,5,0,0
17049,5,2,0
17049,6,1,0
17049,6,2,0
17049,7,0,0
17049,7,1,0
17049,7,2,0
17050,1,0,0
17050,2,1,0
17050,3,0,0
17050,3,1,0
17050,4,2,0
17050,5,0,0
17050,5,2,0
17050,6,1,0
17050,6,2,0
17050,7,0,0
17050,7,1,0
17050,7,2,0
17051,1,0,0
17051,2,1,0
17051,3,0,0
17051,3,1,0
17051,4,2,0
17051,5,0,0
17051,5,2,0
17051,6,1,0
17051,6,2,0
17051,7,0,0
17051,7,1,0
17051,7,2,0
17052,1,0,0
17052,2,1,0
17052,3,0,0
17052,3,1,0
17052,4,2,0
17052,5,0,0
17052,5,2,0
17052,6,1,0
17052,6,2,0
17052,7,0,0
17052,7,1,0
17052,7,2,0
17053,1,0,0
17053,2,1,0
17053,3,0,0
17053,3,1,0
17053,4,2,0
17053,5,0,0
17053,5,2,0
17053,6,1,0
17053,6,2,0
17053,7,0,0
17053,7,1,0
17053,7,2,0
17054,1,0,0
17054,2,1,0
17054,3,0,0
17054,3,1,0
17054,4,2,0
17054,5,0,0
17054,5,2,0
17054,6,1,0
17054,6,2,0
17054,7,0,0
17054,7,1,0
17054,7,2,0
17055,1,0,0
17055,2,1,0
17055,3,0,0
17055,3,1,0
17055,4,2,0
17055,5,0,0
17055,5,2,0
17055,6,1,0
17055,6,2,0
17055,7,0,0
17055,7,1,0
17055,7,2,0
17056,1,0,0
17056,2,1,0
17056,3,0,0
17056,3,1,0
17056,4,2,0
17056,5,0,0
17056,5,2,0
17056,6,1,0
17056,6,2,0
17056,7,0,0
17056,7,1,0
17056,7,2,0
17057,1,0,0
17057,2,1,0
17057,3,0,0
17057,3,1,0
17057,4,2,0
17057,5,0,0
17057,5,2,0
17057,6,1,0
17057,6,2,0
17057,7,0,0
17057,7,1,0
17057,7,2,0
17058,1,0,0
17058,2,1,0
17058,3,0,0
17058,3,1,0
17058,4,2,0
17058,5,0,0
17058,5,2,0
17058,6,1,0
17058,6,2,0
17058,7,0,0
17058,7,1,0
17058,7,2,0
17059,1,0,0
17059,2,1,0
17059,3,0,0
17059,3,1,0
17059,4,2,0
17059,5,0,0
17059,5,2,0
17059,6,1,0
17059,6,2,0
17059,7,0,0
17059,7,1,0
17059,7,2,0
17060,1,0,0
17060,2,1,0
17060,3,0,0
17060,3,1,0
17060,4,2,0
17060,5,0,0
17060,5,2,0
17060,6,1,0
17060,6,2,0
17060,7,0,0
17060,7,1,0
17060,7,2,0
17061,1,0,0
17061,2,1,0
17061,3,0,0
17061,3,1,0
17061,4,2,0
17061,5,0,0
17061,5,2,0
17061,6,1,0
17061,6,2,0
17061,7,0,0
17061,7,1,0
17061,7,2,0
17062,1,0,0
17062,2,1,0
17062,3,0,0
17062,3,1,0
17062,4,2,0
17062,5,0,0
17062,5,2,0
17062,6,1,0
17062,6,2,0
17062,7,0,0
17062,7,1,0
17062,7,2,0
17063,1,0,0
17063,2,1,0
17063,3,0,0
17063,3,1,0
17063,4,2,0
17063,5,0,0
17063,5,2,0
17063,6,1,0
17063,6,2,0
17063,7,0,0
17063,7,1,0
17063,7,2,0
17064,1,0,1
17064,2,1,0
17064,3,0,1
17064,3,1,0
17064,4,2,0
17064,5,0,1
17064,5,2,0
17064,6,1,0
17064,6,2,0
17064,7,0,1
17064,7,1,0
17064,7,2,0
17065,1,0,1
17065,2,1,0
17065,3,0,1
17065,3,1,0
17065,4,2,0
17065,5,0,1
17065,5,2,0
17065,6,1,0
17065,6,2,0
17065,7,0,1
17065,7,1,0
17065,7,2,0
17066,1,0,0
17066,2,1,0
17066,3,0,0
17066,3,1,0
17066,4,2,0
17066,5,0,0
17066,5,2,0
17066,6,1,0
17066,6,2,0
17066,7,0,0
17066,7,1,0
17066,7,2,0
17067,1,0,0
17067,2,1,0
17067,3,0,0
17067,3,1,0
17067,4,2,0
17067,5,0,0
17067,5,2,0
17067,6,1,0
17067,6,2,0
17067,7,0,0
17067,7,1,0
17067,7,2,0
17068,1,0,0
17068,2,1,0
17068,3,0,0
17068,3,1,0
17068,4,2,0
17068,5,0,0
17068,5,2,0
17068,6,1,0
17068,6,2,0
17068,7,0,0
17068,7,1,0
17068,7,2,0
17069,1,0,0
17069,2,1,0
17069,3,0,0
17069,3,1,0
17069,4,2,0
17069,5,0,0
17069,5,2,0
17069,6,1,0
17069,6,2,0
17069,7,0,0
17069,7,1,0
17069,7,2,0
17070,1,0,0
17070,2,1,0
17070,3,0,0
17070,3,1,0
17070,4,2,0
17070,5,0,0
17070,5,2,0
17070,6,1,0
17070,6,2,0
17070,7,0,0
17070,7,1,0
17070,7,2,0
17071,1,0,0
17071,2,1,0
17071,3,0,0
17071,3,1,0
17071,4,2,0
17071,5,0,0
17071,5,2,0
17071,6,1,0
17071,6,2,0
17071,7,0,0
17071,7,1,0
17071,7,2,0
17072,1,0,0
17072,2,1,0
17072,3,0,0
17072,3,1,0
17072,4,2,0
17072,5,0,0
17072,5,2,0
17072,6,1,0
17072,6,2,0
17072,7,0,0
17072,7,1,0
17072,7,2,0
17073,1,0,0
17073,2,1,0
17073,3,0,0
17073,3,1,0
17073,4,2,0
17073,5,0,0
17073,5,2,0
17073,6,1,0
17073,6,2,0
17073,7,0,0
17073,7,1,0
17073,7,2,0
17074,1,0,0
17074,2,1,0
17074,3,0,0
17074,3,1,0
17074,4,2,0
17074,5,0,0
17074,5,2,0
17074,6,1,0
17074,6,2,0
17074,7,0,0
17074,7,1,0
17074,7,2,0
17075,1,0,0
17075,2,1,0
17075,3,0,0
17075,3,1,0
17075,4,2,0
17075,5,0,0
17075,5,2,0
17075,6,1,0
17075,6,2,0
17075,7,0,0
17075,7,1,0
17075,7,2,0
17076,1,0,0
17076,2,1,0
17076,3,0,0
17076,3,1,0
17076,4,2,0
17076,5,0,0
17076,5,2,0
17076,6,1,0
17076,6,2,0
17076,7,0,0
17076,7,1,0
17076,7,2,0
17077,1,0,0
17077,2,1,0
17077,3,0,0
17077,3,1,0
17077,4,2,0
17077,5,0,0
17077,5,2,0
17077,6,1,0
17077,6,2,0
17077,7,0,0
17077,7,1,0
17077,7,2,0
17078,1,0,0
17078,2,1,0
17078,3,0,0
17078,3,1,0
17078,4,2,0
17078,5,0,0
17078,5,2,0
17078,6,1,0
17078,6,2,0
17078,7,0,0
17078,7,1,0
17078,7,2,0
17079,1,0,0
17079,2,1,0
17079,3,0,0
17079,3,1,0
17079,4,2,0
17079,5,0,0
17079,5,2,0
17079,6,1,0
17079,6,2,0
17079,7,0,0
17079,7,1,0
17079,7,2,0
17080,1,0,0
17080,2,1,0
17080,3,0,0
17080,3,1,0
17080,4,2,0
17080,5,0,0
17080,5,2,0
17080,6,1,0
17080,6,2,0
17080,7,0,0
17080,7,1,0
17080,7,2,0
17081,1,0,0
17081,2,1,0
17081,3,0,0
17081,3,1,0
17081,4,2,0
17081,5,0,0
17081,5,2,0
17081,6,1,0
17081,6,2,0
17081,7,0,0
17081,7,1,0
17081,7,2,0
17082,1,0,0
17082,2,1,0
17082,3,0,0
17082,3,1,0
17082,4,2,0
17082,5,0,0
17082,5,2,0
17082,6,1,0
17082,6,2,0
17082,7,0,0
17082,7,1,0
17082,7,2,0
17083,1,0,0
17083,2,1,0
17083,3,0,0
17083,3,1,0
17083,4,2,0
17083,5,0,0
17083,5,2,0
17083,6,1,0
17083,6,2,0
17083,7,0,0
17083,7,1,0
17083,7,2,0
17084,1,0,0
17084,2,1,0
17084,3,0,0
17084,3,1,0
17084,4,2,0
17084,5,0,0
17084,5,2,0
17084,6,1,0
17084,6,2,0
17084,7,0,0
17084,7,1,0
17084,7,2,0
17085,1,0,0
17085,2,1,0
17085,3,0,0
17085,3,1,0
17085,4,2,0
17085,5,0,0
17085,5,2,0
17085,6,1,0
17085,6,2,0
17085,7,0,0
17085,7,1,0
17085,7,2,0
17086,1,0,0
17086,2,1,0
17086,3,0,0
17086,3,1,0
17086,4,2,0
17086,5,0,0
17086,5,2,0
17086,6,1,0
17086,6,2,0
17086,7,0,0
17086,7,1,0
17086,7,2,0
17087,1,0,0
17087,2,1,0
17087,3,0,0
17087,3,1,0
17087,4,2,0
17087,5,0,0
17087,5,2,0
17087,6,1,0
17087,6,2,0
17087,7,0,0
17087,7,1,0
17087,7,2,0
17088,1,0,0
17088,2,1,0
17088,3,0,0
17088,3,1,0
17088,4,2,0
17088,5,0,0
17088,5,2,0
17088,6,1,0
17088,6,2,0
17088,7,0,0
17088,7,1,0
17088,7,2,0
17089,1,0,0
17089,2,1,0
17089,3,0,0
17089,3,1,0
17089,4,2,0
17089,5,0,0
17089,5,2,0
17089,6,1,0
17089,6,2,0
17089,7,0,0
17089,7,1,0
17089,7,2,0
17090,1,0,0
17090,2,1,0
17090,3,0,0
17090,3,1,0
17090,4,2,0
17090,5,0,0
17090,5,2,0
17090,6,1,0
17090,6,2,0
17090,7,0,0
17090,7,1,0
17090,7,2,0
17091,1,0,1
17091,2,1,0
17091,3,0,1
17091,3,1,0
17091,4,2,0
17091,5,0,1
17091,5,2,0
17091,6,1,0
17091,6,2,0
17091,7,0,1
17091,7,1,0
17091,7,2,0
17092,1,0,1
17092,2,1,0
17092,3,0,1
17092,3,1,0
17092,4,2,0
17092,5,0,1
17092,5,2,0
17092,6,1,0
17092,6,2,0
17092,7,0,1
17092,7,1,0
17092,7,2,0
17093,1,0,0
17093,2,1,0
17093,3,0,0
17093,3,1,0
17093,4,2,0
17093,5,0,0
17093,5,2,0
17093,6,1,0
17093,6,2,0
17093,7,0,0
17093,7,1,0
17093,7,2,0
17094,1,0,0
17094,2,1,0
17094,3,0,0
17094,3,1,0
17094,4,2,0
17094,5,0,0
17094,5,2,0
17094,6,1,0
17094,6,2,0
17094,7,0,0
17094,7,1,0
17094,7,2,0
17095,1,0,0
17095,2,1,0
17095,3,0,0
17095,3,1,0
17095,4,2,0
17095,5,0,0
17095,5,2,0
17095,6,1,0
17095,6,2,0
17095,7,0,0
17095,7,1,0
17095,7,2,0
17096,1,0,0
17096,2,1,0
17096,3,0,0
17096,3,1,0
17096,4,2,0
17096,5,0,0
17096,5,2,0
17096,6,1,0
17096,6,2,0
17096,7,0,0
17096,7,1,0
17096,7,2,0
17097,1,0,0
17097,2,1,0
17097,3,0,0
17097,3,1,0
17097,4,2,0
17097,5,0,0
17097,5,2,0
17097,6,1,0
17097,6,2,0
17097,7,0,0
17097,7,1,0
17097,7,2,0
17098,1,0,0
17098,2,1,0
17098,3,0,0
17098,3,1,0
17098,4,2,0
17098,5,0,0
17098,5,2,0
17098,6,1,0
17098,6,2,0
17098,7,0,0
17098,7,1,0
17098,7,2,0
17099,1,0,0
17099,2,1,0
17099,3,0,0
17099,3,1,0
17099,4,2,0
17099,5,0,0
17099,5,2,0
17099,6,1,0
17099,6,2,0
17099,7,0,0
17099,7,1,0
17099,7,2,0
17100,1,0,0
17100,2,1,0
17100,3,0,0
17100,3,1,0
17100,4,2,0
17100,5,0,0
17100,5,2,0
17100,6,1,0
17100,6,2,0
17100,7,0,0
17100,7,1,0
17100,7,2,0
17101,1,0,0
17101,2,1,0
17101,3,0,0
17101,3,1,0
17101,4,2,0
17101,5,0,0
17101,5,2,0
17101,6,1,0
17101,6,2,0
17101,7,0,0
17101,7,1,0
17101,7,2,0
17102,1,0,0
17102,2,1,0
17102,3,0,0
17102,3,1,0
17102,4,2,0
17102,5,0,0
17102,5,2,0
17102,6,1,0
17102,6,2,0
17102,7,0,0
17102,7,1,0
17102,7,2,0
17103,1,0,0
17103,2,1,0
17103,3,0,0
17103,3,1,0
17103,4,2,0
17103,5,0,0
17103,5,2,0
17103,6,1,0
17103,6,2,0
17103,7,0,0
17103,7,1,0
17103,7,2,0
17104,1,0,0
17104,2,1,0
17104,3,0,0
17104,3,1,0
17104,4,2,0
17104,5,0,0
17104,5,2,0
17104,6,1,0
17104,6,2,0
17104,7,0,0
17104,7,1,0
17104,7,2,0
17105,1,0,0
17105,2,1,0
17105,3,0,0
17105,3,1,0
17105,4,2,0
17105,5,0,0
17105,5,2,0
17105,6,1,0
17105,6,2,0
17105,7,0,0
17105,7,1,0
17105,7,2,0
17106,1,0,0
17106,2,1,0
17106,3,0,0
17106,3,1,0
17106,4,2,0
17106,5,0,0
17106,5,2,0
17106,6,1,0
17106,6,2,0
17106,7,0,0
17106,7,1,0
17106,7,2,0
17107,1,0,0
17107,2,1,0
17107,3,0,0
17107,3,1,0
17107,4,2,0
17107,5,0,0
17107,5,2,0
17107,6,1,0
17107,6,2,0
17107,7,0,0
17107,7,1,0
17107,7,2,0
17108,1,0,0
17108,2,1,0
17108,3,0,0
17108,3,1,0
17108,4,2,0
17108,5,0,0
17108,5,2,0
17108,6,1,0
17108,6,2,0
17108,7,0,0
17108,7,1,0
17108,7,2,0
17109,1,0,0
17109,2,1,0
17109,3,0,0
17109,3,1,0
17109,4,2,0
17109,5,0,0
17109,5,2,0
17109,6,1,0
17109,6,2,0
17109,7,0,0
17109,7,1,0
17109,7,2,0
17110,1,0,0
17110,2,1,0
17110,3,0,0
17110,3,1,0
17110,4,2,0
17110,5,0,0
17110,5,2,0
17110,6,1,0
17110,6,2,0
17110,7,0,0
17110,7,1,0
17110,7,2,0
17111,1,0,0
17111,2,1,0
17111,3,0,0
17111,3,1,0
17111,4,2,0
17111,5,0,0
17111,5,2,0
17111,6,1,0
17111,6,2,0
17111,7,0,0
17111,7,1,0
17111,7,2,0
17112,1,0,0
17112,2,1,0
17112,3,0,0
17112,3,1,0
17112,4,2,0
17112,5,0,0
17112,5,2,0
17112,6,1,0
17112,6,2,0
17112,7,0,0
17112,7,1,0
17112,7,2,0
17113,1,0,0
17113,2,1,0
17113,3,0,0
17113,3,1,0
17113,4,2,0
17113,5,0,0
17113,5,2,0
17113,6,1,0
17113,6,2,0
17113,7,0,0
17113,7,1,0
17113,7,2,0
17114,1,0,0
17114,2,1,0
17114,3,0,0
17114,3,1,0
17114,4,2,0
17114,5,0,0
17114,5,2,0
17114,6,1,0
17114,6,2,0
17114,7,0,0
17114,7,1,0
17114,7,2,0
17115,1,0,0
17115,2,1,0
17115,3,0,0
17115,3,1,0
17115,4,2,0
17115,5,0,0
17115,5,2,0
17115,6,1,0
17115,6,2,0
17115,7,0,0
17115,7,1,0
17115,7,2,0
17116,1,0,0
17116,2,1,0
17116,3,0,0
17116,3,1,0
17116,4,2,0
17116,5,0,0
17116,5,2,0
17116,6,1,0
17116,6,2,0
17116,7,0,0
17116,7,1,0
17116,7,2,0
17117,1,0,0
17117,2,1,0
17117,3,0,0
17117,3,1,0
17117,4,2,0
17117,5,0,0
17117,5,2,0
17117,6,1,0
17117,6,2,0
17117,7,0,0
17117,7,1,0
17117,7,2,0
17118,1,0,1
17118,2,1,0
17118,3,0,1
17118,3,1,0
17118,4,2,0
17118,5,0,1
17118,5,2,0
17118,6,1,0
17118,6,2,0
17118,7,0,1
17118,7,1,0
17118,7,2,0
17119,1,0,1
17119,2,1,0
17119,3,0,1
17119,3,1,0
17119,4,2,0
17119,5,0,1
17119,5,2,0
17119,6,1,0
17119,6,2,0
17119,7,0,1
17119,7,1,0
17119,7,2,0
17120,1,0,0
17120,2,1,0
17120,3,0,0
17120,3,1,0
17120,4,2,0
17120,5,0,0
17120,5,2,0
17120,6,1,0
17120,6,2,0
17120,7,0,0
17120,7,1,0
17120,7,2,0
17121,1,0,0
17121,2,1,0
17121,3,0,0
17121,3,1,0
17121,4,2,0
17121,5,0,0
17121,5,2,0
17121,6,1,0
17121,6,2,0
17121,7,0,0
17121,7,1,0
17121,7,2,0
17122,1,0,0
17122,2,1,0
17122,3,0,0
17122,3,1,0
17122,4,2,0
17122,5,0,0
17122,5,2,0
17122,6,1,0
17122,6,2,0
17122,7,0,0
17122,7,1,0
17122,7,2,0
17123,1,0,0
17123,2,1,0
17123,3,0,0
17123,3,1,0
17123,4,2,0
17123,5,0,0
17123,5,2,0
17123,6,1,0
17123,6,2,0
17123,7,0,0
17123,7,1,0
17123,7,2,0
17124,1,0,0
17124,2,1,0
17124,3,0,0
17124,3,1,0
17124,4,2,0
17124,5,0,0
17124,5,2,0
17124,6,1,0
17124,6,2,0
17124,7,0,0
17124,7,1,0
17124,7,2,0
17125,1,0,0
17125,2,1,0
17125,3,0,0
17125,3,1,0
17125,4,2,0
17125,5,0,0
17125,5,2,0
17125,6,1,0
17125,6,2,0
17125,7,0,0
17125,7,1,0
17125,7,2,0
17126,1,0,0
17126,2,1,0
17126,3,0,0
17126,3,1,0
17126,4,2,0
17126,5,0,0
17126,5,2,0
17126,6,1,0
17126,6,2,0
17126,7,0,0
17126,7,1,0
17126,7,2,0
17127,1,0,0
17127,2,1,0
17127,3,0,0
17127,3,1,0
17127,4,2,0
17127,5,0,0
17127,5,2,0
17127,6,1,0
17127,6,2,0
17127,7,0,0
17127,7,1,0
17127,7,2,0
17128,1,0,0
17128,2,1,0
17128,3,0,0
17128,3,1,0
17128,4,2,0
17128,5,0,0
17128,5,2,0
17128,6,1,0
17128,6,2,0
17128,7,0,0
17128,7,1,0
17128,7,2,0
17129,1,0,0
17129,2,1,0
17129,3,0,0
17129,3,1,0
17129,4,2,0
17129,5,0,0
17129,5,2,0
17129,6,1,0
17129,6,2,0
17129,7,0,0
17129,7,1,0
17129,7,2,0
17130,1,0,0
17130,2,1,0
17130,3,0,0
17130,3,1,0
17130,4,2,0
17130,5,0,0
17130,5,2,0
17130,6,1,0
17130,6,2,0
17130,7,0,0
17130,7,1,0
17130,7,2,0
17131,1,0,0
17131,2,1,0
17131,3,0,0
17131,3,1,0
17131,4,2,0
17131,5,0,0
17131,5,2,0
17131,6,1,0
17131,6,2,0
17131,7,0,0
17131,7,1,0
17131,7,2,0
17132,1,0,0
17132,2,1,0
17132,3,0,0
17132,3,1,0
17132,4,2,0
17132,5,0,0
17132,5,2,0
17132,6,1,0
17132,6,2,0
17132,7,0,0
17132,7,1,0
17132,7,2,0
17133,1,0,0
17133,2,1,0
17133,3,0,0
17133,3,1,0
17133,4,2,0
17133,5,0,0
17133,5,2,0
17133,6,1,0
17133,6,2,0
17133,7,0,0
17133,7,1,0
17133,7,2,0
17134,1,0,0
17134,2,1,0
17134,3,0,0
17134,3,1,0
17134,4,2,0
17134,5,0,0
17134,5,2,0
17134,6,1,0
17134,6,2,0
17134,7,0,0
17134,7,1,0
17134,7,2,0
17135,1,0,0
17135,2,1,0
17135,3,0,0
17135,3,1,0
17135,4,2,0
17135,5,0,0
17135,5,2,0
17135,6,1,0
17135,6,2,0
17135,7,0,0
17135,7,1,0
17135,7,2,0
17136,1,0,0
17136,2,1,0
17136,3,0,0
17136,3,1,0
17136,4,2,0
17136,5,0,0
17136,5,2,0
17136,6,1,0
17136,6,2,0
17136,7,0,0
17136,7,1,0
17136,7,2,0
17137,1,0,0
17137,2,1,0
17137,3,0,0
17137,3,1,0
17137,4,2,0
17137,5,0,0
17137,5,2,0
17137,6,1,0
17137,6,2,0
17137,7,0,0
17137,7,1,0
17137,7,2,0
17138,1,0,0
17138,2,1,0
17138,3,0,0
17138,3,1,0
17138,4,2,0
17138,5,0,0
17138,5,2,0
17138,6,1,0
17138,6,2,0
17138,7,0,0
17138,7,1,0
17138,7,2,0
17139,1,0,0
17139,2,1,0
17139,3,0,0
17139,3,1,0
17139,4,2,0
17139,5,0,0
17139,5,2,0
17139,6,1,0
17139,6,2,0
17139,7,0,0
17139,7,1,0
17139,7,2,0
17140,1,0,0
17140,2,1,0
17140,3,0,0
17140,3,1,0
17140,4,2,0
17140,5,0,0
17140,5,2,0
17140,6,1,0
17140,6,2,0
17140,7,0,0
17140,7,1,0
17140,7,2,0
17141,1,0,0
17141,2,1,0
17141,3,0,0
17141,3,1,0
17141,4,2,0
17141,5,0,0
17141,5,2,0
17141,6,1,0
17141,6,2,0
17141,7,0,0
17141,7,1,0
17141,7,2,0
17142,1,0,0
17142,2,1,0
17142,3,0,0
17142,3,1,0
17142,4,2,0
17142,5,0,0
17142,5,2,0
17142,6,1,0
17142,6,2,0
17142,7,0,0
17142,7,1,0
17142,7,2,0
17143,1,0,0
17143,2,1,0
17143,3,0,0
17143,3,1,0
17143,4,2,0
17143,5,0,0
17143,5,2,0
17143,6,1,0
17143,6,2,0
17143,7,0,0
17143,7,1,0
17143,7,2,0
17144,1,0,0
17144,2,1,0
17144,3,0,0
17144,3,1,0
17144,4,2,0
17144,5,0,0
17144,5,2,0
17144,6,1,0
17144,6,2,0
17144,7,0,0
17144,7,1,0
17144,7,2,0
17145,1,0,1
17145,2,1,0
17145,3,0,1
17145,3,1,0
17145,4,2,0
17145,5,0,1
17145,5,2,0
17145,6,1,0
17145,6,2,0
17145,7,0,1
17145,7,1,0
17145,7,2,0
17146,1,0,1
17146,2,1,0
17146,3,0,1
17146,3,1,0
17146,4,2,0
17146,5,0,1
17146,5,2,0
17146,6,1,0
17146,6,2,0
17146,7,0,1
17146,7,1,0
17146,7,2,0
17147,1,0,0
17147,2,1,0
17147,3,0,0
17147,3,1,0
17147,4,2,0
17147,5,0,0
17147,5,2,0
17147,6,1,0
17147,6,2,0
17147,7,0,0
17147,7,1,0
17147,7,2,0
17148,1,0,0
17148,2,1,0
17148,3,0,0
17148,3,1,0
17148,4,2,0
17148,5,0,0
17148,5,2,0
17148,6,1,0
17148,6,2,0
17148,7,0,0
17148,7,1,0
17148,7,2,0
17149,1,0,0
17149,2,1,0
17149,3,0,0
17149,3,1,0
17149,4,2,0
17149,5,0,0
17149,5,2,0
17149,6,1,0
17149,6,2,0
17149,7,0,0
17149,7,1,0
17149,7,2,0
17150,1,0,0
17150,2,1,0
17150,3,0,0
17150,3,1,0
17150,4,2,0
17150,5,0,0
17150,5,2,0
17150,6,1,0
17150,6,2,0
17150,7,0,0
17150,7,1,0
17150,7,2,0
17151,1,0,0
17151,2,1,0
17151,3,0,0
17151,3,1,0
17151,4,2,0
17151,5,0,0
17151,5,2,0
17151,6,1,0
17151,6,2,0
17151,7,0,0
17151,7,1,0
17151,7,2,0
17152,1,0,0
17152,2,1,0
17152,3,0,0
17152,3,1,0
17152,4,2,0
17152,5,0,0
17152,5,2,0
17152,6,1,0
17152,6,2,0
17152,7,0,0
17152,7,1,0
17152,7,2,0
17153,1,0,0
17153,2,1,0
17153,3,0,0
17153,3,1,0
17153,4,2,0
17153,5,0,0
17153,5,2,0
17153,6,1,0
17153,6,2,0
17153,7,0,0
17153,7,1,0
17153,7,2,0
17154,1,0,0
17154,2,1,0
17154,3,0,0
17154,3,1,0
17154,4,2,0
17154,5,0,0
17154,5,2,0
17154,6,1,0
17154,6,2,0
17154,7,0,0
17154,7,1,0
17154,7,2,0
17155,1,0,0
17155,2,1,0
17155,3,0,0
17155,3,1,0
17155,4,2,0
17155,5,0,0
17155,5,2,0
17155,6,1,0
17155,6,2,0
17155,7,0,0
17155,7,1,0
17155,7,2,0
17156,1,0,0
17156,2,1,0
17156,3,0,0
17156,3,1,0
17156,4,2,0
17156,5,0,0
17156,5,2,0
17156,6,1,0
17156,6,2,0
17156,7,0,0
17156,7,1,0
17156,7,2,0
17157,1,0,0
17157,2,1,0
17157,3,0,0
17157,3,1,0
17157,4,2,0
17157,5,0,0
17157,5,2,0
17157,6,1,0
17157,6,2,0
17157,7,0,0
17157,7,1,0
17157,7,2,0
17158,1,0,0
17158,2,1,0
17158,3,0,0
17158,3,1,0
17158,4,2,0
17158,5,0,0
17158,5,2,0
17158,6,1,0
17158,6,2,0
17158,7,0,0
17158,7,1,0
17158,7,2,0
17159,1,0,0
17159,2,1,0
17159,3,0,0
17159,3,1,0
17159,4,2,0
17159,5,0,0
17159,5,2,0
17159,6,1,0
17159,6,2,0
17159,7,0,0
17159,7,1,0
17159,7,2,0
17160,1,0,0
17160,2,1,0
17160,3,0,0
17160,3,1,0
17160,4,2,0
17160,5,0,0
17160,5,2,0
17160,6,1,0
17160,6,2,0
17160,7,0,0
17160,7,1,0
17160,7,2,0
17161,1,0,0
17161,2,1,0
17161,3,0,0
17161,3,1,0
17161,4,2,0
17161,5,0,0
17161,5,2,0
17161,6,1,0
17161,6,2,0
17161,7,0,0
17161,7,1,0
17161,7,2,0
17162,1,0,0
17162,2,1,0
17162,3,0,0
17162,3,1,0
17162,4,2,0
17162,5,0,0
17162,5,2,0
17162,6,1,0
17162,6,2,0
17162,7,0,0
17162,7,1,0
17162,7,2,0
17163,1,0,0
17163,2,1,0
17163,3,0,0
17163,3,1,0
17163,4,2,0
17163,5,0,0
17163,5,2,0
17163,6,1,0
17163,6,2,0
17163,7,0,0
17163,7,1,0
17163,7,2,0
17164,1,0,0
17164,2,1,0
17164,3,0,0
17164,3,1,0
17164,4,2,0
17164,5,0,0
17164,5,2,0
17164,6,1,0
17164,6,2,0
17164,7,0,0
17164,7,1,0
17164,7,2,0
17165,1,0,0
17165,2,1,0
17165,3,0,0
17165,3,1,0
17165,4,2,0
17165,5,0,0
17165,5,2,0
17165,6,1,0
17165,6,2,0
17165,7,0,0
17165,7,1,0
17165,7,2,0
17166,1,0,0
17166,2,1,0
17166,3,0,0
17166,3,1,0
17166,4,2,0
17166,5,0,0
17166,5,2,0
17166,6,1,0
17166,6,2,0
17166,7,0,0
17166,7,1,0
17166,7,2,0
17167,1,0,0
17167,2,1,0
17167,3,0,0
17167,3,1,0
17167,4,2,0
17167,5,0,0
17167,5,2,0
17167,6,1,0
17167,6,2,0
17167,7,0,0
17167,7,1,0
17167,7,2,0
17168,1,0,0
17168,2,1,0
17168,3,0,0
17168,3,1,0
17168,4,2,0
17168,5,0,0
17168,5,2,0
17168,6,1,0
17168,6,2,0
17168,7,0,0
17168,7,1,0
17168,7,2,0
17169,1,0,0
17169,2,1,0
17169,3,0,0
17169,3,1,0
17169,4,2,0
17169,5,0,0
17169,5,2,0
17169,6,1,0
17169,6,2,0
17169,7,0,0
17169,7,1,0
17169,7,2,0
17170,1,0,0
17170,2,1,0
17170,3,0,0
17170,3,1,0
17170,4,2,0
17170,5,0,0
17170,5,2,0
17170,6,1,0
17170,6,2,0
17170,7,0,0
17170,7,1,0
17170,7,2,0
17171,1,0,0
17171,2,1,0
17171,3,0,0
17171,3,1,0
17171,4,2,0
17171,5,0,0
17171,5,2,0
17171,6,1,0
17171,6,2,0
17171,7,0,0
17171,7,1,0
17171,7,2,0
17172,1,0,1
17172,2,1,0
17172,3,0,1
17172,3,1,0
17172,4,2,0
17172,5,0,1
17172,5,2,0
17172,6,1,0
17172,6,2,0
17172,7,0,1
17172,7,1,0
17172,7,2,0
17173,1,0,1
17173,2,1,0
17173,3,0,1
17173,3,1,0
17173,4,2,0
17173,5,0,1
17173,5,2,0
17173,6,1,0
17173,6,2,0
17173,7,0,1
17173,7,1,0
17173,7,2,0
17174,1,0,0
17174,2,1,0
17174,3,0,0
17174,3,1,0
17174,4,2,0
17174,5,0,0
17174,5,2,0
17174,6,1,0
17174,6,2,0
17174,7,0,0
17174,7,1,0
17174,7,2,0
17175,1,0,0
17175,2,1,0
17175,3,0,0
17175,3,1,0
17175,4,2,0
17175,5,0,0
17175,5,2,0
17175,6,1,0
17175,6,2,0
17175,7,0,0
17175,7,1,0
17175,7,2,0
17176,1,0,0
17176,2,1,0
17176,3,0,0
17176,3,1,0
17176,4,2,0
17176,5,0,0
17176,5,2,0
17176,6,1,0
17176,6,2,0
17176,7,0,0
17176,7,1,0
17176,7,2,0
17177,1,0,0
17177,2,1,0
17177,3,0,0
17177,3,1,0
17177,4,2,0
17177,5,0,0
17177,5,2,0
17177,6,1,0
17177,6,2,0
17177,7,0,0
17177,7,1,0
17177,7,2,0
17178,1,0,0
17178,2,1,0
17178,3,0,0
17178,3,1,0
17178,4,2,0
17178,5,0,0
17178,5,2,0
17178,6,1,0
17178,6,2,0
17178,7,0,0
17178,7,1,0
17178,7,2,0
17179,1,0,0
17179,2,1,0
17179,3,0,0
17179,3,1,0
17179,4,2,0
17179,5,0,0
17179,5,2,0
17179,6,1,0
17179,6,2,0
17179,7,0,0
17179,7,1,0
17179,7,2,0
17180,1,0,0
17180,2,1,0
17180,3,0,0
17180,3,1,0
17180,4,2,0
17180,5,0,0
17180,5,2,0
17180,6,1,0
17180,6,2,0
17180,7,0,0
17180,7,1,0
17180,7,2,0
17181,1,0,0
17181,2,1,0
17181,3,0,0
17181,3,1,0
17181,4,2,0
17181,5,0,0
17181,5,2,0
17181,6,1,0
17181,6,2,0
17181,7,0,0
17181,7,1,0
17181,7,2,0
17182,1,0,0
17182,2,1,0
17182,3,0,0
17182,3,1,0
17182,4,2,0
17182,5,0,0
17182,5,2,0
17182,6,1,0
17182,6,2,0
17182,7,0,0
17182,7,1,0
17182,7,2,0
17183,1,0,0
17183,2,1,0
17183,3,0,0
17183,3,1,0
17183,4,2,0
17183,5,0,0
17183,5,2,0
17183,6,1,0
17183,6,2,0
17183,7,0,0
17183,7,1,0
17183,7,2,0
17184,1,0,0
17184,2,1,0
17184,3,0,0
17184,3,1,0
17184,4,2,0
17184,5,0,0
17184,5,2,0
17184,6,1,0
17184,6,2,0
17184,7,0,0
17184,7,1,0
17184,7,2,0
17185,1,0,0
17185,2,1,0
17185,3,0,0
17185,3,1,0
17185,4,2,0
17185,5,0,0
17185,5,2,0
17185,6,1,0
17185,6,2,0
17185,7,0,0
17185,7,1,0
17185,7,2,0
17186,1,0,0
17186,2,1,0
17186,3,0,0
17186,3,1,0
17186,4,2,0
17186,5,0,0
17186,5,2,0
17186,6,1,0
17186,6,2,0
17186,7,0,0
17186,7,1,0
17186,7,2,0
17187,1,0,0
17187,2,1,0
17187,3,0,0
17187,3,1,0
17187,4,2,0
17187,5,0,0
17187,5,2,0
17187,6,1,0
17187,6,2,0
17187,7,0,0
17187,7,1,0
17187,7,2,0
17188,1,0,0
17188,2,1,0
17188,3,0,0
17188,3,1,0
17188,4,2,0
17188,5,0,0
17188,5,2,0
17188,6,1,0
17188,6,2,0
17188,7,0,0
17188,7,1,0
17188,7,2,0
17189,1,0,0
17189,2,1,0
17189,3,0,0
17189,3,1,0
17189,4,2,0
17189,5,0,0
17189,5,2,0
17189,6,1,0
17189,6,2,0
17189,7,0,0
17189,7,1,0
17189,7,2,0
17190,1,0,0
17190,2,1,0
17190,3,0,0
17190,3,1,0
17190,4,2,0
17190,5,0,0
17190,5,2,0
17190,6,1,0
17190,6,2,0
17190,7,0,0
17190,7,1,0
17190,7,2,0
17191,1,0,0
17191,2,1,0
17191,3,0,0
17191,3,1,0
17191,4,2,0
17191,5,0,0
17191,5,2,0
17191,6,1,0
17191,6,2,0
17191,7,0,0
17191,7,1,0
17191,7,2,0
17192,1,0,0
17192,2,1,0
17192,3,0,0
17192,3,1,0
17192,4,2,0
17192,5,0,0
17192,5,2,0
17192,6,1,0
17192,6,2,0
17192,7,0,0
17192,7,1,0
17192,7,2,0
17193,1,0,0
17193,2,1,0
17193,3,0,0
17193,3,1,0
17193,4,2,0
17193,5,0,0
17193,5,2,0
17193,6,1,0
17193,6,2,0
17193,7,0,0
17193,7,1,0
17193,7,2,0
17194,1,0,0
17194,2,1,0
17194,3,0,0
17194,3,1,0
17194,4,2,0
17194,5,0,0
17194,5,2,0
17194,6,1,0
17194,6,2,0
17194,7,0,0
17194,7,1,0
17194,7,2,0
17195,1,0,0
17195,2,1,0
17195,3,0,0
17195,3,1,0
17195,4,2,0
17195,5,0,0
17195,5,2,0
17195,6,1,0
17195,6,2,0
17195,7,0,0
17195,7,1,0
17195,7,2,0
17196,1,0,0
17196,2,1,0
17196,3,0,0
17196,3,1,0
17196,4,2,0
17196,5,0,0
17196,5,2,0
17196,6,1,0
17196,6,2,0
17196,7,0,0
17196,7,1,0
17196,7,2,0
17197,1,0,0
17197,2,1,0
17197,3,0,0
17197,3,1,0
17197,4,2,0
17197,5,0,0
17197,5,2,0
17197,6,1,0
17197,6,2,0
17197,7,0,0
17197,7,1,0
17197,7,2,0
17198,1,0,0
17198,2,1,0
17198,3,0,0
17198,3,1,0
17198,4,2,0
17198,5,0,0
17198,5,2,0
17198,6,1,0
17198,6,2,0
17198,7,0,0
17198,7,1,0
17198,7,2,0
17199,1,0,1
17199,2,1,0
17199,3,0,1
17199,3,1,0
17199,4,2,0
17199,5,0,1
17199,5,2,0
17199,6,1,0
17199,6,2,0
17199,7,0,1
17199,7,1,0
17199,7,2,0
17200,1,0,1
17200,2,1,0
17200,3,0,1
17200,3,1,0
17200,4,2,0
17200,5,0,1
17200,5,2,0
17200,6,1,0
17200,6,2,0
17200,7,0,1
17200,7,1,0
17200,7,2,0
17201,1,0,0
17201,2,1,0
17201,3,0,0
17201,3,1,0
17201,4,2,0
17201,5,0,0
17201,5,2,0
17201,6,1,0
17201,6,2,0
17201,7,0,0
17201,7,1,0
17201,7,2,0
17202,1,0,0
17202,2,1,0
17202,3,0,0
17202,3,1,0
17202,4,2,0
17202,5,0,0
17202,5,2,0
17202,6,1,0
17202,6,2,0
17202,7,0,0
17202,7,1,0
17202,7,2,0
17203,1,0,0
17203,2,1,0
17203,3,0,0
17203,3,1,0
17203,4,2,0
17203,5,0,0
17203,5,2,0
17203,6,1,0
17203,6,2,0
17203,7,0,0
17203,7,1,0
17203,7,2,0
17204,1,0,0
17204,2,1,0
17204,3,0,0
17204,3,1,0
17204,4,2,0
17204,5,0,0
17204,5,2,0
17204,6,1,0
17204,6,2,0
17204,7,0,0
17204,7,1,0
17204,7,2,0
17205,1,0,0
17205,2,1,0
17205,3,0,0
17205,3,1,0
17205,4,2,0
17205,5,0,0
17205,5,2,0
17205,6,1,0
17205,6,2,0
17205,7,0,0
17205,7,1,0
17205,7,2,0
17206,1,0,0
17206,2,1,0
17206,3,0,0
17206,3,1,0
17206,4,2,0
17206,5,0,0
17206,5,2,0
17206,6,1,0
17206,6,2,0
17206,7,0,0
17206,7,1,0
17206,7,2,0
17207,1,0,0
17207,2,1,0
17207,3,0,0
17207,3,1,0
17207,4,2,0
17207,5,0,0
17207,5,2,0
17207,6,1,0
17207,6,2,0
17207,7,0,0
17207,7,1,0
17207,7,2,0
17208,1,0,0
17208,2,1,0
17208,3,0,0
17208,3,1,0
17208,4,2,0
17208,5,0,0
17208,5,2,0
17208,6,1,0
17208,6,2,0
17208,7,0,0
17208,7,1,0
17208,7,2,0
17209,1,0,0
17209,2,1,0
17209,3,0,0
17209,3,1,0
17209,4,2,0
17209,5,0,0
17209,5,2,0
17209,6,1,0
17209,6,2,0
17209,7,0,0
17209,7,1,0
17209,7,2,0
17210,1,0,0
17210,2,1,0
17210,3,0,0
17210,3,1,0
17210,4,2,0
17210,5,0,0
17210,5,2,0
17210,6,1,0
17210,6,2,0
17210,7,0,0
17210,7,1,0
17210,7,2,0
17211,1,0,0
17211,2,1,0
17211,3,0,0
17211,3,1,0
17211,4,2,0
17211,5,0,0
17211,5,2,0
17211,6,1,0
17211,6,2,0
17211,7,0,0
17211,7,1,0
17211,7,2,0
17212,1,0,0
17212,2,1,0
17212,3,0,0
17212,3,1,0
17212,4,2,0
17212,5,0,0
17212,5,2,0
17212,6,1,0
17212,6,2,0
17212,7,0,0
17212,7,1,0
17212,7,2,0
17213,1,0,0
17213,2,1,0
17213,3,0,0
17213,3,1,0
17213,4,2,0
17213,5,0,0
17213,5,2,0
17213,6,1,0
17213,6,2,0
17213,7,0,0
17213,7,1,0
17213,7,2,0
17214,1,0,0
17214,2,1,0
17214,3,0,0
17214,3,1,0
17214,4,2,0
17214,5,0,0
17214,5,2,0
17214,6,1,0
17214,6,2,0
17214,7,0,0
17214,7,1,0
17214,7,2,0
17215,1,0,0
17215,2,1,0
17215,3,0,0
17215,3,1,0
17215,4,2,0
17215,5,0,0
17215,5,2,0
17215,6,1,0
17215,6,2,0
17215,7,0,0
17215,7,1,0
17215,7,2,0
17216,1,0,0
17216,2,1,0
17216,3,0,0
17216,3,1,0
17216,4,2,0
17216,5,0,0
17216,5,2,0
17216,6,1,0
17216,6,2,0
17216,7,0,0
17216,7,1,0
17216,7,2,0
17217,1,0,0
17217,2,1,0
17217,3,0,0
17217,3,1,0
17217,4,2,0
17217,5,0,0
17217,5,2,0
17217,6,1,0
17217,6,2,0
17217,7,0,0
17217,7,1,0
17217,7,2,0
17218,1,0,0
17218,2,1,0
17218,3,0,0
17218,3,1,0
17218,4,2,0
17218,5,0,0
17218,5,2,0
17218,6,1,0
17218,6,2,0
17218,7,0,0
17218,7,1,0
17218,7,2,0
17219,1,0,0
17219,2,1,0
17219,3,0,0
17219,3,1,0
17219,4,2,0
17219,5,0,0
17219,5,2,0
17219,6,1,0
17219,6,2,0
17219,7,0,0
17219,7,1,0
17219,7,2,0
17220,1,0,0
17220,2,1,0
17220,3,0,0
17220,3,1,0
17220,4,2,0
17220,5,0,0
17220,5,2,0
17220,6,1,0
17220,6,2,0
17220,7,0,0
17220,7,1,0
17220,7,2,0
17221,1,0,0
17221,2,1,0
17221,3,0,0
17221,3,1,0
17221,4,2,0
17221,5,0,0
17221,5,2,0
17221,6,1,0
17221,6,2,0
17221,7,0,0
17221,7,1,0
17221,7,2,0
17222,1,0,0
17222,2,1,0
17222,3,0,0
17222,3,1,0
17222,4,2,0
17222,5,0,0
17222,5,2,0
17222,6,1,0
17222,6,2,0
17222,7,0,0
17222,7,1,0
17222,7,2,0
17223,1,0,0
17223,2,1,0
17223,3,0,0
17223,3,1,0
17223,4,2,0
17223,5,0,0
17223,5,2,0
17223,6,1,0
17223,6,2,0
17223,7,0,0
17223,7,1,0
17223,7,2,0
17224,1,0,0
17224,2,1,0
17224,3,0,0
17224,3,1,0
17224,4,2,0
17224,5,0,0
17224,5,2,0
17224,6,1,0
17224,6,2,0
17224,7,0,0
17224,7,1,0
17224,7,2,0
17225,1,0,0
17225,2,1,0
17225,3,0,0
17225,3,1,0
17225,4,2,0
17225,5,0,0
17225,5,2,0
17225,6,1,0
17225,6,2,0
17225,7,0,0
17225,7,1,0
17225,7,2,0
17226,1,0,1
17226,2,1,0
17226,3,0,1
17226,3,1,0
17226,4,2,0
17226,5,0,1
17226,5,2,0
17226,6,1,0
17226,6,2,0
17226,7,0,1
17226,7,1,0
17226,7,2,0
17227,1,0,1
17227,2,1,0
17227,3,0,1
17227,3,1,0
17227,4,2,0
17227,5,0,1
17227,5,2,0
17227,6,1,0
17227,6,2,0
17227,7,0,1
17227,7,1,0
17227,7,2,0
17228,1,0,0
17228,2,1,0
17228,3,0,0
17228,3,1,0
17228,4,2,0
17228,5,0,0
17228,5,2,0
17228,6,1,0
17228,6,2,0
17228,7,0,0
17228,7,1,0
17228,7,2,0
17229,1,0,0
17229,2,1,0
17229,3,0,0
17229,3,1,0
17229,4,2,0
17229,5,0,0
17229,5,2,0
17229,6,1,0
17229,6,2,0
17229,7,0,0
17229,7,1,0
17229,7,2,0
17230,1,0,0
17230,2,1,0
17230,3,0,0
17230,3,1,0
17230,4,2,0
17230,5,0,0
17230,5,2,0
17230,6,1,0
17230,6,2,0
17230,7,0,0
17230,7,1,0
17230,7,2,0
17231,1,0,0
17231,2,1,0
17231,3,0,0
17231,3,1,0
17231,4,2,0
17231,5,0,0
17231,5,2,0
17231,6,1,0
17231,6,2,0
17231,7,0,0
17231,7,1,0
17231,7,2,0
17232,1,0,0
17232,2,1,0
17232,3,0,0
17232,3,1,0
17232,4,2,0
17232,5,0,0
17232,5,2,0
17232,6,1,0
17232,6,2,0
17232,7,0,0
17232,7,1,0
17232,7,2,0
17233,1,0,0
17233,2,1,0
17233,3,0,0
17233,3,1,0
17233,4,2,0
17233,5,0,0
17233,5,2,0
17233,6,1,0
17233,6,2,0
17233,7,0,0
17233,7,1,0
17233,7,2,0
17234,1,0,0
17234,2,1,0
17234,3,0,0
17234,3,1,0
17234,4,2,0
17234,5,0,0
17234,5,2,0
17234,6,1,0
17234,6,2,0
17234,7,0,0
17234,7,1,0
17234,7,2,0
17235,1,0,0
17235,2,1,0
17235,3,0,0
17235,3,1,0
17235,4,2,0
17235,5,0,0
17235,5,2,0
17235,6,1,0
17235,6,2,0
17235,7,0,0
17235,7,1,0
17235,7,2,0
17236,1,0,0
17236,2,1,0
17236,3,0,0
17236,3,1,0
17236,4,2,0
17236,5,0,0
17236,5,2,0
17236,6,1,0
17236,6,2,0
17236,7,0,0
17236,7,1,0
17236,7,2,0
17237,1,0,0
17237,2,1,0
17237,3,0,0
17237,3,1,0
17237,4,2,0
17237,5,0,0
17237,5,2,0
17237,6,1,0
17237,6,2,0
17237,7,0,0
17237,7,1,0
17237,7,2,0
17238,1,0,0
17238,2,1,0
17238,3,0,0
17238,3,1,0
17238,4,2,0
17238,5,0,0
17238,5,2,0
17238,6,1,0
17238,6,2,0
17238,7,0,0
17238,7,1,0
17238,7,2,0
17239,1,0,0
17239,2,1,0
17239,3,0,0
17239,3,1,0
17239,4,2,0
17239,5,0,0
17239,5,2,0
17239,6,1,0
17239,6,2,0
17239,7,0,0
17239,7,1,0
17239,7,2,0
17240,1,0,0
17240,2,1,0
17240,3,0,0
17240,3,1,0
17240,4,2,0
17240,5,0,0
17240,5,2,0
17240,6,1,0
17240,6,2,0
17240,7,0,0
17240,7,1,0
17240,7,2,0
17241,1,0,0
17241,2,1,0
17241,3,0,0
17241,3,1,0
17241,4,2,0
17241,5,0,0
17241,5,2,0
17241,6,1,0
17241,6,2,0
17241,7,0,0
17241,7,1,0
17241,7,2,0
17242,1,0,0
17242,2,1,0
17242,3,0,0
17242,3,1,0
17242,4,2,0
17242,5,0,0
17242,5,2,0
17242,6,1,0
17242,6,2,0
17242,7,0,0
17242,7,1,0
17242,7,2,0
17243,1,0,0
17243,2,1,0
17243,3,0,0
17243,3,1,0
17243,4,2,0
17243,5,0,0
17243,5,2,0
17243,6,1,0
17243,6,2,0
17243,7,0,0
17243,7,1,0
17243,7,2,0
17244,1,0,0
17244,2,1,0
17244,3,0,0
17244,3,1,0
17244,4,2,0
17244,5,0,0
17244,5,2,0
17244,6,1,0
17244,6,2,0
17244,7,0,0
17244,7,1,0
17244,7,2,0
17245,1,0,0
17245,2,1,0
17245,3,0,0
17245,3,1,0
17245,4,2,0
17245,5,0,0
17245,5,2,0
17245,6,1,0
17245,6,2,0
17245,7,0,0
17245,7,1,0
17245,7,2,0
17246,1,0,0
17246,2,1,0
17246,3,0,0
17246,3,1,0
17246,4,2,0
17246,5,0,0
17246,5,2,0
17246,6,1,0
17246,6,2,0
17246,7,0,0
17246,7,1,0
17246,7,2,0
17247,1,0,0
17247,2,1,0
17247,3,0,0
17247,3,1,0
17247,4,2,0
17247,5,0,0
17247,5,2,0
17247,6,1,0
17247,6,2,0
17247,7,0,0
17247,7,1,0
17247,7,2,0
17248,1,0,0
17248,2,1,0
17248,3,0,0
17248,3,1,0
17248,4,2,0
17248,5,0,0
17248,5,2,0
17248,6,1,0
17248,6,2,0
17248,7,0,0
17248,7,1,0
17248,7,2,0
17249,1,0,0
17249,2,1,0
17249,3,0,0
17249,3,1,0
17249,4,2,0
17249,5,0,0
17249,5,2,0
17249,6,1,0
17249,6,2,0
17249,7,0,0
17249,7,1,0
17249,7,2,0
17250,1,0,0
17250,2,1,0
17250,3,0,0
17250,3,1,0
17250,4,2,0
17250,5,0,0
17250,5,2,0
17250,6,1,0
17250,6,2,0
17250,7,0,0
17250,7,1,0
17250,7,2,0
17251,1,0,0
17251,2,1,0
17251,3,0,0
17251,3,1,0
17251,4,2,0
17251,5,0,0
17251,5,2,0
17251,6,1,0
17251,6,2,0
17251,7,0,0
17251,7,1,0
17251,7,2,0
17252,1,0,0
17252,2,1,0
17252,3,0,0
17252,3,1,0
17252,4,2,0
17252,5,0,0
17252,5,2,0
17252,6,1,0
17252,6,2,0
17252,7,0,0
17252,7,1,0
17252,7,2,0
17253,1,0,1
17253,2,1,0
17253,3,0,1
17253,3,1,0
17253,4,2,0
17253,5,0,1
17253,5,2,0
17253,6,1,0
17253,6,2,0
17253,7,0,1
17253,7,1,0
17253,7,2,0
17254,1,0,1
17254,2,1,0
17254,3,0,1
17254,3,1,0
17254,4,2,0
17254,5,0,1
17254,5,2,0
17254,6,1,0
17254,6,2,0
17254,7,0,1
17254,7,1,0
17254,7,2,0
17255,1,0,0
17255,2,1,0
17255,3,0,0
17255,3,1,0
17255,4,2,0
17255,5,0,0
17255,5,2,0
17255,6,1,0
17255,6,2,0
17255,7,0,0
17255,7,1,0
17255,7,2,0
17256,1,0,0
17256,2,1,0
17256,3,0,0
17256,3,1,0
17256,4,2,0
17256,5,0,0
17256,5,2,0
17256,6,1,0
17256,6,2,0
17256,7,0,0
17256,7,1,0
17256,7,2,0
17257,1,0,0
17257,2,1,0
17257,3,0,0
17257,3,1,0
17257,4,2,0
17257,5,0,0
17257,5,2,0
17257,6,1,0
17257,6,2,0
17257,7,0,0
17257,7,1,0
17257,7,2,0
17258,1,0,0
17258,2,1,0
17258,3,0,0
17258,3,1,0
17258,4,2,0
17258,5,0,0
17258,5,2,0
17258,6,1,0
17258,6,2,0
17258,7,0,0
17258,7,1,0
17258,7,2,0
17259,1,0,0
17259,2,1,0
17259,3,0,0
17259,3,1,0
17259,4,2,0
17259,5,0,0
17259,5,2,0
17259,6,1,0
17259,6,2,0
17259,7,0,0
17259,7,1,0
17259,7,2,0
17260,1,0,0
17260,2,1,0
17260,3,0,0
17260,3,1,0
17260,4,2,0
17260,5,0,0
17260,5,2,0
17260,6,1,0
17260,6,2,0
17260,7,0,0
17260,7,1,0
17260,7,2,0
17261,1,0,0
17261,2,1,0
17261,3,0,0
17261,3,1,0
17261,4,2,0
17261,5,0,0
17261,5,2,0
17261,6,1,0
17261,6,2,0
17261,7,0,0
17261,7,1,0
17261,7,2,0
17262,1,0,0
17262,2,1,0
17262,3,0,0
17262,3,1,0
17262,4,2,0
17262,5,0,0
17262,5,2,0
17262,6,1,0
17262,6,2,0
17262,7,0,0
17262,7,1,0
17262,7,2,0
17263,1,0,0
17263,2,1,0
17263,3,0,0
17263,3,1,0
17263,4,2,0
17263,5,0,0
17263,5,2,0
17263,6,1,0
17263,6,2,0
17263,7,0,0
17263,7,1,0
17263,7,2,0
17264,1,0,0
17264,2,1,0
17264,3,0,0
17264,3,1,0
17264,4,2,0
17264,5,0,0
17264,5,2,0
17264,6,1,0
17264,6,2,0
17264,7,0,0
17264,7,1,0
17264,7,2,0
17265,1,0,0
17265,2,1,0
17265,3,0,0
17265,3,1,0
17265,4,2,0
17265,5,0,0
17265,5,2,0
17265,6,1,0
17265,6,2,0
17265,7,0,0
17265,7,1,0
17265,7,2,0
17266,1,0,0
17266,2,1,0
17266,3,0,0
17266,3,1,0
17266,4,2,0
17266,5,0,0
17266,5,2,0
17266,6,1,0
17266,6,2,0
17266,7,0,0
17266,7,1,0
17266,7,2,0
17267,1,0,0
17267,2,1,0
17267,3,0,0
17267,3,1,0
17267,4,2,0
17267,5,0,0
17267,5,2,0
17267,6,1,0
17267,6,2,0
17267,7,0,0
17267,7,1,0
17267,7,2,0
17268,1,0,0
17268,2,1,0
17268,3,0,0
17268,3,1,0
17268,4,2,0
17268,5,0,0
17268,5,2,0
17268,6,1,0
17268,6,2,0
17268,7,0,0
17268,7,1,0
17268,7,2,0
17269,1,0,0
17269,2,1,0
17269,3,0,0
17269,3,1,0
17269,4,2,0
17269,5,0,0
17269,5,2,0
17269,6,1,0
17269,6,2,0
17269,7,0,0
17269,7,1,0
17269,7,2,0
17270,1,0,0
17270,2,1,0
17270,3,0,0
17270,3,1,0
17270,4,2,0
17270,5,0,0
17270,5,2,0
17270,6,1,0
17270,6,2,0
17270,7,0,0
17270,7,1,0
17270,7,2,0
17271,1,0,0
17271,2,1,0
17271,3,0,0
17271,3,1,0
17271,4,2,0
17271,5,0,0
17271,5,2,0
17271,6,1,0
17271,6,2,0
17271,7,0,0
17271,7,1,0
17271,7,2,0
17272,1,0,0
17272,2,1,0
17272,3,0,0
17272,3,1,0
17272,4,2,0
17272,5,0,0
17272,5,2,0
17272,6,1,0
17272,6,2,0
17272,7,0,0
17272,7,1,0
17272,7,2,0
17273,1,0,0
17273,2,1,0
17273,3,0,0
17273,3,1,0
17273,4,2,0
17273,5,0,0
17273,5,2,0
17273,6,1,0
17273,6,2,0
17273,7,0,0
17273,7,1,0
17273,7,2,0
17274,1,0,0
17274,2,1,0
17274,3,0,0
17274,3,1,0
17274,4,2,0
17274,5,0,0
17274,5,2,0
17274,6,1,0
17274,6,2,0
17274,7,0,0
17274,7,1,0
17274,7,2,0
17275,1,0,0
17275,2,1,0
17275,3,0,0
17275,3,1,0
17275,4,2,0
17275,5,0,0
17275,5,2,0
17275,6,1,0
17275,6,2,0
17275,7,0,0
17275,7,1,0
17275,7,2,0
17276,1,0,0
17276,2,1,0
17276,3,0,0
17276,3,1,0
17276,4,2,0
17276,5,0,0
17276,5,2,0
17276,6,1,0
17276,6,2,0
17276,7,0,0
17276,7,1,0
17276,7,2,0
17277,1,0,0
17277,2,1,0
17277,3,0,0
17277,3,1,0
17277,4,2,0
17277,5,0,0
17277,5,2,0
17277,6,1,0
17277,6,2,0
17277,7,0,0
17277,7,1,0
17277,7,2,0
17278,1,0,0
17278,2,1,0
17278,3,0,0
17278,3,1,0
17278,4,2,0
17278,5,0,0
17278,5,2,0
17278,6,1,0
17278,6,2,0
17278,7,0,0
17278,7,1,0
17278,7,2,0
17279,1,0,0
17279,2,1,0
17279,3,0,0
17279,3,1,0
17279,4,2,0
17279,5,0,0
17279,5,2,0
17279,6,1,0
17279,6,2,0
17279,7,0,0
17279,7,1,0
17279,7,2,0
17280,1,0,1
17280,2,1,0
17280,3,0,1
17280,3,1,0
17280,4,2,0
17280,5,0,1
17280,5,2,0
17280,6,1,0
17280,6,2,0
17280,7,0,1
17280,7,1,0
17280,7,2,0
17281,1,0,1
17281,2,1,0
17281,3,0,1
17281,3,1,0
17281,4,2,0
17281,5,0,1
17281,5,2,0
17281,6,1,0
17281,6,2,0
17281,7,0,1
17281,7,1,0
17281,7,2,0
17282,1,0,0
17282,2,1,0
17282,3,0,0
17282,3,1,0
17282,4,2,0
17282,5,0,0
17282,5,2,0
17282,6,1,0
17282,6,2,0
17282,7,0,0
17282,7,1,0
17282,7,2,0
17283,1,0,0
17283,2,1,0
17283,3,0,0
17283,3,1,0
17283,4,2,0
17283,5,0,0
17283,5,2,0
17283,6,1,0
17283,6,2,0
17283,7,0,0
17283,7,1,0
17283,7,2,0
17284,1,0,0
17284,2,1,0
17284,3,0,0
17284,3,1,0
17284,4,2,0
17284,5,0,0
17284,5,2,0
17284,6,1,0
17284,6,2,0
17284,7,0,0
17284,7,1,0
17284,7,2,0
17285,1,0,0
17285,2,1,0
17285,3,0,0
17285,3,1,0
17285,4,2,0
17285,5,0,0
17285,5,2,0
17285,6,1,0
17285,6,2,0
17285,7,0,0
17285,7,1,0
17285,7,2,0
17286,1,0,0
17286,2,1,0
17286,3,0,0
17286,3,1,0
17286,4,2,0
17286,5,0,0
17286,5,2,0
17286,6,1,0
17286,6,2,0
17286,7,0,0
17286,7,1,0
17286,7,2,0
17287,1,0,0
17287,2,1,0
17287,3,0,0
17287,3,1,0
17287,4,2,0
17287,5,0,0
17287,5,2,0
17287,6,1,0
17287,6,2,0
17287,7,0,0
17287,7,1,0
17287,7,2,0
17288,1,0,0
17288,2,1,0
17288,3,0,0
17288,3,1,0
17288,4,2,0
17288,5,0,0
17288,5,2,0
17288,6,1,0
17288,6,2,0
17288,7,0,0
17288,7,1,0
17288,7,2,0
17289,1,0,0
17289,2,1,0
17289,3,0,0
17289,3,1,0
17289,4,2,0
17289,5,0,0
17289,5,2,0
17289,6,1,0
17289,6,2,0
17289,7,0,0
17289,7,1,0
17289,7,2,0
17290,1,0,0
17290,2,1,0
17290,3,0,0
17290,3,1,0
17290,4,2,0
17290,5,0,0
17290,5,2,0
17290,6,1,0
17290,6,2,0
17290,7,0,0
17290,7,1,0
17290,7,2,0
17291,1,0,0
17291,2,1,0
17291,3,0,0
17291,3,1,0
17291,4,2,0
17291,5,0,0
17291,5,2,0
17291,6,1,0
17291,6,2,0
17291,7,0,0
17291,7,1,0
17291,7,2,0
17292,1,0,0
17292,2,1,0
17292,3,0,0
17292,3,1,0
17292,4,2,0
17292,5,0,0
17292,5,2,0
17292,6,1,0
17292,6,2,0
17292,7,0,0
17292,7,1,0
17292,7,2,0
17293,1,0,0
17293,2,1,0
17293,3,0,0
17293,3,1,0
17293,4,2,0
17293,5,0,0
17293,5,2,0
17293,6,1,0
17293,6,2,0
17293,7,0,0
17293,7,1,0
17293,7,2,0
17294,1,0,0
17294,2,1,0
17294,3,0,0
17294,3,1,0
17294,4,2,0
17294,5,0,0
17294,5,2,0
17294,6,1,0
17294,6,2,0
17294,7,0,0
17294,7,1,0
17294,7,2,0
17295,1,0,0
17295,2,1,0
17295,3,0,0
17295,3,1,0
17295,4,2,0
17295,5,0,0
17295,5,2,0
17295,6,1,0
17295,6,2,0
17295,7,0,0
17295,7,1,0
17295,7,2,0
17296,1,0,0
17296,2,1,0
17296,3,0,0
17296,3,1,0
17296,4,2,0
17296,5,0,0
17296,5,2,0
17296,6,1,0
17296,6,2,0
17296,7,0,0
17296,7,1,0
17296,7,2,0
17297,1,0,0
17297,2,1,0
17297,3,0,0
17297,3,1,0
17297,4,2,0
17297,5,0,0
17297,5,2,0
17297,6,1,0
17297,6,2,0
17297,7,0,0
17297,7,1,0
17297,7,2,0
17298,1,0,0
17298,2,1,0
17298,3,0,0
17298,3,1,0
17298,4,2,0
17298,5,0,0
17298,5,2,0
17298,6,1,0
17298,6,2,0
17298,7,0,0
17298,7,1,0
17298,7,2,0
17299,1,0,0
17299,2,1,0
17299,3,0,0
17299,3,1,0
17299,4,2,0
17299,5,0,0
17299,5,2,0
17299,6,1,0
17299,6,2,0
17299,7,0,0
17299,7,1,0
17299,7,2,0
17300,1,0,0
17300,2,1,0
17300,3,0,0
17300,3,1,0
17300,4,2,0
17300,5,0,0
17300,5,2,0
17300,6,1,0
17300,6,2,0
17300,7,0,0
17300,7,1,0
17300,7,2,0
17301,1,0,0
17301,2,1,0
17301,3,0,0
17301,3,1,0
17301,4,2,0
17301,5,0,0
17301,5,2,0
17301,6,1,0
17301,6,2,0
17301,7,0,0
17301,7,1,0
17301,7,2,0
17302,1,0,0
17302,2,1,0
17302,3,0,0
17302,3,1,0
17302,4,2,0
17302,5,0,0
17302,5,2,0
17302,6,1,0
17302,6,2,0
17302,7,0,0
17302,7,1,0
17302,7,2,0
17303,1,0,0
17303,2,1,0
17303,3,0,0
17303,3,1,0
17303,4,2,0
17303,5,0,0
17303,5,2,0
17303,6,1,0
17303,6,2,0
17303,7,0,0
17303,7,1,0
17303,7,2,0
17304,1,0,0
17304,2,1,0
17304,3,0,0
17304,3,1,0
17304,4,2,0
17304,5,0,0
17304,5,2,0
17304,6,1,0
17304,6,2,0
17304,7,0,0
17304,7,1,0
17304,7,2,0
17305,1,0,0
17305,2,1,0
17305,3,0,0
17305,3,1,0
17305,4,2,0
17305,5,0,0
17305,5,2,0
17305,6,1,0
17305,6,2,0
17305,7,0,0
17305,7,1,0
17305,7,2,0
17306,1,0,0
17306,2,1,0
17306,3,0,0
17306,3,1,0
17306,4,2,0
17306,5,0,0
17306,5,2,0
17306,6,1,0
17306,6,2,0
17306,7,0,0
17306,7,1,0
17306,7,2,0
17307,1,0,1
17307,2,1,0
17307,3,0,1
17307,3,1,0
17307,4,2,0
17307,5,0,1
17307,5,2,0
17307,6,1,0
17307,6,2,0
17307,7,0,1
17307,7,1,0
17307,7,2,0
17308,1,0,1
17308,2,1,0
17308,3,0,1
17308,3,1,0
17308,4,2,0
17308,5,0,1
17308,5,2,0
17308,6,1,0
17308,6,2,0
17308,7,0,1
17308,7,1,0
17308,7,2,0
17309,1,0,0
17309,2,1,0
17309,3,0,0
17309,3,1,0
17309,4,2,0
17309,5,0,0
17309,5,2,0
17309,6,1,0
17309,6,2,0
17309,7,0,0
17309,7,1,0
17309,7,2,0
17310,1,0,0
17310,2,1,0
17310,3,0,0
17310,3,1,0
17310,4,2,0
17310,5,0,0
17310,5,2,0
17310,6,1,0
17310,6,2,0
17310,7,0,0
17310,7,1,0
17310,7,2,0
17311,1,0,0
17311,2,1,0
17311,3,0,0
17311,3,1,0
17311,4,2,0
17311,5,0,0
17311,5,2,0
17311,6,1,0
17311,6,2,0
17311,7,0,0
17311,7,1,0
17311,7,2,0
17312,1,0,0
17312,2,1,0
17312,3,0,0
17312,3,1,0
17312,4,2,0
17312,5,0,0
17312,5,2,0
17312,6,1,0
17312,6,2,0
17312,7,0,0
17312,7,1,0
17312,7,2,0
17313,1,0,0
17313,2,1,0
17313,3,0,0
17313,3,1,0
17313,4,2,0
17313,5,0,0
17313,5,2,0
17313,6,1,0
17313,6,2,0
17313,7,0,0
17313,7,1,0
17313,7,2,0
17314,1,0,0
17314,2,1,0
17314,3,0,0
17314,3,1,0
17314,4,2,0
17314,5,0,0
17314,5,2,0
17314,6,1,0
17314,6,2,0
17314,7,0,0
17314,7,1,0
17314,7,2,0
17315,1,0,0
17315,2,1,0
17315,3,0,0
17315,3,1,0
17315,4,2,0
17315,5,0,0
17315,5,2,0
17315,6,1,0
17315,6,2,0
17315,7,0,0
17315,7,1,0
17315,7,2,0
17316,1,0,0
17316,2,1,0
17316,3,0,0
17316,3,1,0
17316,4,2,0
17316,5,0,0
17316,5,2,0
17316,6,1,0
17316,6,2,0
17316,7,0,0
17316,7,1,0
17316,7,2,0
17317,1,0,0
17317,2,1,0
17317,3,0,0
17317,3,1,0
17317,4,2,0
17317,5,0,0
17317,5,2,0
17317,6,1,0
17317,6,2,0
17317,7,0,0
17317,7,1,0
17317,7,2,0
17318,1,0,0
17318,2,1,0
17318,3,0,0
17318,3,1,0
17318,4,2,0
17318,5,0,0
17318,5,2,0
17318,6,1,0
17318,6,2,0
17318,7,0,0
17318,7,1,0
17318,7,2,0
17319,1,0,0
17319,2,1,0
17319,3,0,0
17319,3,1,0
17319,4,2,0
17319,5,0,0
17319,5,2,0
17319,6,1,0
17319,6,2,0
17319,7,0,0
17319,7,1,0
17319,7,2,0
17320,1,0,0
17320,2,1,0
17320,3,0,0
17320,3,1,0
17320,4,2,0
17320,5,0,0
17320,5,2,0
17320,6,1,0
17320,6,2,0
17320,7,0,0
17320,7,1,0
17320,7,2,0
17321,1,0,0
17321,2,1,0
17321,3,0,0
17321,3,1,0
17321,4,2,0
17321,5,0,0
17321,5,2,0
17321,6,1,0
17321,6,2,0
17321,7,0,0
17321,7,1,0
17321,7,2,0
17322,1,0,0
17322,2,1,0
17322,3,0,0
17322,3,1,0
17322,4,2,0
17322,5,0,0
17322,5,2,0
17322,6,1,0
17322,6,2,0
17322,7,0,0
17322,7,1,0
17322,7,2,0
17323,1,0,0
17323,2,1,0
17323,3,0,0
17323,3,1,0
17323,4,2,0
17323,5,0,0
17323,5,2,0
17323,6,1,0
17323,6,2,0
17323,7,0,0
17323,7,1,0
17323,7,2,0
17324,1,0,0
17324,2,1,0
17324,3,0,0
17324,3,1,0
17324,4,2,0
17324,5,0,0
17324,5,2,0
17324,6,1,0
17324,6,2,0
17324,7,0,0
17324,7,1,0
17324,7,2,0
17325,1,0,0
17325,2,1,0
17325,3,0,0
17325,3,1,0
17325,4,2,0
17325,5,0,0
17325,5,2,0
17325,6,1,0
17325,6,2,0
17325,7,0,0
17325,7,1,0
17325,7,2,0
17326,1,0,0
17326,2,1,0
17326,3,0,0
17326,3,1,0
17326,4,2,0
17326,5,0,0
17326,5,2,0
17326,6,1,0
17326,6,2,0
17326,7,0,0
17326,7,1,0
17326,7,2,0
17327,1,0,0
17327,2,1,0
17327,3,0,0
17327,3,1,0
17327,4,2,0
17327,5,0,0
17327,5,2,0
17327,6,1,0
17327,6,2,0
17327,7,0,0
17327,7,1,0
17327,7,2,0
17328,1,0,0
17328,2,1,0
17328,3,0,0
17328,3,1,0
17328,4,2,0
17328,5,0,0
17328,5,2,0
17328,6,1,0
17328,6,2,0
17328,7,0,0
17328,7,1,0
17328,7,2,0
17329,1,0,0
17329,2,1,0
17329,3,0,0
17329,3,1,0
17329,4,2,0
17329,5,0,0
17329,5,2,0
17329,6,1,0
17329,6,2,0
17329,7,0,0
17329,7,1,0
17329,7,2,0
17330,1,0,0
17330,2,1,0
17330,3,0,0
17330,3,1,0
17330,4,2,0
17330,5,0,0
17330,5,2,0
17330,6,1,0
17330,6,2,0
17330,7,0,0
17330,7,1,0
17330,7,2,0
17331,1,0,0
17331,2,1,0
17331,3,0,0
17331,3,1,0
17331,4,2,0
17331,5,0,0
17331,5,2,0
17331,6,1,0
17331,6,2,0
17331,7,0,0
17331,7,1,0
17331,7,2,0
17332,1,0,0
17332,2,1,0
17332,3,0,0
17332,3,1,0
17332,4,2,0
17332,5,0,0
17332,5,2,0
17332,6,1,0
17332,6,2,0
17332,7,0,0
17332,7,1,0
17332,7,2,0
17333,1,0,0
17333,2,1,0
17333,3,0,0
17333,3,1,0
17333,4,2,0
17333,5,0,0
17333,5,2,0
17333,6,1,0
17333,6,2,0
17333,7,0,0
17333,7,1,0
17333,7,2,0
17334,1,0,1
17334,2,1,0
17334,3,0,1
17334,3,1,0
17334,4,2,0
17334,5,0,1
17334,5,2,0
17334,6,1,0
17334,6,2,0
17334,7,0,1
17334,7,1,0
17334,7,2,0
17335,1,0,1
17335,2,1,0
17335,3,0,1
17335,3,1,0
17335,4,2,0
17335,5,0,1
17335,5,2,0
17335,6,1,0
17335,6,2,0
17335,7,0,1
17335,7,1,0
17335,7,2,0
17336,1,0,0
17336,2,1,0
17336,3,0,0
17336,3,1,0
17336,4,2,0
17336,5,0,0
17336,5,2,0
17336,6,1,0
17336,6,2,0
17336,7,0,0
17336,7,1,0
17336,7,2,0
17337,1,0,0
17337,2,1,0
17337,3,0,0
17337,3,1,0
17337,4,2,0
17337,5,0,0
17337,5,2,0
17337,6,1,0
17337,6,2,0
17337,7,0,0
17337,7,1,0
17337,7,2,0
17338,1,0,0
17338,2,1,0
17338,3,0,0
17338,3,1,0
17338,4,2,0
17338,5,0,0
17338,5,2,0
17338,6,1,0
17338,6,2,0
17338,7,0,0
17338,7,1,0
17338,7,2,0
17339,1,0,0
17339,2,1,0
17339,3,0,0
17339,3,1,0
17339,4,2,0
17339,5,0,0
17339,5,2,0
17339,6,1,0
17339,6,2,0
17339,7,0,0
17339,7,1,0
17339,7,2,0
17340,1,0,0
17340,2,1,0
17340,3,0,0
17340,3,1,0
17340,4,2,0
17340,5,0,0
17340,5,2,0
17340,6,1,0
17340,6,2,0
17340,7,0,0
17340,7,1,0
17340,7,2,0
17341,1,0,0
17341,2,1,0
17341,3,0,0
17341,3,1,0
17341,4,2,0
17341,5,0,0
17341,5,2,0
17341,6,1,0
17341,6,2,0
17341,7,0,0
17341,7,1,0
17341,7,2,0
17342,1,0,0
17342,2,1,0
17342,3,0,0
17342,3,1,0
17342,4,2,0
17342,5,0,0
17342,5,2,0
17342,6,1,0
17342,6,2,0
17342,7,0,0
17342,7,1,0
17342,7,2,0
17343,1,0,0
17343,2,1,0
17343,3,0,0
17343,3,1,0
17343,4,2,0
17343,5,0,0
17343,5,2,0
17343,6,1,0
17343,6,2,0
17343,7,0,0
17343,7,1,0
17343,7,2,0
17344,1,0,0
17344,2,1,0
17344,3,0,0
17344,3,1,0
17344,4,2,0
17344,5,0,0
17344,5,2,0
17344,6,1,0
17344,6,2,0
17344,7,0,0
17344,7,1,0
17344,7,2,0
17345,1,0,0
17345,2,1,0
17345,3,0,0
17345,3,1,0
17345,4,2,0
17345,5,0,0
17345,5,2,0
17345,6,1,0
17345,6,2,0
17345,7,0,0
17345,7,1,0
17345,7,2,0
17346,1,0,0
17346,2,1,0
17346,3,0,0
17346,3,1,0
17346,4,2,0
17346,5,0,0
17346,5,2,0
17346,6,1,0
17346,6,2,0
17346,7,0,0
17346,7,1,0
17346,7,2,0
17347,1,0,0
17347,2,1,0
17347,3,0,0
17347,3,1,0
17347,4,2,0
17347,5,0,0
17347,5,2,0
17347,6,1,0
17347,6,2,0
17347,7,0,0
17347,7,1,0
17347,7,2,0
17348,1,0,0
17348,2,1,0
17348,3,0,0
17348,3,1,0
17348,4,2,0
17348,5,0,0
17348,5,2,0
17348,6,1,0
17348,6,2,0
17348,7,0,0
17348,7,1,0
17348,7,2,0
17349,1,0,0
17349,2,1,0
17349,3,0,0
17349,3,1,0
17349,4,2,0
17349,5,0,0
17349,5,2,0
17349,6,1,0
17349,6,2,0
17349,7,0,0
17349,7,1,0
17349,7,2,0
17350,1,0,0
17350,2,1,0
17350,3,0,0
17350,3,1,0
17350,4,2,0
17350,5,0,0
17350,5,2,0
17350,6,1,0
17350,6,2,0
17350,7,0,0
17350,7,1,0
17350,7,2,0
17351,1,0,0
17351,2,1,0
17351,3,0,0
17351,3,1,0
17351,4,2,0
17351,5,0,0
17351,5,2,0
17351,6,1,0
17351,6,2,0
17351,7,0,0
17351,7,1,0
17351,7,2,0
17352,1,0,0
17352,2,1,0
17352,3,0,0
17352,3,1,0
17352,4,2,0
17352,5,0,0
17352,5,2,0
17352,6,1,0
17352,6,2,0
17352,7,0,0
17352,7,1,0
17352,7,2,0
17353,1,0,0
17353,2,1,0
17353,3,0,0
17353,3,1,0
17353,4,2,0
17353,5,0,0
17353,5,2,0
17353,6,1,0
17353,6,2,0
17353,7,0,0
17353,7,1,0
17353,7,2,0
17354,1,0,0
17354,2,1,0
17354,3,0,0
17354,3,1,0
17354,4,2,0
17354,5,0,0
17354,5,2,0
17354,6,1,0
17354,6,2,0
17354,7,0,0
17354,7,1,0
17354,7,2,0
17355,1,0,0
17355,2,1,0
17355,3,0,0
17355,3,1,0
17355,4,2,0
17355,5,0,0
17355,5,2,0
17355,6,1,0
17355,6,2,0
17355,7,0,0
17355,7,1,0
17355,7,2,0
17356,1,0,0
17356,2,1,0
17356,3,0,0
17356,3,1,0
17356,4,2,0
17356,5,0,0
17356,5,2,0
17356,6,1,0
17356,6,2,0
17356,7,0,0
17356,7,1,0
17356,7,2,0
17357,1,0,0
17357,2,1,0
17357,3,0,0
17357,3,1,0
17357,4,2,0
17357,5,0,0
17357,5,2,0
17357,6,1,0
17357,6,2,0
17357,7,0,0
17357,7,1,0
17357,7,2,0
17358,1,0,0
17358,2,1,0
17358,3,0,0
17358,3,1,0
17358,4,2,0
17358,5,0,0
17358,5,2,0
17358,6,1,0
17358,6,2,0
17358,7,0,0
17358,7,1,0
17358,7,2,0
17359,1,0,0
17359,2,1,0
17359,3,0,0
17359,3,1,0
17359,4,2,0
17359,5,0,0
17359,5,2,0
17359,6,1,0
17359,6,2,0
17359,7,0,0
17359,7,1,0
17359,7,2,0
17360,1,0,0
17360,2,1,0
17360,3,0,0
17360,3,1,0
17360,4,2,0
17360,5,0,0
17360,5,2,0
17360,6,1,0
17360,6,2,0
17360,7,0,0
17360,7,1,0
17360,7,2,0
17361,1,0,1
17361,2,1,0
17361,3,0,1
17361,3,1,0
17361,4,2,0
17361,5,0,1
17361,5,2,0
17361,6,1,0
17361,6,2,0
17361,7,0,1
17361,7,1,0
17361,7,2,0
17362,1,0,1
17362,2,1,0
17362,3,0,1
17362,3,1,0
17362,4,2,0
17362,5,0,1
17362,5,2,0
17362,6,1,0
17362,6,2,0
17362,7,0,1
17362,7,1,0
17362,7,2,0
17363,1,0,0
17363,2,1,0
17363,3,0,0
17363,3,1,0
17363,4,2,0
17363,5,0,0
17363,5,2,0
17363,6,1,0
17363,6,2,0
17363,7,0,0
17363,7,1,0
17363,7,2,0
17364,1,0,0
17364,2,1,0
17364,3,0,0
17364,3,1,0
17364,4,2,0
17364,5,0,0
17364,5,2,0
17364,6,1,0
17364,6,2,0
17364,7,0,0
17364,7,1,0
17364,7,2,0
17365,1,0,0
17365,2,1,0
17365,3,0,0
17365,3,1,0
17365,4,2,0
17365,5,0,0
17365,5,2,0
17365,6,1,0
17365,6,2,0
17365,7,0,0
17365,7,1,0
17365,7,2,0
17366,1,0,0
17366,2,1,0
17366,3,0,0
17366,3,1,0
17366,4,2,0
17366,5,0,0
17366,5,2,0
17366,6,1,0
17366,6,2,0
17366,7,0,0
17366,7,1,0
17366,7,2,0
17367,1,0,0
17367,2,1,0
17367,3,0,0
17367,3,1,0
17367,4,2,0
17367,5,0,0
17367,5,2,0
17367,6,1,0
17367,6,2,0
17367,7,0,0
17367,7,1,0
17367,7,2,0
17368,1,0,0
17368,2,1,0
17368,3,0,0
17368,3,1,0
17368,4,2,0
17368,5,0,0
17368,5,2,0
17368,6,1,0
17368,6,2,0
17368,7,0,0
17368,7,1,0
17368,7,2,0
17369,1,0,0
17369,2,1,0
17369,3,0,0
17369,3,1,0
17369,4,2,0
17369,5,0,0
17369,5,2,0
17369,6,1,0
17369,6,2,0
17369,7,0,0
17369,7,1,0
17369,7,2,0
17370,1,0,0
17370,2,1,0
17370,3,0,0
17370,3,1,0
17370,4,2,0
17370,5,0,0
17370,5,2,0
17370,6,1,0
17370,6,2,0
17370,7,0,0
17370,7,1,0
17370,7,2,0
17371,1,0,0
17371,2,1,0
17371,3,0,0
17371,3,1,0
17371,4,2,0
17371,5,0,0
17371,5,2,0
17371,6,1,0
17371,6,2,0
17371,7,0,0
17371,7,1,0
17371,7,2,0
17372,1,0,0
17372,2,1,0
17372,3,0,0
17372,3,1,0
17372,4,2,0
17372,5,0,0
17372,5,2,0
17372,6,1,0
17372,6,2,0
17372,7,0,0
17372,7,1,0
17372,7,2,0
17373,1,0,0
17373,2,1,0
17373,3,0,0
17373,3,1,0
17373,4,2,0
17373,5,0,0
17373,5,2,0
17373,6,1,0
17373,6,2,0
17373,7,0,0
17373,7,1,0
17373,7,2,0
17374,1,0,0
17374,2,1,0
17374,3,0,0
17374,3,1,0
17374,4,2,0
17374,5,0,0
17374,5,2,0
17374,6,1,0
17374,6,2,0
17374,7,0,0
17374,7,1,0
17374,7,2,0
17375,1,0,0
17375,2,1,0
17375,3,0,0
17375,3,1,0
17375,4,2,0
17375,5,0,0
17375,5,2,0
17375,6,1,0
17375,6,2,0
17375,7,0,0
17375,7,1,0
17375,7,2,0
17376,1,0,0
17376,2,1,0
17376,3,0,0
17376,3,1,0
17376,4,2,0
17376,5,0,0
17376,5,2,0
17376,6,1,0
17376,6,2,0
17376,7,0,0
17376,7,1,0
17376,7,2,0
17377,1,0,0
17377,2,1,0
17377,3,0,0
17377,3,1,0
17377,4,2,0
17377,5,0,0
17377,5,2,0
17377,6,1,0
17377,6,2,0
17377,7,0,0
17377,7,1,0
17377,7,2,0
17378,1,0,0
17378,2,1,0
17378,3,0,0
17378,3,1,0
17378,4,2,0
17378,5,0,0
17378,5,2,0
17378,6,1,0
17378,6,2,0
17378,7,0,0
17378,7,1,0
17378,7,2,0
17379,1,0,0
17379,2,1,0
17379,3,0,0
17379,3,1,0
17379,4,2,0
17379,5,0,0
17379,5,2,0
17379,6,1,0
17379,6,2,0
17379,7,0,0
17379,7,1,0
17379,7,2,0
17380,1,0,0
17380,2,1,0
17380,3,0,0
17380,3,1,0
17380,4,2,0
17380,5,0,0
17380,5,2,0
17380,6,1,0
17380,6,2,0
17380,7,0,0
17380,7,1,0
17380,7,2,0
17381,1,0,0
17381,2,1,0
17381,3,0,0
17381,3,1,0
17381,4,2,0
17381,5,0,0
17381,5,2,0
17381,6,1,0
17381,6,2,0
17381,7,0,0
17381,7,1,0
17381,7,2,0
17382,1,0,0
17382,2,1,0
17382,3,0,0
17382,3,1,0
17382,4,2,0
17382,5,0,0
17382,5,2,0
17382,6,1,0
17382,6,2,0
17382,7,0,0
17382,7,1,0
17382,7,2,0
17383,1,0,0
17383,2,1,0
17383,3,0,0
17383,3,1,0
17383,4,2,0
17383,5,0,0
17383,5,2,0
17383,6,1,0
17383,6,2,0
17383,7,0,0
17383,7,1,0
17383,7,2,0
17384,1,0,0
17384,2,1,0
17384,3,0,0
17384,3,1,0
17384,4,2,0
17384,5,0,0
17384,5,2,0
17384,6,1,0
17384,6,2,0
17384,7,0,0
17384,7,1,0
17384,7,2,0
17385,1,0,0
17385,2,1,0
17385,3,0,0
17385,3,1,0
17385,4,2,0
17385,5,0,0
17385,5,2,0
17385,6,1,0
17385,6,2,0
17385,7,0,0
17385,7,1,0
17385,7,2,0
17386,1,0,0
17386,2,1,0
17386,3,0,0
17386,3,1,0
17386,4,2,0
17386,5,0,0
17386,5,2,0
17386,6,1,0
17386,6,2,0
17386,7,0,0
17386,7,1,0
17386,7,2,0
17387,1,0,0
17387,2,1,0
17387,3,0,0
17387,3,1,0
17387,4,2,0
17387,5,0,0
17387,5,2,0
17387,6,1,0
17387,6,2,0
17387,7,0,0
17387,7,1,0
17387,7,2,0
17388,1,0,1
17388,2,1,0
17388,3,0,1
17388,3,1,0
17388,4,2,0
17388,5,0,1
17388,5,2,0
17388,6,1,0
17388,6,2,0
17388,7,0,1
17388,7,1,0
17388,7,2,0
17389,1,0,1
17389,2,1,0
17389,3,0,1
17389,3,1,0
17389,4,2,0
17389,5,0,1
17389,5,2,0
17389,6,1,0
17389,6,2,0
17389,7,0,1
17389,7,1,0
17389,7,2,0
17390,1,0,0
17390,2,1,0
17390,3,0,0
17390,3,1,0
17390,4,2,0
17390,5,0,0
17390,5,2,0
17390,6,1,0
17390,6,2,0
17390,7,0,0
17390,7,1,0
17390,7,2,0
17391,1,0,0
17391,2,1,0
17391,3,0,0
17391,3,1,0
17391,4,2,0
17391,5,0,0
17391,5,2,0
17391,6,1,0
17391,6,2,0
17391,7,0,0
17391,7,1,0
17391,7,2,0
17392,1,0,0
17392,2,1,0
17392,3,0,0
17392,3,1,0
17392,4,2,0
17392,5,0,0
17392,5,2,0
17392,6,1,0
17392,6,2,0
17392,7,0,0
17392,7,1,0
17392,7,2,0
17393,1,0,0
17393,2,1,0
17393,3,0,0
17393,3,1,0
17393,4,2,0
17393,5,0,0
17393,5,2,0
17393,6,1,0
17393,6,2,0
17393,7,0,0
17393,7,1,0
17393,7,2,0
17394,1,0,0
17394,2,1,0
17394,3,0,0
17394,3,1,0
17394,4,2,0
17394,5,0,0
17394,5,2,0
17394,6,1,0
17394,6,2,0
17394,7,0,0
17394,7,1,0
17394,7,2,0
17395,1,0,0
17395,2,1,0
17395,3,0,0
17395,3,1,0
17395,4,2,0
17395,5,0,0
17395,5,2,0
17395,6,1,0
17395,6,2,0
17395,7,0,0
17395,7,1,0
17395,7,2,0
17396,1,0,0
17396,2,1,0
17396,3,0,0
17396,3,1,0
17396,4,2,0
17396,5,0,0
17396,5,2,0
17396,6,1,0
17396,6,2,0
17396,7,0,0
17396,7,1,0
17396,7,2,0
17397,1,0,0
17397,2,1,0
17397,3,0,0
17397,3,1,0
17397,4,2,0
17397,5,0,0
17397,5,2,0
17397,6,1,0
17397,6,2,0
17397,7,0,0
17397,7,1,0
17397,7,2,0
17398,1,0,0
17398,2,1,0
17398,3,0,0
17398,3,1,0
17398,4,2,0
17398,5,0,0
17398,5,2,0
17398,6,1,0
17398,6,2,0
17398,7,0,0
17398,7,1,0
17398,7,2,0
17399,1,0,0
17399,2,1,0
17399,3,0,0
17399,3,1,0
17399,4,2,0
17399,5,0,0
17399,5,2,0
17399,6,1,0
17399,6,2,0
17399,7,0,0
17399,7,1,0
17399,7,2,0
17400,1,0,0
17400,2,1,0
17400,3,0,0
17400,3,1,0
17400,4,2,0
17400,5,0,0
17400,5,2,0
17400,6,1,0
17400,6,2,0
17400,7,0,0
17400,7,1,0
17400,7,2,0
17401,1,0,0
17401,2,1,0
17401,3,0,0
17401,3,1,0
17401,4,2,0
17401,5,0,0
17401,5,2,0
17401,6,1,0
17401,6,2,0
17401,7,0,0
17401,7,1,0
17401,7,2,0
17402,1,0,0
17402,2,1,0
17402,3,0,0
17402,3,1,0
17402,4,2,0
17402,5,0,0
17402,5,2,0
17402,6,1,0
17402,6,2,0
17402,7,0,0
17402,7,1,0
17402,7,2,0
17403,1,0,0
17403,2,1,0
17403,3,0,0
17403,3,1,0
17403,4,2,0
17403,5,0,0
17403,5,2,0
17403,6,1,0
17403,6,2,0
17403,7,0,0
17403,7,1,0
17403,7,2,0
17404,1,0,0
17404,2,1,0
17404,3,0,0
17404,3,1,0
17404,4,2,0
17404,5,0,0
17404,5,2,0
17404,6,1,0
17404,6,2,0
17404,7,0,0
17404,7,1,0
17404,7,2,0
17405,1,0,0
17405,2,1,0
17405,3,0,0
17405,3,1,0
17405,4,2,0
17405,5,0,0
17405,5,2,0
17405,6,1,0
17405,6,2,0
17405,7,0,0
17405,7,1,0
17405,7,2,0
17406,1,0,0
17406,2,1,0
17406,3,0,0
17406,3,1,0
17406,4,2,0
17406,5,0,0
17406,5,2,0
17406,6,1,0
17406,6,2,0
17406,7,0,0
17406,7,1,0
17406,7,2,0
17407,1,0,0
17407,2,1,0
17407,3,0,0
17407,3,1,0
17407,4,2,0
17407,5,0,0
17407,5,2,0
17407,6,1,0
17407,6,2,0
17407,7,0,0
17407,7,1,0
17407,7,2,0
17408,1,0,0
17408,2,1,0
17408,3,0,0
17408,3,1,0
17408,4,2,0
17408,5,0,0
17408,5,2,0
17408,6,1,0
17408,6,2,0
17408,7,0,0
17408,7,1,0
17408,7,2,0
17409,1,0,0
17409,2,1,0
17409,3,0,0
17409,3,1,0
17409,4,2,0
17409,5,0,0
17409,5,2,0
17409,6,1,0
17409,6,2,0
17409,7,0,0
17409,7,1,0
17409,7,2,0
17410,1,0,0
17410,2,1,0
17410,3,0,0
17410,3,1,0
17410,4,2,0
17410,5,0,0
17410,5,2,0
17410,6,1,0
17410,6,2,0
17410,7,0,0
17410,7,1,0
17410,7,2,0
17411,1,0,0
17411,2,1,0
17411,3,0,0
17411,3,1,0
17411,4,2,0
17411,5,0,0
17411,5,2,0
17411,6,1,0
17411,6,2,0
17411,7,0,0
17411,7,1,0
17411,7,2,0
17412,1,0,0
17412,2,1,0
17412,3,0,0
17412,3,1,0
17412,4,2,0
17412,5,0,0
17412,5,2,0
17412,6,1,0
17412,6,2,0
17412,7,0,0
17412,7,1,0
17412,7,2,0
17413,1,0,0
17413,2,1,0
17413,3,0,0
17413,3,1,0
17413,4,2,0
17413,5,0,0
17413,5,2,0
17413,6,1,0
17413,6,2,0
17413,7,0,0
17413,7,1,0
17413,7,2,0
17414,1,0,0
17414,2,1,0
17414,3,0,0
17414,3,1,0
17414,4,2,0
17414,5,0,0
17414,5,2,0
17414,6,1,0
17414,6,2,0
17414,7,0,0
17414,7,1,0
17414,7,2,0
17415,1,0,1
17415,2,1,0
17415,3,0,1
17415,3,1,0
17415,4,2,0
17415,5,0,1
17415,5,2,0
17415,6,1,0
17415,6,2,0
17415,7,0,1
17415,7,1,0
17415,7,2,0
17416,1,0,1
17416,2,1,0
17416,3,0,1
17416,3,1,0
17416,4,2,0
17416,5,0,1
17416,5,2,0
17416,6,1,0
17416,6,2,0
17416,7,0,1
17416,7,1,0
17416,7,2,0
17417,1,0,0
17417,2,1,0
17417,3,0,0
17417,3,1,0
17417,4,2,0
17417,5,0,0
17417,5,2,0
17417,6,1,0
17417,6,2,0
17417,7,0,0
17417,7,1,0
17417,7,2,0
17418,1,0,0
17418,2,1,0
17418,3,0,0
17418,3,1,0
17418,4,2,0
17418,5,0,0
17418,5,2,0
17418,6,1,0
17418,6,2,0
17418,7,0,0
17418,7,1,0
17418,7,2,0
17419,1,0,0
17419,2,1,0
17419,3,0,0
17419,3,1,0
17419,4,2,0
17419,5,0,0
17419,5,2,0
17419,6,1,0
17419,6,2,0
17419,7,0,0
17419,7,1,0
17419,7,2,0
17420,1,0,0
17420,2,1,0
17420,3,0,0
17420,3,1,0
17420,4,2,0
17420,5,0,0
17420,5,2,0
17420,6,1,0
17420,6,2,0
17420,7,0,0
17420,7,1,0
17420,7,2,0
17421,1,0,0
17421,2,1,0
17421,3,0,0
17421,3,1,0
17421,4,2,0
17421,5,0,0
17421,5,2,0
17421,6,1,0
17421,6,2,0
17421,7,0,0
17421,7,1,0
17421,7,2,0
17422,1,0,0
17422,2,1,0
17422,3,0,0
17422,3,1,0
17422,4,2,0
17422,5,0,0
17422,5,2,0
17422,6,1,0
17422,6,2,0
17422,7,0,0
17422,7,1,0
17422,7,2,0
17423,1,0,0
17423,2,1,0
17423,3,0,0
17423,3,1,0
17423,4,2,0
17423,5,0,0
17423,5,2,0
17423,6,1,0
17423,6,2,0
17423,7,0,0
17423,7,1,0
17423,7,2,0
17424,1,0,0
17424,2,1,0
17424,3,0,0
17424,3,1,0
17424,4,2,0
17424,5,0,0
17424,5,2,0
17424,6,1,0
17424,6,2,0
17424,7,0,0
17424,7,1,0
17424,7,2,0
17425,1,0,0
17425,2,1,0
17425,3,0,0
17425,3,1,0
17425,4,2,0
17425,5,0,0
17425,5,2,0
17425,6,1,0
17425,6,2,0
17425,7,0,0
17425,7,1,0
17425,7,2,0
17426,1,0,0
17426,2,1,0
17426,3,0,0
17426,3,1,0
17426,4,2,0
17426,5,0,0
17426,5,2,0
17426,6,1,0
17426,6,2,0
17426,7,0,0
17426,7,1,0
17426,7,2,0
17427,1,0,0
17427,2,1,0
17427,3,0,0
17427,3,1,0
17427,4,2,0
17427,5,0,0
17427,5,2,0
17427,6,1,0
17427,6,2,0
17427,7,0,0
17427,7,1,0
17427,7,2,0
17428,1,0,0
17428,2,1,0
17428,3,0,0
17428,3,1,0
17428,4,2,0
17428,5,0,0
17428,5,2,0
17428,6,1,0
17428,6,2,0
17428,7,0,0
17428,7,1,0
17428,7,2,0
17429,1,0,0
17429,2,1,0
17429,3,0,0
17429,3,1,0
17429,4,2,0
17429,5,0,0
17429,5,2,0
17429,6,1,0
17429,6,2,0
17429,7,0,0
17429,7,1,0
17429,7,2,0
17430,1,0,0
17430,2,1,0
17430,3,0,0
17430,3,1,0
17430,4,2,0
17430,5,0,0
17430,5,2,0
17430,6,1,0
17430,6,2,0
17430,7,0,0
17430,7,1,0
17430,7,2,0
17431,1,0,0
17431,2,1,0
17431,3,0,0
17431,3,1,0
17431,4,2,0
17431,5,0,0
17431,5,2,0
17431,6,1,0
17431,6,2,0
17431,7,0,0
17431,7,1,0
17431,7,2,0
17432,1,0,0
17432,2,1,0
17432,3,0,0
17432,3,1,0
17432,4,2,0
17432,5,0,0
17432,5,2,0
17432,6,1,0
17432,6,2,0
17432,7,0,0
17432,7,1,0
17432,7,2,0
17433,1,0,0
17433,2,1,0
17433,3,0,0
17433,3,1,0
17433,4,2,0
17433,5,0,0
17433,5,2,0
17433,6,1,0
17433,6,2,0
17433,7,0,0
17433,7,1,0
17433,7,2,0
17434,1,0,0
17434,2,1,0
17434,3,0,0
17434,3,1,0
17434,4,2,0
17434,5,0,0
17434,5,2,0
17434,6,1,0
17434,6,2,0
17434,7,0,0
17434,7,1,0
17434,7,2,0
17435,1,0,0
17435,2,1,0
17435,3,0,0
17435,3,1,0
17435,4,2,0
17435,5,0,0
17435,5,2,0
17435,6,1,0
17435,6,2,0
17435,7,0,0
17435,7,1,0
17435,7,2,0
17436,1,0,0
17436,2,1,0
17436,3,0,0
17436,3,1,0
17436,4,2,0
17436,5,0,0
17436,5,2,0
17436,6,1,0
17436,6,2,0
17436,7,0,0
17436,7,1,0
17436,7,2,0
17437,1,0,0
17437,2,1,0
17437,3,0,0
17437,3,1,0
17437,4,2,0
17437,5,0,0
17437,5,2,0
17437,6,1,0
17437,6,2,0
17437,7,0,0
17437,7,1,0
17437,7,2,0
17438,1,0,0
17438,2,1,0
17438,3,0,0
17438,3,1,0
17438,4,2,0
17438,5,0,0
17438,5,2,0
17438,6,1,0
17438,6,2,0
17438,7,0,0
17438,7,1,0
17438,7,2,0
17439,1,0,0
17439,2,1,0
17439,3,0,0
17439,3,1,0
17439,4,2,0
17439,5,0,0
17439,5,2,0
17439,6,1,0
17439,6,2,0
17439,7,0,0
17439,7,1,0
17439,7,2,0
17440,1,0,0
17440,2,1,0
17440,3,0,0
17440,3,1,0
17440,4,2,0
17440,5,0,0
17440,5,2,0
17440,6,1,0
17440,6,2,0
17440,7,0,0
17440,7,1,0
17440,7,2,0
17441,1,0,0
17441,2,1,0
17441,3,0,0
17441,3,1,0
17441,4,2,0
17441,5,0,0
17441,5,2,0
17441,6,1,0
17441,6,2,0
17441,7,0,0
17441,7,1,0
17441,7,2,0
17442,1,0,1
17442,2,1,0
17442,3,0,1
17442,3,1,0
17442,4,2,0
17442,5,0,1
17442,5,2,0
17442,6,1,0
17442,6,2,0
17442,7,0,1
17442,7,1,0
17442,7,2,0
17443,1,0,1
17443,2,1,0
17443,3,0,1
17443,3,1,0
17443,4,2,0
17443,5,0,1
17443,5,2,0
17443,6,1,0
17443,6,2,0
17443,7,0,1
17443,7,1,0
17443,7,2,0
17444,1,0,0
17444,2,1,0
17444,3,0,0
17444,3,1,0
17444,4,2,0
17444,5,0,0
17444,5,2,0
17444,6,1,0
17444,6,2,0
17444,7,0,0
17444,7,1,0
17444,7,2,0
17445,1,0,0
17445,2,1,0
17445,3,0,0
17445,3,1,0
17445,4,2,0
17445,5,0,0
17445,5,2,0
17445,6,1,0
17445,6,2,0
17445,7,0,0
17445,7,1,0
17445,7,2,0
17446,1,0,0
17446,2,1,0
17446,3,0,0
17446,3,1,0
17446,4,2,0
17446,5,0,0
17446,5,2,0
17446,6,1,0
17446,6,2,0
17446,7,0,0
17446,7,1,0
17446,7,2,0
17447,1,0,0
17447,2,1,0
17447,3,0,0
17447,3,1,0
17447,4,2,0
17447,5,0,0
17447,5,2,0
17447,6,1,0
17447,6,2,0
17447,7,0,0
17447,7,1,0
17447,7,2,0
17448,1,0,0
17448,2,1,0
17448,3,0,0
17448,3,1,0
17448,4,2,0
17448,5,0,0
17448,5,2,0
17448,6,1,0
17448,6,2,0
17448,7,0,0
17448,7,1,0
17448,7,2,0
17449,1,0,0
17449,2,1,0
17449,3,0,0
17449,3,1,0
17449,4,2,0
17449,5,0,0
17449,5,2,0
17449,6,1,0
17449,6,2,0
17449,7,0,0
17449,7,1,0
17449,7,2,0
17450,1,0,0
17450,2,1,0
17450,3,0,0
17450,3,1,0
17450,4,2,0
17450,5,0,0
17450,5,2,0
17450,6,1,0
17450,6,2,0
17450,7,0,0
17450,7,1,0
17450,7,2,0
17451,1,0,0
17451,2,1,0
17451,3,0,0
17451,3,1,0
17451,4,2,0
17451,5,0,0
17451,5,2,0
17451,6,1,0
17451,6,2,0
17451,7,0,0
17451,7,1,0
17451,7,2,0
17452,1,0,0
17452,2,1,0
17452,3,0,0
17452,3,1,0
17452,4,2,0
17452,5,0,0
17452,5,2,0
17452,6,1,0
17452,6,2,0
17452,7,0,0
17452,7,1,0
17452,7,2,0
17453,1,0,0
17453,2,1,0
17453,3,0,0
17453,3,1,0
17453,4,2,0
17453,5,0,0
17453,5,2,0
17453,6,1,0
17453,6,2,0
17453,7,0,0
17453,7,1,0
17453,7,2,0
17454,1,0,0
17454,2,1,0
17454,3,0,0
17454,3,1,0
17454,4,2,0
17454,5,0,0
17454,5,2,0
17454,6,1,0
17454,6,2,0
17454,7,0,0
17454,7,1,0
17454,7,2,0
17455,1,0,0
17455,2,1,0
17455,3,0,0
17455,3,1,0
17455,4,2,0
17455,5,0,0
17455,5,2,0
17455,6,1,0
17455,6,2,0
17455,7,0,0
17455,7,1,0
17455,7,2,0
17456,1,0,0
17456,2,1,0
17456,3,0,0
17456,3,1,0
17456,4,2,0
17456,5,0,0
17456,5,2,0
17456,6,1,0
17456,6,2,0
17456,7,0,0
17456,7,1,0
17456,7,2,0
17457,1,0,0
17457,2,1,0
17457,3,0,0
17457,3,1,0
17457,4,2,0
17457,5,0,0
17457,5,2,0
17457,6,1,0
17457,6,2,0
17457,7,0,0
17457,7,1,0
17457,7,2,0
17458,1,0,0
17458,2,1,0
17458,3,0,0
17458,3,1,0
17458,4,2,0
17458,5,0,0
17458,5,2,0
17458,6,1,0
17458,6,2,0
17458,7,0,0
17458,7,1,0
17458,7,2,0
17459,1,0,0
17459,2,1,0
17459,3,0,0
17459,3,1,0
17459,4,2,0
17459,5,0,0
17459,5,2,0
17459,6,1,0
17459,6,2,0
17459,7,0,0
17459,7,1,0
17459,7,2,0
17460,1,0,0
17460,2,1,0
17460,3,0,0
17460,3,1,0
17460,4,2,0
17460,5,0,0
17460,5,2,0
17460,6,1,0
17460,6,2,0
17460,7,0,0
17460,7,1,0
17460,7,2,0
17461,1,0,0
17461,2,1,0
17461,3,0,0
17461,3,1,0
17461,4,2,0
17461,5,0,0
17461,5,2,0
17461,6,1,0
17461,6,2,0
17461,7,0,0
17461,7,1,0
17461,7,2,0
17462,1,0,0
17462,2,1,0
17462,3,0,0
17462,3,1,0
17462,4,2,0
17462,5,0,0
17462,5,2,0
17462,6,1,0
17462,6,2,0
17462,7,0,0
17462,7,1,0
17462,7,2,0
17463,1,0,0
17463,2,1,0
17463,3,0,0
17463,3,1,0
17463,4,2,0
17463,5,0,0
17463,5,2,0
17463,6,1,0
17463,6,2,0
17463,7,0,0
17463,7,1,0
17463,7,2,0
17464,1,0,0
17464,2,1,0
17464,3,0,0
17464,3,1,0
17464,4,2,0
17464,5,0,0
17464,5,2,0
17464,6,1,0
17464,6,2,0
17464,7,0,0
17464,7,1,0
17464,7,2,0
17465,1,0,0
17465,2,1,0
17465,3,0,0
17465,3,1,0
17465,4,2,0
17465,5,0,0
17465,5,2,0
17465,6,1,0
17465,6,2,0
17465,7,0,0
17465,7,1,0
17465,7,2,0
17466,1,0,0
17466,2,1,0
17466,3,0,0
17466,3,1,0
17466,4,2,0
17466,5,0,0
17466,5,2,0
17466,6,1,0
17466,6,2,0
17466,7,0,0
17466,7,1,0
17466,7,2,0
17467,1,0,0
17467,2,1,0
17467,3,0,0
17467,3,1,0
17467,4,2,0
17467,5,0,0
17467,5,2,0
17467,6,1,0
17467,6,2,0
17467,7,0,0
17467,7,1,0
17467,7,2,0
17468,1,0,0
17468,2,1,0
17468,3,0,0
17468,3,1,0
17468,4,2,0
17468,5,0,0
17468,5,2,0
17468,6,1,0
17468,6,2,0
17468,7,0,0
17468,7,1,0
17468,7,2,0
17469,1,0,1
17469,2,1,0
17469,3,0,1
17469,3,1,0
17469,4,2,0
17469,5,0,1
17469,5,2,0
17469,6,1,0
17469,6,2,0
17469,7,0,1
17469,7,1,0
17469,7,2,0
17470,1,0,1
17470,2,1,0
17470,3,0,1
17470,3,1,0
17470,4,2,0
17470,5,0,1
17470,5,2,0
17470,6,1,0
17470,6,2,0
17470,7,0,1
17470,7,1,0
17470,7,2,0
17471,1,0,0
17471,2,1,0
17471,3,0,0
17471,3,1,0
17471,4,2,0
17471,5,0,0
17471,5,2,0
17471,6,1,0
17471,6,2,0
17471,7,0,0
17471,7,1,0
17471,7,2,0
17472,1,0,0
17472,2,1,0
17472,3,0,0
17472,3,1,0
17472,4,2,0
17472,5,0,0
17472,5,2,0
17472,6,1,0
17472,6,2,0
17472,7,0,0
17472,7,1,0
17472,7,2,0
17473,1,0,0
17473,2,1,0
17473,3,0,0
17473,3,1,0
17473,4,2,0
17473,5,0,0
17473,5,2,0
17473,6,1,0
17473,6,2,0
17473,7,0,0
17473,7,1,0
17473,7,2,0
17474,1,0,0
17474,2,1,0
17474,3,0,0
17474,3,1,0
17474,4,2,0
17474,5,0,0
17474,5,2,0
17474,6,1,0
17474,6,2,0
17474,7,0,0
17474,7,1,0
17474,7,2,0
17475,1,0,0
17475,2,1,0
17475,3,0,0
17475,3,1,0
17475,4,2,0
17475,5,0,0
17475,5,2,0
17475,6,1,0
17475,6,2,0
17475,7,0,0
17475,7,1,0
17475,7,2,0
17476,1,0,0
17476,2,1,0
17476,3,0,0
17476,3,1,0
17476,4,2,0
17476,5,0,0
17476,5,2,0
17476,6,1,0
17476,6,2,0
17476,7,0,0
17476,7,1,0
17476,7,2,0
17477,1,0,0
17477,2,1,0
17477,3,0,0
17477,3,1,0
17477,4,2,0
17477,5,0,0
17477,5,2,0
17477,6,1,0
17477,6,2,0
17477,7,0,0
17477,7,1,0
17477,7,2,0
17478,1,0,0
17478,2,1,0
17478,3,0,0
17478,3,1,0
17478,4,2,0
17478,5,0,0
17478,5,2,0
17478,6,1,0
17478,6,2,0
17478,7,0,0
17478,7,1,0
17478,7,2,0
17479,1,0,0
17479,2,1,0
17479,3,0,0
17479,3,1,0
17479,4,2,0
17479,5,0,0
17479,5,2,0
17479,6,1,0
17479,6,2,0
17479,7,0,0
17479,7,1,0
17479,7,2,0
17480,1,0,0
17480,2,1,0
17480,3,0,0
17480,3,1,0
17480,4,2,0
17480,5,0,0
17480,5,2,0
17480,6,1,0
17480,6,2,0
17480,7,0,0
17480,7,1,0
17480,7,2,0
17481,1,0,0
17481,2,1,0
17481,3,0,0
17481,3,1,0
17481,4,2,0
17481,5,0,0
17481,5,2,0
17481,6,1,0
17481,6,2,0
17481,7,0,0
17481,7,1,0
17481,7,2,0
17482,1,0,0
17482,2,1,0
17482,3,0,0
17482,3,1,0
17482,4,2,0
17482,5,0,0
17482,5,2,0
17482,6,1,0
17482,6,2,0
17482,7,0,0
17482,7,1,0
17482,7,2,0
17483,1,0,0
17483,2,1,0
17483,3,0,0
17483,3,1,0
17483,4,2,0
17483,5,0,0
17483,5,2,0
17483,6,1,0
17483,6,2,0
17483,7,0,0
17483,7,1,0
17483,7,2,0
17484,1,0,0
17484,2,1,0
17484,3,0,0
17484,3,1,0
17484,4,2,0
17484,5,0,0
17484,5,2,0
17484,6,1,0
17484,6,2,0
17484,7,0,0
17484,7,1,0
17484,7,2,0
17485,1,0,0
17485,2,1,0
17485,3,0,0
17485,3,1,0
17485,4,2,0
17485,5,0,0
17485,5,2,0
17485,6,1,0
17485,6,2,0
17485,7,0,0
17485,7,1,0
17485,7,2,0
17486,1,0,0
17486,2,1,0
17486,3,0,0
17486,3,1,0
17486,4,2,0
17486,5,0,0
17486,5,2,0
17486,6,1,0
17486,6,2,0
17486,7,0,0
17486,7,1,0
17486,7,2,0
17487,1,0,0
17487,2,1,0
17487,3,0,0
17487,3,1,0
17487,4,2,0
17487,5,0,0
17487,5,2,0
17487,6,1,0
17487,6,2,0
17487,7,0,0
17487,7,1,0
17487,7,2,0
17488,1,0,0
17488,2,1,0
17488,3,0,0
17488,3,1,0
17488,4,2,0
17488,5,0,0
17488,5,2,0
17488,6,1,0
17488,6,2,0
17488,7,0,0
17488,7,1,0
17488,7,2,0
17489,1,0,0
17489,2,1,0
17489,3,0,0
17489,3,1,0
17489,4,2,0
17489,5,0,0
17489,5,2,0
17489,6,1,0
17489,6,2,0
17489,7,0,0
17489,7,1,0
17489,7,2,0
17490,1,0,0
17490,2,1,0
17490,3,0,0
17490,3,1,0
17490,4,2,0
17490,5,0,0
17490,5,2,0
17490,6,1,0
17490,6,2,0
17490,7,0,0
17490,7,1,0
17490,7,2,0
17491,1,0,0
17491,2,1,0
17491,3,0,0
17491,3,1,0
17491,4,2,0
17491,5,0,0
17491,5,2,0
17491,6,1,0
17491,6,2,0
17491,7,0,0
17491,7,1,0
17491,7,2,0
17492,1,0,0
17492,2,1,0
17492,3,0,0
17492,3,1,0
17492,4,2,0
17492,5,0,0
17492,5,2,0
17492,6,1,0
17492,6,2,0
17492,7,0,0
17492,7,1,0
17492,7,2,0
17493,1,0,0
17493,2,1,0
17493,3,0,0
17493,3,1,0
17493,4,2,0
17493,5,0,0
17493,5,2,0
17493,6,1,0
17493,6,2,0
17493,7,0,0
17493,7,1,0
17493,7,2,0
17494,1,0,0
17494,2,1,0
17494,3,0,0
17494,3,1,0
17494,4,2,0
17494,5,0,0
17494,5,2,0
17494,6,1,0
17494,6,2,0
17494,7,0,0
17494,7,1,0
17494,7,2,0
17495,1,0,0
17495,2,1,0
17495,3,0,0
17495,3,1,0
17495,4,2,0
17495,5,0,0
17495,5,2,0
17495,6,1,0
17495,6,2,0
17495,7,0,0
17495,7,1,0
17495,7,2,0
17496,1,0,1
17496,2,1,1
17496,3,0,1
17496,3,1,1
17496,4,2,0
17496,5,0,1
17496,5,2,0
17496,6,1,1
17496,6,2,0
17496,7,0,1
17496,7,1,1
17496,7,2,0
17497,1,0,1
17497,2,1,1
17497,3,0,1
17497,3,1,1
17497,4,2,0
17497,5,0,1
17497,5,2,0
17497,6,1,1
17497,6,2,0
17497,7,0,1
17497,7,1,1
17497,7,2,0
17498,1,0,0
17498,2,1,1
17498,3,0,0
17498,3,1,1
17498,4,2,0
17498,5,0,0
17498,5,2,0
17498,6,1,1
17498,6,2,0
17498,7,0,0
17498,7,1,1
17498,7,2,0
17499,1,0,1
17499,2,1,1
17499,3,0,1
17499,3,1,1
17499,4,2,0
17499,5,0,1
17499,5,2,0
17499,6,1,1
17499,6,2,0
17499,7,0,1
17499,7,1,1
17499,7,2,0
17500,1,0,1
17500,2,1,1
17500,3,0,1
17500,3,1,1
17500,4,2,0
17500,5,0,1
17500,5,2,0
17500,6,1,1
17500,6,2,0
17500,7,0,1
17500,7,1,1
17500,7,2,0
17501,1,0,0
17501,2,1,1
17501,3,0,0
17501,3,1,1
17501,4,2,0
17501,5,0,0
17501,5,2,0
17501,6,1,1
17501,6,2,0
17501,7,0,0
17501,7,1,1
17501,7,2,0
17502,1,0,1
17502,2,1,1
17502,3,0,1
17502,3,1,1
17502,4,2,0
17502,5,0,1
17502,5,2,0
17502,6,1,1
17502,6,2,0
17502,7,0,1
17502,7,1,1
17502,7,2,0
17503,1,0,1
17503,2,1,1
17503,3,0,1
17503,3,1,1
17503,4,2,0
17503,5,0,1
17503,5,2,0
17503,6,1,1
17503,6,2,0
17503,7,0,1
17503,7,1,1
17503,7,2,0
17504,1,0,0
17504,2,1,1
17504,3,0,0
17504,3,1,1
17504,4,2,0
17504,5,0,0
17504,5,2,0
17504,6,1,1
17504,6,2,0
17504,7,0,0
17504,7,1,1
17504,7,2,0
17505,1,0,0
17505,2,1,1
17505,3,0,0
17505,3,1,1
17505,4,2,0
17505,5,0,0
17505,5,2,0
17505,6,1,1
17505,6,2,0
17505,7,0,0
17505,7,1,1
17505,7,2,0
17506,1,0,0
17506,2,1,1
17506,3,0,0
17506,3,1,1
17506,4,2,0
17506,5,0,0
17506,5,2,0
17506,6,1,1
17506,6,2,0
17506,7,0,0
17506,7,1,1
17506,7,2,0
17507,1,0,0
17507,2,1,1
17507,3,0,0
17507,3,1,1
17507,4,2,0
17507,5,0,0
17507,5,2,0
17507,6,1,1
17507,6,2,0
17507,7,0,0
17507,7,1,1
17507,7,2,0
17508,1,0,0
17508,2,1,1
17508,3,0,0
17508,3,1,1
17508,4,2,0
17508,5,0,0
17508,5,2,0
17508,6,1,1
17508,6,2,0
17508,7,0,0
17508,7,1,1
17508,7,2,0
17509,1,0,0
17509,2,1,1
17509,3,0,0
17509,3,1,1
17509,4,2,0
17509,5,0,0
17509,5,2,0
17509,6,1,1
17509,6,2,0
17509,7,0,0
17509,7,1,1
17509,7,2,0
17510,1,0,0
17510,2,1,1
17510,3,0,0
17510,3,1,1
17510,4,2,0
17510,5,0,0
17510,5,2,0
17510,6,1,1
17510,6,2,0
17510,7,0,0
17510,7,1,1
17510,7,2,0
17511,1,0,0
17511,2,1,1
17511,3,0,0
17511,3,1,1
17511,4,2,0
17511,5,0,0
17511,5,2,0
17511,6,1,1
17511,6,2,0
17511,7,0,0
17511,7,1,1
17511,7,2,0
17512,1,0,0
17512,2,1,1
17512,3,0,0
17512,3,1,1
17512,4,2,0
17512,5,0,0
17512,5,2,0
17512,6,1,1
17512,6,2,0
17512,7,0,0
17512,7,1,1
17512,7,2,0
17513,1,0,0
17513,2,1,1
17513,3,0,0
17513,3,1,1
17513,4,2,0
17513,5,0,0
17513,5,2,0
17513,6,1,1
17513,6,2,0
17513,7,0,0
17513,7,1,1
17513,7,2,0
17514,1,0,0
17514,2,1,1
17514,3,0,0
17514,3,1,1
17514,4,2,0
17514,5,0,0
17514,5,2,0
17514,6,1,1
17514,6,2,0
17514,7,0,0
17514,7,1,1
17514,7,2,0
17515,1,0,0
17515,2,1,1
17515,3,0,0
17515,3,1,1
17515,4,2,0
17515,5,0,0
17515,5,2,0
17515,6,1,1
17515,6,2,0
17515,7,0,0
17515,7,1,1
17515,7,2,0
17516,1,0,0
17516,2,1,1
17516,3,0,0
17516,3,1,1
17516,4,2,0
17516,5,0,0
17516,5,2,0
17516,6,1,1
17516,6,2,0
17516,7,0,0
17516,7,1,1
17516,7,2,0
17517,1,0,0
17517,2,1,1
17517,3,0,0
17517,3,1,1
17517,4,2,0
17517,5,0,0
17517,5,2,0
17517,6,1,1
17517,6,2,0
17517,7,0,0
17517,7,1,1
17517,7,2,0
17518,1,0,0
17518,2,1,1
17518,3,0,0
17518,3,1,1
17518,4,2,0
17518,5,0,0
17518,5,2,0
17518,6,1,1
17518,6,2,0
17518,7,0,0
17518,7,1,1
17518,7,2,0
17519,1,0,0
17519,2,1,1
17519,3,0,0
17519,3,1,1
17519,4,2,0
17519,5,0,0
17519,5,2,0
17519,6,1,1
17519,6,2,0
17519,7,0,0
17519,7,1,1
17519,7,2,0
17520,1,0,0
17520,2,1,1
17520,3,0,0
17520,3,1,1
17520,4,2,0
17520,5,0,0
17520,5,2,0
17520,6,1,1
17520,6,2,0
17520,7,0,0
17520,7,1,1
17520,7,2,0
17521,1,0,0
17521,2,1,1
17521,3,0,0
17521,3,1,1
17521,4,2,0
17521,5,0,0
17521,5,2,0
17521,6,1,1
17521,6,2,0
17521,7,0,0
17521,7,1,1
17521,7,2,0
17522,1,0,0
17522,2,1,1
17522,3,0,0
17522,3,1,1
17522,4,2,0
17522,5,0,0
17522,5,2,0
17522,6,1,1
17522,6,2,0
17522,7,0,0
17522,7,1,1
17522,7,2,0
17523,1,0,1
17523,2,1,1
17523,3,0,1
17523,3,1,1
17523,4,2,0
17523,5,0,1
17523,5,2,0
17523,6,1,1
17523,6,2,0
17523,7,0,1
17523,7,1,1
17523,7,2,0
17524,1,0,1
17524,2,1,1
17524,3,0,1
17524,3,1,1
17524,4,2,0
17524,5,0,1
17524,5,2,0
17524,6,1,1
17524,6,2,0
17524,7,0,1
17524,7,1,1
17524,7,2,0
17525,1,0,0
17525,2,1,0
17525,3,0,0
17525,3,1,0
17525,4,2,0
17525,5,0,0
17525,5,2,0
17525,6,1,0
17525,6,2,0
17525,7,0,0
17525,7,1,0
17525,7,2,0
17526,1,0,1
17526,2,1,1
17526,3,0,1
17526,3,1,1
17526,4,2,0
17526,5,0,1
17526,5,2,0
17526,6,1,1
17526,6,2,0
17526,7,0,1
17526,7,1,1
17526,7,2,0
17527,1,0,1
17527,2,1,1
17527,3,0,1
17527,3,1,1
17527,4,2,0
17527,5,0,1
17527,5,2,0
17527,6,1,1
17527,6,2,0
17527,7,0,1
17527,7,1,1
17527,7,2,0
17528,1,0,0
17528,2,1,0
17528,3,0,0
17528,3,1,0
17528,4,2,0
17528,5,0,0
17528,5,2,0
17528,6,1,0
17528,6,2,0
17528,7,0,0
17528,7,1,0
17528,7,2,0
17529,1,0,0
17529,2,1,0
17529,3,0,0
17529,3,1,0
17529,4,2,0
17529,5,0,0
17529,5,2,0
17529,6,1,0
17529,6,2,0
17529,7,0,0
17529,7,1,0
17529,7,2,0
17530,1,0,0
17530,2,1,0
17530,3,0,0
17530,3,1,0
17530,4,2,0
17530,5,0,0
17530,5,2,0
17530,6,1,0
17530,6,2,0
17530,7,0,0
17530,7,1,0
17530,7,2,0
17531,1,0,0
17531,2,1,0
17531,3,0,0
17531,3,1,0
17531,4,2,0
17531,5,0,0
17531,5,2,0
17531,6,1,0
17531,6,2,0
17531,7,0,0
17531,7,1,0
17531,7,2,0
17532,1,0,0
17532,2,1,0
17532,3,0,0
17532,3,1,0
17532,4,2,0
17532,5,0,0
17532,5,2,0
17532,6,1,0
17532,6,2,0
17532,7,0,0
17532,7,1,0
17532,7,2,0
17533,1,0,0
17533,2,1,0
17533,3,0,0
17533,3,1,0
17533,4,2,0
17533,5,0,0
17533,5,2,0
17533,6,1,0
17533,6,2,0
17533,7,0,0
17533,7,1,0
17533,7,2,0
17534,1,0,0
17534,2,1,0
17534,3,0,0
17534,3,1,0
17534,4,2,0
17534,5,0,0
17534,5,2,0
17534,6,1,0
17534,6,2,0
17534,7,0,0
17534,7,1,0
17534,7,2,0
17535,1,0,0
17535,2,1,0
17535,3,0,0
17535,3,1,0
17535,4,2,0
17535,5,0,0
17535,5,2,0
17535,6,1,0
17535,6,2,0
17535,7,0,0
17535,7,1,0
17535,7,2,0
17536,1,0,0
17536,2,1,0
17536,3,0,0
17536,3,1,0
17536,4,2,0
17536,5,0,0
17536,5,2,0
17536,6,1,0
17536,6,2,0
17536,7,0,0
17536,7,1,0
17536,7,2,0
17537,1,0,0
17537,2,1,0
17537,3,0,0
17537,3,1,0
17537,4,2,0
17537,5,0,0
17537,5,2,0
17537,6,1,0
17537,6,2,0
17537,7,0,0
17537,7,1,0
17537,7,2,0
17538,1,0,0
17538,2,1,0
17538,3,0,0
17538,3,1,0
17538,4,2,0
17538,5,0,0
17538,5,2,0
17538,6,1,0
17538,6,2,0
17538,7,0,0
17538,7,1,0
17538,7,2,0
17539,1,0,0
17539,2,1,0
17539,3,0,0
17539,3,1,0
17539,4,2,0
17539,5,0,0
17539,5,2,0
17539,6,1,0
17539,6,2,0
17539,7,0,0
17539,7,1,0
17539,7,2,0
17540,1,0,0
17540,2,1,0
17540,3,0,0
17540,3,1,0
17540,4,2,0
17540,5,0,0
17540,5,2,0
17540,6,1,0
17540,6,2,0
17540,7,0,0
17540,7,1,0
17540,7,2,0
17541,1,0,0
17541,2,1,0
17541,3,0,0
17541,3,1,0
17541,4,2,0
17541,5,0,0
17541,5,2,0
17541,6,1,0
17541,6,2,0
17541,7,0,0
17541,7,1,0
17541,7,2,0
17542,1,0,0
17542,2,1,0
17542,3,0,0
17542,3,1,0
17542,4,2,0
17542,5,0,0
17542,5,2,0
17542,6,1,0
17542,6,2,0
17542,7,0,0
17542,7,1,0
17542,7,2,0
17543,1,0,0
17543,2,1,0
17543,3,0,0
17543,3,1,0
17543,4,2,0
17543,5,0,0
17543,5,2,0
17543,6,1,0
17543,6,2,0
17543,7,0,0
17543,7,1,0
17543,7,2,0
17544,1,0,0
17544,2,1,0
17544,3,0,0
17544,3,1,0
17544,4,2,0
17544,5,0,0
17544,5,2,0
17544,6,1,0
17544,6,2,0
17544,7,0,0
17544,7,1,0
17544,7,2,0
17545,1,0,0
17545,2,1,0
17545,3,0,0
17545,3,1,0
17545,4,2,0
17545,5,0,0
17545,5,2,0
17545,6,1,0
17545,6,2,0
17545,7,0,0
17545,7,1,0
17545,7,2,0
17546,1,0,0
17546,2,1,0
17546,3,0,0
17546,3,1,0
17546,4,2,0
17546,5,0,0
17546,5,2,0
17546,6,1,0
17546,6,2,0
17546,7,0,0
17546,7,1,0
17546,7,2,0
17547,1,0,0
17547,2,1,0
17547,3,0,0
17547,3,1,0
17547,4,2,0
17547,5,0,0
17547,5,2,0
17547,6,1,0
17547,6,2,0
17547,7,0,0
17547,7,1,0
17547,7,2,0
17548,1,0,0
17548,2,1,0
17548,3,0,0
17548,3,1,0
17548,4,2,0
17548,5,0,0
17548,5,2,0
17548,6,1,0
17548,6,2,0
17548,7,0,0
17548,7,1,0
17548,7,2,0
17549,1,0,0
17549,2,1,0
17549,3,0,0
17549,3,1,0
17549,4,2,0
17549,5,0,0
17549,5,2,0
17549,6,1,0
17549,6,2,0
17549,7,0,0
17549,7,1,0
17549,7,2,0
17550,1,0,1
17550,2,1,1
17550,3,0,1
17550,3,1,1
17550,4,2,0
17550,5,0,1
17550,5,2,0
17550,6,1,1
17550,6,2,0
17550,7,0,1
17550,7,1,1
17550,7,2,0
17551,1,0,1
17551,2,1,1
17551,3,0,1
17551,3,1,1
17551,4,2,0
17551,5,0,1
17551,5,2,0
17551,6,1,1
17551,6,2,0
17551,7,0,1
17551,7,1,1
17551,7,2,0
17552,1,0,0
17552,2,1,0
17552,3,0,0
17552,3,1,0
17552,4,2,0
17552,5,0,0
17552,5,2,0
17552,6,1,0
17552,6,2,0
17552,7,0,0
17552,7,1,0
17552,7,2,0
17553,1,0,0
17553,2,1,0
17553,3,0,0
17553,3,1,0
17553,4,2,0
17553,5,0,0
17553,5,2,0
17553,6,1,0
17553,6,2,0
17553,7,0,0
17553,7,1,0
17553,7,2,0
17554,1,0,0
17554,2,1,0
17554,3,0,0
17554,3,1,0
17554,4,2,0
17554,5,0,0
17554,5,2,0
17554,6,1,0
17554,6,2,0
17554,7,0,0
17554,7,1,0
17554,7,2,0
17555,1,0,0
17555,2,1,0
17555,3,0,0
17555,3,1,0
17555,4,2,0
17555,5,0,0
17555,5,2,0
17555,6,1,0
17555,6,2,0
17555,7,0,0
17555,7,1,0
17555,7,2,0
17556,1,0,0
17556,2,1,0
17556,3,0,0
17556,3,1,0
17556,4,2,0
17556,5,0,0
17556,5,2,0
17556,6,1,0
17556,6,2,0
17556,7,0,0
17556,7,1,0
17556,7,2,0
17557,1,0,0
17557,2,1,0
17557,3,0,0
17557,3,1,0
17557,4,2,0
17557,5,0,0
17557,5,2,0
17557,6,1,0
17557,6,2,0
17557,7,0,0
17557,7,1,0
17557,7,2,0
17558,1,0,0
17558,2,1,0
17558,3,0,0
17558,3,1,0
17558,4,2,0
17558,5,0,0
17558,5,2,0
17558,6,1,0
17558,6,2,0
17558,7,0,0
17558,7,1,0
17558,7,2,0
17559,1,0,0
17559,2,1,0
17559,3,0,0
17559,3,1,0
17559,4,2,0
17559,5,0,0
17559,5,2,0
17559,6,1,0
17559,6,2,0
17559,7,0,0
17559,7,1,0
17559,7,2,0
17560,1,0,0
17560,2,1,0
17560,3,0,0
17560,3,1,0
17560,4,2,0
17560,5,0,0
17560,5,2,0
17560,6,1,0
17560,6,2,0
17560,7,0,0
17560,7,1,0
17560,7,2,0
17561,1,0,0
17561,2,1,0
17561,3,0,0
17561,3,1,0
17561,4,2,0
17561,5,0,0
17561,5,2,0
17561,6,1,0
17561,6,2,0
17561,7,0,0
17561,7,1,0
17561,7,2,0
17562,1,0,0
17562,2,1,0
17562,3,0,0
17562,3,1,0
17562,4,2,0
17562,5,0,0
17562,5,2,0
17562,6,1,0
17562,6,2,0
17562,7,0,0
17562,7,1,0
17562,7,2,0
17563,1,0,0
17563,2,1,0
17563,3,0,0
17563,3,1,0
17563,4,2,0
17563,5,0,0
17563,5,2,0
17563,6,1,0
17563,6,2,0
17563,7,0,0
17563,7,1,0
17563,7,2,0
17564,1,0,0
17564,2,1,0
17564,3,0,0
17564,3,1,0
17564,4,2,0
17564,5,0,0
17564,5,2,0
17564,6,1,0
17564,6,2,0
17564,7,0,0
17564,7,1,0
17564,7,2,0
17565,1,0,0
17565,2,1,0
17565,3,0,0
17565,3,1,0
17565,4,2,0
17565,5,0,0
17565,5,2,0
17565,6,1,0
17565,6,2,0
17565,7,0,0
17565,7,1,0
17565,7,2,0
17566,1,0,0
17566,2,1,0
17566,3,0,0
17566,3,1,0
17566,4,2,0
17566,5,0,0
17566,5,2,0
17566,6,1,0
17566,6,2,0
17566,7,0,0
17566,7,1,0
17566,7,2,0
17567,1,0,0
17567,2,1,0
17567,3,0,0
17567,3,1,0
17567,4,2,0
17567,5,0,0
17567,5,2,0
17567,6,1,0
17567,6,2,0
17567,7,0,0
17567,7,1,0
17567,7,2,0
17568,1,0,0
17568,2,1,0
17568,3,0,0
17568,3,1,0
17568,4,2,0
17568,5,0,0
17568,5,2,0
17568,6,1,0
17568,6,2,0
17568,7,0,0
17568,7,1,0
17568,7,2,0
17569,1,0,0
17569,2,1,0
17569,3,0,0
17569,3,1,0
17569,4,2,0
17569,5,0,0
17569,5,2,0
17569,6,1,0
17569,6,2,0
17569,7,0,0
17569,7,1,0
17569,7,2,0
17570,1,0,0
17570,2,1,0
17570,3,0,0
17570,3,1,0
17570,4,2,0
17570,5,0,0
17570,5,2,0
17570,6,1,0
17570,6,2,0
17570,7,0,0
17570,7,1,0
17570,7,2,0
17571,1,0,0
17571,2,1,0
17571,3,0,0
17571,3,1,0
17571,4,2,0
17571,5,0,0
17571,5,2,0
17571,6,1,0
17571,6,2,0
17571,7,0,0
17571,7,1,0
17571,7,2,0
17572,1,0,0
17572,2,1,0
17572,3,0,0
17572,3,1,0
17572,4,2,0
17572,5,0,0
17572,5,2,0
17572,6,1,0
17572,6,2,0
17572,7,0,0
17572,7,1,0
17572,7,2,0
17573,1,0,0
17573,2,1,0
17573,3,0,0
17573,3,1,0
17573,4,2,0
17573,5,0,0
17573,5,2,0
17573,6,1,0
17573,6,2,0
17573,7,0,0
17573,7,1,0
17573,7,2,0
17574,1,0,0
17574,2,1,0
17574,3,0,0
17574,3,1,0
17574,4,2,0
17574,5,0,0
17574,5,2,0
17574,6,1,0
17574,6,2,0
17574,7,0,0
17574,7,1,0
17574,7,2,0
17575,1,0,0
17575,2,1,0
17575,3,0,0
17575,3,1,0
17575,4,2,0
17575,5,0,0
17575,5,2,0
17575,6,1,0
17575,6,2,0
17575,7,0,0
17575,7,1,0
17575,7,2,0
17576,1,0,0
17576,2,1,0
17576,3,0,0
17576,3,1,0
17576,4,2,0
17576,5,0,0
17576,5,2,0
17576,6,1,0
17576,6,2,0
17576,7,0,0
17576,7,1,0
17576,7,2,0
17577,1,0,1
17577,2,1,1
17577,3,0,1
17577,3,1,1
17577,4,2,0
17577,5,0,1
17577,5,2,0
17577,6,1,1
17577,6,2,0
17577,7,0,1
17577,7,1,1
17577,7,2,0
17578,1,0,1
17578,2,1,1
17578,3,0,1
17578,3,1,1
17578,4,2,0
17578,5,0,1
17578,5,2,0
17578,6,1,1
17578,6,2,0
17578,7,0,1
17578,7,1,1
17578,7,2,0
17579,1,0,0
17579,2,1,1
17579,3,0,0
17579,3,1,1
17579,4,2,0
17579,5,0,0
17579,5,2,0
17579,6,1,1
17579,6,2,0
17579,7,0,0
17579,7,1,1
17579,7,2,0
17580,1,0,1
17580,2,1,1
17580,3,0,1
17580,3,1,1
17580,4,2,0
17580,5,0,1
17580,5,2,0
17580,6,1,1
17580,6,2,0
17580,7,0,1
17580,7,1,1
17580,7,2,0
17581,1,0,1
17581,2,1,1
17581,3,0,1
17581,3,1,1
17581,4,2,0
17581,5,0,1
17581,5,2,0
17581,6,1,1
17581,6,2,0
17581,7,0,1
17581,7,1,1
17581,7,2,0
17582,1,0,0
17582,2,1,1
17582,3,0,0
17582,3,1,1
17582,4,2,0
17582,5,0,0
17582,5,2,0
17582,6,1,1
17582,6,2,0
17582,7,0,0
17582,7,1,1
17582,7,2,0
17583,1,0,1
17583,2,1,1
17583,3,0,1
17583,3,1,1
17583,4,2,0
17583,5,0,1
17583,5,2,0
17583,6,1,1
17583,6,2,0
17583,7,0,1
17583,7,1,1
17583,7,2,0
17584,1,0,1
17584,2,1,1
17584,3,0,1
17584,3,1,1
17584,4,2,0
17584,5,0,1
17584,5,2,0
17584,6,1,1
17584,6,2,0
17584,7,0,1
17584,7,1,1
17584,7,2,0
17585,1,0,0
17585,2,1,1
17585,3,0,0
17585,3,1,1
17585,4,2,0
17585,5,0,0
17585,5,2,0
17585,6,1,1
17585,6,2,0
17585,7,0,0
17585,7,1,1
17585,7,2,0
17586,1,0,0
17586,2,1,1
17586,3,0,0
17586,3,1,1
17586,4,2,0
17586,5,0,0
17586,5,2,0
17586,6,1,1
17586,6,2,0
17586,7,0,0
17586,7,1,1
17586,7,2,0
17587,1,0,0
17587,2,1,1
17587,3,0,0
17587,3,1,1
17587,4,2,0
17587,5,0,0
17587,5,2,0
17587,6,1,1
17587,6,2,0
17587,7,0,0
17587,7,1,1
17587,7,2,0
17588,1,0,0
17588,2,1,1
17588,3,0,0
17588,3,1,1
17588,4,2,0
17588,5,0,0
17588,5,2,0
17588,6,1,1
17588,6,2,0
17588,7,0,0
17588,7,1,1
17588,7,2,0
17589,1,0,0
17589,2,1,1
17589,3,0,0
17589,3,1,1
17589,4,2,0
17589,5,0,0
17589,5,2,0
17589,6,1,1
17589,6,2,0
17589,7,0,0
17589,7,1,1
17589,7,2,0
17590,1,0,0
17590,2,1,1
17590,3,0,0
17590,3,1,1
17590,4,2,0
17590,5,0,0
17590,5,2,0
17590,6,1,1
17590,6,2,0
17590,7,0,0
17590,7,1,1
17590,7,2,0
17591,1,0,0
17591,2,1,1
17591,3,0,0
17591,3,1,1
17591,4,2,0
17591,5,0,0
17591,5,2,0
17591,6,1,1
17591,6,2,0
17591,7,0,0
17591,7,1,1
17591,7,2,0
17592,1,0,0
17592,2,1,1
17592,3,0,0
17592,3,1,1
17592,4,2,0
17592,5,0,0
17592,5,2,0
17592,6,1,1
17592,6,2,0
17592,7,0,0
17592,7,1,1
17592,7,2,0
17593,1,0,0
17593,2,1,1
17593,3,0,0
17593,3,1,1
17593,4,2,0
17593,5,0,0
17593,5,2,0
17593,6,1,1
17593,6,2,0
17593,7,0,0
17593,7,1,1
17593,7,2,0
17594,1,0,0
17594,2,1,1
17594,3,0,0
17594,3,1,1
17594,4,2,0
17594,5,0,0
17594,5,2,0
17594,6,1,1
17594,6,2,0
17594,7,0,0
17594,7,1,1
17594,7,2,0
17595,1,0,0
17595,2,1,1
17595,3,0,0
17595,3,1,1
17595,4,2,0
17595,5,0,0
17595,5,2,0
17595,6,1,1
17595,6,2,0
17595,7,0,0
17595,7,1,1
17595,7,2,0
17596,1,0,0
17596,2,1,1
17596,3,0,0
17596,3,1,1
17596,4,2,0
17596,5,0,0
17596,5,2,0
17596,6,1,1
17596,6,2,0
17596,7,0,0
17596,7,1,1
17596,7,2,0
17597,1,0,0
17597,2,1,1
17597,3,0,0
17597,3,1,1
17597,4,2,0
17597,5,0,0
17597,5,2,0
17597,6,1,1
17597,6,2,0
17597,7,0,0
17597,7,1,1
17597,7,2,0
17598,1,0,0
17598,2,1,1
17598,3,0,0
17598,3,1,1
17598,4,2,0
17598,5,0,0
17598,5,2,0
17598,6,1,1
17598,6,2,0
17598,7,0,0
17598,7,1,1
17598,7,2,0
17599,1,0,0
17599,2,1,1
17599,3,0,0
17599,3,1,1
17599,4,2,0
17599,5,0,0
17599,5,2,0
17599,6,1,1
17599,6,2,0
17599,7,0,0
17599,7,1,1
17599,7,2,0
17600,1,0,0
17600,2,1,1
17600,3,0,0
17600,3,1,1
17600,4,2,0
17600,5,0,0
17600,5,2,0
17600,6,1,1
17600,6,2,0
17600,7,0,0
17600,7,1,1
17600,7,2,0
17601,1,0,0
17601,2,1,1
17601,3,0,0
17601,3,1,1
17601,4,2,0
17601,5,0,0
17601,5,2,0
17601,6,1,1
17601,6,2,0
17601,7,0,0
17601,7,1,1
17601,7,2,0
17602,1,0,0
17602,2,1,1
17602,3,0,0
17602,3,1,1
17602,4,2,0
17602,5,0,0
17602,5,2,0
17602,6,1,1
17602,6,2,0
17602,7,0,0
17602,7,1,1
17602,7,2,0
17603,1,0,0
17603,2,1,1
17603,3,0,0
17603,3,1,1
17603,4,2,0
17603,5,0,0
17603,5,2,0
17603,6,1,1
17603,6,2,0
17603,7,0,0
17603,7,1,1
17603,7,2,0
17604,1,0,1
17604,2,1,1
17604,3,0,1
17604,3,1,1
17604,4,2,0
17604,5,0,1
17604,5,2,0
17604,6,1,1
17604,6,2,0
17604,7,0,1
17604,7,1,1
17604,7,2,0
17605,1,0,1
17605,2,1,1
17605,3,0,1
17605,3,1,1
17605,4,2,0
17605,5,0,1
17605,5,2,0
17605,6,1,1
17605,6,2,0
17605,7,0,1
17605,7,1,1
17605,7,2,0
17606,1,0,0
17606,2,1,0
17606,3,0,0
17606,3,1,0
17606,4,2,0
17606,5,0,0
17606,5,2,0
17606,6,1,0
17606,6,2,0
17606,7,0,0
17606,7,1,0
17606,7,2,0
17607,1,0,1
17607,2,1,1
17607,3,0,1
17607,3,1,1
17607,4,2,0
17607,5,0,1
17607,5,2,0
17607,6,1,1
17607,6,2,0
17607,7,0,1
17607,7,1,1
17607,7,2,0
17608,1,0,1
17608,2,1,1
17608,3,0,1
17608,3,1,1
17608,4,2,0
17608,5,0,1
17608,5,2,0
17608,6,1,1
17608,6,2,0
17608,7,0,1
17608,7,1,1
17608,7,2,0
17609,1,0,0
17609,2,1,0
17609,3,0,0
17609,3,1,0
17609,4,2,0
17609,5,0,0
17609,5,2,0
17609,6,1,0
17609,6,2,0
17609,7,0,0
17609,7,1,0
17609,7,2,0
17610,1,0,0
17610,2,1,0
17610,3,0,0
17610,3,1,0
17610,4,2,0
17610,5,0,0
17610,5,2,0
17610,6,1,0
17610,6,2,0
17610,7,0,0
17610,7,1,0
17610,7,2,0
17611,1,0,0
17611,2,1,0
17611,3,0,0
17611,3,1,0
17611,4,2,0
17611,5,0,0
17611,5,2,0
17611,6,1,0
17611,6,2,0
17611,7,0,0
17611,7,1,0
17611,7,2,0
17612,1,0,0
17612,2,1,0
17612,3,0,0
17612,3,1,0
17612,4,2,0
17612,5,0,0
17612,5,2,0
17612,6,1,0
17612,6,2,0
17612,7,0,0
17612,7,1,0
17612,7,2,0
17613,1,0,0
17613,2,1,0
17613,3,0,0
17613,3,1,0
17613,4,2,0
17613,5,0,0
17613,5,2,0
17613,6,1,0
17613,6,2,0
17613,7,0,0
17613,7,1,0
17613,7,2,0
17614,1,0,0
17614,2,1,0
17614,3,0,0
17614,3,1,0
17614,4,2,0
17614,5,0,0
17614,5,2,0
17614,6,1,0
17614,6,2,0
17614,7,0,0
17614,7,1,0
17614,7,2,0
17615,1,0,0
17615,2,1,0
17615,3,0,0
17615,3,1,0
17615,4,2,0
17615,5,0,0
17615,5,2,0
17615,6,1,0
17615,6,2,0
17615,7,0,0
17615,7,1,0
17615,7,2,0
17616,1,0,0
17616,2,1,0
17616,3,0,0
17616,3,1,0
17616,4,2,0
17616,5,0,0
17616,5,2,0
17616,6,1,0
17616,6,2,0
17616,7,0,0
17616,7,1,0
17616,7,2,0
17617,1,0,0
17617,2,1,0
17617,3,0,0
17617,3,1,0
17617,4,2,0
17617,5,0,0
17617,5,2,0
17617,6,1,0
17617,6,2,0
17617,7,0,0
17617,7,1,0
17617,7,2,0
17618,1,0,0
17618,2,1,0
17618,3,0,0
17618,3,1,0
17618,4,2,0
17618,5,0,0
17618,5,2,0
17618,6,1,0
17618,6,2,0
17618,7,0,0
17618,7,1,0
17618,7,2,0
17619,1,0,0
17619,2,1,0
17619,3,0,0
17619,3,1,0
17619,4,2,0
17619,5,0,0
17619,5,2,0
17619,6,1,0
17619,6,2,0
17619,7,0,0
17619,7,1,0
17619,7,2,0
17620,1,0,0
17620,2,1,0
17620,3,0,0
17620,3,1,0
17620,4,2,0
17620,5,0,0
17620,5,2,0
17620,6,1,0
17620,6,2,0
17620,7,0,0
17620,7,1,0
17620,7,2,0
17621,1,0,0
17621,2,1,0
17621,3,0,0
17621,3,1,0
17621,4,2,0
17621,5,0,0
17621,5,2,0
17621,6,1,0
17621,6,2,0
17621,7,0,0
17621,7,1,0
17621,7,2,0
17622,1,0,0
17622,2,1,0
17622,3,0,0
17622,3,1,0
17622,4,2,0
17622,5,0,0
17622,5,2,0
17622,6,1,0
17622,6,2,0
17622,7,0,0
17622,7,1,0
17622,7,2,0
17623,1,0,0
17623,2,1,0
17623,3,0,0
17623,3,1,0
17623,4,2,0
17623,5,0,0
17623,5,2,0
17623,6,1,0
17623,6,2,0
17623,7,0,0
17623,7,1,0
17623,7,2,0
17624,1,0,0
17624,2,1,0
17624,3,0,0
17624,3,1,0
17624,4,2,0
17624,5,0,0
17624,5,2,0
17624,6,1,0
17624,6,2,0
17624,7,0,0
17624,7,1,0
17624,7,2,0
17625,1,0,0
17625,2,1,0
17625,3,0,0
17625,3,1,0
17625,4,2,0
17625,5,0,0
17625,5,2,0
17625,6,1,0
17625,6,2,0
17625,7,0,0
17625,7,1,0
17625,7,2,0
17626,1,0,0
17626,2,1,0
17626,3,0,0
17626,3,1,0
17626,4,2,0
17626,5,0,0
17626,5,2,0
17626,6,1,0
17626,6,2,0
17626,7,0,0
17626,7,1,0
17626,7,2,0
17627,1,0,0
17627,2,1,0
17627,3,0,0
17627,3,1,0
17627,4,2,0
17627,5,0,0
17627,5,2,0
17627,6,1,0
17627,6,2,0
17627,7,0,0
17627,7,1,0
17627,7,2,0
17628,1,0,0
17628,2,1,0
17628,3,0,0
17628,3,1,0
17628,4,2,0
17628,5,0,0
17628,5,2,0
17628,6,1,0
17628,6,2,0
17628,7,0,0
17628,7,1,0
17628,7,2,0
17629,1,0,0
17629,2,1,0
17629,3,0,0
17629,3,1,0
17629,4,2,0
17629,5,0,0
17629,5,2,0
17629,6,1,0
17629,6,2,0
17629,7,0,0
17629,7,1,0
17629,7,2,0
17630,1,0,0
17630,2,1,0
17630,3,0,0
17630,3,1,0
17630,4,2,0
17630,5,0,0
17630,5,2,0
17630,6,1,0
17630,6,2,0
17630,7,0,0
17630,7,1,0
17630,7,2,0
17631,1,0,1
17631,2,1,1
17631,3,0,1
17631,3,1,1
17631,4,2,0
17631,5,0,1
17631,5,2,0
17631,6,1,1
17631,6,2,0
17631,7,0,1
17631,7,1,1
17631,7,2,0
17632,1,0,1
17632,2,1,1
17632,3,0,1
17632,3,1,1
17632,4,2,0
17632,5,0,1
17632,5,2,0
17632,6,1,1
17632,6,2,0
17632,7,0,1
17632,7,1,1
17632,7,2,0
17633,1,0,0
17633,2,1,0
17633,3,0,0
17633,3,1,0
17633,4,2,0
17633,5,0,0
17633,5,2,0
17633,6,1,0
17633,6,2,0
17633,7,0,0
17633,7,1,0
17633,7,2,0
17634,1,0,0
17634,2,1,0
17634,3,0,0
17634,3,1,0
17634,4,2,0
17634,5,0,0
17634,5,2,0
17634,6,1,0
17634,6,2,0
17634,7,0,0
17634,7,1,0
17634,7,2,0
17635,1,0,0
17635,2,1,0
17635,3,0,0
17635,3,1,0
17635,4,2,0
17635,5,0,0
17635,5,2,0
17635,6,1,0
17635,6,2,0
17635,7,0,0
17635,7,1,0
17635,7,2,0
17636,1,0,0
17636,2,1,0
17636,3,0,0
17636,3,1,0
17636,4,2,0
17636,5,0,0
17636,5,2,0
17636,6,1,0
17636,6,2,0
17636,7,0,0
17636,7,1,0
17636,7,2,0
17637,1,0,0
17637,2,1,0
17637,3,0,0
17637,3,1,0
17637,4,2,0
17637,5,0,0
17637,5,2,0
17637,6,1,0
17637,6,2,0
17637,7,0,0
17637,7,1,0
17637,7,2,0
17638,1,0,0
17638,2,1,0
17638,3,0,0
17638,3,1,0
17638,4,2,0
17638,5,0,0
17638,5,2,0
17638,6,1,0
17638,6,2,0
17638,7,0,0
17638,7,1,0
17638,7,2,0
17639,1,0,0
17639,2,1,0
17639,3,0,0
17639,3,1,0
17639,4,2,0
17639,5,0,0
17639,5,2,0
17639,6,1,0
17639,6,2,0
17639,7,0,0
17639,7,1,0
17639,7,2,0
17640,1,0,0
17640,2,1,0
17640,3,0,0
17640,3,1,0
17640,4,2,0
17640,5,0,0
17640,5,2,0
17640,6,1,0
17640,6,2,0
17640,7,0,0
17640,7,1,0
17640,7,2,0
17641,1,0,0
17641,2,1,0
17641,3,0,0
17641,3,1,0
17641,4,2,0
17641,5,0,0
17641,5,2,0
17641,6,1,0
17641,6,2,0
17641,7,0,0
17641,7,1,0
17641,7,2,0
17642,1,0,0
17642,2,1,0
17642,3,0,0
17642,3,1,0
17642,4,2,0
17642,5,0,0
17642,5,2,0
17642,6,1,0
17642,6,2,0
17642,7,0,0
17642,7,1,0
17642,7,2,0
17643,1,0,0
17643,2,1,0
17643,3,0,0
17643,3,1,0
17643,4,2,0
17643,5,0,0
17643,5,2,0
17643,6,1,0
17643,6,2,0
17643,7,0,0
17643,7,1,0
17643,7,2,0
17644,1,0,0
17644,2,1,0
17644,3,0,0
17644,3,1,0
17644,4,2,0
17644,5,0,0
17644,5,2,0
17644,6,1,0
17644,6,2,0
17644,7,0,0
17644,7,1,0
17644,7,2,0
17645,1,0,0
17645,2,1,0
17645,3,0,0
17645,3,1,0
17645,4,2,0
17645,5,0,0
17645,5,2,0
17645,6,1,0
17645,6,2,0
17645,7,0,0
17645,7,1,0
17645,7,2,0
17646,1,0,0
17646,2,1,0
17646,3,0,0
17646,3,1,0
17646,4,2,0
17646,5,0,0
17646,5,2,0
17646,6,1,0
17646,6,2,0
17646,7,0,0
17646,7,1,0
17646,7,2,0
17647,1,0,0
17647,2,1,0
17647,3,0,0
17647,3,1,0
17647,4,2,0
17647,5,0,0
17647,5,2,0
17647,6,1,0
17647,6,2,0
17647,7,0,0
17647,7,1,0
17647,7,2,0
17648,1,0,0
17648,2,1,0
17648,3,0,0
17648,3,1,0
17648,4,2,0
17648,5,0,0
17648,5,2,0
17648,6,1,0
17648,6,2,0
17648,7,0,0
17648,7,1,0
17648,7,2,0
17649,1,0,0
17649,2,1,0
17649,3,0,0
17649,3,1,0
17649,4,2,0
17649,5,0,0
17649,5,2,0
17649,6,1,0
17649,6,2,0
17649,7,0,0
17649,7,1,0
17649,7,2,0
17650,1,0,0
17650,2,1,0
17650,3,0,0
17650,3,1,0
17650,4,2,0
17650,5,0,0
17650,5,2,0
17650,6,1,0
17650,6,2,0
17650,7,0,0
17650,7,1,0
17650,7,2,0
17651,1,0,0
17651,2,1,0
17651,3,0,0
17651,3,1,0
17651,4,2,0
17651,5,0,0
17651,5,2,0
17651,6,1,0
17651,6,2,0
17651,7,0,0
17651,7,1,0
17651,7,2,0
17652,1,0,0
17652,2,1,0
17652,3,0,0
17652,3,1,0
17652,4,2,0
17652,5,0,0
17652,5,2,0
17652,6,1,0
17652,6,2,0
17652,7,0,0
17652,7,1,0
17652,7,2,0
17653,1,0,0
17653,2,1,0
17653,3,0,0
17653,3,1,0
17653,4,2,0
17653,5,0,0
17653,5,2,0
17653,6,1,0
17653,6,2,0
17653,7,0,0
17653,7,1,0
17653,7,2,0
17654,1,0,0
17654,2,1,0
17654,3,0,0
17654,3,1,0
17654,4,2,0
17654,5,0,0
17654,5,2,0
17654,6,1,0
17654,6,2,0
17654,7,0,0
17654,7,1,0
17654,7,2,0
17655,1,0,0
17655,2,1,0
17655,3,0,0
17655,3,1,0
17655,4,2,0
17655,5,0,0
17655,5,2,0
17655,6,1,0
17655,6,2,0
17655,7,0,0
17655,7,1,0
17655,7,2,0
17656,1,0,0
17656,2,1,0
17656,3,0,0
17656,3,1,0
17656,4,2,0
17656,5,0,0
17656,5,2,0
17656,6,1,0
17656,6,2,0
17656,7,0,0
17656,7,1,0
17656,7,2,0
17657,1,0,0
17657,2,1,0
17657,3,0,0
17657,3,1,0
17657,4,2,0
17657,5,0,0
17657,5,2,0
17657,6,1,0
17657,6,2,0
17657,7,0,0
17657,7,1,0
17657,7,2,0
17658,1,0,1
17658,2,1,0
17658,3,0,1
17658,3,1,0
17658,4,2,0
17658,5,0,1
17658,5,2,0
17658,6,1,0
17658,6,2,0
17658,7,0,1
17658,7,1,0
17658,7,2,0
17659,1,0,1
17659,2,1,0
17659,3,0,1
17659,3,1,0
17659,4,2,0
17659,5,0,1
17659,5,2,0
17659,6,1,0
17659,6,2,0
17659,7,0,1
17659,7,1,0
17659,7,2,0
17660,1,0,0
17660,2,1,0
17660,3,0,0
17660,3,1,0
17660,4,2,0
17660,5,0,0
17660,5,2,0
17660,6,1,0
17660,6,2,0
17660,7,0,0
17660,7,1,0
17660,7,2,0
17661,1,0,0
17661,2,1,0
17661,3,0,0
17661,3,1,0
17661,4,2,0
17661,5,0,0
17661,5,2,0
17661,6,1,0
17661,6,2,0
17661,7,0,0
17661,7,1,0
17661,7,2,0
17662,1,0,0
17662,2,1,0
17662,3,0,0
17662,3,1,0
17662,4,2,0
17662,5,0,0
17662,5,2,0
17662,6,1,0
17662,6,2,0
17662,7,0,0
17662,7,1,0
17662,7,2,0
17663,1,0,0
17663,2,1,0
17663,3,0,0
17663,3,1,0
17663,4,2,0
17663,5,0,0
17663,5,2,0
17663,6,1,0
17663,6,2,0
17663,7,0,0
17663,7,1,0
17663,7,2,0
17664,1,0,0
17664,2,1,0
17664,3,0,0
17664,3,1,0
17664,4,2,0
17664,5,0,0
17664,5,2,0
17664,6,1,0
17664,6,2,0
17664,7,0,0
17664,7,1,0
17664,7,2,0
17665,1,0,0
17665,2,1,0
17665,3,0,0
17665,3,1,0
17665,4,2,0
17665,5,0,0
17665,5,2,0
17665,6,1,0
17665,6,2,0
17665,7,0,0
17665,7,1,0
17665,7,2,0
17666,1,0,0
17666,2,1,0
17666,3,0,0
17666,3,1,0
17666,4,2,0
17666,5,0,0
17666,5,2,0
17666,6,1,0
17666,6,2,0
17666,7,0,0
17666,7,1,0
17666,7,2,0
17667,1,0,0
17667,2,1,0
17667,3,0,0
17667,3,1,0
17667,4,2,0
17667,5,0,0
17667,5,2,0
17667,6,1,0
17667,6,2,0
17667,7,0,0
17667,7,1,0
17667,7,2,0
17668,1,0,0
17668,2,1,0
17668,3,0,0
17668,3,1,0
17668,4,2,0
17668,5,0,0
17668,5,2,0
17668,6,1,0
17668,6,2,0
17668,7,0,0
17668,7,1,0
17668,7,2,0
17669,1,0,0
17669,2,1,0
17669,3,0,0
17669,3,1,0
17669,4,2,0
17669,5,0,0
17669,5,2,0
17669,6,1,0
17669,6,2,0
17669,7,0,0
17669,7,1,0
17669,7,2,0
17670,1,0,0
17670,2,1,0
17670,3,0,0
17670,3,1,0
17670,4,2,0
17670,5,0,0
17670,5,2,0
17670,6,1,0
17670,6,2,0
17670,7,0,0
17670,7,1,0
17670,7,2,0
17671,1,0,0
17671,2,1,0
17671,3,0,0
17671,3,1,0
17671,4,2,0
17671,5,0,0
17671,5,2,0
17671,6,1,0
17671,6,2,0
17671,7,0,0
17671,7,1,0
17671,7,2,0
17672,1,0,0
17672,2,1,0
17672,3,0,0
17672,3,1,0
17672,4,2,0
17672,5,0,0
17672,5,2,0
17672,6,1,0
17672,6,2,0
17672,7,0,0
17672,7,1,0
17672,7,2,0
17673,1,0,0
17673,2,1,0
17673,3,0,0
17673,3,1,0
17673,4,2,0
17673,5,0,0
17673,5,2,0
17673,6,1,0
17673,6,2,0
17673,7,0,0
17673,7,1,0
17673,7,2,0
17674,1,0,0
17674,2,1,0
17674,3,0,0
17674,3,1,0
17674,4,2,0
17674,5,0,0
17674,5,2,0
17674,6,1,0
17674,6,2,0
17674,7,0,0
17674,7,1,0
17674,7,2,0
17675,1,0,0
17675,2,1,0
17675,3,0,0
17675,3,1,0
17675,4,2,0
17675,5,0,0
17675,5,2,0
17675,6,1,0
17675,6,2,0
17675,7,0,0
17675,7,1,0
17675,7,2,0
17676,1,0,0
17676,2,1,0
17676,3,0,0
17676,3,1,0
17676,4,2,0
17676,5,0,0
17676,5,2,0
17676,6,1,0
17676,6,2,0
17676,7,0,0
17676,7,1,0
17676,7,2,0
17677,1,0,0
17677,2,1,0
17677,3,0,0
17677,3,1,0
17677,4,2,0
17677,5,0,0
17677,5,2,0
17677,6,1,0
17677,6,2,0
17677,7,0,0
17677,7,1,0
17677,7,2,0
17678,1,0,0
17678,2,1,0
17678,3,0,0
17678,3,1,0
17678,4,2,0
17678,5,0,0
17678,5,2,0
17678,6,1,0
17678,6,2,0
17678,7,0,0
17678,7,1,0
17678,7,2,0
17679,1,0,0
17679,2,1,0
17679,3,0,0
17679,3,1,0
17679,4,2,0
17679,5,0,0
17679,5,2,0
17679,6,1,0
17679,6,2,0
17679,7,0,0
17679,7,1,0
17679,7,2,0
17680,1,0,0
17680,2,1,0
17680,3,0,0
17680,3,1,0
17680,4,2,0
17680,5,0,0
17680,5,2,0
17680,6,1,0
17680,6,2,0
17680,7,0,0
17680,7,1,0
17680,7,2,0
17681,1,0,0
17681,2,1,0
17681,3,0,0
17681,3,1,0
17681,4,2,0
17681,5,0,0
17681,5,2,0
17681,6,1,0
17681,6,2,0
17681,7,0,0
17681,7,1,0
17681,7,2,0
17682,1,0,0
17682,2,1,0
17682,3,0,0
17682,3,1,0
17682,4,2,0
17682,5,0,0
17682,5,2,0
17682,6,1,0
17682,6,2,0
17682,7,0,0
17682,7,1,0
17682,7,2,0
17683,1,0,0
17683,2,1,0
17683,3,0,0
17683,3,1,0
17683,4,2,0
17683,5,0,0
17683,5,2,0
17683,6,1,0
17683,6,2,0
17683,7,0,0
17683,7,1,0
17683,7,2,0
17684,1,0,0
17684,2,1,0
17684,3,0,0
17684,3,1,0
17684,4,2,0
17684,5,0,0
17684,5,2,0
17684,6,1,0
17684,6,2,0
17684,7,0,0
17684,7,1,0
17684,7,2,0
17685,1,0,1
17685,2,1,0
17685,3,0,1
17685,3,1,0
17685,4,2,0
17685,5,0,1
17685,5,2,0
17685,6,1,0
17685,6,2,0
17685,7,0,1
17685,7,1,0
17685,7,2,0
17686,1,0,1
17686,2,1,0
17686,3,0,1
17686,3,1,0
17686,4,2,0
17686,5,0,1
17686,5,2,0
17686,6,1,0
17686,6,2,0
17686,7,0,1
17686,7,1,0
17686,7,2,0
17687,1,0,0
17687,2,1,0
17687,3,0,0
17687,3,1,0
17687,4,2,0
17687,5,0,0
17687,5,2,0
17687,6,1,0
17687,6,2,0
17687,7,0,0
17687,7,1,0
17687,7,2,0
17688,1,0,0
17688,2,1,0
17688,3,0,0
17688,3,1,0
17688,4,2,0
17688,5,0,0
17688,5,2,0
17688,6,1,0
17688,6,2,0
17688,7,0,0
17688,7,1,0
17688,7,2,0
17689,1,0,0
17689,2,1,0
17689,3,0,0
17689,3,1,0
17689,4,2,0
17689,5,0,0
17689,5,2,0
17689,6,1,0
17689,6,2,0
17689,7,0,0
17689,7,1,0
17689,7,2,0
17690,1,0,0
17690,2,1,0
17690,3,0,0
17690,3,1,0
17690,4,2,0
17690,5,0,0
17690,5,2,0
17690,6,1,0
17690,6,2,0
17690,7,0,0
17690,7,1,0
17690,7,2,0
17691,1,0,0
17691,2,1,0
17691,3,0,0
17691,3,1,0
17691,4,2,0
17691,5,0,0
17691,5,2,0
17691,6,1,0
17691,6,2,0
17691,7,0,0
17691,7,1,0
17691,7,2,0
17692,1,0,0
17692,2,1,0
17692,3,0,0
17692,3,1,0
17692,4,2,0
17692,5,0,0
17692,5,2,0
17692,6,1,0
17692,6,2,0
17692,7,0,0
17692,7,1,0
17692,7,2,0
17693,1,0,0
17693,2,1,0
17693,3,0,0
17693,3,1,0
17693,4,2,0
17693,5,0,0
17693,5,2,0
17693,6,1,0
17693,6,2,0
17693,7,0,0
17693,7,1,0
17693,7,2,0
17694,1,0,0
17694,2,1,0
17694,3,0,0
17694,3,1,0
17694,4,2,0
17694,5,0,0
17694,5,2,0
17694,6,1,0
17694,6,2,0
17694,7,0,0
17694,7,1,0
17694,7,2,0
17695,1,0,0
17695,2,1,0
17695,3,0,0
17695,3,1,0
17695,4,2,0
17695,5,0,0
17695,5,2,0
17695,6,1,0
17695,6,2,0
17695,7,0,0
17695,7,1,0
17695,7,2,0
17696,1,0,0
17696,2,1,0
17696,3,0,0
17696,3,1,0
17696,4,2,0
17696,5,0,0
17696,5,2,0
17696,6,1,0
17696,6,2,0
17696,7,0,0
17696,7,1,0
17696,7,2,0
17697,1,0,0
17697,2,1,0
17697,3,0,0
17697,3,1,0
17697,4,2,0
17697,5,0,0
17697,5,2,0
17697,6,1,0
17697,6,2,0
17697,7,0,0
17697,7,1,0
17697,7,2,0
17698,1,0,0
17698,2,1,0
17698,3,0,0
17698,3,1,0
17698,4,2,0
17698,5,0,0
17698,5,2,0
17698,6,1,0
17698,6,2,0
17698,7,0,0
17698,7,1,0
17698,7,2,0
17699,1,0,0
17699,2,1,0
17699,3,0,0
17699,3,1,0
17699,4,2,0
17699,5,0,0
17699,5,2,0
17699,6,1,0
17699,6,2,0
17699,7,0,0
17699,7,1,0
17699,7,2,0
17700,1,0,0
17700,2,1,0
17700,3,0,0
17700,3,1,0
17700,4,2,0
17700,5,0,0
17700,5,2,0
17700,6,1,0
17700,6,2,0
17700,7,0,0
17700,7,1,0
17700,7,2,0
17701,1,0,0
17701,2,1,0
17701,3,0,0
17701,3,1,0
17701,4,2,0
17701,5,0,0
17701,5,2,0
17701,6,1,0
17701,6,2,0
17701,7,0,0
17701,7,1,0
17701,7,2,0
17702,1,0,0
17702,2,1,0
17702,3,0,0
17702,3,1,0
17702,4,2,0
17702,5,0,0
17702,5,2,0
17702,6,1,0
17702,6,2,0
17702,7,0,0
17702,7,1,0
17702,7,2,0
17703,1,0,0
17703,2,1,0
17703,3,0,0
17703,3,1,0
17703,4,2,0
17703,5,0,0
17703,5,2,0
17703,6,1,0
17703,6,2,0
17703,7,0,0
17703,7,1,0
17703,7,2,0
17704,1,0,0
17704,2,1,0
17704,3,0,0
17704,3,1,0
17704,4,2,0
17704,5,0,0
17704,5,2,0
17704,6,1,0
17704,6,2,0
17704,7,0,0
17704,7,1,0
17704,7,2,0
17705,1,0,0
17705,2,1,0
17705,3,0,0
17705,3,1,0
17705,4,2,0
17705,5,0,0
17705,5,2,0
17705,6,1,0
17705,6,2,0
17705,7,0,0
17705,7,1,0
17705,7,2,0
17706,1,0,0
17706,2,1,0
17706,3,0,0
17706,3,1,0
17706,4,2,0
17706,5,0,0
17706,5,2,0
17706,6,1,0
17706,6,2,0
17706,7,0,0
17706,7,1,0
17706,7,2,0
17707,1,0,0
17707,2,1,0
17707,3,0,0
17707,3,1,0
17707,4,2,0
17707,5,0,0
17707,5,2,0
17707,6,1,0
17707,6,2,0
17707,7,0,0
17707,7,1,0
17707,7,2,0
17708,1,0,0
17708,2,1,0
17708,3,0,0
17708,3,1,0
17708,4,2,0
17708,5,0,0
17708,5,2,0
17708,6,1,0
17708,6,2,0
17708,7,0,0
17708,7,1,0
17708,7,2,0
17709,1,0,0
17709,2,1,0
17709,3,0,0
17709,3,1,0
17709,4,2,0
17709,5,0,0
17709,5,2,0
17709,6,1,0
17709,6,2,0
17709,7,0,0
17709,7,1,0
17709,7,2,0
17710,1,0,0
17710,2,1,0
17710,3,0,0
17710,3,1,0
17710,4,2,0
17710,5,0,0
17710,5,2,0
17710,6,1,0
17710,6,2,0
17710,7,0,0
17710,7,1,0
17710,7,2,0
17711,1,0,0
17711,2,1,0
17711,3,0,0
17711,3,1,0
17711,4,2,0
17711,5,0,0
17711,5,2,0
17711,6,1,0
17711,6,2,0
17711,7,0,0
17711,7,1,0
17711,7,2,0
17712,1,0,1
17712,2,1,0
17712,3,0,1
17712,3,1,0
17712,4,2,0
17712,5,0,1
17712,5,2,0
17712,6,1,0
17712,6,2,0
17712,7,0,1
17712,7,1,0
17712,7,2,0
17713,1,0,1
17713,2,1,0
17713,3,0,1
17713,3,1,0
17713,4,2,0
17713,5,0,1
17713,5,2,0
17713,6,1,0
17713,6,2,0
17713,7,0,1
17713,7,1,0
17713,7,2,0
17714,1,0,0
17714,2,1,0
17714,3,0,0
17714,3,1,0
17714,4,2,0
17714,5,0,0
17714,5,2,0
17714,6,1,0
17714,6,2,0
17714,7,0,0
17714,7,1,0
17714,7,2,0
17715,1,0,0
17715,2,1,0
17715,3,0,0
17715,3,1,0
17715,4,2,0
17715,5,0,0
17715,5,2,0
17715,6,1,0
17715,6,2,0
17715,7,0,0
17715,7,1,0
17715,7,2,0
17716,1,0,0
17716,2,1,0
17716,3,0,0
17716,3,1,0
17716,4,2,0
17716,5,0,0
17716,5,2,0
17716,6,1,0
17716,6,2,0
17716,7,0,0
17716,7,1,0
17716,7,2,0
17717,1,0,0
17717,2,1,0
17717,3,0,0
17717,3,1,0
17717,4,2,0
17717,5,0,0
17717,5,2,0
17717,6,1,0
17717,6,2,0
17717,7,0,0
17717,7,1,0
17717,7,2,0
17718,1,0,0
17718,2,1,0
17718,3,0,0
17718,3,1,0
17718,4,2,0
17718,5,0,0
17718,5,2,0
17718,6,1,0
17718,6,2,0
17718,7,0,0
17718,7,1,0
17718,7,2,0
17719,1,0,0
17719,2,1,0
17719,3,0,0
17719,3,1,0
17719,4,2,0
17719,5,0,0
17719,5,2,0
17719,6,1,0
17719,6,2,0
17719,7,0,0
17719,7,1,0
17719,7,2,0
17720,1,0,0
17720,2,1,0
17720,3,0,0
17720,3,1,0
17720,4,2,0
17720,5,0,0
17720,5,2,0
17720,6,1,0
17720,6,2,0
17720,7,0,0
17720,7,1,0
17720,7,2,0
17721,1,0,0
17721,2,1,0
17721,3,0,0
17721,3,1,0
17721,4,2,0
17721,5,0,0
17721,5,2,0
17721,6,1,0
17721,6,2,0
17721,7,0,0
17721,7,1,0
17721,7,2,0
17722,1,0,0
17722,2,1,0
17722,3,0,0
17722,3,1,0
17722,4,2,0
17722,5,0,0
17722,5,2,0
17722,6,1,0
17722,6,2,0
17722,7,0,0
17722,7,1,0
17722,7,2,0
17723,1,0,0
17723,2,1,0
17723,3,0,0
17723,3,1,0
17723,4,2,0
17723,5,0,0
17723,5,2,0
17723,6,1,0
17723,6,2,0
17723,7,0,0
17723,7,1,0
17723,7,2,0
17724,1,0,0
17724,2,1,0
17724,3,0,0
17724,3,1,0
17724,4,2,0
17724,5,0,0
17724,5,2,0
17724,6,1,0
17724,6,2,0
17724,7,0,0
17724,7,1,0
17724,7,2,0
17725,1,0,0
17725,2,1,0
17725,3,0,0
17725,3,1,0
17725,4,2,0
17725,5,0,0
17725,5,2,0
17725,6,1,0
17725,6,2,0
17725,7,0,0
17725,7,1,0
17725,7,2,0
17726,1,0,0
17726,2,1,0
17726,3,0,0
17726,3,1,0
17726,4,2,0
17726,5,0,0
17726,5,2,0
17726,6,1,0
17726,6,2,0
17726,7,0,0
17726,7,1,0
17726,7,2,0
17727,1,0,0
17727,2,1,0
17727,3,0,0
17727,3,1,0
17727,4,2,0
17727,5,0,0
17727,5,2,0
17727,6,1,0
17727,6,2,0
17727,7,0,0
17727,7,1,0
17727,7,2,0
17728,1,0,0
17728,2,1,0
17728,3,0,0
17728,3,1,0
17728,4,2,0
17728,5,0,0
17728,5,2,0
17728,6,1,0
17728,6,2,0
17728,7,0,0
17728,7,1,0
17728,7,2,0
17729,1,0,0
17729,2,1,0
17729,3,0,0
17729,3,1,0
17729,4,2,0
17729,5,0,0
17729,5,2,0
17729,6,1,0
17729,6,2,0
17729,7,0,0
17729,7,1,0
17729,7,2,0
17730,1,0,0
17730,2,1,0
17730,3,0,0
17730,3,1,0
17730,4,2,0
17730,5,0,0
17730,5,2,0
17730,6,1,0
17730,6,2,0
17730,7,0,0
17730,7,1,0
17730,7,2,0
17731,1,0,0
17731,2,1,0
17731,3,0,0
17731,3,1,0
17731,4,2,0
17731,5,0,0
17731,5,2,0
17731,6,1,0
17731,6,2,0
17731,7,0,0
17731,7,1,0
17731,7,2,0
17732,1,0,0
17732,2,1,0
17732,3,0,0
17732,3,1,0
17732,4,2,0
17732,5,0,0
17732,5,2,0
17732,6,1,0
17732,6,2,0
17732,7,0,0
17732,7,1,0
17732,7,2,0
17733,1,0,0
17733,2,1,0
17733,3,0,0
17733,3,1,0
17733,4,2,0
17733,5,0,0
17733,5,2,0
17733,6,1,0
17733,6,2,0
17733,7,0,0
17733,7,1,0
17733,7,2,0
17734,1,0,0
17734,2,1,0
17734,3,0,0
17734,3,1,0
17734,4,2,0
17734,5,0,0
17734,5,2,0
17734,6,1,0
17734,6,2,0
17734,7,0,0
17734,7,1,0
17734,7,2,0
17735,1,0,0
17735,2,1,0
17735,3,0,0
17735,3,1,0
17735,4,2,0
17735,5,0,0
17735,5,2,0
17735,6,1,0
17735,6,2,0
17735,7,0,0
17735,7,1,0
17735,7,2,0
17736,1,0,0
17736,2,1,0
17736,3,0,0
17736,3,1,0
17736,4,2,0
17736,5,0,0
17736,5,2,0
17736,6,1,0
17736,6,2,0
17736,7,0,0
17736,7,1,0
17736,7,2,0
17737,1,0,0
17737,2,1,0
17737,3,0,0
17737,3,1,0
17737,4,2,0
17737,5,0,0
17737,5,2,0
17737,6,1,0
17737,6,2,0
17737,7,0,0
17737,7,1,0
17737,7,2,0
17738,1,0,0
17738,2,1,0
17738,3,0,0
17738,3,1,0
17738,4,2,0
17738,5,0,0
17738,5,2,0
17738,6,1,0
17738,6,2,0
17738,7,0,0
17738,7,1,0
17738,7,2,0
17739,1,0,1
17739,2,1,0
17739,3,0,1
17739,3,1,0
17739,4,2,0
17739,5,0,1
17739,5,2,0
17739,6,1,0
17739,6,2,0
17739,7,0,1
17739,7,1,0
17739,7,2,0
17740,1,0,1
17740,2,1,0
17740,3,0,1
17740,3,1,0
17740,4,2,0
17740,5,0,1
17740,5,2,0
17740,6,1,0
17740,6,2,0
17740,7,0,1
17740,7,1,0
17740,7,2,0
17741,1,0,0
17741,2,1,0
17741,3,0,0
17741,3,1,0
17741,4,2,0
17741,5,0,0
17741,5,2,0
17741,6,1,0
17741,6,2,0
17741,7,0,0
17741,7,1,0
17741,7,2,0
17742,1,0,0
17742,2,1,0
17742,3,0,0
17742,3,1,0
17742,4,2,0
17742,5,0,0
17742,5,2,0
17742,6,1,0
17742,6,2,0
17742,7,0,0
17742,7,1,0
17742,7,2,0
17743,1,0,0
17743,2,1,0
17743,3,0,0
17743,3,1,0
17743,4,2,0
17743,5,0,0
17743,5,2,0
17743,6,1,0
17743,6,2,0
17743,7,0,0
17743,7,1,0
17743,7,2,0
17744,1,0,0
17744,2,1,0
17744,3,0,0
17744,3,1,0
17744,4,2,0
17744,5,0,0
17744,5,2,0
17744,6,1,0
17744,6,2,0
17744,7,0,0
17744,7,1,0
17744,7,2,0
17745,1,0,0
17745,2,1,0
17745,3,0,0
17745,3,1,0
17745,4,2,0
17745,5,0,0
17745,5,2,0
17745,6,1,0
17745,6,2,0
17745,7,0,0
17745,7,1,0
17745,7,2,0
17746,1,0,0
17746,2,1,0
17746,3,0,0
17746,3,1,0
17746,4,2,0
17746,5,0,0
17746,5,2,0
17746,6,1,0
17746,6,2,0
17746,7,0,0
17746,7,1,0
17746,7,2,0
17747,1,0,0
17747,2,1,0
17747,3,0,0
17747,3,1,0
17747,4,2,0
17747,5,0,0
17747,5,2,0
17747,6,1,0
17747,6,2,0
17747,7,0,0
17747,7,1,0
17747,7,2,0
17748,1,0,0
17748,2,1,0
17748,3,0,0
17748,3,1,0
17748,4,2,0
17748,5,0,0
17748,5,2,0
17748,6,1,0
17748,6,2,0
17748,7,0,0
17748,7,1,0
17748,7,2,0
17749,1,0,0
17749,2,1,0
17749,3,0,0
17749,3,1,0
17749,4,2,0
17749,5,0,0
17749,5,2,0
17749,6,1,0
17749,6,2,0
17749,7,0,0
17749,7,1,0
17749,7,2,0
17750,1,0,0
17750,2,1,0
17750,3,0,0
17750,3,1,0
17750,4,2,0
17750,5,0,0
17750,5,2,0
17750,6,1,0
17750,6,2,0
17750,7,0,0
17750,7,1,0
17750,7,2,0
17751,1,0,0
17751,2,1,0
17751,3,0,0
17751,3,1,0
17751,4,2,0
17751,5,0,0
17751,5,2,0
17751,6,1,0
17751,6,2,0
17751,7,0,0
17751,7,1,0
17751,7,2,0
17752,1,0,0
17752,2,1,0
17752,3,0,0
17752,3,1,0
17752,4,2,0
17752,5,0,0
17752,5,2,0
17752,6,1,0
17752,6,2,0
17752,7,0,0
17752,7,1,0
17752,7,2,0
17753,1,0,0
17753,2,1,0
17753,3,0,0
17753,3,1,0
17753,4,2,0
17753,5,0,0
17753,5,2,0
17753,6,1,0
17753,6,2,0
17753,7,0,0
17753,7,1,0
17753,7,2,0
17754,1,0,0
17754,2,1,0
17754,3,0,0
17754,3,1,0
17754,4,2,0
17754,5,0,0
17754,5,2,0
17754,6,1,0
17754,6,2,0
17754,7,0,0
17754,7,1,0
17754,7,2,0
17755,1,0,0
17755,2,1,0
17755,3,0,0
17755,3,1,0
17755,4,2,0
17755,5,0,0
17755,5,2,0
17755,6,1,0
17755,6,2,0
17755,7,0,0
17755,7,1,0
17755,7,2,0
17756,1,0,0
17756,2,1,0
17756,3,0,0
17756,3,1,0
17756,4,2,0
17756,5,0,0
17756,5,2,0
17756,6,1,0
17756,6,2,0
17756,7,0,0
17756,7,1,0
17756,7,2,0
17757,1,0,0
17757,2,1,0
17757,3,0,0
17757,3,1,0
17757,4,2,0
17757,5,0,0
17757,5,2,0
17757,6,1,0
17757,6,2,0
17757,7,0,0
17757,7,1,0
17757,7,2,0
17758,1,0,0
17758,2,1,0
17758,3,0,0
17758,3,1,0
17758,4,2,0
17758,5,0,0
17758,5,2,0
17758,6,1,0
17758,6,2,0
17758,7,0,0
17758,7,1,0
17758,7,2,0
17759,1,0,0
17759,2,1,0
17759,3,0,0
17759,3,1,0
17759,4,2,0
17759,5,0,0
17759,5,2,0
17759,6,1,0
17759,6,2,0
17759,7,0,0
17759,7,1,0
17759,7,2,0
17760,1,0,0
17760,2,1,0
17760,3,0,0
17760,3,1,0
17760,4,2,0
17760,5,0,0
17760,5,2,0
17760,6,1,0
17760,6,2,0
17760,7,0,0
17760,7,1,0
17760,7,2,0
17761,1,0,0
17761,2,1,0
17761,3,0,0
17761,3,1,0
17761,4,2,0
17761,5,0,0
17761,5,2,0
17761,6,1,0
17761,6,2,0
17761,7,0,0
17761,7,1,0
17761,7,2,0
17762,1,0,0
17762,2,1,0
17762,3,0,0
17762,3,1,0
17762,4,2,0
17762,5,0,0
17762,5,2,0
17762,6,1,0
17762,6,2,0
17762,7,0,0
17762,7,1,0
17762,7,2,0
17763,1,0,0
17763,2,1,0
17763,3,0,0
17763,3,1,0
17763,4,2,0
17763,5,0,0
17763,5,2,0
17763,6,1,0
17763,6,2,0
17763,7,0,0
17763,7,1,0
17763,7,2,0
17764,1,0,0
17764,2,1,0
17764,3,0,0
17764,3,1,0
17764,4,2,0
17764,5,0,0
17764,5,2,0
17764,6,1,0
17764,6,2,0
17764,7,0,0
17764,7,1,0
17764,7,2,0
17765,1,0,0
17765,2,1,0
17765,3,0,0
17765,3,1,0
17765,4,2,0
17765,5,0,0
17765,5,2,0
17765,6,1,0
17765,6,2,0
17765,7,0,0
17765,7,1,0
17765,7,2,0
17766,1,0,1
17766,2,1,0
17766,3,0,1
17766,3,1,0
17766,4,2,0
17766,5,0,1
17766,5,2,0
17766,6,1,0
17766,6,2,0
17766,7,0,1
17766,7,1,0
17766,7,2,0
17767,1,0,1
17767,2,1,0
17767,3,0,1
17767,3,1,0
17767,4,2,0
17767,5,0,1
17767,5,2,0
17767,6,1,0
17767,6,2,0
17767,7,0,1
17767,7,1,0
17767,7,2,0
17768,1,0,0
17768,2,1,0
17768,3,0,0
17768,3,1,0
17768,4,2,0
17768,5,0,0
17768,5,2,0
17768,6,1,0
17768,6,2,0
17768,7,0,0
17768,7,1,0
17768,7,2,0
17769,1,0,0
17769,2,1,0
17769,3,0,0
17769,3,1,0
17769,4,2,0
17769,5,0,0
17769,5,2,0
17769,6,1,0
17769,6,2,0
17769,7,0,0
17769,7,1,0
17769,7,2,0
17770,1,0,0
17770,2,1,0
17770,3,0,0
17770,3,1,0
17770,4,2,0
17770,5,0,0
17770,5,2,0
17770,6,1,0
17770,6,2,0
17770,7,0,0
17770,7,1,0
17770,7,2,0
17771,1,0,0
17771,2,1,0
17771,3,0,0
17771,3,1,0
17771,4,2,0
17771,5,0,0
17771,5,2,0
17771,6,1,0
17771,6,2,0
17771,7,0,0
17771,7,1,0
17771,7,2,0
17772,1,0,0
17772,2,1,0
17772,3,0,0
17772,3,1,0
17772,4,2,0
17772,5,0,0
17772,5,2,0
17772,6,1,0
17772,6,2,0
17772,7,0,0
17772,7,1,0
17772,7,2,0
17773,1,0,0
17773,2,1,0
17773,3,0,0
17773,3,1,0
17773,4,2,0
17773,5,0,0
17773,5,2,0
17773,6,1,0
17773,6,2,0
17773,7,0,0
17773,7,1,0
17773,7,2,0
17774,1,0,0
17774,2,1,0
17774,3,0,0
17774,3,1,0
17774,4,2,0
17774,5,0,0
17774,5,2,0
17774,6,1,0
17774,6,2,0
17774,7,0,0
17774,7,1,0
17774,7,2,0
17775,1,0,0
17775,2,1,0
17775,3,0,0
17775,3,1,0
17775,4,2,0
17775,5,0,0
17775,5,2,0
17775,6,1,0
17775,6,2,0
17775,7,0,0
17775,7,1,0
17775,7,2,0
17776,1,0,0
17776,2,1,0
17776,3,0,0
17776,3,1,0
17776,4,2,0
17776,5,0,0
17776,5,2,0
17776,6,1,0
17776,6,2,0
17776,7,0,0
17776,7,1,0
17776,7,2,0
17777,1,0,0
17777,2,1,0
17777,3,0,0
17777,3,1,0
17777,4,2,0
17777,5,0,0
17777,5,2,0
17777,6,1,0
17777,6,2,0
17777,7,0,0
17777,7,1,0
17777,7,2,0
17778,1,0,0
17778,2,1,0
17778,3,0,0
17778,3,1,0
17778,4,2,0
17778,5,0,0
17778,5,2,0
17778,6,1,0
17778,6,2,0
17778,7,0,0
17778,7,1,0
17778,7,2,0
17779,1,0,0
17779,2,1,0
17779,3,0,0
17779,3,1,0
17779,4,2,0
17779,5,0,0
17779,5,2,0
17779,6,1,0
17779,6,2,0
17779,7,0,0
17779,7,1,0
17779,7,2,0
17780,1,0,0
17780,2,1,0
17780,3,0,0
17780,3,1,0
17780,4,2,0
17780,5,0,0
17780,5,2,0
17780,6,1,0
17780,6,2,0
17780,7,0,0
17780,7,1,0
17780,7,2,0
17781,1,0,0
17781,2,1,0
17781,3,0,0
17781,3,1,0
17781,4,2,0
17781,5,0,0
17781,5,2,0
17781,6,1,0
17781,6,2,0
17781,7,0,0
17781,7,1,0
17781,7,2,0
17782,1,0,0
17782,2,1,0
17782,3,0,0
17782,3,1,0
17782,4,2,0
17782,5,0,0
17782,5,2,0
17782,6,1,0
17782,6,2,0
17782,7,0,0
17782,7,1,0
17782,7,2,0
17783,1,0,0
17783,2,1,0
17783,3,0,0
17783,3,1,0
17783,4,2,0
17783,5,0,0
17783,5,2,0
17783,6,1,0
17783,6,2,0
17783,7,0,0
17783,7,1,0
17783,7,2,0
17784,1,0,0
17784,2,1,0
17784,3,0,0
17784,3,1,0
17784,4,2,0
17784,5,0,0
17784,5,2,0
17784,6,1,0
17784,6,2,0
17784,7,0,0
17784,7,1,0
17784,7,2,0
17785,1,0,0
17785,2,1,0
17785,3,0,0
17785,3,1,0
17785,4,2,0
17785,5,0,0
17785,5,2,0
17785,6,1,0
17785,6,2,0
17785,7,0,0
17785,7,1,0
17785,7,2,0
17786,1,0,0
17786,2,1,0
17786,3,0,0
17786,3,1,0
17786,4,2,0
17786,5,0,0
17786,5,2,0
17786,6,1,0
17786,6,2,0
17786,7,0,0
17786,7,1,0
17786,7,2,0
17787,1,0,0
17787,2,1,0
17787,3,0,0
17787,3,1,0
17787,4,2,0
17787,5,0,0
17787,5,2,0
17787,6,1,0
17787,6,2,0
17787,7,0,0
17787,7,1,0
17787,7,2,0
17788,1,0,0
17788,2,1,0
17788,3,0,0
17788,3,1,0
17788,4,2,0
17788,5,0,0
17788,5,2,0
17788,6,1,0
17788,6,2,0
17788,7,0,0
17788,7,1,0
17788,7,2,0
17789,1,0,0
17789,2,1,0
17789,3,0,0
17789,3,1,0
17789,4,2,0
17789,5,0,0
17789,5,2,0
17789,6,1,0
17789,6,2,0
17789,7,0,0
17789,7,1,0
17789,7,2,0
17790,1,0,0
17790,2,1,0
17790,3,0,0
17790,3,1,0
17790,4,2,0
17790,5,0,0
17790,5,2,0
17790,6,1,0
17790,6,2,0
17790,7,0,0
17790,7,1,0
17790,7,2,0
17791,1,0,0
17791,2,1,0
17791,3,0,0
17791,3,1,0
17791,4,2,0
17791,5,0,0
17791,5,2,0
17791,6,1,0
17791,6,2,0
17791,7,0,0
17791,7,1,0
17791,7,2,0
17792,1,0,0
17792,2,1,0
17792,3,0,0
17792,3,1,0
17792,4,2,0
17792,5,0,0
17792,5,2,0
17792,6,1,0
17792,6,2,0
17792,7,0,0
17792,7,1,0
17792,7,2,0
17793,1,0,1
17793,2,1,0
17793,3,0,1
17793,3,1,0
17793,4,2,0
17793,5,0,1
17793,5,2,0
17793,6,1,0
17793,6,2,0
17793,7,0,1
17793,7,1,0
17793,7,2,0
17794,1,0,1
17794,2,1,0
17794,3,0,1
17794,3,1,0
17794,4,2,0
17794,5,0,1
17794,5,2,0
17794,6,1,0
17794,6,2,0
17794,7,0,1
17794,7,1,0
17794,7,2,0
17795,1,0,0
17795,2,1,0
17795,3,0,0
17795,3,1,0
17795,4,2,0
17795,5,0,0
17795,5,2,0
17795,6,1,0
17795,6,2,0
17795,7,0,0
17795,7,1,0
17795,7,2,0
17796,1,0,0
17796,2,1,0
17796,3,0,0
17796,3,1,0
17796,4,2,0
17796,5,0,0
17796,5,2,0
17796,6,1,0
17796,6,2,0
17796,7,0,0
17796,7,1,0
17796,7,2,0
17797,1,0,0
17797,2,1,0
17797,3,0,0
17797,3,1,0
17797,4,2,0
17797,5,0,0
17797,5,2,0
17797,6,1,0
17797,6,2,0
17797,7,0,0
17797,7,1,0
17797,7,2,0
17798,1,0,0
17798,2,1,0
17798,3,0,0
17798,3,1,0
17798,4,2,0
17798,5,0,0
17798,5,2,0
17798,6,1,0
17798,6,2,0
17798,7,0,0
17798,7,1,0
17798,7,2,0
17799,1,0,0
17799,2,1,0
17799,3,0,0
17799,3,1,0
17799,4,2,0
17799,5,0,0
17799,5,2,0
17799,6,1,0
17799,6,2,0
17799,7,0,0
17799,7,1,0
17799,7,2,0
17800,1,0,0
17800,2,1,0
17800,3,0,0
17800,3,1,0
17800,4,2,0
17800,5,0,0
17800,5,2,0
17800,6,1,0
17800,6,2,0
17800,7,0,0
17800,7,1,0
17800,7,2,0
17801,1,0,0
17801,2,1,0
17801,3,0,0
17801,3,1,0
17801,4,2,0
17801,5,0,0
17801,5,2,0
17801,6,1,0
17801,6,2,0
17801,7,0,0
17801,7,1,0
17801,7,2,0
17802,1,0,0
17802,2,1,0
17802,3,0,0
17802,3,1,0
17802,4,2,0
17802,5,0,0
17802,5,2,0
17802,6,1,0
17802,6,2,0
17802,7,0,0
17802,7,1,0
17802,7,2,0
17803,1,0,0
17803,2,1,0
17803,3,0,0
17803,3,1,0
17803,4,2,0
17803,5,0,0
17803,5,2,0
17803,6,1,0
17803,6,2,0
17803,7,0,0
17803,7,1,0
17803,7,2,0
17804,1,0,0
17804,2,1,0
17804,3,0,0
17804,3,1,0
17804,4,2,0
17804,5,0,0
17804,5,2,0
17804,6,1,0
17804,6,2,0
17804,7,0,0
17804,7,1,0
17804,7,2,0
17805,1,0,0
17805,2,1,0
17805,3,0,0
17805,3,1,0
17805,4,2,0
17805,5,0,0
17805,5,2,0
17805,6,1,0
17805,6,2,0
17805,7,0,0
17805,7,1,0
17805,7,2,0
17806,1,0,0
17806,2,1,0
17806,3,0,0
17806,3,1,0
17806,4,2,0
17806,5,0,0
17806,5,2,0
17806,6,1,0
17806,6,2,0
17806,7,0,0
17806,7,1,0
17806,7,2,0
17807,1,0,0
17807,2,1,0
17807,3,0,0
17807,3,1,0
17807,4,2,0
17807,5,0,0
17807,5,2,0
17807,6,1,0
17807,6,2,0
17807,7,0,0
17807,7,1,0
17807,7,2,0
17808,1,0,0
17808,2,1,0
17808,3,0,0
17808,3,1,0
17808,4,2,0
17808,5,0,0
17808,5,2,0
17808,6,1,0
17808,6,2,0
17808,7,0,0
17808,7,1,0
17808,7,2,0
17809,1,0,0
17809,2,1,0
17809,3,0,0
17809,3,1,0
17809,4,2,0
17809,5,0,0
17809,5,2,0
17809,6,1,0
17809,6,2,0
17809,7,0,0
17809,7,1,0
17809,7,2,0
17810,1,0,0
17810,2,1,0
17810,3,0,0
17810,3,1,0
17810,4,2,0
17810,5,0,0
17810,5,2,0
17810,6,1,0
17810,6,2,0
17810,7,0,0
17810,7,1,0
17810,7,2,0
17811,1,0,0
17811,2,1,0
17811,3,0,0
17811,3,1,0
17811,4,2,0
17811,5,0,0
17811,5,2,0
17811,6,1,0
17811,6,2,0
17811,7,0,0
17811,7,1,0
17811,7,2,0
17812,1,0,0
17812,2,1,0
17812,3,0,0
17812,3,1,0
17812,4,2,0
17812,5,0,0
17812,5,2,0
17812,6,1,0
17812,6,2,0
17812,7,0,0
17812,7,1,0
17812,7,2,0
17813,1,0,0
17813,2,1,0
17813,3,0,0
17813,3,1,0
17813,4,2,0
17813,5,0,0
17813,5,2,0
17813,6,1,0
17813,6,2,0
17813,7,0,0
17813,7,1,0
17813,7,2,0
17814,1,0,0
17814,2,1,0
17814,3,0,0
17814,3,1,0
17814,4,2,0
17814,5,0,0
17814,5,2,0
17814,6,1,0
17814,6,2,0
17814,7,0,0
17814,7,1,0
17814,7,2,0
17815,1,0,0
17815,2,1,0
17815,3,0,0
17815,3,1,0
17815,4,2,0
17815,5,0,0
17815,5,2,0
17815,6,1,0
17815,6,2,0
17815,7,0,0
17815,7,1,0
17815,7,2,0
17816,1,0,0
17816,2,1,0
17816,3,0,0
17816,3,1,0
17816,4,2,0
17816,5,0,0
17816,5,2,0
17816,6,1,0
17816,6,2,0
17816,7,0,0
17816,7,1,0
17816,7,2,0
17817,1,0,0
17817,2,1,0
17817,3,0,0
17817,3,1,0
17817,4,2,0
17817,5,0,0
17817,5,2,0
17817,6,1,0
17817,6,2,0
17817,7,0,0
17817,7,1,0
17817,7,2,0
17818,1,0,0
17818,2,1,0
17818,3,0,0
17818,3,1,0
17818,4,2,0
17818,5,0,0
17818,5,2,0
17818,6,1,0
17818,6,2,0
17818,7,0,0
17818,7,1,0
17818,7,2,0
17819,1,0,0
17819,2,1,0
17819,3,0,0
17819,3,1,0
17819,4,2,0
17819,5,0,0
17819,5,2,0
17819,6,1,0
17819,6,2,0
17819,7,0,0
17819,7,1,0
17819,7,2,0
17820,1,0,1
17820,2,1,0
17820,3,0,1
17820,3,1,0
17820,4,2,0
17820,5,0,1
17820,5,2,0
17820,6,1,0
17820,6,2,0
17820,7,0,1
17820,7,1,0
17820,7,2,0
17821,1,0,1
17821,2,1,0
17821,3,0,1
17821,3,1,0
17821,4,2,0
17821,5,0,1
17821,5,2,0
17821,6,1,0
17821,6,2,0
17821,7,0,1
17821,7,1,0
17821,7,2,0
17822,1,0,0
17822,2,1,0
17822,3,0,0
17822,3,1,0
17822,4,2,0
17822,5,0,0
17822,5,2,0
17822,6,1,0
17822,6,2,0
17822,7,0,0
17822,7,1,0
17822,7,2,0
17823,1,0,0
17823,2,1,0
17823,3,0,0
17823,3,1,0
17823,4,2,0
17823,5,0,0
17823,5,2,0
17823,6,1,0
17823,6,2,0
17823,7,0,0
17823,7,1,0
17823,7,2,0
17824,1,0,0
17824,2,1,0
17824,3,0,0
17824,3,1,0
17824,4,2,0
17824,5,0,0
17824,5,2,0
17824,6,1,0
17824,6,2,0
17824,7,0,0
17824,7,1,0
17824,7,2,0
17825,1,0,0
17825,2,1,0
17825,3,0,0
17825,3,1,0
17825,4,2,0
17825,5,0,0
17825,5,2,0
17825,6,1,0
17825,6,2,0
17825,7,0,0
17825,7,1,0
17825,7,2,0
17826,1,0,0
17826,2,1,0
17826,3,0,0
17826,3,1,0
17826,4,2,0
17826,5,0,0
17826,5,2,0
17826,6,1,0
17826,6,2,0
17826,7,0,0
17826,7,1,0
17826,7,2,0
17827,1,0,0
17827,2,1,0
17827,3,0,0
17827,3,1,0
17827,4,2,0
17827,5,0,0
17827,5,2,0
17827,6,1,0
17827,6,2,0
17827,7,0,0
17827,7,1,0
17827,7,2,0
17828,1,0,0
17828,2,1,0
17828,3,0,0
17828,3,1,0
17828,4,2,0
17828,5,0,0
17828,5,2,0
17828,6,1,0
17828,6,2,0
17828,7,0,0
17828,7,1,0
17828,7,2,0
17829,1,0,0
17829,2,1,0
17829,3,0,0
17829,3,1,0
17829,4,2,0
17829,5,0,0
17829,5,2,0
17829,6,1,0
17829,6,2,0
17829,7,0,0
17829,7,1,0
17829,7,2,0
17830,1,0,0
17830,2,1,0
17830,3,0,0
17830,3,1,0
17830,4,2,0
17830,5,0,0
17830,5,2,0
17830,6,1,0
17830,6,2,0
17830,7,0,0
17830,7,1,0
17830,7,2,0
17831,1,0,0
17831,2,1,0
17831,3,0,0
17831,3,1,0
17831,4,2,0
17831,5,0,0
17831,5,2,0
17831,6,1,0
17831,6,2,0
17831,7,0,0
17831,7,1,0
17831,7,2,0
17832,1,0,0
17832,2,1,0
17832,3,0,0
17832,3,1,0
17832,4,2,0
17832,5,0,0
17832,5,2,0
17832,6,1,0
17832,6,2,0
17832,7,0,0
17832,7,1,0
17832,7,2,0
17833,1,0,0
17833,2,1,0
17833,3,0,0
17833,3,1,0
17833,4,2,0
17833,5,0,0
17833,5,2,0
17833,6,1,0
17833,6,2,0
17833,7,0,0
17833,7,1,0
17833,7,2,0
17834,1,0,0
17834,2,1,0
17834,3,0,0
17834,3,1,0
17834,4,2,0
17834,5,0,0
17834,5,2,0
17834,6,1,0
17834,6,2,0
17834,7,0,0
17834,7,1,0
17834,7,2,0
17835,1,0,0
17835,2,1,0
17835,3,0,0
17835,3,1,0
17835,4,2,0
17835,5,0,0
17835,5,2,0
17835,6,1,0
17835,6,2,0
17835,7,0,0
17835,7,1,0
17835,7,2,0
17836,1,0,0
17836,2,1,0
17836,3,0,0
17836,3,1,0
17836,4,2,0
17836,5,0,0
17836,5,2,0
17836,6,1,0
17836,6,2,0
17836,7,0,0
17836,7,1,0
17836,7,2,0
17837,1,0,0
17837,2,1,0
17837,3,0,0
17837,3,1,0
17837,4,2,0
17837,5,0,0
17837,5,2,0
17837,6,1,0
17837,6,2,0
17837,7,0,0
17837,7,1,0
17837,7,2,0
17838,1,0,0
17838,2,1,0
17838,3,0,0
17838,3,1,0
17838,4,2,0
17838,5,0,0
17838,5,2,0
17838,6,1,0
17838,6,2,0
17838,7,0,0
17838,7,1,0
17838,7,2,0
17839,1,0,0
17839,2,1,0
17839,3,0,0
17839,3,1,0
17839,4,2,0
17839,5,0,0
17839,5,2,0
17839,6,1,0
17839,6,2,0
17839,7,0,0
17839,7,1,0
17839,7,2,0
17840,1,0,0
17840,2,1,0
17840,3,0,0
17840,3,1,0
17840,4,2,0
17840,5,0,0
17840,5,2,0
17840,6,1,0
17840,6,2,0
17840,7,0,0
17840,7,1,0
17840,7,2,0
17841,1,0,0
17841,2,1,0
17841,3,0,0
17841,3,1,0
17841,4,2,0
17841,5,0,0
17841,5,2,0
17841,6,1,0
17841,6,2,0
17841,7,0,0
17841,7,1,0
17841,7,2,0
17842,1,0,0
17842,2,1,0
17842,3,0,0
17842,3,1,0
17842,4,2,0
17842,5,0,0
17842,5,2,0
17842,6,1,0
17842,6,2,0
17842,7,0,0
17842,7,1,0
17842,7,2,0
17843,1,0,0
17843,2,1,0
17843,3,0,0
17843,3,1,0
17843,4,2,0
17843,5,0,0
17843,5,2,0
17843,6,1,0
17843,6,2,0
17843,7,0,0
17843,7,1,0
17843,7,2,0
17844,1,0,0
17844,2,1,0
17844,3,0,0
17844,3,1,0
17844,4,2,0
17844,5,0,0
17844,5,2,0
17844,6,1,0
17844,6,2,0
17844,7,0,0
17844,7,1,0
17844,7,2,0
17845,1,0,0
17845,2,1,0
17845,3,0,0
17845,3,1,0
17845,4,2,0
17845,5,0,0
17845,5,2,0
17845,6,1,0
17845,6,2,0
17845,7,0,0
17845,7,1,0
17845,7,2,0
17846,1,0,0
17846,2,1,0
17846,3,0,0
17846,3,1,0
17846,4,2,0
17846,5,0,0
17846,5,2,0
17846,6,1,0
17846,6,2,0
17846,7,0,0
17846,7,1,0
17846,7,2,0
17847,1,0,1
17847,2,1,0
17847,3,0,1
17847,3,1,0
17847,4,2,0
17847,5,0,1
17847,5,2,0
17847,6,1,0
17847,6,2,0
17847,7,0,1
17847,7,1,0
17847,7,2,0
17848,1,0,1
17848,2,1,0
17848,3,0,1
17848,3,1,0
17848,4,2,0
17848,5,0,1
17848,5,2,0
17848,6,1,0
17848,6,2,0
17848,7,0,1
17848,7,1,0
17848,7,2,0
17849,1,0,0
17849,2,1,0
17849,3,0,0
17849,3,1,0
17849,4,2,0
17849,5,0,0
17849,5,2,0
17849,6,1,0
17849,6,2,0
17849,7,0,0
17849,7,1,0
17849,7,2,0
17850,1,0,0
17850,2,1,0
17850,3,0,0
17850,3,1,0
17850,4,2,0
17850,5,0,0
17850,5,2,0
17850,6,1,0
17850,6,2,0
17850,7,0,0
17850,7,1,0
17850,7,2,0
17851,1,0,0
17851,2,1,0
17851,3,0,0
17851,3,1,0
17851,4,2,0
17851,5,0,0
17851,5,2,0
17851,6,1,0
17851,6,2,0
17851,7,0,0
17851,7,1,0
17851,7,2,0
17852,1,0,0
17852,2,1,0
17852,3,0,0
17852,3,1,0
17852,4,2,0
17852,5,0,0
17852,5,2,0
17852,6,1,0
17852,6,2,0
17852,7,0,0
17852,7,1,0
17852,7,2,0
17853,1,0,0
17853,2,1,0
17853,3,0,0
17853,3,1,0
17853,4,2,0
17853,5,0,0
17853,5,2,0
17853,6,1,0
17853,6,2,0
17853,7,0,0
17853,7,1,0
17853,7,2,0
17854,1,0,0
17854,2,1,0
17854,3,0,0
17854,3,1,0
17854,4,2,0
17854,5,0,0
17854,5,2,0
17854,6,1,0
17854,6,2,0
17854,7,0,0
17854,7,1,0
17854,7,2,0
17855,1,0,0
17855,2,1,0
17855,3,0,0
17855,3,1,0
17855,4,2,0
17855,5,0,0
17855,5,2,0
17855,6,1,0
17855,6,2,0
17855,7,0,0
17855,7,1,0
17855,7,2,0
17856,1,0,0
17856,2,1,0
17856,3,0,0
17856,3,1,0
17856,4,2,0
17856,5,0,0
17856,5,2,0
17856,6,1,0
17856,6,2,0
17856,7,0,0
17856,7,1,0
17856,7,2,0
17857,1,0,0
17857,2,1,0
17857,3,0,0
17857,3,1,0
17857,4,2,0
17857,5,0,0
17857,5,2,0
17857,6,1,0
17857,6,2,0
17857,7,0,0
17857,7,1,0
17857,7,2,0
17858,1,0,0
17858,2,1,0
17858,3,0,0
17858,3,1,0
17858,4,2,0
17858,5,0,0
17858,5,2,0
17858,6,1,0
17858,6,2,0
17858,7,0,0
17858,7,1,0
17858,7,2,0
17859,1,0,0
17859,2,1,0
17859,3,0,0
17859,3,1,0
17859,4,2,0
17859,5,0,0
17859,5,2,0
17859,6,1,0
17859,6,2,0
17859,7,0,0
17859,7,1,0
17859,7,2,0
17860,1,0,0
17860,2,1,0
17860,3,0,0
17860,3,1,0
17860,4,2,0
17860,5,0,0
17860,5,2,0
17860,6,1,0
17860,6,2,0
17860,7,0,0
17860,7,1,0
17860,7,2,0
17861,1,0,0
17861,2,1,0
17861,3,0,0
17861,3,1,0
17861,4,2,0
17861,5,0,0
17861,5,2,0
17861,6,1,0
17861,6,2,0
17861,7,0,0
17861,7,1,0
17861,7,2,0
17862,1,0,0
17862,2,1,0
17862,3,0,0
17862,3,1,0
17862,4,2,0
17862,5,0,0
17862,5,2,0
17862,6,1,0
17862,6,2,0
17862,7,0,0
17862,7,1,0
17862,7,2,0
17863,1,0,0
17863,2,1,0
17863,3,0,0
17863,3,1,0
17863,4,2,0
17863,5,0,0
17863,5,2,0
17863,6,1,0
17863,6,2,0
17863,7,0,0
17863,7,1,0
17863,7,2,0
17864,1,0,0
17864,2,1,0
17864,3,0,0
17864,3,1,0
17864,4,2,0
17864,5,0,0
17864,5,2,0
17864,6,1,0
17864,6,2,0
17864,7,0,0
17864,7,1,0
17864,7,2,0
17865,1,0,0
17865,2,1,0
17865,3,0,0
17865,3,1,0
17865,4,2,0
17865,5,0,0
17865,5,2,0
17865,6,1,0
17865,6,2,0
17865,7,0,0
17865,7,1,0
17865,7,2,0
17866,1,0,0
17866,2,1,0
17866,3,0,0
17866,3,1,0
17866,4,2,0
17866,5,0,0
17866,5,2,0
17866,6,1,0
17866,6,2,0
17866,7,0,0
17866,7,1,0
17866,7,2,0
17867,1,0,0
17867,2,1,0
17867,3,0,0
17867,3,1,0
17867,4,2,0
17867,5,0,0
17867,5,2,0
17867,6,1,0
17867,6,2,0
17867,7,0,0
17867,7,1,0
17867,7,2,0
17868,1,0,0
17868,2,1,0
17868,3,0,0
17868,3,1,0
17868,4,2,0
17868,5,0,0
17868,5,2,0
17868,6,1,0
17868,6,2,0
17868,7,0,0
17868,7,1,0
17868,7,2,0
17869,1,0,0
17869,2,1,0
17869,3,0,0
17869,3,1,0
17869,4,2,0
17869,5,0,0
17869,5,2,0
17869,6,1,0
17869,6,2,0
17869,7,0,0
17869,7,1,0
17869,7,2,0
17870,1,0,0
17870,2,1,0
17870,3,0,0
17870,3,1,0
17870,4,2,0
17870,5,0,0
17870,5,2,0
17870,6,1,0
17870,6,2,0
17870,7,0,0
17870,7,1,0
17870,7,2,0
17871,1,0,0
17871,2,1,0
17871,3,0,0
17871,3,1,0
17871,4,2,0
17871,5,0,0
17871,5,2,0
17871,6,1,0
17871,6,2,0
17871,7,0,0
17871,7,1,0
17871,7,2,0
17872,1,0,0
17872,2,1,0
17872,3,0,0
17872,3,1,0
17872,4,2,0
17872,5,0,0
17872,5,2,0
17872,6,1,0
17872,6,2,0
17872,7,0,0
17872,7,1,0
17872,7,2,0
17873,1,0,0
17873,2,1,0
17873,3,0,0
17873,3,1,0
17873,4,2,0
17873,5,0,0
17873,5,2,0
17873,6,1,0
17873,6,2,0
17873,7,0,0
17873,7,1,0
17873,7,2,0
17874,1,0,1
17874,2,1,0
17874,3,0,1
17874,3,1,0
17874,4,2,0
17874,5,0,1
17874,5,2,0
17874,6,1,0
17874,6,2,0
17874,7,0,1
17874,7,1,0
17874,7,2,0
17875,1,0,1
17875,2,1,0
17875,3,0,1
17875,3,1,0
17875,4,2,0
17875,5,0,1
17875,5,2,0
17875,6,1,0
17875,6,2,0
17875,7,0,1
17875,7,1,0
17875,7,2,0
17876,1,0,0
17876,2,1,0
17876,3,0,0
17876,3,1,0
17876,4,2,0
17876,5,0,0
17876,5,2,0
17876,6,1,0
17876,6,2,0
17876,7,0,0
17876,7,1,0
17876,7,2,0
17877,1,0,0
17877,2,1,0
17877,3,0,0
17877,3,1,0
17877,4,2,0
17877,5,0,0
17877,5,2,0
17877,6,1,0
17877,6,2,0
17877,7,0,0
17877,7,1,0
17877,7,2,0
17878,1,0,0
17878,2,1,0
17878,3,0,0
17878,3,1,0
17878,4,2,0
17878,5,0,0
17878,5,2,0
17878,6,1,0
17878,6,2,0
17878,7,0,0
17878,7,1,0
17878,7,2,0
17879,1,0,0
17879,2,1,0
17879,3,0,0
17879,3,1,0
17879,4,2,0
17879,5,0,0
17879,5,2,0
17879,6,1,0
17879,6,2,0
17879,7,0,0
17879,7,1,0
17879,7,2,0
17880,1,0,0
17880,2,1,0
17880,3,0,0
17880,3,1,0
17880,4,2,0
17880,5,0,0
17880,5,2,0
17880,6,1,0
17880,6,2,0
17880,7,0,0
17880,7,1,0
17880,7,2,0
17881,1,0,0
17881,2,1,0
17881,3,0,0
17881,3,1,0
17881,4,2,0
17881,5,0,0
17881,5,2,0
17881,6,1,0
17881,6,2,0
17881,7,0,0
17881,7,1,0
17881,7,2,0
17882,1,0,0
17882,2,1,0
17882,3,0,0
17882,3,1,0
17882,4,2,0
17882,5,0,0
17882,5,2,0
17882,6,1,0
17882,6,2,0
17882,7,0,0
17882,7,1,0
17882,7,2,0
17883,1,0,0
17883,2,1,0
17883,3,0,0
17883,3,1,0
17883,4,2,0
17883,5,0,0
17883,5,2,0
17883,6,1,0
17883,6,2,0
17883,7,0,0
17883,7,1,0
17883,7,2,0
17884,1,0,0
17884,2,1,0
17884,3,0,0
17884,3,1,0
17884,4,2,0
17884,5,0,0
17884,5,2,0
17884,6,1,0
17884,6,2,0
17884,7,0,0
17884,7,1,0
17884,7,2,0
17885,1,0,0
17885,2,1,0
17885,3,0,0
17885,3,1,0
17885,4,2,0
17885,5,0,0
17885,5,2,0
17885,6,1,0
17885,6,2,0
17885,7,0,0
17885,7,1,0
17885,7,2,0
17886,1,0,0
17886,2,1,0
17886,3,0,0
17886,3,1,0
17886,4,2,0
17886,5,0,0
17886,5,2,0
17886,6,1,0
17886,6,2,0
17886,7,0,0
17886,7,1,0
17886,7,2,0
17887,1,0,0
17887,2,1,0
17887,3,0,0
17887,3,1,0
17887,4,2,0
17887,5,0,0
17887,5,2,0
17887,6,1,0
17887,6,2,0
17887,7,0,0
17887,7,1,0
17887,7,2,0
17888,1,0,0
17888,2,1,0
17888,3,0,0
17888,3,1,0
17888,4,2,0
17888,5,0,0
17888,5,2,0
17888,6,1,0
17888,6,2,0
17888,7,0,0
17888,7,1,0
17888,7,2,0
17889,1,0,0
17889,2,1,0
17889,3,0,0
17889,3,1,0
17889,4,2,0
17889,5,0,0
17889,5,2,0
17889,6,1,0
17889,6,2,0
17889,7,0,0
17889,7,1,0
17889,7,2,0
17890,1,0,0
17890,2,1,0
17890,3,0,0
17890,3,1,0
17890,4,2,0
17890,5,0,0
17890,5,2,0
17890,6,1,0
17890,6,2,0
17890,7,0,0
17890,7,1,0
17890,7,2,0
17891,1,0,0
17891,2,1,0
17891,3,0,0
17891,3,1,0
17891,4,2,0
17891,5,0,0
17891,5,2,0
17891,6,1,0
17891,6,2,0
17891,7,0,0
17891,7,1,0
17891,7,2,0
17892,1,0,0
17892,2,1,0
17892,3,0,0
17892,3,1,0
17892,4,2,0
17892,5,0,0
17892,5,2,0
17892,6,1,0
17892,6,2,0
17892,7,0,0
17892,7,1,0
17892,7,2,0
17893,1,0,0
17893,2,1,0
17893,3,0,0
17893,3,1,0
17893,4,2,0
17893,5,0,0
17893,5,2,0
17893,6,1,0
17893,6,2,0
17893,7,0,0
17893,7,1,0
17893,7,2,0
17894,1,0,0
17894,2,1,0
17894,3,0,0
17894,3,1,0
17894,4,2,0
17894,5,0,0
17894,5,2,0
17894,6,1,0
17894,6,2,0
17894,7,0,0
17894,7,1,0
17894,7,2,0
17895,1,0,0
17895,2,1,0
17895,3,0,0
17895,3,1,0
17895,4,2,0
17895,5,0,0
17895,5,2,0
17895,6,1,0
17895,6,2,0
17895,7,0,0
17895,7,1,0
17895,7,2,0
17896,1,0,0
17896,2,1,0
17896,3,0,0
17896,3,1,0
17896,4,2,0
17896,5,0,0
17896,5,2,0
17896,6,1,0
17896,6,2,0
17896,7,0,0
17896,7,1,0
17896,7,2,0
17897,1,0,0
17897,2,1,0
17897,3,0,0
17897,3,1,0
17897,4,2,0
17897,5,0,0
17897,5,2,0
17897,6,1,0
17897,6,2,0
17897,7,0,0
17897,7,1,0
17897,7,2,0
17898,1,0,0
17898,2,1,0
17898,3,0,0
17898,3,1,0
17898,4,2,0
17898,5,0,0
17898,5,2,0
17898,6,1,0
17898,6,2,0
17898,7,0,0
17898,7,1,0
17898,7,2,0
17899,1,0,0
17899,2,1,0
17899,3,0,0
17899,3,1,0
17899,4,2,0
17899,5,0,0
17899,5,2,0
17899,6,1,0
17899,6,2,0
17899,7,0,0
17899,7,1,0
17899,7,2,0
17900,1,0,0
17900,2,1,0
17900,3,0,0
17900,3,1,0
17900,4,2,0
17900,5,0,0
17900,5,2,0
17900,6,1,0
17900,6,2,0
17900,7,0,0
17900,7,1,0
17900,7,2,0
17901,1,0,1
17901,2,1,0
17901,3,0,1
17901,3,1,0
17901,4,2,0
17901,5,0,1
17901,5,2,0
17901,6,1,0
17901,6,2,0
17901,7,0,1
17901,7,1,0
17901,7,2,0
17902,1,0,1
17902,2,1,0
17902,3,0,1
17902,3,1,0
17902,4,2,0
17902,5,0,1
17902,5,2,0
17902,6,1,0
17902,6,2,0
17902,7,0,1
17902,7,1,0
17902,7,2,0
17903,1,0,0
17903,2,1,0
17903,3,0,0
17903,3,1,0
17903,4,2,0
17903,5,0,0
17903,5,2,0
17903,6,1,0
17903,6,2,0
17903,7,0,0
17903,7,1,0
17903,7,2,0
17904,1,0,0
17904,2,1,0
17904,3,0,0
17904,3,1,0
17904,4,2,0
17904,5,0,0
17904,5,2,0
17904,6,1,0
17904,6,2,0
17904,7,0,0
17904,7,1,0
17904,7,2,0
17905,1,0,0
17905,2,1,0
17905,3,0,0
17905,3,1,0
17905,4,2,0
17905,5,0,0
17905,5,2,0
17905,6,1,0
17905,6,2,0
17905,7,0,0
17905,7,1,0
17905,7,2,0
17906,1,0,0
17906,2,1,0
17906,3,0,0
17906,3,1,0
17906,4,2,0
17906,5,0,0
17906,5,2,0
17906,6,1,0
17906,6,2,0
17906,7,0,0
17906,7,1,0
17906,7,2,0
17907,1,0,0
17907,2,1,0
17907,3,0,0
17907,3,1,0
17907,4,2,0
17907,5,0,0
17907,5,2,0
17907,6,1,0
17907,6,2,0
17907,7,0,0
17907,7,1,0
17907,7,2,0
17908,1,0,0
17908,2,1,0
17908,3,0,0
17908,3,1,0
17908,4,2,0
17908,5,0,0
17908,5,2,0
17908,6,1,0
17908,6,2,0
17908,7,0,0
17908,7,1,0
17908,7,2,0
17909,1,0,0
17909,2,1,0
17909,3,0,0
17909,3,1,0
17909,4,2,0
17909,5,0,0
17909,5,2,0
17909,6,1,0
17909,6,2,0
17909,7,0,0
17909,7,1,0
17909,7,2,0
17910,1,0,0
17910,2,1,0
17910,3,0,0
17910,3,1,0
17910,4,2,0
17910,5,0,0
17910,5,2,0
17910,6,1,0
17910,6,2,0
17910,7,0,0
17910,7,1,0
17910,7,2,0
17911,1,0,0
17911,2,1,0
17911,3,0,0
17911,3,1,0
17911,4,2,0
17911,5,0,0
17911,5,2,0
17911,6,1,0
17911,6,2,0
17911,7,0,0
17911,7,1,0
17911,7,2,0
17912,1,0,0
17912,2,1,0
17912,3,0,0
17912,3,1,0
17912,4,2,0
17912,5,0,0
17912,5,2,0
17912,6,1,0
17912,6,2,0
17912,7,0,0
17912,7,1,0
17912,7,2,0
17913,1,0,0
17913,2,1,0
17913,3,0,0
17913,3,1,0
17913,4,2,0
17913,5,0,0
17913,5,2,0
17913,6,1,0
17913,6,2,0
17913,7,0,0
17913,7,1,0
17913,7,2,0
17914,1,0,0
17914,2,1,0
17914,3,0,0
17914,3,1,0
17914,4,2,0
17914,5,0,0
17914,5,2,0
17914,6,1,0
17914,6,2,0
17914,7,0,0
17914,7,1,0
17914,7,2,0
17915,1,0,0
17915,2,1,0
17915,3,0,0
17915,3,1,0
17915,4,2,0
17915,5,0,0
17915,5,2,0
17915,6,1,0
17915,6,2,0
17915,7,0,0
17915,7,1,0
17915,7,2,0
17916,1,0,0
17916,2,1,0
17916,3,0,0
17916,3,1,0
17916,4,2,0
17916,5,0,0
17916,5,2,0
17916,6,1,0
17916,6,2,0
17916,7,0,0
17916,7,1,0
17916,7,2,0
17917,1,0,0
17917,2,1,0
17917,3,0,0
17917,3,1,0
17917,4,2,0
17917,5,0,0
17917,5,2,0
17917,6,1,0
17917,6,2,0
17917,7,0,0
17917,7,1,0
17917,7,2,0
17918,1,0,0
17918,2,1,0
17918,3,0,0
17918,3,1,0
17918,4,2,0
17918,5,0,0
17918,5,2,0
17918,6,1,0
17918,6,2,0
17918,7,0,0
17918,7,1,0
17918,7,2,0
17919,1,0,0
17919,2,1,0
17919,3,0,0
17919,3,1,0
17919,4,2,0
17919,5,0,0
17919,5,2,0
17919,6,1,0
17919,6,2,0
17919,7,0,0
17919,7,1,0
17919,7,2,0
17920,1,0,0
17920,2,1,0
17920,3,0,0
17920,3,1,0
17920,4,2,0
17920,5,0,0
17920,5,2,0
17920,6,1,0
17920,6,2,0
17920,7,0,0
17920,7,1,0
17920,7,2,0
17921,1,0,0
17921,2,1,0
17921,3,0,0
17921,3,1,0
17921,4,2,0
17921,5,0,0
17921,5,2,0
17921,6,1,0
17921,6,2,0
17921,7,0,0
17921,7,1,0
17921,7,2,0
17922,1,0,0
17922,2,1,0
17922,3,0,0
17922,3,1,0
17922,4,2,0
17922,5,0,0
17922,5,2,0
17922,6,1,0
17922,6,2,0
17922,7,0,0
17922,7,1,0
17922,7,2,0
17923,1,0,0
17923,2,1,0
17923,3,0,0
17923,3,1,0
17923,4,2,0
17923,5,0,0
17923,5,2,0
17923,6,1,0
17923,6,2,0
17923,7,0,0
17923,7,1,0
17923,7,2,0
17924,1,0,0
17924,2,1,0
17924,3,0,0
17924,3,1,0
17924,4,2,0
17924,5,0,0
17924,5,2,0
17924,6,1,0
17924,6,2,0
17924,7,0,0
17924,7,1,0
17924,7,2,0
17925,1,0,0
17925,2,1,0
17925,3,0,0
17925,3,1,0
17925,4,2,0
17925,5,0,0
17925,5,2,0
17925,6,1,0
17925,6,2,0
17925,7,0,0
17925,7,1,0
17925,7,2,0
17926,1,0,0
17926,2,1,0
17926,3,0,0
17926,3,1,0
17926,4,2,0
17926,5,0,0
17926,5,2,0
17926,6,1,0
17926,6,2,0
17926,7,0,0
17926,7,1,0
17926,7,2,0
17927,1,0,0
17927,2,1,0
17927,3,0,0
17927,3,1,0
17927,4,2,0
17927,5,0,0
17927,5,2,0
17927,6,1,0
17927,6,2,0
17927,7,0,0
17927,7,1,0
17927,7,2,0
17928,1,0,1
17928,2,1,0
17928,3,0,1
17928,3,1,0
17928,4,2,0
17928,5,0,1
17928,5,2,0
17928,6,1,0
17928,6,2,0
17928,7,0,1
17928,7,1,0
17928,7,2,0
17929,1,0,1
17929,2,1,0
17929,3,0,1
17929,3,1,0
17929,4,2,0
17929,5,0,1
17929,5,2,0
17929,6,1,0
17929,6,2,0
17929,7,0,1
17929,7,1,0
17929,7,2,0
17930,1,0,0
17930,2,1,0
17930,3,0,0
17930,3,1,0
17930,4,2,0
17930,5,0,0
17930,5,2,0
17930,6,1,0
17930,6,2,0
17930,7,0,0
17930,7,1,0
17930,7,2,0
17931,1,0,0
17931,2,1,0
17931,3,0,0
17931,3,1,0
17931,4,2,0
17931,5,0,0
17931,5,2,0
17931,6,1,0
17931,6,2,0
17931,7,0,0
17931,7,1,0
17931,7,2,0
17932,1,0,0
17932,2,1,0
17932,3,0,0
17932,3,1,0
17932,4,2,0
17932,5,0,0
17932,5,2,0
17932,6,1,0
17932,6,2,0
17932,7,0,0
17932,7,1,0
17932,7,2,0
17933,1,0,0
17933,2,1,0
17933,3,0,0
17933,3,1,0
17933,4,2,0
17933,5,0,0
17933,5,2,0
17933,6,1,0
17933,6,2,0
17933,7,0,0
17933,7,1,0
17933,7,2,0
17934,1,0,0
17934,2,1,0
17934,3,0,0
17934,3,1,0
17934,4,2,0
17934,5,0,0
17934,5,2,0
17934,6,1,0
17934,6,2,0
17934,7,0,0
17934,7,1,0
17934,7,2,0
17935,1,0,0
17935,2,1,0
17935,3,0,0
17935,3,1,0
17935,4,2,0
17935,5,0,0
17935,5,2,0
17935,6,1,0
17935,6,2,0
17935,7,0,0
17935,7,1,0
17935,7,2,0
17936,1,0,0
17936,2,1,0
17936,3,0,0
17936,3,1,0
17936,4,2,0
17936,5,0,0
17936,5,2,0
17936,6,1,0
17936,6,2,0
17936,7,0,0
17936,7,1,0
17936,7,2,0
17937,1,0,0
17937,2,1,0
17937,3,0,0
17937,3,1,0
17937,4,2,0
17937,5,0,0
17937,5,2,0
17937,6,1,0
17937,6,2,0
17937,7,0,0
17937,7,1,0
17937,7,2,0
17938,1,0,0
17938,2,1,0
17938,3,0,0
17938,3,1,0
17938,4,2,0
17938,5,0,0
17938,5,2,0
17938,6,1,0
17938,6,2,0
17938,7,0,0
17938,7,1,0
17938,7,2,0
17939,1,0,0
17939,2,1,0
17939,3,0,0
17939,3,1,0
17939,4,2,0
17939,5,0,0
17939,5,2,0
17939,6,1,0
17939,6,2,0
17939,7,0,0
17939,7,1,0
17939,7,2,0
17940,1,0,0
17940,2,1,0
17940,3,0,0
17940,3,1,0
17940,4,2,0
17940,5,0,0
17940,5,2,0
17940,6,1,0
17940,6,2,0
17940,7,0,0
17940,7,1,0
17940,7,2,0
17941,1,0,0
17941,2,1,0
17941,3,0,0
17941,3,1,0
17941,4,2,0
17941,5,0,0
17941,5,2,0
17941,6,1,0
17941,6,2,0
17941,7,0,0
17941,7,1,0
17941,7,2,0
17942,1,0,0
17942,2,1,0
17942,3,0,0
17942,3,1,0
17942,4,2,0
17942,5,0,0
17942,5,2,0
17942,6,1,0
17942,6,2,0
17942,7,0,0
17942,7,1,0
17942,7,2,0
17943,1,0,0
17943,2,1,0
17943,3,0,0
17943,3,1,0
17943,4,2,0
17943,5,0,0
17943,5,2,0
17943,6,1,0
17943,6,2,0
17943,7,0,0
17943,7,1,0
17943,7,2,0
17944,1,0,0
17944,2,1,0
17944,3,0,0
17944,3,1,0
17944,4,2,0
17944,5,0,0
17944,5,2,0
17944,6,1,0
17944,6,2,0
17944,7,0,0
17944,7,1,0
17944,7,2,0
17945,1,0,0
17945,2,1,0
17945,3,0,0
17945,3,1,0
17945,4,2,0
17945,5,0,0
17945,5,2,0
17945,6,1,0
17945,6,2,0
17945,7,0,0
17945,7,1,0
17945,7,2,0
17946,1,0,0
17946,2,1,0
17946,3,0,0
17946,3,1,0
17946,4,2,0
17946,5,0,0
17946,5,2,0
17946,6,1,0
17946,6,2,0
17946,7,0,0
17946,7,1,0
17946,7,2,0
17947,1,0,0
17947,2,1,0
17947,3,0,0
17947,3,1,0
17947,4,2,0
17947,5,0,0
17947,5,2,0
17947,6,1,0
17947,6,2,0
17947,7,0,0
17947,7,1,0
17947,7,2,0
17948,1,0,0
17948,2,1,0
17948,3,0,0
17948,3,1,0
17948,4,2,0
17948,5,0,0
17948,5,2,0
17948,6,1,0
17948,6,2,0
17948,7,0,0
17948,7,1,0
17948,7,2,0
17949,1,0,0
17949,2,1,0
17949,3,0,0
17949,3,1,0
17949,4,2,0
17949,5,0,0
17949,5,2,0
17949,6,1,0
17949,6,2,0
17949,7,0,0
17949,7,1,0
17949,7,2,0
17950,1,0,0
17950,2,1,0
17950,3,0,0
17950,3,1,0
17950,4,2,0
17950,5,0,0
17950,5,2,0
17950,6,1,0
17950,6,2,0
17950,7,0,0
17950,7,1,0
17950,7,2,0
17951,1,0,0
17951,2,1,0
17951,3,0,0
17951,3,1,0
17951,4,2,0
17951,5,0,0
17951,5,2,0
17951,6,1,0
17951,6,2,0
17951,7,0,0
17951,7,1,0
17951,7,2,0
17952,1,0,0
17952,2,1,0
17952,3,0,0
17952,3,1,0
17952,4,2,0
17952,5,0,0
17952,5,2,0
17952,6,1,0
17952,6,2,0
17952,7,0,0
17952,7,1,0
17952,7,2,0
17953,1,0,0
17953,2,1,0
17953,3,0,0
17953,3,1,0
17953,4,2,0
17953,5,0,0
17953,5,2,0
17953,6,1,0
17953,6,2,0
17953,7,0,0
17953,7,1,0
17953,7,2,0
17954,1,0,0
17954,2,1,0
17954,3,0,0
17954,3,1,0
17954,4,2,0
17954,5,0,0
17954,5,2,0
17954,6,1,0
17954,6,2,0
17954,7,0,0
17954,7,1,0
17954,7,2,0
17955,1,0,1
17955,2,1,0
17955,3,0,1
17955,3,1,0
17955,4,2,0
17955,5,0,1
17955,5,2,0
17955,6,1,0
17955,6,2,0
17955,7,0,1
17955,7,1,0
17955,7,2,0
17956,1,0,1
17956,2,1,0
17956,3,0,1
17956,3,1,0
17956,4,2,0
17956,5,0,1
17956,5,2,0
17956,6,1,0
17956,6,2,0
17956,7,0,1
17956,7,1,0
17956,7,2,0
17957,1,0,0
17957,2,1,0
17957,3,0,0
17957,3,1,0
17957,4,2,0
17957,5,0,0
17957,5,2,0
17957,6,1,0
17957,6,2,0
17957,7,0,0
17957,7,1,0
17957,7,2,0
17958,1,0,0
17958,2,1,0
17958,3,0,0
17958,3,1,0
17958,4,2,0
17958,5,0,0
17958,5,2,0
17958,6,1,0
17958,6,2,0
17958,7,0,0
17958,7,1,0
17958,7,2,0
17959,1,0,0
17959,2,1,0
17959,3,0,0
17959,3,1,0
17959,4,2,0
17959,5,0,0
17959,5,2,0
17959,6,1,0
17959,6,2,0
17959,7,0,0
17959,7,1,0
17959,7,2,0
17960,1,0,0
17960,2,1,0
17960,3,0,0
17960,3,1,0
17960,4,2,0
17960,5,0,0
17960,5,2,0
17960,6,1,0
17960,6,2,0
17960,7,0,0
17960,7,1,0
17960,7,2,0
17961,1,0,0
17961,2,1,0
17961,3,0,0
17961,3,1,0
17961,4,2,0
17961,5,0,0
17961,5,2,0
17961,6,1,0
17961,6,2,0
17961,7,0,0
17961,7,1,0
17961,7,2,0
17962,1,0,0
17962,2,1,0
17962,3,0,0
17962,3,1,0
17962,4,2,0
17962,5,0,0
17962,5,2,0
17962,6,1,0
17962,6,2,0
17962,7,0,0
17962,7,1,0
17962,7,2,0
17963,1,0,0
17963,2,1,0
17963,3,0,0
17963,3,1,0
17963,4,2,0
17963,5,0,0
17963,5,2,0
17963,6,1,0
17963,6,2,0
17963,7,0,0
17963,7,1,0
17963,7,2,0
17964,1,0,0
17964,2,1,0
17964,3,0,0
17964,3,1,0
17964,4,2,0
17964,5,0,0
17964,5,2,0
17964,6,1,0
17964,6,2,0
17964,7,0,0
17964,7,1,0
17964,7,2,0
17965,1,0,0
17965,2,1,0
17965,3,0,0
17965,3,1,0
17965,4,2,0
17965,5,0,0
17965,5,2,0
17965,6,1,0
17965,6,2,0
17965,7,0,0
17965,7,1,0
17965,7,2,0
17966,1,0,0
17966,2,1,0
17966,3,0,0
17966,3,1,0
17966,4,2,0
17966,5,0,0
17966,5,2,0
17966,6,1,0
17966,6,2,0
17966,7,0,0
17966,7,1,0
17966,7,2,0
17967,1,0,0
17967,2,1,0
17967,3,0,0
17967,3,1,0
17967,4,2,0
17967,5,0,0
17967,5,2,0
17967,6,1,0
17967,6,2,0
17967,7,0,0
17967,7,1,0
17967,7,2,0
17968,1,0,0
17968,2,1,0
17968,3,0,0
17968,3,1,0
17968,4,2,0
17968,5,0,0
17968,5,2,0
17968,6,1,0
17968,6,2,0
17968,7,0,0
17968,7,1,0
17968,7,2,0
17969,1,0,0
17969,2,1,0
17969,3,0,0
17969,3,1,0
17969,4,2,0
17969,5,0,0
17969,5,2,0
17969,6,1,0
17969,6,2,0
17969,7,0,0
17969,7,1,0
17969,7,2,0
17970,1,0,0
17970,2,1,0
17970,3,0,0
17970,3,1,0
17970,4,2,0
17970,5,0,0
17970,5,2,0
17970,6,1,0
17970,6,2,0
17970,7,0,0
17970,7,1,0
17970,7,2,0
17971,1,0,0
17971,2,1,0
17971,3,0,0
17971,3,1,0
17971,4,2,0
17971,5,0,0
17971,5,2,0
17971,6,1,0
17971,6,2,0
17971,7,0,0
17971,7,1,0
17971,7,2,0
17972,1,0,0
17972,2,1,0
17972,3,0,0
17972,3,1,0
17972,4,2,0
17972,5,0,0
17972,5,2,0
17972,6,1,0
17972,6,2,0
17972,7,0,0
17972,7,1,0
17972,7,2,0
17973,1,0,0
17973,2,1,0
17973,3,0,0
17973,3,1,0
17973,4,2,0
17973,5,0,0
17973,5,2,0
17973,6,1,0
17973,6,2,0
17973,7,0,0
17973,7,1,0
17973,7,2,0
17974,1,0,0
17974,2,1,0
17974,3,0,0
17974,3,1,0
17974,4,2,0
17974,5,0,0
17974,5,2,0
17974,6,1,0
17974,6,2,0
17974,7,0,0
17974,7,1,0
17974,7,2,0
17975,1,0,0
17975,2,1,0
17975,3,0,0
17975,3,1,0
17975,4,2,0
17975,5,0,0
17975,5,2,0
17975,6,1,0
17975,6,2,0
17975,7,0,0
17975,7,1,0
17975,7,2,0
17976,1,0,0
17976,2,1,0
17976,3,0,0
17976,3,1,0
17976,4,2,0
17976,5,0,0
17976,5,2,0
17976,6,1,0
17976,6,2,0
17976,7,0,0
17976,7,1,0
17976,7,2,0
17977,1,0,0
17977,2,1,0
17977,3,0,0
17977,3,1,0
17977,4,2,0
17977,5,0,0
17977,5,2,0
17977,6,1,0
17977,6,2,0
17977,7,0,0
17977,7,1,0
17977,7,2,0
17978,1,0,0
17978,2,1,0
17978,3,0,0
17978,3,1,0
17978,4,2,0
17978,5,0,0
17978,5,2,0
17978,6,1,0
17978,6,2,0
17978,7,0,0
17978,7,1,0
17978,7,2,0
17979,1,0,0
17979,2,1,0
17979,3,0,0
17979,3,1,0
17979,4,2,0
17979,5,0,0
17979,5,2,0
17979,6,1,0
17979,6,2,0
17979,7,0,0
17979,7,1,0
17979,7,2,0
17980,1,0,0
17980,2,1,0
17980,3,0,0
17980,3,1,0
17980,4,2,0
17980,5,0,0
17980,5,2,0
17980,6,1,0
17980,6,2,0
17980,7,0,0
17980,7,1,0
17980,7,2,0
17981,1,0,0
17981,2,1,0
17981,3,0,0
17981,3,1,0
17981,4,2,0
17981,5,0,0
17981,5,2,0
17981,6,1,0
17981,6,2,0
17981,7,0,0
17981,7,1,0
17981,7,2,0
17982,1,0,1
17982,2,1,0
17982,3,0,1
17982,3,1,0
17982,4,2,0
17982,5,0,1
17982,5,2,0
17982,6,1,0
17982,6,2,0
17982,7,0,1
17982,7,1,0
17982,7,2,0
17983,1,0,1
17983,2,1,0
17983,3,0,1
17983,3,1,0
17983,4,2,0
17983,5,0,1
17983,5,2,0
17983,6,1,0
17983,6,2,0
17983,7,0,1
17983,7,1,0
17983,7,2,0
17984,1,0,0
17984,2,1,0
17984,3,0,0
17984,3,1,0
17984,4,2,0
17984,5,0,0
17984,5,2,0
17984,6,1,0
17984,6,2,0
17984,7,0,0
17984,7,1,0
17984,7,2,0
17985,1,0,0
17985,2,1,0
17985,3,0,0
17985,3,1,0
17985,4,2,0
17985,5,0,0
17985,5,2,0
17985,6,1,0
17985,6,2,0
17985,7,0,0
17985,7,1,0
17985,7,2,0
17986,1,0,0
17986,2,1,0
17986,3,0,0
17986,3,1,0
17986,4,2,0
17986,5,0,0
17986,5,2,0
17986,6,1,0
17986,6,2,0
17986,7,0,0
17986,7,1,0
17986,7,2,0
17987,1,0,0
17987,2,1,0
17987,3,0,0
17987,3,1,0
17987,4,2,0
17987,5,0,0
17987,5,2,0
17987,6,1,0
17987,6,2,0
17987,7,0,0
17987,7,1,0
17987,7,2,0
17988,1,0,0
17988,2,1,0
17988,3,0,0
17988,3,1,0
17988,4,2,0
17988,5,0,0
17988,5,2,0
17988,6,1,0
17988,6,2,0
17988,7,0,0
17988,7,1,0
17988,7,2,0
17989,1,0,0
17989,2,1,0
17989,3,0,0
17989,3,1,0
17989,4,2,0
17989,5,0,0
17989,5,2,0
17989,6,1,0
17989,6,2,0
17989,7,0,0
17989,7,1,0
17989,7,2,0
17990,1,0,0
17990,2,1,0
17990,3,0,0
17990,3,1,0
17990,4,2,0
17990,5,0,0
17990,5,2,0
17990,6,1,0
17990,6,2,0
17990,7,0,0
17990,7,1,0
17990,7,2,0
17991,1,0,0
17991,2,1,0
17991,3,0,0
17991,3,1,0
17991,4,2,0
17991,5,0,0
17991,5,2,0
17991,6,1,0
17991,6,2,0
17991,7,0,0
17991,7,1,0
17991,7,2,0
17992,1,0,0
17992,2,1,0
17992,3,0,0
17992,3,1,0
17992,4,2,0
17992,5,0,0
17992,5,2,0
17992,6,1,0
17992,6,2,0
17992,7,0,0
17992,7,1,0
17992,7,2,0
17993,1,0,0
17993,2,1,0
17993,3,0,0
17993,3,1,0
17993,4,2,0
17993,5,0,0
17993,5,2,0
17993,6,1,0
17993,6,2,0
17993,7,0,0
17993,7,1,0
17993,7,2,0
17994,1,0,0
17994,2,1,0
17994,3,0,0
17994,3,1,0
17994,4,2,0
17994,5,0,0
17994,5,2,0
17994,6,1,0
17994,6,2,0
17994,7,0,0
17994,7,1,0
17994,7,2,0
17995,1,0,0
17995,2,1,0
17995,3,0,0
17995,3,1,0
17995,4,2,0
17995,5,0,0
17995,5,2,0
17995,6,1,0
17995,6,2,0
17995,7,0,0
17995,7,1,0
17995,7,2,0
17996,1,0,0
17996,2,1,0
17996,3,0,0
17996,3,1,0
17996,4,2,0
17996,5,0,0
17996,5,2,0
17996,6,1,0
17996,6,2,0
17996,7,0,0
17996,7,1,0
17996,7,2,0
17997,1,0,0
17997,2,1,0
17997,3,0,0
17997,3,1,0
17997,4,2,0
17997,5,0,0
17997,5,2,0
17997,6,1,0
17997,6,2,0
17997,7,0,0
17997,7,1,0
17997,7,2,0
17998,1,0,0
17998,2,1,0
17998,3,0,0
17998,3,1,0
17998,4,2,0
17998,5,0,0
17998,5,2,0
17998,6,1,0
17998,6,2,0
17998,7,0,0
17998,7,1,0
17998,7,2,0
17999,1,0,0
17999,2,1,0
17999,3,0,0
17999,3,1,0
17999,4,2,0
17999,5,0,0
17999,5,2,0
17999,6,1,0
17999,6,2,0
17999,7,0,0
17999,7,1,0
17999,7,2,0
