edge_encoding,port_bits,initial,live
4000,1,0,0
4000,2,1,0
4000,3,0,0
4000,3,1,0
4000,4,2,0
4000,5,0,0
4000,5,2,0
4000,6,1,0
4000,6,2,0
4000,7,0,0
4000,7,1,0
4000,7,2,0
4001,1,0,0
4001,2,1,0
4001,3,0,0
4001,3,1,0
4001,4,2,0
4001,5,0,0
4001,5,2,0
4001,6,1,0
4001,6,2,0
4001,7,0,0
4001,7,1,0
4001,7,2,0
4002,1,0,0
4002,2,1,0
4002,3,0,0
4002,3,1,0
4002,4,2,0
4002,5,0,0
4002,5,2,0
4002,6,1,0
4002,6,2,0
4002,7,0,0
4002,7,1,0
4002,7,2,0
4003,1,0,0
4003,2,1,0
4003,3,0,0
4003,3,1,0
4003,4,2,0
4003,5,0,0
4003,5,2,0
4003,6,1,0
4003,6,2,0
4003,7,0,0
4003,7,1,0
4003,7,2,0
4004,1,0,0
4004,2,1,0
4004,3,0,0
4004,3,1,0
4004,4,2,0
4004,5,0,0
4004,5,2,0
4004,6,1,0
4004,6,2,0
4004,7,0,0
4004,7,1,0
4004,7,2,0
4005,1,0,0
4005,2,1,0
4005,3,0,0
4005,3,1,0
4005,4,2,0
4005,5,0,0
4005,5,2,0
4005,6,1,0
4005,6,2,0
4005,7,0,0
4005,7,1,0
4005,7,2,0
4006,1,0,0
4006,2,1,0
4006,3,0,0
4006,3,1,0
4006,4,2,0
4006,5,0,0
4006,5,2,0
4006,6,1,0
4006,6,2,0
4006,7,0,0
4006,7,1,0
4006,7,2,0
4007,1,0,0
4007,2,1,0
4007,3,0,0
4007,3,1,0
4007,4,2,0
4007,5,0,0
4007,5,2,0
4007,6,1,0
4007,6,2,0
4007,7,0,0
4007,7,1,0
4007,7,2,0
4008,1,0,0
4008,2,1,0
4008,3,0,0
4008,3,1,0
4008,4,2,0
4008,5,0,0
4008,5,2,0
4008,6,1,0
4008,6,2,0
4008,7,0,0
4008,7,1,0
4008,7,2,0
4009,1,0,0
4009,2,1,0
4009,3,0,0
4009,3,1,0
4009,4,2,0
4009,5,0,0
4009,5,2,0
4009,6,1,0
4009,6,2,0
4009,7,0,0
4009,7,1,0
4009,7,2,0
4010,1,0,0
4010,2,1,0
4010,3,0,0
4010,3,1,0
4010,4,2,0
4010,5,0,0
4010,5,2,0
4010,6,1,0
4010,6,2,0
4010,7,0,0
4010,7,1,0
4010,7,2,0
4011,1,0,0
4011,2,1,0
4011,3,0,0
4011,3,1,0
4011,4,2,0
4011,5,0,0
4011,5,2,0
4011,6,1,0
4011,6,2,0
4011,7,0,0
4011,7,1,0
4011,7,2,0
4012,1,0,0
4012,2,1,0
4012,3,0,0
4012,3,1,0
4012,4,2,0
4012,5,0,0
4012,5,2,0
4012,6,1,0
4012,6,2,0
4012,7,0,0
4012,7,1,0
4012,7,2,0
4013,1,0,0
4013,2,1,0
4013,3,0,0
4013,3,1,0
4013,4,2,0
4013,5,0,0
4013,5,2,0
4013,6,1,0
4013,6,2,0
4013,7,0,0
4013,7,1,0
4013,7,2,0
4014,1,0,0
4014,2,1,0
4014,3,0,0
4014,3,1,0
4014,4,2,0
4014,5,0,0
4014,5,2,0
4014,6,1,0
4014,6,2,0
4014,7,0,0
4014,7,1,0
4014,7,2,0
4015,1,0,0
4015,2,1,0
4015,3,0,0
4015,3,1,0
4015,4,2,0
4015,5,0,0
4015,5,2,0
4015,6,1,0
4015,6,2,0
4015,7,0,0
4015,7,1,0
4015,7,2,0
4016,1,0,0
4016,2,1,0
4016,3,0,0
4016,3,1,0
4016,4,2,0
4016,5,0,0
4016,5,2,0
4016,6,1,0
4016,6,2,0
4016,7,0,0
4016,7,1,0
4016,7,2,0
4017,1,0,0
4017,2,1,0
4017,3,0,0
4017,3,1,0
4017,4,2,0
4017,5,0,0
4017,5,2,0
4017,6,1,0
4017,6,2,0
4017,7,0,0
4017,7,1,0
4017,7,2,0
4018,1,0,0
4018,2,1,0
4018,3,0,0
4018,3,1,0
4018,4,2,0
4018,5,0,0
4018,5,2,0
4018,6,1,0
4018,6,2,0
4018,7,0,0
4018,7,1,0
4018,7,2,0
4019,1,0,0
4019,2,1,0
4019,3,0,0
4019,3,1,0
4019,4,2,0
4019,5,0,0
4019,5,2,0
4019,6,1,0
4019,6,2,0
4019,7,0,0
4019,7,1,0
4019,7,2,0
4020,1,0,0
4020,2,1,0
4020,3,0,0
4020,3,1,0
4020,4,2,0
4020,5,0,0
4020,5,2,0
4020,6,1,0
4020,6,2,0
4020,7,0,0
4020,7,1,0
4020,7,2,0
4021,1,0,0
4021,2,1,0
4021,3,0,0
4021,3,1,0
4021,4,2,0
4021,5,0,0
4021,5,2,0
4021,6,1,0
4021,6,2,0
4021,7,0,0
4021,7,1,0
4021,7,2,0
4022,1,0,0
4022,2,1,0
4022,3,0,0
4022,3,1,0
4022,4,2,0
4022,5,0,0
4022,5,2,0
4022,6,1,0
4022,6,2,0
4022,7,0,0
4022,7,1,0
4022,7,2,0
4023,1,0,1
4023,2,1,1
4023,3,0,1
4023,3,1,1
4023,4,2,1
4023,5,0,1
4023,5,2,1
4023,6,1,1
4023,6,2,1
4023,7,0,1
4023,7,1,1
4023,7,2,1
4024,1,0,1
4024,2,1,1
4024,3,0,1
4024,3,1,1
4024,4,2,1
4024,5,0,1
4024,5,2,1
4024,6,1,1
4024,6,2,1
4024,7,0,1
4024,7,1,1
4024,7,2,1
4025,1,0,0
4025,2,1,0
4025,3,0,0
4025,3,1,0
4025,4,2,0
4025,5,0,0
4025,5,2,0
4025,6,1,0
4025,6,2,0
4025,7,0,0
4025,7,1,0
4025,7,2,0
4026,1,0,0
4026,2,1,0
4026,3,0,0
4026,3,1,0
4026,4,2,0
4026,5,0,0
4026,5,2,0
4026,6,1,0
4026,6,2,0
4026,7,0,0
4026,7,1,0
4026,7,2,0
4027,1,0,0
4027,2,1,0
4027,3,0,0
4027,3,1,0
4027,4,2,0
4027,5,0,0
4027,5,2,0
4027,6,1,0
4027,6,2,0
4027,7,0,0
4027,7,1,0
4027,7,2,0
4028,1,0,0
4028,2,1,0
4028,3,0,0
4028,3,1,0
4028,4,2,0
4028,5,0,0
4028,5,2,0
4028,6,1,0
4028,6,2,0
4028,7,0,0
4028,7,1,0
4028,7,2,0
4029,1,0,0
4029,2,1,0
4029,3,0,0
4029,3,1,0
4029,4,2,0
4029,5,0,0
4029,5,2,0
4029,6,1,0
4029,6,2,0
4029,7,0,0
4029,7,1,0
4029,7,2,0
4030,1,0,0
4030,2,1,0
4030,3,0,0
4030,3,1,0
4030,4,2,0
4030,5,0,0
4030,5,2,0
4030,6,1,0
4030,6,2,0
4030,7,0,0
4030,7,1,0
4030,7,2,0
4031,1,0,0
4031,2,1,0
4031,3,0,0
4031,3,1,0
4031,4,2,0
4031,5,0,0
4031,5,2,0
4031,6,1,0
4031,6,2,0
4031,7,0,0
4031,7,1,0
4031,7,2,0
4032,1,0,0
4032,2,1,0
4032,3,0,0
4032,3,1,0
4032,4,2,0
4032,5,0,0
4032,5,2,0
4032,6,1,0
4032,6,2,0
4032,7,0,0
4032,7,1,0
4032,7,2,0
4033,1,0,0
4033,2,1,0
4033,3,0,0
4033,3,1,0
4033,4,2,0
4033,5,0,0
4033,5,2,0
4033,6,1,0
4033,6,2,0
4033,7,0,0
4033,7,1,0
4033,7,2,0
4034,1,0,0
4034,2,1,0
4034,3,0,0
4034,3,1,0
4034,4,2,0
4034,5,0,0
4034,5,2,0
4034,6,1,0
4034,6,2,0
4034,7,0,0
4034,7,1,0
4034,7,2,0
4035,1,0,0
4035,2,1,0
4035,3,0,0
4035,3,1,0
4035,4,2,0
4035,5,0,0
4035,5,2,0
4035,6,1,0
4035,6,2,0
4035,7,0,0
4035,7,1,0
4035,7,2,0
4036,1,0,0
4036,2,1,0
4036,3,0,0
4036,3,1,0
4036,4,2,0
4036,5,0,0
4036,5,2,0
4036,6,1,0
4036,6,2,0
4036,7,0,0
4036,7,1,0
4036,7,2,0
4037,1,0,0
4037,2,1,0
4037,3,0,0
4037,3,1,0
4037,4,2,0
4037,5,0,0
4037,5,2,0
4037,6,1,0
4037,6,2,0
4037,7,0,0
4037,7,1,0
4037,7,2,0
4038,1,0,0
4038,2,1,0
4038,3,0,0
4038,3,1,0
4038,4,2,0
4038,5,0,0
4038,5,2,0
4038,6,1,0
4038,6,2,0
4038,7,0,0
4038,7,1,0
4038,7,2,0
4039,1,0,0
4039,2,1,0
4039,3,0,0
4039,3,1,0
4039,4,2,0
4039,5,0,0
4039,5,2,0
4039,6,1,0
4039,6,2,0
4039,7,0,0
4039,7,1,0
4039,7,2,0
4040,1,0,0
4040,2,1,0
4040,3,0,0
4040,3,1,0
4040,4,2,0
4040,5,0,0
4040,5,2,0
4040,6,1,0
4040,6,2,0
4040,7,0,0
4040,7,1,0
4040,7,2,0
4041,1,0,0
4041,2,1,0
4041,3,0,0
4041,3,1,0
4041,4,2,0
4041,5,0,0
4041,5,2,0
4041,6,1,0
4041,6,2,0
4041,7,0,0
4041,7,1,0
4041,7,2,0
4042,1,0,0
4042,2,1,0
4042,3,0,0
4042,3,1,0
4042,4,2,0
4042,5,0,0
4042,5,2,0
4042,6,1,0
4042,6,2,0
4042,7,0,0
4042,7,1,0
4042,7,2,0
4043,1,0,0
4043,2,1,0
4043,3,0,0
4043,3,1,0
4043,4,2,0
4043,5,0,0
4043,5,2,0
4043,6,1,0
4043,6,2,0
4043,7,0,0
4043,7,1,0
4043,7,2,0
4044,1,0,0
4044,2,1,0
4044,3,0,0
4044,3,1,0
4044,4,2,0
4044,5,0,0
4044,5,2,0
4044,6,1,0
4044,6,2,0
4044,7,0,0
4044,7,1,0
4044,7,2,0
4045,1,0,0
4045,2,1,0
4045,3,0,0
4045,3,1,0
4045,4,2,0
4045,5,0,0
4045,5,2,0
4045,6,1,0
4045,6,2,0
4045,7,0,0
4045,7,1,0
4045,7,2,0
4046,1,0,0
4046,2,1,0
4046,3,0,0
4046,3,1,0
4046,4,2,0
4046,5,0,0
4046,5,2,0
4046,6,1,0
4046,6,2,0
4046,7,0,0
4046,7,1,0
4046,7,2,0
4047,1,0,0
4047,2,1,0
4047,3,0,0
4047,3,1,0
4047,4,2,0
4047,5,0,0
4047,5,2,0
4047,6,1,0
4047,6,2,0
4047,7,0,0
4047,7,1,0
4047,7,2,0
4048,1,0,0
4048,2,1,0
4048,3,0,0
4048,3,1,0
4048,4,2,0
4048,5,0,0
4048,5,2,0
4048,6,1,0
4048,6,2,0
4048,7,0,0
4048,7,1,0
4048,7,2,0
4049,1,0,0
4049,2,1,0
4049,3,0,0
4049,3,1,0
4049,4,2,0
4049,5,0,0
4049,5,2,0
4049,6,1,0
4049,6,2,0
4049,7,0,0
4049,7,1,0
4049,7,2,0
4050,1,0,1
4050,2,1,0
4050,3,0,1
4050,3,1,0
4050,4,2,0
4050,5,0,1
4050,5,2,0
4050,6,1,0
4050,6,2,0
4050,7,0,1
4050,7,1,0
4050,7,2,0
4051,1,0,1
4051,2,1,0
4051,3,0,1
4051,3,1,0
4051,4,2,0
4051,5,0,1
4051,5,2,0
4051,6,1,0
4051,6,2,0
4051,7,0,1
4051,7,1,0
4051,7,2,0
4052,1,0,0
4052,2,1,0
4052,3,0,0
4052,3,1,0
4052,4,2,0
4052,5,0,0
4052,5,2,0
4052,6,1,0
4052,6,2,0
4052,7,0,0
4052,7,1,0
4052,7,2,0
4053,1,0,0
4053,2,1,0
4053,3,0,0
4053,3,1,0
4053,4,2,0
4053,5,0,0
4053,5,2,0
4053,6,1,0
4053,6,2,0
4053,7,0,0
4053,7,1,0
4053,7,2,0
4054,1,0,0
4054,2,1,0
4054,3,0,0
4054,3,1,0
4054,4,2,0
4054,5,0,0
4054,5,2,0
4054,6,1,0
4054,6,2,0
4054,7,0,0
4054,7,1,0
4054,7,2,0
4055,1,0,0
4055,2,1,0
4055,3,0,0
4055,3,1,0
4055,4,2,0
4055,5,0,0
4055,5,2,0
4055,6,1,0
4055,6,2,0
4055,7,0,0
4055,7,1,0
4055,7,2,0
4056,1,0,0
4056,2,1,0
4056,3,0,0
4056,3,1,0
4056,4,2,0
4056,5,0,0
4056,5,2,0
4056,6,1,0
4056,6,2,0
4056,7,0,0
4056,7,1,0
4056,7,2,0
4057,1,0,0
4057,2,1,0
4057,3,0,0
4057,3,1,0
4057,4,2,0
4057,5,0,0
4057,5,2,0
4057,6,1,0
4057,6,2,0
4057,7,0,0
4057,7,1,0
4057,7,2,0
4058,1,0,0
4058,2,1,0
4058,3,0,0
4058,3,1,0
4058,4,2,0
4058,5,0,0
4058,5,2,0
4058,6,1,0
4058,6,2,0
4058,7,0,0
4058,7,1,0
4058,7,2,0
4059,1,0,0
4059,2,1,0
4059,3,0,0
4059,3,1,0
4059,4,2,0
4059,5,0,0
4059,5,2,0
4059,6,1,0
4059,6,2,0
4059,7,0,0
4059,7,1,0
4059,7,2,0
4060,1,0,0
4060,2,1,0
4060,3,0,0
4060,3,1,0
4060,4,2,0
4060,5,0,0
4060,5,2,0
4060,6,1,0
4060,6,2,0
4060,7,0,0
4060,7,1,0
4060,7,2,0
4061,1,0,0
4061,2,1,0
4061,3,0,0
4061,3,1,0
4061,4,2,0
4061,5,0,0
4061,5,2,0
4061,6,1,0
4061,6,2,0
4061,7,0,0
4061,7,1,0
4061,7,2,0
4062,1,0,0
4062,2,1,0
4062,3,0,0
4062,3,1,0
4062,4,2,0
4062,5,0,0
4062,5,2,0
4062,6,1,0
4062,6,2,0
4062,7,0,0
4062,7,1,0
4062,7,2,0
4063,1,0,0
4063,2,1,0
4063,3,0,0
4063,3,1,0
4063,4,2,0
4063,5,0,0
4063,5,2,0
4063,6,1,0
4063,6,2,0
4063,7,0,0
4063,7,1,0
4063,7,2,0
4064,1,0,0
4064,2,1,0
4064,3,0,0
4064,3,1,0
4064,4,2,0
4064,5,0,0
4064,5,2,0
4064,6,1,0
4064,6,2,0
4064,7,0,0
4064,7,1,0
4064,7,2,0
4065,1,0,0
4065,2,1,0
4065,3,0,0
4065,3,1,0
4065,4,2,0
4065,5,0,0
4065,5,2,0
4065,6,1,0
4065,6,2,0
4065,7,0,0
4065,7,1,0
4065,7,2,0
4066,1,0,0
4066,2,1,0
4066,3,0,0
4066,3,1,0
4066,4,2,0
4066,5,0,0
4066,5,2,0
4066,6,1,0
4066,6,2,0
4066,7,0,0
4066,7,1,0
4066,7,2,0
4067,1,0,0
4067,2,1,0
4067,3,0,0
4067,3,1,0
4067,4,2,0
4067,5,0,0
4067,5,2,0
4067,6,1,0
4067,6,2,0
4067,7,0,0
4067,7,1,0
4067,7,2,0
4068,1,0,0
4068,2,1,0
4068,3,0,0
4068,3,1,0
4068,4,2,0
4068,5,0,0
4068,5,2,0
4068,6,1,0
4068,6,2,0
4068,7,0,0
4068,7,1,0
4068,7,2,0
4069,1,0,0
4069,2,1,0
4069,3,0,0
4069,3,1,0
4069,4,2,0
4069,5,0,0
4069,5,2,0
4069,6,1,0
4069,6,2,0
4069,7,0,0
4069,7,1,0
4069,7,2,0
4070,1,0,0
4070,2,1,0
4070,3,0,0
4070,3,1,0
4070,4,2,0
4070,5,0,0
4070,5,2,0
4070,6,1,0
4070,6,2,0
4070,7,0,0
4070,7,1,0
4070,7,2,0
4071,1,0,0
4071,2,1,0
4071,3,0,0
4071,3,1,0
4071,4,2,0
4071,5,0,0
4071,5,2,0
4071,6,1,0
4071,6,2,0
4071,7,0,0
4071,7,1,0
4071,7,2,0
4072,1,0,0
4072,2,1,0
4072,3,0,0
4072,3,1,0
4072,4,2,0
4072,5,0,0
4072,5,2,0
4072,6,1,0
4072,6,2,0
4072,7,0,0
4072,7,1,0
4072,7,2,0
4073,1,0,0
4073,2,1,0
4073,3,0,0
4073,3,1,0
4073,4,2,0
4073,5,0,0
4073,5,2,0
4073,6,1,0
4073,6,2,0
4073,7,0,0
4073,7,1,0
4073,7,2,0
4074,1,0,0
4074,2,1,0
4074,3,0,0
4074,3,1,0
4074,4,2,0
4074,5,0,0
4074,5,2,0
4074,6,1,0
4074,6,2,0
4074,7,0,0
4074,7,1,0
4074,7,2,0
4075,1,0,0
4075,2,1,0
4075,3,0,0
4075,3,1,0
4075,4,2,0
4075,5,0,0
4075,5,2,0
4075,6,1,0
4075,6,2,0
4075,7,0,0
4075,7,1,0
4075,7,2,0
4076,1,0,0
4076,2,1,0
4076,3,0,0
4076,3,1,0
4076,4,2,0
4076,5,0,0
4076,5,2,0
4076,6,1,0
4076,6,2,0
4076,7,0,0
4076,7,1,0
4076,7,2,0
4077,1,0,1
4077,2,1,0
4077,3,0,1
4077,3,1,0
4077,4,2,0
4077,5,0,1
4077,5,2,0
4077,6,1,0
4077,6,2,0
4077,7,0,1
4077,7,1,0
4077,7,2,0
4078,1,0,1
4078,2,1,0
4078,3,0,1
4078,3,1,0
4078,4,2,0
4078,5,0,1
4078,5,2,0
4078,6,1,0
4078,6,2,0
4078,7,0,1
4078,7,1,0
4078,7,2,0
4079,1,0,0
4079,2,1,0
4079,3,0,0
4079,3,1,0
4079,4,2,0
4079,5,0,0
4079,5,2,0
4079,6,1,0
4079,6,2,0
4079,7,0,0
4079,7,1,0
4079,7,2,0
4080,1,0,0
4080,2,1,0
4080,3,0,0
4080,3,1,0
4080,4,2,0
4080,5,0,0
4080,5,2,0
4080,6,1,0
4080,6,2,0
4080,7,0,0
4080,7,1,0
4080,7,2,0
4081,1,0,0
4081,2,1,0
4081,3,0,0
4081,3,1,0
4081,4,2,0
4081,5,0,0
4081,5,2,0
4081,6,1,0
4081,6,2,0
4081,7,0,0
4081,7,1,0
4081,7,2,0
4082,1,0,0
4082,2,1,0
4082,3,0,0
4082,3,1,0
4082,4,2,0
4082,5,0,0
4082,5,2,0
4082,6,1,0
4082,6,2,0
4082,7,0,0
4082,7,1,0
4082,7,2,0
4083,1,0,0
4083,2,1,0
4083,3,0,0
4083,3,1,0
4083,4,2,0
4083,5,0,0
4083,5,2,0
4083,6,1,0
4083,6,2,0
4083,7,0,0
4083,7,1,0
4083,7,2,0
4084,1,0,0
4084,2,1,0
4084,3,0,0
4084,3,1,0
4084,4,2,0
4084,5,0,0
4084,5,2,0
4084,6,1,0
4084,6,2,0
4084,7,0,0
4084,7,1,0
4084,7,2,0
4085,1,0,0
4085,2,1,0
4085,3,0,0
4085,3,1,0
4085,4,2,0
4085,5,0,0
4085,5,2,0
4085,6,1,0
4085,6,2,0
4085,7,0,0
4085,7,1,0
4085,7,2,0
4086,1,0,0
4086,2,1,0
4086,3,0,0
4086,3,1,0
4086,4,2,0
4086,5,0,0
4086,5,2,0
4086,6,1,0
4086,6,2,0
4086,7,0,0
4086,7,1,0
4086,7,2,0
4087,1,0,0
4087,2,1,0
4087,3,0,0
4087,3,1,0
4087,4,2,0
4087,5,0,0
4087,5,2,0
4087,6,1,0
4087,6,2,0
4087,7,0,0
4087,7,1,0
4087,7,2,0
4088,1,0,0
4088,2,1,0
4088,3,0,0
4088,3,1,0
4088,4,2,0
4088,5,0,0
4088,5,2,0
4088,6,1,0
4088,6,2,0
4088,7,0,0
4088,7,1,0
4088,7,2,0
4089,1,0,0
4089,2,1,0
4089,3,0,0
4089,3,1,0
4089,4,2,0
4089,5,0,0
4089,5,2,0
4089,6,1,0
4089,6,2,0
4089,7,0,0
4089,7,1,0
4089,7,2,0
4090,1,0,0
4090,2,1,0
4090,3,0,0
4090,3,1,0
4090,4,2,0
4090,5,0,0
4090,5,2,0
4090,6,1,0
4090,6,2,0
4090,7,0,0
4090,7,1,0
4090,7,2,0
4091,1,0,0
4091,2,1,0
4091,3,0,0
4091,3,1,0
4091,4,2,0
4091,5,0,0
4091,5,2,0
4091,6,1,0
4091,6,2,0
4091,7,0,0
4091,7,1,0
4091,7,2,0
4092,1,0,0
4092,2,1,0
4092,3,0,0
4092,3,1,0
4092,4,2,0
4092,5,0,0
4092,5,2,0
4092,6,1,0
4092,6,2,0
4092,7,0,0
4092,7,1,0
4092,7,2,0
4093,1,0,0
4093,2,1,0
4093,3,0,0
4093,3,1,0
4093,4,2,0
4093,5,0,0
4093,5,2,0
4093,6,1,0
4093,6,2,0
4093,7,0,0
4093,7,1,0
4093,7,2,0
4094,1,0,0
4094,2,1,0
4094,3,0,0
4094,3,1,0
4094,4,2,0
4094,5,0,0
4094,5,2,0
4094,6,1,0
4094,6,2,0
4094,7,0,0
4094,7,1,0
4094,7,2,0
4095,1,0,0
4095,2,1,0
4095,3,0,0
4095,3,1,0
4095,4,2,0
4095,5,0,0
4095,5,2,0
4095,6,1,0
4095,6,2,0
4095,7,0,0
4095,7,1,0
4095,7,2,0
4096,1,0,0
4096,2,1,0
4096,3,0,0
4096,3,1,0
4096,4,2,0
4096,5,0,0
4096,5,2,0
4096,6,1,0
4096,6,2,0
4096,7,0,0
4096,7,1,0
4096,7,2,0
4097,1,0,0
4097,2,1,0
4097,3,0,0
4097,3,1,0
4097,4,2,0
4097,5,0,0
4097,5,2,0
4097,6,1,0
4097,6,2,0
4097,7,0,0
4097,7,1,0
4097,7,2,0
4098,1,0,0
4098,2,1,0
4098,3,0,0
4098,3,1,0
4098,4,2,0
4098,5,0,0
4098,5,2,0
4098,6,1,0
4098,6,2,0
4098,7,0,0
4098,7,1,0
4098,7,2,0
4099,1,0,0
4099,2,1,0
4099,3,0,0
4099,3,1,0
4099,4,2,0
4099,5,0,0
4099,5,2,0
4099,6,1,0
4099,6,2,0
4099,7,0,0
4099,7,1,0
4099,7,2,0
4100,1,0,0
4100,2,1,0
4100,3,0,0
4100,3,1,0
4100,4,2,0
4100,5,0,0
4100,5,2,0
4100,6,1,0
4100,6,2,0
4100,7,0,0
4100,7,1,0
4100,7,2,0
4101,1,0,0
4101,2,1,0
4101,3,0,0
4101,3,1,0
4101,4,2,0
4101,5,0,0
4101,5,2,0
4101,6,1,0
4101,6,2,0
4101,7,0,0
4101,7,1,0
4101,7,2,0
4102,1,0,0
4102,2,1,0
4102,3,0,0
4102,3,1,0
4102,4,2,0
4102,5,0,0
4102,5,2,0
4102,6,1,0
4102,6,2,0
4102,7,0,0
4102,7,1,0
4102,7,2,0
4103,1,0,0
4103,2,1,0
4103,3,0,0
4103,3,1,0
4103,4,2,0
4103,5,0,0
4103,5,2,0
4103,6,1,0
4103,6,2,0
4103,7,0,0
4103,7,1,0
4103,7,2,0
4104,1,0,1
4104,2,1,0
4104,3,0,1
4104,3,1,0
4104,4,2,0
4104,5,0,1
4104,5,2,0
4104,6,1,0
4104,6,2,0
4104,7,0,1
4104,7,1,0
4104,7,2,0
4105,1,0,1
4105,2,1,0
4105,3,0,1
4105,3,1,0
4105,4,2,0
4105,5,0,1
4105,5,2,0
4105,6,1,0
4105,6,2,0
4105,7,0,1
4105,7,1,0
4105,7,2,0
4106,1,0,0
4106,2,1,0
4106,3,0,0
4106,3,1,0
4106,4,2,0
4106,5,0,0
4106,5,2,0
4106,6,1,0
4106,6,2,0
4106,7,0,0
4106,7,1,0
4106,7,2,0
4107,1,0,0
4107,2,1,0
4107,3,0,0
4107,3,1,0
4107,4,2,0
4107,5,0,0
4107,5,2,0
4107,6,1,0
4107,6,2,0
4107,7,0,0
4107,7,1,0
4107,7,2,0
4108,1,0,0
4108,2,1,0
4108,3,0,0
4108,3,1,0
4108,4,2,0
4108,5,0,0
4108,5,2,0
4108,6,1,0
4108,6,2,0
4108,7,0,0
4108,7,1,0
4108,7,2,0
4109,1,0,0
4109,2,1,0
4109,3,0,0
4109,3,1,0
4109,4,2,0
4109,5,0,0
4109,5,2,0
4109,6,1,0
4109,6,2,0
4109,7,0,0
4109,7,1,0
4109,7,2,0
4110,1,0,0
4110,2,1,0
4110,3,0,0
4110,3,1,0
4110,4,2,0
4110,5,0,0
4110,5,2,0
4110,6,1,0
4110,6,2,0
4110,7,0,0
4110,7,1,0
4110,7,2,0
4111,1,0,0
4111,2,1,0
4111,3,0,0
4111,3,1,0
4111,4,2,0
4111,5,0,0
4111,5,2,0
4111,6,1,0
4111,6,2,0
4111,7,0,0
4111,7,1,0
4111,7,2,0
4112,1,0,0
4112,2,1,0
4112,3,0,0
4112,3,1,0
4112,4,2,0
4112,5,0,0
4112,5,2,0
4112,6,1,0
4112,6,2,0
4112,7,0,0
4112,7,1,0
4112,7,2,0
4113,1,0,0
4113,2,1,0
4113,3,0,0
4113,3,1,0
4113,4,2,0
4113,5,0,0
4113,5,2,0
4113,6,1,0
4113,6,2,0
4113,7,0,0
4113,7,1,0
4113,7,2,0
4114,1,0,0
4114,2,1,0
4114,3,0,0
4114,3,1,0
4114,4,2,0
4114,5,0,0
4114,5,2,0
4114,6,1,0
4114,6,2,0
4114,7,0,0
4114,7,1,0
4114,7,2,0
4115,1,0,0
4115,2,1,0
4115,3,0,0
4115,3,1,0
4115,4,2,0
4115,5,0,0
4115,5,2,0
4115,6,1,0
4115,6,2,0
4115,7,0,0
4115,7,1,0
4115,7,2,0
4116,1,0,0
4116,2,1,0
4116,3,0,0
4116,3,1,0
4116,4,2,0
4116,5,0,0
4116,5,2,0
4116,6,1,0
4116,6,2,0
4116,7,0,0
4116,7,1,0
4116,7,2,0
4117,1,0,0
4117,2,1,0
4117,3,0,0
4117,3,1,0
4117,4,2,0
4117,5,0,0
4117,5,2,0
4117,6,1,0
4117,6,2,0
4117,7,0,0
4117,7,1,0
4117,7,2,0
4118,1,0,0
4118,2,1,0
4118,3,0,0
4118,3,1,0
4118,4,2,0
4118,5,0,0
4118,5,2,0
4118,6,1,0
4118,6,2,0
4118,7,0,0
4118,7,1,0
4118,7,2,0
4119,1,0,0
4119,2,1,0
4119,3,0,0
4119,3,1,0
4119,4,2,0
4119,5,0,0
4119,5,2,0
4119,6,1,0
4119,6,2,0
4119,7,0,0
4119,7,1,0
4119,7,2,0
4120,1,0,0
4120,2,1,0
4120,3,0,0
4120,3,1,0
4120,4,2,0
4120,5,0,0
4120,5,2,0
4120,6,1,0
4120,6,2,0
4120,7,0,0
4120,7,1,0
4120,7,2,0
4121,1,0,0
4121,2,1,0
4121,3,0,0
4121,3,1,0
4121,4,2,0
4121,5,0,0
4121,5,2,0
4121,6,1,0
4121,6,2,0
4121,7,0,0
4121,7,1,0
4121,7,2,0
4122,1,0,0
4122,2,1,0
4122,3,0,0
4122,3,1,0
4122,4,2,0
4122,5,0,0
4122,5,2,0
4122,6,1,0
4122,6,2,0
4122,7,0,0
4122,7,1,0
4122,7,2,0
4123,1,0,0
4123,2,1,0
4123,3,0,0
4123,3,1,0
4123,4,2,0
4123,5,0,0
4123,5,2,0
4123,6,1,0
4123,6,2,0
4123,7,0,0
4123,7,1,0
4123,7,2,0
4124,1,0,0
4124,2,1,0
4124,3,0,0
4124,3,1,0
4124,4,2,0
4124,5,0,0
4124,5,2,0
4124,6,1,0
4124,6,2,0
4124,7,0,0
4124,7,1,0
4124,7,2,0
4125,1,0,0
4125,2,1,0
4125,3,0,0
4125,3,1,0
4125,4,2,0
4125,5,0,0
4125,5,2,0
4125,6,1,0
4125,6,2,0
4125,7,0,0
4125,7,1,0
4125,7,2,0
4126,1,0,0
4126,2,1,0
4126,3,0,0
4126,3,1,0
4126,4,2,0
4126,5,0,0
4126,5,2,0
4126,6,1,0
4126,6,2,0
4126,7,0,0
4126,7,1,0
4126,7,2,0
4127,1,0,0
4127,2,1,0
4127,3,0,0
4127,3,1,0
4127,4,2,0
4127,5,0,0
4127,5,2,0
4127,6,1,0
4127,6,2,0
4127,7,0,0
4127,7,1,0
4127,7,2,0
4128,1,0,0
4128,2,1,0
4128,3,0,0
4128,3,1,0
4128,4,2,0
4128,5,0,0
4128,5,2,0
4128,6,1,0
4128,6,2,0
4128,7,0,0
4128,7,1,0
4128,7,2,0
4129,1,0,0
4129,2,1,0
4129,3,0,0
4129,3,1,0
4129,4,2,0
4129,5,0,0
4129,5,2,0
4129,6,1,0
4129,6,2,0
4129,7,0,0
4129,7,1,0
4129,7,2,0
4130,1,0,0
4130,2,1,0
4130,3,0,0
4130,3,1,0
4130,4,2,0
4130,5,0,0
4130,5,2,0
4130,6,1,0
4130,6,2,0
4130,7,0,0
4130,7,1,0
4130,7,2,0
4131,1,0,1
4131,2,1,0
4131,3,0,1
4131,3,1,0
4131,4,2,0
4131,5,0,1
4131,5,2,0
4131,6,1,0
4131,6,2,0
4131,7,0,1
4131,7,1,0
4131,7,2,0
4132,1,0,1
4132,2,1,0
4132,3,0,1
4132,3,1,0
4132,4,2,0
4132,5,0,1
4132,5,2,0
4132,6,1,0
4132,6,2,0
4132,7,0,1
4132,7,1,0
4132,7,2,0
4133,1,0,0
4133,2,1,0
4133,3,0,0
4133,3,1,0
4133,4,2,0
4133,5,0,0
4133,5,2,0
4133,6,1,0
4133,6,2,0
4133,7,0,0
4133,7,1,0
4133,7,2,0
4134,1,0,0
4134,2,1,0
4134,3,0,0
4134,3,1,0
4134,4,2,0
4134,5,0,0
4134,5,2,0
4134,6,1,0
4134,6,2,0
4134,7,0,0
4134,7,1,0
4134,7,2,0
4135,1,0,0
4135,2,1,0
4135,3,0,0
4135,3,1,0
4135,4,2,0
4135,5,0,0
4135,5,2,0
4135,6,1,0
4135,6,2,0
4135,7,0,0
4135,7,1,0
4135,7,2,0
4136,1,0,0
4136,2,1,0
4136,3,0,0
4136,3,1,0
4136,4,2,0
4136,5,0,0
4136,5,2,0
4136,6,1,0
4136,6,2,0
4136,7,0,0
4136,7,1,0
4136,7,2,0
4137,1,0,0
4137,2,1,0
4137,3,0,0
4137,3,1,0
4137,4,2,0
4137,5,0,0
4137,5,2,0
4137,6,1,0
4137,6,2,0
4137,7,0,0
4137,7,1,0
4137,7,2,0
4138,1,0,0
4138,2,1,0
4138,3,0,0
4138,3,1,0
4138,4,2,0
4138,5,0,0
4138,5,2,0
4138,6,1,0
4138,6,2,0
4138,7,0,0
4138,7,1,0
4138,7,2,0
4139,1,0,0
4139,2,1,0
4139,3,0,0
4139,3,1,0
4139,4,2,0
4139,5,0,0
4139,5,2,0
4139,6,1,0
4139,6,2,0
4139,7,0,0
4139,7,1,0
4139,7,2,0
4140,1,0,0
4140,2,1,0
4140,3,0,0
4140,3,1,0
4140,4,2,0
4140,5,0,0
4140,5,2,0
4140,6,1,0
4140,6,2,0
4140,7,0,0
4140,7,1,0
4140,7,2,0
4141,1,0,0
4141,2,1,0
4141,3,0,0
4141,3,1,0
4141,4,2,0
4141,5,0,0
4141,5,2,0
4141,6,1,0
4141,6,2,0
4141,7,0,0
4141,7,1,0
4141,7,2,0
4142,1,0,0
4142,2,1,0
4142,3,0,0
4142,3,1,0
4142,4,2,0
4142,5,0,0
4142,5,2,0
4142,6,1,0
4142,6,2,0
4142,7,0,0
4142,7,1,0
4142,7,2,0
4143,1,0,0
4143,2,1,0
4143,3,0,0
4143,3,1,0
4143,4,2,0
4143,5,0,0
4143,5,2,0
4143,6,1,0
4143,6,2,0
4143,7,0,0
4143,7,1,0
4143,7,2,0
4144,1,0,0
4144,2,1,0
4144,3,0,0
4144,3,1,0
4144,4,2,0
4144,5,0,0
4144,5,2,0
4144,6,1,0
4144,6,2,0
4144,7,0,0
4144,7,1,0
4144,7,2,0
4145,1,0,0
4145,2,1,0
4145,3,0,0
4145,3,1,0
4145,4,2,0
4145,5,0,0
4145,5,2,0
4145,6,1,0
4145,6,2,0
4145,7,0,0
4145,7,1,0
4145,7,2,0
4146,1,0,0
4146,2,1,0
4146,3,0,0
4146,3,1,0
4146,4,2,0
4146,5,0,0
4146,5,2,0
4146,6,1,0
4146,6,2,0
4146,7,0,0
4146,7,1,0
4146,7,2,0
4147,1,0,0
4147,2,1,0
4147,3,0,0
4147,3,1,0
4147,4,2,0
4147,5,0,0
4147,5,2,0
4147,6,1,0
4147,6,2,0
4147,7,0,0
4147,7,1,0
4147,7,2,0
4148,1,0,0
4148,2,1,0
4148,3,0,0
4148,3,1,0
4148,4,2,0
4148,5,0,0
4148,5,2,0
4148,6,1,0
4148,6,2,0
4148,7,0,0
4148,7,1,0
4148,7,2,0
4149,1,0,0
4149,2,1,0
4149,3,0,0
4149,3,1,0
4149,4,2,0
4149,5,0,0
4149,5,2,0
4149,6,1,0
4149,6,2,0
4149,7,0,0
4149,7,1,0
4149,7,2,0
4150,1,0,0
4150,2,1,0
4150,3,0,0
4150,3,1,0
4150,4,2,0
4150,5,0,0
4150,5,2,0
4150,6,1,0
4150,6,2,0
4150,7,0,0
4150,7,1,0
4150,7,2,0
4151,1,0,0
4151,2,1,0
4151,3,0,0
4151,3,1,0
4151,4,2,0
4151,5,0,0
4151,5,2,0
4151,6,1,0
4151,6,2,0
4151,7,0,0
4151,7,1,0
4151,7,2,0
4152,1,0,0
4152,2,1,0
4152,3,0,0
4152,3,1,0
4152,4,2,0
4152,5,0,0
4152,5,2,0
4152,6,1,0
4152,6,2,0
4152,7,0,0
4152,7,1,0
4152,7,2,0
4153,1,0,0
4153,2,1,0
4153,3,0,0
4153,3,1,0
4153,4,2,0
4153,5,0,0
4153,5,2,0
4153,6,1,0
4153,6,2,0
4153,7,0,0
4153,7,1,0
4153,7,2,0
4154,1,0,0
4154,2,1,0
4154,3,0,0
4154,3,1,0
4154,4,2,0
4154,5,0,0
4154,5,2,0
4154,6,1,0
4154,6,2,0
4154,7,0,0
4154,7,1,0
4154,7,2,0
4155,1,0,0
4155,2,1,0
4155,3,0,0
4155,3,1,0
4155,4,2,0
4155,5,0,0
4155,5,2,0
4155,6,1,0
4155,6,2,0
4155,7,0,0
4155,7,1,0
4155,7,2,0
4156,1,0,0
4156,2,1,0
4156,3,0,0
4156,3,1,0
4156,4,2,0
4156,5,0,0
4156,5,2,0
4156,6,1,0
4156,6,2,0
4156,7,0,0
4156,7,1,0
4156,7,2,0
4157,1,0,0
4157,2,1,0
4157,3,0,0
4157,3,1,0
4157,4,2,0
4157,5,0,0
4157,5,2,0
4157,6,1,0
4157,6,2,0
4157,7,0,0
4157,7,1,0
4157,7,2,0
4158,1,0,1
4158,2,1,0
4158,3,0,1
4158,3,1,0
4158,4,2,0
4158,5,0,1
4158,5,2,0
4158,6,1,0
4158,6,2,0
4158,7,0,1
4158,7,1,0
4158,7,2,0
4159,1,0,1
4159,2,1,0
4159,3,0,1
4159,3,1,0
4159,4,2,0
4159,5,0,1
4159,5,2,0
4159,6,1,0
4159,6,2,0
4159,7,0,1
4159,7,1,0
4159,7,2,0
4160,1,0,0
4160,2,1,0
4160,3,0,0
4160,3,1,0
4160,4,2,0
4160,5,0,0
4160,5,2,0
4160,6,1,0
4160,6,2,0
4160,7,0,0
4160,7,1,0
4160,7,2,0
4161,1,0,0
4161,2,1,0
4161,3,0,0
4161,3,1,0
4161,4,2,0
4161,5,0,0
4161,5,2,0
4161,6,1,0
4161,6,2,0
4161,7,0,0
4161,7,1,0
4161,7,2,0
4162,1,0,0
4162,2,1,0
4162,3,0,0
4162,3,1,0
4162,4,2,0
4162,5,0,0
4162,5,2,0
4162,6,1,0
4162,6,2,0
4162,7,0,0
4162,7,1,0
4162,7,2,0
4163,1,0,0
4163,2,1,0
4163,3,0,0
4163,3,1,0
4163,4,2,0
4163,5,0,0
4163,5,2,0
4163,6,1,0
4163,6,2,0
4163,7,0,0
4163,7,1,0
4163,7,2,0
4164,1,0,0
4164,2,1,0
4164,3,0,0
4164,3,1,0
4164,4,2,0
4164,5,0,0
4164,5,2,0
4164,6,1,0
4164,6,2,0
4164,7,0,0
4164,7,1,0
4164,7,2,0
4165,1,0,0
4165,2,1,0
4165,3,0,0
4165,3,1,0
4165,4,2,0
4165,5,0,0
4165,5,2,0
4165,6,1,0
4165,6,2,0
4165,7,0,0
4165,7,1,0
4165,7,2,0
4166,1,0,0
4166,2,1,0
4166,3,0,0
4166,3,1,0
4166,4,2,0
4166,5,0,0
4166,5,2,0
4166,6,1,0
4166,6,2,0
4166,7,0,0
4166,7,1,0
4166,7,2,0
4167,1,0,0
4167,2,1,0
4167,3,0,0
4167,3,1,0
4167,4,2,0
4167,5,0,0
4167,5,2,0
4167,6,1,0
4167,6,2,0
4167,7,0,0
4167,7,1,0
4167,7,2,0
4168,1,0,0
4168,2,1,0
4168,3,0,0
4168,3,1,0
4168,4,2,0
4168,5,0,0
4168,5,2,0
4168,6,1,0
4168,6,2,0
4168,7,0,0
4168,7,1,0
4168,7,2,0
4169,1,0,0
4169,2,1,0
4169,3,0,0
4169,3,1,0
4169,4,2,0
4169,5,0,0
4169,5,2,0
4169,6,1,0
4169,6,2,0
4169,7,0,0
4169,7,1,0
4169,7,2,0
4170,1,0,0
4170,2,1,0
4170,3,0,0
4170,3,1,0
4170,4,2,0
4170,5,0,0
4170,5,2,0
4170,6,1,0
4170,6,2,0
4170,7,0,0
4170,7,1,0
4170,7,2,0
4171,1,0,0
4171,2,1,0
4171,3,0,0
4171,3,1,0
4171,4,2,0
4171,5,0,0
4171,5,2,0
4171,6,1,0
4171,6,2,0
4171,7,0,0
4171,7,1,0
4171,7,2,0
4172,1,0,0
4172,2,1,0
4172,3,0,0
4172,3,1,0
4172,4,2,0
4172,5,0,0
4172,5,2,0
4172,6,1,0
4172,6,2,0
4172,7,0,0
4172,7,1,0
4172,7,2,0
4173,1,0,0
4173,2,1,0
4173,3,0,0
4173,3,1,0
4173,4,2,0
4173,5,0,0
4173,5,2,0
4173,6,1,0
4173,6,2,0
4173,7,0,0
4173,7,1,0
4173,7,2,0
4174,1,0,0
4174,2,1,0
4174,3,0,0
4174,3,1,0
4174,4,2,0
4174,5,0,0
4174,5,2,0
4174,6,1,0
4174,6,2,0
4174,7,0,0
4174,7,1,0
4174,7,2,0
4175,1,0,0
4175,2,1,0
4175,3,0,0
4175,3,1,0
4175,4,2,0
4175,5,0,0
4175,5,2,0
4175,6,1,0
4175,6,2,0
4175,7,0,0
4175,7,1,0
4175,7,2,0
4176,1,0,0
4176,2,1,0
4176,3,0,0
4176,3,1,0
4176,4,2,0
4176,5,0,0
4176,5,2,0
4176,6,1,0
4176,6,2,0
4176,7,0,0
4176,7,1,0
4176,7,2,0
4177,1,0,0
4177,2,1,0
4177,3,0,0
4177,3,1,0
4177,4,2,0
4177,5,0,0
4177,5,2,0
4177,6,1,0
4177,6,2,0
4177,7,0,0
4177,7,1,0
4177,7,2,0
4178,1,0,0
4178,2,1,0
4178,3,0,0
4178,3,1,0
4178,4,2,0
4178,5,0,0
4178,5,2,0
4178,6,1,0
4178,6,2,0
4178,7,0,0
4178,7,1,0
4178,7,2,0
4179,1,0,0
4179,2,1,0
4179,3,0,0
4179,3,1,0
4179,4,2,0
4179,5,0,0
4179,5,2,0
4179,6,1,0
4179,6,2,0
4179,7,0,0
4179,7,1,0
4179,7,2,0
4180,1,0,0
4180,2,1,0
4180,3,0,0
4180,3,1,0
4180,4,2,0
4180,5,0,0
4180,5,2,0
4180,6,1,0
4180,6,2,0
4180,7,0,0
4180,7,1,0
4180,7,2,0
4181,1,0,0
4181,2,1,0
4181,3,0,0
4181,3,1,0
4181,4,2,0
4181,5,0,0
4181,5,2,0
4181,6,1,0
4181,6,2,0
4181,7,0,0
4181,7,1,0
4181,7,2,0
4182,1,0,0
4182,2,1,0
4182,3,0,0
4182,3,1,0
4182,4,2,0
4182,5,0,0
4182,5,2,0
4182,6,1,0
4182,6,2,0
4182,7,0,0
4182,7,1,0
4182,7,2,0
4183,1,0,0
4183,2,1,0
4183,3,0,0
4183,3,1,0
4183,4,2,0
4183,5,0,0
4183,5,2,0
4183,6,1,0
4183,6,2,0
4183,7,0,0
4183,7,1,0
4183,7,2,0
4184,1,0,0
4184,2,1,0
4184,3,0,0
4184,3,1,0
4184,4,2,0
4184,5,0,0
4184,5,2,0
4184,6,1,0
4184,6,2,0
4184,7,0,0
4184,7,1,0
4184,7,2,0
4185,1,0,1
4185,2,1,0
4185,3,0,1
4185,3,1,0
4185,4,2,0
4185,5,0,1
4185,5,2,0
4185,6,1,0
4185,6,2,0
4185,7,0,1
4185,7,1,0
4185,7,2,0
4186,1,0,1
4186,2,1,0
4186,3,0,1
4186,3,1,0
4186,4,2,0
4186,5,0,1
4186,5,2,0
4186,6,1,0
4186,6,2,0
4186,7,0,1
4186,7,1,0
4186,7,2,0
4187,1,0,0
4187,2,1,0
4187,3,0,0
4187,3,1,0
4187,4,2,0
4187,5,0,0
4187,5,2,0
4187,6,1,0
4187,6,2,0
4187,7,0,0
4187,7,1,0
4187,7,2,0
4188,1,0,0
4188,2,1,0
4188,3,0,0
4188,3,1,0
4188,4,2,0
4188,5,0,0
4188,5,2,0
4188,6,1,0
4188,6,2,0
4188,7,0,0
4188,7,1,0
4188,7,2,0
4189,1,0,0
4189,2,1,0
4189,3,0,0
4189,3,1,0
4189,4,2,0
4189,5,0,0
4189,5,2,0
4189,6,1,0
4189,6,2,0
4189,7,0,0
4189,7,1,0
4189,7,2,0
4190,1,0,0
4190,2,1,0
4190,3,0,0
4190,3,1,0
4190,4,2,0
4190,5,0,0
4190,5,2,0
4190,6,1,0
4190,6,2,0
4190,7,0,0
4190,7,1,0
4190,7,2,0
4191,1,0,0
4191,2,1,0
4191,3,0,0
4191,3,1,0
4191,4,2,0
4191,5,0,0
4191,5,2,0
4191,6,1,0
4191,6,2,0
4191,7,0,0
4191,7,1,0
4191,7,2,0
4192,1,0,0
4192,2,1,0
4192,3,0,0
4192,3,1,0
4192,4,2,0
4192,5,0,0
4192,5,2,0
4192,6,1,0
4192,6,2,0
4192,7,0,0
4192,7,1,0
4192,7,2,0
4193,1,0,0
4193,2,1,0
4193,3,0,0
4193,3,1,0
4193,4,2,0
4193,5,0,0
4193,5,2,0
4193,6,1,0
4193,6,2,0
4193,7,0,0
4193,7,1,0
4193,7,2,0
4194,1,0,0
4194,2,1,0
4194,3,0,0
4194,3,1,0
4194,4,2,0
4194,5,0,0
4194,5,2,0
4194,6,1,0
4194,6,2,0
4194,7,0,0
4194,7,1,0
4194,7,2,0
4195,1,0,0
4195,2,1,0
4195,3,0,0
4195,3,1,0
4195,4,2,0
4195,5,0,0
4195,5,2,0
4195,6,1,0
4195,6,2,0
4195,7,0,0
4195,7,1,0
4195,7,2,0
4196,1,0,0
4196,2,1,0
4196,3,0,0
4196,3,1,0
4196,4,2,0
4196,5,0,0
4196,5,2,0
4196,6,1,0
4196,6,2,0
4196,7,0,0
4196,7,1,0
4196,7,2,0
4197,1,0,0
4197,2,1,0
4197,3,0,0
4197,3,1,0
4197,4,2,0
4197,5,0,0
4197,5,2,0
4197,6,1,0
4197,6,2,0
4197,7,0,0
4197,7,1,0
4197,7,2,0
4198,1,0,0
4198,2,1,0
4198,3,0,0
4198,3,1,0
4198,4,2,0
4198,5,0,0
4198,5,2,0
4198,6,1,0
4198,6,2,0
4198,7,0,0
4198,7,1,0
4198,7,2,0
4199,1,0,0
4199,2,1,0
4199,3,0,0
4199,3,1,0
4199,4,2,0
4199,5,0,0
4199,5,2,0
4199,6,1,0
4199,6,2,0
4199,7,0,0
4199,7,1,0
4199,7,2,0
4200,1,0,0
4200,2,1,0
4200,3,0,0
4200,3,1,0
4200,4,2,0
4200,5,0,0
4200,5,2,0
4200,6,1,0
4200,6,2,0
4200,7,0,0
4200,7,1,0
4200,7,2,0
4201,1,0,0
4201,2,1,0
4201,3,0,0
4201,3,1,0
4201,4,2,0
4201,5,0,0
4201,5,2,0
4201,6,1,0
4201,6,2,0
4201,7,0,0
4201,7,1,0
4201,7,2,0
4202,1,0,0
4202,2,1,0
4202,3,0,0
4202,3,1,0
4202,4,2,0
4202,5,0,0
4202,5,2,0
4202,6,1,0
4202,6,2,0
4202,7,0,0
4202,7,1,0
4202,7,2,0
4203,1,0,0
4203,2,1,0
4203,3,0,0
4203,3,1,0
4203,4,2,0
4203,5,0,0
4203,5,2,0
4203,6,1,0
4203,6,2,0
4203,7,0,0
4203,7,1,0
4203,7,2,0
4204,1,0,0
4204,2,1,0
4204,3,0,0
4204,3,1,0
4204,4,2,0
4204,5,0,0
4204,5,2,0
4204,6,1,0
4204,6,2,0
4204,7,0,0
4204,7,1,0
4204,7,2,0
4205,1,0,0
4205,2,1,0
4205,3,0,0
4205,3,1,0
4205,4,2,0
4205,5,0,0
4205,5,2,0
4205,6,1,0
4205,6,2,0
4205,7,0,0
4205,7,1,0
4205,7,2,0
4206,1,0,0
4206,2,1,0
4206,3,0,0
4206,3,1,0
4206,4,2,0
4206,5,0,0
4206,5,2,0
4206,6,1,0
4206,6,2,0
4206,7,0,0
4206,7,1,0
4206,7,2,0
4207,1,0,0
4207,2,1,0
4207,3,0,0
4207,3,1,0
4207,4,2,0
4207,5,0,0
4207,5,2,0
4207,6,1,0
4207,6,2,0
4207,7,0,0
4207,7,1,0
4207,7,2,0
4208,1,0,0
4208,2,1,0
4208,3,0,0
4208,3,1,0
4208,4,2,0
4208,5,0,0
4208,5,2,0
4208,6,1,0
4208,6,2,0
4208,7,0,0
4208,7,1,0
4208,7,2,0
4209,1,0,0
4209,2,1,0
4209,3,0,0
4209,3,1,0
4209,4,2,0
4209,5,0,0
4209,5,2,0
4209,6,1,0
4209,6,2,0
4209,7,0,0
4209,7,1,0
4209,7,2,0
4210,1,0,0
4210,2,1,0
4210,3,0,0
4210,3,1,0
4210,4,2,0
4210,5,0,0
4210,5,2,0
4210,6,1,0
4210,6,2,0
4210,7,0,0
4210,7,1,0
4210,7,2,0
4211,1,0,0
4211,2,1,0
4211,3,0,0
4211,3,1,0
4211,4,2,0
4211,5,0,0
4211,5,2,0
4211,6,1,0
4211,6,2,0
4211,7,0,0
4211,7,1,0
4211,7,2,0
4212,1,0,1
4212,2,1,0
4212,3,0,1
4212,3,1,0
4212,4,2,0
4212,5,0,1
4212,5,2,0
4212,6,1,0
4212,6,2,0
4212,7,0,1
4212,7,1,0
4212,7,2,0
4213,1,0,1
4213,2,1,0
4213,3,0,1
4213,3,1,0
4213,4,2,0
4213,5,0,1
4213,5,2,0
4213,6,1,0
4213,6,2,0
4213,7,0,1
4213,7,1,0
4213,7,2,0
4214,1,0,0
4214,2,1,0
4214,3,0,0
4214,3,1,0
4214,4,2,0
4214,5,0,0
4214,5,2,0
4214,6,1,0
4214,6,2,0
4214,7,0,0
4214,7,1,0
4214,7,2,0
4215,1,0,0
4215,2,1,0
4215,3,0,0
4215,3,1,0
4215,4,2,0
4215,5,0,0
4215,5,2,0
4215,6,1,0
4215,6,2,0
4215,7,0,0
4215,7,1,0
4215,7,2,0
4216,1,0,0
4216,2,1,0
4216,3,0,0
4216,3,1,0
4216,4,2,0
4216,5,0,0
4216,5,2,0
4216,6,1,0
4216,6,2,0
4216,7,0,0
4216,7,1,0
4216,7,2,0
4217,1,0,0
4217,2,1,0
4217,3,0,0
4217,3,1,0
4217,4,2,0
4217,5,0,0
4217,5,2,0
4217,6,1,0
4217,6,2,0
4217,7,0,0
4217,7,1,0
4217,7,2,0
4218,1,0,0
4218,2,1,0
4218,3,0,0
4218,3,1,0
4218,4,2,0
4218,5,0,0
4218,5,2,0
4218,6,1,0
4218,6,2,0
4218,7,0,0
4218,7,1,0
4218,7,2,0
4219,1,0,0
4219,2,1,0
4219,3,0,0
4219,3,1,0
4219,4,2,0
4219,5,0,0
4219,5,2,0
4219,6,1,0
4219,6,2,0
4219,7,0,0
4219,7,1,0
4219,7,2,0
4220,1,0,0
4220,2,1,0
4220,3,0,0
4220,3,1,0
4220,4,2,0
4220,5,0,0
4220,5,2,0
4220,6,1,0
4220,6,2,0
4220,7,0,0
4220,7,1,0
4220,7,2,0
4221,1,0,0
4221,2,1,0
4221,3,0,0
4221,3,1,0
4221,4,2,0
4221,5,0,0
4221,5,2,0
4221,6,1,0
4221,6,2,0
4221,7,0,0
4221,7,1,0
4221,7,2,0
4222,1,0,0
4222,2,1,0
4222,3,0,0
4222,3,1,0
4222,4,2,0
4222,5,0,0
4222,5,2,0
4222,6,1,0
4222,6,2,0
4222,7,0,0
4222,7,1,0
4222,7,2,0
4223,1,0,0
4223,2,1,0
4223,3,0,0
4223,3,1,0
4223,4,2,0
4223,5,0,0
4223,5,2,0
4223,6,1,0
4223,6,2,0
4223,7,0,0
4223,7,1,0
4223,7,2,0
4224,1,0,0
4224,2,1,0
4224,3,0,0
4224,3,1,0
4224,4,2,0
4224,5,0,0
4224,5,2,0
4224,6,1,0
4224,6,2,0
4224,7,0,0
4224,7,1,0
4224,7,2,0
4225,1,0,0
4225,2,1,0
4225,3,0,0
4225,3,1,0
4225,4,2,0
4225,5,0,0
4225,5,2,0
4225,6,1,0
4225,6,2,0
4225,7,0,0
4225,7,1,0
4225,7,2,0
4226,1,0,0
4226,2,1,0
4226,3,0,0
4226,3,1,0
4226,4,2,0
4226,5,0,0
4226,5,2,0
4226,6,1,0
4226,6,2,0
4226,7,0,0
4226,7,1,0
4226,7,2,0
4227,1,0,0
4227,2,1,0
4227,3,0,0
4227,3,1,0
4227,4,2,0
4227,5,0,0
4227,5,2,0
4227,6,1,0
4227,6,2,0
4227,7,0,0
4227,7,1,0
4227,7,2,0
4228,1,0,0
4228,2,1,0
4228,3,0,0
4228,3,1,0
4228,4,2,0
4228,5,0,0
4228,5,2,0
4228,6,1,0
4228,6,2,0
4228,7,0,0
4228,7,1,0
4228,7,2,0
4229,1,0,0
4229,2,1,0
4229,3,0,0
4229,3,1,0
4229,4,2,0
4229,5,0,0
4229,5,2,0
4229,6,1,0
4229,6,2,0
4229,7,0,0
4229,7,1,0
4229,7,2,0
4230,1,0,0
4230,2,1,0
4230,3,0,0
4230,3,1,0
4230,4,2,0
4230,5,0,0
4230,5,2,0
4230,6,1,0
4230,6,2,0
4230,7,0,0
4230,7,1,0
4230,7,2,0
4231,1,0,0
4231,2,1,0
4231,3,0,0
4231,3,1,0
4231,4,2,0
4231,5,0,0
4231,5,2,0
4231,6,1,0
4231,6,2,0
4231,7,0,0
4231,7,1,0
4231,7,2,0
4232,1,0,0
4232,2,1,0
4232,3,0,0
4232,3,1,0
4232,4,2,0
4232,5,0,0
4232,5,2,0
4232,6,1,0
4232,6,2,0
4232,7,0,0
4232,7,1,0
4232,7,2,0
4233,1,0,0
4233,2,1,0
4233,3,0,0
4233,3,1,0
4233,4,2,0
4233,5,0,0
4233,5,2,0
4233,6,1,0
4233,6,2,0
4233,7,0,0
4233,7,1,0
4233,7,2,0
4234,1,0,0
4234,2,1,0
4234,3,0,0
4234,3,1,0
4234,4,2,0
4234,5,0,0
4234,5,2,0
4234,6,1,0
4234,6,2,0
4234,7,0,0
4234,7,1,0
4234,7,2,0
4235,1,0,0
4235,2,1,0
4235,3,0,0
4235,3,1,0
4235,4,2,0
4235,5,0,0
4235,5,2,0
4235,6,1,0
4235,6,2,0
4235,7,0,0
4235,7,1,0
4235,7,2,0
4236,1,0,0
4236,2,1,0
4236,3,0,0
4236,3,1,0
4236,4,2,0
4236,5,0,0
4236,5,2,0
4236,6,1,0
4236,6,2,0
4236,7,0,0
4236,7,1,0
4236,7,2,0
4237,1,0,0
4237,2,1,0
4237,3,0,0
4237,3,1,0
4237,4,2,0
4237,5,0,0
4237,5,2,0
4237,6,1,0
4237,6,2,0
4237,7,0,0
4237,7,1,0
4237,7,2,0
4238,1,0,0
4238,2,1,0
4238,3,0,0
4238,3,1,0
4238,4,2,0
4238,5,0,0
4238,5,2,0
4238,6,1,0
4238,6,2,0
4238,7,0,0
4238,7,1,0
4238,7,2,0
4239,1,0,1
4239,2,1,0
4239,3,0,1
4239,3,1,0
4239,4,2,0
4239,5,0,1
4239,5,2,0
4239,6,1,0
4239,6,2,0
4239,7,0,1
4239,7,1,0
4239,7,2,0
4240,1,0,1
4240,2,1,0
4240,3,0,1
4240,3,1,0
4240,4,2,0
4240,5,0,1
4240,5,2,0
4240,6,1,0
4240,6,2,0
4240,7,0,1
4240,7,1,0
4240,7,2,0
4241,1,0,0
4241,2,1,0
4241,3,0,0
4241,3,1,0
4241,4,2,0
4241,5,0,0
4241,5,2,0
4241,6,1,0
4241,6,2,0
4241,7,0,0
4241,7,1,0
4241,7,2,0
4242,1,0,0
4242,2,1,0
4242,3,0,0
4242,3,1,0
4242,4,2,0
4242,5,0,0
4242,5,2,0
4242,6,1,0
4242,6,2,0
4242,7,0,0
4242,7,1,0
4242,7,2,0
4243,1,0,0
4243,2,1,0
4243,3,0,0
4243,3,1,0
4243,4,2,0
4243,5,0,0
4243,5,2,0
4243,6,1,0
4243,6,2,0
4243,7,0,0
4243,7,1,0
4243,7,2,0
4244,1,0,0
4244,2,1,0
4244,3,0,0
4244,3,1,0
4244,4,2,0
4244,5,0,0
4244,5,2,0
4244,6,1,0
4244,6,2,0
4244,7,0,0
4244,7,1,0
4244,7,2,0
4245,1,0,0
4245,2,1,0
4245,3,0,0
4245,3,1,0
4245,4,2,0
4245,5,0,0
4245,5,2,0
4245,6,1,0
4245,6,2,0
4245,7,0,0
4245,7,1,0
4245,7,2,0
4246,1,0,0
4246,2,1,0
4246,3,0,0
4246,3,1,0
4246,4,2,0
4246,5,0,0
4246,5,2,0
4246,6,1,0
4246,6,2,0
4246,7,0,0
4246,7,1,0
4246,7,2,0
4247,1,0,0
4247,2,1,0
4247,3,0,0
4247,3,1,0
4247,4,2,0
4247,5,0,0
4247,5,2,0
4247,6,1,0
4247,6,2,0
4247,7,0,0
4247,7,1,0
4247,7,2,0
4248,1,0,0
4248,2,1,0
4248,3,0,0
4248,3,1,0
4248,4,2,0
4248,5,0,0
4248,5,2,0
4248,6,1,0
4248,6,2,0
4248,7,0,0
4248,7,1,0
4248,7,2,0
4249,1,0,0
4249,2,1,0
4249,3,0,0
4249,3,1,0
4249,4,2,0
4249,5,0,0
4249,5,2,0
4249,6,1,0
4249,6,2,0
4249,7,0,0
4249,7,1,0
4249,7,2,0
4250,1,0,0
4250,2,1,0
4250,3,0,0
4250,3,1,0
4250,4,2,0
4250,5,0,0
4250,5,2,0
4250,6,1,0
4250,6,2,0
4250,7,0,0
4250,7,1,0
4250,7,2,0
4251,1,0,0
4251,2,1,0
4251,3,0,0
4251,3,1,0
4251,4,2,0
4251,5,0,0
4251,5,2,0
4251,6,1,0
4251,6,2,0
4251,7,0,0
4251,7,1,0
4251,7,2,0
4252,1,0,0
4252,2,1,0
4252,3,0,0
4252,3,1,0
4252,4,2,0
4252,5,0,0
4252,5,2,0
4252,6,1,0
4252,6,2,0
4252,7,0,0
4252,7,1,0
4252,7,2,0
4253,1,0,0
4253,2,1,0
4253,3,0,0
4253,3,1,0
4253,4,2,0
4253,5,0,0
4253,5,2,0
4253,6,1,0
4253,6,2,0
4253,7,0,0
4253,7,1,0
4253,7,2,0
4254,1,0,0
4254,2,1,0
4254,3,0,0
4254,3,1,0
4254,4,2,0
4254,5,0,0
4254,5,2,0
4254,6,1,0
4254,6,2,0
4254,7,0,0
4254,7,1,0
4254,7,2,0
4255,1,0,0
4255,2,1,0
4255,3,0,0
4255,3,1,0
4255,4,2,0
4255,5,0,0
4255,5,2,0
4255,6,1,0
4255,6,2,0
4255,7,0,0
4255,7,1,0
4255,7,2,0
4256,1,0,0
4256,2,1,0
4256,3,0,0
4256,3,1,0
4256,4,2,0
4256,5,0,0
4256,5,2,0
4256,6,1,0
4256,6,2,0
4256,7,0,0
4256,7,1,0
4256,7,2,0
4257,1,0,0
4257,2,1,0
4257,3,0,0
4257,3,1,0
4257,4,2,0
4257,5,0,0
4257,5,2,0
4257,6,1,0
4257,6,2,0
4257,7,0,0
4257,7,1,0
4257,7,2,0
4258,1,0,0
4258,2,1,0
4258,3,0,0
4258,3,1,0
4258,4,2,0
4258,5,0,0
4258,5,2,0
4258,6,1,0
4258,6,2,0
4258,7,0,0
4258,7,1,0
4258,7,2,0
4259,1,0,0
4259,2,1,0
4259,3,0,0
4259,3,1,0
4259,4,2,0
4259,5,0,0
4259,5,2,0
4259,6,1,0
4259,6,2,0
4259,7,0,0
4259,7,1,0
4259,7,2,0
4260,1,0,0
4260,2,1,0
4260,3,0,0
4260,3,1,0
4260,4,2,0
4260,5,0,0
4260,5,2,0
4260,6,1,0
4260,6,2,0
4260,7,0,0
4260,7,1,0
4260,7,2,0
4261,1,0,0
4261,2,1,0
4261,3,0,0
4261,3,1,0
4261,4,2,0
4261,5,0,0
4261,5,2,0
4261,6,1,0
4261,6,2,0
4261,7,0,0
4261,7,1,0
4261,7,2,0
4262,1,0,0
4262,2,1,0
4262,3,0,0
4262,3,1,0
4262,4,2,0
4262,5,0,0
4262,5,2,0
4262,6,1,0
4262,6,2,0
4262,7,0,0
4262,7,1,0
4262,7,2,0
4263,1,0,0
4263,2,1,0
4263,3,0,0
4263,3,1,0
4263,4,2,0
4263,5,0,0
4263,5,2,0
4263,6,1,0
4263,6,2,0
4263,7,0,0
4263,7,1,0
4263,7,2,0
4264,1,0,0
4264,2,1,0
4264,3,0,0
4264,3,1,0
4264,4,2,0
4264,5,0,0
4264,5,2,0
4264,6,1,0
4264,6,2,0
4264,7,0,0
4264,7,1,0
4264,7,2,0
4265,1,0,0
4265,2,1,0
4265,3,0,0
4265,3,1,0
4265,4,2,0
4265,5,0,0
4265,5,2,0
4265,6,1,0
4265,6,2,0
4265,7,0,0
4265,7,1,0
4265,7,2,0
4266,1,0,1
4266,2,1,0
4266,3,0,1
4266,3,1,0
4266,4,2,0
4266,5,0,1
4266,5,2,0
4266,6,1,0
4266,6,2,0
4266,7,0,1
4266,7,1,0
4266,7,2,0
4267,1,0,1
4267,2,1,0
4267,3,0,1
4267,3,1,0
4267,4,2,0
4267,5,0,1
4267,5,2,0
4267,6,1,0
4267,6,2,0
4267,7,0,1
4267,7,1,0
4267,7,2,0
4268,1,0,0
4268,2,1,0
4268,3,0,0
4268,3,1,0
4268,4,2,0
4268,5,0,0
4268,5,2,0
4268,6,1,0
4268,6,2,0
4268,7,0,0
4268,7,1,0
4268,7,2,0
4269,1,0,0
4269,2,1,0
4269,3,0,0
4269,3,1,0
4269,4,2,0
4269,5,0,0
4269,5,2,0
4269,6,1,0
4269,6,2,0
4269,7,0,0
4269,7,1,0
4269,7,2,0
4270,1,0,0
4270,2,1,0
4270,3,0,0
4270,3,1,0
4270,4,2,0
4270,5,0,0
4270,5,2,0
4270,6,1,0
4270,6,2,0
4270,7,0,0
4270,7,1,0
4270,7,2,0
4271,1,0,0
4271,2,1,0
4271,3,0,0
4271,3,1,0
4271,4,2,0
4271,5,0,0
4271,5,2,0
4271,6,1,0
4271,6,2,0
4271,7,0,0
4271,7,1,0
4271,7,2,0
4272,1,0,0
4272,2,1,0
4272,3,0,0
4272,3,1,0
4272,4,2,0
4272,5,0,0
4272,5,2,0
4272,6,1,0
4272,6,2,0
4272,7,0,0
4272,7,1,0
4272,7,2,0
4273,1,0,0
4273,2,1,0
4273,3,0,0
4273,3,1,0
4273,4,2,0
4273,5,0,0
4273,5,2,0
4273,6,1,0
4273,6,2,0
4273,7,0,0
4273,7,1,0
4273,7,2,0
4274,1,0,0
4274,2,1,0
4274,3,0,0
4274,3,1,0
4274,4,2,0
4274,5,0,0
4274,5,2,0
4274,6,1,0
4274,6,2,0
4274,7,0,0
4274,7,1,0
4274,7,2,0
4275,1,0,0
4275,2,1,0
4275,3,0,0
4275,3,1,0
4275,4,2,0
4275,5,0,0
4275,5,2,0
4275,6,1,0
4275,6,2,0
4275,7,0,0
4275,7,1,0
4275,7,2,0
4276,1,0,0
4276,2,1,0
4276,3,0,0
4276,3,1,0
4276,4,2,0
4276,5,0,0
4276,5,2,0
4276,6,1,0
4276,6,2,0
4276,7,0,0
4276,7,1,0
4276,7,2,0
4277,1,0,0
4277,2,1,0
4277,3,0,0
4277,3,1,0
4277,4,2,0
4277,5,0,0
4277,5,2,0
4277,6,1,0
4277,6,2,0
4277,7,0,0
4277,7,1,0
4277,7,2,0
4278,1,0,0
4278,2,1,0
4278,3,0,0
4278,3,1,0
4278,4,2,0
4278,5,0,0
4278,5,2,0
4278,6,1,0
4278,6,2,0
4278,7,0,0
4278,7,1,0
4278,7,2,0
4279,1,0,0
4279,2,1,0
4279,3,0,0
4279,3,1,0
4279,4,2,0
4279,5,0,0
4279,5,2,0
4279,6,1,0
4279,6,2,0
4279,7,0,0
4279,7,1,0
4279,7,2,0
4280,1,0,0
4280,2,1,0
4280,3,0,0
4280,3,1,0
4280,4,2,0
4280,5,0,0
4280,5,2,0
4280,6,1,0
4280,6,2,0
4280,7,0,0
4280,7,1,0
4280,7,2,0
4281,1,0,0
4281,2,1,0
4281,3,0,0
4281,3,1,0
4281,4,2,0
4281,5,0,0
4281,5,2,0
4281,6,1,0
4281,6,2,0
4281,7,0,0
4281,7,1,0
4281,7,2,0
4282,1,0,0
4282,2,1,0
4282,3,0,0
4282,3,1,0
4282,4,2,0
4282,5,0,0
4282,5,2,0
4282,6,1,0
4282,6,2,0
4282,7,0,0
4282,7,1,0
4282,7,2,0
4283,1,0,0
4283,2,1,0
4283,3,0,0
4283,3,1,0
4283,4,2,0
4283,5,0,0
4283,5,2,0
4283,6,1,0
4283,6,2,0
4283,7,0,0
4283,7,1,0
4283,7,2,0
4284,1,0,0
4284,2,1,0
4284,3,0,0
4284,3,1,0
4284,4,2,0
4284,5,0,0
4284,5,2,0
4284,6,1,0
4284,6,2,0
4284,7,0,0
4284,7,1,0
4284,7,2,0
4285,1,0,0
4285,2,1,0
4285,3,0,0
4285,3,1,0
4285,4,2,0
4285,5,0,0
4285,5,2,0
4285,6,1,0
4285,6,2,0
4285,7,0,0
4285,7,1,0
4285,7,2,0
4286,1,0,0
4286,2,1,0
4286,3,0,0
4286,3,1,0
4286,4,2,0
4286,5,0,0
4286,5,2,0
4286,6,1,0
4286,6,2,0
4286,7,0,0
4286,7,1,0
4286,7,2,0
4287,1,0,0
4287,2,1,0
4287,3,0,0
4287,3,1,0
4287,4,2,0
4287,5,0,0
4287,5,2,0
4287,6,1,0
4287,6,2,0
4287,7,0,0
4287,7,1,0
4287,7,2,0
4288,1,0,0
4288,2,1,0
4288,3,0,0
4288,3,1,0
4288,4,2,0
4288,5,0,0
4288,5,2,0
4288,6,1,0
4288,6,2,0
4288,7,0,0
4288,7,1,0
4288,7,2,0
4289,1,0,0
4289,2,1,0
4289,3,0,0
4289,3,1,0
4289,4,2,0
4289,5,0,0
4289,5,2,0
4289,6,1,0
4289,6,2,0
4289,7,0,0
4289,7,1,0
4289,7,2,0
4290,1,0,0
4290,2,1,0
4290,3,0,0
4290,3,1,0
4290,4,2,0
4290,5,0,0
4290,5,2,0
4290,6,1,0
4290,6,2,0
4290,7,0,0
4290,7,1,0
4290,7,2,0
4291,1,0,0
4291,2,1,0
4291,3,0,0
4291,3,1,0
4291,4,2,0
4291,5,0,0
4291,5,2,0
4291,6,1,0
4291,6,2,0
4291,7,0,0
4291,7,1,0
4291,7,2,0
4292,1,0,0
4292,2,1,0
4292,3,0,0
4292,3,1,0
4292,4,2,0
4292,5,0,0
4292,5,2,0
4292,6,1,0
4292,6,2,0
4292,7,0,0
4292,7,1,0
4292,7,2,0
4293,1,0,1
4293,2,1,0
4293,3,0,1
4293,3,1,0
4293,4,2,0
4293,5,0,1
4293,5,2,0
4293,6,1,0
4293,6,2,0
4293,7,0,1
4293,7,1,0
4293,7,2,0
4294,1,0,1
4294,2,1,0
4294,3,0,1
4294,3,1,0
4294,4,2,0
4294,5,0,1
4294,5,2,0
4294,6,1,0
4294,6,2,0
4294,7,0,1
4294,7,1,0
4294,7,2,0
4295,1,0,0
4295,2,1,0
4295,3,0,0
4295,3,1,0
4295,4,2,0
4295,5,0,0
4295,5,2,0
4295,6,1,0
4295,6,2,0
4295,7,0,0
4295,7,1,0
4295,7,2,0
4296,1,0,0
4296,2,1,0
4296,3,0,0
4296,3,1,0
4296,4,2,0
4296,5,0,0
4296,5,2,0
4296,6,1,0
4296,6,2,0
4296,7,0,0
4296,7,1,0
4296,7,2,0
4297,1,0,0
4297,2,1,0
4297,3,0,0
4297,3,1,0
4297,4,2,0
4297,5,0,0
4297,5,2,0
4297,6,1,0
4297,6,2,0
4297,7,0,0
4297,7,1,0
4297,7,2,0
4298,1,0,0
4298,2,1,0
4298,3,0,0
4298,3,1,0
4298,4,2,0
4298,5,0,0
4298,5,2,0
4298,6,1,0
4298,6,2,0
4298,7,0,0
4298,7,1,0
4298,7,2,0
4299,1,0,0
4299,2,1,0
4299,3,0,0
4299,3,1,0
4299,4,2,0
4299,5,0,0
4299,5,2,0
4299,6,1,0
4299,6,2,0
4299,7,0,0
4299,7,1,0
4299,7,2,0
4300,1,0,0
4300,2,1,0
4300,3,0,0
4300,3,1,0
4300,4,2,0
4300,5,0,0
4300,5,2,0
4300,6,1,0
4300,6,2,0
4300,7,0,0
4300,7,1,0
4300,7,2,0
4301,1,0,0
4301,2,1,0
4301,3,0,0
4301,3,1,0
4301,4,2,0
4301,5,0,0
4301,5,2,0
4301,6,1,0
4301,6,2,0
4301,7,0,0
4301,7,1,0
4301,7,2,0
4302,1,0,0
4302,2,1,0
4302,3,0,0
4302,3,1,0
4302,4,2,0
4302,5,0,0
4302,5,2,0
4302,6,1,0
4302,6,2,0
4302,7,0,0
4302,7,1,0
4302,7,2,0
4303,1,0,0
4303,2,1,0
4303,3,0,0
4303,3,1,0
4303,4,2,0
4303,5,0,0
4303,5,2,0
4303,6,1,0
4303,6,2,0
4303,7,0,0
4303,7,1,0
4303,7,2,0
4304,1,0,0
4304,2,1,0
4304,3,0,0
4304,3,1,0
4304,4,2,0
4304,5,0,0
4304,5,2,0
4304,6,1,0
4304,6,2,0
4304,7,0,0
4304,7,1,0
4304,7,2,0
4305,1,0,0
4305,2,1,0
4305,3,0,0
4305,3,1,0
4305,4,2,0
4305,5,0,0
4305,5,2,0
4305,6,1,0
4305,6,2,0
4305,7,0,0
4305,7,1,0
4305,7,2,0
4306,1,0,0
4306,2,1,0
4306,3,0,0
4306,3,1,0
4306,4,2,0
4306,5,0,0
4306,5,2,0
4306,6,1,0
4306,6,2,0
4306,7,0,0
4306,7,1,0
4306,7,2,0
4307,1,0,0
4307,2,1,0
4307,3,0,0
4307,3,1,0
4307,4,2,0
4307,5,0,0
4307,5,2,0
4307,6,1,0
4307,6,2,0
4307,7,0,0
4307,7,1,0
4307,7,2,0
4308,1,0,0
4308,2,1,0
4308,3,0,0
4308,3,1,0
4308,4,2,0
4308,5,0,0
4308,5,2,0
4308,6,1,0
4308,6,2,0
4308,7,0,0
4308,7,1,0
4308,7,2,0
4309,1,0,0
4309,2,1,0
4309,3,0,0
4309,3,1,0
4309,4,2,0
4309,5,0,0
4309,5,2,0
4309,6,1,0
4309,6,2,0
4309,7,0,0
4309,7,1,0
4309,7,2,0
4310,1,0,0
4310,2,1,0
4310,3,0,0
4310,3,1,0
4310,4,2,0
4310,5,0,0
4310,5,2,0
4310,6,1,0
4310,6,2,0
4310,7,0,0
4310,7,1,0
4310,7,2,0
4311,1,0,0
4311,2,1,0
4311,3,0,0
4311,3,1,0
4311,4,2,0
4311,5,0,0
4311,5,2,0
4311,6,1,0
4311,6,2,0
4311,7,0,0
4311,7,1,0
4311,7,2,0
4312,1,0,0
4312,2,1,0
4312,3,0,0
4312,3,1,0
4312,4,2,0
4312,5,0,0
4312,5,2,0
4312,6,1,0
4312,6,2,0
4312,7,0,0
4312,7,1,0
4312,7,2,0
4313,1,0,0
4313,2,1,0
4313,3,0,0
4313,3,1,0
4313,4,2,0
4313,5,0,0
4313,5,2,0
4313,6,1,0
4313,6,2,0
4313,7,0,0
4313,7,1,0
4313,7,2,0
4314,1,0,0
4314,2,1,0
4314,3,0,0
4314,3,1,0
4314,4,2,0
4314,5,0,0
4314,5,2,0
4314,6,1,0
4314,6,2,0
4314,7,0,0
4314,7,1,0
4314,7,2,0
4315,1,0,0
4315,2,1,0
4315,3,0,0
4315,3,1,0
4315,4,2,0
4315,5,0,0
4315,5,2,0
4315,6,1,0
4315,6,2,0
4315,7,0,0
4315,7,1,0
4315,7,2,0
4316,1,0,0
4316,2,1,0
4316,3,0,0
4316,3,1,0
4316,4,2,0
4316,5,0,0
4316,5,2,0
4316,6,1,0
4316,6,2,0
4316,7,0,0
4316,7,1,0
4316,7,2,0
4317,1,0,0
4317,2,1,0
4317,3,0,0
4317,3,1,0
4317,4,2,0
4317,5,0,0
4317,5,2,0
4317,6,1,0
4317,6,2,0
4317,7,0,0
4317,7,1,0
4317,7,2,0
4318,1,0,0
4318,2,1,0
4318,3,0,0
4318,3,1,0
4318,4,2,0
4318,5,0,0
4318,5,2,0
4318,6,1,0
4318,6,2,0
4318,7,0,0
4318,7,1,0
4318,7,2,0
4319,1,0,0
4319,2,1,0
4319,3,0,0
4319,3,1,0
4319,4,2,0
4319,5,0,0
4319,5,2,0
4319,6,1,0
4319,6,2,0
4319,7,0,0
4319,7,1,0
4319,7,2,0
4320,1,0,1
4320,2,1,0
4320,3,0,1
4320,3,1,0
4320,4,2,0
4320,5,0,1
4320,5,2,0
4320,6,1,0
4320,6,2,0
4320,7,0,1
4320,7,1,0
4320,7,2,0
4321,1,0,1
4321,2,1,0
4321,3,0,1
4321,3,1,0
4321,4,2,0
4321,5,0,1
4321,5,2,0
4321,6,1,0
4321,6,2,0
4321,7,0,1
4321,7,1,0
4321,7,2,0
4322,1,0,0
4322,2,1,0
4322,3,0,0
4322,3,1,0
4322,4,2,0
4322,5,0,0
4322,5,2,0
4322,6,1,0
4322,6,2,0
4322,7,0,0
4322,7,1,0
4322,7,2,0
4323,1,0,0
4323,2,1,0
4323,3,0,0
4323,3,1,0
4323,4,2,0
4323,5,0,0
4323,5,2,0
4323,6,1,0
4323,6,2,0
4323,7,0,0
4323,7,1,0
4323,7,2,0
4324,1,0,0
4324,2,1,0
4324,3,0,0
4324,3,1,0
4324,4,2,0
4324,5,0,0
4324,5,2,0
4324,6,1,0
4324,6,2,0
4324,7,0,0
4324,7,1,0
4324,7,2,0
4325,1,0,0
4325,2,1,0
4325,3,0,0
4325,3,1,0
4325,4,2,0
4325,5,0,0
4325,5,2,0
4325,6,1,0
4325,6,2,0
4325,7,0,0
4325,7,1,0
4325,7,2,0
4326,1,0,0
4326,2,1,0
4326,3,0,0
4326,3,1,0
4326,4,2,0
4326,5,0,0
4326,5,2,0
4326,6,1,0
4326,6,2,0
4326,7,0,0
4326,7,1,0
4326,7,2,0
4327,1,0,0
4327,2,1,0
4327,3,0,0
4327,3,1,0
4327,4,2,0
4327,5,0,0
4327,5,2,0
4327,6,1,0
4327,6,2,0
4327,7,0,0
4327,7,1,0
4327,7,2,0
4328,1,0,0
4328,2,1,0
4328,3,0,0
4328,3,1,0
4328,4,2,0
4328,5,0,0
4328,5,2,0
4328,6,1,0
4328,6,2,0
4328,7,0,0
4328,7,1,0
4328,7,2,0
4329,1,0,0
4329,2,1,0
4329,3,0,0
4329,3,1,0
4329,4,2,0
4329,5,0,0
4329,5,2,0
4329,6,1,0
4329,6,2,0
4329,7,0,0
4329,7,1,0
4329,7,2,0
4330,1,0,0
4330,2,1,0
4330,3,0,0
4330,3,1,0
4330,4,2,0
4330,5,0,0
4330,5,2,0
4330,6,1,0
4330,6,2,0
4330,7,0,0
4330,7,1,0
4330,7,2,0
4331,1,0,0
4331,2,1,0
4331,3,0,0
4331,3,1,0
4331,4,2,0
4331,5,0,0
4331,5,2,0
4331,6,1,0
4331,6,2,0
4331,7,0,0
4331,7,1,0
4331,7,2,0
4332,1,0,0
4332,2,1,0
4332,3,0,0
4332,3,1,0
4332,4,2,0
4332,5,0,0
4332,5,2,0
4332,6,1,0
4332,6,2,0
4332,7,0,0
4332,7,1,0
4332,7,2,0
4333,1,0,0
4333,2,1,0
4333,3,0,0
4333,3,1,0
4333,4,2,0
4333,5,0,0
4333,5,2,0
4333,6,1,0
4333,6,2,0
4333,7,0,0
4333,7,1,0
4333,7,2,0
4334,1,0,0
4334,2,1,0
4334,3,0,0
4334,3,1,0
4334,4,2,0
4334,5,0,0
4334,5,2,0
4334,6,1,0
4334,6,2,0
4334,7,0,0
4334,7,1,0
4334,7,2,0
4335,1,0,0
4335,2,1,0
4335,3,0,0
4335,3,1,0
4335,4,2,0
4335,5,0,0
4335,5,2,0
4335,6,1,0
4335,6,2,0
4335,7,0,0
4335,7,1,0
4335,7,2,0
4336,1,0,0
4336,2,1,0
4336,3,0,0
4336,3,1,0
4336,4,2,0
4336,5,0,0
4336,5,2,0
4336,6,1,0
4336,6,2,0
4336,7,0,0
4336,7,1,0
4336,7,2,0
4337,1,0,0
4337,2,1,0
4337,3,0,0
4337,3,1,0
4337,4,2,0
4337,5,0,0
4337,5,2,0
4337,6,1,0
4337,6,2,0
4337,7,0,0
4337,7,1,0
4337,7,2,0
4338,1,0,0
4338,2,1,0
4338,3,0,0
4338,3,1,0
4338,4,2,0
4338,5,0,0
4338,5,2,0
4338,6,1,0
4338,6,2,0
4338,7,0,0
4338,7,1,0
4338,7,2,0
4339,1,0,0
4339,2,1,0
4339,3,0,0
4339,3,1,0
4339,4,2,0
4339,5,0,0
4339,5,2,0
4339,6,1,0
4339,6,2,0
4339,7,0,0
4339,7,1,0
4339,7,2,0
4340,1,0,0
4340,2,1,0
4340,3,0,0
4340,3,1,0
4340,4,2,0
4340,5,0,0
4340,5,2,0
4340,6,1,0
4340,6,2,0
4340,7,0,0
4340,7,1,0
4340,7,2,0
4341,1,0,0
4341,2,1,0
4341,3,0,0
4341,3,1,0
4341,4,2,0
4341,5,0,0
4341,5,2,0
4341,6,1,0
4341,6,2,0
4341,7,0,0
4341,7,1,0
4341,7,2,0
4342,1,0,0
4342,2,1,0
4342,3,0,0
4342,3,1,0
4342,4,2,0
4342,5,0,0
4342,5,2,0
4342,6,1,0
4342,6,2,0
4342,7,0,0
4342,7,1,0
4342,7,2,0
4343,1,0,0
4343,2,1,0
4343,3,0,0
4343,3,1,0
4343,4,2,0
4343,5,0,0
4343,5,2,0
4343,6,1,0
4343,6,2,0
4343,7,0,0
4343,7,1,0
4343,7,2,0
4344,1,0,0
4344,2,1,0
4344,3,0,0
4344,3,1,0
4344,4,2,0
4344,5,0,0
4344,5,2,0
4344,6,1,0
4344,6,2,0
4344,7,0,0
4344,7,1,0
4344,7,2,0
4345,1,0,0
4345,2,1,0
4345,3,0,0
4345,3,1,0
4345,4,2,0
4345,5,0,0
4345,5,2,0
4345,6,1,0
4345,6,2,0
4345,7,0,0
4345,7,1,0
4345,7,2,0
4346,1,0,0
4346,2,1,0
4346,3,0,0
4346,3,1,0
4346,4,2,0
4346,5,0,0
4346,5,2,0
4346,6,1,0
4346,6,2,0
4346,7,0,0
4346,7,1,0
4346,7,2,0
4347,1,0,1
4347,2,1,0
4347,3,0,1
4347,3,1,0
4347,4,2,0
4347,5,0,1
4347,5,2,0
4347,6,1,0
4347,6,2,0
4347,7,0,1
4347,7,1,0
4347,7,2,0
4348,1,0,1
4348,2,1,0
4348,3,0,1
4348,3,1,0
4348,4,2,0
4348,5,0,1
4348,5,2,0
4348,6,1,0
4348,6,2,0
4348,7,0,1
4348,7,1,0
4348,7,2,0
4349,1,0,0
4349,2,1,0
4349,3,0,0
4349,3,1,0
4349,4,2,0
4349,5,0,0
4349,5,2,0
4349,6,1,0
4349,6,2,0
4349,7,0,0
4349,7,1,0
4349,7,2,0
4350,1,0,0
4350,2,1,0
4350,3,0,0
4350,3,1,0
4350,4,2,0
4350,5,0,0
4350,5,2,0
4350,6,1,0
4350,6,2,0
4350,7,0,0
4350,7,1,0
4350,7,2,0
4351,1,0,0
4351,2,1,0
4351,3,0,0
4351,3,1,0
4351,4,2,0
4351,5,0,0
4351,5,2,0
4351,6,1,0
4351,6,2,0
4351,7,0,0
4351,7,1,0
4351,7,2,0
4352,1,0,0
4352,2,1,0
4352,3,0,0
4352,3,1,0
4352,4,2,0
4352,5,0,0
4352,5,2,0
4352,6,1,0
4352,6,2,0
4352,7,0,0
4352,7,1,0
4352,7,2,0
4353,1,0,0
4353,2,1,0
4353,3,0,0
4353,3,1,0
4353,4,2,0
4353,5,0,0
4353,5,2,0
4353,6,1,0
4353,6,2,0
4353,7,0,0
4353,7,1,0
4353,7,2,0
4354,1,0,0
4354,2,1,0
4354,3,0,0
4354,3,1,0
4354,4,2,0
4354,5,0,0
4354,5,2,0
4354,6,1,0
4354,6,2,0
4354,7,0,0
4354,7,1,0
4354,7,2,0
4355,1,0,0
4355,2,1,0
4355,3,0,0
4355,3,1,0
4355,4,2,0
4355,5,0,0
4355,5,2,0
4355,6,1,0
4355,6,2,0
4355,7,0,0
4355,7,1,0
4355,7,2,0
4356,1,0,0
4356,2,1,0
4356,3,0,0
4356,3,1,0
4356,4,2,0
4356,5,0,0
4356,5,2,0
4356,6,1,0
4356,6,2,0
4356,7,0,0
4356,7,1,0
4356,7,2,0
4357,1,0,0
4357,2,1,0
4357,3,0,0
4357,3,1,0
4357,4,2,0
4357,5,0,0
4357,5,2,0
4357,6,1,0
4357,6,2,0
4357,7,0,0
4357,7,1,0
4357,7,2,0
4358,1,0,0
4358,2,1,0
4358,3,0,0
4358,3,1,0
4358,4,2,0
4358,5,0,0
4358,5,2,0
4358,6,1,0
4358,6,2,0
4358,7,0,0
4358,7,1,0
4358,7,2,0
4359,1,0,0
4359,2,1,0
4359,3,0,0
4359,3,1,0
4359,4,2,0
4359,5,0,0
4359,5,2,0
4359,6,1,0
4359,6,2,0
4359,7,0,0
4359,7,1,0
4359,7,2,0
4360,1,0,0
4360,2,1,0
4360,3,0,0
4360,3,1,0
4360,4,2,0
4360,5,0,0
4360,5,2,0
4360,6,1,0
4360,6,2,0
4360,7,0,0
4360,7,1,0
4360,7,2,0
4361,1,0,0
4361,2,1,0
4361,3,0,0
4361,3,1,0
4361,4,2,0
4361,5,0,0
4361,5,2,0
4361,6,1,0
4361,6,2,0
4361,7,0,0
4361,7,1,0
4361,7,2,0
4362,1,0,0
4362,2,1,0
4362,3,0,0
4362,3,1,0
4362,4,2,0
4362,5,0,0
4362,5,2,0
4362,6,1,0
4362,6,2,0
4362,7,0,0
4362,7,1,0
4362,7,2,0
4363,1,0,0
4363,2,1,0
4363,3,0,0
4363,3,1,0
4363,4,2,0
4363,5,0,0
4363,5,2,0
4363,6,1,0
4363,6,2,0
4363,7,0,0
4363,7,1,0
4363,7,2,0
4364,1,0,0
4364,2,1,0
4364,3,0,0
4364,3,1,0
4364,4,2,0
4364,5,0,0
4364,5,2,0
4364,6,1,0
4364,6,2,0
4364,7,0,0
4364,7,1,0
4364,7,2,0
4365,1,0,0
4365,2,1,0
4365,3,0,0
4365,3,1,0
4365,4,2,0
4365,5,0,0
4365,5,2,0
4365,6,1,0
4365,6,2,0
4365,7,0,0
4365,7,1,0
4365,7,2,0
4366,1,0,0
4366,2,1,0
4366,3,0,0
4366,3,1,0
4366,4,2,0
4366,5,0,0
4366,5,2,0
4366,6,1,0
4366,6,2,0
4366,7,0,0
4366,7,1,0
4366,7,2,0
4367,1,0,0
4367,2,1,0
4367,3,0,0
4367,3,1,0
4367,4,2,0
4367,5,0,0
4367,5,2,0
4367,6,1,0
4367,6,2,0
4367,7,0,0
4367,7,1,0
4367,7,2,0
4368,1,0,0
4368,2,1,0
4368,3,0,0
4368,3,1,0
4368,4,2,0
4368,5,0,0
4368,5,2,0
4368,6,1,0
4368,6,2,0
4368,7,0,0
4368,7,1,0
4368,7,2,0
4369,1,0,0
4369,2,1,0
4369,3,0,0
4369,3,1,0
4369,4,2,0
4369,5,0,0
4369,5,2,0
4369,6,1,0
4369,6,2,0
4369,7,0,0
4369,7,1,0
4369,7,2,0
4370,1,0,0
4370,2,1,0
4370,3,0,0
4370,3,1,0
4370,4,2,0
4370,5,0,0
4370,5,2,0
4370,6,1,0
4370,6,2,0
4370,7,0,0
4370,7,1,0
4370,7,2,0
4371,1,0,0
4371,2,1,0
4371,3,0,0
4371,3,1,0
4371,4,2,0
4371,5,0,0
4371,5,2,0
4371,6,1,0
4371,6,2,0
4371,7,0,0
4371,7,1,0
4371,7,2,0
4372,1,0,0
4372,2,1,0
4372,3,0,0
4372,3,1,0
4372,4,2,0
4372,5,0,0
4372,5,2,0
4372,6,1,0
4372,6,2,0
4372,7,0,0
4372,7,1,0
4372,7,2,0
4373,1,0,0
4373,2,1,0
4373,3,0,0
4373,3,1,0
4373,4,2,0
4373,5,0,0
4373,5,2,0
4373,6,1,0
4373,6,2,0
4373,7,0,0
4373,7,1,0
4373,7,2,0
4374,1,0,1
4374,2,1,1
4374,3,0,1
4374,3,1,1
4374,4,2,1
4374,5,0,1
4374,5,2,1
4374,6,1,1
4374,6,2,1
4374,7,0,1
4374,7,1,1
4374,7,2,1
4375,1,0,1
4375,2,1,1
4375,3,0,1
4375,3,1,1
4375,4,2,1
4375,5,0,1
4375,5,2,1
4375,6,1,1
4375,6,2,1
4375,7,0,1
4375,7,1,1
4375,7,2,1
4376,1,0,0
4376,2,1,1
4376,3,0,0
4376,3,1,1
4376,4,2,1
4376,5,0,0
4376,5,2,1
4376,6,1,1
4376,6,2,1
4376,7,0,0
4376,7,1,1
4376,7,2,1
4377,1,0,1
4377,2,1,1
4377,3,0,1
4377,3,1,1
4377,4,2,1
4377,5,0,1
4377,5,2,1
4377,6,1,1
4377,6,2,1
4377,7,0,1
4377,7,1,1
4377,7,2,1
4378,1,0,1
4378,2,1,1
4378,3,0,1
4378,3,1,1
4378,4,2,1
4378,5,0,1
4378,5,2,1
4378,6,1,1
4378,6,2,1
4378,7,0,1
4378,7,1,1
4378,7,2,1
4379,1,0,0
4379,2,1,1
4379,3,0,0
4379,3,1,1
4379,4,2,1
4379,5,0,0
4379,5,2,1
4379,6,1,1
4379,6,2,1
4379,7,0,0
4379,7,1,1
4379,7,2,1
4380,1,0,1
4380,2,1,1
4380,3,0,1
4380,3,1,1
4380,4,2,1
4380,5,0,1
4380,5,2,1
4380,6,1,1
4380,6,2,1
4380,7,0,1
4380,7,1,1
4380,7,2,1
4381,1,0,1
4381,2,1,1
4381,3,0,1
4381,3,1,1
4381,4,2,1
4381,5,0,1
4381,5,2,1
4381,6,1,1
4381,6,2,1
4381,7,0,1
4381,7,1,1
4381,7,2,1
4382,1,0,0
4382,2,1,1
4382,3,0,0
4382,3,1,1
4382,4,2,1
4382,5,0,0
4382,5,2,1
4382,6,1,1
4382,6,2,1
4382,7,0,0
4382,7,1,1
4382,7,2,1
4383,1,0,1
4383,2,1,1
4383,3,0,1
4383,3,1,1
4383,4,2,1
4383,5,0,1
4383,5,2,1
4383,6,1,1
4383,6,2,1
4383,7,0,1
4383,7,1,1
4383,7,2,1
4384,1,0,1
4384,2,1,1
4384,3,0,1
4384,3,1,1
4384,4,2,1
4384,5,0,1
4384,5,2,1
4384,6,1,1
4384,6,2,1
4384,7,0,1
4384,7,1,1
4384,7,2,1
4385,1,0,0
4385,2,1,1
4385,3,0,0
4385,3,1,1
4385,4,2,1
4385,5,0,0
4385,5,2,1
4385,6,1,1
4385,6,2,1
4385,7,0,0
4385,7,1,1
4385,7,2,1
4386,1,0,1
4386,2,1,1
4386,3,0,1
4386,3,1,1
4386,4,2,1
4386,5,0,1
4386,5,2,1
4386,6,1,1
4386,6,2,1
4386,7,0,1
4386,7,1,1
4386,7,2,1
4387,1,0,1
4387,2,1,1
4387,3,0,1
4387,3,1,1
4387,4,2,1
4387,5,0,1
4387,5,2,1
4387,6,1,1
4387,6,2,1
4387,7,0,1
4387,7,1,1
4387,7,2,1
4388,1,0,0
4388,2,1,1
4388,3,0,0
4388,3,1,1
4388,4,2,1
4388,5,0,0
4388,5,2,1
4388,6,1,1
4388,6,2,1
4388,7,0,0
4388,7,1,1
4388,7,2,1
4389,1,0,1
4389,2,1,1
4389,3,0,1
4389,3,1,1
4389,4,2,1
4389,5,0,1
4389,5,2,1
4389,6,1,1
4389,6,2,1
4389,7,0,1
4389,7,1,1
4389,7,2,1
4390,1,0,1
4390,2,1,1
4390,3,0,1
4390,3,1,1
4390,4,2,1
4390,5,0,1
4390,5,2,1
4390,6,1,1
4390,6,2,1
4390,7,0,1
4390,7,1,1
4390,7,2,1
4391,1,0,0
4391,2,1,1
4391,3,0,0
4391,3,1,1
4391,4,2,1
4391,5,0,0
4391,5,2,1
4391,6,1,1
4391,6,2,1
4391,7,0,0
4391,7,1,1
4391,7,2,1
4392,1,0,1
4392,2,1,1
4392,3,0,1
4392,3,1,1
4392,4,2,1
4392,5,0,1
4392,5,2,1
4392,6,1,1
4392,6,2,1
4392,7,0,1
4392,7,1,1
4392,7,2,1
4393,1,0,1
4393,2,1,1
4393,3,0,1
4393,3,1,1
4393,4,2,1
4393,5,0,1
4393,5,2,1
4393,6,1,1
4393,6,2,1
4393,7,0,1
4393,7,1,1
4393,7,2,1
4394,1,0,0
4394,2,1,1
4394,3,0,0
4394,3,1,1
4394,4,2,1
4394,5,0,0
4394,5,2,1
4394,6,1,1
4394,6,2,1
4394,7,0,0
4394,7,1,1
4394,7,2,1
4395,1,0,1
4395,2,1,1
4395,3,0,1
4395,3,1,1
4395,4,2,1
4395,5,0,1
4395,5,2,1
4395,6,1,1
4395,6,2,1
4395,7,0,1
4395,7,1,1
4395,7,2,1
4396,1,0,1
4396,2,1,1
4396,3,0,1
4396,3,1,1
4396,4,2,1
4396,5,0,1
4396,5,2,1
4396,6,1,1
4396,6,2,1
4396,7,0,1
4396,7,1,1
4396,7,2,1
4397,1,0,0
4397,2,1,1
4397,3,0,0
4397,3,1,1
4397,4,2,1
4397,5,0,0
4397,5,2,1
4397,6,1,1
4397,6,2,1
4397,7,0,0
4397,7,1,1
4397,7,2,1
4398,1,0,1
4398,2,1,1
4398,3,0,1
4398,3,1,1
4398,4,2,1
4398,5,0,1
4398,5,2,1
4398,6,1,1
4398,6,2,1
4398,7,0,1
4398,7,1,1
4398,7,2,1
4399,1,0,1
4399,2,1,1
4399,3,0,1
4399,3,1,1
4399,4,2,1
4399,5,0,1
4399,5,2,1
4399,6,1,1
4399,6,2,1
4399,7,0,1
4399,7,1,1
4399,7,2,1
4400,1,0,0
4400,2,1,1
4400,3,0,0
4400,3,1,1
4400,4,2,1
4400,5,0,0
4400,5,2,1
4400,6,1,1
4400,6,2,1
4400,7,0,0
4400,7,1,1
4400,7,2,1
4401,1,0,1
4401,2,1,1
4401,3,0,1
4401,3,1,1
4401,4,2,1
4401,5,0,1
4401,5,2,1
4401,6,1,1
4401,6,2,1
4401,7,0,1
4401,7,1,1
4401,7,2,1
4402,1,0,1
4402,2,1,1
4402,3,0,1
4402,3,1,1
4402,4,2,1
4402,5,0,1
4402,5,2,1
4402,6,1,1
4402,6,2,1
4402,7,0,1
4402,7,1,1
4402,7,2,1
4403,1,0,0
4403,2,1,0
4403,3,0,0
4403,3,1,0
4403,4,2,0
4403,5,0,0
4403,5,2,0
4403,6,1,0
4403,6,2,0
4403,7,0,0
4403,7,1,0
4403,7,2,0
4404,1,0,1
4404,2,1,1
4404,3,0,1
4404,3,1,1
4404,4,2,1
4404,5,0,1
4404,5,2,1
4404,6,1,1
4404,6,2,1
4404,7,0,1
4404,7,1,1
4404,7,2,1
4405,1,0,1
4405,2,1,1
4405,3,0,1
4405,3,1,1
4405,4,2,1
4405,5,0,1
4405,5,2,1
4405,6,1,1
4405,6,2,1
4405,7,0,1
4405,7,1,1
4405,7,2,1
4406,1,0,0
4406,2,1,0
4406,3,0,0
4406,3,1,0
4406,4,2,0
4406,5,0,0
4406,5,2,0
4406,6,1,0
4406,6,2,0
4406,7,0,0
4406,7,1,0
4406,7,2,0
4407,1,0,0
4407,2,1,0
4407,3,0,0
4407,3,1,0
4407,4,2,0
4407,5,0,0
4407,5,2,0
4407,6,1,0
4407,6,2,0
4407,7,0,0
4407,7,1,0
4407,7,2,0
4408,1,0,0
4408,2,1,0
4408,3,0,0
4408,3,1,0
4408,4,2,0
4408,5,0,0
4408,5,2,0
4408,6,1,0
4408,6,2,0
4408,7,0,0
4408,7,1,0
4408,7,2,0
4409,1,0,0
4409,2,1,0
4409,3,0,0
4409,3,1,0
4409,4,2,0
4409,5,0,0
4409,5,2,0
4409,6,1,0
4409,6,2,0
4409,7,0,0
4409,7,1,0
4409,7,2,0
4410,1,0,0
4410,2,1,0
4410,3,0,0
4410,3,1,0
4410,4,2,0
4410,5,0,0
4410,5,2,0
4410,6,1,0
4410,6,2,0
4410,7,0,0
4410,7,1,0
4410,7,2,0
4411,1,0,0
4411,2,1,0
4411,3,0,0
4411,3,1,0
4411,4,2,0
4411,5,0,0
4411,5,2,0
4411,6,1,0
4411,6,2,0
4411,7,0,0
4411,7,1,0
4411,7,2,0
4412,1,0,0
4412,2,1,0
4412,3,0,0
4412,3,1,0
4412,4,2,0
4412,5,0,0
4412,5,2,0
4412,6,1,0
4412,6,2,0
4412,7,0,0
4412,7,1,0
4412,7,2,0
4413,1,0,0
4413,2,1,0
4413,3,0,0
4413,3,1,0
4413,4,2,0
4413,5,0,0
4413,5,2,0
4413,6,1,0
4413,6,2,0
4413,7,0,0
4413,7,1,0
4413,7,2,0
4414,1,0,0
4414,2,1,0
4414,3,0,0
4414,3,1,0
4414,4,2,0
4414,5,0,0
4414,5,2,0
4414,6,1,0
4414,6,2,0
4414,7,0,0
4414,7,1,0
4414,7,2,0
4415,1,0,0
4415,2,1,0
4415,3,0,0
4415,3,1,0
4415,4,2,0
4415,5,0,0
4415,5,2,0
4415,6,1,0
4415,6,2,0
4415,7,0,0
4415,7,1,0
4415,7,2,0
4416,1,0,0
4416,2,1,0
4416,3,0,0
4416,3,1,0
4416,4,2,0
4416,5,0,0
4416,5,2,0
4416,6,1,0
4416,6,2,0
4416,7,0,0
4416,7,1,0
4416,7,2,0
4417,1,0,0
4417,2,1,0
4417,3,0,0
4417,3,1,0
4417,4,2,0
4417,5,0,0
4417,5,2,0
4417,6,1,0
4417,6,2,0
4417,7,0,0
4417,7,1,0
4417,7,2,0
4418,1,0,0
4418,2,1,0
4418,3,0,0
4418,3,1,0
4418,4,2,0
4418,5,0,0
4418,5,2,0
4418,6,1,0
4418,6,2,0
4418,7,0,0
4418,7,1,0
4418,7,2,0
4419,1,0,0
4419,2,1,0
4419,3,0,0
4419,3,1,0
4419,4,2,0
4419,5,0,0
4419,5,2,0
4419,6,1,0
4419,6,2,0
4419,7,0,0
4419,7,1,0
4419,7,2,0
4420,1,0,0
4420,2,1,0
4420,3,0,0
4420,3,1,0
4420,4,2,0
4420,5,0,0
4420,5,2,0
4420,6,1,0
4420,6,2,0
4420,7,0,0
4420,7,1,0
4420,7,2,0
4421,1,0,0
4421,2,1,0
4421,3,0,0
4421,3,1,0
4421,4,2,0
4421,5,0,0
4421,5,2,0
4421,6,1,0
4421,6,2,0
4421,7,0,0
4421,7,1,0
4421,7,2,0
4422,1,0,0
4422,2,1,0
4422,3,0,0
4422,3,1,0
4422,4,2,0
4422,5,0,0
4422,5,2,0
4422,6,1,0
4422,6,2,0
4422,7,0,0
4422,7,1,0
4422,7,2,0
4423,1,0,0
4423,2,1,0
4423,3,0,0
4423,3,1,0
4423,4,2,0
4423,5,0,0
4423,5,2,0
4423,6,1,0
4423,6,2,0
4423,7,0,0
4423,7,1,0
4423,7,2,0
4424,1,0,0
4424,2,1,0
4424,3,0,0
4424,3,1,0
4424,4,2,0
4424,5,0,0
4424,5,2,0
4424,6,1,0
4424,6,2,0
4424,7,0,0
4424,7,1,0
4424,7,2,0
4425,1,0,0
4425,2,1,0
4425,3,0,0
4425,3,1,0
4425,4,2,0
4425,5,0,0
4425,5,2,0
4425,6,1,0
4425,6,2,0
4425,7,0,0
4425,7,1,0
4425,7,2,0
4426,1,0,0
4426,2,1,0
4426,3,0,0
4426,3,1,0
4426,4,2,0
4426,5,0,0
4426,5,2,0
4426,6,1,0
4426,6,2,0
4426,7,0,0
4426,7,1,0
4426,7,2,0
4427,1,0,0
4427,2,1,0
4427,3,0,0
4427,3,1,0
4427,4,2,0
4427,5,0,0
4427,5,2,0
4427,6,1,0
4427,6,2,0
4427,7,0,0
4427,7,1,0
4427,7,2,0
4428,1,0,1
4428,2,1,1
4428,3,0,1
4428,3,1,1
4428,4,2,1
4428,5,0,1
4428,5,2,1
4428,6,1,1
4428,6,2,1
4428,7,0,1
4428,7,1,1
4428,7,2,1
4429,1,0,1
4429,2,1,1
4429,3,0,1
4429,3,1,1
4429,4,2,1
4429,5,0,1
4429,5,2,1
4429,6,1,1
4429,6,2,1
4429,7,0,1
4429,7,1,1
4429,7,2,1
4430,1,0,0
4430,2,1,0
4430,3,0,0
4430,3,1,0
4430,4,2,0
4430,5,0,0
4430,5,2,0
4430,6,1,0
4430,6,2,0
4430,7,0,0
4430,7,1,0
4430,7,2,0
4431,1,0,0
4431,2,1,0
4431,3,0,0
4431,3,1,0
4431,4,2,0
4431,5,0,0
4431,5,2,0
4431,6,1,0
4431,6,2,0
4431,7,0,0
4431,7,1,0
4431,7,2,0
4432,1,0,0
4432,2,1,0
4432,3,0,0
4432,3,1,0
4432,4,2,0
4432,5,0,0
4432,5,2,0
4432,6,1,0
4432,6,2,0
4432,7,0,0
4432,7,1,0
4432,7,2,0
4433,1,0,0
4433,2,1,0
4433,3,0,0
4433,3,1,0
4433,4,2,0
4433,5,0,0
4433,5,2,0
4433,6,1,0
4433,6,2,0
4433,7,0,0
4433,7,1,0
4433,7,2,0
4434,1,0,0
4434,2,1,0
4434,3,0,0
4434,3,1,0
4434,4,2,0
4434,5,0,0
4434,5,2,0
4434,6,1,0
4434,6,2,0
4434,7,0,0
4434,7,1,0
4434,7,2,0
4435,1,0,0
4435,2,1,0
4435,3,0,0
4435,3,1,0
4435,4,2,0
4435,5,0,0
4435,5,2,0
4435,6,1,0
4435,6,2,0
4435,7,0,0
4435,7,1,0
4435,7,2,0
4436,1,0,0
4436,2,1,0
4436,3,0,0
4436,3,1,0
4436,4,2,0
4436,5,0,0
4436,5,2,0
4436,6,1,0
4436,6,2,0
4436,7,0,0
4436,7,1,0
4436,7,2,0
4437,1,0,0
4437,2,1,0
4437,3,0,0
4437,3,1,0
4437,4,2,0
4437,5,0,0
4437,5,2,0
4437,6,1,0
4437,6,2,0
4437,7,0,0
4437,7,1,0
4437,7,2,0
4438,1,0,0
4438,2,1,0
4438,3,0,0
4438,3,1,0
4438,4,2,0
4438,5,0,0
4438,5,2,0
4438,6,1,0
4438,6,2,0
4438,7,0,0
4438,7,1,0
4438,7,2,0
4439,1,0,0
4439,2,1,0
4439,3,0,0
4439,3,1,0
4439,4,2,0
4439,5,0,0
4439,5,2,0
4439,6,1,0
4439,6,2,0
4439,7,0,0
4439,7,1,0
4439,7,2,0
4440,1,0,0
4440,2,1,0
4440,3,0,0
4440,3,1,0
4440,4,2,0
4440,5,0,0
4440,5,2,0
4440,6,1,0
4440,6,2,0
4440,7,0,0
4440,7,1,0
4440,7,2,0
4441,1,0,0
4441,2,1,0
4441,3,0,0
4441,3,1,0
4441,4,2,0
4441,5,0,0
4441,5,2,0
4441,6,1,0
4441,6,2,0
4441,7,0,0
4441,7,1,0
4441,7,2,0
4442,1,0,0
4442,2,1,0
4442,3,0,0
4442,3,1,0
4442,4,2,0
4442,5,0,0
4442,5,2,0
4442,6,1,0
4442,6,2,0
4442,7,0,0
4442,7,1,0
4442,7,2,0
4443,1,0,0
4443,2,1,0
4443,3,0,0
4443,3,1,0
4443,4,2,0
4443,5,0,0
4443,5,2,0
4443,6,1,0
4443,6,2,0
4443,7,0,0
4443,7,1,0
4443,7,2,0
4444,1,0,0
4444,2,1,0
4444,3,0,0
4444,3,1,0
4444,4,2,0
4444,5,0,0
4444,5,2,0
4444,6,1,0
4444,6,2,0
4444,7,0,0
4444,7,1,0
4444,7,2,0
4445,1,0,0
4445,2,1,0
4445,3,0,0
4445,3,1,0
4445,4,2,0
4445,5,0,0
4445,5,2,0
4445,6,1,0
4445,6,2,0
4445,7,0,0
4445,7,1,0
4445,7,2,0
4446,1,0,0
4446,2,1,0
4446,3,0,0
4446,3,1,0
4446,4,2,0
4446,5,0,0
4446,5,2,0
4446,6,1,0
4446,6,2,0
4446,7,0,0
4446,7,1,0
4446,7,2,0
4447,1,0,0
4447,2,1,0
4447,3,0,0
4447,3,1,0
4447,4,2,0
4447,5,0,0
4447,5,2,0
4447,6,1,0
4447,6,2,0
4447,7,0,0
4447,7,1,0
4447,7,2,0
4448,1,0,0
4448,2,1,0
4448,3,0,0
4448,3,1,0
4448,4,2,0
4448,5,0,0
4448,5,2,0
4448,6,1,0
4448,6,2,0
4448,7,0,0
4448,7,1,0
4448,7,2,0
4449,1,0,0
4449,2,1,0
4449,3,0,0
4449,3,1,0
4449,4,2,0
4449,5,0,0
4449,5,2,0
4449,6,1,0
4449,6,2,0
4449,7,0,0
4449,7,1,0
4449,7,2,0
4450,1,0,0
4450,2,1,0
4450,3,0,0
4450,3,1,0
4450,4,2,0
4450,5,0,0
4450,5,2,0
4450,6,1,0
4450,6,2,0
4450,7,0,0
4450,7,1,0
4450,7,2,0
4451,1,0,0
4451,2,1,0
4451,3,0,0
4451,3,1,0
4451,4,2,0
4451,5,0,0
4451,5,2,0
4451,6,1,0
4451,6,2,0
4451,7,0,0
4451,7,1,0
4451,7,2,0
4452,1,0,0
4452,2,1,0
4452,3,0,0
4452,3,1,0
4452,4,2,0
4452,5,0,0
4452,5,2,0
4452,6,1,0
4452,6,2,0
4452,7,0,0
4452,7,1,0
4452,7,2,0
4453,1,0,0
4453,2,1,0
4453,3,0,0
4453,3,1,0
4453,4,2,0
4453,5,0,0
4453,5,2,0
4453,6,1,0
4453,6,2,0
4453,7,0,0
4453,7,1,0
4453,7,2,0
4454,1,0,0
4454,2,1,0
4454,3,0,0
4454,3,1,0
4454,4,2,0
4454,5,0,0
4454,5,2,0
4454,6,1,0
4454,6,2,0
4454,7,0,0
4454,7,1,0
4454,7,2,0
4455,1,0,1
4455,2,1,1
4455,3,0,1
4455,3,1,1
4455,4,2,1
4455,5,0,1
4455,5,2,1
4455,6,1,1
4455,6,2,1
4455,7,0,1
4455,7,1,1
4455,7,2,1
4456,1,0,1
4456,2,1,1
4456,3,0,1
4456,3,1,1
4456,4,2,1
4456,5,0,1
4456,5,2,1
4456,6,1,1
4456,6,2,1
4456,7,0,1
4456,7,1,1
4456,7,2,1
4457,1,0,0
4457,2,1,1
4457,3,0,0
4457,3,1,1
4457,4,2,1
4457,5,0,0
4457,5,2,1
4457,6,1,1
4457,6,2,1
4457,7,0,0
4457,7,1,1
4457,7,2,1
4458,1,0,1
4458,2,1,1
4458,3,0,1
4458,3,1,1
4458,4,2,1
4458,5,0,1
4458,5,2,1
4458,6,1,1
4458,6,2,1
4458,7,0,1
4458,7,1,1
4458,7,2,1
4459,1,0,1
4459,2,1,1
4459,3,0,1
4459,3,1,1
4459,4,2,1
4459,5,0,1
4459,5,2,1
4459,6,1,1
4459,6,2,1
4459,7,0,1
4459,7,1,1
4459,7,2,1
4460,1,0,0
4460,2,1,1
4460,3,0,0
4460,3,1,1
4460,4,2,1
4460,5,0,0
4460,5,2,1
4460,6,1,1
4460,6,2,1
4460,7,0,0
4460,7,1,1
4460,7,2,1
4461,1,0,1
4461,2,1,1
4461,3,0,1
4461,3,1,1
4461,4,2,1
4461,5,0,1
4461,5,2,1
4461,6,1,1
4461,6,2,1
4461,7,0,1
4461,7,1,1
4461,7,2,1
4462,1,0,1
4462,2,1,1
4462,3,0,1
4462,3,1,1
4462,4,2,1
4462,5,0,1
4462,5,2,1
4462,6,1,1
4462,6,2,1
4462,7,0,1
4462,7,1,1
4462,7,2,1
4463,1,0,0
4463,2,1,1
4463,3,0,0
4463,3,1,1
4463,4,2,1
4463,5,0,0
4463,5,2,1
4463,6,1,1
4463,6,2,1
4463,7,0,0
4463,7,1,1
4463,7,2,1
4464,1,0,1
4464,2,1,1
4464,3,0,1
4464,3,1,1
4464,4,2,1
4464,5,0,1
4464,5,2,1
4464,6,1,1
4464,6,2,1
4464,7,0,1
4464,7,1,1
4464,7,2,1
4465,1,0,1
4465,2,1,1
4465,3,0,1
4465,3,1,1
4465,4,2,1
4465,5,0,1
4465,5,2,1
4465,6,1,1
4465,6,2,1
4465,7,0,1
4465,7,1,1
4465,7,2,1
4466,1,0,0
4466,2,1,1
4466,3,0,0
4466,3,1,1
4466,4,2,1
4466,5,0,0
4466,5,2,1
4466,6,1,1
4466,6,2,1
4466,7,0,0
4466,7,1,1
4466,7,2,1
4467,1,0,1
4467,2,1,1
4467,3,0,1
4467,3,1,1
4467,4,2,1
4467,5,0,1
4467,5,2,1
4467,6,1,1
4467,6,2,1
4467,7,0,1
4467,7,1,1
4467,7,2,1
4468,1,0,1
4468,2,1,1
4468,3,0,1
4468,3,1,1
4468,4,2,1
4468,5,0,1
4468,5,2,1
4468,6,1,1
4468,6,2,1
4468,7,0,1
4468,7,1,1
4468,7,2,1
4469,1,0,0
4469,2,1,1
4469,3,0,0
4469,3,1,1
4469,4,2,1
4469,5,0,0
4469,5,2,1
4469,6,1,1
4469,6,2,1
4469,7,0,0
4469,7,1,1
4469,7,2,1
4470,1,0,1
4470,2,1,1
4470,3,0,1
4470,3,1,1
4470,4,2,1
4470,5,0,1
4470,5,2,1
4470,6,1,1
4470,6,2,1
4470,7,0,1
4470,7,1,1
4470,7,2,1
4471,1,0,1
4471,2,1,1
4471,3,0,1
4471,3,1,1
4471,4,2,1
4471,5,0,1
4471,5,2,1
4471,6,1,1
4471,6,2,1
4471,7,0,1
4471,7,1,1
4471,7,2,1
4472,1,0,0
4472,2,1,1
4472,3,0,0
4472,3,1,1
4472,4,2,1
4472,5,0,0
4472,5,2,1
4472,6,1,1
4472,6,2,1
4472,7,0,0
4472,7,1,1
4472,7,2,1
4473,1,0,1
4473,2,1,1
4473,3,0,1
4473,3,1,1
4473,4,2,1
4473,5,0,1
4473,5,2,1
4473,6,1,1
4473,6,2,1
4473,7,0,1
4473,7,1,1
4473,7,2,1
4474,1,0,1
4474,2,1,1
4474,3,0,1
4474,3,1,1
4474,4,2,1
4474,5,0,1
4474,5,2,1
4474,6,1,1
4474,6,2,1
4474,7,0,1
4474,7,1,1
4474,7,2,1
4475,1,0,0
4475,2,1,1
4475,3,0,0
4475,3,1,1
4475,4,2,1
4475,5,0,0
4475,5,2,1
4475,6,1,1
4475,6,2,1
4475,7,0,0
4475,7,1,1
4475,7,2,1
4476,1,0,1
4476,2,1,1
4476,3,0,1
4476,3,1,1
4476,4,2,1
4476,5,0,1
4476,5,2,1
4476,6,1,1
4476,6,2,1
4476,7,0,1
4476,7,1,1
4476,7,2,1
4477,1,0,1
4477,2,1,1
4477,3,0,1
4477,3,1,1
4477,4,2,1
4477,5,0,1
4477,5,2,1
4477,6,1,1
4477,6,2,1
4477,7,0,1
4477,7,1,1
4477,7,2,1
4478,1,0,0
4478,2,1,1
4478,3,0,0
4478,3,1,1
4478,4,2,1
4478,5,0,0
4478,5,2,1
4478,6,1,1
4478,6,2,1
4478,7,0,0
4478,7,1,1
4478,7,2,1
4479,1,0,1
4479,2,1,1
4479,3,0,1
4479,3,1,1
4479,4,2,1
4479,5,0,1
4479,5,2,1
4479,6,1,1
4479,6,2,1
4479,7,0,1
4479,7,1,1
4479,7,2,1
4480,1,0,1
4480,2,1,1
4480,3,0,1
4480,3,1,1
4480,4,2,1
4480,5,0,1
4480,5,2,1
4480,6,1,1
4480,6,2,1
4480,7,0,1
4480,7,1,1
4480,7,2,1
4481,1,0,0
4481,2,1,1
4481,3,0,0
4481,3,1,1
4481,4,2,1
4481,5,0,0
4481,5,2,1
4481,6,1,1
4481,6,2,1
4481,7,0,0
4481,7,1,1
4481,7,2,1
4482,1,0,1
4482,2,1,1
4482,3,0,1
4482,3,1,1
4482,4,2,1
4482,5,0,1
4482,5,2,1
4482,6,1,1
4482,6,2,1
4482,7,0,1
4482,7,1,1
4482,7,2,1
4483,1,0,1
4483,2,1,1
4483,3,0,1
4483,3,1,1
4483,4,2,1
4483,5,0,1
4483,5,2,1
4483,6,1,1
4483,6,2,1
4483,7,0,1
4483,7,1,1
4483,7,2,1
4484,1,0,0
4484,2,1,0
4484,3,0,0
4484,3,1,0
4484,4,2,0
4484,5,0,0
4484,5,2,0
4484,6,1,0
4484,6,2,0
4484,7,0,0
4484,7,1,0
4484,7,2,0
4485,1,0,1
4485,2,1,1
4485,3,0,1
4485,3,1,1
4485,4,2,1
4485,5,0,1
4485,5,2,1
4485,6,1,1
4485,6,2,1
4485,7,0,1
4485,7,1,1
4485,7,2,1
4486,1,0,1
4486,2,1,1
4486,3,0,1
4486,3,1,1
4486,4,2,1
4486,5,0,1
4486,5,2,1
4486,6,1,1
4486,6,2,1
4486,7,0,1
4486,7,1,1
4486,7,2,1
4487,1,0,0
4487,2,1,0
4487,3,0,0
4487,3,1,0
4487,4,2,0
4487,5,0,0
4487,5,2,0
4487,6,1,0
4487,6,2,0
4487,7,0,0
4487,7,1,0
4487,7,2,0
4488,1,0,0
4488,2,1,0
4488,3,0,0
4488,3,1,0
4488,4,2,0
4488,5,0,0
4488,5,2,0
4488,6,1,0
4488,6,2,0
4488,7,0,0
4488,7,1,0
4488,7,2,0
4489,1,0,0
4489,2,1,0
4489,3,0,0
4489,3,1,0
4489,4,2,0
4489,5,0,0
4489,5,2,0
4489,6,1,0
4489,6,2,0
4489,7,0,0
4489,7,1,0
4489,7,2,0
4490,1,0,0
4490,2,1,0
4490,3,0,0
4490,3,1,0
4490,4,2,0
4490,5,0,0
4490,5,2,0
4490,6,1,0
4490,6,2,0
4490,7,0,0
4490,7,1,0
4490,7,2,0
4491,1,0,0
4491,2,1,0
4491,3,0,0
4491,3,1,0
4491,4,2,0
4491,5,0,0
4491,5,2,0
4491,6,1,0
4491,6,2,0
4491,7,0,0
4491,7,1,0
4491,7,2,0
4492,1,0,0
4492,2,1,0
4492,3,0,0
4492,3,1,0
4492,4,2,0
4492,5,0,0
4492,5,2,0
4492,6,1,0
4492,6,2,0
4492,7,0,0
4492,7,1,0
4492,7,2,0
4493,1,0,0
4493,2,1,0
4493,3,0,0
4493,3,1,0
4493,4,2,0
4493,5,0,0
4493,5,2,0
4493,6,1,0
4493,6,2,0
4493,7,0,0
4493,7,1,0
4493,7,2,0
4494,1,0,0
4494,2,1,0
4494,3,0,0
4494,3,1,0
4494,4,2,0
4494,5,0,0
4494,5,2,0
4494,6,1,0
4494,6,2,0
4494,7,0,0
4494,7,1,0
4494,7,2,0
4495,1,0,0
4495,2,1,0
4495,3,0,0
4495,3,1,0
4495,4,2,0
4495,5,0,0
4495,5,2,0
4495,6,1,0
4495,6,2,0
4495,7,0,0
4495,7,1,0
4495,7,2,0
4496,1,0,0
4496,2,1,0
4496,3,0,0
4496,3,1,0
4496,4,2,0
4496,5,0,0
4496,5,2,0
4496,6,1,0
4496,6,2,0
4496,7,0,0
4496,7,1,0
4496,7,2,0
4497,1,0,0
4497,2,1,0
4497,3,0,0
4497,3,1,0
4497,4,2,0
4497,5,0,0
4497,5,2,0
4497,6,1,0
4497,6,2,0
4497,7,0,0
4497,7,1,0
4497,7,2,0
4498,1,0,0
4498,2,1,0
4498,3,0,0
4498,3,1,0
4498,4,2,0
4498,5,0,0
4498,5,2,0
4498,6,1,0
4498,6,2,0
4498,7,0,0
4498,7,1,0
4498,7,2,0
4499,1,0,0
4499,2,1,0
4499,3,0,0
4499,3,1,0
4499,4,2,0
4499,5,0,0
4499,5,2,0
4499,6,1,0
4499,6,2,0
4499,7,0,0
4499,7,1,0
4499,7,2,0
4500,1,0,0
4500,2,1,0
4500,3,0,0
4500,3,1,0
4500,4,2,0
4500,5,0,0
4500,5,2,0
4500,6,1,0
4500,6,2,0
4500,7,0,0
4500,7,1,0
4500,7,2,0
4501,1,0,0
4501,2,1,0
4501,3,0,0
4501,3,1,0
4501,4,2,0
4501,5,0,0
4501,5,2,0
4501,6,1,0
4501,6,2,0
4501,7,0,0
4501,7,1,0
4501,7,2,0
4502,1,0,0
4502,2,1,0
4502,3,0,0
4502,3,1,0
4502,4,2,0
4502,5,0,0
4502,5,2,0
4502,6,1,0
4502,6,2,0
4502,7,0,0
4502,7,1,0
4502,7,2,0
4503,1,0,0
4503,2,1,0
4503,3,0,0
4503,3,1,0
4503,4,2,0
4503,5,0,0
4503,5,2,0
4503,6,1,0
4503,6,2,0
4503,7,0,0
4503,7,1,0
4503,7,2,0
4504,1,0,0
4504,2,1,0
4504,3,0,0
4504,3,1,0
4504,4,2,0
4504,5,0,0
4504,5,2,0
4504,6,1,0
4504,6,2,0
4504,7,0,0
4504,7,1,0
4504,7,2,0
4505,1,0,0
4505,2,1,0
4505,3,0,0
4505,3,1,0
4505,4,2,0
4505,5,0,0
4505,5,2,0
4505,6,1,0
4505,6,2,0
4505,7,0,0
4505,7,1,0
4505,7,2,0
4506,1,0,0
4506,2,1,0
4506,3,0,0
4506,3,1,0
4506,4,2,0
4506,5,0,0
4506,5,2,0
4506,6,1,0
4506,6,2,0
4506,7,0,0
4506,7,1,0
4506,7,2,0
4507,1,0,0
4507,2,1,0
4507,3,0,0
4507,3,1,0
4507,4,2,0
4507,5,0,0
4507,5,2,0
4507,6,1,0
4507,6,2,0
4507,7,0,0
4507,7,1,0
4507,7,2,0
4508,1,0,0
4508,2,1,0
4508,3,0,0
4508,3,1,0
4508,4,2,0
4508,5,0,0
4508,5,2,0
4508,6,1,0
4508,6,2,0
4508,7,0,0
4508,7,1,0
4508,7,2,0
4509,1,0,1
4509,2,1,1
4509,3,0,1
4509,3,1,1
4509,4,2,1
4509,5,0,1
4509,5,2,1
4509,6,1,1
4509,6,2,1
4509,7,0,1
4509,7,1,1
4509,7,2,1
4510,1,0,1
4510,2,1,1
4510,3,0,1
4510,3,1,1
4510,4,2,1
4510,5,0,1
4510,5,2,1
4510,6,1,1
4510,6,2,1
4510,7,0,1
4510,7,1,1
4510,7,2,1
4511,1,0,0
4511,2,1,0
4511,3,0,0
4511,3,1,0
4511,4,2,0
4511,5,0,0
4511,5,2,0
4511,6,1,0
4511,6,2,0
4511,7,0,0
4511,7,1,0
4511,7,2,0
4512,1,0,0
4512,2,1,0
4512,3,0,0
4512,3,1,0
4512,4,2,0
4512,5,0,0
4512,5,2,0
4512,6,1,0
4512,6,2,0
4512,7,0,0
4512,7,1,0
4512,7,2,0
4513,1,0,0
4513,2,1,0
4513,3,0,0
4513,3,1,0
4513,4,2,0
4513,5,0,0
4513,5,2,0
4513,6,1,0
4513,6,2,0
4513,7,0,0
4513,7,1,0
4513,7,2,0
4514,1,0,0
4514,2,1,0
4514,3,0,0
4514,3,1,0
4514,4,2,0
4514,5,0,0
4514,5,2,0
4514,6,1,0
4514,6,2,0
4514,7,0,0
4514,7,1,0
4514,7,2,0
4515,1,0,0
4515,2,1,0
4515,3,0,0
4515,3,1,0
4515,4,2,0
4515,5,0,0
4515,5,2,0
4515,6,1,0
4515,6,2,0
4515,7,0,0
4515,7,1,0
4515,7,2,0
4516,1,0,0
4516,2,1,0
4516,3,0,0
4516,3,1,0
4516,4,2,0
4516,5,0,0
4516,5,2,0
4516,6,1,0
4516,6,2,0
4516,7,0,0
4516,7,1,0
4516,7,2,0
4517,1,0,0
4517,2,1,0
4517,3,0,0
4517,3,1,0
4517,4,2,0
4517,5,0,0
4517,5,2,0
4517,6,1,0
4517,6,2,0
4517,7,0,0
4517,7,1,0
4517,7,2,0
4518,1,0,0
4518,2,1,0
4518,3,0,0
4518,3,1,0
4518,4,2,0
4518,5,0,0
4518,5,2,0
4518,6,1,0
4518,6,2,0
4518,7,0,0
4518,7,1,0
4518,7,2,0
4519,1,0,0
4519,2,1,0
4519,3,0,0
4519,3,1,0
4519,4,2,0
4519,5,0,0
4519,5,2,0
4519,6,1,0
4519,6,2,0
4519,7,0,0
4519,7,1,0
4519,7,2,0
4520,1,0,0
4520,2,1,0
4520,3,0,0
4520,3,1,0
4520,4,2,0
4520,5,0,0
4520,5,2,0
4520,6,1,0
4520,6,2,0
4520,7,0,0
4520,7,1,0
4520,7,2,0
4521,1,0,0
4521,2,1,0
4521,3,0,0
4521,3,1,0
4521,4,2,0
4521,5,0,0
4521,5,2,0
4521,6,1,0
4521,6,2,0
4521,7,0,0
4521,7,1,0
4521,7,2,0
4522,1,0,0
4522,2,1,0
4522,3,0,0
4522,3,1,0
4522,4,2,0
4522,5,0,0
4522,5,2,0
4522,6,1,0
4522,6,2,0
4522,7,0,0
4522,7,1,0
4522,7,2,0
4523,1,0,0
4523,2,1,0
4523,3,0,0
4523,3,1,0
4523,4,2,0
4523,5,0,0
4523,5,2,0
4523,6,1,0
4523,6,2,0
4523,7,0,0
4523,7,1,0
4523,7,2,0
4524,1,0,0
4524,2,1,0
4524,3,0,0
4524,3,1,0
4524,4,2,0
4524,5,0,0
4524,5,2,0
4524,6,1,0
4524,6,2,0
4524,7,0,0
4524,7,1,0
4524,7,2,0
4525,1,0,0
4525,2,1,0
4525,3,0,0
4525,3,1,0
4525,4,2,0
4525,5,0,0
4525,5,2,0
4525,6,1,0
4525,6,2,0
4525,7,0,0
4525,7,1,0
4525,7,2,0
4526,1,0,0
4526,2,1,0
4526,3,0,0
4526,3,1,0
4526,4,2,0
4526,5,0,0
4526,5,2,0
4526,6,1,0
4526,6,2,0
4526,7,0,0
4526,7,1,0
4526,7,2,0
4527,1,0,0
4527,2,1,0
4527,3,0,0
4527,3,1,0
4527,4,2,0
4527,5,0,0
4527,5,2,0
4527,6,1,0
4527,6,2,0
4527,7,0,0
4527,7,1,0
4527,7,2,0
4528,1,0,0
4528,2,1,0
4528,3,0,0
4528,3,1,0
4528,4,2,0
4528,5,0,0
4528,5,2,0
4528,6,1,0
4528,6,2,0
4528,7,0,0
4528,7,1,0
4528,7,2,0
4529,1,0,0
4529,2,1,0
4529,3,0,0
4529,3,1,0
4529,4,2,0
4529,5,0,0
4529,5,2,0
4529,6,1,0
4529,6,2,0
4529,7,0,0
4529,7,1,0
4529,7,2,0
4530,1,0,0
4530,2,1,0
4530,3,0,0
4530,3,1,0
4530,4,2,0
4530,5,0,0
4530,5,2,0
4530,6,1,0
4530,6,2,0
4530,7,0,0
4530,7,1,0
4530,7,2,0
4531,1,0,0
4531,2,1,0
4531,3,0,0
4531,3,1,0
4531,4,2,0
4531,5,0,0
4531,5,2,0
4531,6,1,0
4531,6,2,0
4531,7,0,0
4531,7,1,0
4531,7,2,0
4532,1,0,0
4532,2,1,0
4532,3,0,0
4532,3,1,0
4532,4,2,0
4532,5,0,0
4532,5,2,0
4532,6,1,0
4532,6,2,0
4532,7,0,0
4532,7,1,0
4532,7,2,0
4533,1,0,0
4533,2,1,0
4533,3,0,0
4533,3,1,0
4533,4,2,0
4533,5,0,0
4533,5,2,0
4533,6,1,0
4533,6,2,0
4533,7,0,0
4533,7,1,0
4533,7,2,0
4534,1,0,0
4534,2,1,0
4534,3,0,0
4534,3,1,0
4534,4,2,0
4534,5,0,0
4534,5,2,0
4534,6,1,0
4534,6,2,0
4534,7,0,0
4534,7,1,0
4534,7,2,0
4535,1,0,0
4535,2,1,0
4535,3,0,0
4535,3,1,0
4535,4,2,0
4535,5,0,0
4535,5,2,0
4535,6,1,0
4535,6,2,0
4535,7,0,0
4535,7,1,0
4535,7,2,0
4536,1,0,1
4536,2,1,0
4536,3,0,1
4536,3,1,0
4536,4,2,0
4536,5,0,1
4536,5,2,0
4536,6,1,0
4536,6,2,0
4536,7,0,1
4536,7,1,0
4536,7,2,0
4537,1,0,1
4537,2,1,0
4537,3,0,1
4537,3,1,0
4537,4,2,0
4537,5,0,1
4537,5,2,0
4537,6,1,0
4537,6,2,0
4537,7,0,1
4537,7,1,0
4537,7,2,0
4538,1,0,0
4538,2,1,0
4538,3,0,0
4538,3,1,0
4538,4,2,0
4538,5,0,0
4538,5,2,0
4538,6,1,0
4538,6,2,0
4538,7,0,0
4538,7,1,0
4538,7,2,0
4539,1,0,0
4539,2,1,0
4539,3,0,0
4539,3,1,0
4539,4,2,0
4539,5,0,0
4539,5,2,0
4539,6,1,0
4539,6,2,0
4539,7,0,0
4539,7,1,0
4539,7,2,0
4540,1,0,0
4540,2,1,0
4540,3,0,0
4540,3,1,0
4540,4,2,0
4540,5,0,0
4540,5,2,0
4540,6,1,0
4540,6,2,0
4540,7,0,0
4540,7,1,0
4540,7,2,0
4541,1,0,0
4541,2,1,0
4541,3,0,0
4541,3,1,0
4541,4,2,0
4541,5,0,0
4541,5,2,0
4541,6,1,0
4541,6,2,0
4541,7,0,0
4541,7,1,0
4541,7,2,0
4542,1,0,0
4542,2,1,0
4542,3,0,0
4542,3,1,0
4542,4,2,0
4542,5,0,0
4542,5,2,0
4542,6,1,0
4542,6,2,0
4542,7,0,0
4542,7,1,0
4542,7,2,0
4543,1,0,0
4543,2,1,0
4543,3,0,0
4543,3,1,0
4543,4,2,0
4543,5,0,0
4543,5,2,0
4543,6,1,0
4543,6,2,0
4543,7,0,0
4543,7,1,0
4543,7,2,0
4544,1,0,0
4544,2,1,0
4544,3,0,0
4544,3,1,0
4544,4,2,0
4544,5,0,0
4544,5,2,0
4544,6,1,0
4544,6,2,0
4544,7,0,0
4544,7,1,0
4544,7,2,0
4545,1,0,0
4545,2,1,0
4545,3,0,0
4545,3,1,0
4545,4,2,0
4545,5,0,0
4545,5,2,0
4545,6,1,0
4545,6,2,0
4545,7,0,0
4545,7,1,0
4545,7,2,0
4546,1,0,0
4546,2,1,0
4546,3,0,0
4546,3,1,0
4546,4,2,0
4546,5,0,0
4546,5,2,0
4546,6,1,0
4546,6,2,0
4546,7,0,0
4546,7,1,0
4546,7,2,0
4547,1,0,0
4547,2,1,0
4547,3,0,0
4547,3,1,0
4547,4,2,0
4547,5,0,0
4547,5,2,0
4547,6,1,0
4547,6,2,0
4547,7,0,0
4547,7,1,0
4547,7,2,0
4548,1,0,0
4548,2,1,0
4548,3,0,0
4548,3,1,0
4548,4,2,0
4548,5,0,0
4548,5,2,0
4548,6,1,0
4548,6,2,0
4548,7,0,0
4548,7,1,0
4548,7,2,0
4549,1,0,0
4549,2,1,0
4549,3,0,0
4549,3,1,0
4549,4,2,0
4549,5,0,0
4549,5,2,0
4549,6,1,0
4549,6,2,0
4549,7,0,0
4549,7,1,0
4549,7,2,0
4550,1,0,0
4550,2,1,0
4550,3,0,0
4550,3,1,0
4550,4,2,0
4550,5,0,0
4550,5,2,0
4550,6,1,0
4550,6,2,0
4550,7,0,0
4550,7,1,0
4550,7,2,0
4551,1,0,0
4551,2,1,0
4551,3,0,0
4551,3,1,0
4551,4,2,0
4551,5,0,0
4551,5,2,0
4551,6,1,0
4551,6,2,0
4551,7,0,0
4551,7,1,0
4551,7,2,0
4552,1,0,0
4552,2,1,0
4552,3,0,0
4552,3,1,0
4552,4,2,0
4552,5,0,0
4552,5,2,0
4552,6,1,0
4552,6,2,0
4552,7,0,0
4552,7,1,0
4552,7,2,0
4553,1,0,0
4553,2,1,0
4553,3,0,0
4553,3,1,0
4553,4,2,0
4553,5,0,0
4553,5,2,0
4553,6,1,0
4553,6,2,0
4553,7,0,0
4553,7,1,0
4553,7,2,0
4554,1,0,0
4554,2,1,0
4554,3,0,0
4554,3,1,0
4554,4,2,0
4554,5,0,0
4554,5,2,0
4554,6,1,0
4554,6,2,0
4554,7,0,0
4554,7,1,0
4554,7,2,0
4555,1,0,0
4555,2,1,0
4555,3,0,0
4555,3,1,0
4555,4,2,0
4555,5,0,0
4555,5,2,0
4555,6,1,0
4555,6,2,0
4555,7,0,0
4555,7,1,0
4555,7,2,0
4556,1,0,0
4556,2,1,0
4556,3,0,0
4556,3,1,0
4556,4,2,0
4556,5,0,0
4556,5,2,0
4556,6,1,0
4556,6,2,0
4556,7,0,0
4556,7,1,0
4556,7,2,0
4557,1,0,0
4557,2,1,0
4557,3,0,0
4557,3,1,0
4557,4,2,0
4557,5,0,0
4557,5,2,0
4557,6,1,0
4557,6,2,0
4557,7,0,0
4557,7,1,0
4557,7,2,0
4558,1,0,0
4558,2,1,0
4558,3,0,0
4558,3,1,0
4558,4,2,0
4558,5,0,0
4558,5,2,0
4558,6,1,0
4558,6,2,0
4558,7,0,0
4558,7,1,0
4558,7,2,0
4559,1,0,0
4559,2,1,0
4559,3,0,0
4559,3,1,0
4559,4,2,0
4559,5,0,0
4559,5,2,0
4559,6,1,0
4559,6,2,0
4559,7,0,0
4559,7,1,0
4559,7,2,0
4560,1,0,0
4560,2,1,0
4560,3,0,0
4560,3,1,0
4560,4,2,0
4560,5,0,0
4560,5,2,0
4560,6,1,0
4560,6,2,0
4560,7,0,0
4560,7,1,0
4560,7,2,0
4561,1,0,0
4561,2,1,0
4561,3,0,0
4561,3,1,0
4561,4,2,0
4561,5,0,0
4561,5,2,0
4561,6,1,0
4561,6,2,0
4561,7,0,0
4561,7,1,0
4561,7,2,0
4562,1,0,0
4562,2,1,0
4562,3,0,0
4562,3,1,0
4562,4,2,0
4562,5,0,0
4562,5,2,0
4562,6,1,0
4562,6,2,0
4562,7,0,0
4562,7,1,0
4562,7,2,0
4563,1,0,1
4563,2,1,0
4563,3,0,1
4563,3,1,0
4563,4,2,0
4563,5,0,1
4563,5,2,0
4563,6,1,0
4563,6,2,0
4563,7,0,1
4563,7,1,0
4563,7,2,0
4564,1,0,1
4564,2,1,0
4564,3,0,1
4564,3,1,0
4564,4,2,0
4564,5,0,1
4564,5,2,0
4564,6,1,0
4564,6,2,0
4564,7,0,1
4564,7,1,0
4564,7,2,0
4565,1,0,0
4565,2,1,0
4565,3,0,0
4565,3,1,0
4565,4,2,0
4565,5,0,0
4565,5,2,0
4565,6,1,0
4565,6,2,0
4565,7,0,0
4565,7,1,0
4565,7,2,0
4566,1,0,0
4566,2,1,0
4566,3,0,0
4566,3,1,0
4566,4,2,0
4566,5,0,0
4566,5,2,0
4566,6,1,0
4566,6,2,0
4566,7,0,0
4566,7,1,0
4566,7,2,0
4567,1,0,0
4567,2,1,0
4567,3,0,0
4567,3,1,0
4567,4,2,0
4567,5,0,0
4567,5,2,0
4567,6,1,0
4567,6,2,0
4567,7,0,0
4567,7,1,0
4567,7,2,0
4568,1,0,0
4568,2,1,0
4568,3,0,0
4568,3,1,0
4568,4,2,0
4568,5,0,0
4568,5,2,0
4568,6,1,0
4568,6,2,0
4568,7,0,0
4568,7,1,0
4568,7,2,0
4569,1,0,0
4569,2,1,0
4569,3,0,0
4569,3,1,0
4569,4,2,0
4569,5,0,0
4569,5,2,0
4569,6,1,0
4569,6,2,0
4569,7,0,0
4569,7,1,0
4569,7,2,0
4570,1,0,0
4570,2,1,0
4570,3,0,0
4570,3,1,0
4570,4,2,0
4570,5,0,0
4570,5,2,0
4570,6,1,0
4570,6,2,0
4570,7,0,0
4570,7,1,0
4570,7,2,0
4571,1,0,0
4571,2,1,0
4571,3,0,0
4571,3,1,0
4571,4,2,0
4571,5,0,0
4571,5,2,0
4571,6,1,0
4571,6,2,0
4571,7,0,0
4571,7,1,0
4571,7,2,0
4572,1,0,0
4572,2,1,0
4572,3,0,0
4572,3,1,0
4572,4,2,0
4572,5,0,0
4572,5,2,0
4572,6,1,0
4572,6,2,0
4572,7,0,0
4572,7,1,0
4572,7,2,0
4573,1,0,0
4573,2,1,0
4573,3,0,0
4573,3,1,0
4573,4,2,0
4573,5,0,0
4573,5,2,0
4573,6,1,0
4573,6,2,0
4573,7,0,0
4573,7,1,0
4573,7,2,0
4574,1,0,0
4574,2,1,0
4574,3,0,0
4574,3,1,0
4574,4,2,0
4574,5,0,0
4574,5,2,0
4574,6,1,0
4574,6,2,0
4574,7,0,0
4574,7,1,0
4574,7,2,0
4575,1,0,0
4575,2,1,0
4575,3,0,0
4575,3,1,0
4575,4,2,0
4575,5,0,0
4575,5,2,0
4575,6,1,0
4575,6,2,0
4575,7,0,0
4575,7,1,0
4575,7,2,0
4576,1,0,0
4576,2,1,0
4576,3,0,0
4576,3,1,0
4576,4,2,0
4576,5,0,0
4576,5,2,0
4576,6,1,0
4576,6,2,0
4576,7,0,0
4576,7,1,0
4576,7,2,0
4577,1,0,0
4577,2,1,0
4577,3,0,0
4577,3,1,0
4577,4,2,0
4577,5,0,0
4577,5,2,0
4577,6,1,0
4577,6,2,0
4577,7,0,0
4577,7,1,0
4577,7,2,0
4578,1,0,0
4578,2,1,0
4578,3,0,0
4578,3,1,0
4578,4,2,0
4578,5,0,0
4578,5,2,0
4578,6,1,0
4578,6,2,0
4578,7,0,0
4578,7,1,0
4578,7,2,0
4579,1,0,0
4579,2,1,0
4579,3,0,0
4579,3,1,0
4579,4,2,0
4579,5,0,0
4579,5,2,0
4579,6,1,0
4579,6,2,0
4579,7,0,0
4579,7,1,0
4579,7,2,0
4580,1,0,0
4580,2,1,0
4580,3,0,0
4580,3,1,0
4580,4,2,0
4580,5,0,0
4580,5,2,0
4580,6,1,0
4580,6,2,0
4580,7,0,0
4580,7,1,0
4580,7,2,0
4581,1,0,0
4581,2,1,0
4581,3,0,0
4581,3,1,0
4581,4,2,0
4581,5,0,0
4581,5,2,0
4581,6,1,0
4581,6,2,0
4581,7,0,0
4581,7,1,0
4581,7,2,0
4582,1,0,0
4582,2,1,0
4582,3,0,0
4582,3,1,0
4582,4,2,0
4582,5,0,0
4582,5,2,0
4582,6,1,0
4582,6,2,0
4582,7,0,0
4582,7,1,0
4582,7,2,0
4583,1,0,0
4583,2,1,0
4583,3,0,0
4583,3,1,0
4583,4,2,0
4583,5,0,0
4583,5,2,0
4583,6,1,0
4583,6,2,0
4583,7,0,0
4583,7,1,0
4583,7,2,0
4584,1,0,0
4584,2,1,0
4584,3,0,0
4584,3,1,0
4584,4,2,0
4584,5,0,0
4584,5,2,0
4584,6,1,0
4584,6,2,0
4584,7,0,0
4584,7,1,0
4584,7,2,0
4585,1,0,0
4585,2,1,0
4585,3,0,0
4585,3,1,0
4585,4,2,0
4585,5,0,0
4585,5,2,0
4585,6,1,0
4585,6,2,0
4585,7,0,0
4585,7,1,0
4585,7,2,0
4586,1,0,0
4586,2,1,0
4586,3,0,0
4586,3,1,0
4586,4,2,0
4586,5,0,0
4586,5,2,0
4586,6,1,0
4586,6,2,0
4586,7,0,0
4586,7,1,0
4586,7,2,0
4587,1,0,0
4587,2,1,0
4587,3,0,0
4587,3,1,0
4587,4,2,0
4587,5,0,0
4587,5,2,0
4587,6,1,0
4587,6,2,0
4587,7,0,0
4587,7,1,0
4587,7,2,0
4588,1,0,0
4588,2,1,0
4588,3,0,0
4588,3,1,0
4588,4,2,0
4588,5,0,0
4588,5,2,0
4588,6,1,0
4588,6,2,0
4588,7,0,0
4588,7,1,0
4588,7,2,0
4589,1,0,0
4589,2,1,0
4589,3,0,0
4589,3,1,0
4589,4,2,0
4589,5,0,0
4589,5,2,0
4589,6,1,0
4589,6,2,0
4589,7,0,0
4589,7,1,0
4589,7,2,0
4590,1,0,1
4590,2,1,0
4590,3,0,1
4590,3,1,0
4590,4,2,0
4590,5,0,1
4590,5,2,0
4590,6,1,0
4590,6,2,0
4590,7,0,1
4590,7,1,0
4590,7,2,0
4591,1,0,1
4591,2,1,0
4591,3,0,1
4591,3,1,0
4591,4,2,0
4591,5,0,1
4591,5,2,0
4591,6,1,0
4591,6,2,0
4591,7,0,1
4591,7,1,0
4591,7,2,0
4592,1,0,0
4592,2,1,0
4592,3,0,0
4592,3,1,0
4592,4,2,0
4592,5,0,0
4592,5,2,0
4592,6,1,0
4592,6,2,0
4592,7,0,0
4592,7,1,0
4592,7,2,0
4593,1,0,0
4593,2,1,0
4593,3,0,0
4593,3,1,0
4593,4,2,0
4593,5,0,0
4593,5,2,0
4593,6,1,0
4593,6,2,0
4593,7,0,0
4593,7,1,0
4593,7,2,0
4594,1,0,0
4594,2,1,0
4594,3,0,0
4594,3,1,0
4594,4,2,0
4594,5,0,0
4594,5,2,0
4594,6,1,0
4594,6,2,0
4594,7,0,0
4594,7,1,0
4594,7,2,0
4595,1,0,0
4595,2,1,0
4595,3,0,0
4595,3,1,0
4595,4,2,0
4595,5,0,0
4595,5,2,0
4595,6,1,0
4595,6,2,0
4595,7,0,0
4595,7,1,0
4595,7,2,0
4596,1,0,0
4596,2,1,0
4596,3,0,0
4596,3,1,0
4596,4,2,0
4596,5,0,0
4596,5,2,0
4596,6,1,0
4596,6,2,0
4596,7,0,0
4596,7,1,0
4596,7,2,0
4597,1,0,0
4597,2,1,0
4597,3,0,0
4597,3,1,0
4597,4,2,0
4597,5,0,0
4597,5,2,0
4597,6,1,0
4597,6,2,0
4597,7,0,0
4597,7,1,0
4597,7,2,0
4598,1,0,0
4598,2,1,0
4598,3,0,0
4598,3,1,0
4598,4,2,0
4598,5,0,0
4598,5,2,0
4598,6,1,0
4598,6,2,0
4598,7,0,0
4598,7,1,0
4598,7,2,0
4599,1,0,0
4599,2,1,0
4599,3,0,0
4599,3,1,0
4599,4,2,0
4599,5,0,0
4599,5,2,0
4599,6,1,0
4599,6,2,0
4599,7,0,0
4599,7,1,0
4599,7,2,0
4600,1,0,0
4600,2,1,0
4600,3,0,0
4600,3,1,0
4600,4,2,0
4600,5,0,0
4600,5,2,0
4600,6,1,0
4600,6,2,0
4600,7,0,0
4600,7,1,0
4600,7,2,0
4601,1,0,0
4601,2,1,0
4601,3,0,0
4601,3,1,0
4601,4,2,0
4601,5,0,0
4601,5,2,0
4601,6,1,0
4601,6,2,0
4601,7,0,0
4601,7,1,0
4601,7,2,0
4602,1,0,0
4602,2,1,0
4602,3,0,0
4602,3,1,0
4602,4,2,0
4602,5,0,0
4602,5,2,0
4602,6,1,0
4602,6,2,0
4602,7,0,0
4602,7,1,0
4602,7,2,0
4603,1,0,0
4603,2,1,0
4603,3,0,0
4603,3,1,0
4603,4,2,0
4603,5,0,0
4603,5,2,0
4603,6,1,0
4603,6,2,0
4603,7,0,0
4603,7,1,0
4603,7,2,0
4604,1,0,0
4604,2,1,0
4604,3,0,0
4604,3,1,0
4604,4,2,0
4604,5,0,0
4604,5,2,0
4604,6,1,0
4604,6,2,0
4604,7,0,0
4604,7,1,0
4604,7,2,0
4605,1,0,0
4605,2,1,0
4605,3,0,0
4605,3,1,0
4605,4,2,0
4605,5,0,0
4605,5,2,0
4605,6,1,0
4605,6,2,0
4605,7,0,0
4605,7,1,0
4605,7,2,0
4606,1,0,0
4606,2,1,0
4606,3,0,0
4606,3,1,0
4606,4,2,0
4606,5,0,0
4606,5,2,0
4606,6,1,0
4606,6,2,0
4606,7,0,0
4606,7,1,0
4606,7,2,0
4607,1,0,0
4607,2,1,0
4607,3,0,0
4607,3,1,0
4607,4,2,0
4607,5,0,0
4607,5,2,0
4607,6,1,0
4607,6,2,0
4607,7,0,0
4607,7,1,0
4607,7,2,0
4608,1,0,0
4608,2,1,0
4608,3,0,0
4608,3,1,0
4608,4,2,0
4608,5,0,0
4608,5,2,0
4608,6,1,0
4608,6,2,0
4608,7,0,0
4608,7,1,0
4608,7,2,0
4609,1,0,0
4609,2,1,0
4609,3,0,0
4609,3,1,0
4609,4,2,0
4609,5,0,0
4609,5,2,0
4609,6,1,0
4609,6,2,0
4609,7,0,0
4609,7,1,0
4609,7,2,0
4610,1,0,0
4610,2,1,0
4610,3,0,0
4610,3,1,0
4610,4,2,0
4610,5,0,0
4610,5,2,0
4610,6,1,0
4610,6,2,0
4610,7,0,0
4610,7,1,0
4610,7,2,0
4611,1,0,0
4611,2,1,0
4611,3,0,0
4611,3,1,0
4611,4,2,0
4611,5,0,0
4611,5,2,0
4611,6,1,0
4611,6,2,0
4611,7,0,0
4611,7,1,0
4611,7,2,0
4612,1,0,0
4612,2,1,0
4612,3,0,0
4612,3,1,0
4612,4,2,0
4612,5,0,0
4612,5,2,0
4612,6,1,0
4612,6,2,0
4612,7,0,0
4612,7,1,0
4612,7,2,0
4613,1,0,0
4613,2,1,0
4613,3,0,0
4613,3,1,0
4613,4,2,0
4613,5,0,0
4613,5,2,0
4613,6,1,0
4613,6,2,0
4613,7,0,0
4613,7,1,0
4613,7,2,0
4614,1,0,0
4614,2,1,0
4614,3,0,0
4614,3,1,0
4614,4,2,0
4614,5,0,0
4614,5,2,0
4614,6,1,0
4614,6,2,0
4614,7,0,0
4614,7,1,0
4614,7,2,0
4615,1,0,0
4615,2,1,0
4615,3,0,0
4615,3,1,0
4615,4,2,0
4615,5,0,0
4615,5,2,0
4615,6,1,0
4615,6,2,0
4615,7,0,0
4615,7,1,0
4615,7,2,0
4616,1,0,0
4616,2,1,0
4616,3,0,0
4616,3,1,0
4616,4,2,0
4616,5,0,0
4616,5,2,0
4616,6,1,0
4616,6,2,0
4616,7,0,0
4616,7,1,0
4616,7,2,0
4617,1,0,1
4617,2,1,0
4617,3,0,1
4617,3,1,0
4617,4,2,0
4617,5,0,1
4617,5,2,0
4617,6,1,0
4617,6,2,0
4617,7,0,1
4617,7,1,0
4617,7,2,0
4618,1,0,1
4618,2,1,0
4618,3,0,1
4618,3,1,0
4618,4,2,0
4618,5,0,1
4618,5,2,0
4618,6,1,0
4618,6,2,0
4618,7,0,1
4618,7,1,0
4618,7,2,0
4619,1,0,0
4619,2,1,0
4619,3,0,0
4619,3,1,0
4619,4,2,0
4619,5,0,0
4619,5,2,0
4619,6,1,0
4619,6,2,0
4619,7,0,0
4619,7,1,0
4619,7,2,0
4620,1,0,0
4620,2,1,0
4620,3,0,0
4620,3,1,0
4620,4,2,0
4620,5,0,0
4620,5,2,0
4620,6,1,0
4620,6,2,0
4620,7,0,0
4620,7,1,0
4620,7,2,0
4621,1,0,0
4621,2,1,0
4621,3,0,0
4621,3,1,0
4621,4,2,0
4621,5,0,0
4621,5,2,0
4621,6,1,0
4621,6,2,0
4621,7,0,0
4621,7,1,0
4621,7,2,0
4622,1,0,0
4622,2,1,0
4622,3,0,0
4622,3,1,0
4622,4,2,0
4622,5,0,0
4622,5,2,0
4622,6,1,0
4622,6,2,0
4622,7,0,0
4622,7,1,0
4622,7,2,0
4623,1,0,0
4623,2,1,0
4623,3,0,0
4623,3,1,0
4623,4,2,0
4623,5,0,0
4623,5,2,0
4623,6,1,0
4623,6,2,0
4623,7,0,0
4623,7,1,0
4623,7,2,0
4624,1,0,0
4624,2,1,0
4624,3,0,0
4624,3,1,0
4624,4,2,0
4624,5,0,0
4624,5,2,0
4624,6,1,0
4624,6,2,0
4624,7,0,0
4624,7,1,0
4624,7,2,0
4625,1,0,0
4625,2,1,0
4625,3,0,0
4625,3,1,0
4625,4,2,0
4625,5,0,0
4625,5,2,0
4625,6,1,0
4625,6,2,0
4625,7,0,0
4625,7,1,0
4625,7,2,0
4626,1,0,0
4626,2,1,0
4626,3,0,0
4626,3,1,0
4626,4,2,0
4626,5,0,0
4626,5,2,0
4626,6,1,0
4626,6,2,0
4626,7,0,0
4626,7,1,0
4626,7,2,0
4627,1,0,0
4627,2,1,0
4627,3,0,0
4627,3,1,0
4627,4,2,0
4627,5,0,0
4627,5,2,0
4627,6,1,0
4627,6,2,0
4627,7,0,0
4627,7,1,0
4627,7,2,0
4628,1,0,0
4628,2,1,0
4628,3,0,0
4628,3,1,0
4628,4,2,0
4628,5,0,0
4628,5,2,0
4628,6,1,0
4628,6,2,0
4628,7,0,0
4628,7,1,0
4628,7,2,0
4629,1,0,0
4629,2,1,0
4629,3,0,0
4629,3,1,0
4629,4,2,0
4629,5,0,0
4629,5,2,0
4629,6,1,0
4629,6,2,0
4629,7,0,0
4629,7,1,0
4629,7,2,0
4630,1,0,0
4630,2,1,0
4630,3,0,0
4630,3,1,0
4630,4,2,0
4630,5,0,0
4630,5,2,0
4630,6,1,0
4630,6,2,0
4630,7,0,0
4630,7,1,0
4630,7,2,0
4631,1,0,0
4631,2,1,0
4631,3,0,0
4631,3,1,0
4631,4,2,0
4631,5,0,0
4631,5,2,0
4631,6,1,0
4631,6,2,0
4631,7,0,0
4631,7,1,0
4631,7,2,0
4632,1,0,0
4632,2,1,0
4632,3,0,0
4632,3,1,0
4632,4,2,0
4632,5,0,0
4632,5,2,0
4632,6,1,0
4632,6,2,0
4632,7,0,0
4632,7,1,0
4632,7,2,0
4633,1,0,0
4633,2,1,0
4633,3,0,0
4633,3,1,0
4633,4,2,0
4633,5,0,0
4633,5,2,0
4633,6,1,0
4633,6,2,0
4633,7,0,0
4633,7,1,0
4633,7,2,0
4634,1,0,0
4634,2,1,0
4634,3,0,0
4634,3,1,0
4634,4,2,0
4634,5,0,0
4634,5,2,0
4634,6,1,0
4634,6,2,0
4634,7,0,0
4634,7,1,0
4634,7,2,0
4635,1,0,0
4635,2,1,0
4635,3,0,0
4635,3,1,0
4635,4,2,0
4635,5,0,0
4635,5,2,0
4635,6,1,0
4635,6,2,0
4635,7,0,0
4635,7,1,0
4635,7,2,0
4636,1,0,0
4636,2,1,0
4636,3,0,0
4636,3,1,0
4636,4,2,0
4636,5,0,0
4636,5,2,0
4636,6,1,0
4636,6,2,0
4636,7,0,0
4636,7,1,0
4636,7,2,0
4637,1,0,0
4637,2,1,0
4637,3,0,0
4637,3,1,0
4637,4,2,0
4637,5,0,0
4637,5,2,0
4637,6,1,0
4637,6,2,0
4637,7,0,0
4637,7,1,0
4637,7,2,0
4638,1,0,0
4638,2,1,0
4638,3,0,0
4638,3,1,0
4638,4,2,0
4638,5,0,0
4638,5,2,0
4638,6,1,0
4638,6,2,0
4638,7,0,0
4638,7,1,0
4638,7,2,0
4639,1,0,0
4639,2,1,0
4639,3,0,0
4639,3,1,0
4639,4,2,0
4639,5,0,0
4639,5,2,0
4639,6,1,0
4639,6,2,0
4639,7,0,0
4639,7,1,0
4639,7,2,0
4640,1,0,0
4640,2,1,0
4640,3,0,0
4640,3,1,0
4640,4,2,0
4640,5,0,0
4640,5,2,0
4640,6,1,0
4640,6,2,0
4640,7,0,0
4640,7,1,0
4640,7,2,0
4641,1,0,0
4641,2,1,0
4641,3,0,0
4641,3,1,0
4641,4,2,0
4641,5,0,0
4641,5,2,0
4641,6,1,0
4641,6,2,0
4641,7,0,0
4641,7,1,0
4641,7,2,0
4642,1,0,0
4642,2,1,0
4642,3,0,0
4642,3,1,0
4642,4,2,0
4642,5,0,0
4642,5,2,0
4642,6,1,0
4642,6,2,0
4642,7,0,0
4642,7,1,0
4642,7,2,0
4643,1,0,0
4643,2,1,0
4643,3,0,0
4643,3,1,0
4643,4,2,0
4643,5,0,0
4643,5,2,0
4643,6,1,0
4643,6,2,0
4643,7,0,0
4643,7,1,0
4643,7,2,0
4644,1,0,1
4644,2,1,0
4644,3,0,1
4644,3,1,0
4644,4,2,0
4644,5,0,1
4644,5,2,0
4644,6,1,0
4644,6,2,0
4644,7,0,1
4644,7,1,0
4644,7,2,0
4645,1,0,1
4645,2,1,0
4645,3,0,1
4645,3,1,0
4645,4,2,0
4645,5,0,1
4645,5,2,0
4645,6,1,0
4645,6,2,0
4645,7,0,1
4645,7,1,0
4645,7,2,0
4646,1,0,0
4646,2,1,0
4646,3,0,0
4646,3,1,0
4646,4,2,0
4646,5,0,0
4646,5,2,0
4646,6,1,0
4646,6,2,0
4646,7,0,0
4646,7,1,0
4646,7,2,0
4647,1,0,0
4647,2,1,0
4647,3,0,0
4647,3,1,0
4647,4,2,0
4647,5,0,0
4647,5,2,0
4647,6,1,0
4647,6,2,0
4647,7,0,0
4647,7,1,0
4647,7,2,0
4648,1,0,0
4648,2,1,0
4648,3,0,0
4648,3,1,0
4648,4,2,0
4648,5,0,0
4648,5,2,0
4648,6,1,0
4648,6,2,0
4648,7,0,0
4648,7,1,0
4648,7,2,0
4649,1,0,0
4649,2,1,0
4649,3,0,0
4649,3,1,0
4649,4,2,0
4649,5,0,0
4649,5,2,0
4649,6,1,0
4649,6,2,0
4649,7,0,0
4649,7,1,0
4649,7,2,0
4650,1,0,0
4650,2,1,0
4650,3,0,0
4650,3,1,0
4650,4,2,0
4650,5,0,0
4650,5,2,0
4650,6,1,0
4650,6,2,0
4650,7,0,0
4650,7,1,0
4650,7,2,0
4651,1,0,0
4651,2,1,0
4651,3,0,0
4651,3,1,0
4651,4,2,0
4651,5,0,0
4651,5,2,0
4651,6,1,0
4651,6,2,0
4651,7,0,0
4651,7,1,0
4651,7,2,0
4652,1,0,0
4652,2,1,0
4652,3,0,0
4652,3,1,0
4652,4,2,0
4652,5,0,0
4652,5,2,0
4652,6,1,0
4652,6,2,0
4652,7,0,0
4652,7,1,0
4652,7,2,0
4653,1,0,0
4653,2,1,0
4653,3,0,0
4653,3,1,0
4653,4,2,0
4653,5,0,0
4653,5,2,0
4653,6,1,0
4653,6,2,0
4653,7,0,0
4653,7,1,0
4653,7,2,0
4654,1,0,0
4654,2,1,0
4654,3,0,0
4654,3,1,0
4654,4,2,0
4654,5,0,0
4654,5,2,0
4654,6,1,0
4654,6,2,0
4654,7,0,0
4654,7,1,0
4654,7,2,0
4655,1,0,0
4655,2,1,0
4655,3,0,0
4655,3,1,0
4655,4,2,0
4655,5,0,0
4655,5,2,0
4655,6,1,0
4655,6,2,0
4655,7,0,0
4655,7,1,0
4655,7,2,0
4656,1,0,0
4656,2,1,0
4656,3,0,0
4656,3,1,0
4656,4,2,0
4656,5,0,0
4656,5,2,0
4656,6,1,0
4656,6,2,0
4656,7,0,0
4656,7,1,0
4656,7,2,0
4657,1,0,0
4657,2,1,0
4657,3,0,0
4657,3,1,0
4657,4,2,0
4657,5,0,0
4657,5,2,0
4657,6,1,0
4657,6,2,0
4657,7,0,0
4657,7,1,0
4657,7,2,0
4658,1,0,0
4658,2,1,0
4658,3,0,0
4658,3,1,0
4658,4,2,0
4658,5,0,0
4658,5,2,0
4658,6,1,0
4658,6,2,0
4658,7,0,0
4658,7,1,0
4658,7,2,0
4659,1,0,0
4659,2,1,0
4659,3,0,0
4659,3,1,0
4659,4,2,0
4659,5,0,0
4659,5,2,0
4659,6,1,0
4659,6,2,0
4659,7,0,0
4659,7,1,0
4659,7,2,0
4660,1,0,0
4660,2,1,0
4660,3,0,0
4660,3,1,0
4660,4,2,0
4660,5,0,0
4660,5,2,0
4660,6,1,0
4660,6,2,0
4660,7,0,0
4660,7,1,0
4660,7,2,0
4661,1,0,0
4661,2,1,0
4661,3,0,0
4661,3,1,0
4661,4,2,0
4661,5,0,0
4661,5,2,0
4661,6,1,0
4661,6,2,0
4661,7,0,0
4661,7,1,0
4661,7,2,0
4662,1,0,0
4662,2,1,0
4662,3,0,0
4662,3,1,0
4662,4,2,0
4662,5,0,0
4662,5,2,0
4662,6,1,0
4662,6,2,0
4662,7,0,0
4662,7,1,0
4662,7,2,0
4663,1,0,0
4663,2,1,0
4663,3,0,0
4663,3,1,0
4663,4,2,0
4663,5,0,0
4663,5,2,0
4663,6,1,0
4663,6,2,0
4663,7,0,0
4663,7,1,0
4663,7,2,0
4664,1,0,0
4664,2,1,0
4664,3,0,0
4664,3,1,0
4664,4,2,0
4664,5,0,0
4664,5,2,0
4664,6,1,0
4664,6,2,0
4664,7,0,0
4664,7,1,0
4664,7,2,0
4665,1,0,0
4665,2,1,0
4665,3,0,0
4665,3,1,0
4665,4,2,0
4665,5,0,0
4665,5,2,0
4665,6,1,0
4665,6,2,0
4665,7,0,0
4665,7,1,0
4665,7,2,0
4666,1,0,0
4666,2,1,0
4666,3,0,0
4666,3,1,0
4666,4,2,0
4666,5,0,0
4666,5,2,0
4666,6,1,0
4666,6,2,0
4666,7,0,0
4666,7,1,0
4666,7,2,0
4667,1,0,0
4667,2,1,0
4667,3,0,0
4667,3,1,0
4667,4,2,0
4667,5,0,0
4667,5,2,0
4667,6,1,0
4667,6,2,0
4667,7,0,0
4667,7,1,0
4667,7,2,0
4668,1,0,0
4668,2,1,0
4668,3,0,0
4668,3,1,0
4668,4,2,0
4668,5,0,0
4668,5,2,0
4668,6,1,0
4668,6,2,0
4668,7,0,0
4668,7,1,0
4668,7,2,0
4669,1,0,0
4669,2,1,0
4669,3,0,0
4669,3,1,0
4669,4,2,0
4669,5,0,0
4669,5,2,0
4669,6,1,0
4669,6,2,0
4669,7,0,0
4669,7,1,0
4669,7,2,0
4670,1,0,0
4670,2,1,0
4670,3,0,0
4670,3,1,0
4670,4,2,0
4670,5,0,0
4670,5,2,0
4670,6,1,0
4670,6,2,0
4670,7,0,0
4670,7,1,0
4670,7,2,0
4671,1,0,1
4671,2,1,0
4671,3,0,1
4671,3,1,0
4671,4,2,0
4671,5,0,1
4671,5,2,0
4671,6,1,0
4671,6,2,0
4671,7,0,1
4671,7,1,0
4671,7,2,0
4672,1,0,1
4672,2,1,0
4672,3,0,1
4672,3,1,0
4672,4,2,0
4672,5,0,1
4672,5,2,0
4672,6,1,0
4672,6,2,0
4672,7,0,1
4672,7,1,0
4672,7,2,0
4673,1,0,0
4673,2,1,0
4673,3,0,0
4673,3,1,0
4673,4,2,0
4673,5,0,0
4673,5,2,0
4673,6,1,0
4673,6,2,0
4673,7,0,0
4673,7,1,0
4673,7,2,0
4674,1,0,0
4674,2,1,0
4674,3,0,0
4674,3,1,0
4674,4,2,0
4674,5,0,0
4674,5,2,0
4674,6,1,0
4674,6,2,0
4674,7,0,0
4674,7,1,0
4674,7,2,0
4675,1,0,0
4675,2,1,0
4675,3,0,0
4675,3,1,0
4675,4,2,0
4675,5,0,0
4675,5,2,0
4675,6,1,0
4675,6,2,0
4675,7,0,0
4675,7,1,0
4675,7,2,0
4676,1,0,0
4676,2,1,0
4676,3,0,0
4676,3,1,0
4676,4,2,0
4676,5,0,0
4676,5,2,0
4676,6,1,0
4676,6,2,0
4676,7,0,0
4676,7,1,0
4676,7,2,0
4677,1,0,0
4677,2,1,0
4677,3,0,0
4677,3,1,0
4677,4,2,0
4677,5,0,0
4677,5,2,0
4677,6,1,0
4677,6,2,0
4677,7,0,0
4677,7,1,0
4677,7,2,0
4678,1,0,0
4678,2,1,0
4678,3,0,0
4678,3,1,0
4678,4,2,0
4678,5,0,0
4678,5,2,0
4678,6,1,0
4678,6,2,0
4678,7,0,0
4678,7,1,0
4678,7,2,0
4679,1,0,0
4679,2,1,0
4679,3,0,0
4679,3,1,0
4679,4,2,0
4679,5,0,0
4679,5,2,0
4679,6,1,0
4679,6,2,0
4679,7,0,0
4679,7,1,0
4679,7,2,0
4680,1,0,0
4680,2,1,0
4680,3,0,0
4680,3,1,0
4680,4,2,0
4680,5,0,0
4680,5,2,0
4680,6,1,0
4680,6,2,0
4680,7,0,0
4680,7,1,0
4680,7,2,0
4681,1,0,0
4681,2,1,0
4681,3,0,0
4681,3,1,0
4681,4,2,0
4681,5,0,0
4681,5,2,0
4681,6,1,0
4681,6,2,0
4681,7,0,0
4681,7,1,0
4681,7,2,0
4682,1,0,0
4682,2,1,0
4682,3,0,0
4682,3,1,0
4682,4,2,0
4682,5,0,0
4682,5,2,0
4682,6,1,0
4682,6,2,0
4682,7,0,0
4682,7,1,0
4682,7,2,0
4683,1,0,0
4683,2,1,0
4683,3,0,0
4683,3,1,0
4683,4,2,0
4683,5,0,0
4683,5,2,0
4683,6,1,0
4683,6,2,0
4683,7,0,0
4683,7,1,0
4683,7,2,0
4684,1,0,0
4684,2,1,0
4684,3,0,0
4684,3,1,0
4684,4,2,0
4684,5,0,0
4684,5,2,0
4684,6,1,0
4684,6,2,0
4684,7,0,0
4684,7,1,0
4684,7,2,0
4685,1,0,0
4685,2,1,0
4685,3,0,0
4685,3,1,0
4685,4,2,0
4685,5,0,0
4685,5,2,0
4685,6,1,0
4685,6,2,0
4685,7,0,0
4685,7,1,0
4685,7,2,0
4686,1,0,0
4686,2,1,0
4686,3,0,0
4686,3,1,0
4686,4,2,0
4686,5,0,0
4686,5,2,0
4686,6,1,0
4686,6,2,0
4686,7,0,0
4686,7,1,0
4686,7,2,0
4687,1,0,0
4687,2,1,0
4687,3,0,0
4687,3,1,0
4687,4,2,0
4687,5,0,0
4687,5,2,0
4687,6,1,0
4687,6,2,0
4687,7,0,0
4687,7,1,0
4687,7,2,0
4688,1,0,0
4688,2,1,0
4688,3,0,0
4688,3,1,0
4688,4,2,0
4688,5,0,0
4688,5,2,0
4688,6,1,0
4688,6,2,0
4688,7,0,0
4688,7,1,0
4688,7,2,0
4689,1,0,0
4689,2,1,0
4689,3,0,0
4689,3,1,0
4689,4,2,0
4689,5,0,0
4689,5,2,0
4689,6,1,0
4689,6,2,0
4689,7,0,0
4689,7,1,0
4689,7,2,0
4690,1,0,0
4690,2,1,0
4690,3,0,0
4690,3,1,0
4690,4,2,0
4690,5,0,0
4690,5,2,0
4690,6,1,0
4690,6,2,0
4690,7,0,0
4690,7,1,0
4690,7,2,0
4691,1,0,0
4691,2,1,0
4691,3,0,0
4691,3,1,0
4691,4,2,0
4691,5,0,0
4691,5,2,0
4691,6,1,0
4691,6,2,0
4691,7,0,0
4691,7,1,0
4691,7,2,0
4692,1,0,0
4692,2,1,0
4692,3,0,0
4692,3,1,0
4692,4,2,0
4692,5,0,0
4692,5,2,0
4692,6,1,0
4692,6,2,0
4692,7,0,0
4692,7,1,0
4692,7,2,0
4693,1,0,0
4693,2,1,0
4693,3,0,0
4693,3,1,0
4693,4,2,0
4693,5,0,0
4693,5,2,0
4693,6,1,0
4693,6,2,0
4693,7,0,0
4693,7,1,0
4693,7,2,0
4694,1,0,0
4694,2,1,0
4694,3,0,0
4694,3,1,0
4694,4,2,0
4694,5,0,0
4694,5,2,0
4694,6,1,0
4694,6,2,0
4694,7,0,0
4694,7,1,0
4694,7,2,0
4695,1,0,0
4695,2,1,0
4695,3,0,0
4695,3,1,0
4695,4,2,0
4695,5,0,0
4695,5,2,0
4695,6,1,0
4695,6,2,0
4695,7,0,0
4695,7,1,0
4695,7,2,0
4696,1,0,0
4696,2,1,0
4696,3,0,0
4696,3,1,0
4696,4,2,0
4696,5,0,0
4696,5,2,0
4696,6,1,0
4696,6,2,0
4696,7,0,0
4696,7,1,0
4696,7,2,0
4697,1,0,0
4697,2,1,0
4697,3,0,0
4697,3,1,0
4697,4,2,0
4697,5,0,0
4697,5,2,0
4697,6,1,0
4697,6,2,0
4697,7,0,0
4697,7,1,0
4697,7,2,0
4698,1,0,1
4698,2,1,0
4698,3,0,1
4698,3,1,0
4698,4,2,0
4698,5,0,1
4698,5,2,0
4698,6,1,0
4698,6,2,0
4698,7,0,1
4698,7,1,0
4698,7,2,0
4699,1,0,1
4699,2,1,0
4699,3,0,1
4699,3,1,0
4699,4,2,0
4699,5,0,1
4699,5,2,0
4699,6,1,0
4699,6,2,0
4699,7,0,1
4699,7,1,0
4699,7,2,0
4700,1,0,0
4700,2,1,0
4700,3,0,0
4700,3,1,0
4700,4,2,0
4700,5,0,0
4700,5,2,0
4700,6,1,0
4700,6,2,0
4700,7,0,0
4700,7,1,0
4700,7,2,0
4701,1,0,0
4701,2,1,0
4701,3,0,0
4701,3,1,0
4701,4,2,0
4701,5,0,0
4701,5,2,0
4701,6,1,0
4701,6,2,0
4701,7,0,0
4701,7,1,0
4701,7,2,0
4702,1,0,0
4702,2,1,0
4702,3,0,0
4702,3,1,0
4702,4,2,0
4702,5,0,0
4702,5,2,0
4702,6,1,0
4702,6,2,0
4702,7,0,0
4702,7,1,0
4702,7,2,0
4703,1,0,0
4703,2,1,0
4703,3,0,0
4703,3,1,0
4703,4,2,0
4703,5,0,0
4703,5,2,0
4703,6,1,0
4703,6,2,0
4703,7,0,0
4703,7,1,0
4703,7,2,0
4704,1,0,0
4704,2,1,0
4704,3,0,0
4704,3,1,0
4704,4,2,0
4704,5,0,0
4704,5,2,0
4704,6,1,0
4704,6,2,0
4704,7,0,0
4704,7,1,0
4704,7,2,0
4705,1,0,0
4705,2,1,0
4705,3,0,0
4705,3,1,0
4705,4,2,0
4705,5,0,0
4705,5,2,0
4705,6,1,0
4705,6,2,0
4705,7,0,0
4705,7,1,0
4705,7,2,0
4706,1,0,0
4706,2,1,0
4706,3,0,0
4706,3,1,0
4706,4,2,0
4706,5,0,0
4706,5,2,0
4706,6,1,0
4706,6,2,0
4706,7,0,0
4706,7,1,0
4706,7,2,0
4707,1,0,0
4707,2,1,0
4707,3,0,0
4707,3,1,0
4707,4,2,0
4707,5,0,0
4707,5,2,0
4707,6,1,0
4707,6,2,0
4707,7,0,0
4707,7,1,0
4707,7,2,0
4708,1,0,0
4708,2,1,0
4708,3,0,0
4708,3,1,0
4708,4,2,0
4708,5,0,0
4708,5,2,0
4708,6,1,0
4708,6,2,0
4708,7,0,0
4708,7,1,0
4708,7,2,0
4709,1,0,0
4709,2,1,0
4709,3,0,0
4709,3,1,0
4709,4,2,0
4709,5,0,0
4709,5,2,0
4709,6,1,0
4709,6,2,0
4709,7,0,0
4709,7,1,0
4709,7,2,0
4710,1,0,0
4710,2,1,0
4710,3,0,0
4710,3,1,0
4710,4,2,0
4710,5,0,0
4710,5,2,0
4710,6,1,0
4710,6,2,0
4710,7,0,0
4710,7,1,0
4710,7,2,0
4711,1,0,0
4711,2,1,0
4711,3,0,0
4711,3,1,0
4711,4,2,0
4711,5,0,0
4711,5,2,0
4711,6,1,0
4711,6,2,0
4711,7,0,0
4711,7,1,0
4711,7,2,0
4712,1,0,0
4712,2,1,0
4712,3,0,0
4712,3,1,0
4712,4,2,0
4712,5,0,0
4712,5,2,0
4712,6,1,0
4712,6,2,0
4712,7,0,0
4712,7,1,0
4712,7,2,0
4713,1,0,0
4713,2,1,0
4713,3,0,0
4713,3,1,0
4713,4,2,0
4713,5,0,0
4713,5,2,0
4713,6,1,0
4713,6,2,0
4713,7,0,0
4713,7,1,0
4713,7,2,0
4714,1,0,0
4714,2,1,0
4714,3,0,0
4714,3,1,0
4714,4,2,0
4714,5,0,0
4714,5,2,0
4714,6,1,0
4714,6,2,0
4714,7,0,0
4714,7,1,0
4714,7,2,0
4715,1,0,0
4715,2,1,0
4715,3,0,0
4715,3,1,0
4715,4,2,0
4715,5,0,0
4715,5,2,0
4715,6,1,0
4715,6,2,0
4715,7,0,0
4715,7,1,0
4715,7,2,0
4716,1,0,0
4716,2,1,0
4716,3,0,0
4716,3,1,0
4716,4,2,0
4716,5,0,0
4716,5,2,0
4716,6,1,0
4716,6,2,0
4716,7,0,0
4716,7,1,0
4716,7,2,0
4717,1,0,0
4717,2,1,0
4717,3,0,0
4717,3,1,0
4717,4,2,0
4717,5,0,0
4717,5,2,0
4717,6,1,0
4717,6,2,0
4717,7,0,0
4717,7,1,0
4717,7,2,0
4718,1,0,0
4718,2,1,0
4718,3,0,0
4718,3,1,0
4718,4,2,0
4718,5,0,0
4718,5,2,0
4718,6,1,0
4718,6,2,0
4718,7,0,0
4718,7,1,0
4718,7,2,0
4719,1,0,0
4719,2,1,0
4719,3,0,0
4719,3,1,0
4719,4,2,0
4719,5,0,0
4719,5,2,0
4719,6,1,0
4719,6,2,0
4719,7,0,0
4719,7,1,0
4719,7,2,0
4720,1,0,0
4720,2,1,0
4720,3,0,0
4720,3,1,0
4720,4,2,0
4720,5,0,0
4720,5,2,0
4720,6,1,0
4720,6,2,0
4720,7,0,0
4720,7,1,0
4720,7,2,0
4721,1,0,0
4721,2,1,0
4721,3,0,0
4721,3,1,0
4721,4,2,0
4721,5,0,0
4721,5,2,0
4721,6,1,0
4721,6,2,0
4721,7,0,0
4721,7,1,0
4721,7,2,0
4722,1,0,0
4722,2,1,0
4722,3,0,0
4722,3,1,0
4722,4,2,0
4722,5,0,0
4722,5,2,0
4722,6,1,0
4722,6,2,0
4722,7,0,0
4722,7,1,0
4722,7,2,0
4723,1,0,0
4723,2,1,0
4723,3,0,0
4723,3,1,0
4723,4,2,0
4723,5,0,0
4723,5,2,0
4723,6,1,0
4723,6,2,0
4723,7,0,0
4723,7,1,0
4723,7,2,0
4724,1,0,0
4724,2,1,0
4724,3,0,0
4724,3,1,0
4724,4,2,0
4724,5,0,0
4724,5,2,0
4724,6,1,0
4724,6,2,0
4724,7,0,0
4724,7,1,0
4724,7,2,0
4725,1,0,1
4725,2,1,0
4725,3,0,1
4725,3,1,0
4725,4,2,0
4725,5,0,1
4725,5,2,0
4725,6,1,0
4725,6,2,0
4725,7,0,1
4725,7,1,0
4725,7,2,0
4726,1,0,1
4726,2,1,0
4726,3,0,1
4726,3,1,0
4726,4,2,0
4726,5,0,1
4726,5,2,0
4726,6,1,0
4726,6,2,0
4726,7,0,1
4726,7,1,0
4726,7,2,0
4727,1,0,0
4727,2,1,0
4727,3,0,0
4727,3,1,0
4727,4,2,0
4727,5,0,0
4727,5,2,0
4727,6,1,0
4727,6,2,0
4727,7,0,0
4727,7,1,0
4727,7,2,0
4728,1,0,0
4728,2,1,0
4728,3,0,0
4728,3,1,0
4728,4,2,0
4728,5,0,0
4728,5,2,0
4728,6,1,0
4728,6,2,0
4728,7,0,0
4728,7,1,0
4728,7,2,0
4729,1,0,0
4729,2,1,0
4729,3,0,0
4729,3,1,0
4729,4,2,0
4729,5,0,0
4729,5,2,0
4729,6,1,0
4729,6,2,0
4729,7,0,0
4729,7,1,0
4729,7,2,0
4730,1,0,0
4730,2,1,0
4730,3,0,0
4730,3,1,0
4730,4,2,0
4730,5,0,0
4730,5,2,0
4730,6,1,0
4730,6,2,0
4730,7,0,0
4730,7,1,0
4730,7,2,0
4731,1,0,0
4731,2,1,0
4731,3,0,0
4731,3,1,0
4731,4,2,0
4731,5,0,0
4731,5,2,0
4731,6,1,0
4731,6,2,0
4731,7,0,0
4731,7,1,0
4731,7,2,0
4732,1,0,0
4732,2,1,0
4732,3,0,0
4732,3,1,0
4732,4,2,0
4732,5,0,0
4732,5,2,0
4732,6,1,0
4732,6,2,0
4732,7,0,0
4732,7,1,0
4732,7,2,0
4733,1,0,0
4733,2,1,0
4733,3,0,0
4733,3,1,0
4733,4,2,0
4733,5,0,0
4733,5,2,0
4733,6,1,0
4733,6,2,0
4733,7,0,0
4733,7,1,0
4733,7,2,0
4734,1,0,0
4734,2,1,0
4734,3,0,0
4734,3,1,0
4734,4,2,0
4734,5,0,0
4734,5,2,0
4734,6,1,0
4734,6,2,0
4734,7,0,0
4734,7,1,0
4734,7,2,0
4735,1,0,0
4735,2,1,0
4735,3,0,0
4735,3,1,0
4735,4,2,0
4735,5,0,0
4735,5,2,0
4735,6,1,0
4735,6,2,0
4735,7,0,0
4735,7,1,0
4735,7,2,0
4736,1,0,0
4736,2,1,0
4736,3,0,0
4736,3,1,0
4736,4,2,0
4736,5,0,0
4736,5,2,0
4736,6,1,0
4736,6,2,0
4736,7,0,0
4736,7,1,0
4736,7,2,0
4737,1,0,0
4737,2,1,0
4737,3,0,0
4737,3,1,0
4737,4,2,0
4737,5,0,0
4737,5,2,0
4737,6,1,0
4737,6,2,0
4737,7,0,0
4737,7,1,0
4737,7,2,0
4738,1,0,0
4738,2,1,0
4738,3,0,0
4738,3,1,0
4738,4,2,0
4738,5,0,0
4738,5,2,0
4738,6,1,0
4738,6,2,0
4738,7,0,0
4738,7,1,0
4738,7,2,0
4739,1,0,0
4739,2,1,0
4739,3,0,0
4739,3,1,0
4739,4,2,0
4739,5,0,0
4739,5,2,0
4739,6,1,0
4739,6,2,0
4739,7,0,0
4739,7,1,0
4739,7,2,0
4740,1,0,0
4740,2,1,0
4740,3,0,0
4740,3,1,0
4740,4,2,0
4740,5,0,0
4740,5,2,0
4740,6,1,0
4740,6,2,0
4740,7,0,0
4740,7,1,0
4740,7,2,0
4741,1,0,0
4741,2,1,0
4741,3,0,0
4741,3,1,0
4741,4,2,0
4741,5,0,0
4741,5,2,0
4741,6,1,0
4741,6,2,0
4741,7,0,0
4741,7,1,0
4741,7,2,0
4742,1,0,0
4742,2,1,0
4742,3,0,0
4742,3,1,0
4742,4,2,0
4742,5,0,0
4742,5,2,0
4742,6,1,0
4742,6,2,0
4742,7,0,0
4742,7,1,0
4742,7,2,0
4743,1,0,0
4743,2,1,0
4743,3,0,0
4743,3,1,0
4743,4,2,0
4743,5,0,0
4743,5,2,0
4743,6,1,0
4743,6,2,0
4743,7,0,0
4743,7,1,0
4743,7,2,0
4744,1,0,0
4744,2,1,0
4744,3,0,0
4744,3,1,0
4744,4,2,0
4744,5,0,0
4744,5,2,0
4744,6,1,0
4744,6,2,0
4744,7,0,0
4744,7,1,0
4744,7,2,0
4745,1,0,0
4745,2,1,0
4745,3,0,0
4745,3,1,0
4745,4,2,0
4745,5,0,0
4745,5,2,0
4745,6,1,0
4745,6,2,0
4745,7,0,0
4745,7,1,0
4745,7,2,0
4746,1,0,0
4746,2,1,0
4746,3,0,0
4746,3,1,0
4746,4,2,0
4746,5,0,0
4746,5,2,0
4746,6,1,0
4746,6,2,0
4746,7,0,0
4746,7,1,0
4746,7,2,0
4747,1,0,0
4747,2,1,0
4747,3,0,0
4747,3,1,0
4747,4,2,0
4747,5,0,0
4747,5,2,0
4747,6,1,0
4747,6,2,0
4747,7,0,0
4747,7,1,0
4747,7,2,0
4748,1,0,0
4748,2,1,0
4748,3,0,0
4748,3,1,0
4748,4,2,0
4748,5,0,0
4748,5,2,0
4748,6,1,0
4748,6,2,0
4748,7,0,0
4748,7,1,0
4748,7,2,0
4749,1,0,0
4749,2,1,0
4749,3,0,0
4749,3,1,0
4749,4,2,0
4749,5,0,0
4749,5,2,0
4749,6,1,0
4749,6,2,0
4749,7,0,0
4749,7,1,0
4749,7,2,0
4750,1,0,0
4750,2,1,0
4750,3,0,0
4750,3,1,0
4750,4,2,0
4750,5,0,0
4750,5,2,0
4750,6,1,0
4750,6,2,0
4750,7,0,0
4750,7,1,0
4750,7,2,0
4751,1,0,0
4751,2,1,0
4751,3,0,0
4751,3,1,0
4751,4,2,0
4751,5,0,0
4751,5,2,0
4751,6,1,0
4751,6,2,0
4751,7,0,0
4751,7,1,0
4751,7,2,0
4752,1,0,1
4752,2,1,0
4752,3,0,1
4752,3,1,0
4752,4,2,0
4752,5,0,1
4752,5,2,0
4752,6,1,0
4752,6,2,0
4752,7,0,1
4752,7,1,0
4752,7,2,0
4753,1,0,1
4753,2,1,0
4753,3,0,1
4753,3,1,0
4753,4,2,0
4753,5,0,1
4753,5,2,0
4753,6,1,0
4753,6,2,0
4753,7,0,1
4753,7,1,0
4753,7,2,0
4754,1,0,0
4754,2,1,0
4754,3,0,0
4754,3,1,0
4754,4,2,0
4754,5,0,0
4754,5,2,0
4754,6,1,0
4754,6,2,0
4754,7,0,0
4754,7,1,0
4754,7,2,0
4755,1,0,0
4755,2,1,0
4755,3,0,0
4755,3,1,0
4755,4,2,0
4755,5,0,0
4755,5,2,0
4755,6,1,0
4755,6,2,0
4755,7,0,0
4755,7,1,0
4755,7,2,0
4756,1,0,0
4756,2,1,0
4756,3,0,0
4756,3,1,0
4756,4,2,0
4756,5,0,0
4756,5,2,0
4756,6,1,0
4756,6,2,0
4756,7,0,0
4756,7,1,0
4756,7,2,0
4757,1,0,0
4757,2,1,0
4757,3,0,0
4757,3,1,0
4757,4,2,0
4757,5,0,0
4757,5,2,0
4757,6,1,0
4757,6,2,0
4757,7,0,0
4757,7,1,0
4757,7,2,0
4758,1,0,0
4758,2,1,0
4758,3,0,0
4758,3,1,0
4758,4,2,0
4758,5,0,0
4758,5,2,0
4758,6,1,0
4758,6,2,0
4758,7,0,0
4758,7,1,0
4758,7,2,0
4759,1,0,0
4759,2,1,0
4759,3,0,0
4759,3,1,0
4759,4,2,0
4759,5,0,0
4759,5,2,0
4759,6,1,0
4759,6,2,0
4759,7,0,0
4759,7,1,0
4759,7,2,0
4760,1,0,0
4760,2,1,0
4760,3,0,0
4760,3,1,0
4760,4,2,0
4760,5,0,0
4760,5,2,0
4760,6,1,0
4760,6,2,0
4760,7,0,0
4760,7,1,0
4760,7,2,0
4761,1,0,0
4761,2,1,0
4761,3,0,0
4761,3,1,0
4761,4,2,0
4761,5,0,0
4761,5,2,0
4761,6,1,0
4761,6,2,0
4761,7,0,0
4761,7,1,0
4761,7,2,0
4762,1,0,0
4762,2,1,0
4762,3,0,0
4762,3,1,0
4762,4,2,0
4762,5,0,0
4762,5,2,0
4762,6,1,0
4762,6,2,0
4762,7,0,0
4762,7,1,0
4762,7,2,0
4763,1,0,0
4763,2,1,0
4763,3,0,0
4763,3,1,0
4763,4,2,0
4763,5,0,0
4763,5,2,0
4763,6,1,0
4763,6,2,0
4763,7,0,0
4763,7,1,0
4763,7,2,0
4764,1,0,0
4764,2,1,0
4764,3,0,0
4764,3,1,0
4764,4,2,0
4764,5,0,0
4764,5,2,0
4764,6,1,0
4764,6,2,0
4764,7,0,0
4764,7,1,0
4764,7,2,0
4765,1,0,0
4765,2,1,0
4765,3,0,0
4765,3,1,0
4765,4,2,0
4765,5,0,0
4765,5,2,0
4765,6,1,0
4765,6,2,0
4765,7,0,0
4765,7,1,0
4765,7,2,0
4766,1,0,0
4766,2,1,0
4766,3,0,0
4766,3,1,0
4766,4,2,0
4766,5,0,0
4766,5,2,0
4766,6,1,0
4766,6,2,0
4766,7,0,0
4766,7,1,0
4766,7,2,0
4767,1,0,0
4767,2,1,0
4767,3,0,0
4767,3,1,0
4767,4,2,0
4767,5,0,0
4767,5,2,0
4767,6,1,0
4767,6,2,0
4767,7,0,0
4767,7,1,0
4767,7,2,0
4768,1,0,0
4768,2,1,0
4768,3,0,0
4768,3,1,0
4768,4,2,0
4768,5,0,0
4768,5,2,0
4768,6,1,0
4768,6,2,0
4768,7,0,0
4768,7,1,0
4768,7,2,0
4769,1,0,0
4769,2,1,0
4769,3,0,0
4769,3,1,0
4769,4,2,0
4769,5,0,0
4769,5,2,0
4769,6,1,0
4769,6,2,0
4769,7,0,0
4769,7,1,0
4769,7,2,0
4770,1,0,0
4770,2,1,0
4770,3,0,0
4770,3,1,0
4770,4,2,0
4770,5,0,0
4770,5,2,0
4770,6,1,0
4770,6,2,0
4770,7,0,0
4770,7,1,0
4770,7,2,0
4771,1,0,0
4771,2,1,0
4771,3,0,0
4771,3,1,0
4771,4,2,0
4771,5,0,0
4771,5,2,0
4771,6,1,0
4771,6,2,0
4771,7,0,0
4771,7,1,0
4771,7,2,0
4772,1,0,0
4772,2,1,0
4772,3,0,0
4772,3,1,0
4772,4,2,0
4772,5,0,0
4772,5,2,0
4772,6,1,0
4772,6,2,0
4772,7,0,0
4772,7,1,0
4772,7,2,0
4773,1,0,0
4773,2,1,0
4773,3,0,0
4773,3,1,0
4773,4,2,0
4773,5,0,0
4773,5,2,0
4773,6,1,0
4773,6,2,0
4773,7,0,0
4773,7,1,0
4773,7,2,0
4774,1,0,0
4774,2,1,0
4774,3,0,0
4774,3,1,0
4774,4,2,0
4774,5,0,0
4774,5,2,0
4774,6,1,0
4774,6,2,0
4774,7,0,0
4774,7,1,0
4774,7,2,0
4775,1,0,0
4775,2,1,0
4775,3,0,0
4775,3,1,0
4775,4,2,0
4775,5,0,0
4775,5,2,0
4775,6,1,0
4775,6,2,0
4775,7,0,0
4775,7,1,0
4775,7,2,0
4776,1,0,0
4776,2,1,0
4776,3,0,0
4776,3,1,0
4776,4,2,0
4776,5,0,0
4776,5,2,0
4776,6,1,0
4776,6,2,0
4776,7,0,0
4776,7,1,0
4776,7,2,0
4777,1,0,0
4777,2,1,0
4777,3,0,0
4777,3,1,0
4777,4,2,0
4777,5,0,0
4777,5,2,0
4777,6,1,0
4777,6,2,0
4777,7,0,0
4777,7,1,0
4777,7,2,0
4778,1,0,0
4778,2,1,0
4778,3,0,0
4778,3,1,0
4778,4,2,0
4778,5,0,0
4778,5,2,0
4778,6,1,0
4778,6,2,0
4778,7,0,0
4778,7,1,0
4778,7,2,0
4779,1,0,1
4779,2,1,0
4779,3,0,1
4779,3,1,0
4779,4,2,0
4779,5,0,1
4779,5,2,0
4779,6,1,0
4779,6,2,0
4779,7,0,1
4779,7,1,0
4779,7,2,0
4780,1,0,1
4780,2,1,0
4780,3,0,1
4780,3,1,0
4780,4,2,0
4780,5,0,1
4780,5,2,0
4780,6,1,0
4780,6,2,0
4780,7,0,1
4780,7,1,0
4780,7,2,0
4781,1,0,0
4781,2,1,0
4781,3,0,0
4781,3,1,0
4781,4,2,0
4781,5,0,0
4781,5,2,0
4781,6,1,0
4781,6,2,0
4781,7,0,0
4781,7,1,0
4781,7,2,0
4782,1,0,0
4782,2,1,0
4782,3,0,0
4782,3,1,0
4782,4,2,0
4782,5,0,0
4782,5,2,0
4782,6,1,0
4782,6,2,0
4782,7,0,0
4782,7,1,0
4782,7,2,0
4783,1,0,0
4783,2,1,0
4783,3,0,0
4783,3,1,0
4783,4,2,0
4783,5,0,0
4783,5,2,0
4783,6,1,0
4783,6,2,0
4783,7,0,0
4783,7,1,0
4783,7,2,0
4784,1,0,0
4784,2,1,0
4784,3,0,0
4784,3,1,0
4784,4,2,0
4784,5,0,0
4784,5,2,0
4784,6,1,0
4784,6,2,0
4784,7,0,0
4784,7,1,0
4784,7,2,0
4785,1,0,0
4785,2,1,0
4785,3,0,0
4785,3,1,0
4785,4,2,0
4785,5,0,0
4785,5,2,0
4785,6,1,0
4785,6,2,0
4785,7,0,0
4785,7,1,0
4785,7,2,0
4786,1,0,0
4786,2,1,0
4786,3,0,0
4786,3,1,0
4786,4,2,0
4786,5,0,0
4786,5,2,0
4786,6,1,0
4786,6,2,0
4786,7,0,0
4786,7,1,0
4786,7,2,0
4787,1,0,0
4787,2,1,0
4787,3,0,0
4787,3,1,0
4787,4,2,0
4787,5,0,0
4787,5,2,0
4787,6,1,0
4787,6,2,0
4787,7,0,0
4787,7,1,0
4787,7,2,0
4788,1,0,0
4788,2,1,0
4788,3,0,0
4788,3,1,0
4788,4,2,0
4788,5,0,0
4788,5,2,0
4788,6,1,0
4788,6,2,0
4788,7,0,0
4788,7,1,0
4788,7,2,0
4789,1,0,0
4789,2,1,0
4789,3,0,0
4789,3,1,0
4789,4,2,0
4789,5,0,0
4789,5,2,0
4789,6,1,0
4789,6,2,0
4789,7,0,0
4789,7,1,0
4789,7,2,0
4790,1,0,0
4790,2,1,0
4790,3,0,0
4790,3,1,0
4790,4,2,0
4790,5,0,0
4790,5,2,0
4790,6,1,0
4790,6,2,0
4790,7,0,0
4790,7,1,0
4790,7,2,0
4791,1,0,0
4791,2,1,0
4791,3,0,0
4791,3,1,0
4791,4,2,0
4791,5,0,0
4791,5,2,0
4791,6,1,0
4791,6,2,0
4791,7,0,0
4791,7,1,0
4791,7,2,0
4792,1,0,0
4792,2,1,0
4792,3,0,0
4792,3,1,0
4792,4,2,0
4792,5,0,0
4792,5,2,0
4792,6,1,0
4792,6,2,0
4792,7,0,0
4792,7,1,0
4792,7,2,0
4793,1,0,0
4793,2,1,0
4793,3,0,0
4793,3,1,0
4793,4,2,0
4793,5,0,0
4793,5,2,0
4793,6,1,0
4793,6,2,0
4793,7,0,0
4793,7,1,0
4793,7,2,0
4794,1,0,0
4794,2,1,0
4794,3,0,0
4794,3,1,0
4794,4,2,0
4794,5,0,0
4794,5,2,0
4794,6,1,0
4794,6,2,0
4794,7,0,0
4794,7,1,0
4794,7,2,0
4795,1,0,0
4795,2,1,0
4795,3,0,0
4795,3,1,0
4795,4,2,0
4795,5,0,0
4795,5,2,0
4795,6,1,0
4795,6,2,0
4795,7,0,0
4795,7,1,0
4795,7,2,0
4796,1,0,0
4796,2,1,0
4796,3,0,0
4796,3,1,0
4796,4,2,0
4796,5,0,0
4796,5,2,0
4796,6,1,0
4796,6,2,0
4796,7,0,0
4796,7,1,0
4796,7,2,0
4797,1,0,0
4797,2,1,0
4797,3,0,0
4797,3,1,0
4797,4,2,0
4797,5,0,0
4797,5,2,0
4797,6,1,0
4797,6,2,0
4797,7,0,0
4797,7,1,0
4797,7,2,0
4798,1,0,0
4798,2,1,0
4798,3,0,0
4798,3,1,0
4798,4,2,0
4798,5,0,0
4798,5,2,0
4798,6,1,0
4798,6,2,0
4798,7,0,0
4798,7,1,0
4798,7,2,0
4799,1,0,0
4799,2,1,0
4799,3,0,0
4799,3,1,0
4799,4,2,0
4799,5,0,0
4799,5,2,0
4799,6,1,0
4799,6,2,0
4799,7,0,0
4799,7,1,0
4799,7,2,0
4800,1,0,0
4800,2,1,0
4800,3,0,0
4800,3,1,0
4800,4,2,0
4800,5,0,0
4800,5,2,0
4800,6,1,0
4800,6,2,0
4800,7,0,0
4800,7,1,0
4800,7,2,0
4801,1,0,0
4801,2,1,0
4801,3,0,0
4801,3,1,0
4801,4,2,0
4801,5,0,0
4801,5,2,0
4801,6,1,0
4801,6,2,0
4801,7,0,0
4801,7,1,0
4801,7,2,0
4802,1,0,0
4802,2,1,0
4802,3,0,0
4802,3,1,0
4802,4,2,0
4802,5,0,0
4802,5,2,0
4802,6,1,0
4802,6,2,0
4802,7,0,0
4802,7,1,0
4802,7,2,0
4803,1,0,0
4803,2,1,0
4803,3,0,0
4803,3,1,0
4803,4,2,0
4803,5,0,0
4803,5,2,0
4803,6,1,0
4803,6,2,0
4803,7,0,0
4803,7,1,0
4803,7,2,0
4804,1,0,0
4804,2,1,0
4804,3,0,0
4804,3,1,0
4804,4,2,0
4804,5,0,0
4804,5,2,0
4804,6,1,0
4804,6,2,0
4804,7,0,0
4804,7,1,0
4804,7,2,0
4805,1,0,0
4805,2,1,0
4805,3,0,0
4805,3,1,0
4805,4,2,0
4805,5,0,0
4805,5,2,0
4805,6,1,0
4805,6,2,0
4805,7,0,0
4805,7,1,0
4805,7,2,0
4806,1,0,1
4806,2,1,0
4806,3,0,1
4806,3,1,0
4806,4,2,0
4806,5,0,1
4806,5,2,0
4806,6,1,0
4806,6,2,0
4806,7,0,1
4806,7,1,0
4806,7,2,0
4807,1,0,1
4807,2,1,0
4807,3,0,1
4807,3,1,0
4807,4,2,0
4807,5,0,1
4807,5,2,0
4807,6,1,0
4807,6,2,0
4807,7,0,1
4807,7,1,0
4807,7,2,0
4808,1,0,0
4808,2,1,0
4808,3,0,0
4808,3,1,0
4808,4,2,0
4808,5,0,0
4808,5,2,0
4808,6,1,0
4808,6,2,0
4808,7,0,0
4808,7,1,0
4808,7,2,0
4809,1,0,0
4809,2,1,0
4809,3,0,0
4809,3,1,0
4809,4,2,0
4809,5,0,0
4809,5,2,0
4809,6,1,0
4809,6,2,0
4809,7,0,0
4809,7,1,0
4809,7,2,0
4810,1,0,0
4810,2,1,0
4810,3,0,0
4810,3,1,0
4810,4,2,0
4810,5,0,0
4810,5,2,0
4810,6,1,0
4810,6,2,0
4810,7,0,0
4810,7,1,0
4810,7,2,0
4811,1,0,0
4811,2,1,0
4811,3,0,0
4811,3,1,0
4811,4,2,0
4811,5,0,0
4811,5,2,0
4811,6,1,0
4811,6,2,0
4811,7,0,0
4811,7,1,0
4811,7,2,0
4812,1,0,0
4812,2,1,0
4812,3,0,0
4812,3,1,0
4812,4,2,0
4812,5,0,0
4812,5,2,0
4812,6,1,0
4812,6,2,0
4812,7,0,0
4812,7,1,0
4812,7,2,0
4813,1,0,0
4813,2,1,0
4813,3,0,0
4813,3,1,0
4813,4,2,0
4813,5,0,0
4813,5,2,0
4813,6,1,0
4813,6,2,0
4813,7,0,0
4813,7,1,0
4813,7,2,0
4814,1,0,0
4814,2,1,0
4814,3,0,0
4814,3,1,0
4814,4,2,0
4814,5,0,0
4814,5,2,0
4814,6,1,0
4814,6,2,0
4814,7,0,0
4814,7,1,0
4814,7,2,0
4815,1,0,0
4815,2,1,0
4815,3,0,0
4815,3,1,0
4815,4,2,0
4815,5,0,0
4815,5,2,0
4815,6,1,0
4815,6,2,0
4815,7,0,0
4815,7,1,0
4815,7,2,0
4816,1,0,0
4816,2,1,0
4816,3,0,0
4816,3,1,0
4816,4,2,0
4816,5,0,0
4816,5,2,0
4816,6,1,0
4816,6,2,0
4816,7,0,0
4816,7,1,0
4816,7,2,0
4817,1,0,0
4817,2,1,0
4817,3,0,0
4817,3,1,0
4817,4,2,0
4817,5,0,0
4817,5,2,0
4817,6,1,0
4817,6,2,0
4817,7,0,0
4817,7,1,0
4817,7,2,0
4818,1,0,0
4818,2,1,0
4818,3,0,0
4818,3,1,0
4818,4,2,0
4818,5,0,0
4818,5,2,0
4818,6,1,0
4818,6,2,0
4818,7,0,0
4818,7,1,0
4818,7,2,0
4819,1,0,0
4819,2,1,0
4819,3,0,0
4819,3,1,0
4819,4,2,0
4819,5,0,0
4819,5,2,0
4819,6,1,0
4819,6,2,0
4819,7,0,0
4819,7,1,0
4819,7,2,0
4820,1,0,0
4820,2,1,0
4820,3,0,0
4820,3,1,0
4820,4,2,0
4820,5,0,0
4820,5,2,0
4820,6,1,0
4820,6,2,0
4820,7,0,0
4820,7,1,0
4820,7,2,0
4821,1,0,0
4821,2,1,0
4821,3,0,0
4821,3,1,0
4821,4,2,0
4821,5,0,0
4821,5,2,0
4821,6,1,0
4821,6,2,0
4821,7,0,0
4821,7,1,0
4821,7,2,0
4822,1,0,0
4822,2,1,0
4822,3,0,0
4822,3,1,0
4822,4,2,0
4822,5,0,0
4822,5,2,0
4822,6,1,0
4822,6,2,0
4822,7,0,0
4822,7,1,0
4822,7,2,0
4823,1,0,0
4823,2,1,0
4823,3,0,0
4823,3,1,0
4823,4,2,0
4823,5,0,0
4823,5,2,0
4823,6,1,0
4823,6,2,0
4823,7,0,0
4823,7,1,0
4823,7,2,0
4824,1,0,0
4824,2,1,0
4824,3,0,0
4824,3,1,0
4824,4,2,0
4824,5,0,0
4824,5,2,0
4824,6,1,0
4824,6,2,0
4824,7,0,0
4824,7,1,0
4824,7,2,0
4825,1,0,0
4825,2,1,0
4825,3,0,0
4825,3,1,0
4825,4,2,0
4825,5,0,0
4825,5,2,0
4825,6,1,0
4825,6,2,0
4825,7,0,0
4825,7,1,0
4825,7,2,0
4826,1,0,0
4826,2,1,0
4826,3,0,0
4826,3,1,0
4826,4,2,0
4826,5,0,0
4826,5,2,0
4826,6,1,0
4826,6,2,0
4826,7,0,0
4826,7,1,0
4826,7,2,0
4827,1,0,0
4827,2,1,0
4827,3,0,0
4827,3,1,0
4827,4,2,0
4827,5,0,0
4827,5,2,0
4827,6,1,0
4827,6,2,0
4827,7,0,0
4827,7,1,0
4827,7,2,0
4828,1,0,0
4828,2,1,0
4828,3,0,0
4828,3,1,0
4828,4,2,0
4828,5,0,0
4828,5,2,0
4828,6,1,0
4828,6,2,0
4828,7,0,0
4828,7,1,0
4828,7,2,0
4829,1,0,0
4829,2,1,0
4829,3,0,0
4829,3,1,0
4829,4,2,0
4829,5,0,0
4829,5,2,0
4829,6,1,0
4829,6,2,0
4829,7,0,0
4829,7,1,0
4829,7,2,0
4830,1,0,0
4830,2,1,0
4830,3,0,0
4830,3,1,0
4830,4,2,0
4830,5,0,0
4830,5,2,0
4830,6,1,0
4830,6,2,0
4830,7,0,0
4830,7,1,0
4830,7,2,0
4831,1,0,0
4831,2,1,0
4831,3,0,0
4831,3,1,0
4831,4,2,0
4831,5,0,0
4831,5,2,0
4831,6,1,0
4831,6,2,0
4831,7,0,0
4831,7,1,0
4831,7,2,0
4832,1,0,0
4832,2,1,0
4832,3,0,0
4832,3,1,0
4832,4,2,0
4832,5,0,0
4832,5,2,0
4832,6,1,0
4832,6,2,0
4832,7,0,0
4832,7,1,0
4832,7,2,0
4833,1,0,1
4833,2,1,0
4833,3,0,1
4833,3,1,0
4833,4,2,0
4833,5,0,1
4833,5,2,0
4833,6,1,0
4833,6,2,0
4833,7,0,1
4833,7,1,0
4833,7,2,0
4834,1,0,1
4834,2,1,0
4834,3,0,1
4834,3,1,0
4834,4,2,0
4834,5,0,1
4834,5,2,0
4834,6,1,0
4834,6,2,0
4834,7,0,1
4834,7,1,0
4834,7,2,0
4835,1,0,0
4835,2,1,0
4835,3,0,0
4835,3,1,0
4835,4,2,0
4835,5,0,0
4835,5,2,0
4835,6,1,0
4835,6,2,0
4835,7,0,0
4835,7,1,0
4835,7,2,0
4836,1,0,0
4836,2,1,0
4836,3,0,0
4836,3,1,0
4836,4,2,0
4836,5,0,0
4836,5,2,0
4836,6,1,0
4836,6,2,0
4836,7,0,0
4836,7,1,0
4836,7,2,0
4837,1,0,0
4837,2,1,0
4837,3,0,0
4837,3,1,0
4837,4,2,0
4837,5,0,0
4837,5,2,0
4837,6,1,0
4837,6,2,0
4837,7,0,0
4837,7,1,0
4837,7,2,0
4838,1,0,0
4838,2,1,0
4838,3,0,0
4838,3,1,0
4838,4,2,0
4838,5,0,0
4838,5,2,0
4838,6,1,0
4838,6,2,0
4838,7,0,0
4838,7,1,0
4838,7,2,0
4839,1,0,0
4839,2,1,0
4839,3,0,0
4839,3,1,0
4839,4,2,0
4839,5,0,0
4839,5,2,0
4839,6,1,0
4839,6,2,0
4839,7,0,0
4839,7,1,0
4839,7,2,0
4840,1,0,0
4840,2,1,0
4840,3,0,0
4840,3,1,0
4840,4,2,0
4840,5,0,0
4840,5,2,0
4840,6,1,0
4840,6,2,0
4840,7,0,0
4840,7,1,0
4840,7,2,0
4841,1,0,0
4841,2,1,0
4841,3,0,0
4841,3,1,0
4841,4,2,0
4841,5,0,0
4841,5,2,0
4841,6,1,0
4841,6,2,0
4841,7,0,0
4841,7,1,0
4841,7,2,0
4842,1,0,0
4842,2,1,0
4842,3,0,0
4842,3,1,0
4842,4,2,0
4842,5,0,0
4842,5,2,0
4842,6,1,0
4842,6,2,0
4842,7,0,0
4842,7,1,0
4842,7,2,0
4843,1,0,0
4843,2,1,0
4843,3,0,0
4843,3,1,0
4843,4,2,0
4843,5,0,0
4843,5,2,0
4843,6,1,0
4843,6,2,0
4843,7,0,0
4843,7,1,0
4843,7,2,0
4844,1,0,0
4844,2,1,0
4844,3,0,0
4844,3,1,0
4844,4,2,0
4844,5,0,0
4844,5,2,0
4844,6,1,0
4844,6,2,0
4844,7,0,0
4844,7,1,0
4844,7,2,0
4845,1,0,0
4845,2,1,0
4845,3,0,0
4845,3,1,0
4845,4,2,0
4845,5,0,0
4845,5,2,0
4845,6,1,0
4845,6,2,0
4845,7,0,0
4845,7,1,0
4845,7,2,0
4846,1,0,0
4846,2,1,0
4846,3,0,0
4846,3,1,0
4846,4,2,0
4846,5,0,0
4846,5,2,0
4846,6,1,0
4846,6,2,0
4846,7,0,0
4846,7,1,0
4846,7,2,0
4847,1,0,0
4847,2,1,0
4847,3,0,0
4847,3,1,0
4847,4,2,0
4847,5,0,0
4847,5,2,0
4847,6,1,0
4847,6,2,0
4847,7,0,0
4847,7,1,0
4847,7,2,0
4848,1,0,0
4848,2,1,0
4848,3,0,0
4848,3,1,0
4848,4,2,0
4848,5,0,0
4848,5,2,0
4848,6,1,0
4848,6,2,0
4848,7,0,0
4848,7,1,0
4848,7,2,0
4849,1,0,0
4849,2,1,0
4849,3,0,0
4849,3,1,0
4849,4,2,0
4849,5,0,0
4849,5,2,0
4849,6,1,0
4849,6,2,0
4849,7,0,0
4849,7,1,0
4849,7,2,0
4850,1,0,0
4850,2,1,0
4850,3,0,0
4850,3,1,0
4850,4,2,0
4850,5,0,0
4850,5,2,0
4850,6,1,0
4850,6,2,0
4850,7,0,0
4850,7,1,0
4850,7,2,0
4851,1,0,0
4851,2,1,0
4851,3,0,0
4851,3,1,0
4851,4,2,0
4851,5,0,0
4851,5,2,0
4851,6,1,0
4851,6,2,0
4851,7,0,0
4851,7,1,0
4851,7,2,0
4852,1,0,0
4852,2,1,0
4852,3,0,0
4852,3,1,0
4852,4,2,0
4852,5,0,0
4852,5,2,0
4852,6,1,0
4852,6,2,0
4852,7,0,0
4852,7,1,0
4852,7,2,0
4853,1,0,0
4853,2,1,0
4853,3,0,0
4853,3,1,0
4853,4,2,0
4853,5,0,0
4853,5,2,0
4853,6,1,0
4853,6,2,0
4853,7,0,0
4853,7,1,0
4853,7,2,0
4854,1,0,0
4854,2,1,0
4854,3,0,0
4854,3,1,0
4854,4,2,0
4854,5,0,0
4854,5,2,0
4854,6,1,0
4854,6,2,0
4854,7,0,0
4854,7,1,0
4854,7,2,0
4855,1,0,0
4855,2,1,0
4855,3,0,0
4855,3,1,0
4855,4,2,0
4855,5,0,0
4855,5,2,0
4855,6,1,0
4855,6,2,0
4855,7,0,0
4855,7,1,0
4855,7,2,0
4856,1,0,0
4856,2,1,0
4856,3,0,0
4856,3,1,0
4856,4,2,0
4856,5,0,0
4856,5,2,0
4856,6,1,0
4856,6,2,0
4856,7,0,0
4856,7,1,0
4856,7,2,0
4857,1,0,0
4857,2,1,0
4857,3,0,0
4857,3,1,0
4857,4,2,0
4857,5,0,0
4857,5,2,0
4857,6,1,0
4857,6,2,0
4857,7,0,0
4857,7,1,0
4857,7,2,0
4858,1,0,0
4858,2,1,0
4858,3,0,0
4858,3,1,0
4858,4,2,0
4858,5,0,0
4858,5,2,0
4858,6,1,0
4858,6,2,0
4858,7,0,0
4858,7,1,0
4858,7,2,0
4859,1,0,0
4859,2,1,0
4859,3,0,0
4859,3,1,0
4859,4,2,0
4859,5,0,0
4859,5,2,0
4859,6,1,0
4859,6,2,0
4859,7,0,0
4859,7,1,0
4859,7,2,0
4860,1,0,1
4860,2,1,0
4860,3,0,1
4860,3,1,0
4860,4,2,0
4860,5,0,1
4860,5,2,0
4860,6,1,0
4860,6,2,0
4860,7,0,1
4860,7,1,0
4860,7,2,0
4861,1,0,1
4861,2,1,0
4861,3,0,1
4861,3,1,0
4861,4,2,0
4861,5,0,1
4861,5,2,0
4861,6,1,0
4861,6,2,0
4861,7,0,1
4861,7,1,0
4861,7,2,0
4862,1,0,0
4862,2,1,0
4862,3,0,0
4862,3,1,0
4862,4,2,0
4862,5,0,0
4862,5,2,0
4862,6,1,0
4862,6,2,0
4862,7,0,0
4862,7,1,0
4862,7,2,0
4863,1,0,0
4863,2,1,0
4863,3,0,0
4863,3,1,0
4863,4,2,0
4863,5,0,0
4863,5,2,0
4863,6,1,0
4863,6,2,0
4863,7,0,0
4863,7,1,0
4863,7,2,0
4864,1,0,0
4864,2,1,0
4864,3,0,0
4864,3,1,0
4864,4,2,0
4864,5,0,0
4864,5,2,0
4864,6,1,0
4864,6,2,0
4864,7,0,0
4864,7,1,0
4864,7,2,0
4865,1,0,0
4865,2,1,0
4865,3,0,0
4865,3,1,0
4865,4,2,0
4865,5,0,0
4865,5,2,0
4865,6,1,0
4865,6,2,0
4865,7,0,0
4865,7,1,0
4865,7,2,0
4866,1,0,0
4866,2,1,0
4866,3,0,0
4866,3,1,0
4866,4,2,0
4866,5,0,0
4866,5,2,0
4866,6,1,0
4866,6,2,0
4866,7,0,0
4866,7,1,0
4866,7,2,0
4867,1,0,0
4867,2,1,0
4867,3,0,0
4867,3,1,0
4867,4,2,0
4867,5,0,0
4867,5,2,0
4867,6,1,0
4867,6,2,0
4867,7,0,0
4867,7,1,0
4867,7,2,0
4868,1,0,0
4868,2,1,0
4868,3,0,0
4868,3,1,0
4868,4,2,0
4868,5,0,0
4868,5,2,0
4868,6,1,0
4868,6,2,0
4868,7,0,0
4868,7,1,0
4868,7,2,0
4869,1,0,0
4869,2,1,0
4869,3,0,0
4869,3,1,0
4869,4,2,0
4869,5,0,0
4869,5,2,0
4869,6,1,0
4869,6,2,0
4869,7,0,0
4869,7,1,0
4869,7,2,0
4870,1,0,0
4870,2,1,0
4870,3,0,0
4870,3,1,0
4870,4,2,0
4870,5,0,0
4870,5,2,0
4870,6,1,0
4870,6,2,0
4870,7,0,0
4870,7,1,0
4870,7,2,0
4871,1,0,0
4871,2,1,0
4871,3,0,0
4871,3,1,0
4871,4,2,0
4871,5,0,0
4871,5,2,0
4871,6,1,0
4871,6,2,0
4871,7,0,0
4871,7,1,0
4871,7,2,0
4872,1,0,0
4872,2,1,0
4872,3,0,0
4872,3,1,0
4872,4,2,0
4872,5,0,0
4872,5,2,0
4872,6,1,0
4872,6,2,0
4872,7,0,0
4872,7,1,0
4872,7,2,0
4873,1,0,0
4873,2,1,0
4873,3,0,0
4873,3,1,0
4873,4,2,0
4873,5,0,0
4873,5,2,0
4873,6,1,0
4873,6,2,0
4873,7,0,0
4873,7,1,0
4873,7,2,0
4874,1,0,0
4874,2,1,0
4874,3,0,0
4874,3,1,0
4874,4,2,0
4874,5,0,0
4874,5,2,0
4874,6,1,0
4874,6,2,0
4874,7,0,0
4874,7,1,0
4874,7,2,0
4875,1,0,0
4875,2,1,0
4875,3,0,0
4875,3,1,0
4875,4,2,0
4875,5,0,0
4875,5,2,0
4875,6,1,0
4875,6,2,0
4875,7,0,0
4875,7,1,0
4875,7,2,0
4876,1,0,0
4876,2,1,0
4876,3,0,0
4876,3,1,0
4876,4,2,0
4876,5,0,0
4876,5,2,0
4876,6,1,0
4876,6,2,0
4876,7,0,0
4876,7,1,0
4876,7,2,0
4877,1,0,0
4877,2,1,0
4877,3,0,0
4877,3,1,0
4877,4,2,0
4877,5,0,0
4877,5,2,0
4877,6,1,0
4877,6,2,0
4877,7,0,0
4877,7,1,0
4877,7,2,0
4878,1,0,0
4878,2,1,0
4878,3,0,0
4878,3,1,0
4878,4,2,0
4878,5,0,0
4878,5,2,0
4878,6,1,0
4878,6,2,0
4878,7,0,0
4878,7,1,0
4878,7,2,0
4879,1,0,0
4879,2,1,0
4879,3,0,0
4879,3,1,0
4879,4,2,0
4879,5,0,0
4879,5,2,0
4879,6,1,0
4879,6,2,0
4879,7,0,0
4879,7,1,0
4879,7,2,0
4880,1,0,0
4880,2,1,0
4880,3,0,0
4880,3,1,0
4880,4,2,0
4880,5,0,0
4880,5,2,0
4880,6,1,0
4880,6,2,0
4880,7,0,0
4880,7,1,0
4880,7,2,0
4881,1,0,0
4881,2,1,0
4881,3,0,0
4881,3,1,0
4881,4,2,0
4881,5,0,0
4881,5,2,0
4881,6,1,0
4881,6,2,0
4881,7,0,0
4881,7,1,0
4881,7,2,0
4882,1,0,0
4882,2,1,0
4882,3,0,0
4882,3,1,0
4882,4,2,0
4882,5,0,0
4882,5,2,0
4882,6,1,0
4882,6,2,0
4882,7,0,0
4882,7,1,0
4882,7,2,0
4883,1,0,0
4883,2,1,0
4883,3,0,0
4883,3,1,0
4883,4,2,0
4883,5,0,0
4883,5,2,0
4883,6,1,0
4883,6,2,0
4883,7,0,0
4883,7,1,0
4883,7,2,0
4884,1,0,0
4884,2,1,0
4884,3,0,0
4884,3,1,0
4884,4,2,0
4884,5,0,0
4884,5,2,0
4884,6,1,0
4884,6,2,0
4884,7,0,0
4884,7,1,0
4884,7,2,0
4885,1,0,0
4885,2,1,0
4885,3,0,0
4885,3,1,0
4885,4,2,0
4885,5,0,0
4885,5,2,0
4885,6,1,0
4885,6,2,0
4885,7,0,0
4885,7,1,0
4885,7,2,0
4886,1,0,0
4886,2,1,0
4886,3,0,0
4886,3,1,0
4886,4,2,0
4886,5,0,0
4886,5,2,0
4886,6,1,0
4886,6,2,0
4886,7,0,0
4886,7,1,0
4886,7,2,0
4887,1,0,1
4887,2,1,0
4887,3,0,1
4887,3,1,0
4887,4,2,0
4887,5,0,1
4887,5,2,0
4887,6,1,0
4887,6,2,0
4887,7,0,1
4887,7,1,0
4887,7,2,0
4888,1,0,1
4888,2,1,0
4888,3,0,1
4888,3,1,0
4888,4,2,0
4888,5,0,1
4888,5,2,0
4888,6,1,0
4888,6,2,0
4888,7,0,1
4888,7,1,0
4888,7,2,0
4889,1,0,0
4889,2,1,0
4889,3,0,0
4889,3,1,0
4889,4,2,0
4889,5,0,0
4889,5,2,0
4889,6,1,0
4889,6,2,0
4889,7,0,0
4889,7,1,0
4889,7,2,0
4890,1,0,0
4890,2,1,0
4890,3,0,0
4890,3,1,0
4890,4,2,0
4890,5,0,0
4890,5,2,0
4890,6,1,0
4890,6,2,0
4890,7,0,0
4890,7,1,0
4890,7,2,0
4891,1,0,0
4891,2,1,0
4891,3,0,0
4891,3,1,0
4891,4,2,0
4891,5,0,0
4891,5,2,0
4891,6,1,0
4891,6,2,0
4891,7,0,0
4891,7,1,0
4891,7,2,0
4892,1,0,0
4892,2,1,0
4892,3,0,0
4892,3,1,0
4892,4,2,0
4892,5,0,0
4892,5,2,0
4892,6,1,0
4892,6,2,0
4892,7,0,0
4892,7,1,0
4892,7,2,0
4893,1,0,0
4893,2,1,0
4893,3,0,0
4893,3,1,0
4893,4,2,0
4893,5,0,0
4893,5,2,0
4893,6,1,0
4893,6,2,0
4893,7,0,0
4893,7,1,0
4893,7,2,0
4894,1,0,0
4894,2,1,0
4894,3,0,0
4894,3,1,0
4894,4,2,0
4894,5,0,0
4894,5,2,0
4894,6,1,0
4894,6,2,0
4894,7,0,0
4894,7,1,0
4894,7,2,0
4895,1,0,0
4895,2,1,0
4895,3,0,0
4895,3,1,0
4895,4,2,0
4895,5,0,0
4895,5,2,0
4895,6,1,0
4895,6,2,0
4895,7,0,0
4895,7,1,0
4895,7,2,0
4896,1,0,0
4896,2,1,0
4896,3,0,0
4896,3,1,0
4896,4,2,0
4896,5,0,0
4896,5,2,0
4896,6,1,0
4896,6,2,0
4896,7,0,0
4896,7,1,0
4896,7,2,0
4897,1,0,0
4897,2,1,0
4897,3,0,0
4897,3,1,0
4897,4,2,0
4897,5,0,0
4897,5,2,0
4897,6,1,0
4897,6,2,0
4897,7,0,0
4897,7,1,0
4897,7,2,0
4898,1,0,0
4898,2,1,0
4898,3,0,0
4898,3,1,0
4898,4,2,0
4898,5,0,0
4898,5,2,0
4898,6,1,0
4898,6,2,0
4898,7,0,0
4898,7,1,0
4898,7,2,0
4899,1,0,0
4899,2,1,0
4899,3,0,0
4899,3,1,0
4899,4,2,0
4899,5,0,0
4899,5,2,0
4899,6,1,0
4899,6,2,0
4899,7,0,0
4899,7,1,0
4899,7,2,0
4900,1,0,0
4900,2,1,0
4900,3,0,0
4900,3,1,0
4900,4,2,0
4900,5,0,0
4900,5,2,0
4900,6,1,0
4900,6,2,0
4900,7,0,0
4900,7,1,0
4900,7,2,0
4901,1,0,0
4901,2,1,0
4901,3,0,0
4901,3,1,0
4901,4,2,0
4901,5,0,0
4901,5,2,0
4901,6,1,0
4901,6,2,0
4901,7,0,0
4901,7,1,0
4901,7,2,0
4902,1,0,0
4902,2,1,0
4902,3,0,0
4902,3,1,0
4902,4,2,0
4902,5,0,0
4902,5,2,0
4902,6,1,0
4902,6,2,0
4902,7,0,0
4902,7,1,0
4902,7,2,0
4903,1,0,0
4903,2,1,0
4903,3,0,0
4903,3,1,0
4903,4,2,0
4903,5,0,0
4903,5,2,0
4903,6,1,0
4903,6,2,0
4903,7,0,0
4903,7,1,0
4903,7,2,0
4904,1,0,0
4904,2,1,0
4904,3,0,0
4904,3,1,0
4904,4,2,0
4904,5,0,0
4904,5,2,0
4904,6,1,0
4904,6,2,0
4904,7,0,0
4904,7,1,0
4904,7,2,0
4905,1,0,0
4905,2,1,0
4905,3,0,0
4905,3,1,0
4905,4,2,0
4905,5,0,0
4905,5,2,0
4905,6,1,0
4905,6,2,0
4905,7,0,0
4905,7,1,0
4905,7,2,0
4906,1,0,0
4906,2,1,0
4906,3,0,0
4906,3,1,0
4906,4,2,0
4906,5,0,0
4906,5,2,0
4906,6,1,0
4906,6,2,0
4906,7,0,0
4906,7,1,0
4906,7,2,0
4907,1,0,0
4907,2,1,0
4907,3,0,0
4907,3,1,0
4907,4,2,0
4907,5,0,0
4907,5,2,0
4907,6,1,0
4907,6,2,0
4907,7,0,0
4907,7,1,0
4907,7,2,0
4908,1,0,0
4908,2,1,0
4908,3,0,0
4908,3,1,0
4908,4,2,0
4908,5,0,0
4908,5,2,0
4908,6,1,0
4908,6,2,0
4908,7,0,0
4908,7,1,0
4908,7,2,0
4909,1,0,0
4909,2,1,0
4909,3,0,0
4909,3,1,0
4909,4,2,0
4909,5,0,0
4909,5,2,0
4909,6,1,0
4909,6,2,0
4909,7,0,0
4909,7,1,0
4909,7,2,0
4910,1,0,0
4910,2,1,0
4910,3,0,0
4910,3,1,0
4910,4,2,0
4910,5,0,0
4910,5,2,0
4910,6,1,0
4910,6,2,0
4910,7,0,0
4910,7,1,0
4910,7,2,0
4911,1,0,0
4911,2,1,0
4911,3,0,0
4911,3,1,0
4911,4,2,0
4911,5,0,0
4911,5,2,0
4911,6,1,0
4911,6,2,0
4911,7,0,0
4911,7,1,0
4911,7,2,0
4912,1,0,0
4912,2,1,0
4912,3,0,0
4912,3,1,0
4912,4,2,0
4912,5,0,0
4912,5,2,0
4912,6,1,0
4912,6,2,0
4912,7,0,0
4912,7,1,0
4912,7,2,0
4913,1,0,0
4913,2,1,0
4913,3,0,0
4913,3,1,0
4913,4,2,0
4913,5,0,0
4913,5,2,0
4913,6,1,0
4913,6,2,0
4913,7,0,0
4913,7,1,0
4913,7,2,0
4914,1,0,1
4914,2,1,0
4914,3,0,1
4914,3,1,0
4914,4,2,0
4914,5,0,1
4914,5,2,0
4914,6,1,0
4914,6,2,0
4914,7,0,1
4914,7,1,0
4914,7,2,0
4915,1,0,1
4915,2,1,0
4915,3,0,1
4915,3,1,0
4915,4,2,0
4915,5,0,1
4915,5,2,0
4915,6,1,0
4915,6,2,0
4915,7,0,1
4915,7,1,0
4915,7,2,0
4916,1,0,0
4916,2,1,0
4916,3,0,0
4916,3,1,0
4916,4,2,0
4916,5,0,0
4916,5,2,0
4916,6,1,0
4916,6,2,0
4916,7,0,0
4916,7,1,0
4916,7,2,0
4917,1,0,0
4917,2,1,0
4917,3,0,0
4917,3,1,0
4917,4,2,0
4917,5,0,0
4917,5,2,0
4917,6,1,0
4917,6,2,0
4917,7,0,0
4917,7,1,0
4917,7,2,0
4918,1,0,0
4918,2,1,0
4918,3,0,0
4918,3,1,0
4918,4,2,0
4918,5,0,0
4918,5,2,0
4918,6,1,0
4918,6,2,0
4918,7,0,0
4918,7,1,0
4918,7,2,0
4919,1,0,0
4919,2,1,0
4919,3,0,0
4919,3,1,0
4919,4,2,0
4919,5,0,0
4919,5,2,0
4919,6,1,0
4919,6,2,0
4919,7,0,0
4919,7,1,0
4919,7,2,0
4920,1,0,0
4920,2,1,0
4920,3,0,0
4920,3,1,0
4920,4,2,0
4920,5,0,0
4920,5,2,0
4920,6,1,0
4920,6,2,0
4920,7,0,0
4920,7,1,0
4920,7,2,0
4921,1,0,0
4921,2,1,0
4921,3,0,0
4921,3,1,0
4921,4,2,0
4921,5,0,0
4921,5,2,0
4921,6,1,0
4921,6,2,0
4921,7,0,0
4921,7,1,0
4921,7,2,0
4922,1,0,0
4922,2,1,0
4922,3,0,0
4922,3,1,0
4922,4,2,0
4922,5,0,0
4922,5,2,0
4922,6,1,0
4922,6,2,0
4922,7,0,0
4922,7,1,0
4922,7,2,0
4923,1,0,0
4923,2,1,0
4923,3,0,0
4923,3,1,0
4923,4,2,0
4923,5,0,0
4923,5,2,0
4923,6,1,0
4923,6,2,0
4923,7,0,0
4923,7,1,0
4923,7,2,0
4924,1,0,0
4924,2,1,0
4924,3,0,0
4924,3,1,0
4924,4,2,0
4924,5,0,0
4924,5,2,0
4924,6,1,0
4924,6,2,0
4924,7,0,0
4924,7,1,0
4924,7,2,0
4925,1,0,0
4925,2,1,0
4925,3,0,0
4925,3,1,0
4925,4,2,0
4925,5,0,0
4925,5,2,0
4925,6,1,0
4925,6,2,0
4925,7,0,0
4925,7,1,0
4925,7,2,0
4926,1,0,0
4926,2,1,0
4926,3,0,0
4926,3,1,0
4926,4,2,0
4926,5,0,0
4926,5,2,0
4926,6,1,0
4926,6,2,0
4926,7,0,0
4926,7,1,0
4926,7,2,0
4927,1,0,0
4927,2,1,0
4927,3,0,0
4927,3,1,0
4927,4,2,0
4927,5,0,0
4927,5,2,0
4927,6,1,0
4927,6,2,0
4927,7,0,0
4927,7,1,0
4927,7,2,0
4928,1,0,0
4928,2,1,0
4928,3,0,0
4928,3,1,0
4928,4,2,0
4928,5,0,0
4928,5,2,0
4928,6,1,0
4928,6,2,0
4928,7,0,0
4928,7,1,0
4928,7,2,0
4929,1,0,0
4929,2,1,0
4929,3,0,0
4929,3,1,0
4929,4,2,0
4929,5,0,0
4929,5,2,0
4929,6,1,0
4929,6,2,0
4929,7,0,0
4929,7,1,0
4929,7,2,0
4930,1,0,0
4930,2,1,0
4930,3,0,0
4930,3,1,0
4930,4,2,0
4930,5,0,0
4930,5,2,0
4930,6,1,0
4930,6,2,0
4930,7,0,0
4930,7,1,0
4930,7,2,0
4931,1,0,0
4931,2,1,0
4931,3,0,0
4931,3,1,0
4931,4,2,0
4931,5,0,0
4931,5,2,0
4931,6,1,0
4931,6,2,0
4931,7,0,0
4931,7,1,0
4931,7,2,0
4932,1,0,0
4932,2,1,0
4932,3,0,0
4932,3,1,0
4932,4,2,0
4932,5,0,0
4932,5,2,0
4932,6,1,0
4932,6,2,0
4932,7,0,0
4932,7,1,0
4932,7,2,0
4933,1,0,0
4933,2,1,0
4933,3,0,0
4933,3,1,0
4933,4,2,0
4933,5,0,0
4933,5,2,0
4933,6,1,0
4933,6,2,0
4933,7,0,0
4933,7,1,0
4933,7,2,0
4934,1,0,0
4934,2,1,0
4934,3,0,0
4934,3,1,0
4934,4,2,0
4934,5,0,0
4934,5,2,0
4934,6,1,0
4934,6,2,0
4934,7,0,0
4934,7,1,0
4934,7,2,0
4935,1,0,0
4935,2,1,0
4935,3,0,0
4935,3,1,0
4935,4,2,0
4935,5,0,0
4935,5,2,0
4935,6,1,0
4935,6,2,0
4935,7,0,0
4935,7,1,0
4935,7,2,0
4936,1,0,0
4936,2,1,0
4936,3,0,0
4936,3,1,0
4936,4,2,0
4936,5,0,0
4936,5,2,0
4936,6,1,0
4936,6,2,0
4936,7,0,0
4936,7,1,0
4936,7,2,0
4937,1,0,0
4937,2,1,0
4937,3,0,0
4937,3,1,0
4937,4,2,0
4937,5,0,0
4937,5,2,0
4937,6,1,0
4937,6,2,0
4937,7,0,0
4937,7,1,0
4937,7,2,0
4938,1,0,0
4938,2,1,0
4938,3,0,0
4938,3,1,0
4938,4,2,0
4938,5,0,0
4938,5,2,0
4938,6,1,0
4938,6,2,0
4938,7,0,0
4938,7,1,0
4938,7,2,0
4939,1,0,0
4939,2,1,0
4939,3,0,0
4939,3,1,0
4939,4,2,0
4939,5,0,0
4939,5,2,0
4939,6,1,0
4939,6,2,0
4939,7,0,0
4939,7,1,0
4939,7,2,0
4940,1,0,0
4940,2,1,0
4940,3,0,0
4940,3,1,0
4940,4,2,0
4940,5,0,0
4940,5,2,0
4940,6,1,0
4940,6,2,0
4940,7,0,0
4940,7,1,0
4940,7,2,0
4941,1,0,1
4941,2,1,0
4941,3,0,1
4941,3,1,0
4941,4,2,0
4941,5,0,1
4941,5,2,0
4941,6,1,0
4941,6,2,0
4941,7,0,1
4941,7,1,0
4941,7,2,0
4942,1,0,1
4942,2,1,0
4942,3,0,1
4942,3,1,0
4942,4,2,0
4942,5,0,1
4942,5,2,0
4942,6,1,0
4942,6,2,0
4942,7,0,1
4942,7,1,0
4942,7,2,0
4943,1,0,0
4943,2,1,0
4943,3,0,0
4943,3,1,0
4943,4,2,0
4943,5,0,0
4943,5,2,0
4943,6,1,0
4943,6,2,0
4943,7,0,0
4943,7,1,0
4943,7,2,0
4944,1,0,0
4944,2,1,0
4944,3,0,0
4944,3,1,0
4944,4,2,0
4944,5,0,0
4944,5,2,0
4944,6,1,0
4944,6,2,0
4944,7,0,0
4944,7,1,0
4944,7,2,0
4945,1,0,0
4945,2,1,0
4945,3,0,0
4945,3,1,0
4945,4,2,0
4945,5,0,0
4945,5,2,0
4945,6,1,0
4945,6,2,0
4945,7,0,0
4945,7,1,0
4945,7,2,0
4946,1,0,0
4946,2,1,0
4946,3,0,0
4946,3,1,0
4946,4,2,0
4946,5,0,0
4946,5,2,0
4946,6,1,0
4946,6,2,0
4946,7,0,0
4946,7,1,0
4946,7,2,0
4947,1,0,0
4947,2,1,0
4947,3,0,0
4947,3,1,0
4947,4,2,0
4947,5,0,0
4947,5,2,0
4947,6,1,0
4947,6,2,0
4947,7,0,0
4947,7,1,0
4947,7,2,0
4948,1,0,0
4948,2,1,0
4948,3,0,0
4948,3,1,0
4948,4,2,0
4948,5,0,0
4948,5,2,0
4948,6,1,0
4948,6,2,0
4948,7,0,0
4948,7,1,0
4948,7,2,0
4949,1,0,0
4949,2,1,0
4949,3,0,0
4949,3,1,0
4949,4,2,0
4949,5,0,0
4949,5,2,0
4949,6,1,0
4949,6,2,0
4949,7,0,0
4949,7,1,0
4949,7,2,0
4950,1,0,0
4950,2,1,0
4950,3,0,0
4950,3,1,0
4950,4,2,0
4950,5,0,0
4950,5,2,0
4950,6,1,0
4950,6,2,0
4950,7,0,0
4950,7,1,0
4950,7,2,0
4951,1,0,0
4951,2,1,0
4951,3,0,0
4951,3,1,0
4951,4,2,0
4951,5,0,0
4951,5,2,0
4951,6,1,0
4951,6,2,0
4951,7,0,0
4951,7,1,0
4951,7,2,0
4952,1,0,0
4952,2,1,0
4952,3,0,0
4952,3,1,0
4952,4,2,0
4952,5,0,0
4952,5,2,0
4952,6,1,0
4952,6,2,0
4952,7,0,0
4952,7,1,0
4952,7,2,0
4953,1,0,0
4953,2,1,0
4953,3,0,0
4953,3,1,0
4953,4,2,0
4953,5,0,0
4953,5,2,0
4953,6,1,0
4953,6,2,0
4953,7,0,0
4953,7,1,0
4953,7,2,0
4954,1,0,0
4954,2,1,0
4954,3,0,0
4954,3,1,0
4954,4,2,0
4954,5,0,0
4954,5,2,0
4954,6,1,0
4954,6,2,0
4954,7,0,0
4954,7,1,0
4954,7,2,0
4955,1,0,0
4955,2,1,0
4955,3,0,0
4955,3,1,0
4955,4,2,0
4955,5,0,0
4955,5,2,0
4955,6,1,0
4955,6,2,0
4955,7,0,0
4955,7,1,0
4955,7,2,0
4956,1,0,0
4956,2,1,0
4956,3,0,0
4956,3,1,0
4956,4,2,0
4956,5,0,0
4956,5,2,0
4956,6,1,0
4956,6,2,0
4956,7,0,0
4956,7,1,0
4956,7,2,0
4957,1,0,0
4957,2,1,0
4957,3,0,0
4957,3,1,0
4957,4,2,0
4957,5,0,0
4957,5,2,0
4957,6,1,0
4957,6,2,0
4957,7,0,0
4957,7,1,0
4957,7,2,0
4958,1,0,0
4958,2,1,0
4958,3,0,0
4958,3,1,0
4958,4,2,0
4958,5,0,0
4958,5,2,0
4958,6,1,0
4958,6,2,0
4958,7,0,0
4958,7,1,0
4958,7,2,0
4959,1,0,0
4959,2,1,0
4959,3,0,0
4959,3,1,0
4959,4,2,0
4959,5,0,0
4959,5,2,0
4959,6,1,0
4959,6,2,0
4959,7,0,0
4959,7,1,0
4959,7,2,0
4960,1,0,0
4960,2,1,0
4960,3,0,0
4960,3,1,0
4960,4,2,0
4960,5,0,0
4960,5,2,0
4960,6,1,0
4960,6,2,0
4960,7,0,0
4960,7,1,0
4960,7,2,0
4961,1,0,0
4961,2,1,0
4961,3,0,0
4961,3,1,0
4961,4,2,0
4961,5,0,0
4961,5,2,0
4961,6,1,0
4961,6,2,0
4961,7,0,0
4961,7,1,0
4961,7,2,0
4962,1,0,0
4962,2,1,0
4962,3,0,0
4962,3,1,0
4962,4,2,0
4962,5,0,0
4962,5,2,0
4962,6,1,0
4962,6,2,0
4962,7,0,0
4962,7,1,0
4962,7,2,0
4963,1,0,0
4963,2,1,0
4963,3,0,0
4963,3,1,0
4963,4,2,0
4963,5,0,0
4963,5,2,0
4963,6,1,0
4963,6,2,0
4963,7,0,0
4963,7,1,0
4963,7,2,0
4964,1,0,0
4964,2,1,0
4964,3,0,0
4964,3,1,0
4964,4,2,0
4964,5,0,0
4964,5,2,0
4964,6,1,0
4964,6,2,0
4964,7,0,0
4964,7,1,0
4964,7,2,0
4965,1,0,0
4965,2,1,0
4965,3,0,0
4965,3,1,0
4965,4,2,0
4965,5,0,0
4965,5,2,0
4965,6,1,0
4965,6,2,0
4965,7,0,0
4965,7,1,0
4965,7,2,0
4966,1,0,0
4966,2,1,0
4966,3,0,0
4966,3,1,0
4966,4,2,0
4966,5,0,0
4966,5,2,0
4966,6,1,0
4966,6,2,0
4966,7,0,0
4966,7,1,0
4966,7,2,0
4967,1,0,0
4967,2,1,0
4967,3,0,0
4967,3,1,0
4967,4,2,0
4967,5,0,0
4967,5,2,0
4967,6,1,0
4967,6,2,0
4967,7,0,0
4967,7,1,0
4967,7,2,0
4968,1,0,1
4968,2,1,0
4968,3,0,1
4968,3,1,0
4968,4,2,0
4968,5,0,1
4968,5,2,0
4968,6,1,0
4968,6,2,0
4968,7,0,1
4968,7,1,0
4968,7,2,0
4969,1,0,1
4969,2,1,0
4969,3,0,1
4969,3,1,0
4969,4,2,0
4969,5,0,1
4969,5,2,0
4969,6,1,0
4969,6,2,0
4969,7,0,1
4969,7,1,0
4969,7,2,0
4970,1,0,0
4970,2,1,0
4970,3,0,0
4970,3,1,0
4970,4,2,0
4970,5,0,0
4970,5,2,0
4970,6,1,0
4970,6,2,0
4970,7,0,0
4970,7,1,0
4970,7,2,0
4971,1,0,0
4971,2,1,0
4971,3,0,0
4971,3,1,0
4971,4,2,0
4971,5,0,0
4971,5,2,0
4971,6,1,0
4971,6,2,0
4971,7,0,0
4971,7,1,0
4971,7,2,0
4972,1,0,0
4972,2,1,0
4972,3,0,0
4972,3,1,0
4972,4,2,0
4972,5,0,0
4972,5,2,0
4972,6,1,0
4972,6,2,0
4972,7,0,0
4972,7,1,0
4972,7,2,0
4973,1,0,0
4973,2,1,0
4973,3,0,0
4973,3,1,0
4973,4,2,0
4973,5,0,0
4973,5,2,0
4973,6,1,0
4973,6,2,0
4973,7,0,0
4973,7,1,0
4973,7,2,0
4974,1,0,0
4974,2,1,0
4974,3,0,0
4974,3,1,0
4974,4,2,0
4974,5,0,0
4974,5,2,0
4974,6,1,0
4974,6,2,0
4974,7,0,0
4974,7,1,0
4974,7,2,0
4975,1,0,0
4975,2,1,0
4975,3,0,0
4975,3,1,0
4975,4,2,0
4975,5,0,0
4975,5,2,0
4975,6,1,0
4975,6,2,0
4975,7,0,0
4975,7,1,0
4975,7,2,0
4976,1,0,0
4976,2,1,0
4976,3,0,0
4976,3,1,0
4976,4,2,0
4976,5,0,0
4976,5,2,0
4976,6,1,0
4976,6,2,0
4976,7,0,0
4976,7,1,0
4976,7,2,0
4977,1,0,0
4977,2,1,0
4977,3,0,0
4977,3,1,0
4977,4,2,0
4977,5,0,0
4977,5,2,0
4977,6,1,0
4977,6,2,0
4977,7,0,0
4977,7,1,0
4977,7,2,0
4978,1,0,0
4978,2,1,0
4978,3,0,0
4978,3,1,0
4978,4,2,0
4978,5,0,0
4978,5,2,0
4978,6,1,0
4978,6,2,0
4978,7,0,0
4978,7,1,0
4978,7,2,0
4979,1,0,0
4979,2,1,0
4979,3,0,0
4979,3,1,0
4979,4,2,0
4979,5,0,0
4979,5,2,0
4979,6,1,0
4979,6,2,0
4979,7,0,0
4979,7,1,0
4979,7,2,0
4980,1,0,0
4980,2,1,0
4980,3,0,0
4980,3,1,0
4980,4,2,0
4980,5,0,0
4980,5,2,0
4980,6,1,0
4980,6,2,0
4980,7,0,0
4980,7,1,0
4980,7,2,0
4981,1,0,0
4981,2,1,0
4981,3,0,0
4981,3,1,0
4981,4,2,0
4981,5,0,0
4981,5,2,0
4981,6,1,0
4981,6,2,0
4981,7,0,0
4981,7,1,0
4981,7,2,0
4982,1,0,0
4982,2,1,0
4982,3,0,0
4982,3,1,0
4982,4,2,0
4982,5,0,0
4982,5,2,0
4982,6,1,0
4982,6,2,0
4982,7,0,0
4982,7,1,0
4982,7,2,0
4983,1,0,0
4983,2,1,0
4983,3,0,0
4983,3,1,0
4983,4,2,0
4983,5,0,0
4983,5,2,0
4983,6,1,0
4983,6,2,0
4983,7,0,0
4983,7,1,0
4983,7,2,0
4984,1,0,0
4984,2,1,0
4984,3,0,0
4984,3,1,0
4984,4,2,0
4984,5,0,0
4984,5,2,0
4984,6,1,0
4984,6,2,0
4984,7,0,0
4984,7,1,0
4984,7,2,0
4985,1,0,0
4985,2,1,0
4985,3,0,0
4985,3,1,0
4985,4,2,0
4985,5,0,0
4985,5,2,0
4985,6,1,0
4985,6,2,0
4985,7,0,0
4985,7,1,0
4985,7,2,0
4986,1,0,0
4986,2,1,0
4986,3,0,0
4986,3,1,0
4986,4,2,0
4986,5,0,0
4986,5,2,0
4986,6,1,0
4986,6,2,0
4986,7,0,0
4986,7,1,0
4986,7,2,0
4987,1,0,0
4987,2,1,0
4987,3,0,0
4987,3,1,0
4987,4,2,0
4987,5,0,0
4987,5,2,0
4987,6,1,0
4987,6,2,0
4987,7,0,0
4987,7,1,0
4987,7,2,0
4988,1,0,0
4988,2,1,0
4988,3,0,0
4988,3,1,0
4988,4,2,0
4988,5,0,0
4988,5,2,0
4988,6,1,0
4988,6,2,0
4988,7,0,0
4988,7,1,0
4988,7,2,0
4989,1,0,0
4989,2,1,0
4989,3,0,0
4989,3,1,0
4989,4,2,0
4989,5,0,0
4989,5,2,0
4989,6,1,0
4989,6,2,0
4989,7,0,0
4989,7,1,0
4989,7,2,0
4990,1,0,0
4990,2,1,0
4990,3,0,0
4990,3,1,0
4990,4,2,0
4990,5,0,0
4990,5,2,0
4990,6,1,0
4990,6,2,0
4990,7,0,0
4990,7,1,0
4990,7,2,0
4991,1,0,0
4991,2,1,0
4991,3,0,0
4991,3,1,0
4991,4,2,0
4991,5,0,0
4991,5,2,0
4991,6,1,0
4991,6,2,0
4991,7,0,0
4991,7,1,0
4991,7,2,0
4992,1,0,0
4992,2,1,0
4992,3,0,0
4992,3,1,0
4992,4,2,0
4992,5,0,0
4992,5,2,0
4992,6,1,0
4992,6,2,0
4992,7,0,0
4992,7,1,0
4992,7,2,0
4993,1,0,0
4993,2,1,0
4993,3,0,0
4993,3,1,0
4993,4,2,0
4993,5,0,0
4993,5,2,0
4993,6,1,0
4993,6,2,0
4993,7,0,0
4993,7,1,0
4993,7,2,0
4994,1,0,0
4994,2,1,0
4994,3,0,0
4994,3,1,0
4994,4,2,0
4994,5,0,0
4994,5,2,0
4994,6,1,0
4994,6,2,0
4994,7,0,0
4994,7,1,0
4994,7,2,0
4995,1,0,1
4995,2,1,0
4995,3,0,1
4995,3,1,0
4995,4,2,0
4995,5,0,1
4995,5,2,0
4995,6,1,0
4995,6,2,0
4995,7,0,1
4995,7,1,0
4995,7,2,0
4996,1,0,1
4996,2,1,0
4996,3,0,1
4996,3,1,0
4996,4,2,0
4996,5,0,1
4996,5,2,0
4996,6,1,0
4996,6,2,0
4996,7,0,1
4996,7,1,0
4996,7,2,0
4997,1,0,0
4997,2,1,0
4997,3,0,0
4997,3,1,0
4997,4,2,0
4997,5,0,0
4997,5,2,0
4997,6,1,0
4997,6,2,0
4997,7,0,0
4997,7,1,0
4997,7,2,0
4998,1,0,0
4998,2,1,0
4998,3,0,0
4998,3,1,0
4998,4,2,0
4998,5,0,0
4998,5,2,0
4998,6,1,0
4998,6,2,0
4998,7,0,0
4998,7,1,0
4998,7,2,0
4999,1,0,0
4999,2,1,0
4999,3,0,0
4999,3,1,0
4999,4,2,0
4999,5,0,0
4999,5,2,0
4999,6,1,0
4999,6,2,0
4999,7,0,0
4999,7,1,0
4999,7,2,0
5000,1,0,0
5000,2,1,0
5000,3,0,0
5000,3,1,0
5000,4,2,0
5000,5,0,0
5000,5,2,0
5000,6,1,0
5000,6,2,0
5000,7,0,0
5000,7,1,0
5000,7,2,0
5001,1,0,0
5001,2,1,0
5001,3,0,0
5001,3,1,0
5001,4,2,0
5001,5,0,0
5001,5,2,0
5001,6,1,0
5001,6,2,0
5001,7,0,0
5001,7,1,0
5001,7,2,0
5002,1,0,0
5002,2,1,0
5002,3,0,0
5002,3,1,0
5002,4,2,0
5002,5,0,0
5002,5,2,0
5002,6,1,0
5002,6,2,0
5002,7,0,0
5002,7,1,0
5002,7,2,0
5003,1,0,0
5003,2,1,0
5003,3,0,0
5003,3,1,0
5003,4,2,0
5003,5,0,0
5003,5,2,0
5003,6,1,0
5003,6,2,0
5003,7,0,0
5003,7,1,0
5003,7,2,0
5004,1,0,0
5004,2,1,0
5004,3,0,0
5004,3,1,0
5004,4,2,0
5004,5,0,0
5004,5,2,0
5004,6,1,0
5004,6,2,0
5004,7,0,0
5004,7,1,0
5004,7,2,0
5005,1,0,0
5005,2,1,0
5005,3,0,0
5005,3,1,0
5005,4,2,0
5005,5,0,0
5005,5,2,0
5005,6,1,0
5005,6,2,0
5005,7,0,0
5005,7,1,0
5005,7,2,0
5006,1,0,0
5006,2,1,0
5006,3,0,0
5006,3,1,0
5006,4,2,0
5006,5,0,0
5006,5,2,0
5006,6,1,0
5006,6,2,0
5006,7,0,0
5006,7,1,0
5006,7,2,0
5007,1,0,0
5007,2,1,0
5007,3,0,0
5007,3,1,0
5007,4,2,0
5007,5,0,0
5007,5,2,0
5007,6,1,0
5007,6,2,0
5007,7,0,0
5007,7,1,0
5007,7,2,0
5008,1,0,0
5008,2,1,0
5008,3,0,0
5008,3,1,0
5008,4,2,0
5008,5,0,0
5008,5,2,0
5008,6,1,0
5008,6,2,0
5008,7,0,0
5008,7,1,0
5008,7,2,0
5009,1,0,0
5009,2,1,0
5009,3,0,0
5009,3,1,0
5009,4,2,0
5009,5,0,0
5009,5,2,0
5009,6,1,0
5009,6,2,0
5009,7,0,0
5009,7,1,0
5009,7,2,0
5010,1,0,0
5010,2,1,0
5010,3,0,0
5010,3,1,0
5010,4,2,0
5010,5,0,0
5010,5,2,0
5010,6,1,0
5010,6,2,0
5010,7,0,0
5010,7,1,0
5010,7,2,0
5011,1,0,0
5011,2,1,0
5011,3,0,0
5011,3,1,0
5011,4,2,0
5011,5,0,0
5011,5,2,0
5011,6,1,0
5011,6,2,0
5011,7,0,0
5011,7,1,0
5011,7,2,0
5012,1,0,0
5012,2,1,0
5012,3,0,0
5012,3,1,0
5012,4,2,0
5012,5,0,0
5012,5,2,0
5012,6,1,0
5012,6,2,0
5012,7,0,0
5012,7,1,0
5012,7,2,0
5013,1,0,0
5013,2,1,0
5013,3,0,0
5013,3,1,0
5013,4,2,0
5013,5,0,0
5013,5,2,0
5013,6,1,0
5013,6,2,0
5013,7,0,0
5013,7,1,0
5013,7,2,0
5014,1,0,0
5014,2,1,0
5014,3,0,0
5014,3,1,0
5014,4,2,0
5014,5,0,0
5014,5,2,0
5014,6,1,0
5014,6,2,0
5014,7,0,0
5014,7,1,0
5014,7,2,0
5015,1,0,0
5015,2,1,0
5015,3,0,0
5015,3,1,0
5015,4,2,0
5015,5,0,0
5015,5,2,0
5015,6,1,0
5015,6,2,0
5015,7,0,0
5015,7,1,0
5015,7,2,0
5016,1,0,0
5016,2,1,0
5016,3,0,0
5016,3,1,0
5016,4,2,0
5016,5,0,0
5016,5,2,0
5016,6,1,0
5016,6,2,0
5016,7,0,0
5016,7,1,0
5016,7,2,0
5017,1,0,0
5017,2,1,0
5017,3,0,0
5017,3,1,0
5017,4,2,0
5017,5,0,0
5017,5,2,0
5017,6,1,0
5017,6,2,0
5017,7,0,0
5017,7,1,0
5017,7,2,0
5018,1,0,0
5018,2,1,0
5018,3,0,0
5018,3,1,0
5018,4,2,0
5018,5,0,0
5018,5,2,0
5018,6,1,0
5018,6,2,0
5018,7,0,0
5018,7,1,0
5018,7,2,0
5019,1,0,0
5019,2,1,0
5019,3,0,0
5019,3,1,0
5019,4,2,0
5019,5,0,0
5019,5,2,0
5019,6,1,0
5019,6,2,0
5019,7,0,0
5019,7,1,0
5019,7,2,0
5020,1,0,0
5020,2,1,0
5020,3,0,0
5020,3,1,0
5020,4,2,0
5020,5,0,0
5020,5,2,0
5020,6,1,0
5020,6,2,0
5020,7,0,0
5020,7,1,0
5020,7,2,0
5021,1,0,0
5021,2,1,0
5021,3,0,0
5021,3,1,0
5021,4,2,0
5021,5,0,0
5021,5,2,0
5021,6,1,0
5021,6,2,0
5021,7,0,0
5021,7,1,0
5021,7,2,0
5022,1,0,1
5022,2,1,0
5022,3,0,1
5022,3,1,0
5022,4,2,0
5022,5,0,1
5022,5,2,0
5022,6,1,0
5022,6,2,0
5022,7,0,1
5022,7,1,0
5022,7,2,0
5023,1,0,1
5023,2,1,0
5023,3,0,1
5023,3,1,0
5023,4,2,0
5023,5,0,1
5023,5,2,0
5023,6,1,0
5023,6,2,0
5023,7,0,1
5023,7,1,0
5023,7,2,0
5024,1,0,0
5024,2,1,0
5024,3,0,0
5024,3,1,0
5024,4,2,0
5024,5,0,0
5024,5,2,0
5024,6,1,0
5024,6,2,0
5024,7,0,0
5024,7,1,0
5024,7,2,0
5025,1,0,0
5025,2,1,0
5025,3,0,0
5025,3,1,0
5025,4,2,0
5025,5,0,0
5025,5,2,0
5025,6,1,0
5025,6,2,0
5025,7,0,0
5025,7,1,0
5025,7,2,0
5026,1,0,0
5026,2,1,0
5026,3,0,0
5026,3,1,0
5026,4,2,0
5026,5,0,0
5026,5,2,0
5026,6,1,0
5026,6,2,0
5026,7,0,0
5026,7,1,0
5026,7,2,0
5027,1,0,0
5027,2,1,0
5027,3,0,0
5027,3,1,0
5027,4,2,0
5027,5,0,0
5027,5,2,0
5027,6,1,0
5027,6,2,0
5027,7,0,0
5027,7,1,0
5027,7,2,0
5028,1,0,0
5028,2,1,0
5028,3,0,0
5028,3,1,0
5028,4,2,0
5028,5,0,0
5028,5,2,0
5028,6,1,0
5028,6,2,0
5028,7,0,0
5028,7,1,0
5028,7,2,0
5029,1,0,0
5029,2,1,0
5029,3,0,0
5029,3,1,0
5029,4,2,0
5029,5,0,0
5029,5,2,0
5029,6,1,0
5029,6,2,0
5029,7,0,0
5029,7,1,0
5029,7,2,0
5030,1,0,0
5030,2,1,0
5030,3,0,0
5030,3,1,0
5030,4,2,0
5030,5,0,0
5030,5,2,0
5030,6,1,0
5030,6,2,0
5030,7,0,0
5030,7,1,0
5030,7,2,0
5031,1,0,0
5031,2,1,0
5031,3,0,0
5031,3,1,0
5031,4,2,0
5031,5,0,0
5031,5,2,0
5031,6,1,0
5031,6,2,0
5031,7,0,0
5031,7,1,0
5031,7,2,0
5032,1,0,0
5032,2,1,0
5032,3,0,0
5032,3,1,0
5032,4,2,0
5032,5,0,0
5032,5,2,0
5032,6,1,0
5032,6,2,0
5032,7,0,0
5032,7,1,0
5032,7,2,0
5033,1,0,0
5033,2,1,0
5033,3,0,0
5033,3,1,0
5033,4,2,0
5033,5,0,0
5033,5,2,0
5033,6,1,0
5033,6,2,0
5033,7,0,0
5033,7,1,0
5033,7,2,0
5034,1,0,0
5034,2,1,0
5034,3,0,0
5034,3,1,0
5034,4,2,0
5034,5,0,0
5034,5,2,0
5034,6,1,0
5034,6,2,0
5034,7,0,0
5034,7,1,0
5034,7,2,0
5035,1,0,0
5035,2,1,0
5035,3,0,0
5035,3,1,0
5035,4,2,0
5035,5,0,0
5035,5,2,0
5035,6,1,0
5035,6,2,0
5035,7,0,0
5035,7,1,0
5035,7,2,0
5036,1,0,0
5036,2,1,0
5036,3,0,0
5036,3,1,0
5036,4,2,0
5036,5,0,0
5036,5,2,0
5036,6,1,0
5036,6,2,0
5036,7,0,0
5036,7,1,0
5036,7,2,0
5037,1,0,0
5037,2,1,0
5037,3,0,0
5037,3,1,0
5037,4,2,0
5037,5,0,0
5037,5,2,0
5037,6,1,0
5037,6,2,0
5037,7,0,0
5037,7,1,0
5037,7,2,0
5038,1,0,0
5038,2,1,0
5038,3,0,0
5038,3,1,0
5038,4,2,0
5038,5,0,0
5038,5,2,0
5038,6,1,0
5038,6,2,0
5038,7,0,0
5038,7,1,0
5038,7,2,0
5039,1,0,0
5039,2,1,0
5039,3,0,0
5039,3,1,0
5039,4,2,0
5039,5,0,0
5039,5,2,0
5039,6,1,0
5039,6,2,0
5039,7,0,0
5039,7,1,0
5039,7,2,0
5040,1,0,0
5040,2,1,0
5040,3,0,0
5040,3,1,0
5040,4,2,0
5040,5,0,0
5040,5,2,0
5040,6,1,0
5040,6,2,0
5040,7,0,0
5040,7,1,0
5040,7,2,0
5041,1,0,0
5041,2,1,0
5041,3,0,0
5041,3,1,0
5041,4,2,0
5041,5,0,0
5041,5,2,0
5041,6,1,0
5041,6,2,0
5041,7,0,0
5041,7,1,0
5041,7,2,0
5042,1,0,0
5042,2,1,0
5042,3,0,0
5042,3,1,0
5042,4,2,0
5042,5,0,0
5042,5,2,0
5042,6,1,0
5042,6,2,0
5042,7,0,0
5042,7,1,0
5042,7,2,0
5043,1,0,0
5043,2,1,0
5043,3,0,0
5043,3,1,0
5043,4,2,0
5043,5,0,0
5043,5,2,0
5043,6,1,0
5043,6,2,0
5043,7,0,0
5043,7,1,0
5043,7,2,0
5044,1,0,0
5044,2,1,0
5044,3,0,0
5044,3,1,0
5044,4,2,0
5044,5,0,0
5044,5,2,0
5044,6,1,0
5044,6,2,0
5044,7,0,0
5044,7,1,0
5044,7,2,0
5045,1,0,0
5045,2,1,0
5045,3,0,0
5045,3,1,0
5045,4,2,0
5045,5,0,0
5045,5,2,0
5045,6,1,0
5045,6,2,0
5045,7,0,0
5045,7,1,0
5045,7,2,0
5046,1,0,0
5046,2,1,0
5046,3,0,0
5046,3,1,0
5046,4,2,0
5046,5,0,0
5046,5,2,0
5046,6,1,0
5046,6,2,0
5046,7,0,0
5046,7,1,0
5046,7,2,0
5047,1,0,0
5047,2,1,0
5047,3,0,0
5047,3,1,0
5047,4,2,0
5047,5,0,0
5047,5,2,0
5047,6,1,0
5047,6,2,0
5047,7,0,0
5047,7,1,0
5047,7,2,0
5048,1,0,0
5048,2,1,0
5048,3,0,0
5048,3,1,0
5048,4,2,0
5048,5,0,0
5048,5,2,0
5048,6,1,0
5048,6,2,0
5048,7,0,0
5048,7,1,0
5048,7,2,0
5049,1,0,1
5049,2,1,0
5049,3,0,1
5049,3,1,0
5049,4,2,0
5049,5,0,1
5049,5,2,0
5049,6,1,0
5049,6,2,0
5049,7,0,1
5049,7,1,0
5049,7,2,0
5050,1,0,1
5050,2,1,0
5050,3,0,1
5050,3,1,0
5050,4,2,0
5050,5,0,1
5050,5,2,0
5050,6,1,0
5050,6,2,0
5050,7,0,1
5050,7,1,0
5050,7,2,0
5051,1,0,0
5051,2,1,0
5051,3,0,0
5051,3,1,0
5051,4,2,0
5051,5,0,0
5051,5,2,0
5051,6,1,0
5051,6,2,0
5051,7,0,0
5051,7,1,0
5051,7,2,0
5052,1,0,0
5052,2,1,0
5052,3,0,0
5052,3,1,0
5052,4,2,0
5052,5,0,0
5052,5,2,0
5052,6,1,0
5052,6,2,0
5052,7,0,0
5052,7,1,0
5052,7,2,0
5053,1,0,0
5053,2,1,0
5053,3,0,0
5053,3,1,0
5053,4,2,0
5053,5,0,0
5053,5,2,0
5053,6,1,0
5053,6,2,0
5053,7,0,0
5053,7,1,0
5053,7,2,0
5054,1,0,0
5054,2,1,0
5054,3,0,0
5054,3,1,0
5054,4,2,0
5054,5,0,0
5054,5,2,0
5054,6,1,0
5054,6,2,0
5054,7,0,0
5054,7,1,0
5054,7,2,0
5055,1,0,0
5055,2,1,0
5055,3,0,0
5055,3,1,0
5055,4,2,0
5055,5,0,0
5055,5,2,0
5055,6,1,0
5055,6,2,0
5055,7,0,0
5055,7,1,0
5055,7,2,0
5056,1,0,0
5056,2,1,0
5056,3,0,0
5056,3,1,0
5056,4,2,0
5056,5,0,0
5056,5,2,0
5056,6,1,0
5056,6,2,0
5056,7,0,0
5056,7,1,0
5056,7,2,0
5057,1,0,0
5057,2,1,0
5057,3,0,0
5057,3,1,0
5057,4,2,0
5057,5,0,0
5057,5,2,0
5057,6,1,0
5057,6,2,0
5057,7,0,0
5057,7,1,0
5057,7,2,0
5058,1,0,0
5058,2,1,0
5058,3,0,0
5058,3,1,0
5058,4,2,0
5058,5,0,0
5058,5,2,0
5058,6,1,0
5058,6,2,0
5058,7,0,0
5058,7,1,0
5058,7,2,0
5059,1,0,0
5059,2,1,0
5059,3,0,0
5059,3,1,0
5059,4,2,0
5059,5,0,0
5059,5,2,0
5059,6,1,0
5059,6,2,0
5059,7,0,0
5059,7,1,0
5059,7,2,0
5060,1,0,0
5060,2,1,0
5060,3,0,0
5060,3,1,0
5060,4,2,0
5060,5,0,0
5060,5,2,0
5060,6,1,0
5060,6,2,0
5060,7,0,0
5060,7,1,0
5060,7,2,0
5061,1,0,0
5061,2,1,0
5061,3,0,0
5061,3,1,0
5061,4,2,0
5061,5,0,0
5061,5,2,0
5061,6,1,0
5061,6,2,0
5061,7,0,0
5061,7,1,0
5061,7,2,0
5062,1,0,0
5062,2,1,0
5062,3,0,0
5062,3,1,0
5062,4,2,0
5062,5,0,0
5062,5,2,0
5062,6,1,0
5062,6,2,0
5062,7,0,0
5062,7,1,0
5062,7,2,0
5063,1,0,0
5063,2,1,0
5063,3,0,0
5063,3,1,0
5063,4,2,0
5063,5,0,0
5063,5,2,0
5063,6,1,0
5063,6,2,0
5063,7,0,0
5063,7,1,0
5063,7,2,0
5064,1,0,0
5064,2,1,0
5064,3,0,0
5064,3,1,0
5064,4,2,0
5064,5,0,0
5064,5,2,0
5064,6,1,0
5064,6,2,0
5064,7,0,0
5064,7,1,0
5064,7,2,0
5065,1,0,0
5065,2,1,0
5065,3,0,0
5065,3,1,0
5065,4,2,0
5065,5,0,0
5065,5,2,0
5065,6,1,0
5065,6,2,0
5065,7,0,0
5065,7,1,0
5065,7,2,0
5066,1,0,0
5066,2,1,0
5066,3,0,0
5066,3,1,0
5066,4,2,0
5066,5,0,0
5066,5,2,0
5066,6,1,0
5066,6,2,0
5066,7,0,0
5066,7,1,0
5066,7,2,0
5067,1,0,0
5067,2,1,0
5067,3,0,0
5067,3,1,0
5067,4,2,0
5067,5,0,0
5067,5,2,0
5067,6,1,0
5067,6,2,0
5067,7,0,0
5067,7,1,0
5067,7,2,0
5068,1,0,0
5068,2,1,0
5068,3,0,0
5068,3,1,0
5068,4,2,0
5068,5,0,0
5068,5,2,0
5068,6,1,0
5068,6,2,0
5068,7,0,0
5068,7,1,0
5068,7,2,0
5069,1,0,0
5069,2,1,0
5069,3,0,0
5069,3,1,0
5069,4,2,0
5069,5,0,0
5069,5,2,0
5069,6,1,0
5069,6,2,0
5069,7,0,0
5069,7,1,0
5069,7,2,0
5070,1,0,0
5070,2,1,0
5070,3,0,0
5070,3,1,0
5070,4,2,0
5070,5,0,0
5070,5,2,0
5070,6,1,0
5070,6,2,0
5070,7,0,0
5070,7,1,0
5070,7,2,0
5071,1,0,0
5071,2,1,0
5071,3,0,0
5071,3,1,0
5071,4,2,0
5071,5,0,0
5071,5,2,0
5071,6,1,0
5071,6,2,0
5071,7,0,0
5071,7,1,0
5071,7,2,0
5072,1,0,0
5072,2,1,0
5072,3,0,0
5072,3,1,0
5072,4,2,0
5072,5,0,0
5072,5,2,0
5072,6,1,0
5072,6,2,0
5072,7,0,0
5072,7,1,0
5072,7,2,0
5073,1,0,0
5073,2,1,0
5073,3,0,0
5073,3,1,0
5073,4,2,0
5073,5,0,0
5073,5,2,0
5073,6,1,0
5073,6,2,0
5073,7,0,0
5073,7,1,0
5073,7,2,0
5074,1,0,0
5074,2,1,0
5074,3,0,0
5074,3,1,0
5074,4,2,0
5074,5,0,0
5074,5,2,0
5074,6,1,0
5074,6,2,0
5074,7,0,0
5074,7,1,0
5074,7,2,0
5075,1,0,0
5075,2,1,0
5075,3,0,0
5075,3,1,0
5075,4,2,0
5075,5,0,0
5075,5,2,0
5075,6,1,0
5075,6,2,0
5075,7,0,0
5075,7,1,0
5075,7,2,0
5076,1,0,1
5076,2,1,0
5076,3,0,1
5076,3,1,0
5076,4,2,0
5076,5,0,1
5076,5,2,0
5076,6,1,0
5076,6,2,0
5076,7,0,1
5076,7,1,0
5076,7,2,0
5077,1,0,1
5077,2,1,0
5077,3,0,1
5077,3,1,0
5077,4,2,0
5077,5,0,1
5077,5,2,0
5077,6,1,0
5077,6,2,0
5077,7,0,1
5077,7,1,0
5077,7,2,0
5078,1,0,0
5078,2,1,0
5078,3,0,0
5078,3,1,0
5078,4,2,0
5078,5,0,0
5078,5,2,0
5078,6,1,0
5078,6,2,0
5078,7,0,0
5078,7,1,0
5078,7,2,0
5079,1,0,0
5079,2,1,0
5079,3,0,0
5079,3,1,0
5079,4,2,0
5079,5,0,0
5079,5,2,0
5079,6,1,0
5079,6,2,0
5079,7,0,0
5079,7,1,0
5079,7,2,0
5080,1,0,0
5080,2,1,0
5080,3,0,0
5080,3,1,0
5080,4,2,0
5080,5,0,0
5080,5,2,0
5080,6,1,0
5080,6,2,0
5080,7,0,0
5080,7,1,0
5080,7,2,0
5081,1,0,0
5081,2,1,0
5081,3,0,0
5081,3,1,0
5081,4,2,0
5081,5,0,0
5081,5,2,0
5081,6,1,0
5081,6,2,0
5081,7,0,0
5081,7,1,0
5081,7,2,0
5082,1,0,0
5082,2,1,0
5082,3,0,0
5082,3,1,0
5082,4,2,0
5082,5,0,0
5082,5,2,0
5082,6,1,0
5082,6,2,0
5082,7,0,0
5082,7,1,0
5082,7,2,0
5083,1,0,0
5083,2,1,0
5083,3,0,0
5083,3,1,0
5083,4,2,0
5083,5,0,0
5083,5,2,0
5083,6,1,0
5083,6,2,0
5083,7,0,0
5083,7,1,0
5083,7,2,0
5084,1,0,0
5084,2,1,0
5084,3,0,0
5084,3,1,0
5084,4,2,0
5084,5,0,0
5084,5,2,0
5084,6,1,0
5084,6,2,0
5084,7,0,0
5084,7,1,0
5084,7,2,0
5085,1,0,0
5085,2,1,0
5085,3,0,0
5085,3,1,0
5085,4,2,0
5085,5,0,0
5085,5,2,0
5085,6,1,0
5085,6,2,0
5085,7,0,0
5085,7,1,0
5085,7,2,0
5086,1,0,0
5086,2,1,0
5086,3,0,0
5086,3,1,0
5086,4,2,0
5086,5,0,0
5086,5,2,0
5086,6,1,0
5086,6,2,0
5086,7,0,0
5086,7,1,0
5086,7,2,0
5087,1,0,0
5087,2,1,0
5087,3,0,0
5087,3,1,0
5087,4,2,0
5087,5,0,0
5087,5,2,0
5087,6,1,0
5087,6,2,0
5087,7,0,0
5087,7,1,0
5087,7,2,0
5088,1,0,0
5088,2,1,0
5088,3,0,0
5088,3,1,0
5088,4,2,0
5088,5,0,0
5088,5,2,0
5088,6,1,0
5088,6,2,0
5088,7,0,0
5088,7,1,0
5088,7,2,0
5089,1,0,0
5089,2,1,0
5089,3,0,0
5089,3,1,0
5089,4,2,0
5089,5,0,0
5089,5,2,0
5089,6,1,0
5089,6,2,0
5089,7,0,0
5089,7,1,0
5089,7,2,0
5090,1,0,0
5090,2,1,0
5090,3,0,0
5090,3,1,0
5090,4,2,0
5090,5,0,0
5090,5,2,0
5090,6,1,0
5090,6,2,0
5090,7,0,0
5090,7,1,0
5090,7,2,0
5091,1,0,0
5091,2,1,0
5091,3,0,0
5091,3,1,0
5091,4,2,0
5091,5,0,0
5091,5,2,0
5091,6,1,0
5091,6,2,0
5091,7,0,0
5091,7,1,0
5091,7,2,0
5092,1,0,0
5092,2,1,0
5092,3,0,0
5092,3,1,0
5092,4,2,0
5092,5,0,0
5092,5,2,0
5092,6,1,0
5092,6,2,0
5092,7,0,0
5092,7,1,0
5092,7,2,0
5093,1,0,0
5093,2,1,0
5093,3,0,0
5093,3,1,0
5093,4,2,0
5093,5,0,0
5093,5,2,0
5093,6,1,0
5093,6,2,0
5093,7,0,0
5093,7,1,0
5093,7,2,0
5094,1,0,0
5094,2,1,0
5094,3,0,0
5094,3,1,0
5094,4,2,0
5094,5,0,0
5094,5,2,0
5094,6,1,0
5094,6,2,0
5094,7,0,0
5094,7,1,0
5094,7,2,0
5095,1,0,0
5095,2,1,0
5095,3,0,0
5095,3,1,0
5095,4,2,0
5095,5,0,0
5095,5,2,0
5095,6,1,0
5095,6,2,0
5095,7,0,0
5095,7,1,0
5095,7,2,0
5096,1,0,0
5096,2,1,0
5096,3,0,0
5096,3,1,0
5096,4,2,0
5096,5,0,0
5096,5,2,0
5096,6,1,0
5096,6,2,0
5096,7,0,0
5096,7,1,0
5096,7,2,0
5097,1,0,0
5097,2,1,0
5097,3,0,0
5097,3,1,0
5097,4,2,0
5097,5,0,0
5097,5,2,0
5097,6,1,0
5097,6,2,0
5097,7,0,0
5097,7,1,0
5097,7,2,0
5098,1,0,0
5098,2,1,0
5098,3,0,0
5098,3,1,0
5098,4,2,0
5098,5,0,0
5098,5,2,0
5098,6,1,0
5098,6,2,0
5098,7,0,0
5098,7,1,0
5098,7,2,0
5099,1,0,0
5099,2,1,0
5099,3,0,0
5099,3,1,0
5099,4,2,0
5099,5,0,0
5099,5,2,0
5099,6,1,0
5099,6,2,0
5099,7,0,0
5099,7,1,0
5099,7,2,0
5100,1,0,0
5100,2,1,0
5100,3,0,0
5100,3,1,0
5100,4,2,0
5100,5,0,0
5100,5,2,0
5100,6,1,0
5100,6,2,0
5100,7,0,0
5100,7,1,0
5100,7,2,0
5101,1,0,0
5101,2,1,0
5101,3,0,0
5101,3,1,0
5101,4,2,0
5101,5,0,0
5101,5,2,0
5101,6,1,0
5101,6,2,0
5101,7,0,0
5101,7,1,0
5101,7,2,0
5102,1,0,0
5102,2,1,0
5102,3,0,0
5102,3,1,0
5102,4,2,0
5102,5,0,0
5102,5,2,0
5102,6,1,0
5102,6,2,0
5102,7,0,0
5102,7,1,0
5102,7,2,0
5103,1,0,1
5103,2,1,1
5103,3,0,1
5103,3,1,1
5103,4,2,1
5103,5,0,1
5103,5,2,1
5103,6,1,1
5103,6,2,1
5103,7,0,1
5103,7,1,1
5103,7,2,1
5104,1,0,1
5104,2,1,1
5104,3,0,1
5104,3,1,1
5104,4,2,1
5104,5,0,1
5104,5,2,1
5104,6,1,1
5104,6,2,1
5104,7,0,1
5104,7,1,1
5104,7,2,1
5105,1,0,0
5105,2,1,1
5105,3,0,0
5105,3,1,1
5105,4,2,0
5105,5,0,0
5105,5,2,0
5105,6,1,1
5105,6,2,0
5105,7,0,0
5105,7,1,1
5105,7,2,0
5106,1,0,1
5106,2,1,1
5106,3,0,1
5106,3,1,1
5106,4,2,1
5106,5,0,1
5106,5,2,1
5106,6,1,1
5106,6,2,1
5106,7,0,1
5106,7,1,1
5106,7,2,1
5107,1,0,1
5107,2,1,1
5107,3,0,1
5107,3,1,1
5107,4,2,1
5107,5,0,1
5107,5,2,1
5107,6,1,1
5107,6,2,1
5107,7,0,1
5107,7,1,1
5107,7,2,1
5108,1,0,0
5108,2,1,1
5108,3,0,0
5108,3,1,1
5108,4,2,0
5108,5,0,0
5108,5,2,0
5108,6,1,1
5108,6,2,0
5108,7,0,0
5108,7,1,1
5108,7,2,0
5109,1,0,1
5109,2,1,1
5109,3,0,1
5109,3,1,1
5109,4,2,1
5109,5,0,1
5109,5,2,1
5109,6,1,1
5109,6,2,1
5109,7,0,1
5109,7,1,1
5109,7,2,1
5110,1,0,1
5110,2,1,1
5110,3,0,1
5110,3,1,1
5110,4,2,1
5110,5,0,1
5110,5,2,1
5110,6,1,1
5110,6,2,1
5110,7,0,1
5110,7,1,1
5110,7,2,1
5111,1,0,0
5111,2,1,1
5111,3,0,0
5111,3,1,1
5111,4,2,0
5111,5,0,0
5111,5,2,0
5111,6,1,1
5111,6,2,0
5111,7,0,0
5111,7,1,1
5111,7,2,0
5112,1,0,1
5112,2,1,1
5112,3,0,1
5112,3,1,1
5112,4,2,1
5112,5,0,1
5112,5,2,1
5112,6,1,1
5112,6,2,1
5112,7,0,1
5112,7,1,1
5112,7,2,1
5113,1,0,1
5113,2,1,1
5113,3,0,1
5113,3,1,1
5113,4,2,1
5113,5,0,1
5113,5,2,1
5113,6,1,1
5113,6,2,1
5113,7,0,1
5113,7,1,1
5113,7,2,1
5114,1,0,0
5114,2,1,1
5114,3,0,0
5114,3,1,1
5114,4,2,0
5114,5,0,0
5114,5,2,0
5114,6,1,1
5114,6,2,0
5114,7,0,0
5114,7,1,1
5114,7,2,0
5115,1,0,1
5115,2,1,1
5115,3,0,1
5115,3,1,1
5115,4,2,1
5115,5,0,1
5115,5,2,1
5115,6,1,1
5115,6,2,1
5115,7,0,1
5115,7,1,1
5115,7,2,1
5116,1,0,1
5116,2,1,1
5116,3,0,1
5116,3,1,1
5116,4,2,1
5116,5,0,1
5116,5,2,1
5116,6,1,1
5116,6,2,1
5116,7,0,1
5116,7,1,1
5116,7,2,1
5117,1,0,0
5117,2,1,1
5117,3,0,0
5117,3,1,1
5117,4,2,0
5117,5,0,0
5117,5,2,0
5117,6,1,1
5117,6,2,0
5117,7,0,0
5117,7,1,1
5117,7,2,0
5118,1,0,1
5118,2,1,1
5118,3,0,1
5118,3,1,1
5118,4,2,1
5118,5,0,1
5118,5,2,1
5118,6,1,1
5118,6,2,1
5118,7,0,1
5118,7,1,1
5118,7,2,1
5119,1,0,1
5119,2,1,1
5119,3,0,1
5119,3,1,1
5119,4,2,1
5119,5,0,1
5119,5,2,1
5119,6,1,1
5119,6,2,1
5119,7,0,1
5119,7,1,1
5119,7,2,1
5120,1,0,0
5120,2,1,1
5120,3,0,0
5120,3,1,1
5120,4,2,0
5120,5,0,0
5120,5,2,0
5120,6,1,1
5120,6,2,0
5120,7,0,0
5120,7,1,1
5120,7,2,0
5121,1,0,0
5121,2,1,1
5121,3,0,0
5121,3,1,1
5121,4,2,0
5121,5,0,0
5121,5,2,0
5121,6,1,1
5121,6,2,0
5121,7,0,0
5121,7,1,1
5121,7,2,0
5122,1,0,0
5122,2,1,1
5122,3,0,0
5122,3,1,1
5122,4,2,0
5122,5,0,0
5122,5,2,0
5122,6,1,1
5122,6,2,0
5122,7,0,0
5122,7,1,1
5122,7,2,0
5123,1,0,0
5123,2,1,1
5123,3,0,0
5123,3,1,1
5123,4,2,0
5123,5,0,0
5123,5,2,0
5123,6,1,1
5123,6,2,0
5123,7,0,0
5123,7,1,1
5123,7,2,0
5124,1,0,0
5124,2,1,1
5124,3,0,0
5124,3,1,1
5124,4,2,0
5124,5,0,0
5124,5,2,0
5124,6,1,1
5124,6,2,0
5124,7,0,0
5124,7,1,1
5124,7,2,0
5125,1,0,0
5125,2,1,1
5125,3,0,0
5125,3,1,1
5125,4,2,0
5125,5,0,0
5125,5,2,0
5125,6,1,1
5125,6,2,0
5125,7,0,0
5125,7,1,1
5125,7,2,0
5126,1,0,0
5126,2,1,1
5126,3,0,0
5126,3,1,1
5126,4,2,0
5126,5,0,0
5126,5,2,0
5126,6,1,1
5126,6,2,0
5126,7,0,0
5126,7,1,1
5126,7,2,0
5127,1,0,0
5127,2,1,1
5127,3,0,0
5127,3,1,1
5127,4,2,0
5127,5,0,0
5127,5,2,0
5127,6,1,1
5127,6,2,0
5127,7,0,0
5127,7,1,1
5127,7,2,0
5128,1,0,0
5128,2,1,1
5128,3,0,0
5128,3,1,1
5128,4,2,0
5128,5,0,0
5128,5,2,0
5128,6,1,1
5128,6,2,0
5128,7,0,0
5128,7,1,1
5128,7,2,0
5129,1,0,0
5129,2,1,1
5129,3,0,0
5129,3,1,1
5129,4,2,0
5129,5,0,0
5129,5,2,0
5129,6,1,1
5129,6,2,0
5129,7,0,0
5129,7,1,1
5129,7,2,0
5130,1,0,1
5130,2,1,1
5130,3,0,1
5130,3,1,1
5130,4,2,1
5130,5,0,1
5130,5,2,1
5130,6,1,1
5130,6,2,1
5130,7,0,1
5130,7,1,1
5130,7,2,1
5131,1,0,1
5131,2,1,1
5131,3,0,1
5131,3,1,1
5131,4,2,1
5131,5,0,1
5131,5,2,1
5131,6,1,1
5131,6,2,1
5131,7,0,1
5131,7,1,1
5131,7,2,1
5132,1,0,0
5132,2,1,0
5132,3,0,0
5132,3,1,0
5132,4,2,0
5132,5,0,0
5132,5,2,0
5132,6,1,0
5132,6,2,0
5132,7,0,0
5132,7,1,0
5132,7,2,0
5133,1,0,1
5133,2,1,1
5133,3,0,1
5133,3,1,1
5133,4,2,1
5133,5,0,1
5133,5,2,1
5133,6,1,1
5133,6,2,1
5133,7,0,1
5133,7,1,1
5133,7,2,1
5134,1,0,1
5134,2,1,1
5134,3,0,1
5134,3,1,1
5134,4,2,1
5134,5,0,1
5134,5,2,1
5134,6,1,1
5134,6,2,1
5134,7,0,1
5134,7,1,1
5134,7,2,1
5135,1,0,0
5135,2,1,0
5135,3,0,0
5135,3,1,0
5135,4,2,0
5135,5,0,0
5135,5,2,0
5135,6,1,0
5135,6,2,0
5135,7,0,0
5135,7,1,0
5135,7,2,0
5136,1,0,0
5136,2,1,0
5136,3,0,0
5136,3,1,0
5136,4,2,0
5136,5,0,0
5136,5,2,0
5136,6,1,0
5136,6,2,0
5136,7,0,0
5136,7,1,0
5136,7,2,0
5137,1,0,0
5137,2,1,0
5137,3,0,0
5137,3,1,0
5137,4,2,0
5137,5,0,0
5137,5,2,0
5137,6,1,0
5137,6,2,0
5137,7,0,0
5137,7,1,0
5137,7,2,0
5138,1,0,0
5138,2,1,0
5138,3,0,0
5138,3,1,0
5138,4,2,0
5138,5,0,0
5138,5,2,0
5138,6,1,0
5138,6,2,0
5138,7,0,0
5138,7,1,0
5138,7,2,0
5139,1,0,0
5139,2,1,0
5139,3,0,0
5139,3,1,0
5139,4,2,0
5139,5,0,0
5139,5,2,0
5139,6,1,0
5139,6,2,0
5139,7,0,0
5139,7,1,0
5139,7,2,0
5140,1,0,0
5140,2,1,0
5140,3,0,0
5140,3,1,0
5140,4,2,0
5140,5,0,0
5140,5,2,0
5140,6,1,0
5140,6,2,0
5140,7,0,0
5140,7,1,0
5140,7,2,0
5141,1,0,0
5141,2,1,0
5141,3,0,0
5141,3,1,0
5141,4,2,0
5141,5,0,0
5141,5,2,0
5141,6,1,0
5141,6,2,0
5141,7,0,0
5141,7,1,0
5141,7,2,0
5142,1,0,0
5142,2,1,0
5142,3,0,0
5142,3,1,0
5142,4,2,0
5142,5,0,0
5142,5,2,0
5142,6,1,0
5142,6,2,0
5142,7,0,0
5142,7,1,0
5142,7,2,0
5143,1,0,0
5143,2,1,0
5143,3,0,0
5143,3,1,0
5143,4,2,0
5143,5,0,0
5143,5,2,0
5143,6,1,0
5143,6,2,0
5143,7,0,0
5143,7,1,0
5143,7,2,0
5144,1,0,0
5144,2,1,0
5144,3,0,0
5144,3,1,0
5144,4,2,0
5144,5,0,0
5144,5,2,0
5144,6,1,0
5144,6,2,0
5144,7,0,0
5144,7,1,0
5144,7,2,0
5145,1,0,0
5145,2,1,0
5145,3,0,0
5145,3,1,0
5145,4,2,0
5145,5,0,0
5145,5,2,0
5145,6,1,0
5145,6,2,0
5145,7,0,0
5145,7,1,0
5145,7,2,0
5146,1,0,0
5146,2,1,0
5146,3,0,0
5146,3,1,0
5146,4,2,0
5146,5,0,0
5146,5,2,0
5146,6,1,0
5146,6,2,0
5146,7,0,0
5146,7,1,0
5146,7,2,0
5147,1,0,0
5147,2,1,0
5147,3,0,0
5147,3,1,0
5147,4,2,0
5147,5,0,0
5147,5,2,0
5147,6,1,0
5147,6,2,0
5147,7,0,0
5147,7,1,0
5147,7,2,0
5148,1,0,0
5148,2,1,0
5148,3,0,0
5148,3,1,0
5148,4,2,0
5148,5,0,0
5148,5,2,0
5148,6,1,0
5148,6,2,0
5148,7,0,0
5148,7,1,0
5148,7,2,0
5149,1,0,0
5149,2,1,0
5149,3,0,0
5149,3,1,0
5149,4,2,0
5149,5,0,0
5149,5,2,0
5149,6,1,0
5149,6,2,0
5149,7,0,0
5149,7,1,0
5149,7,2,0
5150,1,0,0
5150,2,1,0
5150,3,0,0
5150,3,1,0
5150,4,2,0
5150,5,0,0
5150,5,2,0
5150,6,1,0
5150,6,2,0
5150,7,0,0
5150,7,1,0
5150,7,2,0
5151,1,0,0
5151,2,1,0
5151,3,0,0
5151,3,1,0
5151,4,2,0
5151,5,0,0
5151,5,2,0
5151,6,1,0
5151,6,2,0
5151,7,0,0
5151,7,1,0
5151,7,2,0
5152,1,0,0
5152,2,1,0
5152,3,0,0
5152,3,1,0
5152,4,2,0
5152,5,0,0
5152,5,2,0
5152,6,1,0
5152,6,2,0
5152,7,0,0
5152,7,1,0
5152,7,2,0
5153,1,0,0
5153,2,1,0
5153,3,0,0
5153,3,1,0
5153,4,2,0
5153,5,0,0
5153,5,2,0
5153,6,1,0
5153,6,2,0
5153,7,0,0
5153,7,1,0
5153,7,2,0
5154,1,0,0
5154,2,1,0
5154,3,0,0
5154,3,1,0
5154,4,2,0
5154,5,0,0
5154,5,2,0
5154,6,1,0
5154,6,2,0
5154,7,0,0
5154,7,1,0
5154,7,2,0
5155,1,0,0
5155,2,1,0
5155,3,0,0
5155,3,1,0
5155,4,2,0
5155,5,0,0
5155,5,2,0
5155,6,1,0
5155,6,2,0
5155,7,0,0
5155,7,1,0
5155,7,2,0
5156,1,0,0
5156,2,1,0
5156,3,0,0
5156,3,1,0
5156,4,2,0
5156,5,0,0
5156,5,2,0
5156,6,1,0
5156,6,2,0
5156,7,0,0
5156,7,1,0
5156,7,2,0
5157,1,0,1
5157,2,1,1
5157,3,0,1
5157,3,1,1
5157,4,2,1
5157,5,0,1
5157,5,2,1
5157,6,1,1
5157,6,2,1
5157,7,0,1
5157,7,1,1
5157,7,2,1
5158,1,0,1
5158,2,1,1
5158,3,0,1
5158,3,1,1
5158,4,2,1
5158,5,0,1
5158,5,2,1
5158,6,1,1
5158,6,2,1
5158,7,0,1
5158,7,1,1
5158,7,2,1
5159,1,0,0
5159,2,1,0
5159,3,0,0
5159,3,1,0
5159,4,2,0
5159,5,0,0
5159,5,2,0
5159,6,1,0
5159,6,2,0
5159,7,0,0
5159,7,1,0
5159,7,2,0
5160,1,0,0
5160,2,1,0
5160,3,0,0
5160,3,1,0
5160,4,2,0
5160,5,0,0
5160,5,2,0
5160,6,1,0
5160,6,2,0
5160,7,0,0
5160,7,1,0
5160,7,2,0
5161,1,0,0
5161,2,1,0
5161,3,0,0
5161,3,1,0
5161,4,2,0
5161,5,0,0
5161,5,2,0
5161,6,1,0
5161,6,2,0
5161,7,0,0
5161,7,1,0
5161,7,2,0
5162,1,0,0
5162,2,1,0
5162,3,0,0
5162,3,1,0
5162,4,2,0
5162,5,0,0
5162,5,2,0
5162,6,1,0
5162,6,2,0
5162,7,0,0
5162,7,1,0
5162,7,2,0
5163,1,0,0
5163,2,1,0
5163,3,0,0
5163,3,1,0
5163,4,2,0
5163,5,0,0
5163,5,2,0
5163,6,1,0
5163,6,2,0
5163,7,0,0
5163,7,1,0
5163,7,2,0
5164,1,0,0
5164,2,1,0
5164,3,0,0
5164,3,1,0
5164,4,2,0
5164,5,0,0
5164,5,2,0
5164,6,1,0
5164,6,2,0
5164,7,0,0
5164,7,1,0
5164,7,2,0
5165,1,0,0
5165,2,1,0
5165,3,0,0
5165,3,1,0
5165,4,2,0
5165,5,0,0
5165,5,2,0
5165,6,1,0
5165,6,2,0
5165,7,0,0
5165,7,1,0
5165,7,2,0
5166,1,0,0
5166,2,1,0
5166,3,0,0
5166,3,1,0
5166,4,2,0
5166,5,0,0
5166,5,2,0
5166,6,1,0
5166,6,2,0
5166,7,0,0
5166,7,1,0
5166,7,2,0
5167,1,0,0
5167,2,1,0
5167,3,0,0
5167,3,1,0
5167,4,2,0
5167,5,0,0
5167,5,2,0
5167,6,1,0
5167,6,2,0
5167,7,0,0
5167,7,1,0
5167,7,2,0
5168,1,0,0
5168,2,1,0
5168,3,0,0
5168,3,1,0
5168,4,2,0
5168,5,0,0
5168,5,2,0
5168,6,1,0
5168,6,2,0
5168,7,0,0
5168,7,1,0
5168,7,2,0
5169,1,0,0
5169,2,1,0
5169,3,0,0
5169,3,1,0
5169,4,2,0
5169,5,0,0
5169,5,2,0
5169,6,1,0
5169,6,2,0
5169,7,0,0
5169,7,1,0
5169,7,2,0
5170,1,0,0
5170,2,1,0
5170,3,0,0
5170,3,1,0
5170,4,2,0
5170,5,0,0
5170,5,2,0
5170,6,1,0
5170,6,2,0
5170,7,0,0
5170,7,1,0
5170,7,2,0
5171,1,0,0
5171,2,1,0
5171,3,0,0
5171,3,1,0
5171,4,2,0
5171,5,0,0
5171,5,2,0
5171,6,1,0
5171,6,2,0
5171,7,0,0
5171,7,1,0
5171,7,2,0
5172,1,0,0
5172,2,1,0
5172,3,0,0
5172,3,1,0
5172,4,2,0
5172,5,0,0
5172,5,2,0
5172,6,1,0
5172,6,2,0
5172,7,0,0
5172,7,1,0
5172,7,2,0
5173,1,0,0
5173,2,1,0
5173,3,0,0
5173,3,1,0
5173,4,2,0
5173,5,0,0
5173,5,2,0
5173,6,1,0
5173,6,2,0
5173,7,0,0
5173,7,1,0
5173,7,2,0
5174,1,0,0
5174,2,1,0
5174,3,0,0
5174,3,1,0
5174,4,2,0
5174,5,0,0
5174,5,2,0
5174,6,1,0
5174,6,2,0
5174,7,0,0
5174,7,1,0
5174,7,2,0
5175,1,0,0
5175,2,1,0
5175,3,0,0
5175,3,1,0
5175,4,2,0
5175,5,0,0
5175,5,2,0
5175,6,1,0
5175,6,2,0
5175,7,0,0
5175,7,1,0
5175,7,2,0
5176,1,0,0
5176,2,1,0
5176,3,0,0
5176,3,1,0
5176,4,2,0
5176,5,0,0
5176,5,2,0
5176,6,1,0
5176,6,2,0
5176,7,0,0
5176,7,1,0
5176,7,2,0
5177,1,0,0
5177,2,1,0
5177,3,0,0
5177,3,1,0
5177,4,2,0
5177,5,0,0
5177,5,2,0
5177,6,1,0
5177,6,2,0
5177,7,0,0
5177,7,1,0
5177,7,2,0
5178,1,0,0
5178,2,1,0
5178,3,0,0
5178,3,1,0
5178,4,2,0
5178,5,0,0
5178,5,2,0
5178,6,1,0
5178,6,2,0
5178,7,0,0
5178,7,1,0
5178,7,2,0
5179,1,0,0
5179,2,1,0
5179,3,0,0
5179,3,1,0
5179,4,2,0
5179,5,0,0
5179,5,2,0
5179,6,1,0
5179,6,2,0
5179,7,0,0
5179,7,1,0
5179,7,2,0
5180,1,0,0
5180,2,1,0
5180,3,0,0
5180,3,1,0
5180,4,2,0
5180,5,0,0
5180,5,2,0
5180,6,1,0
5180,6,2,0
5180,7,0,0
5180,7,1,0
5180,7,2,0
5181,1,0,0
5181,2,1,0
5181,3,0,0
5181,3,1,0
5181,4,2,0
5181,5,0,0
5181,5,2,0
5181,6,1,0
5181,6,2,0
5181,7,0,0
5181,7,1,0
5181,7,2,0
5182,1,0,0
5182,2,1,0
5182,3,0,0
5182,3,1,0
5182,4,2,0
5182,5,0,0
5182,5,2,0
5182,6,1,0
5182,6,2,0
5182,7,0,0
5182,7,1,0
5182,7,2,0
5183,1,0,0
5183,2,1,0
5183,3,0,0
5183,3,1,0
5183,4,2,0
5183,5,0,0
5183,5,2,0
5183,6,1,0
5183,6,2,0
5183,7,0,0
5183,7,1,0
5183,7,2,0
5184,1,0,1
5184,2,1,1
5184,3,0,1
5184,3,1,1
5184,4,2,1
5184,5,0,1
5184,5,2,1
5184,6,1,1
5184,6,2,1
5184,7,0,1
5184,7,1,1
5184,7,2,1
5185,1,0,1
5185,2,1,1
5185,3,0,1
5185,3,1,1
5185,4,2,1
5185,5,0,1
5185,5,2,1
5185,6,1,1
5185,6,2,1
5185,7,0,1
5185,7,1,1
5185,7,2,1
5186,1,0,0
5186,2,1,1
5186,3,0,0
5186,3,1,1
5186,4,2,0
5186,5,0,0
5186,5,2,0
5186,6,1,1
5186,6,2,0
5186,7,0,0
5186,7,1,1
5186,7,2,0
5187,1,0,1
5187,2,1,1
5187,3,0,1
5187,3,1,1
5187,4,2,1
5187,5,0,1
5187,5,2,1
5187,6,1,1
5187,6,2,1
5187,7,0,1
5187,7,1,1
5187,7,2,1
5188,1,0,1
5188,2,1,1
5188,3,0,1
5188,3,1,1
5188,4,2,1
5188,5,0,1
5188,5,2,1
5188,6,1,1
5188,6,2,1
5188,7,0,1
5188,7,1,1
5188,7,2,1
5189,1,0,0
5189,2,1,1
5189,3,0,0
5189,3,1,1
5189,4,2,0
5189,5,0,0
5189,5,2,0
5189,6,1,1
5189,6,2,0
5189,7,0,0
5189,7,1,1
5189,7,2,0
5190,1,0,1
5190,2,1,1
5190,3,0,1
5190,3,1,1
5190,4,2,1
5190,5,0,1
5190,5,2,1
5190,6,1,1
5190,6,2,1
5190,7,0,1
5190,7,1,1
5190,7,2,1
5191,1,0,1
5191,2,1,1
5191,3,0,1
5191,3,1,1
5191,4,2,1
5191,5,0,1
5191,5,2,1
5191,6,1,1
5191,6,2,1
5191,7,0,1
5191,7,1,1
5191,7,2,1
5192,1,0,0
5192,2,1,1
5192,3,0,0
5192,3,1,1
5192,4,2,0
5192,5,0,0
5192,5,2,0
5192,6,1,1
5192,6,2,0
5192,7,0,0
5192,7,1,1
5192,7,2,0
5193,1,0,1
5193,2,1,1
5193,3,0,1
5193,3,1,1
5193,4,2,1
5193,5,0,1
5193,5,2,1
5193,6,1,1
5193,6,2,1
5193,7,0,1
5193,7,1,1
5193,7,2,1
5194,1,0,1
5194,2,1,1
5194,3,0,1
5194,3,1,1
5194,4,2,1
5194,5,0,1
5194,5,2,1
5194,6,1,1
5194,6,2,1
5194,7,0,1
5194,7,1,1
5194,7,2,1
5195,1,0,0
5195,2,1,1
5195,3,0,0
5195,3,1,1
5195,4,2,0
5195,5,0,0
5195,5,2,0
5195,6,1,1
5195,6,2,0
5195,7,0,0
5195,7,1,1
5195,7,2,0
5196,1,0,1
5196,2,1,1
5196,3,0,1
5196,3,1,1
5196,4,2,1
5196,5,0,1
5196,5,2,1
5196,6,1,1
5196,6,2,1
5196,7,0,1
5196,7,1,1
5196,7,2,1
5197,1,0,1
5197,2,1,1
5197,3,0,1
5197,3,1,1
5197,4,2,1
5197,5,0,1
5197,5,2,1
5197,6,1,1
5197,6,2,1
5197,7,0,1
5197,7,1,1
5197,7,2,1
5198,1,0,0
5198,2,1,1
5198,3,0,0
5198,3,1,1
5198,4,2,0
5198,5,0,0
5198,5,2,0
5198,6,1,1
5198,6,2,0
5198,7,0,0
5198,7,1,1
5198,7,2,0
5199,1,0,1
5199,2,1,1
5199,3,0,1
5199,3,1,1
5199,4,2,1
5199,5,0,1
5199,5,2,1
5199,6,1,1
5199,6,2,1
5199,7,0,1
5199,7,1,1
5199,7,2,1
5200,1,0,1
5200,2,1,1
5200,3,0,1
5200,3,1,1
5200,4,2,1
5200,5,0,1
5200,5,2,1
5200,6,1,1
5200,6,2,1
5200,7,0,1
5200,7,1,1
5200,7,2,1
5201,1,0,0
5201,2,1,1
5201,3,0,0
5201,3,1,1
5201,4,2,0
5201,5,0,0
5201,5,2,0
5201,6,1,1
5201,6,2,0
5201,7,0,0
5201,7,1,1
5201,7,2,0
5202,1,0,0
5202,2,1,1
5202,3,0,0
5202,3,1,1
5202,4,2,0
5202,5,0,0
5202,5,2,0
5202,6,1,1
5202,6,2,0
5202,7,0,0
5202,7,1,1
5202,7,2,0
5203,1,0,0
5203,2,1,1
5203,3,0,0
5203,3,1,1
5203,4,2,0
5203,5,0,0
5203,5,2,0
5203,6,1,1
5203,6,2,0
5203,7,0,0
5203,7,1,1
5203,7,2,0
5204,1,0,0
5204,2,1,1
5204,3,0,0
5204,3,1,1
5204,4,2,0
5204,5,0,0
5204,5,2,0
5204,6,1,1
5204,6,2,0
5204,7,0,0
5204,7,1,1
5204,7,2,0
5205,1,0,0
5205,2,1,1
5205,3,0,0
5205,3,1,1
5205,4,2,0
5205,5,0,0
5205,5,2,0
5205,6,1,1
5205,6,2,0
5205,7,0,0
5205,7,1,1
5205,7,2,0
5206,1,0,0
5206,2,1,1
5206,3,0,0
5206,3,1,1
5206,4,2,0
5206,5,0,0
5206,5,2,0
5206,6,1,1
5206,6,2,0
5206,7,0,0
5206,7,1,1
5206,7,2,0
5207,1,0,0
5207,2,1,1
5207,3,0,0
5207,3,1,1
5207,4,2,0
5207,5,0,0
5207,5,2,0
5207,6,1,1
5207,6,2,0
5207,7,0,0
5207,7,1,1
5207,7,2,0
5208,1,0,0
5208,2,1,1
5208,3,0,0
5208,3,1,1
5208,4,2,0
5208,5,0,0
5208,5,2,0
5208,6,1,1
5208,6,2,0
5208,7,0,0
5208,7,1,1
5208,7,2,0
5209,1,0,0
5209,2,1,1
5209,3,0,0
5209,3,1,1
5209,4,2,0
5209,5,0,0
5209,5,2,0
5209,6,1,1
5209,6,2,0
5209,7,0,0
5209,7,1,1
5209,7,2,0
5210,1,0,0
5210,2,1,1
5210,3,0,0
5210,3,1,1
5210,4,2,0
5210,5,0,0
5210,5,2,0
5210,6,1,1
5210,6,2,0
5210,7,0,0
5210,7,1,1
5210,7,2,0
5211,1,0,1
5211,2,1,1
5211,3,0,1
5211,3,1,1
5211,4,2,1
5211,5,0,1
5211,5,2,1
5211,6,1,1
5211,6,2,1
5211,7,0,1
5211,7,1,1
5211,7,2,1
5212,1,0,1
5212,2,1,1
5212,3,0,1
5212,3,1,1
5212,4,2,1
5212,5,0,1
5212,5,2,1
5212,6,1,1
5212,6,2,1
5212,7,0,1
5212,7,1,1
5212,7,2,1
5213,1,0,0
5213,2,1,0
5213,3,0,0
5213,3,1,0
5213,4,2,0
5213,5,0,0
5213,5,2,0
5213,6,1,0
5213,6,2,0
5213,7,0,0
5213,7,1,0
5213,7,2,0
5214,1,0,1
5214,2,1,1
5214,3,0,1
5214,3,1,1
5214,4,2,1
5214,5,0,1
5214,5,2,1
5214,6,1,1
5214,6,2,1
5214,7,0,1
5214,7,1,1
5214,7,2,1
5215,1,0,1
5215,2,1,1
5215,3,0,1
5215,3,1,1
5215,4,2,1
5215,5,0,1
5215,5,2,1
5215,6,1,1
5215,6,2,1
5215,7,0,1
5215,7,1,1
5215,7,2,1
5216,1,0,0
5216,2,1,0
5216,3,0,0
5216,3,1,0
5216,4,2,0
5216,5,0,0
5216,5,2,0
5216,6,1,0
5216,6,2,0
5216,7,0,0
5216,7,1,0
5216,7,2,0
5217,1,0,0
5217,2,1,0
5217,3,0,0
5217,3,1,0
5217,4,2,0
5217,5,0,0
5217,5,2,0
5217,6,1,0
5217,6,2,0
5217,7,0,0
5217,7,1,0
5217,7,2,0
5218,1,0,0
5218,2,1,0
5218,3,0,0
5218,3,1,0
5218,4,2,0
5218,5,0,0
5218,5,2,0
5218,6,1,0
5218,6,2,0
5218,7,0,0
5218,7,1,0
5218,7,2,0
5219,1,0,0
5219,2,1,0
5219,3,0,0
5219,3,1,0
5219,4,2,0
5219,5,0,0
5219,5,2,0
5219,6,1,0
5219,6,2,0
5219,7,0,0
5219,7,1,0
5219,7,2,0
5220,1,0,0
5220,2,1,0
5220,3,0,0
5220,3,1,0
5220,4,2,0
5220,5,0,0
5220,5,2,0
5220,6,1,0
5220,6,2,0
5220,7,0,0
5220,7,1,0
5220,7,2,0
5221,1,0,0
5221,2,1,0
5221,3,0,0
5221,3,1,0
5221,4,2,0
5221,5,0,0
5221,5,2,0
5221,6,1,0
5221,6,2,0
5221,7,0,0
5221,7,1,0
5221,7,2,0
5222,1,0,0
5222,2,1,0
5222,3,0,0
5222,3,1,0
5222,4,2,0
5222,5,0,0
5222,5,2,0
5222,6,1,0
5222,6,2,0
5222,7,0,0
5222,7,1,0
5222,7,2,0
5223,1,0,0
5223,2,1,0
5223,3,0,0
5223,3,1,0
5223,4,2,0
5223,5,0,0
5223,5,2,0
5223,6,1,0
5223,6,2,0
5223,7,0,0
5223,7,1,0
5223,7,2,0
5224,1,0,0
5224,2,1,0
5224,3,0,0
5224,3,1,0
5224,4,2,0
5224,5,0,0
5224,5,2,0
5224,6,1,0
5224,6,2,0
5224,7,0,0
5224,7,1,0
5224,7,2,0
5225,1,0,0
5225,2,1,0
5225,3,0,0
5225,3,1,0
5225,4,2,0
5225,5,0,0
5225,5,2,0
5225,6,1,0
5225,6,2,0
5225,7,0,0
5225,7,1,0
5225,7,2,0
5226,1,0,0
5226,2,1,0
5226,3,0,0
5226,3,1,0
5226,4,2,0
5226,5,0,0
5226,5,2,0
5226,6,1,0
5226,6,2,0
5226,7,0,0
5226,7,1,0
5226,7,2,0
5227,1,0,0
5227,2,1,0
5227,3,0,0
5227,3,1,0
5227,4,2,0
5227,5,0,0
5227,5,2,0
5227,6,1,0
5227,6,2,0
5227,7,0,0
5227,7,1,0
5227,7,2,0
5228,1,0,0
5228,2,1,0
5228,3,0,0
5228,3,1,0
5228,4,2,0
5228,5,0,0
5228,5,2,0
5228,6,1,0
5228,6,2,0
5228,7,0,0
5228,7,1,0
5228,7,2,0
5229,1,0,0
5229,2,1,0
5229,3,0,0
5229,3,1,0
5229,4,2,0
5229,5,0,0
5229,5,2,0
5229,6,1,0
5229,6,2,0
5229,7,0,0
5229,7,1,0
5229,7,2,0
5230,1,0,0
5230,2,1,0
5230,3,0,0
5230,3,1,0
5230,4,2,0
5230,5,0,0
5230,5,2,0
5230,6,1,0
5230,6,2,0
5230,7,0,0
5230,7,1,0
5230,7,2,0
5231,1,0,0
5231,2,1,0
5231,3,0,0
5231,3,1,0
5231,4,2,0
5231,5,0,0
5231,5,2,0
5231,6,1,0
5231,6,2,0
5231,7,0,0
5231,7,1,0
5231,7,2,0
5232,1,0,0
5232,2,1,0
5232,3,0,0
5232,3,1,0
5232,4,2,0
5232,5,0,0
5232,5,2,0
5232,6,1,0
5232,6,2,0
5232,7,0,0
5232,7,1,0
5232,7,2,0
5233,1,0,0
5233,2,1,0
5233,3,0,0
5233,3,1,0
5233,4,2,0
5233,5,0,0
5233,5,2,0
5233,6,1,0
5233,6,2,0
5233,7,0,0
5233,7,1,0
5233,7,2,0
5234,1,0,0
5234,2,1,0
5234,3,0,0
5234,3,1,0
5234,4,2,0
5234,5,0,0
5234,5,2,0
5234,6,1,0
5234,6,2,0
5234,7,0,0
5234,7,1,0
5234,7,2,0
5235,1,0,0
5235,2,1,0
5235,3,0,0
5235,3,1,0
5235,4,2,0
5235,5,0,0
5235,5,2,0
5235,6,1,0
5235,6,2,0
5235,7,0,0
5235,7,1,0
5235,7,2,0
5236,1,0,0
5236,2,1,0
5236,3,0,0
5236,3,1,0
5236,4,2,0
5236,5,0,0
5236,5,2,0
5236,6,1,0
5236,6,2,0
5236,7,0,0
5236,7,1,0
5236,7,2,0
5237,1,0,0
5237,2,1,0
5237,3,0,0
5237,3,1,0
5237,4,2,0
5237,5,0,0
5237,5,2,0
5237,6,1,0
5237,6,2,0
5237,7,0,0
5237,7,1,0
5237,7,2,0
5238,1,0,1
5238,2,1,1
5238,3,0,1
5238,3,1,1
5238,4,2,1
5238,5,0,1
5238,5,2,1
5238,6,1,1
5238,6,2,1
5238,7,0,1
5238,7,1,1
5238,7,2,1
5239,1,0,1
5239,2,1,1
5239,3,0,1
5239,3,1,1
5239,4,2,1
5239,5,0,1
5239,5,2,1
5239,6,1,1
5239,6,2,1
5239,7,0,1
5239,7,1,1
5239,7,2,1
5240,1,0,0
5240,2,1,0
5240,3,0,0
5240,3,1,0
5240,4,2,0
5240,5,0,0
5240,5,2,0
5240,6,1,0
5240,6,2,0
5240,7,0,0
5240,7,1,0
5240,7,2,0
5241,1,0,0
5241,2,1,0
5241,3,0,0
5241,3,1,0
5241,4,2,0
5241,5,0,0
5241,5,2,0
5241,6,1,0
5241,6,2,0
5241,7,0,0
5241,7,1,0
5241,7,2,0
5242,1,0,0
5242,2,1,0
5242,3,0,0
5242,3,1,0
5242,4,2,0
5242,5,0,0
5242,5,2,0
5242,6,1,0
5242,6,2,0
5242,7,0,0
5242,7,1,0
5242,7,2,0
5243,1,0,0
5243,2,1,0
5243,3,0,0
5243,3,1,0
5243,4,2,0
5243,5,0,0
5243,5,2,0
5243,6,1,0
5243,6,2,0
5243,7,0,0
5243,7,1,0
5243,7,2,0
5244,1,0,0
5244,2,1,0
5244,3,0,0
5244,3,1,0
5244,4,2,0
5244,5,0,0
5244,5,2,0
5244,6,1,0
5244,6,2,0
5244,7,0,0
5244,7,1,0
5244,7,2,0
5245,1,0,0
5245,2,1,0
5245,3,0,0
5245,3,1,0
5245,4,2,0
5245,5,0,0
5245,5,2,0
5245,6,1,0
5245,6,2,0
5245,7,0,0
5245,7,1,0
5245,7,2,0
5246,1,0,0
5246,2,1,0
5246,3,0,0
5246,3,1,0
5246,4,2,0
5246,5,0,0
5246,5,2,0
5246,6,1,0
5246,6,2,0
5246,7,0,0
5246,7,1,0
5246,7,2,0
5247,1,0,0
5247,2,1,0
5247,3,0,0
5247,3,1,0
5247,4,2,0
5247,5,0,0
5247,5,2,0
5247,6,1,0
5247,6,2,0
5247,7,0,0
5247,7,1,0
5247,7,2,0
5248,1,0,0
5248,2,1,0
5248,3,0,0
5248,3,1,0
5248,4,2,0
5248,5,0,0
5248,5,2,0
5248,6,1,0
5248,6,2,0
5248,7,0,0
5248,7,1,0
5248,7,2,0
5249,1,0,0
5249,2,1,0
5249,3,0,0
5249,3,1,0
5249,4,2,0
5249,5,0,0
5249,5,2,0
5249,6,1,0
5249,6,2,0
5249,7,0,0
5249,7,1,0
5249,7,2,0
5250,1,0,0
5250,2,1,0
5250,3,0,0
5250,3,1,0
5250,4,2,0
5250,5,0,0
5250,5,2,0
5250,6,1,0
5250,6,2,0
5250,7,0,0
5250,7,1,0
5250,7,2,0
5251,1,0,0
5251,2,1,0
5251,3,0,0
5251,3,1,0
5251,4,2,0
5251,5,0,0
5251,5,2,0
5251,6,1,0
5251,6,2,0
5251,7,0,0
5251,7,1,0
5251,7,2,0
5252,1,0,0
5252,2,1,0
5252,3,0,0
5252,3,1,0
5252,4,2,0
5252,5,0,0
5252,5,2,0
5252,6,1,0
5252,6,2,0
5252,7,0,0
5252,7,1,0
5252,7,2,0
5253,1,0,0
5253,2,1,0
5253,3,0,0
5253,3,1,0
5253,4,2,0
5253,5,0,0
5253,5,2,0
5253,6,1,0
5253,6,2,0
5253,7,0,0
5253,7,1,0
5253,7,2,0
5254,1,0,0
5254,2,1,0
5254,3,0,0
5254,3,1,0
5254,4,2,0
5254,5,0,0
5254,5,2,0
5254,6,1,0
5254,6,2,0
5254,7,0,0
5254,7,1,0
5254,7,2,0
5255,1,0,0
5255,2,1,0
5255,3,0,0
5255,3,1,0
5255,4,2,0
5255,5,0,0
5255,5,2,0
5255,6,1,0
5255,6,2,0
5255,7,0,0
5255,7,1,0
5255,7,2,0
5256,1,0,0
5256,2,1,0
5256,3,0,0
5256,3,1,0
5256,4,2,0
5256,5,0,0
5256,5,2,0
5256,6,1,0
5256,6,2,0
5256,7,0,0
5256,7,1,0
5256,7,2,0
5257,1,0,0
5257,2,1,0
5257,3,0,0
5257,3,1,0
5257,4,2,0
5257,5,0,0
5257,5,2,0
5257,6,1,0
5257,6,2,0
5257,7,0,0
5257,7,1,0
5257,7,2,0
5258,1,0,0
5258,2,1,0
5258,3,0,0
5258,3,1,0
5258,4,2,0
5258,5,0,0
5258,5,2,0
5258,6,1,0
5258,6,2,0
5258,7,0,0
5258,7,1,0
5258,7,2,0
5259,1,0,0
5259,2,1,0
5259,3,0,0
5259,3,1,0
5259,4,2,0
5259,5,0,0
5259,5,2,0
5259,6,1,0
5259,6,2,0
5259,7,0,0
5259,7,1,0
5259,7,2,0
5260,1,0,0
5260,2,1,0
5260,3,0,0
5260,3,1,0
5260,4,2,0
5260,5,0,0
5260,5,2,0
5260,6,1,0
5260,6,2,0
5260,7,0,0
5260,7,1,0
5260,7,2,0
5261,1,0,0
5261,2,1,0
5261,3,0,0
5261,3,1,0
5261,4,2,0
5261,5,0,0
5261,5,2,0
5261,6,1,0
5261,6,2,0
5261,7,0,0
5261,7,1,0
5261,7,2,0
5262,1,0,0
5262,2,1,0
5262,3,0,0
5262,3,1,0
5262,4,2,0
5262,5,0,0
5262,5,2,0
5262,6,1,0
5262,6,2,0
5262,7,0,0
5262,7,1,0
5262,7,2,0
5263,1,0,0
5263,2,1,0
5263,3,0,0
5263,3,1,0
5263,4,2,0
5263,5,0,0
5263,5,2,0
5263,6,1,0
5263,6,2,0
5263,7,0,0
5263,7,1,0
5263,7,2,0
5264,1,0,0
5264,2,1,0
5264,3,0,0
5264,3,1,0
5264,4,2,0
5264,5,0,0
5264,5,2,0
5264,6,1,0
5264,6,2,0
5264,7,0,0
5264,7,1,0
5264,7,2,0
5265,1,0,1
5265,2,1,0
5265,3,0,1
5265,3,1,0
5265,4,2,0
5265,5,0,1
5265,5,2,0
5265,6,1,0
5265,6,2,0
5265,7,0,1
5265,7,1,0
5265,7,2,0
5266,1,0,1
5266,2,1,0
5266,3,0,1
5266,3,1,0
5266,4,2,0
5266,5,0,1
5266,5,2,0
5266,6,1,0
5266,6,2,0
5266,7,0,1
5266,7,1,0
5266,7,2,0
5267,1,0,0
5267,2,1,0
5267,3,0,0
5267,3,1,0
5267,4,2,0
5267,5,0,0
5267,5,2,0
5267,6,1,0
5267,6,2,0
5267,7,0,0
5267,7,1,0
5267,7,2,0
5268,1,0,0
5268,2,1,0
5268,3,0,0
5268,3,1,0
5268,4,2,0
5268,5,0,0
5268,5,2,0
5268,6,1,0
5268,6,2,0
5268,7,0,0
5268,7,1,0
5268,7,2,0
5269,1,0,0
5269,2,1,0
5269,3,0,0
5269,3,1,0
5269,4,2,0
5269,5,0,0
5269,5,2,0
5269,6,1,0
5269,6,2,0
5269,7,0,0
5269,7,1,0
5269,7,2,0
5270,1,0,0
5270,2,1,0
5270,3,0,0
5270,3,1,0
5270,4,2,0
5270,5,0,0
5270,5,2,0
5270,6,1,0
5270,6,2,0
5270,7,0,0
5270,7,1,0
5270,7,2,0
5271,1,0,0
5271,2,1,0
5271,3,0,0
5271,3,1,0
5271,4,2,0
5271,5,0,0
5271,5,2,0
5271,6,1,0
5271,6,2,0
5271,7,0,0
5271,7,1,0
5271,7,2,0
5272,1,0,0
5272,2,1,0
5272,3,0,0
5272,3,1,0
5272,4,2,0
5272,5,0,0
5272,5,2,0
5272,6,1,0
5272,6,2,0
5272,7,0,0
5272,7,1,0
5272,7,2,0
5273,1,0,0
5273,2,1,0
5273,3,0,0
5273,3,1,0
5273,4,2,0
5273,5,0,0
5273,5,2,0
5273,6,1,0
5273,6,2,0
5273,7,0,0
5273,7,1,0
5273,7,2,0
5274,1,0,0
5274,2,1,0
5274,3,0,0
5274,3,1,0
5274,4,2,0
5274,5,0,0
5274,5,2,0
5274,6,1,0
5274,6,2,0
5274,7,0,0
5274,7,1,0
5274,7,2,0
5275,1,0,0
5275,2,1,0
5275,3,0,0
5275,3,1,0
5275,4,2,0
5275,5,0,0
5275,5,2,0
5275,6,1,0
5275,6,2,0
5275,7,0,0
5275,7,1,0
5275,7,2,0
5276,1,0,0
5276,2,1,0
5276,3,0,0
5276,3,1,0
5276,4,2,0
5276,5,0,0
5276,5,2,0
5276,6,1,0
5276,6,2,0
5276,7,0,0
5276,7,1,0
5276,7,2,0
5277,1,0,0
5277,2,1,0
5277,3,0,0
5277,3,1,0
5277,4,2,0
5277,5,0,0
5277,5,2,0
5277,6,1,0
5277,6,2,0
5277,7,0,0
5277,7,1,0
5277,7,2,0
5278,1,0,0
5278,2,1,0
5278,3,0,0
5278,3,1,0
5278,4,2,0
5278,5,0,0
5278,5,2,0
5278,6,1,0
5278,6,2,0
5278,7,0,0
5278,7,1,0
5278,7,2,0
5279,1,0,0
5279,2,1,0
5279,3,0,0
5279,3,1,0
5279,4,2,0
5279,5,0,0
5279,5,2,0
5279,6,1,0
5279,6,2,0
5279,7,0,0
5279,7,1,0
5279,7,2,0
5280,1,0,0
5280,2,1,0
5280,3,0,0
5280,3,1,0
5280,4,2,0
5280,5,0,0
5280,5,2,0
5280,6,1,0
5280,6,2,0
5280,7,0,0
5280,7,1,0
5280,7,2,0
5281,1,0,0
5281,2,1,0
5281,3,0,0
5281,3,1,0
5281,4,2,0
5281,5,0,0
5281,5,2,0
5281,6,1,0
5281,6,2,0
5281,7,0,0
5281,7,1,0
5281,7,2,0
5282,1,0,0
5282,2,1,0
5282,3,0,0
5282,3,1,0
5282,4,2,0
5282,5,0,0
5282,5,2,0
5282,6,1,0
5282,6,2,0
5282,7,0,0
5282,7,1,0
5282,7,2,0
5283,1,0,0
5283,2,1,0
5283,3,0,0
5283,3,1,0
5283,4,2,0
5283,5,0,0
5283,5,2,0
5283,6,1,0
5283,6,2,0
5283,7,0,0
5283,7,1,0
5283,7,2,0
5284,1,0,0
5284,2,1,0
5284,3,0,0
5284,3,1,0
5284,4,2,0
5284,5,0,0
5284,5,2,0
5284,6,1,0
5284,6,2,0
5284,7,0,0
5284,7,1,0
5284,7,2,0
5285,1,0,0
5285,2,1,0
5285,3,0,0
5285,3,1,0
5285,4,2,0
5285,5,0,0
5285,5,2,0
5285,6,1,0
5285,6,2,0
5285,7,0,0
5285,7,1,0
5285,7,2,0
5286,1,0,0
5286,2,1,0
5286,3,0,0
5286,3,1,0
5286,4,2,0
5286,5,0,0
5286,5,2,0
5286,6,1,0
5286,6,2,0
5286,7,0,0
5286,7,1,0
5286,7,2,0
5287,1,0,0
5287,2,1,0
5287,3,0,0
5287,3,1,0
5287,4,2,0
5287,5,0,0
5287,5,2,0
5287,6,1,0
5287,6,2,0
5287,7,0,0
5287,7,1,0
5287,7,2,0
5288,1,0,0
5288,2,1,0
5288,3,0,0
5288,3,1,0
5288,4,2,0
5288,5,0,0
5288,5,2,0
5288,6,1,0
5288,6,2,0
5288,7,0,0
5288,7,1,0
5288,7,2,0
5289,1,0,0
5289,2,1,0
5289,3,0,0
5289,3,1,0
5289,4,2,0
5289,5,0,0
5289,5,2,0
5289,6,1,0
5289,6,2,0
5289,7,0,0
5289,7,1,0
5289,7,2,0
5290,1,0,0
5290,2,1,0
5290,3,0,0
5290,3,1,0
5290,4,2,0
5290,5,0,0
5290,5,2,0
5290,6,1,0
5290,6,2,0
5290,7,0,0
5290,7,1,0
5290,7,2,0
5291,1,0,0
5291,2,1,0
5291,3,0,0
5291,3,1,0
5291,4,2,0
5291,5,0,0
5291,5,2,0
5291,6,1,0
5291,6,2,0
5291,7,0,0
5291,7,1,0
5291,7,2,0
5292,1,0,1
5292,2,1,0
5292,3,0,1
5292,3,1,0
5292,4,2,0
5292,5,0,1
5292,5,2,0
5292,6,1,0
5292,6,2,0
5292,7,0,1
5292,7,1,0
5292,7,2,0
5293,1,0,1
5293,2,1,0
5293,3,0,1
5293,3,1,0
5293,4,2,0
5293,5,0,1
5293,5,2,0
5293,6,1,0
5293,6,2,0
5293,7,0,1
5293,7,1,0
5293,7,2,0
5294,1,0,0
5294,2,1,0
5294,3,0,0
5294,3,1,0
5294,4,2,0
5294,5,0,0
5294,5,2,0
5294,6,1,0
5294,6,2,0
5294,7,0,0
5294,7,1,0
5294,7,2,0
5295,1,0,0
5295,2,1,0
5295,3,0,0
5295,3,1,0
5295,4,2,0
5295,5,0,0
5295,5,2,0
5295,6,1,0
5295,6,2,0
5295,7,0,0
5295,7,1,0
5295,7,2,0
5296,1,0,0
5296,2,1,0
5296,3,0,0
5296,3,1,0
5296,4,2,0
5296,5,0,0
5296,5,2,0
5296,6,1,0
5296,6,2,0
5296,7,0,0
5296,7,1,0
5296,7,2,0
5297,1,0,0
5297,2,1,0
5297,3,0,0
5297,3,1,0
5297,4,2,0
5297,5,0,0
5297,5,2,0
5297,6,1,0
5297,6,2,0
5297,7,0,0
5297,7,1,0
5297,7,2,0
5298,1,0,0
5298,2,1,0
5298,3,0,0
5298,3,1,0
5298,4,2,0
5298,5,0,0
5298,5,2,0
5298,6,1,0
5298,6,2,0
5298,7,0,0
5298,7,1,0
5298,7,2,0
5299,1,0,0
5299,2,1,0
5299,3,0,0
5299,3,1,0
5299,4,2,0
5299,5,0,0
5299,5,2,0
5299,6,1,0
5299,6,2,0
5299,7,0,0
5299,7,1,0
5299,7,2,0
5300,1,0,0
5300,2,1,0
5300,3,0,0
5300,3,1,0
5300,4,2,0
5300,5,0,0
5300,5,2,0
5300,6,1,0
5300,6,2,0
5300,7,0,0
5300,7,1,0
5300,7,2,0
5301,1,0,0
5301,2,1,0
5301,3,0,0
5301,3,1,0
5301,4,2,0
5301,5,0,0
5301,5,2,0
5301,6,1,0
5301,6,2,0
5301,7,0,0
5301,7,1,0
5301,7,2,0
5302,1,0,0
5302,2,1,0
5302,3,0,0
5302,3,1,0
5302,4,2,0
5302,5,0,0
5302,5,2,0
5302,6,1,0
5302,6,2,0
5302,7,0,0
5302,7,1,0
5302,7,2,0
5303,1,0,0
5303,2,1,0
5303,3,0,0
5303,3,1,0
5303,4,2,0
5303,5,0,0
5303,5,2,0
5303,6,1,0
5303,6,2,0
5303,7,0,0
5303,7,1,0
5303,7,2,0
5304,1,0,0
5304,2,1,0
5304,3,0,0
5304,3,1,0
5304,4,2,0
5304,5,0,0
5304,5,2,0
5304,6,1,0
5304,6,2,0
5304,7,0,0
5304,7,1,0
5304,7,2,0
5305,1,0,0
5305,2,1,0
5305,3,0,0
5305,3,1,0
5305,4,2,0
5305,5,0,0
5305,5,2,0
5305,6,1,0
5305,6,2,0
5305,7,0,0
5305,7,1,0
5305,7,2,0
5306,1,0,0
5306,2,1,0
5306,3,0,0
5306,3,1,0
5306,4,2,0
5306,5,0,0
5306,5,2,0
5306,6,1,0
5306,6,2,0
5306,7,0,0
5306,7,1,0
5306,7,2,0
5307,1,0,0
5307,2,1,0
5307,3,0,0
5307,3,1,0
5307,4,2,0
5307,5,0,0
5307,5,2,0
5307,6,1,0
5307,6,2,0
5307,7,0,0
5307,7,1,0
5307,7,2,0
5308,1,0,0
5308,2,1,0
5308,3,0,0
5308,3,1,0
5308,4,2,0
5308,5,0,0
5308,5,2,0
5308,6,1,0
5308,6,2,0
5308,7,0,0
5308,7,1,0
5308,7,2,0
5309,1,0,0
5309,2,1,0
5309,3,0,0
5309,3,1,0
5309,4,2,0
5309,5,0,0
5309,5,2,0
5309,6,1,0
5309,6,2,0
5309,7,0,0
5309,7,1,0
5309,7,2,0
5310,1,0,0
5310,2,1,0
5310,3,0,0
5310,3,1,0
5310,4,2,0
5310,5,0,0
5310,5,2,0
5310,6,1,0
5310,6,2,0
5310,7,0,0
5310,7,1,0
5310,7,2,0
5311,1,0,0
5311,2,1,0
5311,3,0,0
5311,3,1,0
5311,4,2,0
5311,5,0,0
5311,5,2,0
5311,6,1,0
5311,6,2,0
5311,7,0,0
5311,7,1,0
5311,7,2,0
5312,1,0,0
5312,2,1,0
5312,3,0,0
5312,3,1,0
5312,4,2,0
5312,5,0,0
5312,5,2,0
5312,6,1,0
5312,6,2,0
5312,7,0,0
5312,7,1,0
5312,7,2,0
5313,1,0,0
5313,2,1,0
5313,3,0,0
5313,3,1,0
5313,4,2,0
5313,5,0,0
5313,5,2,0
5313,6,1,0
5313,6,2,0
5313,7,0,0
5313,7,1,0
5313,7,2,0
5314,1,0,0
5314,2,1,0
5314,3,0,0
5314,3,1,0
5314,4,2,0
5314,5,0,0
5314,5,2,0
5314,6,1,0
5314,6,2,0
5314,7,0,0
5314,7,1,0
5314,7,2,0
5315,1,0,0
5315,2,1,0
5315,3,0,0
5315,3,1,0
5315,4,2,0
5315,5,0,0
5315,5,2,0
5315,6,1,0
5315,6,2,0
5315,7,0,0
5315,7,1,0
5315,7,2,0
5316,1,0,0
5316,2,1,0
5316,3,0,0
5316,3,1,0
5316,4,2,0
5316,5,0,0
5316,5,2,0
5316,6,1,0
5316,6,2,0
5316,7,0,0
5316,7,1,0
5316,7,2,0
5317,1,0,0
5317,2,1,0
5317,3,0,0
5317,3,1,0
5317,4,2,0
5317,5,0,0
5317,5,2,0
5317,6,1,0
5317,6,2,0
5317,7,0,0
5317,7,1,0
5317,7,2,0
5318,1,0,0
5318,2,1,0
5318,3,0,0
5318,3,1,0
5318,4,2,0
5318,5,0,0
5318,5,2,0
5318,6,1,0
5318,6,2,0
5318,7,0,0
5318,7,1,0
5318,7,2,0
5319,1,0,1
5319,2,1,0
5319,3,0,1
5319,3,1,0
5319,4,2,0
5319,5,0,1
5319,5,2,0
5319,6,1,0
5319,6,2,0
5319,7,0,1
5319,7,1,0
5319,7,2,0
5320,1,0,1
5320,2,1,0
5320,3,0,1
5320,3,1,0
5320,4,2,0
5320,5,0,1
5320,5,2,0
5320,6,1,0
5320,6,2,0
5320,7,0,1
5320,7,1,0
5320,7,2,0
5321,1,0,0
5321,2,1,0
5321,3,0,0
5321,3,1,0
5321,4,2,0
5321,5,0,0
5321,5,2,0
5321,6,1,0
5321,6,2,0
5321,7,0,0
5321,7,1,0
5321,7,2,0
5322,1,0,0
5322,2,1,0
5322,3,0,0
5322,3,1,0
5322,4,2,0
5322,5,0,0
5322,5,2,0
5322,6,1,0
5322,6,2,0
5322,7,0,0
5322,7,1,0
5322,7,2,0
5323,1,0,0
5323,2,1,0
5323,3,0,0
5323,3,1,0
5323,4,2,0
5323,5,0,0
5323,5,2,0
5323,6,1,0
5323,6,2,0
5323,7,0,0
5323,7,1,0
5323,7,2,0
5324,1,0,0
5324,2,1,0
5324,3,0,0
5324,3,1,0
5324,4,2,0
5324,5,0,0
5324,5,2,0
5324,6,1,0
5324,6,2,0
5324,7,0,0
5324,7,1,0
5324,7,2,0
5325,1,0,0
5325,2,1,0
5325,3,0,0
5325,3,1,0
5325,4,2,0
5325,5,0,0
5325,5,2,0
5325,6,1,0
5325,6,2,0
5325,7,0,0
5325,7,1,0
5325,7,2,0
5326,1,0,0
5326,2,1,0
5326,3,0,0
5326,3,1,0
5326,4,2,0
5326,5,0,0
5326,5,2,0
5326,6,1,0
5326,6,2,0
5326,7,0,0
5326,7,1,0
5326,7,2,0
5327,1,0,0
5327,2,1,0
5327,3,0,0
5327,3,1,0
5327,4,2,0
5327,5,0,0
5327,5,2,0
5327,6,1,0
5327,6,2,0
5327,7,0,0
5327,7,1,0
5327,7,2,0
5328,1,0,0
5328,2,1,0
5328,3,0,0
5328,3,1,0
5328,4,2,0
5328,5,0,0
5328,5,2,0
5328,6,1,0
5328,6,2,0
5328,7,0,0
5328,7,1,0
5328,7,2,0
5329,1,0,0
5329,2,1,0
5329,3,0,0
5329,3,1,0
5329,4,2,0
5329,5,0,0
5329,5,2,0
5329,6,1,0
5329,6,2,0
5329,7,0,0
5329,7,1,0
5329,7,2,0
5330,1,0,0
5330,2,1,0
5330,3,0,0
5330,3,1,0
5330,4,2,0
5330,5,0,0
5330,5,2,0
5330,6,1,0
5330,6,2,0
5330,7,0,0
5330,7,1,0
5330,7,2,0
5331,1,0,0
5331,2,1,0
5331,3,0,0
5331,3,1,0
5331,4,2,0
5331,5,0,0
5331,5,2,0
5331,6,1,0
5331,6,2,0
5331,7,0,0
5331,7,1,0
5331,7,2,0
5332,1,0,0
5332,2,1,0
5332,3,0,0
5332,3,1,0
5332,4,2,0
5332,5,0,0
5332,5,2,0
5332,6,1,0
5332,6,2,0
5332,7,0,0
5332,7,1,0
5332,7,2,0
5333,1,0,0
5333,2,1,0
5333,3,0,0
5333,3,1,0
5333,4,2,0
5333,5,0,0
5333,5,2,0
5333,6,1,0
5333,6,2,0
5333,7,0,0
5333,7,1,0
5333,7,2,0
5334,1,0,0
5334,2,1,0
5334,3,0,0
5334,3,1,0
5334,4,2,0
5334,5,0,0
5334,5,2,0
5334,6,1,0
5334,6,2,0
5334,7,0,0
5334,7,1,0
5334,7,2,0
5335,1,0,0
5335,2,1,0
5335,3,0,0
5335,3,1,0
5335,4,2,0
5335,5,0,0
5335,5,2,0
5335,6,1,0
5335,6,2,0
5335,7,0,0
5335,7,1,0
5335,7,2,0
5336,1,0,0
5336,2,1,0
5336,3,0,0
5336,3,1,0
5336,4,2,0
5336,5,0,0
5336,5,2,0
5336,6,1,0
5336,6,2,0
5336,7,0,0
5336,7,1,0
5336,7,2,0
5337,1,0,0
5337,2,1,0
5337,3,0,0
5337,3,1,0
5337,4,2,0
5337,5,0,0
5337,5,2,0
5337,6,1,0
5337,6,2,0
5337,7,0,0
5337,7,1,0
5337,7,2,0
5338,1,0,0
5338,2,1,0
5338,3,0,0
5338,3,1,0
5338,4,2,0
5338,5,0,0
5338,5,2,0
5338,6,1,0
5338,6,2,0
5338,7,0,0
5338,7,1,0
5338,7,2,0
5339,1,0,0
5339,2,1,0
5339,3,0,0
5339,3,1,0
5339,4,2,0
5339,5,0,0
5339,5,2,0
5339,6,1,0
5339,6,2,0
5339,7,0,0
5339,7,1,0
5339,7,2,0
5340,1,0,0
5340,2,1,0
5340,3,0,0
5340,3,1,0
5340,4,2,0
5340,5,0,0
5340,5,2,0
5340,6,1,0
5340,6,2,0
5340,7,0,0
5340,7,1,0
5340,7,2,0
5341,1,0,0
5341,2,1,0
5341,3,0,0
5341,3,1,0
5341,4,2,0
5341,5,0,0
5341,5,2,0
5341,6,1,0
5341,6,2,0
5341,7,0,0
5341,7,1,0
5341,7,2,0
5342,1,0,0
5342,2,1,0
5342,3,0,0
5342,3,1,0
5342,4,2,0
5342,5,0,0
5342,5,2,0
5342,6,1,0
5342,6,2,0
5342,7,0,0
5342,7,1,0
5342,7,2,0
5343,1,0,0
5343,2,1,0
5343,3,0,0
5343,3,1,0
5343,4,2,0
5343,5,0,0
5343,5,2,0
5343,6,1,0
5343,6,2,0
5343,7,0,0
5343,7,1,0
5343,7,2,0
5344,1,0,0
5344,2,1,0
5344,3,0,0
5344,3,1,0
5344,4,2,0
5344,5,0,0
5344,5,2,0
5344,6,1,0
5344,6,2,0
5344,7,0,0
5344,7,1,0
5344,7,2,0
5345,1,0,0
5345,2,1,0
5345,3,0,0
5345,3,1,0
5345,4,2,0
5345,5,0,0
5345,5,2,0
5345,6,1,0
5345,6,2,0
5345,7,0,0
5345,7,1,0
5345,7,2,0
5346,1,0,1
5346,2,1,0
5346,3,0,1
5346,3,1,0
5346,4,2,0
5346,5,0,1
5346,5,2,0
5346,6,1,0
5346,6,2,0
5346,7,0,1
5346,7,1,0
5346,7,2,0
5347,1,0,1
5347,2,1,0
5347,3,0,1
5347,3,1,0
5347,4,2,0
5347,5,0,1
5347,5,2,0
5347,6,1,0
5347,6,2,0
5347,7,0,1
5347,7,1,0
5347,7,2,0
5348,1,0,0
5348,2,1,0
5348,3,0,0
5348,3,1,0
5348,4,2,0
5348,5,0,0
5348,5,2,0
5348,6,1,0
5348,6,2,0
5348,7,0,0
5348,7,1,0
5348,7,2,0
5349,1,0,0
5349,2,1,0
5349,3,0,0
5349,3,1,0
5349,4,2,0
5349,5,0,0
5349,5,2,0
5349,6,1,0
5349,6,2,0
5349,7,0,0
5349,7,1,0
5349,7,2,0
5350,1,0,0
5350,2,1,0
5350,3,0,0
5350,3,1,0
5350,4,2,0
5350,5,0,0
5350,5,2,0
5350,6,1,0
5350,6,2,0
5350,7,0,0
5350,7,1,0
5350,7,2,0
5351,1,0,0
5351,2,1,0
5351,3,0,0
5351,3,1,0
5351,4,2,0
5351,5,0,0
5351,5,2,0
5351,6,1,0
5351,6,2,0
5351,7,0,0
5351,7,1,0
5351,7,2,0
5352,1,0,0
5352,2,1,0
5352,3,0,0
5352,3,1,0
5352,4,2,0
5352,5,0,0
5352,5,2,0
5352,6,1,0
5352,6,2,0
5352,7,0,0
5352,7,1,0
5352,7,2,0
5353,1,0,0
5353,2,1,0
5353,3,0,0
5353,3,1,0
5353,4,2,0
5353,5,0,0
5353,5,2,0
5353,6,1,0
5353,6,2,0
5353,7,0,0
5353,7,1,0
5353,7,2,0
5354,1,0,0
5354,2,1,0
5354,3,0,0
5354,3,1,0
5354,4,2,0
5354,5,0,0
5354,5,2,0
5354,6,1,0
5354,6,2,0
5354,7,0,0
5354,7,1,0
5354,7,2,0
5355,1,0,0
5355,2,1,0
5355,3,0,0
5355,3,1,0
5355,4,2,0
5355,5,0,0
5355,5,2,0
5355,6,1,0
5355,6,2,0
5355,7,0,0
5355,7,1,0
5355,7,2,0
5356,1,0,0
5356,2,1,0
5356,3,0,0
5356,3,1,0
5356,4,2,0
5356,5,0,0
5356,5,2,0
5356,6,1,0
5356,6,2,0
5356,7,0,0
5356,7,1,0
5356,7,2,0
5357,1,0,0
5357,2,1,0
5357,3,0,0
5357,3,1,0
5357,4,2,0
5357,5,0,0
5357,5,2,0
5357,6,1,0
5357,6,2,0
5357,7,0,0
5357,7,1,0
5357,7,2,0
5358,1,0,0
5358,2,1,0
5358,3,0,0
5358,3,1,0
5358,4,2,0
5358,5,0,0
5358,5,2,0
5358,6,1,0
5358,6,2,0
5358,7,0,0
5358,7,1,0
5358,7,2,0
5359,1,0,0
5359,2,1,0
5359,3,0,0
5359,3,1,0
5359,4,2,0
5359,5,0,0
5359,5,2,0
5359,6,1,0
5359,6,2,0
5359,7,0,0
5359,7,1,0
5359,7,2,0
5360,1,0,0
5360,2,1,0
5360,3,0,0
5360,3,1,0
5360,4,2,0
5360,5,0,0
5360,5,2,0
5360,6,1,0
5360,6,2,0
5360,7,0,0
5360,7,1,0
5360,7,2,0
5361,1,0,0
5361,2,1,0
5361,3,0,0
5361,3,1,0
5361,4,2,0
5361,5,0,0
5361,5,2,0
5361,6,1,0
5361,6,2,0
5361,7,0,0
5361,7,1,0
5361,7,2,0
5362,1,0,0
5362,2,1,0
5362,3,0,0
5362,3,1,0
5362,4,2,0
5362,5,0,0
5362,5,2,0
5362,6,1,0
5362,6,2,0
5362,7,0,0
5362,7,1,0
5362,7,2,0
5363,1,0,0
5363,2,1,0
5363,3,0,0
5363,3,1,0
5363,4,2,0
5363,5,0,0
5363,5,2,0
5363,6,1,0
5363,6,2,0
5363,7,0,0
5363,7,1,0
5363,7,2,0
5364,1,0,0
5364,2,1,0
5364,3,0,0
5364,3,1,0
5364,4,2,0
5364,5,0,0
5364,5,2,0
5364,6,1,0
5364,6,2,0
5364,7,0,0
5364,7,1,0
5364,7,2,0
5365,1,0,0
5365,2,1,0
5365,3,0,0
5365,3,1,0
5365,4,2,0
5365,5,0,0
5365,5,2,0
5365,6,1,0
5365,6,2,0
5365,7,0,0
5365,7,1,0
5365,7,2,0
5366,1,0,0
5366,2,1,0
5366,3,0,0
5366,3,1,0
5366,4,2,0
5366,5,0,0
5366,5,2,0
5366,6,1,0
5366,6,2,0
5366,7,0,0
5366,7,1,0
5366,7,2,0
5367,1,0,0
5367,2,1,0
5367,3,0,0
5367,3,1,0
5367,4,2,0
5367,5,0,0
5367,5,2,0
5367,6,1,0
5367,6,2,0
5367,7,0,0
5367,7,1,0
5367,7,2,0
5368,1,0,0
5368,2,1,0
5368,3,0,0
5368,3,1,0
5368,4,2,0
5368,5,0,0
5368,5,2,0
5368,6,1,0
5368,6,2,0
5368,7,0,0
5368,7,1,0
5368,7,2,0
5369,1,0,0
5369,2,1,0
5369,3,0,0
5369,3,1,0
5369,4,2,0
5369,5,0,0
5369,5,2,0
5369,6,1,0
5369,6,2,0
5369,7,0,0
5369,7,1,0
5369,7,2,0
5370,1,0,0
5370,2,1,0
5370,3,0,0
5370,3,1,0
5370,4,2,0
5370,5,0,0
5370,5,2,0
5370,6,1,0
5370,6,2,0
5370,7,0,0
5370,7,1,0
5370,7,2,0
5371,1,0,0
5371,2,1,0
5371,3,0,0
5371,3,1,0
5371,4,2,0
5371,5,0,0
5371,5,2,0
5371,6,1,0
5371,6,2,0
5371,7,0,0
5371,7,1,0
5371,7,2,0
5372,1,0,0
5372,2,1,0
5372,3,0,0
5372,3,1,0
5372,4,2,0
5372,5,0,0
5372,5,2,0
5372,6,1,0
5372,6,2,0
5372,7,0,0
5372,7,1,0
5372,7,2,0
5373,1,0,1
5373,2,1,0
5373,3,0,1
5373,3,1,0
5373,4,2,0
5373,5,0,1
5373,5,2,0
5373,6,1,0
5373,6,2,0
5373,7,0,1
5373,7,1,0
5373,7,2,0
5374,1,0,1
5374,2,1,0
5374,3,0,1
5374,3,1,0
5374,4,2,0
5374,5,0,1
5374,5,2,0
5374,6,1,0
5374,6,2,0
5374,7,0,1
5374,7,1,0
5374,7,2,0
5375,1,0,0
5375,2,1,0
5375,3,0,0
5375,3,1,0
5375,4,2,0
5375,5,0,0
5375,5,2,0
5375,6,1,0
5375,6,2,0
5375,7,0,0
5375,7,1,0
5375,7,2,0
5376,1,0,0
5376,2,1,0
5376,3,0,0
5376,3,1,0
5376,4,2,0
5376,5,0,0
5376,5,2,0
5376,6,1,0
5376,6,2,0
5376,7,0,0
5376,7,1,0
5376,7,2,0
5377,1,0,0
5377,2,1,0
5377,3,0,0
5377,3,1,0
5377,4,2,0
5377,5,0,0
5377,5,2,0
5377,6,1,0
5377,6,2,0
5377,7,0,0
5377,7,1,0
5377,7,2,0
5378,1,0,0
5378,2,1,0
5378,3,0,0
5378,3,1,0
5378,4,2,0
5378,5,0,0
5378,5,2,0
5378,6,1,0
5378,6,2,0
5378,7,0,0
5378,7,1,0
5378,7,2,0
5379,1,0,0
5379,2,1,0
5379,3,0,0
5379,3,1,0
5379,4,2,0
5379,5,0,0
5379,5,2,0
5379,6,1,0
5379,6,2,0
5379,7,0,0
5379,7,1,0
5379,7,2,0
5380,1,0,0
5380,2,1,0
5380,3,0,0
5380,3,1,0
5380,4,2,0
5380,5,0,0
5380,5,2,0
5380,6,1,0
5380,6,2,0
5380,7,0,0
5380,7,1,0
5380,7,2,0
5381,1,0,0
5381,2,1,0
5381,3,0,0
5381,3,1,0
5381,4,2,0
5381,5,0,0
5381,5,2,0
5381,6,1,0
5381,6,2,0
5381,7,0,0
5381,7,1,0
5381,7,2,0
5382,1,0,0
5382,2,1,0
5382,3,0,0
5382,3,1,0
5382,4,2,0
5382,5,0,0
5382,5,2,0
5382,6,1,0
5382,6,2,0
5382,7,0,0
5382,7,1,0
5382,7,2,0
5383,1,0,0
5383,2,1,0
5383,3,0,0
5383,3,1,0
5383,4,2,0
5383,5,0,0
5383,5,2,0
5383,6,1,0
5383,6,2,0
5383,7,0,0
5383,7,1,0
5383,7,2,0
5384,1,0,0
5384,2,1,0
5384,3,0,0
5384,3,1,0
5384,4,2,0
5384,5,0,0
5384,5,2,0
5384,6,1,0
5384,6,2,0
5384,7,0,0
5384,7,1,0
5384,7,2,0
5385,1,0,0
5385,2,1,0
5385,3,0,0
5385,3,1,0
5385,4,2,0
5385,5,0,0
5385,5,2,0
5385,6,1,0
5385,6,2,0
5385,7,0,0
5385,7,1,0
5385,7,2,0
5386,1,0,0
5386,2,1,0
5386,3,0,0
5386,3,1,0
5386,4,2,0
5386,5,0,0
5386,5,2,0
5386,6,1,0
5386,6,2,0
5386,7,0,0
5386,7,1,0
5386,7,2,0
5387,1,0,0
5387,2,1,0
5387,3,0,0
5387,3,1,0
5387,4,2,0
5387,5,0,0
5387,5,2,0
5387,6,1,0
5387,6,2,0
5387,7,0,0
5387,7,1,0
5387,7,2,0
5388,1,0,0
5388,2,1,0
5388,3,0,0
5388,3,1,0
5388,4,2,0
5388,5,0,0
5388,5,2,0
5388,6,1,0
5388,6,2,0
5388,7,0,0
5388,7,1,0
5388,7,2,0
5389,1,0,0
5389,2,1,0
5389,3,0,0
5389,3,1,0
5389,4,2,0
5389,5,0,0
5389,5,2,0
5389,6,1,0
5389,6,2,0
5389,7,0,0
5389,7,1,0
5389,7,2,0
5390,1,0,0
5390,2,1,0
5390,3,0,0
5390,3,1,0
5390,4,2,0
5390,5,0,0
5390,5,2,0
5390,6,1,0
5390,6,2,0
5390,7,0,0
5390,7,1,0
5390,7,2,0
5391,1,0,0
5391,2,1,0
5391,3,0,0
5391,3,1,0
5391,4,2,0
5391,5,0,0
5391,5,2,0
5391,6,1,0
5391,6,2,0
5391,7,0,0
5391,7,1,0
5391,7,2,0
5392,1,0,0
5392,2,1,0
5392,3,0,0
5392,3,1,0
5392,4,2,0
5392,5,0,0
5392,5,2,0
5392,6,1,0
5392,6,2,0
5392,7,0,0
5392,7,1,0
5392,7,2,0
5393,1,0,0
5393,2,1,0
5393,3,0,0
5393,3,1,0
5393,4,2,0
5393,5,0,0
5393,5,2,0
5393,6,1,0
5393,6,2,0
5393,7,0,0
5393,7,1,0
5393,7,2,0
5394,1,0,0
5394,2,1,0
5394,3,0,0
5394,3,1,0
5394,4,2,0
5394,5,0,0
5394,5,2,0
5394,6,1,0
5394,6,2,0
5394,7,0,0
5394,7,1,0
5394,7,2,0
5395,1,0,0
5395,2,1,0
5395,3,0,0
5395,3,1,0
5395,4,2,0
5395,5,0,0
5395,5,2,0
5395,6,1,0
5395,6,2,0
5395,7,0,0
5395,7,1,0
5395,7,2,0
5396,1,0,0
5396,2,1,0
5396,3,0,0
5396,3,1,0
5396,4,2,0
5396,5,0,0
5396,5,2,0
5396,6,1,0
5396,6,2,0
5396,7,0,0
5396,7,1,0
5396,7,2,0
5397,1,0,0
5397,2,1,0
5397,3,0,0
5397,3,1,0
5397,4,2,0
5397,5,0,0
5397,5,2,0
5397,6,1,0
5397,6,2,0
5397,7,0,0
5397,7,1,0
5397,7,2,0
5398,1,0,0
5398,2,1,0
5398,3,0,0
5398,3,1,0
5398,4,2,0
5398,5,0,0
5398,5,2,0
5398,6,1,0
5398,6,2,0
5398,7,0,0
5398,7,1,0
5398,7,2,0
5399,1,0,0
5399,2,1,0
5399,3,0,0
5399,3,1,0
5399,4,2,0
5399,5,0,0
5399,5,2,0
5399,6,1,0
5399,6,2,0
5399,7,0,0
5399,7,1,0
5399,7,2,0
5400,1,0,1
5400,2,1,0
5400,3,0,1
5400,3,1,0
5400,4,2,0
5400,5,0,1
5400,5,2,0
5400,6,1,0
5400,6,2,0
5400,7,0,1
5400,7,1,0
5400,7,2,0
5401,1,0,1
5401,2,1,0
5401,3,0,1
5401,3,1,0
5401,4,2,0
5401,5,0,1
5401,5,2,0
5401,6,1,0
5401,6,2,0
5401,7,0,1
5401,7,1,0
5401,7,2,0
5402,1,0,0
5402,2,1,0
5402,3,0,0
5402,3,1,0
5402,4,2,0
5402,5,0,0
5402,5,2,0
5402,6,1,0
5402,6,2,0
5402,7,0,0
5402,7,1,0
5402,7,2,0
5403,1,0,0
5403,2,1,0
5403,3,0,0
5403,3,1,0
5403,4,2,0
5403,5,0,0
5403,5,2,0
5403,6,1,0
5403,6,2,0
5403,7,0,0
5403,7,1,0
5403,7,2,0
5404,1,0,0
5404,2,1,0
5404,3,0,0
5404,3,1,0
5404,4,2,0
5404,5,0,0
5404,5,2,0
5404,6,1,0
5404,6,2,0
5404,7,0,0
5404,7,1,0
5404,7,2,0
5405,1,0,0
5405,2,1,0
5405,3,0,0
5405,3,1,0
5405,4,2,0
5405,5,0,0
5405,5,2,0
5405,6,1,0
5405,6,2,0
5405,7,0,0
5405,7,1,0
5405,7,2,0
5406,1,0,0
5406,2,1,0
5406,3,0,0
5406,3,1,0
5406,4,2,0
5406,5,0,0
5406,5,2,0
5406,6,1,0
5406,6,2,0
5406,7,0,0
5406,7,1,0
5406,7,2,0
5407,1,0,0
5407,2,1,0
5407,3,0,0
5407,3,1,0
5407,4,2,0
5407,5,0,0
5407,5,2,0
5407,6,1,0
5407,6,2,0
5407,7,0,0
5407,7,1,0
5407,7,2,0
5408,1,0,0
5408,2,1,0
5408,3,0,0
5408,3,1,0
5408,4,2,0
5408,5,0,0
5408,5,2,0
5408,6,1,0
5408,6,2,0
5408,7,0,0
5408,7,1,0
5408,7,2,0
5409,1,0,0
5409,2,1,0
5409,3,0,0
5409,3,1,0
5409,4,2,0
5409,5,0,0
5409,5,2,0
5409,6,1,0
5409,6,2,0
5409,7,0,0
5409,7,1,0
5409,7,2,0
5410,1,0,0
5410,2,1,0
5410,3,0,0
5410,3,1,0
5410,4,2,0
5410,5,0,0
5410,5,2,0
5410,6,1,0
5410,6,2,0
5410,7,0,0
5410,7,1,0
5410,7,2,0
5411,1,0,0
5411,2,1,0
5411,3,0,0
5411,3,1,0
5411,4,2,0
5411,5,0,0
5411,5,2,0
5411,6,1,0
5411,6,2,0
5411,7,0,0
5411,7,1,0
5411,7,2,0
5412,1,0,0
5412,2,1,0
5412,3,0,0
5412,3,1,0
5412,4,2,0
5412,5,0,0
5412,5,2,0
5412,6,1,0
5412,6,2,0
5412,7,0,0
5412,7,1,0
5412,7,2,0
5413,1,0,0
5413,2,1,0
5413,3,0,0
5413,3,1,0
5413,4,2,0
5413,5,0,0
5413,5,2,0
5413,6,1,0
5413,6,2,0
5413,7,0,0
5413,7,1,0
5413,7,2,0
5414,1,0,0
5414,2,1,0
5414,3,0,0
5414,3,1,0
5414,4,2,0
5414,5,0,0
5414,5,2,0
5414,6,1,0
5414,6,2,0
5414,7,0,0
5414,7,1,0
5414,7,2,0
5415,1,0,0
5415,2,1,0
5415,3,0,0
5415,3,1,0
5415,4,2,0
5415,5,0,0
5415,5,2,0
5415,6,1,0
5415,6,2,0
5415,7,0,0
5415,7,1,0
5415,7,2,0
5416,1,0,0
5416,2,1,0
5416,3,0,0
5416,3,1,0
5416,4,2,0
5416,5,0,0
5416,5,2,0
5416,6,1,0
5416,6,2,0
5416,7,0,0
5416,7,1,0
5416,7,2,0
5417,1,0,0
5417,2,1,0
5417,3,0,0
5417,3,1,0
5417,4,2,0
5417,5,0,0
5417,5,2,0
5417,6,1,0
5417,6,2,0
5417,7,0,0
5417,7,1,0
5417,7,2,0
5418,1,0,0
5418,2,1,0
5418,3,0,0
5418,3,1,0
5418,4,2,0
5418,5,0,0
5418,5,2,0
5418,6,1,0
5418,6,2,0
5418,7,0,0
5418,7,1,0
5418,7,2,0
5419,1,0,0
5419,2,1,0
5419,3,0,0
5419,3,1,0
5419,4,2,0
5419,5,0,0
5419,5,2,0
5419,6,1,0
5419,6,2,0
5419,7,0,0
5419,7,1,0
5419,7,2,0
5420,1,0,0
5420,2,1,0
5420,3,0,0
5420,3,1,0
5420,4,2,0
5420,5,0,0
5420,5,2,0
5420,6,1,0
5420,6,2,0
5420,7,0,0
5420,7,1,0
5420,7,2,0
5421,1,0,0
5421,2,1,0
5421,3,0,0
5421,3,1,0
5421,4,2,0
5421,5,0,0
5421,5,2,0
5421,6,1,0
5421,6,2,0
5421,7,0,0
5421,7,1,0
5421,7,2,0
5422,1,0,0
5422,2,1,0
5422,3,0,0
5422,3,1,0
5422,4,2,0
5422,5,0,0
5422,5,2,0
5422,6,1,0
5422,6,2,0
5422,7,0,0
5422,7,1,0
5422,7,2,0
5423,1,0,0
5423,2,1,0
5423,3,0,0
5423,3,1,0
5423,4,2,0
5423,5,0,0
5423,5,2,0
5423,6,1,0
5423,6,2,0
5423,7,0,0
5423,7,1,0
5423,7,2,0
5424,1,0,0
5424,2,1,0
5424,3,0,0
5424,3,1,0
5424,4,2,0
5424,5,0,0
5424,5,2,0
5424,6,1,0
5424,6,2,0
5424,7,0,0
5424,7,1,0
5424,7,2,0
5425,1,0,0
5425,2,1,0
5425,3,0,0
5425,3,1,0
5425,4,2,0
5425,5,0,0
5425,5,2,0
5425,6,1,0
5425,6,2,0
5425,7,0,0
5425,7,1,0
5425,7,2,0
5426,1,0,0
5426,2,1,0
5426,3,0,0
5426,3,1,0
5426,4,2,0
5426,5,0,0
5426,5,2,0
5426,6,1,0
5426,6,2,0
5426,7,0,0
5426,7,1,0
5426,7,2,0
5427,1,0,1
5427,2,1,0
5427,3,0,1
5427,3,1,0
5427,4,2,0
5427,5,0,1
5427,5,2,0
5427,6,1,0
5427,6,2,0
5427,7,0,1
5427,7,1,0
5427,7,2,0
5428,1,0,1
5428,2,1,0
5428,3,0,1
5428,3,1,0
5428,4,2,0
5428,5,0,1
5428,5,2,0
5428,6,1,0
5428,6,2,0
5428,7,0,1
5428,7,1,0
5428,7,2,0
5429,1,0,0
5429,2,1,0
5429,3,0,0
5429,3,1,0
5429,4,2,0
5429,5,0,0
5429,5,2,0
5429,6,1,0
5429,6,2,0
5429,7,0,0
5429,7,1,0
5429,7,2,0
5430,1,0,0
5430,2,1,0
5430,3,0,0
5430,3,1,0
5430,4,2,0
5430,5,0,0
5430,5,2,0
5430,6,1,0
5430,6,2,0
5430,7,0,0
5430,7,1,0
5430,7,2,0
5431,1,0,0
5431,2,1,0
5431,3,0,0
5431,3,1,0
5431,4,2,0
5431,5,0,0
5431,5,2,0
5431,6,1,0
5431,6,2,0
5431,7,0,0
5431,7,1,0
5431,7,2,0
5432,1,0,0
5432,2,1,0
5432,3,0,0
5432,3,1,0
5432,4,2,0
5432,5,0,0
5432,5,2,0
5432,6,1,0
5432,6,2,0
5432,7,0,0
5432,7,1,0
5432,7,2,0
5433,1,0,0
5433,2,1,0
5433,3,0,0
5433,3,1,0
5433,4,2,0
5433,5,0,0
5433,5,2,0
5433,6,1,0
5433,6,2,0
5433,7,0,0
5433,7,1,0
5433,7,2,0
5434,1,0,0
5434,2,1,0
5434,3,0,0
5434,3,1,0
5434,4,2,0
5434,5,0,0
5434,5,2,0
5434,6,1,0
5434,6,2,0
5434,7,0,0
5434,7,1,0
5434,7,2,0
5435,1,0,0
5435,2,1,0
5435,3,0,0
5435,3,1,0
5435,4,2,0
5435,5,0,0
5435,5,2,0
5435,6,1,0
5435,6,2,0
5435,7,0,0
5435,7,1,0
5435,7,2,0
5436,1,0,0
5436,2,1,0
5436,3,0,0
5436,3,1,0
5436,4,2,0
5436,5,0,0
5436,5,2,0
5436,6,1,0
5436,6,2,0
5436,7,0,0
5436,7,1,0
5436,7,2,0
5437,1,0,0
5437,2,1,0
5437,3,0,0
5437,3,1,0
5437,4,2,0
5437,5,0,0
5437,5,2,0
5437,6,1,0
5437,6,2,0
5437,7,0,0
5437,7,1,0
5437,7,2,0
5438,1,0,0
5438,2,1,0
5438,3,0,0
5438,3,1,0
5438,4,2,0
5438,5,0,0
5438,5,2,0
5438,6,1,0
5438,6,2,0
5438,7,0,0
5438,7,1,0
5438,7,2,0
5439,1,0,0
5439,2,1,0
5439,3,0,0
5439,3,1,0
5439,4,2,0
5439,5,0,0
5439,5,2,0
5439,6,1,0
5439,6,2,0
5439,7,0,0
5439,7,1,0
5439,7,2,0
5440,1,0,0
5440,2,1,0
5440,3,0,0
5440,3,1,0
5440,4,2,0
5440,5,0,0
5440,5,2,0
5440,6,1,0
5440,6,2,0
5440,7,0,0
5440,7,1,0
5440,7,2,0
5441,1,0,0
5441,2,1,0
5441,3,0,0
5441,3,1,0
5441,4,2,0
5441,5,0,0
5441,5,2,0
5441,6,1,0
5441,6,2,0
5441,7,0,0
5441,7,1,0
5441,7,2,0
5442,1,0,0
5442,2,1,0
5442,3,0,0
5442,3,1,0
5442,4,2,0
5442,5,0,0
5442,5,2,0
5442,6,1,0
5442,6,2,0
5442,7,0,0
5442,7,1,0
5442,7,2,0
5443,1,0,0
5443,2,1,0
5443,3,0,0
5443,3,1,0
5443,4,2,0
5443,5,0,0
5443,5,2,0
5443,6,1,0
5443,6,2,0
5443,7,0,0
5443,7,1,0
5443,7,2,0
5444,1,0,0
5444,2,1,0
5444,3,0,0
5444,3,1,0
5444,4,2,0
5444,5,0,0
5444,5,2,0
5444,6,1,0
5444,6,2,0
5444,7,0,0
5444,7,1,0
5444,7,2,0
5445,1,0,0
5445,2,1,0
5445,3,0,0
5445,3,1,0
5445,4,2,0
5445,5,0,0
5445,5,2,0
5445,6,1,0
5445,6,2,0
5445,7,0,0
5445,7,1,0
5445,7,2,0
5446,1,0,0
5446,2,1,0
5446,3,0,0
5446,3,1,0
5446,4,2,0
5446,5,0,0
5446,5,2,0
5446,6,1,0
5446,6,2,0
5446,7,0,0
5446,7,1,0
5446,7,2,0
5447,1,0,0
5447,2,1,0
5447,3,0,0
5447,3,1,0
5447,4,2,0
5447,5,0,0
5447,5,2,0
5447,6,1,0
5447,6,2,0
5447,7,0,0
5447,7,1,0
5447,7,2,0
5448,1,0,0
5448,2,1,0
5448,3,0,0
5448,3,1,0
5448,4,2,0
5448,5,0,0
5448,5,2,0
5448,6,1,0
5448,6,2,0
5448,7,0,0
5448,7,1,0
5448,7,2,0
5449,1,0,0
5449,2,1,0
5449,3,0,0
5449,3,1,0
5449,4,2,0
5449,5,0,0
5449,5,2,0
5449,6,1,0
5449,6,2,0
5449,7,0,0
5449,7,1,0
5449,7,2,0
5450,1,0,0
5450,2,1,0
5450,3,0,0
5450,3,1,0
5450,4,2,0
5450,5,0,0
5450,5,2,0
5450,6,1,0
5450,6,2,0
5450,7,0,0
5450,7,1,0
5450,7,2,0
5451,1,0,0
5451,2,1,0
5451,3,0,0
5451,3,1,0
5451,4,2,0
5451,5,0,0
5451,5,2,0
5451,6,1,0
5451,6,2,0
5451,7,0,0
5451,7,1,0
5451,7,2,0
5452,1,0,0
5452,2,1,0
5452,3,0,0
5452,3,1,0
5452,4,2,0
5452,5,0,0
5452,5,2,0
5452,6,1,0
5452,6,2,0
5452,7,0,0
5452,7,1,0
5452,7,2,0
5453,1,0,0
5453,2,1,0
5453,3,0,0
5453,3,1,0
5453,4,2,0
5453,5,0,0
5453,5,2,0
5453,6,1,0
5453,6,2,0
5453,7,0,0
5453,7,1,0
5453,7,2,0
5454,1,0,1
5454,2,1,0
5454,3,0,1
5454,3,1,0
5454,4,2,0
5454,5,0,1
5454,5,2,0
5454,6,1,0
5454,6,2,0
5454,7,0,1
5454,7,1,0
5454,7,2,0
5455,1,0,1
5455,2,1,0
5455,3,0,1
5455,3,1,0
5455,4,2,0
5455,5,0,1
5455,5,2,0
5455,6,1,0
5455,6,2,0
5455,7,0,1
5455,7,1,0
5455,7,2,0
5456,1,0,0
5456,2,1,0
5456,3,0,0
5456,3,1,0
5456,4,2,0
5456,5,0,0
5456,5,2,0
5456,6,1,0
5456,6,2,0
5456,7,0,0
5456,7,1,0
5456,7,2,0
5457,1,0,0
5457,2,1,0
5457,3,0,0
5457,3,1,0
5457,4,2,0
5457,5,0,0
5457,5,2,0
5457,6,1,0
5457,6,2,0
5457,7,0,0
5457,7,1,0
5457,7,2,0
5458,1,0,0
5458,2,1,0
5458,3,0,0
5458,3,1,0
5458,4,2,0
5458,5,0,0
5458,5,2,0
5458,6,1,0
5458,6,2,0
5458,7,0,0
5458,7,1,0
5458,7,2,0
5459,1,0,0
5459,2,1,0
5459,3,0,0
5459,3,1,0
5459,4,2,0
5459,5,0,0
5459,5,2,0
5459,6,1,0
5459,6,2,0
5459,7,0,0
5459,7,1,0
5459,7,2,0
5460,1,0,0
5460,2,1,0
5460,3,0,0
5460,3,1,0
5460,4,2,0
5460,5,0,0
5460,5,2,0
5460,6,1,0
5460,6,2,0
5460,7,0,0
5460,7,1,0
5460,7,2,0
5461,1,0,0
5461,2,1,0
5461,3,0,0
5461,3,1,0
5461,4,2,0
5461,5,0,0
5461,5,2,0
5461,6,1,0
5461,6,2,0
5461,7,0,0
5461,7,1,0
5461,7,2,0
5462,1,0,0
5462,2,1,0
5462,3,0,0
5462,3,1,0
5462,4,2,0
5462,5,0,0
5462,5,2,0
5462,6,1,0
5462,6,2,0
5462,7,0,0
5462,7,1,0
5462,7,2,0
5463,1,0,0
5463,2,1,0
5463,3,0,0
5463,3,1,0
5463,4,2,0
5463,5,0,0
5463,5,2,0
5463,6,1,0
5463,6,2,0
5463,7,0,0
5463,7,1,0
5463,7,2,0
5464,1,0,0
5464,2,1,0
5464,3,0,0
5464,3,1,0
5464,4,2,0
5464,5,0,0
5464,5,2,0
5464,6,1,0
5464,6,2,0
5464,7,0,0
5464,7,1,0
5464,7,2,0
5465,1,0,0
5465,2,1,0
5465,3,0,0
5465,3,1,0
5465,4,2,0
5465,5,0,0
5465,5,2,0
5465,6,1,0
5465,6,2,0
5465,7,0,0
5465,7,1,0
5465,7,2,0
5466,1,0,0
5466,2,1,0
5466,3,0,0
5466,3,1,0
5466,4,2,0
5466,5,0,0
5466,5,2,0
5466,6,1,0
5466,6,2,0
5466,7,0,0
5466,7,1,0
5466,7,2,0
5467,1,0,0
5467,2,1,0
5467,3,0,0
5467,3,1,0
5467,4,2,0
5467,5,0,0
5467,5,2,0
5467,6,1,0
5467,6,2,0
5467,7,0,0
5467,7,1,0
5467,7,2,0
5468,1,0,0
5468,2,1,0
5468,3,0,0
5468,3,1,0
5468,4,2,0
5468,5,0,0
5468,5,2,0
5468,6,1,0
5468,6,2,0
5468,7,0,0
5468,7,1,0
5468,7,2,0
5469,1,0,0
5469,2,1,0
5469,3,0,0
5469,3,1,0
5469,4,2,0
5469,5,0,0
5469,5,2,0
5469,6,1,0
5469,6,2,0
5469,7,0,0
5469,7,1,0
5469,7,2,0
5470,1,0,0
5470,2,1,0
5470,3,0,0
5470,3,1,0
5470,4,2,0
5470,5,0,0
5470,5,2,0
5470,6,1,0
5470,6,2,0
5470,7,0,0
5470,7,1,0
5470,7,2,0
5471,1,0,0
5471,2,1,0
5471,3,0,0
5471,3,1,0
5471,4,2,0
5471,5,0,0
5471,5,2,0
5471,6,1,0
5471,6,2,0
5471,7,0,0
5471,7,1,0
5471,7,2,0
5472,1,0,0
5472,2,1,0
5472,3,0,0
5472,3,1,0
5472,4,2,0
5472,5,0,0
5472,5,2,0
5472,6,1,0
5472,6,2,0
5472,7,0,0
5472,7,1,0
5472,7,2,0
5473,1,0,0
5473,2,1,0
5473,3,0,0
5473,3,1,0
5473,4,2,0
5473,5,0,0
5473,5,2,0
5473,6,1,0
5473,6,2,0
5473,7,0,0
5473,7,1,0
5473,7,2,0
5474,1,0,0
5474,2,1,0
5474,3,0,0
5474,3,1,0
5474,4,2,0
5474,5,0,0
5474,5,2,0
5474,6,1,0
5474,6,2,0
5474,7,0,0
5474,7,1,0
5474,7,2,0
5475,1,0,0
5475,2,1,0
5475,3,0,0
5475,3,1,0
5475,4,2,0
5475,5,0,0
5475,5,2,0
5475,6,1,0
5475,6,2,0
5475,7,0,0
5475,7,1,0
5475,7,2,0
5476,1,0,0
5476,2,1,0
5476,3,0,0
5476,3,1,0
5476,4,2,0
5476,5,0,0
5476,5,2,0
5476,6,1,0
5476,6,2,0
5476,7,0,0
5476,7,1,0
5476,7,2,0
5477,1,0,0
5477,2,1,0
5477,3,0,0
5477,3,1,0
5477,4,2,0
5477,5,0,0
5477,5,2,0
5477,6,1,0
5477,6,2,0
5477,7,0,0
5477,7,1,0
5477,7,2,0
5478,1,0,0
5478,2,1,0
5478,3,0,0
5478,3,1,0
5478,4,2,0
5478,5,0,0
5478,5,2,0
5478,6,1,0
5478,6,2,0
5478,7,0,0
5478,7,1,0
5478,7,2,0
5479,1,0,0
5479,2,1,0
5479,3,0,0
5479,3,1,0
5479,4,2,0
5479,5,0,0
5479,5,2,0
5479,6,1,0
5479,6,2,0
5479,7,0,0
5479,7,1,0
5479,7,2,0
5480,1,0,0
5480,2,1,0
5480,3,0,0
5480,3,1,0
5480,4,2,0
5480,5,0,0
5480,5,2,0
5480,6,1,0
5480,6,2,0
5480,7,0,0
5480,7,1,0
5480,7,2,0
5481,1,0,1
5481,2,1,0
5481,3,0,1
5481,3,1,0
5481,4,2,0
5481,5,0,1
5481,5,2,0
5481,6,1,0
5481,6,2,0
5481,7,0,1
5481,7,1,0
5481,7,2,0
5482,1,0,1
5482,2,1,0
5482,3,0,1
5482,3,1,0
5482,4,2,0
5482,5,0,1
5482,5,2,0
5482,6,1,0
5482,6,2,0
5482,7,0,1
5482,7,1,0
5482,7,2,0
5483,1,0,0
5483,2,1,0
5483,3,0,0
5483,3,1,0
5483,4,2,0
5483,5,0,0
5483,5,2,0
5483,6,1,0
5483,6,2,0
5483,7,0,0
5483,7,1,0
5483,7,2,0
5484,1,0,0
5484,2,1,0
5484,3,0,0
5484,3,1,0
5484,4,2,0
5484,5,0,0
5484,5,2,0
5484,6,1,0
5484,6,2,0
5484,7,0,0
5484,7,1,0
5484,7,2,0
5485,1,0,0
5485,2,1,0
5485,3,0,0
5485,3,1,0
5485,4,2,0
5485,5,0,0
5485,5,2,0
5485,6,1,0
5485,6,2,0
5485,7,0,0
5485,7,1,0
5485,7,2,0
5486,1,0,0
5486,2,1,0
5486,3,0,0
5486,3,1,0
5486,4,2,0
5486,5,0,0
5486,5,2,0
5486,6,1,0
5486,6,2,0
5486,7,0,0
5486,7,1,0
5486,7,2,0
5487,1,0,0
5487,2,1,0
5487,3,0,0
5487,3,1,0
5487,4,2,0
5487,5,0,0
5487,5,2,0
5487,6,1,0
5487,6,2,0
5487,7,0,0
5487,7,1,0
5487,7,2,0
5488,1,0,0
5488,2,1,0
5488,3,0,0
5488,3,1,0
5488,4,2,0
5488,5,0,0
5488,5,2,0
5488,6,1,0
5488,6,2,0
5488,7,0,0
5488,7,1,0
5488,7,2,0
5489,1,0,0
5489,2,1,0
5489,3,0,0
5489,3,1,0
5489,4,2,0
5489,5,0,0
5489,5,2,0
5489,6,1,0
5489,6,2,0
5489,7,0,0
5489,7,1,0
5489,7,2,0
5490,1,0,0
5490,2,1,0
5490,3,0,0
5490,3,1,0
5490,4,2,0
5490,5,0,0
5490,5,2,0
5490,6,1,0
5490,6,2,0
5490,7,0,0
5490,7,1,0
5490,7,2,0
5491,1,0,0
5491,2,1,0
5491,3,0,0
5491,3,1,0
5491,4,2,0
5491,5,0,0
5491,5,2,0
5491,6,1,0
5491,6,2,0
5491,7,0,0
5491,7,1,0
5491,7,2,0
5492,1,0,0
5492,2,1,0
5492,3,0,0
5492,3,1,0
5492,4,2,0
5492,5,0,0
5492,5,2,0
5492,6,1,0
5492,6,2,0
5492,7,0,0
5492,7,1,0
5492,7,2,0
5493,1,0,0
5493,2,1,0
5493,3,0,0
5493,3,1,0
5493,4,2,0
5493,5,0,0
5493,5,2,0
5493,6,1,0
5493,6,2,0
5493,7,0,0
5493,7,1,0
5493,7,2,0
5494,1,0,0
5494,2,1,0
5494,3,0,0
5494,3,1,0
5494,4,2,0
5494,5,0,0
5494,5,2,0
5494,6,1,0
5494,6,2,0
5494,7,0,0
5494,7,1,0
5494,7,2,0
5495,1,0,0
5495,2,1,0
5495,3,0,0
5495,3,1,0
5495,4,2,0
5495,5,0,0
5495,5,2,0
5495,6,1,0
5495,6,2,0
5495,7,0,0
5495,7,1,0
5495,7,2,0
5496,1,0,0
5496,2,1,0
5496,3,0,0
5496,3,1,0
5496,4,2,0
5496,5,0,0
5496,5,2,0
5496,6,1,0
5496,6,2,0
5496,7,0,0
5496,7,1,0
5496,7,2,0
5497,1,0,0
5497,2,1,0
5497,3,0,0
5497,3,1,0
5497,4,2,0
5497,5,0,0
5497,5,2,0
5497,6,1,0
5497,6,2,0
5497,7,0,0
5497,7,1,0
5497,7,2,0
5498,1,0,0
5498,2,1,0
5498,3,0,0
5498,3,1,0
5498,4,2,0
5498,5,0,0
5498,5,2,0
5498,6,1,0
5498,6,2,0
5498,7,0,0
5498,7,1,0
5498,7,2,0
5499,1,0,0
5499,2,1,0
5499,3,0,0
5499,3,1,0
5499,4,2,0
5499,5,0,0
5499,5,2,0
5499,6,1,0
5499,6,2,0
5499,7,0,0
5499,7,1,0
5499,7,2,0
5500,1,0,0
5500,2,1,0
5500,3,0,0
5500,3,1,0
5500,4,2,0
5500,5,0,0
5500,5,2,0
5500,6,1,0
5500,6,2,0
5500,7,0,0
5500,7,1,0
5500,7,2,0
5501,1,0,0
5501,2,1,0
5501,3,0,0
5501,3,1,0
5501,4,2,0
5501,5,0,0
5501,5,2,0
5501,6,1,0
5501,6,2,0
5501,7,0,0
5501,7,1,0
5501,7,2,0
5502,1,0,0
5502,2,1,0
5502,3,0,0
5502,3,1,0
5502,4,2,0
5502,5,0,0
5502,5,2,0
5502,6,1,0
5502,6,2,0
5502,7,0,0
5502,7,1,0
5502,7,2,0
5503,1,0,0
5503,2,1,0
5503,3,0,0
5503,3,1,0
5503,4,2,0
5503,5,0,0
5503,5,2,0
5503,6,1,0
5503,6,2,0
5503,7,0,0
5503,7,1,0
5503,7,2,0
5504,1,0,0
5504,2,1,0
5504,3,0,0
5504,3,1,0
5504,4,2,0
5504,5,0,0
5504,5,2,0
5504,6,1,0
5504,6,2,0
5504,7,0,0
5504,7,1,0
5504,7,2,0
5505,1,0,0
5505,2,1,0
5505,3,0,0
5505,3,1,0
5505,4,2,0
5505,5,0,0
5505,5,2,0
5505,6,1,0
5505,6,2,0
5505,7,0,0
5505,7,1,0
5505,7,2,0
5506,1,0,0
5506,2,1,0
5506,3,0,0
5506,3,1,0
5506,4,2,0
5506,5,0,0
5506,5,2,0
5506,6,1,0
5506,6,2,0
5506,7,0,0
5506,7,1,0
5506,7,2,0
5507,1,0,0
5507,2,1,0
5507,3,0,0
5507,3,1,0
5507,4,2,0
5507,5,0,0
5507,5,2,0
5507,6,1,0
5507,6,2,0
5507,7,0,0
5507,7,1,0
5507,7,2,0
5508,1,0,1
5508,2,1,0
5508,3,0,1
5508,3,1,0
5508,4,2,0
5508,5,0,1
5508,5,2,0
5508,6,1,0
5508,6,2,0
5508,7,0,1
5508,7,1,0
5508,7,2,0
5509,1,0,1
5509,2,1,0
5509,3,0,1
5509,3,1,0
5509,4,2,0
5509,5,0,1
5509,5,2,0
5509,6,1,0
5509,6,2,0
5509,7,0,1
5509,7,1,0
5509,7,2,0
5510,1,0,0
5510,2,1,0
5510,3,0,0
5510,3,1,0
5510,4,2,0
5510,5,0,0
5510,5,2,0
5510,6,1,0
5510,6,2,0
5510,7,0,0
5510,7,1,0
5510,7,2,0
5511,1,0,0
5511,2,1,0
5511,3,0,0
5511,3,1,0
5511,4,2,0
5511,5,0,0
5511,5,2,0
5511,6,1,0
5511,6,2,0
5511,7,0,0
5511,7,1,0
5511,7,2,0
5512,1,0,0
5512,2,1,0
5512,3,0,0
5512,3,1,0
5512,4,2,0
5512,5,0,0
5512,5,2,0
5512,6,1,0
5512,6,2,0
5512,7,0,0
5512,7,1,0
5512,7,2,0
5513,1,0,0
5513,2,1,0
5513,3,0,0
5513,3,1,0
5513,4,2,0
5513,5,0,0
5513,5,2,0
5513,6,1,0
5513,6,2,0
5513,7,0,0
5513,7,1,0
5513,7,2,0
5514,1,0,0
5514,2,1,0
5514,3,0,0
5514,3,1,0
5514,4,2,0
5514,5,0,0
5514,5,2,0
5514,6,1,0
5514,6,2,0
5514,7,0,0
5514,7,1,0
5514,7,2,0
5515,1,0,0
5515,2,1,0
5515,3,0,0
5515,3,1,0
5515,4,2,0
5515,5,0,0
5515,5,2,0
5515,6,1,0
5515,6,2,0
5515,7,0,0
5515,7,1,0
5515,7,2,0
5516,1,0,0
5516,2,1,0
5516,3,0,0
5516,3,1,0
5516,4,2,0
5516,5,0,0
5516,5,2,0
5516,6,1,0
5516,6,2,0
5516,7,0,0
5516,7,1,0
5516,7,2,0
5517,1,0,0
5517,2,1,0
5517,3,0,0
5517,3,1,0
5517,4,2,0
5517,5,0,0
5517,5,2,0
5517,6,1,0
5517,6,2,0
5517,7,0,0
5517,7,1,0
5517,7,2,0
5518,1,0,0
5518,2,1,0
5518,3,0,0
5518,3,1,0
5518,4,2,0
5518,5,0,0
5518,5,2,0
5518,6,1,0
5518,6,2,0
5518,7,0,0
5518,7,1,0
5518,7,2,0
5519,1,0,0
5519,2,1,0
5519,3,0,0
5519,3,1,0
5519,4,2,0
5519,5,0,0
5519,5,2,0
5519,6,1,0
5519,6,2,0
5519,7,0,0
5519,7,1,0
5519,7,2,0
5520,1,0,0
5520,2,1,0
5520,3,0,0
5520,3,1,0
5520,4,2,0
5520,5,0,0
5520,5,2,0
5520,6,1,0
5520,6,2,0
5520,7,0,0
5520,7,1,0
5520,7,2,0
5521,1,0,0
5521,2,1,0
5521,3,0,0
5521,3,1,0
5521,4,2,0
5521,5,0,0
5521,5,2,0
5521,6,1,0
5521,6,2,0
5521,7,0,0
5521,7,1,0
5521,7,2,0
5522,1,0,0
5522,2,1,0
5522,3,0,0
5522,3,1,0
5522,4,2,0
5522,5,0,0
5522,5,2,0
5522,6,1,0
5522,6,2,0
5522,7,0,0
5522,7,1,0
5522,7,2,0
5523,1,0,0
5523,2,1,0
5523,3,0,0
5523,3,1,0
5523,4,2,0
5523,5,0,0
5523,5,2,0
5523,6,1,0
5523,6,2,0
5523,7,0,0
5523,7,1,0
5523,7,2,0
5524,1,0,0
5524,2,1,0
5524,3,0,0
5524,3,1,0
5524,4,2,0
5524,5,0,0
5524,5,2,0
5524,6,1,0
5524,6,2,0
5524,7,0,0
5524,7,1,0
5524,7,2,0
5525,1,0,0
5525,2,1,0
5525,3,0,0
5525,3,1,0
5525,4,2,0
5525,5,0,0
5525,5,2,0
5525,6,1,0
5525,6,2,0
5525,7,0,0
5525,7,1,0
5525,7,2,0
5526,1,0,0
5526,2,1,0
5526,3,0,0
5526,3,1,0
5526,4,2,0
5526,5,0,0
5526,5,2,0
5526,6,1,0
5526,6,2,0
5526,7,0,0
5526,7,1,0
5526,7,2,0
5527,1,0,0
5527,2,1,0
5527,3,0,0
5527,3,1,0
5527,4,2,0
5527,5,0,0
5527,5,2,0
5527,6,1,0
5527,6,2,0
5527,7,0,0
5527,7,1,0
5527,7,2,0
5528,1,0,0
5528,2,1,0
5528,3,0,0
5528,3,1,0
5528,4,2,0
5528,5,0,0
5528,5,2,0
5528,6,1,0
5528,6,2,0
5528,7,0,0
5528,7,1,0
5528,7,2,0
5529,1,0,0
5529,2,1,0
5529,3,0,0
5529,3,1,0
5529,4,2,0
5529,5,0,0
5529,5,2,0
5529,6,1,0
5529,6,2,0
5529,7,0,0
5529,7,1,0
5529,7,2,0
5530,1,0,0
5530,2,1,0
5530,3,0,0
5530,3,1,0
5530,4,2,0
5530,5,0,0
5530,5,2,0
5530,6,1,0
5530,6,2,0
5530,7,0,0
5530,7,1,0
5530,7,2,0
5531,1,0,0
5531,2,1,0
5531,3,0,0
5531,3,1,0
5531,4,2,0
5531,5,0,0
5531,5,2,0
5531,6,1,0
5531,6,2,0
5531,7,0,0
5531,7,1,0
5531,7,2,0
5532,1,0,0
5532,2,1,0
5532,3,0,0
5532,3,1,0
5532,4,2,0
5532,5,0,0
5532,5,2,0
5532,6,1,0
5532,6,2,0
5532,7,0,0
5532,7,1,0
5532,7,2,0
5533,1,0,0
5533,2,1,0
5533,3,0,0
5533,3,1,0
5533,4,2,0
5533,5,0,0
5533,5,2,0
5533,6,1,0
5533,6,2,0
5533,7,0,0
5533,7,1,0
5533,7,2,0
5534,1,0,0
5534,2,1,0
5534,3,0,0
5534,3,1,0
5534,4,2,0
5534,5,0,0
5534,5,2,0
5534,6,1,0
5534,6,2,0
5534,7,0,0
5534,7,1,0
5534,7,2,0
5535,1,0,1
5535,2,1,0
5535,3,0,1
5535,3,1,0
5535,4,2,0
5535,5,0,1
5535,5,2,0
5535,6,1,0
5535,6,2,0
5535,7,0,1
5535,7,1,0
5535,7,2,0
5536,1,0,1
5536,2,1,0
5536,3,0,1
5536,3,1,0
5536,4,2,0
5536,5,0,1
5536,5,2,0
5536,6,1,0
5536,6,2,0
5536,7,0,1
5536,7,1,0
5536,7,2,0
5537,1,0,0
5537,2,1,0
5537,3,0,0
5537,3,1,0
5537,4,2,0
5537,5,0,0
5537,5,2,0
5537,6,1,0
5537,6,2,0
5537,7,0,0
5537,7,1,0
5537,7,2,0
5538,1,0,0
5538,2,1,0
5538,3,0,0
5538,3,1,0
5538,4,2,0
5538,5,0,0
5538,5,2,0
5538,6,1,0
5538,6,2,0
5538,7,0,0
5538,7,1,0
5538,7,2,0
5539,1,0,0
5539,2,1,0
5539,3,0,0
5539,3,1,0
5539,4,2,0
5539,5,0,0
5539,5,2,0
5539,6,1,0
5539,6,2,0
5539,7,0,0
5539,7,1,0
5539,7,2,0
5540,1,0,0
5540,2,1,0
5540,3,0,0
5540,3,1,0
5540,4,2,0
5540,5,0,0
5540,5,2,0
5540,6,1,0
5540,6,2,0
5540,7,0,0
5540,7,1,0
5540,7,2,0
5541,1,0,0
5541,2,1,0
5541,3,0,0
5541,3,1,0
5541,4,2,0
5541,5,0,0
5541,5,2,0
5541,6,1,0
5541,6,2,0
5541,7,0,0
5541,7,1,0
5541,7,2,0
5542,1,0,0
5542,2,1,0
5542,3,0,0
5542,3,1,0
5542,4,2,0
5542,5,0,0
5542,5,2,0
5542,6,1,0
5542,6,2,0
5542,7,0,0
5542,7,1,0
5542,7,2,0
5543,1,0,0
5543,2,1,0
5543,3,0,0
5543,3,1,0
5543,4,2,0
5543,5,0,0
5543,5,2,0
5543,6,1,0
5543,6,2,0
5543,7,0,0
5543,7,1,0
5543,7,2,0
5544,1,0,0
5544,2,1,0
5544,3,0,0
5544,3,1,0
5544,4,2,0
5544,5,0,0
5544,5,2,0
5544,6,1,0
5544,6,2,0
5544,7,0,0
5544,7,1,0
5544,7,2,0
5545,1,0,0
5545,2,1,0
5545,3,0,0
5545,3,1,0
5545,4,2,0
5545,5,0,0
5545,5,2,0
5545,6,1,0
5545,6,2,0
5545,7,0,0
5545,7,1,0
5545,7,2,0
5546,1,0,0
5546,2,1,0
5546,3,0,0
5546,3,1,0
5546,4,2,0
5546,5,0,0
5546,5,2,0
5546,6,1,0
5546,6,2,0
5546,7,0,0
5546,7,1,0
5546,7,2,0
5547,1,0,0
5547,2,1,0
5547,3,0,0
5547,3,1,0
5547,4,2,0
5547,5,0,0
5547,5,2,0
5547,6,1,0
5547,6,2,0
5547,7,0,0
5547,7,1,0
5547,7,2,0
5548,1,0,0
5548,2,1,0
5548,3,0,0
5548,3,1,0
5548,4,2,0
5548,5,0,0
5548,5,2,0
5548,6,1,0
5548,6,2,0
5548,7,0,0
5548,7,1,0
5548,7,2,0
5549,1,0,0
5549,2,1,0
5549,3,0,0
5549,3,1,0
5549,4,2,0
5549,5,0,0
5549,5,2,0
5549,6,1,0
5549,6,2,0
5549,7,0,0
5549,7,1,0
5549,7,2,0
5550,1,0,0
5550,2,1,0
5550,3,0,0
5550,3,1,0
5550,4,2,0
5550,5,0,0
5550,5,2,0
5550,6,1,0
5550,6,2,0
5550,7,0,0
5550,7,1,0
5550,7,2,0
5551,1,0,0
5551,2,1,0
5551,3,0,0
5551,3,1,0
5551,4,2,0
5551,5,0,0
5551,5,2,0
5551,6,1,0
5551,6,2,0
5551,7,0,0
5551,7,1,0
5551,7,2,0
5552,1,0,0
5552,2,1,0
5552,3,0,0
5552,3,1,0
5552,4,2,0
5552,5,0,0
5552,5,2,0
5552,6,1,0
5552,6,2,0
5552,7,0,0
5552,7,1,0
5552,7,2,0
5553,1,0,0
5553,2,1,0
5553,3,0,0
5553,3,1,0
5553,4,2,0
5553,5,0,0
5553,5,2,0
5553,6,1,0
5553,6,2,0
5553,7,0,0
5553,7,1,0
5553,7,2,0
5554,1,0,0
5554,2,1,0
5554,3,0,0
5554,3,1,0
5554,4,2,0
5554,5,0,0
5554,5,2,0
5554,6,1,0
5554,6,2,0
5554,7,0,0
5554,7,1,0
5554,7,2,0
5555,1,0,0
5555,2,1,0
5555,3,0,0
5555,3,1,0
5555,4,2,0
5555,5,0,0
5555,5,2,0
5555,6,1,0
5555,6,2,0
5555,7,0,0
5555,7,1,0
5555,7,2,0
5556,1,0,0
5556,2,1,0
5556,3,0,0
5556,3,1,0
5556,4,2,0
5556,5,0,0
5556,5,2,0
5556,6,1,0
5556,6,2,0
5556,7,0,0
5556,7,1,0
5556,7,2,0
5557,1,0,0
5557,2,1,0
5557,3,0,0
5557,3,1,0
5557,4,2,0
5557,5,0,0
5557,5,2,0
5557,6,1,0
5557,6,2,0
5557,7,0,0
5557,7,1,0
5557,7,2,0
5558,1,0,0
5558,2,1,0
5558,3,0,0
5558,3,1,0
5558,4,2,0
5558,5,0,0
5558,5,2,0
5558,6,1,0
5558,6,2,0
5558,7,0,0
5558,7,1,0
5558,7,2,0
5559,1,0,0
5559,2,1,0
5559,3,0,0
5559,3,1,0
5559,4,2,0
5559,5,0,0
5559,5,2,0
5559,6,1,0
5559,6,2,0
5559,7,0,0
5559,7,1,0
5559,7,2,0
5560,1,0,0
5560,2,1,0
5560,3,0,0
5560,3,1,0
5560,4,2,0
5560,5,0,0
5560,5,2,0
5560,6,1,0
5560,6,2,0
5560,7,0,0
5560,7,1,0
5560,7,2,0
5561,1,0,0
5561,2,1,0
5561,3,0,0
5561,3,1,0
5561,4,2,0
5561,5,0,0
5561,5,2,0
5561,6,1,0
5561,6,2,0
5561,7,0,0
5561,7,1,0
5561,7,2,0
5562,1,0,1
5562,2,1,0
5562,3,0,1
5562,3,1,0
5562,4,2,0
5562,5,0,1
5562,5,2,0
5562,6,1,0
5562,6,2,0
5562,7,0,1
5562,7,1,0
5562,7,2,0
5563,1,0,1
5563,2,1,0
5563,3,0,1
5563,3,1,0
5563,4,2,0
5563,5,0,1
5563,5,2,0
5563,6,1,0
5563,6,2,0
5563,7,0,1
5563,7,1,0
5563,7,2,0
5564,1,0,0
5564,2,1,0
5564,3,0,0
5564,3,1,0
5564,4,2,0
5564,5,0,0
5564,5,2,0
5564,6,1,0
5564,6,2,0
5564,7,0,0
5564,7,1,0
5564,7,2,0
5565,1,0,0
5565,2,1,0
5565,3,0,0
5565,3,1,0
5565,4,2,0
5565,5,0,0
5565,5,2,0
5565,6,1,0
5565,6,2,0
5565,7,0,0
5565,7,1,0
5565,7,2,0
5566,1,0,0
5566,2,1,0
5566,3,0,0
5566,3,1,0
5566,4,2,0
5566,5,0,0
5566,5,2,0
5566,6,1,0
5566,6,2,0
5566,7,0,0
5566,7,1,0
5566,7,2,0
5567,1,0,0
5567,2,1,0
5567,3,0,0
5567,3,1,0
5567,4,2,0
5567,5,0,0
5567,5,2,0
5567,6,1,0
5567,6,2,0
5567,7,0,0
5567,7,1,0
5567,7,2,0
5568,1,0,0
5568,2,1,0
5568,3,0,0
5568,3,1,0
5568,4,2,0
5568,5,0,0
5568,5,2,0
5568,6,1,0
5568,6,2,0
5568,7,0,0
5568,7,1,0
5568,7,2,0
5569,1,0,0
5569,2,1,0
5569,3,0,0
5569,3,1,0
5569,4,2,0
5569,5,0,0
5569,5,2,0
5569,6,1,0
5569,6,2,0
5569,7,0,0
5569,7,1,0
5569,7,2,0
5570,1,0,0
5570,2,1,0
5570,3,0,0
5570,3,1,0
5570,4,2,0
5570,5,0,0
5570,5,2,0
5570,6,1,0
5570,6,2,0
5570,7,0,0
5570,7,1,0
5570,7,2,0
5571,1,0,0
5571,2,1,0
5571,3,0,0
5571,3,1,0
5571,4,2,0
5571,5,0,0
5571,5,2,0
5571,6,1,0
5571,6,2,0
5571,7,0,0
5571,7,1,0
5571,7,2,0
5572,1,0,0
5572,2,1,0
5572,3,0,0
5572,3,1,0
5572,4,2,0
5572,5,0,0
5572,5,2,0
5572,6,1,0
5572,6,2,0
5572,7,0,0
5572,7,1,0
5572,7,2,0
5573,1,0,0
5573,2,1,0
5573,3,0,0
5573,3,1,0
5573,4,2,0
5573,5,0,0
5573,5,2,0
5573,6,1,0
5573,6,2,0
5573,7,0,0
5573,7,1,0
5573,7,2,0
5574,1,0,0
5574,2,1,0
5574,3,0,0
5574,3,1,0
5574,4,2,0
5574,5,0,0
5574,5,2,0
5574,6,1,0
5574,6,2,0
5574,7,0,0
5574,7,1,0
5574,7,2,0
5575,1,0,0
5575,2,1,0
5575,3,0,0
5575,3,1,0
5575,4,2,0
5575,5,0,0
5575,5,2,0
5575,6,1,0
5575,6,2,0
5575,7,0,0
5575,7,1,0
5575,7,2,0
5576,1,0,0
5576,2,1,0
5576,3,0,0
5576,3,1,0
5576,4,2,0
5576,5,0,0
5576,5,2,0
5576,6,1,0
5576,6,2,0
5576,7,0,0
5576,7,1,0
5576,7,2,0
5577,1,0,0
5577,2,1,0
5577,3,0,0
5577,3,1,0
5577,4,2,0
5577,5,0,0
5577,5,2,0
5577,6,1,0
5577,6,2,0
5577,7,0,0
5577,7,1,0
5577,7,2,0
5578,1,0,0
5578,2,1,0
5578,3,0,0
5578,3,1,0
5578,4,2,0
5578,5,0,0
5578,5,2,0
5578,6,1,0
5578,6,2,0
5578,7,0,0
5578,7,1,0
5578,7,2,0
5579,1,0,0
5579,2,1,0
5579,3,0,0
5579,3,1,0
5579,4,2,0
5579,5,0,0
5579,5,2,0
5579,6,1,0
5579,6,2,0
5579,7,0,0
5579,7,1,0
5579,7,2,0
5580,1,0,0
5580,2,1,0
5580,3,0,0
5580,3,1,0
5580,4,2,0
5580,5,0,0
5580,5,2,0
5580,6,1,0
5580,6,2,0
5580,7,0,0
5580,7,1,0
5580,7,2,0
5581,1,0,0
5581,2,1,0
5581,3,0,0
5581,3,1,0
5581,4,2,0
5581,5,0,0
5581,5,2,0
5581,6,1,0
5581,6,2,0
5581,7,0,0
5581,7,1,0
5581,7,2,0
5582,1,0,0
5582,2,1,0
5582,3,0,0
5582,3,1,0
5582,4,2,0
5582,5,0,0
5582,5,2,0
5582,6,1,0
5582,6,2,0
5582,7,0,0
5582,7,1,0
5582,7,2,0
5583,1,0,0
5583,2,1,0
5583,3,0,0
5583,3,1,0
5583,4,2,0
5583,5,0,0
5583,5,2,0
5583,6,1,0
5583,6,2,0
5583,7,0,0
5583,7,1,0
5583,7,2,0
5584,1,0,0
5584,2,1,0
5584,3,0,0
5584,3,1,0
5584,4,2,0
5584,5,0,0
5584,5,2,0
5584,6,1,0
5584,6,2,0
5584,7,0,0
5584,7,1,0
5584,7,2,0
5585,1,0,0
5585,2,1,0
5585,3,0,0
5585,3,1,0
5585,4,2,0
5585,5,0,0
5585,5,2,0
5585,6,1,0
5585,6,2,0
5585,7,0,0
5585,7,1,0
5585,7,2,0
5586,1,0,0
5586,2,1,0
5586,3,0,0
5586,3,1,0
5586,4,2,0
5586,5,0,0
5586,5,2,0
5586,6,1,0
5586,6,2,0
5586,7,0,0
5586,7,1,0
5586,7,2,0
5587,1,0,0
5587,2,1,0
5587,3,0,0
5587,3,1,0
5587,4,2,0
5587,5,0,0
5587,5,2,0
5587,6,1,0
5587,6,2,0
5587,7,0,0
5587,7,1,0
5587,7,2,0
5588,1,0,0
5588,2,1,0
5588,3,0,0
5588,3,1,0
5588,4,2,0
5588,5,0,0
5588,5,2,0
5588,6,1,0
5588,6,2,0
5588,7,0,0
5588,7,1,0
5588,7,2,0
5589,1,0,1
5589,2,1,0
5589,3,0,1
5589,3,1,0
5589,4,2,0
5589,5,0,1
5589,5,2,0
5589,6,1,0
5589,6,2,0
5589,7,0,1
5589,7,1,0
5589,7,2,0
5590,1,0,1
5590,2,1,0
5590,3,0,1
5590,3,1,0
5590,4,2,0
5590,5,0,1
5590,5,2,0
5590,6,1,0
5590,6,2,0
5590,7,0,1
5590,7,1,0
5590,7,2,0
5591,1,0,0
5591,2,1,0
5591,3,0,0
5591,3,1,0
5591,4,2,0
5591,5,0,0
5591,5,2,0
5591,6,1,0
5591,6,2,0
5591,7,0,0
5591,7,1,0
5591,7,2,0
5592,1,0,0
5592,2,1,0
5592,3,0,0
5592,3,1,0
5592,4,2,0
5592,5,0,0
5592,5,2,0
5592,6,1,0
5592,6,2,0
5592,7,0,0
5592,7,1,0
5592,7,2,0
5593,1,0,0
5593,2,1,0
5593,3,0,0
5593,3,1,0
5593,4,2,0
5593,5,0,0
5593,5,2,0
5593,6,1,0
5593,6,2,0
5593,7,0,0
5593,7,1,0
5593,7,2,0
5594,1,0,0
5594,2,1,0
5594,3,0,0
5594,3,1,0
5594,4,2,0
5594,5,0,0
5594,5,2,0
5594,6,1,0
5594,6,2,0
5594,7,0,0
5594,7,1,0
5594,7,2,0
5595,1,0,0
5595,2,1,0
5595,3,0,0
5595,3,1,0
5595,4,2,0
5595,5,0,0
5595,5,2,0
5595,6,1,0
5595,6,2,0
5595,7,0,0
5595,7,1,0
5595,7,2,0
5596,1,0,0
5596,2,1,0
5596,3,0,0
5596,3,1,0
5596,4,2,0
5596,5,0,0
5596,5,2,0
5596,6,1,0
5596,6,2,0
5596,7,0,0
5596,7,1,0
5596,7,2,0
5597,1,0,0
5597,2,1,0
5597,3,0,0
5597,3,1,0
5597,4,2,0
5597,5,0,0
5597,5,2,0
5597,6,1,0
5597,6,2,0
5597,7,0,0
5597,7,1,0
5597,7,2,0
5598,1,0,0
5598,2,1,0
5598,3,0,0
5598,3,1,0
5598,4,2,0
5598,5,0,0
5598,5,2,0
5598,6,1,0
5598,6,2,0
5598,7,0,0
5598,7,1,0
5598,7,2,0
5599,1,0,0
5599,2,1,0
5599,3,0,0
5599,3,1,0
5599,4,2,0
5599,5,0,0
5599,5,2,0
5599,6,1,0
5599,6,2,0
5599,7,0,0
5599,7,1,0
5599,7,2,0
5600,1,0,0
5600,2,1,0
5600,3,0,0
5600,3,1,0
5600,4,2,0
5600,5,0,0
5600,5,2,0
5600,6,1,0
5600,6,2,0
5600,7,0,0
5600,7,1,0
5600,7,2,0
5601,1,0,0
5601,2,1,0
5601,3,0,0
5601,3,1,0
5601,4,2,0
5601,5,0,0
5601,5,2,0
5601,6,1,0
5601,6,2,0
5601,7,0,0
5601,7,1,0
5601,7,2,0
5602,1,0,0
5602,2,1,0
5602,3,0,0
5602,3,1,0
5602,4,2,0
5602,5,0,0
5602,5,2,0
5602,6,1,0
5602,6,2,0
5602,7,0,0
5602,7,1,0
5602,7,2,0
5603,1,0,0
5603,2,1,0
5603,3,0,0
5603,3,1,0
5603,4,2,0
5603,5,0,0
5603,5,2,0
5603,6,1,0
5603,6,2,0
5603,7,0,0
5603,7,1,0
5603,7,2,0
5604,1,0,0
5604,2,1,0
5604,3,0,0
5604,3,1,0
5604,4,2,0
5604,5,0,0
5604,5,2,0
5604,6,1,0
5604,6,2,0
5604,7,0,0
5604,7,1,0
5604,7,2,0
5605,1,0,0
5605,2,1,0
5605,3,0,0
5605,3,1,0
5605,4,2,0
5605,5,0,0
5605,5,2,0
5605,6,1,0
5605,6,2,0
5605,7,0,0
5605,7,1,0
5605,7,2,0
5606,1,0,0
5606,2,1,0
5606,3,0,0
5606,3,1,0
5606,4,2,0
5606,5,0,0
5606,5,2,0
5606,6,1,0
5606,6,2,0
5606,7,0,0
5606,7,1,0
5606,7,2,0
5607,1,0,0
5607,2,1,0
5607,3,0,0
5607,3,1,0
5607,4,2,0
5607,5,0,0
5607,5,2,0
5607,6,1,0
5607,6,2,0
5607,7,0,0
5607,7,1,0
5607,7,2,0
5608,1,0,0
5608,2,1,0
5608,3,0,0
5608,3,1,0
5608,4,2,0
5608,5,0,0
5608,5,2,0
5608,6,1,0
5608,6,2,0
5608,7,0,0
5608,7,1,0
5608,7,2,0
5609,1,0,0
5609,2,1,0
5609,3,0,0
5609,3,1,0
5609,4,2,0
5609,5,0,0
5609,5,2,0
5609,6,1,0
5609,6,2,0
5609,7,0,0
5609,7,1,0
5609,7,2,0
5610,1,0,0
5610,2,1,0
5610,3,0,0
5610,3,1,0
5610,4,2,0
5610,5,0,0
5610,5,2,0
5610,6,1,0
5610,6,2,0
5610,7,0,0
5610,7,1,0
5610,7,2,0
5611,1,0,0
5611,2,1,0
5611,3,0,0
5611,3,1,0
5611,4,2,0
5611,5,0,0
5611,5,2,0
5611,6,1,0
5611,6,2,0
5611,7,0,0
5611,7,1,0
5611,7,2,0
5612,1,0,0
5612,2,1,0
5612,3,0,0
5612,3,1,0
5612,4,2,0
5612,5,0,0
5612,5,2,0
5612,6,1,0
5612,6,2,0
5612,7,0,0
5612,7,1,0
5612,7,2,0
5613,1,0,0
5613,2,1,0
5613,3,0,0
5613,3,1,0
5613,4,2,0
5613,5,0,0
5613,5,2,0
5613,6,1,0
5613,6,2,0
5613,7,0,0
5613,7,1,0
5613,7,2,0
5614,1,0,0
5614,2,1,0
5614,3,0,0
5614,3,1,0
5614,4,2,0
5614,5,0,0
5614,5,2,0
5614,6,1,0
5614,6,2,0
5614,7,0,0
5614,7,1,0
5614,7,2,0
5615,1,0,0
5615,2,1,0
5615,3,0,0
5615,3,1,0
5615,4,2,0
5615,5,0,0
5615,5,2,0
5615,6,1,0
5615,6,2,0
5615,7,0,0
5615,7,1,0
5615,7,2,0
5616,1,0,1
5616,2,1,0
5616,3,0,1
5616,3,1,0
5616,4,2,0
5616,5,0,1
5616,5,2,0
5616,6,1,0
5616,6,2,0
5616,7,0,1
5616,7,1,0
5616,7,2,0
5617,1,0,1
5617,2,1,0
5617,3,0,1
5617,3,1,0
5617,4,2,0
5617,5,0,1
5617,5,2,0
5617,6,1,0
5617,6,2,0
5617,7,0,1
5617,7,1,0
5617,7,2,0
5618,1,0,0
5618,2,1,0
5618,3,0,0
5618,3,1,0
5618,4,2,0
5618,5,0,0
5618,5,2,0
5618,6,1,0
5618,6,2,0
5618,7,0,0
5618,7,1,0
5618,7,2,0
5619,1,0,0
5619,2,1,0
5619,3,0,0
5619,3,1,0
5619,4,2,0
5619,5,0,0
5619,5,2,0
5619,6,1,0
5619,6,2,0
5619,7,0,0
5619,7,1,0
5619,7,2,0
5620,1,0,0
5620,2,1,0
5620,3,0,0
5620,3,1,0
5620,4,2,0
5620,5,0,0
5620,5,2,0
5620,6,1,0
5620,6,2,0
5620,7,0,0
5620,7,1,0
5620,7,2,0
5621,1,0,0
5621,2,1,0
5621,3,0,0
5621,3,1,0
5621,4,2,0
5621,5,0,0
5621,5,2,0
5621,6,1,0
5621,6,2,0
5621,7,0,0
5621,7,1,0
5621,7,2,0
5622,1,0,0
5622,2,1,0
5622,3,0,0
5622,3,1,0
5622,4,2,0
5622,5,0,0
5622,5,2,0
5622,6,1,0
5622,6,2,0
5622,7,0,0
5622,7,1,0
5622,7,2,0
5623,1,0,0
5623,2,1,0
5623,3,0,0
5623,3,1,0
5623,4,2,0
5623,5,0,0
5623,5,2,0
5623,6,1,0
5623,6,2,0
5623,7,0,0
5623,7,1,0
5623,7,2,0
5624,1,0,0
5624,2,1,0
5624,3,0,0
5624,3,1,0
5624,4,2,0
5624,5,0,0
5624,5,2,0
5624,6,1,0
5624,6,2,0
5624,7,0,0
5624,7,1,0
5624,7,2,0
5625,1,0,0
5625,2,1,0
5625,3,0,0
5625,3,1,0
5625,4,2,0
5625,5,0,0
5625,5,2,0
5625,6,1,0
5625,6,2,0
5625,7,0,0
5625,7,1,0
5625,7,2,0
5626,1,0,0
5626,2,1,0
5626,3,0,0
5626,3,1,0
5626,4,2,0
5626,5,0,0
5626,5,2,0
5626,6,1,0
5626,6,2,0
5626,7,0,0
5626,7,1,0
5626,7,2,0
5627,1,0,0
5627,2,1,0
5627,3,0,0
5627,3,1,0
5627,4,2,0
5627,5,0,0
5627,5,2,0
5627,6,1,0
5627,6,2,0
5627,7,0,0
5627,7,1,0
5627,7,2,0
5628,1,0,0
5628,2,1,0
5628,3,0,0
5628,3,1,0
5628,4,2,0
5628,5,0,0
5628,5,2,0
5628,6,1,0
5628,6,2,0
5628,7,0,0
5628,7,1,0
5628,7,2,0
5629,1,0,0
5629,2,1,0
5629,3,0,0
5629,3,1,0
5629,4,2,0
5629,5,0,0
5629,5,2,0
5629,6,1,0
5629,6,2,0
5629,7,0,0
5629,7,1,0
5629,7,2,0
5630,1,0,0
5630,2,1,0
5630,3,0,0
5630,3,1,0
5630,4,2,0
5630,5,0,0
5630,5,2,0
5630,6,1,0
5630,6,2,0
5630,7,0,0
5630,7,1,0
5630,7,2,0
5631,1,0,0
5631,2,1,0
5631,3,0,0
5631,3,1,0
5631,4,2,0
5631,5,0,0
5631,5,2,0
5631,6,1,0
5631,6,2,0
5631,7,0,0
5631,7,1,0
5631,7,2,0
5632,1,0,0
5632,2,1,0
5632,3,0,0
5632,3,1,0
5632,4,2,0
5632,5,0,0
5632,5,2,0
5632,6,1,0
5632,6,2,0
5632,7,0,0
5632,7,1,0
5632,7,2,0
5633,1,0,0
5633,2,1,0
5633,3,0,0
5633,3,1,0
5633,4,2,0
5633,5,0,0
5633,5,2,0
5633,6,1,0
5633,6,2,0
5633,7,0,0
5633,7,1,0
5633,7,2,0
5634,1,0,0
5634,2,1,0
5634,3,0,0
5634,3,1,0
5634,4,2,0
5634,5,0,0
5634,5,2,0
5634,6,1,0
5634,6,2,0
5634,7,0,0
5634,7,1,0
5634,7,2,0
5635,1,0,0
5635,2,1,0
5635,3,0,0
5635,3,1,0
5635,4,2,0
5635,5,0,0
5635,5,2,0
5635,6,1,0
5635,6,2,0
5635,7,0,0
5635,7,1,0
5635,7,2,0
5636,1,0,0
5636,2,1,0
5636,3,0,0
5636,3,1,0
5636,4,2,0
5636,5,0,0
5636,5,2,0
5636,6,1,0
5636,6,2,0
5636,7,0,0
5636,7,1,0
5636,7,2,0
5637,1,0,0
5637,2,1,0
5637,3,0,0
5637,3,1,0
5637,4,2,0
5637,5,0,0
5637,5,2,0
5637,6,1,0
5637,6,2,0
5637,7,0,0
5637,7,1,0
5637,7,2,0
5638,1,0,0
5638,2,1,0
5638,3,0,0
5638,3,1,0
5638,4,2,0
5638,5,0,0
5638,5,2,0
5638,6,1,0
5638,6,2,0
5638,7,0,0
5638,7,1,0
5638,7,2,0
5639,1,0,0
5639,2,1,0
5639,3,0,0
5639,3,1,0
5639,4,2,0
5639,5,0,0
5639,5,2,0
5639,6,1,0
5639,6,2,0
5639,7,0,0
5639,7,1,0
5639,7,2,0
5640,1,0,0
5640,2,1,0
5640,3,0,0
5640,3,1,0
5640,4,2,0
5640,5,0,0
5640,5,2,0
5640,6,1,0
5640,6,2,0
5640,7,0,0
5640,7,1,0
5640,7,2,0
5641,1,0,0
5641,2,1,0
5641,3,0,0
5641,3,1,0
5641,4,2,0
5641,5,0,0
5641,5,2,0
5641,6,1,0
5641,6,2,0
5641,7,0,0
5641,7,1,0
5641,7,2,0
5642,1,0,0
5642,2,1,0
5642,3,0,0
5642,3,1,0
5642,4,2,0
5642,5,0,0
5642,5,2,0
5642,6,1,0
5642,6,2,0
5642,7,0,0
5642,7,1,0
5642,7,2,0
5643,1,0,1
5643,2,1,0
5643,3,0,1
5643,3,1,0
5643,4,2,0
5643,5,0,1
5643,5,2,0
5643,6,1,0
5643,6,2,0
5643,7,0,1
5643,7,1,0
5643,7,2,0
5644,1,0,1
5644,2,1,0
5644,3,0,1
5644,3,1,0
5644,4,2,0
5644,5,0,1
5644,5,2,0
5644,6,1,0
5644,6,2,0
5644,7,0,1
5644,7,1,0
5644,7,2,0
5645,1,0,0
5645,2,1,0
5645,3,0,0
5645,3,1,0
5645,4,2,0
5645,5,0,0
5645,5,2,0
5645,6,1,0
5645,6,2,0
5645,7,0,0
5645,7,1,0
5645,7,2,0
5646,1,0,0
5646,2,1,0
5646,3,0,0
5646,3,1,0
5646,4,2,0
5646,5,0,0
5646,5,2,0
5646,6,1,0
5646,6,2,0
5646,7,0,0
5646,7,1,0
5646,7,2,0
5647,1,0,0
5647,2,1,0
5647,3,0,0
5647,3,1,0
5647,4,2,0
5647,5,0,0
5647,5,2,0
5647,6,1,0
5647,6,2,0
5647,7,0,0
5647,7,1,0
5647,7,2,0
5648,1,0,0
5648,2,1,0
5648,3,0,0
5648,3,1,0
5648,4,2,0
5648,5,0,0
5648,5,2,0
5648,6,1,0
5648,6,2,0
5648,7,0,0
5648,7,1,0
5648,7,2,0
5649,1,0,0
5649,2,1,0
5649,3,0,0
5649,3,1,0
5649,4,2,0
5649,5,0,0
5649,5,2,0
5649,6,1,0
5649,6,2,0
5649,7,0,0
5649,7,1,0
5649,7,2,0
5650,1,0,0
5650,2,1,0
5650,3,0,0
5650,3,1,0
5650,4,2,0
5650,5,0,0
5650,5,2,0
5650,6,1,0
5650,6,2,0
5650,7,0,0
5650,7,1,0
5650,7,2,0
5651,1,0,0
5651,2,1,0
5651,3,0,0
5651,3,1,0
5651,4,2,0
5651,5,0,0
5651,5,2,0
5651,6,1,0
5651,6,2,0
5651,7,0,0
5651,7,1,0
5651,7,2,0
5652,1,0,0
5652,2,1,0
5652,3,0,0
5652,3,1,0
5652,4,2,0
5652,5,0,0
5652,5,2,0
5652,6,1,0
5652,6,2,0
5652,7,0,0
5652,7,1,0
5652,7,2,0
5653,1,0,0
5653,2,1,0
5653,3,0,0
5653,3,1,0
5653,4,2,0
5653,5,0,0
5653,5,2,0
5653,6,1,0
5653,6,2,0
5653,7,0,0
5653,7,1,0
5653,7,2,0
5654,1,0,0
5654,2,1,0
5654,3,0,0
5654,3,1,0
5654,4,2,0
5654,5,0,0
5654,5,2,0
5654,6,1,0
5654,6,2,0
5654,7,0,0
5654,7,1,0
5654,7,2,0
5655,1,0,0
5655,2,1,0
5655,3,0,0
5655,3,1,0
5655,4,2,0
5655,5,0,0
5655,5,2,0
5655,6,1,0
5655,6,2,0
5655,7,0,0
5655,7,1,0
5655,7,2,0
5656,1,0,0
5656,2,1,0
5656,3,0,0
5656,3,1,0
5656,4,2,0
5656,5,0,0
5656,5,2,0
5656,6,1,0
5656,6,2,0
5656,7,0,0
5656,7,1,0
5656,7,2,0
5657,1,0,0
5657,2,1,0
5657,3,0,0
5657,3,1,0
5657,4,2,0
5657,5,0,0
5657,5,2,0
5657,6,1,0
5657,6,2,0
5657,7,0,0
5657,7,1,0
5657,7,2,0
5658,1,0,0
5658,2,1,0
5658,3,0,0
5658,3,1,0
5658,4,2,0
5658,5,0,0
5658,5,2,0
5658,6,1,0
5658,6,2,0
5658,7,0,0
5658,7,1,0
5658,7,2,0
5659,1,0,0
5659,2,1,0
5659,3,0,0
5659,3,1,0
5659,4,2,0
5659,5,0,0
5659,5,2,0
5659,6,1,0
5659,6,2,0
5659,7,0,0
5659,7,1,0
5659,7,2,0
5660,1,0,0
5660,2,1,0
5660,3,0,0
5660,3,1,0
5660,4,2,0
5660,5,0,0
5660,5,2,0
5660,6,1,0
5660,6,2,0
5660,7,0,0
5660,7,1,0
5660,7,2,0
5661,1,0,0
5661,2,1,0
5661,3,0,0
5661,3,1,0
5661,4,2,0
5661,5,0,0
5661,5,2,0
5661,6,1,0
5661,6,2,0
5661,7,0,0
5661,7,1,0
5661,7,2,0
5662,1,0,0
5662,2,1,0
5662,3,0,0
5662,3,1,0
5662,4,2,0
5662,5,0,0
5662,5,2,0
5662,6,1,0
5662,6,2,0
5662,7,0,0
5662,7,1,0
5662,7,2,0
5663,1,0,0
5663,2,1,0
5663,3,0,0
5663,3,1,0
5663,4,2,0
5663,5,0,0
5663,5,2,0
5663,6,1,0
5663,6,2,0
5663,7,0,0
5663,7,1,0
5663,7,2,0
5664,1,0,0
5664,2,1,0
5664,3,0,0
5664,3,1,0
5664,4,2,0
5664,5,0,0
5664,5,2,0
5664,6,1,0
5664,6,2,0
5664,7,0,0
5664,7,1,0
5664,7,2,0
5665,1,0,0
5665,2,1,0
5665,3,0,0
5665,3,1,0
5665,4,2,0
5665,5,0,0
5665,5,2,0
5665,6,1,0
5665,6,2,0
5665,7,0,0
5665,7,1,0
5665,7,2,0
5666,1,0,0
5666,2,1,0
5666,3,0,0
5666,3,1,0
5666,4,2,0
5666,5,0,0
5666,5,2,0
5666,6,1,0
5666,6,2,0
5666,7,0,0
5666,7,1,0
5666,7,2,0
5667,1,0,0
5667,2,1,0
5667,3,0,0
5667,3,1,0
5667,4,2,0
5667,5,0,0
5667,5,2,0
5667,6,1,0
5667,6,2,0
5667,7,0,0
5667,7,1,0
5667,7,2,0
5668,1,0,0
5668,2,1,0
5668,3,0,0
5668,3,1,0
5668,4,2,0
5668,5,0,0
5668,5,2,0
5668,6,1,0
5668,6,2,0
5668,7,0,0
5668,7,1,0
5668,7,2,0
5669,1,0,0
5669,2,1,0
5669,3,0,0
5669,3,1,0
5669,4,2,0
5669,5,0,0
5669,5,2,0
5669,6,1,0
5669,6,2,0
5669,7,0,0
5669,7,1,0
5669,7,2,0
5670,1,0,1
5670,2,1,0
5670,3,0,1
5670,3,1,0
5670,4,2,0
5670,5,0,1
5670,5,2,0
5670,6,1,0
5670,6,2,0
5670,7,0,1
5670,7,1,0
5670,7,2,0
5671,1,0,1
5671,2,1,0
5671,3,0,1
5671,3,1,0
5671,4,2,0
5671,5,0,1
5671,5,2,0
5671,6,1,0
5671,6,2,0
5671,7,0,1
5671,7,1,0
5671,7,2,0
5672,1,0,0
5672,2,1,0
5672,3,0,0
5672,3,1,0
5672,4,2,0
5672,5,0,0
5672,5,2,0
5672,6,1,0
5672,6,2,0
5672,7,0,0
5672,7,1,0
5672,7,2,0
5673,1,0,0
5673,2,1,0
5673,3,0,0
5673,3,1,0
5673,4,2,0
5673,5,0,0
5673,5,2,0
5673,6,1,0
5673,6,2,0
5673,7,0,0
5673,7,1,0
5673,7,2,0
5674,1,0,0
5674,2,1,0
5674,3,0,0
5674,3,1,0
5674,4,2,0
5674,5,0,0
5674,5,2,0
5674,6,1,0
5674,6,2,0
5674,7,0,0
5674,7,1,0
5674,7,2,0
5675,1,0,0
5675,2,1,0
5675,3,0,0
5675,3,1,0
5675,4,2,0
5675,5,0,0
5675,5,2,0
5675,6,1,0
5675,6,2,0
5675,7,0,0
5675,7,1,0
5675,7,2,0
5676,1,0,0
5676,2,1,0
5676,3,0,0
5676,3,1,0
5676,4,2,0
5676,5,0,0
5676,5,2,0
5676,6,1,0
5676,6,2,0
5676,7,0,0
5676,7,1,0
5676,7,2,0
5677,1,0,0
5677,2,1,0
5677,3,0,0
5677,3,1,0
5677,4,2,0
5677,5,0,0
5677,5,2,0
5677,6,1,0
5677,6,2,0
5677,7,0,0
5677,7,1,0
5677,7,2,0
5678,1,0,0
5678,2,1,0
5678,3,0,0
5678,3,1,0
5678,4,2,0
5678,5,0,0
5678,5,2,0
5678,6,1,0
5678,6,2,0
5678,7,0,0
5678,7,1,0
5678,7,2,0
5679,1,0,0
5679,2,1,0
5679,3,0,0
5679,3,1,0
5679,4,2,0
5679,5,0,0
5679,5,2,0
5679,6,1,0
5679,6,2,0
5679,7,0,0
5679,7,1,0
5679,7,2,0
5680,1,0,0
5680,2,1,0
5680,3,0,0
5680,3,1,0
5680,4,2,0
5680,5,0,0
5680,5,2,0
5680,6,1,0
5680,6,2,0
5680,7,0,0
5680,7,1,0
5680,7,2,0
5681,1,0,0
5681,2,1,0
5681,3,0,0
5681,3,1,0
5681,4,2,0
5681,5,0,0
5681,5,2,0
5681,6,1,0
5681,6,2,0
5681,7,0,0
5681,7,1,0
5681,7,2,0
5682,1,0,0
5682,2,1,0
5682,3,0,0
5682,3,1,0
5682,4,2,0
5682,5,0,0
5682,5,2,0
5682,6,1,0
5682,6,2,0
5682,7,0,0
5682,7,1,0
5682,7,2,0
5683,1,0,0
5683,2,1,0
5683,3,0,0
5683,3,1,0
5683,4,2,0
5683,5,0,0
5683,5,2,0
5683,6,1,0
5683,6,2,0
5683,7,0,0
5683,7,1,0
5683,7,2,0
5684,1,0,0
5684,2,1,0
5684,3,0,0
5684,3,1,0
5684,4,2,0
5684,5,0,0
5684,5,2,0
5684,6,1,0
5684,6,2,0
5684,7,0,0
5684,7,1,0
5684,7,2,0
5685,1,0,0
5685,2,1,0
5685,3,0,0
5685,3,1,0
5685,4,2,0
5685,5,0,0
5685,5,2,0
5685,6,1,0
5685,6,2,0
5685,7,0,0
5685,7,1,0
5685,7,2,0
5686,1,0,0
5686,2,1,0
5686,3,0,0
5686,3,1,0
5686,4,2,0
5686,5,0,0
5686,5,2,0
5686,6,1,0
5686,6,2,0
5686,7,0,0
5686,7,1,0
5686,7,2,0
5687,1,0,0
5687,2,1,0
5687,3,0,0
5687,3,1,0
5687,4,2,0
5687,5,0,0
5687,5,2,0
5687,6,1,0
5687,6,2,0
5687,7,0,0
5687,7,1,0
5687,7,2,0
5688,1,0,0
5688,2,1,0
5688,3,0,0
5688,3,1,0
5688,4,2,0
5688,5,0,0
5688,5,2,0
5688,6,1,0
5688,6,2,0
5688,7,0,0
5688,7,1,0
5688,7,2,0
5689,1,0,0
5689,2,1,0
5689,3,0,0
5689,3,1,0
5689,4,2,0
5689,5,0,0
5689,5,2,0
5689,6,1,0
5689,6,2,0
5689,7,0,0
5689,7,1,0
5689,7,2,0
5690,1,0,0
5690,2,1,0
5690,3,0,0
5690,3,1,0
5690,4,2,0
5690,5,0,0
5690,5,2,0
5690,6,1,0
5690,6,2,0
5690,7,0,0
5690,7,1,0
5690,7,2,0
5691,1,0,0
5691,2,1,0
5691,3,0,0
5691,3,1,0
5691,4,2,0
5691,5,0,0
5691,5,2,0
5691,6,1,0
5691,6,2,0
5691,7,0,0
5691,7,1,0
5691,7,2,0
5692,1,0,0
5692,2,1,0
5692,3,0,0
5692,3,1,0
5692,4,2,0
5692,5,0,0
5692,5,2,0
5692,6,1,0
5692,6,2,0
5692,7,0,0
5692,7,1,0
5692,7,2,0
5693,1,0,0
5693,2,1,0
5693,3,0,0
5693,3,1,0
5693,4,2,0
5693,5,0,0
5693,5,2,0
5693,6,1,0
5693,6,2,0
5693,7,0,0
5693,7,1,0
5693,7,2,0
5694,1,0,0
5694,2,1,0
5694,3,0,0
5694,3,1,0
5694,4,2,0
5694,5,0,0
5694,5,2,0
5694,6,1,0
5694,6,2,0
5694,7,0,0
5694,7,1,0
5694,7,2,0
5695,1,0,0
5695,2,1,0
5695,3,0,0
5695,3,1,0
5695,4,2,0
5695,5,0,0
5695,5,2,0
5695,6,1,0
5695,6,2,0
5695,7,0,0
5695,7,1,0
5695,7,2,0
5696,1,0,0
5696,2,1,0
5696,3,0,0
5696,3,1,0
5696,4,2,0
5696,5,0,0
5696,5,2,0
5696,6,1,0
5696,6,2,0
5696,7,0,0
5696,7,1,0
5696,7,2,0
5697,1,0,1
5697,2,1,0
5697,3,0,1
5697,3,1,0
5697,4,2,0
5697,5,0,1
5697,5,2,0
5697,6,1,0
5697,6,2,0
5697,7,0,1
5697,7,1,0
5697,7,2,0
5698,1,0,1
5698,2,1,0
5698,3,0,1
5698,3,1,0
5698,4,2,0
5698,5,0,1
5698,5,2,0
5698,6,1,0
5698,6,2,0
5698,7,0,1
5698,7,1,0
5698,7,2,0
5699,1,0,0
5699,2,1,0
5699,3,0,0
5699,3,1,0
5699,4,2,0
5699,5,0,0
5699,5,2,0
5699,6,1,0
5699,6,2,0
5699,7,0,0
5699,7,1,0
5699,7,2,0
5700,1,0,0
5700,2,1,0
5700,3,0,0
5700,3,1,0
5700,4,2,0
5700,5,0,0
5700,5,2,0
5700,6,1,0
5700,6,2,0
5700,7,0,0
5700,7,1,0
5700,7,2,0
5701,1,0,0
5701,2,1,0
5701,3,0,0
5701,3,1,0
5701,4,2,0
5701,5,0,0
5701,5,2,0
5701,6,1,0
5701,6,2,0
5701,7,0,0
5701,7,1,0
5701,7,2,0
5702,1,0,0
5702,2,1,0
5702,3,0,0
5702,3,1,0
5702,4,2,0
5702,5,0,0
5702,5,2,0
5702,6,1,0
5702,6,2,0
5702,7,0,0
5702,7,1,0
5702,7,2,0
5703,1,0,0
5703,2,1,0
5703,3,0,0
5703,3,1,0
5703,4,2,0
5703,5,0,0
5703,5,2,0
5703,6,1,0
5703,6,2,0
5703,7,0,0
5703,7,1,0
5703,7,2,0
5704,1,0,0
5704,2,1,0
5704,3,0,0
5704,3,1,0
5704,4,2,0
5704,5,0,0
5704,5,2,0
5704,6,1,0
5704,6,2,0
5704,7,0,0
5704,7,1,0
5704,7,2,0
5705,1,0,0
5705,2,1,0
5705,3,0,0
5705,3,1,0
5705,4,2,0
5705,5,0,0
5705,5,2,0
5705,6,1,0
5705,6,2,0
5705,7,0,0
5705,7,1,0
5705,7,2,0
5706,1,0,0
5706,2,1,0
5706,3,0,0
5706,3,1,0
5706,4,2,0
5706,5,0,0
5706,5,2,0
5706,6,1,0
5706,6,2,0
5706,7,0,0
5706,7,1,0
5706,7,2,0
5707,1,0,0
5707,2,1,0
5707,3,0,0
5707,3,1,0
5707,4,2,0
5707,5,0,0
5707,5,2,0
5707,6,1,0
5707,6,2,0
5707,7,0,0
5707,7,1,0
5707,7,2,0
5708,1,0,0
5708,2,1,0
5708,3,0,0
5708,3,1,0
5708,4,2,0
5708,5,0,0
5708,5,2,0
5708,6,1,0
5708,6,2,0
5708,7,0,0
5708,7,1,0
5708,7,2,0
5709,1,0,0
5709,2,1,0
5709,3,0,0
5709,3,1,0
5709,4,2,0
5709,5,0,0
5709,5,2,0
5709,6,1,0
5709,6,2,0
5709,7,0,0
5709,7,1,0
5709,7,2,0
5710,1,0,0
5710,2,1,0
5710,3,0,0
5710,3,1,0
5710,4,2,0
5710,5,0,0
5710,5,2,0
5710,6,1,0
5710,6,2,0
5710,7,0,0
5710,7,1,0
5710,7,2,0
5711,1,0,0
5711,2,1,0
5711,3,0,0
5711,3,1,0
5711,4,2,0
5711,5,0,0
5711,5,2,0
5711,6,1,0
5711,6,2,0
5711,7,0,0
5711,7,1,0
5711,7,2,0
5712,1,0,0
5712,2,1,0
5712,3,0,0
5712,3,1,0
5712,4,2,0
5712,5,0,0
5712,5,2,0
5712,6,1,0
5712,6,2,0
5712,7,0,0
5712,7,1,0
5712,7,2,0
5713,1,0,0
5713,2,1,0
5713,3,0,0
5713,3,1,0
5713,4,2,0
5713,5,0,0
5713,5,2,0
5713,6,1,0
5713,6,2,0
5713,7,0,0
5713,7,1,0
5713,7,2,0
5714,1,0,0
5714,2,1,0
5714,3,0,0
5714,3,1,0
5714,4,2,0
5714,5,0,0
5714,5,2,0
5714,6,1,0
5714,6,2,0
5714,7,0,0
5714,7,1,0
5714,7,2,0
5715,1,0,0
5715,2,1,0
5715,3,0,0
5715,3,1,0
5715,4,2,0
5715,5,0,0
5715,5,2,0
5715,6,1,0
5715,6,2,0
5715,7,0,0
5715,7,1,0
5715,7,2,0
5716,1,0,0
5716,2,1,0
5716,3,0,0
5716,3,1,0
5716,4,2,0
5716,5,0,0
5716,5,2,0
5716,6,1,0
5716,6,2,0
5716,7,0,0
5716,7,1,0
5716,7,2,0
5717,1,0,0
5717,2,1,0
5717,3,0,0
5717,3,1,0
5717,4,2,0
5717,5,0,0
5717,5,2,0
5717,6,1,0
5717,6,2,0
5717,7,0,0
5717,7,1,0
5717,7,2,0
5718,1,0,0
5718,2,1,0
5718,3,0,0
5718,3,1,0
5718,4,2,0
5718,5,0,0
5718,5,2,0
5718,6,1,0
5718,6,2,0
5718,7,0,0
5718,7,1,0
5718,7,2,0
5719,1,0,0
5719,2,1,0
5719,3,0,0
5719,3,1,0
5719,4,2,0
5719,5,0,0
5719,5,2,0
5719,6,1,0
5719,6,2,0
5719,7,0,0
5719,7,1,0
5719,7,2,0
5720,1,0,0
5720,2,1,0
5720,3,0,0
5720,3,1,0
5720,4,2,0
5720,5,0,0
5720,5,2,0
5720,6,1,0
5720,6,2,0
5720,7,0,0
5720,7,1,0
5720,7,2,0
5721,1,0,0
5721,2,1,0
5721,3,0,0
5721,3,1,0
5721,4,2,0
5721,5,0,0
5721,5,2,0
5721,6,1,0
5721,6,2,0
5721,7,0,0
5721,7,1,0
5721,7,2,0
5722,1,0,0
5722,2,1,0
5722,3,0,0
5722,3,1,0
5722,4,2,0
5722,5,0,0
5722,5,2,0
5722,6,1,0
5722,6,2,0
5722,7,0,0
5722,7,1,0
5722,7,2,0
5723,1,0,0
5723,2,1,0
5723,3,0,0
5723,3,1,0
5723,4,2,0
5723,5,0,0
5723,5,2,0
5723,6,1,0
5723,6,2,0
5723,7,0,0
5723,7,1,0
5723,7,2,0
5724,1,0,1
5724,2,1,0
5724,3,0,1
5724,3,1,0
5724,4,2,0
5724,5,0,1
5724,5,2,0
5724,6,1,0
5724,6,2,0
5724,7,0,1
5724,7,1,0
5724,7,2,0
5725,1,0,1
5725,2,1,0
5725,3,0,1
5725,3,1,0
5725,4,2,0
5725,5,0,1
5725,5,2,0
5725,6,1,0
5725,6,2,0
5725,7,0,1
5725,7,1,0
5725,7,2,0
5726,1,0,0
5726,2,1,0
5726,3,0,0
5726,3,1,0
5726,4,2,0
5726,5,0,0
5726,5,2,0
5726,6,1,0
5726,6,2,0
5726,7,0,0
5726,7,1,0
5726,7,2,0
5727,1,0,0
5727,2,1,0
5727,3,0,0
5727,3,1,0
5727,4,2,0
5727,5,0,0
5727,5,2,0
5727,6,1,0
5727,6,2,0
5727,7,0,0
5727,7,1,0
5727,7,2,0
5728,1,0,0
5728,2,1,0
5728,3,0,0
5728,3,1,0
5728,4,2,0
5728,5,0,0
5728,5,2,0
5728,6,1,0
5728,6,2,0
5728,7,0,0
5728,7,1,0
5728,7,2,0
5729,1,0,0
5729,2,1,0
5729,3,0,0
5729,3,1,0
5729,4,2,0
5729,5,0,0
5729,5,2,0
5729,6,1,0
5729,6,2,0
5729,7,0,0
5729,7,1,0
5729,7,2,0
5730,1,0,0
5730,2,1,0
5730,3,0,0
5730,3,1,0
5730,4,2,0
5730,5,0,0
5730,5,2,0
5730,6,1,0
5730,6,2,0
5730,7,0,0
5730,7,1,0
5730,7,2,0
5731,1,0,0
5731,2,1,0
5731,3,0,0
5731,3,1,0
5731,4,2,0
5731,5,0,0
5731,5,2,0
5731,6,1,0
5731,6,2,0
5731,7,0,0
5731,7,1,0
5731,7,2,0
5732,1,0,0
5732,2,1,0
5732,3,0,0
5732,3,1,0
5732,4,2,0
5732,5,0,0
5732,5,2,0
5732,6,1,0
5732,6,2,0
5732,7,0,0
5732,7,1,0
5732,7,2,0
5733,1,0,0
5733,2,1,0
5733,3,0,0
5733,3,1,0
5733,4,2,0
5733,5,0,0
5733,5,2,0
5733,6,1,0
5733,6,2,0
5733,7,0,0
5733,7,1,0
5733,7,2,0
5734,1,0,0
5734,2,1,0
5734,3,0,0
5734,3,1,0
5734,4,2,0
5734,5,0,0
5734,5,2,0
5734,6,1,0
5734,6,2,0
5734,7,0,0
5734,7,1,0
5734,7,2,0
5735,1,0,0
5735,2,1,0
5735,3,0,0
5735,3,1,0
5735,4,2,0
5735,5,0,0
5735,5,2,0
5735,6,1,0
5735,6,2,0
5735,7,0,0
5735,7,1,0
5735,7,2,0
5736,1,0,0
5736,2,1,0
5736,3,0,0
5736,3,1,0
5736,4,2,0
5736,5,0,0
5736,5,2,0
5736,6,1,0
5736,6,2,0
5736,7,0,0
5736,7,1,0
5736,7,2,0
5737,1,0,0
5737,2,1,0
5737,3,0,0
5737,3,1,0
5737,4,2,0
5737,5,0,0
5737,5,2,0
5737,6,1,0
5737,6,2,0
5737,7,0,0
5737,7,1,0
5737,7,2,0
5738,1,0,0
5738,2,1,0
5738,3,0,0
5738,3,1,0
5738,4,2,0
5738,5,0,0
5738,5,2,0
5738,6,1,0
5738,6,2,0
5738,7,0,0
5738,7,1,0
5738,7,2,0
5739,1,0,0
5739,2,1,0
5739,3,0,0
5739,3,1,0
5739,4,2,0
5739,5,0,0
5739,5,2,0
5739,6,1,0
5739,6,2,0
5739,7,0,0
5739,7,1,0
5739,7,2,0
5740,1,0,0
5740,2,1,0
5740,3,0,0
5740,3,1,0
5740,4,2,0
5740,5,0,0
5740,5,2,0
5740,6,1,0
5740,6,2,0
5740,7,0,0
5740,7,1,0
5740,7,2,0
5741,1,0,0
5741,2,1,0
5741,3,0,0
5741,3,1,0
5741,4,2,0
5741,5,0,0
5741,5,2,0
5741,6,1,0
5741,6,2,0
5741,7,0,0
5741,7,1,0
5741,7,2,0
5742,1,0,0
5742,2,1,0
5742,3,0,0
5742,3,1,0
5742,4,2,0
5742,5,0,0
5742,5,2,0
5742,6,1,0
5742,6,2,0
5742,7,0,0
5742,7,1,0
5742,7,2,0
5743,1,0,0
5743,2,1,0
5743,3,0,0
5743,3,1,0
5743,4,2,0
5743,5,0,0
5743,5,2,0
5743,6,1,0
5743,6,2,0
5743,7,0,0
5743,7,1,0
5743,7,2,0
5744,1,0,0
5744,2,1,0
5744,3,0,0
5744,3,1,0
5744,4,2,0
5744,5,0,0
5744,5,2,0
5744,6,1,0
5744,6,2,0
5744,7,0,0
5744,7,1,0
5744,7,2,0
5745,1,0,0
5745,2,1,0
5745,3,0,0
5745,3,1,0
5745,4,2,0
5745,5,0,0
5745,5,2,0
5745,6,1,0
5745,6,2,0
5745,7,0,0
5745,7,1,0
5745,7,2,0
5746,1,0,0
5746,2,1,0
5746,3,0,0
5746,3,1,0
5746,4,2,0
5746,5,0,0
5746,5,2,0
5746,6,1,0
5746,6,2,0
5746,7,0,0
5746,7,1,0
5746,7,2,0
5747,1,0,0
5747,2,1,0
5747,3,0,0
5747,3,1,0
5747,4,2,0
5747,5,0,0
5747,5,2,0
5747,6,1,0
5747,6,2,0
5747,7,0,0
5747,7,1,0
5747,7,2,0
5748,1,0,0
5748,2,1,0
5748,3,0,0
5748,3,1,0
5748,4,2,0
5748,5,0,0
5748,5,2,0
5748,6,1,0
5748,6,2,0
5748,7,0,0
5748,7,1,0
5748,7,2,0
5749,1,0,0
5749,2,1,0
5749,3,0,0
5749,3,1,0
5749,4,2,0
5749,5,0,0
5749,5,2,0
5749,6,1,0
5749,6,2,0
5749,7,0,0
5749,7,1,0
5749,7,2,0
5750,1,0,0
5750,2,1,0
5750,3,0,0
5750,3,1,0
5750,4,2,0
5750,5,0,0
5750,5,2,0
5750,6,1,0
5750,6,2,0
5750,7,0,0
5750,7,1,0
5750,7,2,0
5751,1,0,1
5751,2,1,0
5751,3,0,1
5751,3,1,0
5751,4,2,0
5751,5,0,1
5751,5,2,0
5751,6,1,0
5751,6,2,0
5751,7,0,1
5751,7,1,0
5751,7,2,0
5752,1,0,1
5752,2,1,0
5752,3,0,1
5752,3,1,0
5752,4,2,0
5752,5,0,1
5752,5,2,0
5752,6,1,0
5752,6,2,0
5752,7,0,1
5752,7,1,0
5752,7,2,0
5753,1,0,0
5753,2,1,0
5753,3,0,0
5753,3,1,0
5753,4,2,0
5753,5,0,0
5753,5,2,0
5753,6,1,0
5753,6,2,0
5753,7,0,0
5753,7,1,0
5753,7,2,0
5754,1,0,0
5754,2,1,0
5754,3,0,0
5754,3,1,0
5754,4,2,0
5754,5,0,0
5754,5,2,0
5754,6,1,0
5754,6,2,0
5754,7,0,0
5754,7,1,0
5754,7,2,0
5755,1,0,0
5755,2,1,0
5755,3,0,0
5755,3,1,0
5755,4,2,0
5755,5,0,0
5755,5,2,0
5755,6,1,0
5755,6,2,0
5755,7,0,0
5755,7,1,0
5755,7,2,0
5756,1,0,0
5756,2,1,0
5756,3,0,0
5756,3,1,0
5756,4,2,0
5756,5,0,0
5756,5,2,0
5756,6,1,0
5756,6,2,0
5756,7,0,0
5756,7,1,0
5756,7,2,0
5757,1,0,0
5757,2,1,0
5757,3,0,0
5757,3,1,0
5757,4,2,0
5757,5,0,0
5757,5,2,0
5757,6,1,0
5757,6,2,0
5757,7,0,0
5757,7,1,0
5757,7,2,0
5758,1,0,0
5758,2,1,0
5758,3,0,0
5758,3,1,0
5758,4,2,0
5758,5,0,0
5758,5,2,0
5758,6,1,0
5758,6,2,0
5758,7,0,0
5758,7,1,0
5758,7,2,0
5759,1,0,0
5759,2,1,0
5759,3,0,0
5759,3,1,0
5759,4,2,0
5759,5,0,0
5759,5,2,0
5759,6,1,0
5759,6,2,0
5759,7,0,0
5759,7,1,0
5759,7,2,0
5760,1,0,0
5760,2,1,0
5760,3,0,0
5760,3,1,0
5760,4,2,0
5760,5,0,0
5760,5,2,0
5760,6,1,0
5760,6,2,0
5760,7,0,0
5760,7,1,0
5760,7,2,0
5761,1,0,0
5761,2,1,0
5761,3,0,0
5761,3,1,0
5761,4,2,0
5761,5,0,0
5761,5,2,0
5761,6,1,0
5761,6,2,0
5761,7,0,0
5761,7,1,0
5761,7,2,0
5762,1,0,0
5762,2,1,0
5762,3,0,0
5762,3,1,0
5762,4,2,0
5762,5,0,0
5762,5,2,0
5762,6,1,0
5762,6,2,0
5762,7,0,0
5762,7,1,0
5762,7,2,0
5763,1,0,0
5763,2,1,0
5763,3,0,0
5763,3,1,0
5763,4,2,0
5763,5,0,0
5763,5,2,0
5763,6,1,0
5763,6,2,0
5763,7,0,0
5763,7,1,0
5763,7,2,0
5764,1,0,0
5764,2,1,0
5764,3,0,0
5764,3,1,0
5764,4,2,0
5764,5,0,0
5764,5,2,0
5764,6,1,0
5764,6,2,0
5764,7,0,0
5764,7,1,0
5764,7,2,0
5765,1,0,0
5765,2,1,0
5765,3,0,0
5765,3,1,0
5765,4,2,0
5765,5,0,0
5765,5,2,0
5765,6,1,0
5765,6,2,0
5765,7,0,0
5765,7,1,0
5765,7,2,0
5766,1,0,0
5766,2,1,0
5766,3,0,0
5766,3,1,0
5766,4,2,0
5766,5,0,0
5766,5,2,0
5766,6,1,0
5766,6,2,0
5766,7,0,0
5766,7,1,0
5766,7,2,0
5767,1,0,0
5767,2,1,0
5767,3,0,0
5767,3,1,0
5767,4,2,0
5767,5,0,0
5767,5,2,0
5767,6,1,0
5767,6,2,0
5767,7,0,0
5767,7,1,0
5767,7,2,0
5768,1,0,0
5768,2,1,0
5768,3,0,0
5768,3,1,0
5768,4,2,0
5768,5,0,0
5768,5,2,0
5768,6,1,0
5768,6,2,0
5768,7,0,0
5768,7,1,0
5768,7,2,0
5769,1,0,0
5769,2,1,0
5769,3,0,0
5769,3,1,0
5769,4,2,0
5769,5,0,0
5769,5,2,0
5769,6,1,0
5769,6,2,0
5769,7,0,0
5769,7,1,0
5769,7,2,0
5770,1,0,0
5770,2,1,0
5770,3,0,0
5770,3,1,0
5770,4,2,0
5770,5,0,0
5770,5,2,0
5770,6,1,0
5770,6,2,0
5770,7,0,0
5770,7,1,0
5770,7,2,0
5771,1,0,0
5771,2,1,0
5771,3,0,0
5771,3,1,0
5771,4,2,0
5771,5,0,0
5771,5,2,0
5771,6,1,0
5771,6,2,0
5771,7,0,0
5771,7,1,0
5771,7,2,0
5772,1,0,0
5772,2,1,0
5772,3,0,0
5772,3,1,0
5772,4,2,0
5772,5,0,0
5772,5,2,0
5772,6,1,0
5772,6,2,0
5772,7,0,0
5772,7,1,0
5772,7,2,0
5773,1,0,0
5773,2,1,0
5773,3,0,0
5773,3,1,0
5773,4,2,0
5773,5,0,0
5773,5,2,0
5773,6,1,0
5773,6,2,0
5773,7,0,0
5773,7,1,0
5773,7,2,0
5774,1,0,0
5774,2,1,0
5774,3,0,0
5774,3,1,0
5774,4,2,0
5774,5,0,0
5774,5,2,0
5774,6,1,0
5774,6,2,0
5774,7,0,0
5774,7,1,0
5774,7,2,0
5775,1,0,0
5775,2,1,0
5775,3,0,0
5775,3,1,0
5775,4,2,0
5775,5,0,0
5775,5,2,0
5775,6,1,0
5775,6,2,0
5775,7,0,0
5775,7,1,0
5775,7,2,0
5776,1,0,0
5776,2,1,0
5776,3,0,0
5776,3,1,0
5776,4,2,0
5776,5,0,0
5776,5,2,0
5776,6,1,0
5776,6,2,0
5776,7,0,0
5776,7,1,0
5776,7,2,0
5777,1,0,0
5777,2,1,0
5777,3,0,0
5777,3,1,0
5777,4,2,0
5777,5,0,0
5777,5,2,0
5777,6,1,0
5777,6,2,0
5777,7,0,0
5777,7,1,0
5777,7,2,0
5778,1,0,1
5778,2,1,0
5778,3,0,1
5778,3,1,0
5778,4,2,0
5778,5,0,1
5778,5,2,0
5778,6,1,0
5778,6,2,0
5778,7,0,1
5778,7,1,0
5778,7,2,0
5779,1,0,1
5779,2,1,0
5779,3,0,1
5779,3,1,0
5779,4,2,0
5779,5,0,1
5779,5,2,0
5779,6,1,0
5779,6,2,0
5779,7,0,1
5779,7,1,0
5779,7,2,0
5780,1,0,0
5780,2,1,0
5780,3,0,0
5780,3,1,0
5780,4,2,0
5780,5,0,0
5780,5,2,0
5780,6,1,0
5780,6,2,0
5780,7,0,0
5780,7,1,0
5780,7,2,0
5781,1,0,0
5781,2,1,0
5781,3,0,0
5781,3,1,0
5781,4,2,0
5781,5,0,0
5781,5,2,0
5781,6,1,0
5781,6,2,0
5781,7,0,0
5781,7,1,0
5781,7,2,0
5782,1,0,0
5782,2,1,0
5782,3,0,0
5782,3,1,0
5782,4,2,0
5782,5,0,0
5782,5,2,0
5782,6,1,0
5782,6,2,0
5782,7,0,0
5782,7,1,0
5782,7,2,0
5783,1,0,0
5783,2,1,0
5783,3,0,0
5783,3,1,0
5783,4,2,0
5783,5,0,0
5783,5,2,0
5783,6,1,0
5783,6,2,0
5783,7,0,0
5783,7,1,0
5783,7,2,0
5784,1,0,0
5784,2,1,0
5784,3,0,0
5784,3,1,0
5784,4,2,0
5784,5,0,0
5784,5,2,0
5784,6,1,0
5784,6,2,0
5784,7,0,0
5784,7,1,0
5784,7,2,0
5785,1,0,0
5785,2,1,0
5785,3,0,0
5785,3,1,0
5785,4,2,0
5785,5,0,0
5785,5,2,0
5785,6,1,0
5785,6,2,0
5785,7,0,0
5785,7,1,0
5785,7,2,0
5786,1,0,0
5786,2,1,0
5786,3,0,0
5786,3,1,0
5786,4,2,0
5786,5,0,0
5786,5,2,0
5786,6,1,0
5786,6,2,0
5786,7,0,0
5786,7,1,0
5786,7,2,0
5787,1,0,0
5787,2,1,0
5787,3,0,0
5787,3,1,0
5787,4,2,0
5787,5,0,0
5787,5,2,0
5787,6,1,0
5787,6,2,0
5787,7,0,0
5787,7,1,0
5787,7,2,0
5788,1,0,0
5788,2,1,0
5788,3,0,0
5788,3,1,0
5788,4,2,0
5788,5,0,0
5788,5,2,0
5788,6,1,0
5788,6,2,0
5788,7,0,0
5788,7,1,0
5788,7,2,0
5789,1,0,0
5789,2,1,0
5789,3,0,0
5789,3,1,0
5789,4,2,0
5789,5,0,0
5789,5,2,0
5789,6,1,0
5789,6,2,0
5789,7,0,0
5789,7,1,0
5789,7,2,0
5790,1,0,0
5790,2,1,0
5790,3,0,0
5790,3,1,0
5790,4,2,0
5790,5,0,0
5790,5,2,0
5790,6,1,0
5790,6,2,0
5790,7,0,0
5790,7,1,0
5790,7,2,0
5791,1,0,0
5791,2,1,0
5791,3,0,0
5791,3,1,0
5791,4,2,0
5791,5,0,0
5791,5,2,0
5791,6,1,0
5791,6,2,0
5791,7,0,0
5791,7,1,0
5791,7,2,0
5792,1,0,0
5792,2,1,0
5792,3,0,0
5792,3,1,0
5792,4,2,0
5792,5,0,0
5792,5,2,0
5792,6,1,0
5792,6,2,0
5792,7,0,0
5792,7,1,0
5792,7,2,0
5793,1,0,0
5793,2,1,0
5793,3,0,0
5793,3,1,0
5793,4,2,0
5793,5,0,0
5793,5,2,0
5793,6,1,0
5793,6,2,0
5793,7,0,0
5793,7,1,0
5793,7,2,0
5794,1,0,0
5794,2,1,0
5794,3,0,0
5794,3,1,0
5794,4,2,0
5794,5,0,0
5794,5,2,0
5794,6,1,0
5794,6,2,0
5794,7,0,0
5794,7,1,0
5794,7,2,0
5795,1,0,0
5795,2,1,0
5795,3,0,0
5795,3,1,0
5795,4,2,0
5795,5,0,0
5795,5,2,0
5795,6,1,0
5795,6,2,0
5795,7,0,0
5795,7,1,0
5795,7,2,0
5796,1,0,0
5796,2,1,0
5796,3,0,0
5796,3,1,0
5796,4,2,0
5796,5,0,0
5796,5,2,0
5796,6,1,0
5796,6,2,0
5796,7,0,0
5796,7,1,0
5796,7,2,0
5797,1,0,0
5797,2,1,0
5797,3,0,0
5797,3,1,0
5797,4,2,0
5797,5,0,0
5797,5,2,0
5797,6,1,0
5797,6,2,0
5797,7,0,0
5797,7,1,0
5797,7,2,0
5798,1,0,0
5798,2,1,0
5798,3,0,0
5798,3,1,0
5798,4,2,0
5798,5,0,0
5798,5,2,0
5798,6,1,0
5798,6,2,0
5798,7,0,0
5798,7,1,0
5798,7,2,0
5799,1,0,0
5799,2,1,0
5799,3,0,0
5799,3,1,0
5799,4,2,0
5799,5,0,0
5799,5,2,0
5799,6,1,0
5799,6,2,0
5799,7,0,0
5799,7,1,0
5799,7,2,0
5800,1,0,0
5800,2,1,0
5800,3,0,0
5800,3,1,0
5800,4,2,0
5800,5,0,0
5800,5,2,0
5800,6,1,0
5800,6,2,0
5800,7,0,0
5800,7,1,0
5800,7,2,0
5801,1,0,0
5801,2,1,0
5801,3,0,0
5801,3,1,0
5801,4,2,0
5801,5,0,0
5801,5,2,0
5801,6,1,0
5801,6,2,0
5801,7,0,0
5801,7,1,0
5801,7,2,0
5802,1,0,0
5802,2,1,0
5802,3,0,0
5802,3,1,0
5802,4,2,0
5802,5,0,0
5802,5,2,0
5802,6,1,0
5802,6,2,0
5802,7,0,0
5802,7,1,0
5802,7,2,0
5803,1,0,0
5803,2,1,0
5803,3,0,0
5803,3,1,0
5803,4,2,0
5803,5,0,0
5803,5,2,0
5803,6,1,0
5803,6,2,0
5803,7,0,0
5803,7,1,0
5803,7,2,0
5804,1,0,0
5804,2,1,0
5804,3,0,0
5804,3,1,0
5804,4,2,0
5804,5,0,0
5804,5,2,0
5804,6,1,0
5804,6,2,0
5804,7,0,0
5804,7,1,0
5804,7,2,0
5805,1,0,1
5805,2,1,0
5805,3,0,1
5805,3,1,0
5805,4,2,0
5805,5,0,1
5805,5,2,0
5805,6,1,0
5805,6,2,0
5805,7,0,1
5805,7,1,0
5805,7,2,0
5806,1,0,1
5806,2,1,0
5806,3,0,1
5806,3,1,0
5806,4,2,0
5806,5,0,1
5806,5,2,0
5806,6,1,0
5806,6,2,0
5806,7,0,1
5806,7,1,0
5806,7,2,0
5807,1,0,0
5807,2,1,0
5807,3,0,0
5807,3,1,0
5807,4,2,0
5807,5,0,0
5807,5,2,0
5807,6,1,0
5807,6,2,0
5807,7,0,0
5807,7,1,0
5807,7,2,0
5808,1,0,0
5808,2,1,0
5808,3,0,0
5808,3,1,0
5808,4,2,0
5808,5,0,0
5808,5,2,0
5808,6,1,0
5808,6,2,0
5808,7,0,0
5808,7,1,0
5808,7,2,0
5809,1,0,0
5809,2,1,0
5809,3,0,0
5809,3,1,0
5809,4,2,0
5809,5,0,0
5809,5,2,0
5809,6,1,0
5809,6,2,0
5809,7,0,0
5809,7,1,0
5809,7,2,0
5810,1,0,0
5810,2,1,0
5810,3,0,0
5810,3,1,0
5810,4,2,0
5810,5,0,0
5810,5,2,0
5810,6,1,0
5810,6,2,0
5810,7,0,0
5810,7,1,0
5810,7,2,0
5811,1,0,0
5811,2,1,0
5811,3,0,0
5811,3,1,0
5811,4,2,0
5811,5,0,0
5811,5,2,0
5811,6,1,0
5811,6,2,0
5811,7,0,0
5811,7,1,0
5811,7,2,0
5812,1,0,0
5812,2,1,0
5812,3,0,0
5812,3,1,0
5812,4,2,0
5812,5,0,0
5812,5,2,0
5812,6,1,0
5812,6,2,0
5812,7,0,0
5812,7,1,0
5812,7,2,0
5813,1,0,0
5813,2,1,0
5813,3,0,0
5813,3,1,0
5813,4,2,0
5813,5,0,0
5813,5,2,0
5813,6,1,0
5813,6,2,0
5813,7,0,0
5813,7,1,0
5813,7,2,0
5814,1,0,0
5814,2,1,0
5814,3,0,0
5814,3,1,0
5814,4,2,0
5814,5,0,0
5814,5,2,0
5814,6,1,0
5814,6,2,0
5814,7,0,0
5814,7,1,0
5814,7,2,0
5815,1,0,0
5815,2,1,0
5815,3,0,0
5815,3,1,0
5815,4,2,0
5815,5,0,0
5815,5,2,0
5815,6,1,0
5815,6,2,0
5815,7,0,0
5815,7,1,0
5815,7,2,0
5816,1,0,0
5816,2,1,0
5816,3,0,0
5816,3,1,0
5816,4,2,0
5816,5,0,0
5816,5,2,0
5816,6,1,0
5816,6,2,0
5816,7,0,0
5816,7,1,0
5816,7,2,0
5817,1,0,0
5817,2,1,0
5817,3,0,0
5817,3,1,0
5817,4,2,0
5817,5,0,0
5817,5,2,0
5817,6,1,0
5817,6,2,0
5817,7,0,0
5817,7,1,0
5817,7,2,0
5818,1,0,0
5818,2,1,0
5818,3,0,0
5818,3,1,0
5818,4,2,0
5818,5,0,0
5818,5,2,0
5818,6,1,0
5818,6,2,0
5818,7,0,0
5818,7,1,0
5818,7,2,0
5819,1,0,0
5819,2,1,0
5819,3,0,0
5819,3,1,0
5819,4,2,0
5819,5,0,0
5819,5,2,0
5819,6,1,0
5819,6,2,0
5819,7,0,0
5819,7,1,0
5819,7,2,0
5820,1,0,0
5820,2,1,0
5820,3,0,0
5820,3,1,0
5820,4,2,0
5820,5,0,0
5820,5,2,0
5820,6,1,0
5820,6,2,0
5820,7,0,0
5820,7,1,0
5820,7,2,0
5821,1,0,0
5821,2,1,0
5821,3,0,0
5821,3,1,0
5821,4,2,0
5821,5,0,0
5821,5,2,0
5821,6,1,0
5821,6,2,0
5821,7,0,0
5821,7,1,0
5821,7,2,0
5822,1,0,0
5822,2,1,0
5822,3,0,0
5822,3,1,0
5822,4,2,0
5822,5,0,0
5822,5,2,0
5822,6,1,0
5822,6,2,0
5822,7,0,0
5822,7,1,0
5822,7,2,0
5823,1,0,0
5823,2,1,0
5823,3,0,0
5823,3,1,0
5823,4,2,0
5823,5,0,0
5823,5,2,0
5823,6,1,0
5823,6,2,0
5823,7,0,0
5823,7,1,0
5823,7,2,0
5824,1,0,0
5824,2,1,0
5824,3,0,0
5824,3,1,0
5824,4,2,0
5824,5,0,0
5824,5,2,0
5824,6,1,0
5824,6,2,0
5824,7,0,0
5824,7,1,0
5824,7,2,0
5825,1,0,0
5825,2,1,0
5825,3,0,0
5825,3,1,0
5825,4,2,0
5825,5,0,0
5825,5,2,0
5825,6,1,0
5825,6,2,0
5825,7,0,0
5825,7,1,0
5825,7,2,0
5826,1,0,0
5826,2,1,0
5826,3,0,0
5826,3,1,0
5826,4,2,0
5826,5,0,0
5826,5,2,0
5826,6,1,0
5826,6,2,0
5826,7,0,0
5826,7,1,0
5826,7,2,0
5827,1,0,0
5827,2,1,0
5827,3,0,0
5827,3,1,0
5827,4,2,0
5827,5,0,0
5827,5,2,0
5827,6,1,0
5827,6,2,0
5827,7,0,0
5827,7,1,0
5827,7,2,0
5828,1,0,0
5828,2,1,0
5828,3,0,0
5828,3,1,0
5828,4,2,0
5828,5,0,0
5828,5,2,0
5828,6,1,0
5828,6,2,0
5828,7,0,0
5828,7,1,0
5828,7,2,0
5829,1,0,0
5829,2,1,0
5829,3,0,0
5829,3,1,0
5829,4,2,0
5829,5,0,0
5829,5,2,0
5829,6,1,0
5829,6,2,0
5829,7,0,0
5829,7,1,0
5829,7,2,0
5830,1,0,0
5830,2,1,0
5830,3,0,0
5830,3,1,0
5830,4,2,0
5830,5,0,0
5830,5,2,0
5830,6,1,0
5830,6,2,0
5830,7,0,0
5830,7,1,0
5830,7,2,0
5831,1,0,0
5831,2,1,0
5831,3,0,0
5831,3,1,0
5831,4,2,0
5831,5,0,0
5831,5,2,0
5831,6,1,0
5831,6,2,0
5831,7,0,0
5831,7,1,0
5831,7,2,0
5832,1,0,1
5832,2,1,1
5832,3,0,1
5832,3,1,1
5832,4,2,1
5832,5,0,1
5832,5,2,1
5832,6,1,1
5832,6,2,1
5832,7,0,1
5832,7,1,1
5832,7,2,1
5833,1,0,1
5833,2,1,1
5833,3,0,1
5833,3,1,1
5833,4,2,1
5833,5,0,1
5833,5,2,1
5833,6,1,1
5833,6,2,1
5833,7,0,1
5833,7,1,1
5833,7,2,1
5834,1,0,0
5834,2,1,1
5834,3,0,0
5834,3,1,1
5834,4,2,0
5834,5,0,0
5834,5,2,0
5834,6,1,1
5834,6,2,0
5834,7,0,0
5834,7,1,1
5834,7,2,0
5835,1,0,1
5835,2,1,1
5835,3,0,1
5835,3,1,1
5835,4,2,1
5835,5,0,1
5835,5,2,1
5835,6,1,1
5835,6,2,1
5835,7,0,1
5835,7,1,1
5835,7,2,1
5836,1,0,1
5836,2,1,1
5836,3,0,1
5836,3,1,1
5836,4,2,1
5836,5,0,1
5836,5,2,1
5836,6,1,1
5836,6,2,1
5836,7,0,1
5836,7,1,1
5836,7,2,1
5837,1,0,0
5837,2,1,1
5837,3,0,0
5837,3,1,1
5837,4,2,0
5837,5,0,0
5837,5,2,0
5837,6,1,1
5837,6,2,0
5837,7,0,0
5837,7,1,1
5837,7,2,0
5838,1,0,1
5838,2,1,1
5838,3,0,1
5838,3,1,1
5838,4,2,1
5838,5,0,1
5838,5,2,1
5838,6,1,1
5838,6,2,1
5838,7,0,1
5838,7,1,1
5838,7,2,1
5839,1,0,1
5839,2,1,1
5839,3,0,1
5839,3,1,1
5839,4,2,1
5839,5,0,1
5839,5,2,1
5839,6,1,1
5839,6,2,1
5839,7,0,1
5839,7,1,1
5839,7,2,1
5840,1,0,0
5840,2,1,1
5840,3,0,0
5840,3,1,1
5840,4,2,0
5840,5,0,0
5840,5,2,0
5840,6,1,1
5840,6,2,0
5840,7,0,0
5840,7,1,1
5840,7,2,0
5841,1,0,0
5841,2,1,1
5841,3,0,0
5841,3,1,1
5841,4,2,0
5841,5,0,0
5841,5,2,0
5841,6,1,1
5841,6,2,0
5841,7,0,0
5841,7,1,1
5841,7,2,0
5842,1,0,0
5842,2,1,1
5842,3,0,0
5842,3,1,1
5842,4,2,0
5842,5,0,0
5842,5,2,0
5842,6,1,1
5842,6,2,0
5842,7,0,0
5842,7,1,1
5842,7,2,0
5843,1,0,0
5843,2,1,1
5843,3,0,0
5843,3,1,1
5843,4,2,0
5843,5,0,0
5843,5,2,0
5843,6,1,1
5843,6,2,0
5843,7,0,0
5843,7,1,1
5843,7,2,0
5844,1,0,0
5844,2,1,1
5844,3,0,0
5844,3,1,1
5844,4,2,0
5844,5,0,0
5844,5,2,0
5844,6,1,1
5844,6,2,0
5844,7,0,0
5844,7,1,1
5844,7,2,0
5845,1,0,0
5845,2,1,1
5845,3,0,0
5845,3,1,1
5845,4,2,0
5845,5,0,0
5845,5,2,0
5845,6,1,1
5845,6,2,0
5845,7,0,0
5845,7,1,1
5845,7,2,0
5846,1,0,0
5846,2,1,1
5846,3,0,0
5846,3,1,1
5846,4,2,0
5846,5,0,0
5846,5,2,0
5846,6,1,1
5846,6,2,0
5846,7,0,0
5846,7,1,1
5846,7,2,0
5847,1,0,0
5847,2,1,1
5847,3,0,0
5847,3,1,1
5847,4,2,0
5847,5,0,0
5847,5,2,0
5847,6,1,1
5847,6,2,0
5847,7,0,0
5847,7,1,1
5847,7,2,0
5848,1,0,0
5848,2,1,1
5848,3,0,0
5848,3,1,1
5848,4,2,0
5848,5,0,0
5848,5,2,0
5848,6,1,1
5848,6,2,0
5848,7,0,0
5848,7,1,1
5848,7,2,0
5849,1,0,0
5849,2,1,1
5849,3,0,0
5849,3,1,1
5849,4,2,0
5849,5,0,0
5849,5,2,0
5849,6,1,1
5849,6,2,0
5849,7,0,0
5849,7,1,1
5849,7,2,0
5850,1,0,0
5850,2,1,1
5850,3,0,0
5850,3,1,1
5850,4,2,0
5850,5,0,0
5850,5,2,0
5850,6,1,1
5850,6,2,0
5850,7,0,0
5850,7,1,1
5850,7,2,0
5851,1,0,0
5851,2,1,1
5851,3,0,0
5851,3,1,1
5851,4,2,0
5851,5,0,0
5851,5,2,0
5851,6,1,1
5851,6,2,0
5851,7,0,0
5851,7,1,1
5851,7,2,0
5852,1,0,0
5852,2,1,1
5852,3,0,0
5852,3,1,1
5852,4,2,0
5852,5,0,0
5852,5,2,0
5852,6,1,1
5852,6,2,0
5852,7,0,0
5852,7,1,1
5852,7,2,0
5853,1,0,0
5853,2,1,1
5853,3,0,0
5853,3,1,1
5853,4,2,0
5853,5,0,0
5853,5,2,0
5853,6,1,1
5853,6,2,0
5853,7,0,0
5853,7,1,1
5853,7,2,0
5854,1,0,0
5854,2,1,1
5854,3,0,0
5854,3,1,1
5854,4,2,0
5854,5,0,0
5854,5,2,0
5854,6,1,1
5854,6,2,0
5854,7,0,0
5854,7,1,1
5854,7,2,0
5855,1,0,0
5855,2,1,1
5855,3,0,0
5855,3,1,1
5855,4,2,0
5855,5,0,0
5855,5,2,0
5855,6,1,1
5855,6,2,0
5855,7,0,0
5855,7,1,1
5855,7,2,0
5856,1,0,0
5856,2,1,1
5856,3,0,0
5856,3,1,1
5856,4,2,0
5856,5,0,0
5856,5,2,0
5856,6,1,1
5856,6,2,0
5856,7,0,0
5856,7,1,1
5856,7,2,0
5857,1,0,0
5857,2,1,1
5857,3,0,0
5857,3,1,1
5857,4,2,0
5857,5,0,0
5857,5,2,0
5857,6,1,1
5857,6,2,0
5857,7,0,0
5857,7,1,1
5857,7,2,0
5858,1,0,0
5858,2,1,1
5858,3,0,0
5858,3,1,1
5858,4,2,0
5858,5,0,0
5858,5,2,0
5858,6,1,1
5858,6,2,0
5858,7,0,0
5858,7,1,1
5858,7,2,0
5859,1,0,1
5859,2,1,1
5859,3,0,1
5859,3,1,1
5859,4,2,1
5859,5,0,1
5859,5,2,1
5859,6,1,1
5859,6,2,1
5859,7,0,1
5859,7,1,1
5859,7,2,1
5860,1,0,1
5860,2,1,1
5860,3,0,1
5860,3,1,1
5860,4,2,1
5860,5,0,1
5860,5,2,1
5860,6,1,1
5860,6,2,1
5860,7,0,1
5860,7,1,1
5860,7,2,1
5861,1,0,0
5861,2,1,0
5861,3,0,0
5861,3,1,0
5861,4,2,0
5861,5,0,0
5861,5,2,0
5861,6,1,0
5861,6,2,0
5861,7,0,0
5861,7,1,0
5861,7,2,0
5862,1,0,1
5862,2,1,1
5862,3,0,1
5862,3,1,1
5862,4,2,1
5862,5,0,1
5862,5,2,1
5862,6,1,1
5862,6,2,1
5862,7,0,1
5862,7,1,1
5862,7,2,1
5863,1,0,1
5863,2,1,1
5863,3,0,1
5863,3,1,1
5863,4,2,1
5863,5,0,1
5863,5,2,1
5863,6,1,1
5863,6,2,1
5863,7,0,1
5863,7,1,1
5863,7,2,1
5864,1,0,0
5864,2,1,0
5864,3,0,0
5864,3,1,0
5864,4,2,0
5864,5,0,0
5864,5,2,0
5864,6,1,0
5864,6,2,0
5864,7,0,0
5864,7,1,0
5864,7,2,0
5865,1,0,0
5865,2,1,0
5865,3,0,0
5865,3,1,0
5865,4,2,0
5865,5,0,0
5865,5,2,0
5865,6,1,0
5865,6,2,0
5865,7,0,0
5865,7,1,0
5865,7,2,0
5866,1,0,0
5866,2,1,0
5866,3,0,0
5866,3,1,0
5866,4,2,0
5866,5,0,0
5866,5,2,0
5866,6,1,0
5866,6,2,0
5866,7,0,0
5866,7,1,0
5866,7,2,0
5867,1,0,0
5867,2,1,0
5867,3,0,0
5867,3,1,0
5867,4,2,0
5867,5,0,0
5867,5,2,0
5867,6,1,0
5867,6,2,0
5867,7,0,0
5867,7,1,0
5867,7,2,0
5868,1,0,0
5868,2,1,0
5868,3,0,0
5868,3,1,0
5868,4,2,0
5868,5,0,0
5868,5,2,0
5868,6,1,0
5868,6,2,0
5868,7,0,0
5868,7,1,0
5868,7,2,0
5869,1,0,0
5869,2,1,0
5869,3,0,0
5869,3,1,0
5869,4,2,0
5869,5,0,0
5869,5,2,0
5869,6,1,0
5869,6,2,0
5869,7,0,0
5869,7,1,0
5869,7,2,0
5870,1,0,0
5870,2,1,0
5870,3,0,0
5870,3,1,0
5870,4,2,0
5870,5,0,0
5870,5,2,0
5870,6,1,0
5870,6,2,0
5870,7,0,0
5870,7,1,0
5870,7,2,0
5871,1,0,0
5871,2,1,0
5871,3,0,0
5871,3,1,0
5871,4,2,0
5871,5,0,0
5871,5,2,0
5871,6,1,0
5871,6,2,0
5871,7,0,0
5871,7,1,0
5871,7,2,0
5872,1,0,0
5872,2,1,0
5872,3,0,0
5872,3,1,0
5872,4,2,0
5872,5,0,0
5872,5,2,0
5872,6,1,0
5872,6,2,0
5872,7,0,0
5872,7,1,0
5872,7,2,0
5873,1,0,0
5873,2,1,0
5873,3,0,0
5873,3,1,0
5873,4,2,0
5873,5,0,0
5873,5,2,0
5873,6,1,0
5873,6,2,0
5873,7,0,0
5873,7,1,0
5873,7,2,0
5874,1,0,0
5874,2,1,0
5874,3,0,0
5874,3,1,0
5874,4,2,0
5874,5,0,0
5874,5,2,0
5874,6,1,0
5874,6,2,0
5874,7,0,0
5874,7,1,0
5874,7,2,0
5875,1,0,0
5875,2,1,0
5875,3,0,0
5875,3,1,0
5875,4,2,0
5875,5,0,0
5875,5,2,0
5875,6,1,0
5875,6,2,0
5875,7,0,0
5875,7,1,0
5875,7,2,0
5876,1,0,0
5876,2,1,0
5876,3,0,0
5876,3,1,0
5876,4,2,0
5876,5,0,0
5876,5,2,0
5876,6,1,0
5876,6,2,0
5876,7,0,0
5876,7,1,0
5876,7,2,0
5877,1,0,0
5877,2,1,0
5877,3,0,0
5877,3,1,0
5877,4,2,0
5877,5,0,0
5877,5,2,0
5877,6,1,0
5877,6,2,0
5877,7,0,0
5877,7,1,0
5877,7,2,0
5878,1,0,0
5878,2,1,0
5878,3,0,0
5878,3,1,0
5878,4,2,0
5878,5,0,0
5878,5,2,0
5878,6,1,0
5878,6,2,0
5878,7,0,0
5878,7,1,0
5878,7,2,0
5879,1,0,0
5879,2,1,0
5879,3,0,0
5879,3,1,0
5879,4,2,0
5879,5,0,0
5879,5,2,0
5879,6,1,0
5879,6,2,0
5879,7,0,0
5879,7,1,0
5879,7,2,0
5880,1,0,0
5880,2,1,0
5880,3,0,0
5880,3,1,0
5880,4,2,0
5880,5,0,0
5880,5,2,0
5880,6,1,0
5880,6,2,0
5880,7,0,0
5880,7,1,0
5880,7,2,0
5881,1,0,0
5881,2,1,0
5881,3,0,0
5881,3,1,0
5881,4,2,0
5881,5,0,0
5881,5,2,0
5881,6,1,0
5881,6,2,0
5881,7,0,0
5881,7,1,0
5881,7,2,0
5882,1,0,0
5882,2,1,0
5882,3,0,0
5882,3,1,0
5882,4,2,0
5882,5,0,0
5882,5,2,0
5882,6,1,0
5882,6,2,0
5882,7,0,0
5882,7,1,0
5882,7,2,0
5883,1,0,0
5883,2,1,0
5883,3,0,0
5883,3,1,0
5883,4,2,0
5883,5,0,0
5883,5,2,0
5883,6,1,0
5883,6,2,0
5883,7,0,0
5883,7,1,0
5883,7,2,0
5884,1,0,0
5884,2,1,0
5884,3,0,0
5884,3,1,0
5884,4,2,0
5884,5,0,0
5884,5,2,0
5884,6,1,0
5884,6,2,0
5884,7,0,0
5884,7,1,0
5884,7,2,0
5885,1,0,0
5885,2,1,0
5885,3,0,0
5885,3,1,0
5885,4,2,0
5885,5,0,0
5885,5,2,0
5885,6,1,0
5885,6,2,0
5885,7,0,0
5885,7,1,0
5885,7,2,0
5886,1,0,1
5886,2,1,1
5886,3,0,1
5886,3,1,1
5886,4,2,1
5886,5,0,1
5886,5,2,1
5886,6,1,1
5886,6,2,1
5886,7,0,1
5886,7,1,1
5886,7,2,1
5887,1,0,1
5887,2,1,1
5887,3,0,1
5887,3,1,1
5887,4,2,1
5887,5,0,1
5887,5,2,1
5887,6,1,1
5887,6,2,1
5887,7,0,1
5887,7,1,1
5887,7,2,1
5888,1,0,0
5888,2,1,0
5888,3,0,0
5888,3,1,0
5888,4,2,0
5888,5,0,0
5888,5,2,0
5888,6,1,0
5888,6,2,0
5888,7,0,0
5888,7,1,0
5888,7,2,0
5889,1,0,0
5889,2,1,0
5889,3,0,0
5889,3,1,0
5889,4,2,0
5889,5,0,0
5889,5,2,0
5889,6,1,0
5889,6,2,0
5889,7,0,0
5889,7,1,0
5889,7,2,0
5890,1,0,0
5890,2,1,0
5890,3,0,0
5890,3,1,0
5890,4,2,0
5890,5,0,0
5890,5,2,0
5890,6,1,0
5890,6,2,0
5890,7,0,0
5890,7,1,0
5890,7,2,0
5891,1,0,0
5891,2,1,0
5891,3,0,0
5891,3,1,0
5891,4,2,0
5891,5,0,0
5891,5,2,0
5891,6,1,0
5891,6,2,0
5891,7,0,0
5891,7,1,0
5891,7,2,0
5892,1,0,0
5892,2,1,0
5892,3,0,0
5892,3,1,0
5892,4,2,0
5892,5,0,0
5892,5,2,0
5892,6,1,0
5892,6,2,0
5892,7,0,0
5892,7,1,0
5892,7,2,0
5893,1,0,0
5893,2,1,0
5893,3,0,0
5893,3,1,0
5893,4,2,0
5893,5,0,0
5893,5,2,0
5893,6,1,0
5893,6,2,0
5893,7,0,0
5893,7,1,0
5893,7,2,0
5894,1,0,0
5894,2,1,0
5894,3,0,0
5894,3,1,0
5894,4,2,0
5894,5,0,0
5894,5,2,0
5894,6,1,0
5894,6,2,0
5894,7,0,0
5894,7,1,0
5894,7,2,0
5895,1,0,0
5895,2,1,0
5895,3,0,0
5895,3,1,0
5895,4,2,0
5895,5,0,0
5895,5,2,0
5895,6,1,0
5895,6,2,0
5895,7,0,0
5895,7,1,0
5895,7,2,0
5896,1,0,0
5896,2,1,0
5896,3,0,0
5896,3,1,0
5896,4,2,0
5896,5,0,0
5896,5,2,0
5896,6,1,0
5896,6,2,0
5896,7,0,0
5896,7,1,0
5896,7,2,0
5897,1,0,0
5897,2,1,0
5897,3,0,0
5897,3,1,0
5897,4,2,0
5897,5,0,0
5897,5,2,0
5897,6,1,0
5897,6,2,0
5897,7,0,0
5897,7,1,0
5897,7,2,0
5898,1,0,0
5898,2,1,0
5898,3,0,0
5898,3,1,0
5898,4,2,0
5898,5,0,0
5898,5,2,0
5898,6,1,0
5898,6,2,0
5898,7,0,0
5898,7,1,0
5898,7,2,0
5899,1,0,0
5899,2,1,0
5899,3,0,0
5899,3,1,0
5899,4,2,0
5899,5,0,0
5899,5,2,0
5899,6,1,0
5899,6,2,0
5899,7,0,0
5899,7,1,0
5899,7,2,0
5900,1,0,0
5900,2,1,0
5900,3,0,0
5900,3,1,0
5900,4,2,0
5900,5,0,0
5900,5,2,0
5900,6,1,0
5900,6,2,0
5900,7,0,0
5900,7,1,0
5900,7,2,0
5901,1,0,0
5901,2,1,0
5901,3,0,0
5901,3,1,0
5901,4,2,0
5901,5,0,0
5901,5,2,0
5901,6,1,0
5901,6,2,0
5901,7,0,0
5901,7,1,0
5901,7,2,0
5902,1,0,0
5902,2,1,0
5902,3,0,0
5902,3,1,0
5902,4,2,0
5902,5,0,0
5902,5,2,0
5902,6,1,0
5902,6,2,0
5902,7,0,0
5902,7,1,0
5902,7,2,0
5903,1,0,0
5903,2,1,0
5903,3,0,0
5903,3,1,0
5903,4,2,0
5903,5,0,0
5903,5,2,0
5903,6,1,0
5903,6,2,0
5903,7,0,0
5903,7,1,0
5903,7,2,0
5904,1,0,0
5904,2,1,0
5904,3,0,0
5904,3,1,0
5904,4,2,0
5904,5,0,0
5904,5,2,0
5904,6,1,0
5904,6,2,0
5904,7,0,0
5904,7,1,0
5904,7,2,0
5905,1,0,0
5905,2,1,0
5905,3,0,0
5905,3,1,0
5905,4,2,0
5905,5,0,0
5905,5,2,0
5905,6,1,0
5905,6,2,0
5905,7,0,0
5905,7,1,0
5905,7,2,0
5906,1,0,0
5906,2,1,0
5906,3,0,0
5906,3,1,0
5906,4,2,0
5906,5,0,0
5906,5,2,0
5906,6,1,0
5906,6,2,0
5906,7,0,0
5906,7,1,0
5906,7,2,0
5907,1,0,0
5907,2,1,0
5907,3,0,0
5907,3,1,0
5907,4,2,0
5907,5,0,0
5907,5,2,0
5907,6,1,0
5907,6,2,0
5907,7,0,0
5907,7,1,0
5907,7,2,0
5908,1,0,0
5908,2,1,0
5908,3,0,0
5908,3,1,0
5908,4,2,0
5908,5,0,0
5908,5,2,0
5908,6,1,0
5908,6,2,0
5908,7,0,0
5908,7,1,0
5908,7,2,0
5909,1,0,0
5909,2,1,0
5909,3,0,0
5909,3,1,0
5909,4,2,0
5909,5,0,0
5909,5,2,0
5909,6,1,0
5909,6,2,0
5909,7,0,0
5909,7,1,0
5909,7,2,0
5910,1,0,0
5910,2,1,0
5910,3,0,0
5910,3,1,0
5910,4,2,0
5910,5,0,0
5910,5,2,0
5910,6,1,0
5910,6,2,0
5910,7,0,0
5910,7,1,0
5910,7,2,0
5911,1,0,0
5911,2,1,0
5911,3,0,0
5911,3,1,0
5911,4,2,0
5911,5,0,0
5911,5,2,0
5911,6,1,0
5911,6,2,0
5911,7,0,0
5911,7,1,0
5911,7,2,0
5912,1,0,0
5912,2,1,0
5912,3,0,0
5912,3,1,0
5912,4,2,0
5912,5,0,0
5912,5,2,0
5912,6,1,0
5912,6,2,0
5912,7,0,0
5912,7,1,0
5912,7,2,0
5913,1,0,1
5913,2,1,1
5913,3,0,1
5913,3,1,1
5913,4,2,1
5913,5,0,1
5913,5,2,1
5913,6,1,1
5913,6,2,1
5913,7,0,1
5913,7,1,1
5913,7,2,1
5914,1,0,1
5914,2,1,1
5914,3,0,1
5914,3,1,1
5914,4,2,1
5914,5,0,1
5914,5,2,1
5914,6,1,1
5914,6,2,1
5914,7,0,1
5914,7,1,1
5914,7,2,1
5915,1,0,0
5915,2,1,1
5915,3,0,0
5915,3,1,1
5915,4,2,0
5915,5,0,0
5915,5,2,0
5915,6,1,1
5915,6,2,0
5915,7,0,0
5915,7,1,1
5915,7,2,0
5916,1,0,1
5916,2,1,1
5916,3,0,1
5916,3,1,1
5916,4,2,1
5916,5,0,1
5916,5,2,1
5916,6,1,1
5916,6,2,1
5916,7,0,1
5916,7,1,1
5916,7,2,1
5917,1,0,1
5917,2,1,1
5917,3,0,1
5917,3,1,1
5917,4,2,1
5917,5,0,1
5917,5,2,1
5917,6,1,1
5917,6,2,1
5917,7,0,1
5917,7,1,1
5917,7,2,1
5918,1,0,0
5918,2,1,1
5918,3,0,0
5918,3,1,1
5918,4,2,0
5918,5,0,0
5918,5,2,0
5918,6,1,1
5918,6,2,0
5918,7,0,0
5918,7,1,1
5918,7,2,0
5919,1,0,1
5919,2,1,1
5919,3,0,1
5919,3,1,1
5919,4,2,1
5919,5,0,1
5919,5,2,1
5919,6,1,1
5919,6,2,1
5919,7,0,1
5919,7,1,1
5919,7,2,1
5920,1,0,1
5920,2,1,1
5920,3,0,1
5920,3,1,1
5920,4,2,1
5920,5,0,1
5920,5,2,1
5920,6,1,1
5920,6,2,1
5920,7,0,1
5920,7,1,1
5920,7,2,1
5921,1,0,0
5921,2,1,1
5921,3,0,0
5921,3,1,1
5921,4,2,0
5921,5,0,0
5921,5,2,0
5921,6,1,1
5921,6,2,0
5921,7,0,0
5921,7,1,1
5921,7,2,0
5922,1,0,0
5922,2,1,1
5922,3,0,0
5922,3,1,1
5922,4,2,0
5922,5,0,0
5922,5,2,0
5922,6,1,1
5922,6,2,0
5922,7,0,0
5922,7,1,1
5922,7,2,0
5923,1,0,0
5923,2,1,1
5923,3,0,0
5923,3,1,1
5923,4,2,0
5923,5,0,0
5923,5,2,0
5923,6,1,1
5923,6,2,0
5923,7,0,0
5923,7,1,1
5923,7,2,0
5924,1,0,0
5924,2,1,1
5924,3,0,0
5924,3,1,1
5924,4,2,0
5924,5,0,0
5924,5,2,0
5924,6,1,1
5924,6,2,0
5924,7,0,0
5924,7,1,1
5924,7,2,0
5925,1,0,0
5925,2,1,1
5925,3,0,0
5925,3,1,1
5925,4,2,0
5925,5,0,0
5925,5,2,0
5925,6,1,1
5925,6,2,0
5925,7,0,0
5925,7,1,1
5925,7,2,0
5926,1,0,0
5926,2,1,1
5926,3,0,0
5926,3,1,1
5926,4,2,0
5926,5,0,0
5926,5,2,0
5926,6,1,1
5926,6,2,0
5926,7,0,0
5926,7,1,1
5926,7,2,0
5927,1,0,0
5927,2,1,1
5927,3,0,0
5927,3,1,1
5927,4,2,0
5927,5,0,0
5927,5,2,0
5927,6,1,1
5927,6,2,0
5927,7,0,0
5927,7,1,1
5927,7,2,0
5928,1,0,0
5928,2,1,1
5928,3,0,0
5928,3,1,1
5928,4,2,0
5928,5,0,0
5928,5,2,0
5928,6,1,1
5928,6,2,0
5928,7,0,0
5928,7,1,1
5928,7,2,0
5929,1,0,0
5929,2,1,1
5929,3,0,0
5929,3,1,1
5929,4,2,0
5929,5,0,0
5929,5,2,0
5929,6,1,1
5929,6,2,0
5929,7,0,0
5929,7,1,1
5929,7,2,0
5930,1,0,0
5930,2,1,1
5930,3,0,0
5930,3,1,1
5930,4,2,0
5930,5,0,0
5930,5,2,0
5930,6,1,1
5930,6,2,0
5930,7,0,0
5930,7,1,1
5930,7,2,0
5931,1,0,0
5931,2,1,1
5931,3,0,0
5931,3,1,1
5931,4,2,0
5931,5,0,0
5931,5,2,0
5931,6,1,1
5931,6,2,0
5931,7,0,0
5931,7,1,1
5931,7,2,0
5932,1,0,0
5932,2,1,1
5932,3,0,0
5932,3,1,1
5932,4,2,0
5932,5,0,0
5932,5,2,0
5932,6,1,1
5932,6,2,0
5932,7,0,0
5932,7,1,1
5932,7,2,0
5933,1,0,0
5933,2,1,1
5933,3,0,0
5933,3,1,1
5933,4,2,0
5933,5,0,0
5933,5,2,0
5933,6,1,1
5933,6,2,0
5933,7,0,0
5933,7,1,1
5933,7,2,0
5934,1,0,0
5934,2,1,1
5934,3,0,0
5934,3,1,1
5934,4,2,0
5934,5,0,0
5934,5,2,0
5934,6,1,1
5934,6,2,0
5934,7,0,0
5934,7,1,1
5934,7,2,0
5935,1,0,0
5935,2,1,1
5935,3,0,0
5935,3,1,1
5935,4,2,0
5935,5,0,0
5935,5,2,0
5935,6,1,1
5935,6,2,0
5935,7,0,0
5935,7,1,1
5935,7,2,0
5936,1,0,0
5936,2,1,1
5936,3,0,0
5936,3,1,1
5936,4,2,0
5936,5,0,0
5936,5,2,0
5936,6,1,1
5936,6,2,0
5936,7,0,0
5936,7,1,1
5936,7,2,0
5937,1,0,0
5937,2,1,1
5937,3,0,0
5937,3,1,1
5937,4,2,0
5937,5,0,0
5937,5,2,0
5937,6,1,1
5937,6,2,0
5937,7,0,0
5937,7,1,1
5937,7,2,0
5938,1,0,0
5938,2,1,1
5938,3,0,0
5938,3,1,1
5938,4,2,0
5938,5,0,0
5938,5,2,0
5938,6,1,1
5938,6,2,0
5938,7,0,0
5938,7,1,1
5938,7,2,0
5939,1,0,0
5939,2,1,1
5939,3,0,0
5939,3,1,1
5939,4,2,0
5939,5,0,0
5939,5,2,0
5939,6,1,1
5939,6,2,0
5939,7,0,0
5939,7,1,1
5939,7,2,0
5940,1,0,1
5940,2,1,1
5940,3,0,1
5940,3,1,1
5940,4,2,1
5940,5,0,1
5940,5,2,1
5940,6,1,1
5940,6,2,1
5940,7,0,1
5940,7,1,1
5940,7,2,1
5941,1,0,1
5941,2,1,1
5941,3,0,1
5941,3,1,1
5941,4,2,1
5941,5,0,1
5941,5,2,1
5941,6,1,1
5941,6,2,1
5941,7,0,1
5941,7,1,1
5941,7,2,1
5942,1,0,0
5942,2,1,0
5942,3,0,0
5942,3,1,0
5942,4,2,0
5942,5,0,0
5942,5,2,0
5942,6,1,0
5942,6,2,0
5942,7,0,0
5942,7,1,0
5942,7,2,0
5943,1,0,1
5943,2,1,1
5943,3,0,1
5943,3,1,1
5943,4,2,1
5943,5,0,1
5943,5,2,1
5943,6,1,1
5943,6,2,1
5943,7,0,1
5943,7,1,1
5943,7,2,1
5944,1,0,1
5944,2,1,1
5944,3,0,1
5944,3,1,1
5944,4,2,1
5944,5,0,1
5944,5,2,1
5944,6,1,1
5944,6,2,1
5944,7,0,1
5944,7,1,1
5944,7,2,1
5945,1,0,0
5945,2,1,0
5945,3,0,0
5945,3,1,0
5945,4,2,0
5945,5,0,0
5945,5,2,0
5945,6,1,0
5945,6,2,0
5945,7,0,0
5945,7,1,0
5945,7,2,0
5946,1,0,0
5946,2,1,0
5946,3,0,0
5946,3,1,0
5946,4,2,0
5946,5,0,0
5946,5,2,0
5946,6,1,0
5946,6,2,0
5946,7,0,0
5946,7,1,0
5946,7,2,0
5947,1,0,0
5947,2,1,0
5947,3,0,0
5947,3,1,0
5947,4,2,0
5947,5,0,0
5947,5,2,0
5947,6,1,0
5947,6,2,0
5947,7,0,0
5947,7,1,0
5947,7,2,0
5948,1,0,0
5948,2,1,0
5948,3,0,0
5948,3,1,0
5948,4,2,0
5948,5,0,0
5948,5,2,0
5948,6,1,0
5948,6,2,0
5948,7,0,0
5948,7,1,0
5948,7,2,0
5949,1,0,0
5949,2,1,0
5949,3,0,0
5949,3,1,0
5949,4,2,0
5949,5,0,0
5949,5,2,0
5949,6,1,0
5949,6,2,0
5949,7,0,0
5949,7,1,0
5949,7,2,0
5950,1,0,0
5950,2,1,0
5950,3,0,0
5950,3,1,0
5950,4,2,0
5950,5,0,0
5950,5,2,0
5950,6,1,0
5950,6,2,0
5950,7,0,0
5950,7,1,0
5950,7,2,0
5951,1,0,0
5951,2,1,0
5951,3,0,0
5951,3,1,0
5951,4,2,0
5951,5,0,0
5951,5,2,0
5951,6,1,0
5951,6,2,0
5951,7,0,0
5951,7,1,0
5951,7,2,0
5952,1,0,0
5952,2,1,0
5952,3,0,0
5952,3,1,0
5952,4,2,0
5952,5,0,0
5952,5,2,0
5952,6,1,0
5952,6,2,0
5952,7,0,0
5952,7,1,0
5952,7,2,0
5953,1,0,0
5953,2,1,0
5953,3,0,0
5953,3,1,0
5953,4,2,0
5953,5,0,0
5953,5,2,0
5953,6,1,0
5953,6,2,0
5953,7,0,0
5953,7,1,0
5953,7,2,0
5954,1,0,0
5954,2,1,0
5954,3,0,0
5954,3,1,0
5954,4,2,0
5954,5,0,0
5954,5,2,0
5954,6,1,0
5954,6,2,0
5954,7,0,0
5954,7,1,0
5954,7,2,0
5955,1,0,0
5955,2,1,0
5955,3,0,0
5955,3,1,0
5955,4,2,0
5955,5,0,0
5955,5,2,0
5955,6,1,0
5955,6,2,0
5955,7,0,0
5955,7,1,0
5955,7,2,0
5956,1,0,0
5956,2,1,0
5956,3,0,0
5956,3,1,0
5956,4,2,0
5956,5,0,0
5956,5,2,0
5956,6,1,0
5956,6,2,0
5956,7,0,0
5956,7,1,0
5956,7,2,0
5957,1,0,0
5957,2,1,0
5957,3,0,0
5957,3,1,0
5957,4,2,0
5957,5,0,0
5957,5,2,0
5957,6,1,0
5957,6,2,0
5957,7,0,0
5957,7,1,0
5957,7,2,0
5958,1,0,0
5958,2,1,0
5958,3,0,0
5958,3,1,0
5958,4,2,0
5958,5,0,0
5958,5,2,0
5958,6,1,0
5958,6,2,0
5958,7,0,0
5958,7,1,0
5958,7,2,0
5959,1,0,0
5959,2,1,0
5959,3,0,0
5959,3,1,0
5959,4,2,0
5959,5,0,0
5959,5,2,0
5959,6,1,0
5959,6,2,0
5959,7,0,0
5959,7,1,0
5959,7,2,0
5960,1,0,0
5960,2,1,0
5960,3,0,0
5960,3,1,0
5960,4,2,0
5960,5,0,0
5960,5,2,0
5960,6,1,0
5960,6,2,0
5960,7,0,0
5960,7,1,0
5960,7,2,0
5961,1,0,0
5961,2,1,0
5961,3,0,0
5961,3,1,0
5961,4,2,0
5961,5,0,0
5961,5,2,0
5961,6,1,0
5961,6,2,0
5961,7,0,0
5961,7,1,0
5961,7,2,0
5962,1,0,0
5962,2,1,0
5962,3,0,0
5962,3,1,0
5962,4,2,0
5962,5,0,0
5962,5,2,0
5962,6,1,0
5962,6,2,0
5962,7,0,0
5962,7,1,0
5962,7,2,0
5963,1,0,0
5963,2,1,0
5963,3,0,0
5963,3,1,0
5963,4,2,0
5963,5,0,0
5963,5,2,0
5963,6,1,0
5963,6,2,0
5963,7,0,0
5963,7,1,0
5963,7,2,0
5964,1,0,0
5964,2,1,0
5964,3,0,0
5964,3,1,0
5964,4,2,0
5964,5,0,0
5964,5,2,0
5964,6,1,0
5964,6,2,0
5964,7,0,0
5964,7,1,0
5964,7,2,0
5965,1,0,0
5965,2,1,0
5965,3,0,0
5965,3,1,0
5965,4,2,0
5965,5,0,0
5965,5,2,0
5965,6,1,0
5965,6,2,0
5965,7,0,0
5965,7,1,0
5965,7,2,0
5966,1,0,0
5966,2,1,0
5966,3,0,0
5966,3,1,0
5966,4,2,0
5966,5,0,0
5966,5,2,0
5966,6,1,0
5966,6,2,0
5966,7,0,0
5966,7,1,0
5966,7,2,0
5967,1,0,1
5967,2,1,1
5967,3,0,1
5967,3,1,1
5967,4,2,1
5967,5,0,1
5967,5,2,1
5967,6,1,1
5967,6,2,1
5967,7,0,1
5967,7,1,1
5967,7,2,1
5968,1,0,1
5968,2,1,1
5968,3,0,1
5968,3,1,1
5968,4,2,1
5968,5,0,1
5968,5,2,1
5968,6,1,1
5968,6,2,1
5968,7,0,1
5968,7,1,1
5968,7,2,1
5969,1,0,0
5969,2,1,0
5969,3,0,0
5969,3,1,0
5969,4,2,0
5969,5,0,0
5969,5,2,0
5969,6,1,0
5969,6,2,0
5969,7,0,0
5969,7,1,0
5969,7,2,0
5970,1,0,0
5970,2,1,0
5970,3,0,0
5970,3,1,0
5970,4,2,0
5970,5,0,0
5970,5,2,0
5970,6,1,0
5970,6,2,0
5970,7,0,0
5970,7,1,0
5970,7,2,0
5971,1,0,0
5971,2,1,0
5971,3,0,0
5971,3,1,0
5971,4,2,0
5971,5,0,0
5971,5,2,0
5971,6,1,0
5971,6,2,0
5971,7,0,0
5971,7,1,0
5971,7,2,0
5972,1,0,0
5972,2,1,0
5972,3,0,0
5972,3,1,0
5972,4,2,0
5972,5,0,0
5972,5,2,0
5972,6,1,0
5972,6,2,0
5972,7,0,0
5972,7,1,0
5972,7,2,0
5973,1,0,0
5973,2,1,0
5973,3,0,0
5973,3,1,0
5973,4,2,0
5973,5,0,0
5973,5,2,0
5973,6,1,0
5973,6,2,0
5973,7,0,0
5973,7,1,0
5973,7,2,0
5974,1,0,0
5974,2,1,0
5974,3,0,0
5974,3,1,0
5974,4,2,0
5974,5,0,0
5974,5,2,0
5974,6,1,0
5974,6,2,0
5974,7,0,0
5974,7,1,0
5974,7,2,0
5975,1,0,0
5975,2,1,0
5975,3,0,0
5975,3,1,0
5975,4,2,0
5975,5,0,0
5975,5,2,0
5975,6,1,0
5975,6,2,0
5975,7,0,0
5975,7,1,0
5975,7,2,0
5976,1,0,0
5976,2,1,0
5976,3,0,0
5976,3,1,0
5976,4,2,0
5976,5,0,0
5976,5,2,0
5976,6,1,0
5976,6,2,0
5976,7,0,0
5976,7,1,0
5976,7,2,0
5977,1,0,0
5977,2,1,0
5977,3,0,0
5977,3,1,0
5977,4,2,0
5977,5,0,0
5977,5,2,0
5977,6,1,0
5977,6,2,0
5977,7,0,0
5977,7,1,0
5977,7,2,0
5978,1,0,0
5978,2,1,0
5978,3,0,0
5978,3,1,0
5978,4,2,0
5978,5,0,0
5978,5,2,0
5978,6,1,0
5978,6,2,0
5978,7,0,0
5978,7,1,0
5978,7,2,0
5979,1,0,0
5979,2,1,0
5979,3,0,0
5979,3,1,0
5979,4,2,0
5979,5,0,0
5979,5,2,0
5979,6,1,0
5979,6,2,0
5979,7,0,0
5979,7,1,0
5979,7,2,0
5980,1,0,0
5980,2,1,0
5980,3,0,0
5980,3,1,0
5980,4,2,0
5980,5,0,0
5980,5,2,0
5980,6,1,0
5980,6,2,0
5980,7,0,0
5980,7,1,0
5980,7,2,0
5981,1,0,0
5981,2,1,0
5981,3,0,0
5981,3,1,0
5981,4,2,0
5981,5,0,0
5981,5,2,0
5981,6,1,0
5981,6,2,0
5981,7,0,0
5981,7,1,0
5981,7,2,0
5982,1,0,0
5982,2,1,0
5982,3,0,0
5982,3,1,0
5982,4,2,0
5982,5,0,0
5982,5,2,0
5982,6,1,0
5982,6,2,0
5982,7,0,0
5982,7,1,0
5982,7,2,0
5983,1,0,0
5983,2,1,0
5983,3,0,0
5983,3,1,0
5983,4,2,0
5983,5,0,0
5983,5,2,0
5983,6,1,0
5983,6,2,0
5983,7,0,0
5983,7,1,0
5983,7,2,0
5984,1,0,0
5984,2,1,0
5984,3,0,0
5984,3,1,0
5984,4,2,0
5984,5,0,0
5984,5,2,0
5984,6,1,0
5984,6,2,0
5984,7,0,0
5984,7,1,0
5984,7,2,0
5985,1,0,0
5985,2,1,0
5985,3,0,0
5985,3,1,0
5985,4,2,0
5985,5,0,0
5985,5,2,0
5985,6,1,0
5985,6,2,0
5985,7,0,0
5985,7,1,0
5985,7,2,0
5986,1,0,0
5986,2,1,0
5986,3,0,0
5986,3,1,0
5986,4,2,0
5986,5,0,0
5986,5,2,0
5986,6,1,0
5986,6,2,0
5986,7,0,0
5986,7,1,0
5986,7,2,0
5987,1,0,0
5987,2,1,0
5987,3,0,0
5987,3,1,0
5987,4,2,0
5987,5,0,0
5987,5,2,0
5987,6,1,0
5987,6,2,0
5987,7,0,0
5987,7,1,0
5987,7,2,0
5988,1,0,0
5988,2,1,0
5988,3,0,0
5988,3,1,0
5988,4,2,0
5988,5,0,0
5988,5,2,0
5988,6,1,0
5988,6,2,0
5988,7,0,0
5988,7,1,0
5988,7,2,0
5989,1,0,0
5989,2,1,0
5989,3,0,0
5989,3,1,0
5989,4,2,0
5989,5,0,0
5989,5,2,0
5989,6,1,0
5989,6,2,0
5989,7,0,0
5989,7,1,0
5989,7,2,0
5990,1,0,0
5990,2,1,0
5990,3,0,0
5990,3,1,0
5990,4,2,0
5990,5,0,0
5990,5,2,0
5990,6,1,0
5990,6,2,0
5990,7,0,0
5990,7,1,0
5990,7,2,0
5991,1,0,0
5991,2,1,0
5991,3,0,0
5991,3,1,0
5991,4,2,0
5991,5,0,0
5991,5,2,0
5991,6,1,0
5991,6,2,0
5991,7,0,0
5991,7,1,0
5991,7,2,0
5992,1,0,0
5992,2,1,0
5992,3,0,0
5992,3,1,0
5992,4,2,0
5992,5,0,0
5992,5,2,0
5992,6,1,0
5992,6,2,0
5992,7,0,0
5992,7,1,0
5992,7,2,0
5993,1,0,0
5993,2,1,0
5993,3,0,0
5993,3,1,0
5993,4,2,0
5993,5,0,0
5993,5,2,0
5993,6,1,0
5993,6,2,0
5993,7,0,0
5993,7,1,0
5993,7,2,0
5994,1,0,1
5994,2,1,0
5994,3,0,1
5994,3,1,0
5994,4,2,0
5994,5,0,1
5994,5,2,0
5994,6,1,0
5994,6,2,0
5994,7,0,1
5994,7,1,0
5994,7,2,0
5995,1,0,1
5995,2,1,0
5995,3,0,1
5995,3,1,0
5995,4,2,0
5995,5,0,1
5995,5,2,0
5995,6,1,0
5995,6,2,0
5995,7,0,1
5995,7,1,0
5995,7,2,0
5996,1,0,0
5996,2,1,0
5996,3,0,0
5996,3,1,0
5996,4,2,0
5996,5,0,0
5996,5,2,0
5996,6,1,0
5996,6,2,0
5996,7,0,0
5996,7,1,0
5996,7,2,0
5997,1,0,0
5997,2,1,0
5997,3,0,0
5997,3,1,0
5997,4,2,0
5997,5,0,0
5997,5,2,0
5997,6,1,0
5997,6,2,0
5997,7,0,0
5997,7,1,0
5997,7,2,0
5998,1,0,0
5998,2,1,0
5998,3,0,0
5998,3,1,0
5998,4,2,0
5998,5,0,0
5998,5,2,0
5998,6,1,0
5998,6,2,0
5998,7,0,0
5998,7,1,0
5998,7,2,0
5999,1,0,0
5999,2,1,0
5999,3,0,0
5999,3,1,0
5999,4,2,0
5999,5,0,0
5999,5,2,0
5999,6,1,0
5999,6,2,0
5999,7,0,0
5999,7,1,0
5999,7,2,0
