edge_encoding,port_bits,initial,live
6000,1,0,0
6000,2,1,0
6000,3,0,0
6000,3,1,0
6000,4,2,0
6000,5,0,0
6000,5,2,0
6000,6,1,0
6000,6,2,0
6000,7,0,0
6000,7,1,0
6000,7,2,0
6001,1,0,0
6001,2,1,0
6001,3,0,0
6001,3,1,0
6001,4,2,0
6001,5,0,0
6001,5,2,0
6001,6,1,0
6001,6,2,0
6001,7,0,0
6001,7,1,0
6001,7,2,0
6002,1,0,0
6002,2,1,0
6002,3,0,0
6002,3,1,0
6002,4,2,0
6002,5,0,0
6002,5,2,0
6002,6,1,0
6002,6,2,0
6002,7,0,0
6002,7,1,0
6002,7,2,0
6003,1,0,0
6003,2,1,0
6003,3,0,0
6003,3,1,0
6003,4,2,0
6003,5,0,0
6003,5,2,0
6003,6,1,0
6003,6,2,0
6003,7,0,0
6003,7,1,0
6003,7,2,0
6004,1,0,0
6004,2,1,0
6004,3,0,0
6004,3,1,0
6004,4,2,0
6004,5,0,0
6004,5,2,0
6004,6,1,0
6004,6,2,0
6004,7,0,0
6004,7,1,0
6004,7,2,0
6005,1,0,0
6005,2,1,0
6005,3,0,0
6005,3,1,0
6005,4,2,0
6005,5,0,0
6005,5,2,0
6005,6,1,0
6005,6,2,0
6005,7,0,0
6005,7,1,0
6005,7,2,0
6006,1,0,0
6006,2,1,0
6006,3,0,0
6006,3,1,0
6006,4,2,0
6006,5,0,0
6006,5,2,0
6006,6,1,0
6006,6,2,0
6006,7,0,0
6006,7,1,0
6006,7,2,0
6007,1,0,0
6007,2,1,0
6007,3,0,0
6007,3,1,0
6007,4,2,0
6007,5,0,0
6007,5,2,0
6007,6,1,0
6007,6,2,0
6007,7,0,0
6007,7,1,0
6007,7,2,0
6008,1,0,0
6008,2,1,0
6008,3,0,0
6008,3,1,0
6008,4,2,0
6008,5,0,0
6008,5,2,0
6008,6,1,0
6008,6,2,0
6008,7,0,0
6008,7,1,0
6008,7,2,0
6009,1,0,0
6009,2,1,0
6009,3,0,0
6009,3,1,0
6009,4,2,0
6009,5,0,0
6009,5,2,0
6009,6,1,0
6009,6,2,0
6009,7,0,0
6009,7,1,0
6009,7,2,0
6010,1,0,0
6010,2,1,0
6010,3,0,0
6010,3,1,0
6010,4,2,0
6010,5,0,0
6010,5,2,0
6010,6,1,0
6010,6,2,0
6010,7,0,0
6010,7,1,0
6010,7,2,0
6011,1,0,0
6011,2,1,0
6011,3,0,0
6011,3,1,0
6011,4,2,0
6011,5,0,0
6011,5,2,0
6011,6,1,0
6011,6,2,0
6011,7,0,0
6011,7,1,0
6011,7,2,0
6012,1,0,0
6012,2,1,0
6012,3,0,0
6012,3,1,0
6012,4,2,0
6012,5,0,0
6012,5,2,0
6012,6,1,0
6012,6,2,0
6012,7,0,0
6012,7,1,0
6012,7,2,0
6013,1,0,0
6013,2,1,0
6013,3,0,0
6013,3,1,0
6013,4,2,0
6013,5,0,0
6013,5,2,0
6013,6,1,0
6013,6,2,0
6013,7,0,0
6013,7,1,0
6013,7,2,0
6014,1,0,0
6014,2,1,0
6014,3,0,0
6014,3,1,0
6014,4,2,0
6014,5,0,0
6014,5,2,0
6014,6,1,0
6014,6,2,0
6014,7,0,0
6014,7,1,0
6014,7,2,0
6015,1,0,0
6015,2,1,0
6015,3,0,0
6015,3,1,0
6015,4,2,0
6015,5,0,0
6015,5,2,0
6015,6,1,0
6015,6,2,0
6015,7,0,0
6015,7,1,0
6015,7,2,0
6016,1,0,0
6016,2,1,0
6016,3,0,0
6016,3,1,0
6016,4,2,0
6016,5,0,0
6016,5,2,0
6016,6,1,0
6016,6,2,0
6016,7,0,0
6016,7,1,0
6016,7,2,0
6017,1,0,0
6017,2,1,0
6017,3,0,0
6017,3,1,0
6017,4,2,0
6017,5,0,0
6017,5,2,0
6017,6,1,0
6017,6,2,0
6017,7,0,0
6017,7,1,0
6017,7,2,0
6018,1,0,0
6018,2,1,0
6018,3,0,0
6018,3,1,0
6018,4,2,0
6018,5,0,0
6018,5,2,0
6018,6,1,0
6018,6,2,0
6018,7,0,0
6018,7,1,0
6018,7,2,0
6019,1,0,0
6019,2,1,0
6019,3,0,0
6019,3,1,0
6019,4,2,0
6019,5,0,0
6019,5,2,0
6019,6,1,0
6019,6,2,0
6019,7,0,0
6019,7,1,0
6019,7,2,0
6020,1,0,0
6020,2,1,0
6020,3,0,0
6020,3,1,0
6020,4,2,0
6020,5,0,0
6020,5,2,0
6020,6,1,0
6020,6,2,0
6020,7,0,0
6020,7,1,0
6020,7,2,0
6021,1,0,1
6021,2,1,0
6021,3,0,1
6021,3,1,0
6021,4,2,0
6021,5,0,1
6021,5,2,0
6021,6,1,0
6021,6,2,0
6021,7,0,1
6021,7,1,0
6021,7,2,0
6022,1,0,1
6022,2,1,0
6022,3,0,1
6022,3,1,0
6022,4,2,0
6022,5,0,1
6022,5,2,0
6022,6,1,0
6022,6,2,0
6022,7,0,1
6022,7,1,0
6022,7,2,0
6023,1,0,0
6023,2,1,0
6023,3,0,0
6023,3,1,0
6023,4,2,0
6023,5,0,0
6023,5,2,0
6023,6,1,0
6023,6,2,0
6023,7,0,0
6023,7,1,0
6023,7,2,0
6024,1,0,0
6024,2,1,0
6024,3,0,0
6024,3,1,0
6024,4,2,0
6024,5,0,0
6024,5,2,0
6024,6,1,0
6024,6,2,0
6024,7,0,0
6024,7,1,0
6024,7,2,0
6025,1,0,0
6025,2,1,0
6025,3,0,0
6025,3,1,0
6025,4,2,0
6025,5,0,0
6025,5,2,0
6025,6,1,0
6025,6,2,0
6025,7,0,0
6025,7,1,0
6025,7,2,0
6026,1,0,0
6026,2,1,0
6026,3,0,0
6026,3,1,0
6026,4,2,0
6026,5,0,0
6026,5,2,0
6026,6,1,0
6026,6,2,0
6026,7,0,0
6026,7,1,0
6026,7,2,0
6027,1,0,0
6027,2,1,0
6027,3,0,0
6027,3,1,0
6027,4,2,0
6027,5,0,0
6027,5,2,0
6027,6,1,0
6027,6,2,0
6027,7,0,0
6027,7,1,0
6027,7,2,0
6028,1,0,0
6028,2,1,0
6028,3,0,0
6028,3,1,0
6028,4,2,0
6028,5,0,0
6028,5,2,0
6028,6,1,0
6028,6,2,0
6028,7,0,0
6028,7,1,0
6028,7,2,0
6029,1,0,0
6029,2,1,0
6029,3,0,0
6029,3,1,0
6029,4,2,0
6029,5,0,0
6029,5,2,0
6029,6,1,0
6029,6,2,0
6029,7,0,0
6029,7,1,0
6029,7,2,0
6030,1,0,0
6030,2,1,0
6030,3,0,0
6030,3,1,0
6030,4,2,0
6030,5,0,0
6030,5,2,0
6030,6,1,0
6030,6,2,0
6030,7,0,0
6030,7,1,0
6030,7,2,0
6031,1,0,0
6031,2,1,0
6031,3,0,0
6031,3,1,0
6031,4,2,0
6031,5,0,0
6031,5,2,0
6031,6,1,0
6031,6,2,0
6031,7,0,0
6031,7,1,0
6031,7,2,0
6032,1,0,0
6032,2,1,0
6032,3,0,0
6032,3,1,0
6032,4,2,0
6032,5,0,0
6032,5,2,0
6032,6,1,0
6032,6,2,0
6032,7,0,0
6032,7,1,0
6032,7,2,0
6033,1,0,0
6033,2,1,0
6033,3,0,0
6033,3,1,0
6033,4,2,0
6033,5,0,0
6033,5,2,0
6033,6,1,0
6033,6,2,0
6033,7,0,0
6033,7,1,0
6033,7,2,0
6034,1,0,0
6034,2,1,0
6034,3,0,0
6034,3,1,0
6034,4,2,0
6034,5,0,0
6034,5,2,0
6034,6,1,0
6034,6,2,0
6034,7,0,0
6034,7,1,0
6034,7,2,0
6035,1,0,0
6035,2,1,0
6035,3,0,0
6035,3,1,0
6035,4,2,0
6035,5,0,0
6035,5,2,0
6035,6,1,0
6035,6,2,0
6035,7,0,0
6035,7,1,0
6035,7,2,0
6036,1,0,0
6036,2,1,0
6036,3,0,0
6036,3,1,0
6036,4,2,0
6036,5,0,0
6036,5,2,0
6036,6,1,0
6036,6,2,0
6036,7,0,0
6036,7,1,0
6036,7,2,0
6037,1,0,0
6037,2,1,0
6037,3,0,0
6037,3,1,0
6037,4,2,0
6037,5,0,0
6037,5,2,0
6037,6,1,0
6037,6,2,0
6037,7,0,0
6037,7,1,0
6037,7,2,0
6038,1,0,0
6038,2,1,0
6038,3,0,0
6038,3,1,0
6038,4,2,0
6038,5,0,0
6038,5,2,0
6038,6,1,0
6038,6,2,0
6038,7,0,0
6038,7,1,0
6038,7,2,0
6039,1,0,0
6039,2,1,0
6039,3,0,0
6039,3,1,0
6039,4,2,0
6039,5,0,0
6039,5,2,0
6039,6,1,0
6039,6,2,0
6039,7,0,0
6039,7,1,0
6039,7,2,0
6040,1,0,0
6040,2,1,0
6040,3,0,0
6040,3,1,0
6040,4,2,0
6040,5,0,0
6040,5,2,0
6040,6,1,0
6040,6,2,0
6040,7,0,0
6040,7,1,0
6040,7,2,0
6041,1,0,0
6041,2,1,0
6041,3,0,0
6041,3,1,0
6041,4,2,0
6041,5,0,0
6041,5,2,0
6041,6,1,0
6041,6,2,0
6041,7,0,0
6041,7,1,0
6041,7,2,0
6042,1,0,0
6042,2,1,0
6042,3,0,0
6042,3,1,0
6042,4,2,0
6042,5,0,0
6042,5,2,0
6042,6,1,0
6042,6,2,0
6042,7,0,0
6042,7,1,0
6042,7,2,0
6043,1,0,0
6043,2,1,0
6043,3,0,0
6043,3,1,0
6043,4,2,0
6043,5,0,0
6043,5,2,0
6043,6,1,0
6043,6,2,0
6043,7,0,0
6043,7,1,0
6043,7,2,0
6044,1,0,0
6044,2,1,0
6044,3,0,0
6044,3,1,0
6044,4,2,0
6044,5,0,0
6044,5,2,0
6044,6,1,0
6044,6,2,0
6044,7,0,0
6044,7,1,0
6044,7,2,0
6045,1,0,0
6045,2,1,0
6045,3,0,0
6045,3,1,0
6045,4,2,0
6045,5,0,0
6045,5,2,0
6045,6,1,0
6045,6,2,0
6045,7,0,0
6045,7,1,0
6045,7,2,0
6046,1,0,0
6046,2,1,0
6046,3,0,0
6046,3,1,0
6046,4,2,0
6046,5,0,0
6046,5,2,0
6046,6,1,0
6046,6,2,0
6046,7,0,0
6046,7,1,0
6046,7,2,0
6047,1,0,0
6047,2,1,0
6047,3,0,0
6047,3,1,0
6047,4,2,0
6047,5,0,0
6047,5,2,0
6047,6,1,0
6047,6,2,0
6047,7,0,0
6047,7,1,0
6047,7,2,0
6048,1,0,1
6048,2,1,0
6048,3,0,1
6048,3,1,0
6048,4,2,0
6048,5,0,1
6048,5,2,0
6048,6,1,0
6048,6,2,0
6048,7,0,1
6048,7,1,0
6048,7,2,0
6049,1,0,1
6049,2,1,0
6049,3,0,1
6049,3,1,0
6049,4,2,0
6049,5,0,1
6049,5,2,0
6049,6,1,0
6049,6,2,0
6049,7,0,1
6049,7,1,0
6049,7,2,0
6050,1,0,0
6050,2,1,0
6050,3,0,0
6050,3,1,0
6050,4,2,0
6050,5,0,0
6050,5,2,0
6050,6,1,0
6050,6,2,0
6050,7,0,0
6050,7,1,0
6050,7,2,0
6051,1,0,0
6051,2,1,0
6051,3,0,0
6051,3,1,0
6051,4,2,0
6051,5,0,0
6051,5,2,0
6051,6,1,0
6051,6,2,0
6051,7,0,0
6051,7,1,0
6051,7,2,0
6052,1,0,0
6052,2,1,0
6052,3,0,0
6052,3,1,0
6052,4,2,0
6052,5,0,0
6052,5,2,0
6052,6,1,0
6052,6,2,0
6052,7,0,0
6052,7,1,0
6052,7,2,0
6053,1,0,0
6053,2,1,0
6053,3,0,0
6053,3,1,0
6053,4,2,0
6053,5,0,0
6053,5,2,0
6053,6,1,0
6053,6,2,0
6053,7,0,0
6053,7,1,0
6053,7,2,0
6054,1,0,0
6054,2,1,0
6054,3,0,0
6054,3,1,0
6054,4,2,0
6054,5,0,0
6054,5,2,0
6054,6,1,0
6054,6,2,0
6054,7,0,0
6054,7,1,0
6054,7,2,0
6055,1,0,0
6055,2,1,0
6055,3,0,0
6055,3,1,0
6055,4,2,0
6055,5,0,0
6055,5,2,0
6055,6,1,0
6055,6,2,0
6055,7,0,0
6055,7,1,0
6055,7,2,0
6056,1,0,0
6056,2,1,0
6056,3,0,0
6056,3,1,0
6056,4,2,0
6056,5,0,0
6056,5,2,0
6056,6,1,0
6056,6,2,0
6056,7,0,0
6056,7,1,0
6056,7,2,0
6057,1,0,0
6057,2,1,0
6057,3,0,0
6057,3,1,0
6057,4,2,0
6057,5,0,0
6057,5,2,0
6057,6,1,0
6057,6,2,0
6057,7,0,0
6057,7,1,0
6057,7,2,0
6058,1,0,0
6058,2,1,0
6058,3,0,0
6058,3,1,0
6058,4,2,0
6058,5,0,0
6058,5,2,0
6058,6,1,0
6058,6,2,0
6058,7,0,0
6058,7,1,0
6058,7,2,0
6059,1,0,0
6059,2,1,0
6059,3,0,0
6059,3,1,0
6059,4,2,0
6059,5,0,0
6059,5,2,0
6059,6,1,0
6059,6,2,0
6059,7,0,0
6059,7,1,0
6059,7,2,0
6060,1,0,0
6060,2,1,0
6060,3,0,0
6060,3,1,0
6060,4,2,0
6060,5,0,0
6060,5,2,0
6060,6,1,0
6060,6,2,0
6060,7,0,0
6060,7,1,0
6060,7,2,0
6061,1,0,0
6061,2,1,0
6061,3,0,0
6061,3,1,0
6061,4,2,0
6061,5,0,0
6061,5,2,0
6061,6,1,0
6061,6,2,0
6061,7,0,0
6061,7,1,0
6061,7,2,0
6062,1,0,0
6062,2,1,0
6062,3,0,0
6062,3,1,0
6062,4,2,0
6062,5,0,0
6062,5,2,0
6062,6,1,0
6062,6,2,0
6062,7,0,0
6062,7,1,0
6062,7,2,0
6063,1,0,0
6063,2,1,0
6063,3,0,0
6063,3,1,0
6063,4,2,0
6063,5,0,0
6063,5,2,0
6063,6,1,0
6063,6,2,0
6063,7,0,0
6063,7,1,0
6063,7,2,0
6064,1,0,0
6064,2,1,0
6064,3,0,0
6064,3,1,0
6064,4,2,0
6064,5,0,0
6064,5,2,0
6064,6,1,0
6064,6,2,0
6064,7,0,0
6064,7,1,0
6064,7,2,0
6065,1,0,0
6065,2,1,0
6065,3,0,0
6065,3,1,0
6065,4,2,0
6065,5,0,0
6065,5,2,0
6065,6,1,0
6065,6,2,0
6065,7,0,0
6065,7,1,0
6065,7,2,0
6066,1,0,0
6066,2,1,0
6066,3,0,0
6066,3,1,0
6066,4,2,0
6066,5,0,0
6066,5,2,0
6066,6,1,0
6066,6,2,0
6066,7,0,0
6066,7,1,0
6066,7,2,0
6067,1,0,0
6067,2,1,0
6067,3,0,0
6067,3,1,0
6067,4,2,0
6067,5,0,0
6067,5,2,0
6067,6,1,0
6067,6,2,0
6067,7,0,0
6067,7,1,0
6067,7,2,0
6068,1,0,0
6068,2,1,0
6068,3,0,0
6068,3,1,0
6068,4,2,0
6068,5,0,0
6068,5,2,0
6068,6,1,0
6068,6,2,0
6068,7,0,0
6068,7,1,0
6068,7,2,0
6069,1,0,0
6069,2,1,0
6069,3,0,0
6069,3,1,0
6069,4,2,0
6069,5,0,0
6069,5,2,0
6069,6,1,0
6069,6,2,0
6069,7,0,0
6069,7,1,0
6069,7,2,0
6070,1,0,0
6070,2,1,0
6070,3,0,0
6070,3,1,0
6070,4,2,0
6070,5,0,0
6070,5,2,0
6070,6,1,0
6070,6,2,0
6070,7,0,0
6070,7,1,0
6070,7,2,0
6071,1,0,0
6071,2,1,0
6071,3,0,0
6071,3,1,0
6071,4,2,0
6071,5,0,0
6071,5,2,0
6071,6,1,0
6071,6,2,0
6071,7,0,0
6071,7,1,0
6071,7,2,0
6072,1,0,0
6072,2,1,0
6072,3,0,0
6072,3,1,0
6072,4,2,0
6072,5,0,0
6072,5,2,0
6072,6,1,0
6072,6,2,0
6072,7,0,0
6072,7,1,0
6072,7,2,0
6073,1,0,0
6073,2,1,0
6073,3,0,0
6073,3,1,0
6073,4,2,0
6073,5,0,0
6073,5,2,0
6073,6,1,0
6073,6,2,0
6073,7,0,0
6073,7,1,0
6073,7,2,0
6074,1,0,0
6074,2,1,0
6074,3,0,0
6074,3,1,0
6074,4,2,0
6074,5,0,0
6074,5,2,0
6074,6,1,0
6074,6,2,0
6074,7,0,0
6074,7,1,0
6074,7,2,0
6075,1,0,1
6075,2,1,0
6075,3,0,1
6075,3,1,0
6075,4,2,0
6075,5,0,1
6075,5,2,0
6075,6,1,0
6075,6,2,0
6075,7,0,1
6075,7,1,0
6075,7,2,0
6076,1,0,1
6076,2,1,0
6076,3,0,1
6076,3,1,0
6076,4,2,0
6076,5,0,1
6076,5,2,0
6076,6,1,0
6076,6,2,0
6076,7,0,1
6076,7,1,0
6076,7,2,0
6077,1,0,0
6077,2,1,0
6077,3,0,0
6077,3,1,0
6077,4,2,0
6077,5,0,0
6077,5,2,0
6077,6,1,0
6077,6,2,0
6077,7,0,0
6077,7,1,0
6077,7,2,0
6078,1,0,0
6078,2,1,0
6078,3,0,0
6078,3,1,0
6078,4,2,0
6078,5,0,0
6078,5,2,0
6078,6,1,0
6078,6,2,0
6078,7,0,0
6078,7,1,0
6078,7,2,0
6079,1,0,0
6079,2,1,0
6079,3,0,0
6079,3,1,0
6079,4,2,0
6079,5,0,0
6079,5,2,0
6079,6,1,0
6079,6,2,0
6079,7,0,0
6079,7,1,0
6079,7,2,0
6080,1,0,0
6080,2,1,0
6080,3,0,0
6080,3,1,0
6080,4,2,0
6080,5,0,0
6080,5,2,0
6080,6,1,0
6080,6,2,0
6080,7,0,0
6080,7,1,0
6080,7,2,0
6081,1,0,0
6081,2,1,0
6081,3,0,0
6081,3,1,0
6081,4,2,0
6081,5,0,0
6081,5,2,0
6081,6,1,0
6081,6,2,0
6081,7,0,0
6081,7,1,0
6081,7,2,0
6082,1,0,0
6082,2,1,0
6082,3,0,0
6082,3,1,0
6082,4,2,0
6082,5,0,0
6082,5,2,0
6082,6,1,0
6082,6,2,0
6082,7,0,0
6082,7,1,0
6082,7,2,0
6083,1,0,0
6083,2,1,0
6083,3,0,0
6083,3,1,0
6083,4,2,0
6083,5,0,0
6083,5,2,0
6083,6,1,0
6083,6,2,0
6083,7,0,0
6083,7,1,0
6083,7,2,0
6084,1,0,0
6084,2,1,0
6084,3,0,0
6084,3,1,0
6084,4,2,0
6084,5,0,0
6084,5,2,0
6084,6,1,0
6084,6,2,0
6084,7,0,0
6084,7,1,0
6084,7,2,0
6085,1,0,0
6085,2,1,0
6085,3,0,0
6085,3,1,0
6085,4,2,0
6085,5,0,0
6085,5,2,0
6085,6,1,0
6085,6,2,0
6085,7,0,0
6085,7,1,0
6085,7,2,0
6086,1,0,0
6086,2,1,0
6086,3,0,0
6086,3,1,0
6086,4,2,0
6086,5,0,0
6086,5,2,0
6086,6,1,0
6086,6,2,0
6086,7,0,0
6086,7,1,0
6086,7,2,0
6087,1,0,0
6087,2,1,0
6087,3,0,0
6087,3,1,0
6087,4,2,0
6087,5,0,0
6087,5,2,0
6087,6,1,0
6087,6,2,0
6087,7,0,0
6087,7,1,0
6087,7,2,0
6088,1,0,0
6088,2,1,0
6088,3,0,0
6088,3,1,0
6088,4,2,0
6088,5,0,0
6088,5,2,0
6088,6,1,0
6088,6,2,0
6088,7,0,0
6088,7,1,0
6088,7,2,0
6089,1,0,0
6089,2,1,0
6089,3,0,0
6089,3,1,0
6089,4,2,0
6089,5,0,0
6089,5,2,0
6089,6,1,0
6089,6,2,0
6089,7,0,0
6089,7,1,0
6089,7,2,0
6090,1,0,0
6090,2,1,0
6090,3,0,0
6090,3,1,0
6090,4,2,0
6090,5,0,0
6090,5,2,0
6090,6,1,0
6090,6,2,0
6090,7,0,0
6090,7,1,0
6090,7,2,0
6091,1,0,0
6091,2,1,0
6091,3,0,0
6091,3,1,0
6091,4,2,0
6091,5,0,0
6091,5,2,0
6091,6,1,0
6091,6,2,0
6091,7,0,0
6091,7,1,0
6091,7,2,0
6092,1,0,0
6092,2,1,0
6092,3,0,0
6092,3,1,0
6092,4,2,0
6092,5,0,0
6092,5,2,0
6092,6,1,0
6092,6,2,0
6092,7,0,0
6092,7,1,0
6092,7,2,0
6093,1,0,0
6093,2,1,0
6093,3,0,0
6093,3,1,0
6093,4,2,0
6093,5,0,0
6093,5,2,0
6093,6,1,0
6093,6,2,0
6093,7,0,0
6093,7,1,0
6093,7,2,0
6094,1,0,0
6094,2,1,0
6094,3,0,0
6094,3,1,0
6094,4,2,0
6094,5,0,0
6094,5,2,0
6094,6,1,0
6094,6,2,0
6094,7,0,0
6094,7,1,0
6094,7,2,0
6095,1,0,0
6095,2,1,0
6095,3,0,0
6095,3,1,0
6095,4,2,0
6095,5,0,0
6095,5,2,0
6095,6,1,0
6095,6,2,0
6095,7,0,0
6095,7,1,0
6095,7,2,0
6096,1,0,0
6096,2,1,0
6096,3,0,0
6096,3,1,0
6096,4,2,0
6096,5,0,0
6096,5,2,0
6096,6,1,0
6096,6,2,0
6096,7,0,0
6096,7,1,0
6096,7,2,0
6097,1,0,0
6097,2,1,0
6097,3,0,0
6097,3,1,0
6097,4,2,0
6097,5,0,0
6097,5,2,0
6097,6,1,0
6097,6,2,0
6097,7,0,0
6097,7,1,0
6097,7,2,0
6098,1,0,0
6098,2,1,0
6098,3,0,0
6098,3,1,0
6098,4,2,0
6098,5,0,0
6098,5,2,0
6098,6,1,0
6098,6,2,0
6098,7,0,0
6098,7,1,0
6098,7,2,0
6099,1,0,0
6099,2,1,0
6099,3,0,0
6099,3,1,0
6099,4,2,0
6099,5,0,0
6099,5,2,0
6099,6,1,0
6099,6,2,0
6099,7,0,0
6099,7,1,0
6099,7,2,0
6100,1,0,0
6100,2,1,0
6100,3,0,0
6100,3,1,0
6100,4,2,0
6100,5,0,0
6100,5,2,0
6100,6,1,0
6100,6,2,0
6100,7,0,0
6100,7,1,0
6100,7,2,0
6101,1,0,0
6101,2,1,0
6101,3,0,0
6101,3,1,0
6101,4,2,0
6101,5,0,0
6101,5,2,0
6101,6,1,0
6101,6,2,0
6101,7,0,0
6101,7,1,0
6101,7,2,0
6102,1,0,1
6102,2,1,0
6102,3,0,1
6102,3,1,0
6102,4,2,0
6102,5,0,1
6102,5,2,0
6102,6,1,0
6102,6,2,0
6102,7,0,1
6102,7,1,0
6102,7,2,0
6103,1,0,1
6103,2,1,0
6103,3,0,1
6103,3,1,0
6103,4,2,0
6103,5,0,1
6103,5,2,0
6103,6,1,0
6103,6,2,0
6103,7,0,1
6103,7,1,0
6103,7,2,0
6104,1,0,0
6104,2,1,0
6104,3,0,0
6104,3,1,0
6104,4,2,0
6104,5,0,0
6104,5,2,0
6104,6,1,0
6104,6,2,0
6104,7,0,0
6104,7,1,0
6104,7,2,0
6105,1,0,0
6105,2,1,0
6105,3,0,0
6105,3,1,0
6105,4,2,0
6105,5,0,0
6105,5,2,0
6105,6,1,0
6105,6,2,0
6105,7,0,0
6105,7,1,0
6105,7,2,0
6106,1,0,0
6106,2,1,0
6106,3,0,0
6106,3,1,0
6106,4,2,0
6106,5,0,0
6106,5,2,0
6106,6,1,0
6106,6,2,0
6106,7,0,0
6106,7,1,0
6106,7,2,0
6107,1,0,0
6107,2,1,0
6107,3,0,0
6107,3,1,0
6107,4,2,0
6107,5,0,0
6107,5,2,0
6107,6,1,0
6107,6,2,0
6107,7,0,0
6107,7,1,0
6107,7,2,0
6108,1,0,0
6108,2,1,0
6108,3,0,0
6108,3,1,0
6108,4,2,0
6108,5,0,0
6108,5,2,0
6108,6,1,0
6108,6,2,0
6108,7,0,0
6108,7,1,0
6108,7,2,0
6109,1,0,0
6109,2,1,0
6109,3,0,0
6109,3,1,0
6109,4,2,0
6109,5,0,0
6109,5,2,0
6109,6,1,0
6109,6,2,0
6109,7,0,0
6109,7,1,0
6109,7,2,0
6110,1,0,0
6110,2,1,0
6110,3,0,0
6110,3,1,0
6110,4,2,0
6110,5,0,0
6110,5,2,0
6110,6,1,0
6110,6,2,0
6110,7,0,0
6110,7,1,0
6110,7,2,0
6111,1,0,0
6111,2,1,0
6111,3,0,0
6111,3,1,0
6111,4,2,0
6111,5,0,0
6111,5,2,0
6111,6,1,0
6111,6,2,0
6111,7,0,0
6111,7,1,0
6111,7,2,0
6112,1,0,0
6112,2,1,0
6112,3,0,0
6112,3,1,0
6112,4,2,0
6112,5,0,0
6112,5,2,0
6112,6,1,0
6112,6,2,0
6112,7,0,0
6112,7,1,0
6112,7,2,0
6113,1,0,0
6113,2,1,0
6113,3,0,0
6113,3,1,0
6113,4,2,0
6113,5,0,0
6113,5,2,0
6113,6,1,0
6113,6,2,0
6113,7,0,0
6113,7,1,0
6113,7,2,0
6114,1,0,0
6114,2,1,0
6114,3,0,0
6114,3,1,0
6114,4,2,0
6114,5,0,0
6114,5,2,0
6114,6,1,0
6114,6,2,0
6114,7,0,0
6114,7,1,0
6114,7,2,0
6115,1,0,0
6115,2,1,0
6115,3,0,0
6115,3,1,0
6115,4,2,0
6115,5,0,0
6115,5,2,0
6115,6,1,0
6115,6,2,0
6115,7,0,0
6115,7,1,0
6115,7,2,0
6116,1,0,0
6116,2,1,0
6116,3,0,0
6116,3,1,0
6116,4,2,0
6116,5,0,0
6116,5,2,0
6116,6,1,0
6116,6,2,0
6116,7,0,0
6116,7,1,0
6116,7,2,0
6117,1,0,0
6117,2,1,0
6117,3,0,0
6117,3,1,0
6117,4,2,0
6117,5,0,0
6117,5,2,0
6117,6,1,0
6117,6,2,0
6117,7,0,0
6117,7,1,0
6117,7,2,0
6118,1,0,0
6118,2,1,0
6118,3,0,0
6118,3,1,0
6118,4,2,0
6118,5,0,0
6118,5,2,0
6118,6,1,0
6118,6,2,0
6118,7,0,0
6118,7,1,0
6118,7,2,0
6119,1,0,0
6119,2,1,0
6119,3,0,0
6119,3,1,0
6119,4,2,0
6119,5,0,0
6119,5,2,0
6119,6,1,0
6119,6,2,0
6119,7,0,0
6119,7,1,0
6119,7,2,0
6120,1,0,0
6120,2,1,0
6120,3,0,0
6120,3,1,0
6120,4,2,0
6120,5,0,0
6120,5,2,0
6120,6,1,0
6120,6,2,0
6120,7,0,0
6120,7,1,0
6120,7,2,0
6121,1,0,0
6121,2,1,0
6121,3,0,0
6121,3,1,0
6121,4,2,0
6121,5,0,0
6121,5,2,0
6121,6,1,0
6121,6,2,0
6121,7,0,0
6121,7,1,0
6121,7,2,0
6122,1,0,0
6122,2,1,0
6122,3,0,0
6122,3,1,0
6122,4,2,0
6122,5,0,0
6122,5,2,0
6122,6,1,0
6122,6,2,0
6122,7,0,0
6122,7,1,0
6122,7,2,0
6123,1,0,0
6123,2,1,0
6123,3,0,0
6123,3,1,0
6123,4,2,0
6123,5,0,0
6123,5,2,0
6123,6,1,0
6123,6,2,0
6123,7,0,0
6123,7,1,0
6123,7,2,0
6124,1,0,0
6124,2,1,0
6124,3,0,0
6124,3,1,0
6124,4,2,0
6124,5,0,0
6124,5,2,0
6124,6,1,0
6124,6,2,0
6124,7,0,0
6124,7,1,0
6124,7,2,0
6125,1,0,0
6125,2,1,0
6125,3,0,0
6125,3,1,0
6125,4,2,0
6125,5,0,0
6125,5,2,0
6125,6,1,0
6125,6,2,0
6125,7,0,0
6125,7,1,0
6125,7,2,0
6126,1,0,0
6126,2,1,0
6126,3,0,0
6126,3,1,0
6126,4,2,0
6126,5,0,0
6126,5,2,0
6126,6,1,0
6126,6,2,0
6126,7,0,0
6126,7,1,0
6126,7,2,0
6127,1,0,0
6127,2,1,0
6127,3,0,0
6127,3,1,0
6127,4,2,0
6127,5,0,0
6127,5,2,0
6127,6,1,0
6127,6,2,0
6127,7,0,0
6127,7,1,0
6127,7,2,0
6128,1,0,0
6128,2,1,0
6128,3,0,0
6128,3,1,0
6128,4,2,0
6128,5,0,0
6128,5,2,0
6128,6,1,0
6128,6,2,0
6128,7,0,0
6128,7,1,0
6128,7,2,0
6129,1,0,1
6129,2,1,0
6129,3,0,1
6129,3,1,0
6129,4,2,0
6129,5,0,1
6129,5,2,0
6129,6,1,0
6129,6,2,0
6129,7,0,1
6129,7,1,0
6129,7,2,0
6130,1,0,1
6130,2,1,0
6130,3,0,1
6130,3,1,0
6130,4,2,0
6130,5,0,1
6130,5,2,0
6130,6,1,0
6130,6,2,0
6130,7,0,1
6130,7,1,0
6130,7,2,0
6131,1,0,0
6131,2,1,0
6131,3,0,0
6131,3,1,0
6131,4,2,0
6131,5,0,0
6131,5,2,0
6131,6,1,0
6131,6,2,0
6131,7,0,0
6131,7,1,0
6131,7,2,0
6132,1,0,0
6132,2,1,0
6132,3,0,0
6132,3,1,0
6132,4,2,0
6132,5,0,0
6132,5,2,0
6132,6,1,0
6132,6,2,0
6132,7,0,0
6132,7,1,0
6132,7,2,0
6133,1,0,0
6133,2,1,0
6133,3,0,0
6133,3,1,0
6133,4,2,0
6133,5,0,0
6133,5,2,0
6133,6,1,0
6133,6,2,0
6133,7,0,0
6133,7,1,0
6133,7,2,0
6134,1,0,0
6134,2,1,0
6134,3,0,0
6134,3,1,0
6134,4,2,0
6134,5,0,0
6134,5,2,0
6134,6,1,0
6134,6,2,0
6134,7,0,0
6134,7,1,0
6134,7,2,0
6135,1,0,0
6135,2,1,0
6135,3,0,0
6135,3,1,0
6135,4,2,0
6135,5,0,0
6135,5,2,0
6135,6,1,0
6135,6,2,0
6135,7,0,0
6135,7,1,0
6135,7,2,0
6136,1,0,0
6136,2,1,0
6136,3,0,0
6136,3,1,0
6136,4,2,0
6136,5,0,0
6136,5,2,0
6136,6,1,0
6136,6,2,0
6136,7,0,0
6136,7,1,0
6136,7,2,0
6137,1,0,0
6137,2,1,0
6137,3,0,0
6137,3,1,0
6137,4,2,0
6137,5,0,0
6137,5,2,0
6137,6,1,0
6137,6,2,0
6137,7,0,0
6137,7,1,0
6137,7,2,0
6138,1,0,0
6138,2,1,0
6138,3,0,0
6138,3,1,0
6138,4,2,0
6138,5,0,0
6138,5,2,0
6138,6,1,0
6138,6,2,0
6138,7,0,0
6138,7,1,0
6138,7,2,0
6139,1,0,0
6139,2,1,0
6139,3,0,0
6139,3,1,0
6139,4,2,0
6139,5,0,0
6139,5,2,0
6139,6,1,0
6139,6,2,0
6139,7,0,0
6139,7,1,0
6139,7,2,0
6140,1,0,0
6140,2,1,0
6140,3,0,0
6140,3,1,0
6140,4,2,0
6140,5,0,0
6140,5,2,0
6140,6,1,0
6140,6,2,0
6140,7,0,0
6140,7,1,0
6140,7,2,0
6141,1,0,0
6141,2,1,0
6141,3,0,0
6141,3,1,0
6141,4,2,0
6141,5,0,0
6141,5,2,0
6141,6,1,0
6141,6,2,0
6141,7,0,0
6141,7,1,0
6141,7,2,0
6142,1,0,0
6142,2,1,0
6142,3,0,0
6142,3,1,0
6142,4,2,0
6142,5,0,0
6142,5,2,0
6142,6,1,0
6142,6,2,0
6142,7,0,0
6142,7,1,0
6142,7,2,0
6143,1,0,0
6143,2,1,0
6143,3,0,0
6143,3,1,0
6143,4,2,0
6143,5,0,0
6143,5,2,0
6143,6,1,0
6143,6,2,0
6143,7,0,0
6143,7,1,0
6143,7,2,0
6144,1,0,0
6144,2,1,0
6144,3,0,0
6144,3,1,0
6144,4,2,0
6144,5,0,0
6144,5,2,0
6144,6,1,0
6144,6,2,0
6144,7,0,0
6144,7,1,0
6144,7,2,0
6145,1,0,0
6145,2,1,0
6145,3,0,0
6145,3,1,0
6145,4,2,0
6145,5,0,0
6145,5,2,0
6145,6,1,0
6145,6,2,0
6145,7,0,0
6145,7,1,0
6145,7,2,0
6146,1,0,0
6146,2,1,0
6146,3,0,0
6146,3,1,0
6146,4,2,0
6146,5,0,0
6146,5,2,0
6146,6,1,0
6146,6,2,0
6146,7,0,0
6146,7,1,0
6146,7,2,0
6147,1,0,0
6147,2,1,0
6147,3,0,0
6147,3,1,0
6147,4,2,0
6147,5,0,0
6147,5,2,0
6147,6,1,0
6147,6,2,0
6147,7,0,0
6147,7,1,0
6147,7,2,0
6148,1,0,0
6148,2,1,0
6148,3,0,0
6148,3,1,0
6148,4,2,0
6148,5,0,0
6148,5,2,0
6148,6,1,0
6148,6,2,0
6148,7,0,0
6148,7,1,0
6148,7,2,0
6149,1,0,0
6149,2,1,0
6149,3,0,0
6149,3,1,0
6149,4,2,0
6149,5,0,0
6149,5,2,0
6149,6,1,0
6149,6,2,0
6149,7,0,0
6149,7,1,0
6149,7,2,0
6150,1,0,0
6150,2,1,0
6150,3,0,0
6150,3,1,0
6150,4,2,0
6150,5,0,0
6150,5,2,0
6150,6,1,0
6150,6,2,0
6150,7,0,0
6150,7,1,0
6150,7,2,0
6151,1,0,0
6151,2,1,0
6151,3,0,0
6151,3,1,0
6151,4,2,0
6151,5,0,0
6151,5,2,0
6151,6,1,0
6151,6,2,0
6151,7,0,0
6151,7,1,0
6151,7,2,0
6152,1,0,0
6152,2,1,0
6152,3,0,0
6152,3,1,0
6152,4,2,0
6152,5,0,0
6152,5,2,0
6152,6,1,0
6152,6,2,0
6152,7,0,0
6152,7,1,0
6152,7,2,0
6153,1,0,0
6153,2,1,0
6153,3,0,0
6153,3,1,0
6153,4,2,0
6153,5,0,0
6153,5,2,0
6153,6,1,0
6153,6,2,0
6153,7,0,0
6153,7,1,0
6153,7,2,0
6154,1,0,0
6154,2,1,0
6154,3,0,0
6154,3,1,0
6154,4,2,0
6154,5,0,0
6154,5,2,0
6154,6,1,0
6154,6,2,0
6154,7,0,0
6154,7,1,0
6154,7,2,0
6155,1,0,0
6155,2,1,0
6155,3,0,0
6155,3,1,0
6155,4,2,0
6155,5,0,0
6155,5,2,0
6155,6,1,0
6155,6,2,0
6155,7,0,0
6155,7,1,0
6155,7,2,0
6156,1,0,1
6156,2,1,0
6156,3,0,1
6156,3,1,0
6156,4,2,0
6156,5,0,1
6156,5,2,0
6156,6,1,0
6156,6,2,0
6156,7,0,1
6156,7,1,0
6156,7,2,0
6157,1,0,1
6157,2,1,0
6157,3,0,1
6157,3,1,0
6157,4,2,0
6157,5,0,1
6157,5,2,0
6157,6,1,0
6157,6,2,0
6157,7,0,1
6157,7,1,0
6157,7,2,0
6158,1,0,0
6158,2,1,0
6158,3,0,0
6158,3,1,0
6158,4,2,0
6158,5,0,0
6158,5,2,0
6158,6,1,0
6158,6,2,0
6158,7,0,0
6158,7,1,0
6158,7,2,0
6159,1,0,0
6159,2,1,0
6159,3,0,0
6159,3,1,0
6159,4,2,0
6159,5,0,0
6159,5,2,0
6159,6,1,0
6159,6,2,0
6159,7,0,0
6159,7,1,0
6159,7,2,0
6160,1,0,0
6160,2,1,0
6160,3,0,0
6160,3,1,0
6160,4,2,0
6160,5,0,0
6160,5,2,0
6160,6,1,0
6160,6,2,0
6160,7,0,0
6160,7,1,0
6160,7,2,0
6161,1,0,0
6161,2,1,0
6161,3,0,0
6161,3,1,0
6161,4,2,0
6161,5,0,0
6161,5,2,0
6161,6,1,0
6161,6,2,0
6161,7,0,0
6161,7,1,0
6161,7,2,0
6162,1,0,0
6162,2,1,0
6162,3,0,0
6162,3,1,0
6162,4,2,0
6162,5,0,0
6162,5,2,0
6162,6,1,0
6162,6,2,0
6162,7,0,0
6162,7,1,0
6162,7,2,0
6163,1,0,0
6163,2,1,0
6163,3,0,0
6163,3,1,0
6163,4,2,0
6163,5,0,0
6163,5,2,0
6163,6,1,0
6163,6,2,0
6163,7,0,0
6163,7,1,0
6163,7,2,0
6164,1,0,0
6164,2,1,0
6164,3,0,0
6164,3,1,0
6164,4,2,0
6164,5,0,0
6164,5,2,0
6164,6,1,0
6164,6,2,0
6164,7,0,0
6164,7,1,0
6164,7,2,0
6165,1,0,0
6165,2,1,0
6165,3,0,0
6165,3,1,0
6165,4,2,0
6165,5,0,0
6165,5,2,0
6165,6,1,0
6165,6,2,0
6165,7,0,0
6165,7,1,0
6165,7,2,0
6166,1,0,0
6166,2,1,0
6166,3,0,0
6166,3,1,0
6166,4,2,0
6166,5,0,0
6166,5,2,0
6166,6,1,0
6166,6,2,0
6166,7,0,0
6166,7,1,0
6166,7,2,0
6167,1,0,0
6167,2,1,0
6167,3,0,0
6167,3,1,0
6167,4,2,0
6167,5,0,0
6167,5,2,0
6167,6,1,0
6167,6,2,0
6167,7,0,0
6167,7,1,0
6167,7,2,0
6168,1,0,0
6168,2,1,0
6168,3,0,0
6168,3,1,0
6168,4,2,0
6168,5,0,0
6168,5,2,0
6168,6,1,0
6168,6,2,0
6168,7,0,0
6168,7,1,0
6168,7,2,0
6169,1,0,0
6169,2,1,0
6169,3,0,0
6169,3,1,0
6169,4,2,0
6169,5,0,0
6169,5,2,0
6169,6,1,0
6169,6,2,0
6169,7,0,0
6169,7,1,0
6169,7,2,0
6170,1,0,0
6170,2,1,0
6170,3,0,0
6170,3,1,0
6170,4,2,0
6170,5,0,0
6170,5,2,0
6170,6,1,0
6170,6,2,0
6170,7,0,0
6170,7,1,0
6170,7,2,0
6171,1,0,0
6171,2,1,0
6171,3,0,0
6171,3,1,0
6171,4,2,0
6171,5,0,0
6171,5,2,0
6171,6,1,0
6171,6,2,0
6171,7,0,0
6171,7,1,0
6171,7,2,0
6172,1,0,0
6172,2,1,0
6172,3,0,0
6172,3,1,0
6172,4,2,0
6172,5,0,0
6172,5,2,0
6172,6,1,0
6172,6,2,0
6172,7,0,0
6172,7,1,0
6172,7,2,0
6173,1,0,0
6173,2,1,0
6173,3,0,0
6173,3,1,0
6173,4,2,0
6173,5,0,0
6173,5,2,0
6173,6,1,0
6173,6,2,0
6173,7,0,0
6173,7,1,0
6173,7,2,0
6174,1,0,0
6174,2,1,0
6174,3,0,0
6174,3,1,0
6174,4,2,0
6174,5,0,0
6174,5,2,0
6174,6,1,0
6174,6,2,0
6174,7,0,0
6174,7,1,0
6174,7,2,0
6175,1,0,0
6175,2,1,0
6175,3,0,0
6175,3,1,0
6175,4,2,0
6175,5,0,0
6175,5,2,0
6175,6,1,0
6175,6,2,0
6175,7,0,0
6175,7,1,0
6175,7,2,0
6176,1,0,0
6176,2,1,0
6176,3,0,0
6176,3,1,0
6176,4,2,0
6176,5,0,0
6176,5,2,0
6176,6,1,0
6176,6,2,0
6176,7,0,0
6176,7,1,0
6176,7,2,0
6177,1,0,0
6177,2,1,0
6177,3,0,0
6177,3,1,0
6177,4,2,0
6177,5,0,0
6177,5,2,0
6177,6,1,0
6177,6,2,0
6177,7,0,0
6177,7,1,0
6177,7,2,0
6178,1,0,0
6178,2,1,0
6178,3,0,0
6178,3,1,0
6178,4,2,0
6178,5,0,0
6178,5,2,0
6178,6,1,0
6178,6,2,0
6178,7,0,0
6178,7,1,0
6178,7,2,0
6179,1,0,0
6179,2,1,0
6179,3,0,0
6179,3,1,0
6179,4,2,0
6179,5,0,0
6179,5,2,0
6179,6,1,0
6179,6,2,0
6179,7,0,0
6179,7,1,0
6179,7,2,0
6180,1,0,0
6180,2,1,0
6180,3,0,0
6180,3,1,0
6180,4,2,0
6180,5,0,0
6180,5,2,0
6180,6,1,0
6180,6,2,0
6180,7,0,0
6180,7,1,0
6180,7,2,0
6181,1,0,0
6181,2,1,0
6181,3,0,0
6181,3,1,0
6181,4,2,0
6181,5,0,0
6181,5,2,0
6181,6,1,0
6181,6,2,0
6181,7,0,0
6181,7,1,0
6181,7,2,0
6182,1,0,0
6182,2,1,0
6182,3,0,0
6182,3,1,0
6182,4,2,0
6182,5,0,0
6182,5,2,0
6182,6,1,0
6182,6,2,0
6182,7,0,0
6182,7,1,0
6182,7,2,0
6183,1,0,1
6183,2,1,0
6183,3,0,1
6183,3,1,0
6183,4,2,0
6183,5,0,1
6183,5,2,0
6183,6,1,0
6183,6,2,0
6183,7,0,1
6183,7,1,0
6183,7,2,0
6184,1,0,1
6184,2,1,0
6184,3,0,1
6184,3,1,0
6184,4,2,0
6184,5,0,1
6184,5,2,0
6184,6,1,0
6184,6,2,0
6184,7,0,1
6184,7,1,0
6184,7,2,0
6185,1,0,0
6185,2,1,0
6185,3,0,0
6185,3,1,0
6185,4,2,0
6185,5,0,0
6185,5,2,0
6185,6,1,0
6185,6,2,0
6185,7,0,0
6185,7,1,0
6185,7,2,0
6186,1,0,0
6186,2,1,0
6186,3,0,0
6186,3,1,0
6186,4,2,0
6186,5,0,0
6186,5,2,0
6186,6,1,0
6186,6,2,0
6186,7,0,0
6186,7,1,0
6186,7,2,0
6187,1,0,0
6187,2,1,0
6187,3,0,0
6187,3,1,0
6187,4,2,0
6187,5,0,0
6187,5,2,0
6187,6,1,0
6187,6,2,0
6187,7,0,0
6187,7,1,0
6187,7,2,0
6188,1,0,0
6188,2,1,0
6188,3,0,0
6188,3,1,0
6188,4,2,0
6188,5,0,0
6188,5,2,0
6188,6,1,0
6188,6,2,0
6188,7,0,0
6188,7,1,0
6188,7,2,0
6189,1,0,0
6189,2,1,0
6189,3,0,0
6189,3,1,0
6189,4,2,0
6189,5,0,0
6189,5,2,0
6189,6,1,0
6189,6,2,0
6189,7,0,0
6189,7,1,0
6189,7,2,0
6190,1,0,0
6190,2,1,0
6190,3,0,0
6190,3,1,0
6190,4,2,0
6190,5,0,0
6190,5,2,0
6190,6,1,0
6190,6,2,0
6190,7,0,0
6190,7,1,0
6190,7,2,0
6191,1,0,0
6191,2,1,0
6191,3,0,0
6191,3,1,0
6191,4,2,0
6191,5,0,0
6191,5,2,0
6191,6,1,0
6191,6,2,0
6191,7,0,0
6191,7,1,0
6191,7,2,0
6192,1,0,0
6192,2,1,0
6192,3,0,0
6192,3,1,0
6192,4,2,0
6192,5,0,0
6192,5,2,0
6192,6,1,0
6192,6,2,0
6192,7,0,0
6192,7,1,0
6192,7,2,0
6193,1,0,0
6193,2,1,0
6193,3,0,0
6193,3,1,0
6193,4,2,0
6193,5,0,0
6193,5,2,0
6193,6,1,0
6193,6,2,0
6193,7,0,0
6193,7,1,0
6193,7,2,0
6194,1,0,0
6194,2,1,0
6194,3,0,0
6194,3,1,0
6194,4,2,0
6194,5,0,0
6194,5,2,0
6194,6,1,0
6194,6,2,0
6194,7,0,0
6194,7,1,0
6194,7,2,0
6195,1,0,0
6195,2,1,0
6195,3,0,0
6195,3,1,0
6195,4,2,0
6195,5,0,0
6195,5,2,0
6195,6,1,0
6195,6,2,0
6195,7,0,0
6195,7,1,0
6195,7,2,0
6196,1,0,0
6196,2,1,0
6196,3,0,0
6196,3,1,0
6196,4,2,0
6196,5,0,0
6196,5,2,0
6196,6,1,0
6196,6,2,0
6196,7,0,0
6196,7,1,0
6196,7,2,0
6197,1,0,0
6197,2,1,0
6197,3,0,0
6197,3,1,0
6197,4,2,0
6197,5,0,0
6197,5,2,0
6197,6,1,0
6197,6,2,0
6197,7,0,0
6197,7,1,0
6197,7,2,0
6198,1,0,0
6198,2,1,0
6198,3,0,0
6198,3,1,0
6198,4,2,0
6198,5,0,0
6198,5,2,0
6198,6,1,0
6198,6,2,0
6198,7,0,0
6198,7,1,0
6198,7,2,0
6199,1,0,0
6199,2,1,0
6199,3,0,0
6199,3,1,0
6199,4,2,0
6199,5,0,0
6199,5,2,0
6199,6,1,0
6199,6,2,0
6199,7,0,0
6199,7,1,0
6199,7,2,0
6200,1,0,0
6200,2,1,0
6200,3,0,0
6200,3,1,0
6200,4,2,0
6200,5,0,0
6200,5,2,0
6200,6,1,0
6200,6,2,0
6200,7,0,0
6200,7,1,0
6200,7,2,0
6201,1,0,0
6201,2,1,0
6201,3,0,0
6201,3,1,0
6201,4,2,0
6201,5,0,0
6201,5,2,0
6201,6,1,0
6201,6,2,0
6201,7,0,0
6201,7,1,0
6201,7,2,0
6202,1,0,0
6202,2,1,0
6202,3,0,0
6202,3,1,0
6202,4,2,0
6202,5,0,0
6202,5,2,0
6202,6,1,0
6202,6,2,0
6202,7,0,0
6202,7,1,0
6202,7,2,0
6203,1,0,0
6203,2,1,0
6203,3,0,0
6203,3,1,0
6203,4,2,0
6203,5,0,0
6203,5,2,0
6203,6,1,0
6203,6,2,0
6203,7,0,0
6203,7,1,0
6203,7,2,0
6204,1,0,0
6204,2,1,0
6204,3,0,0
6204,3,1,0
6204,4,2,0
6204,5,0,0
6204,5,2,0
6204,6,1,0
6204,6,2,0
6204,7,0,0
6204,7,1,0
6204,7,2,0
6205,1,0,0
6205,2,1,0
6205,3,0,0
6205,3,1,0
6205,4,2,0
6205,5,0,0
6205,5,2,0
6205,6,1,0
6205,6,2,0
6205,7,0,0
6205,7,1,0
6205,7,2,0
6206,1,0,0
6206,2,1,0
6206,3,0,0
6206,3,1,0
6206,4,2,0
6206,5,0,0
6206,5,2,0
6206,6,1,0
6206,6,2,0
6206,7,0,0
6206,7,1,0
6206,7,2,0
6207,1,0,0
6207,2,1,0
6207,3,0,0
6207,3,1,0
6207,4,2,0
6207,5,0,0
6207,5,2,0
6207,6,1,0
6207,6,2,0
6207,7,0,0
6207,7,1,0
6207,7,2,0
6208,1,0,0
6208,2,1,0
6208,3,0,0
6208,3,1,0
6208,4,2,0
6208,5,0,0
6208,5,2,0
6208,6,1,0
6208,6,2,0
6208,7,0,0
6208,7,1,0
6208,7,2,0
6209,1,0,0
6209,2,1,0
6209,3,0,0
6209,3,1,0
6209,4,2,0
6209,5,0,0
6209,5,2,0
6209,6,1,0
6209,6,2,0
6209,7,0,0
6209,7,1,0
6209,7,2,0
6210,1,0,1
6210,2,1,0
6210,3,0,1
6210,3,1,0
6210,4,2,0
6210,5,0,1
6210,5,2,0
6210,6,1,0
6210,6,2,0
6210,7,0,1
6210,7,1,0
6210,7,2,0
6211,1,0,1
6211,2,1,0
6211,3,0,1
6211,3,1,0
6211,4,2,0
6211,5,0,1
6211,5,2,0
6211,6,1,0
6211,6,2,0
6211,7,0,1
6211,7,1,0
6211,7,2,0
6212,1,0,0
6212,2,1,0
6212,3,0,0
6212,3,1,0
6212,4,2,0
6212,5,0,0
6212,5,2,0
6212,6,1,0
6212,6,2,0
6212,7,0,0
6212,7,1,0
6212,7,2,0
6213,1,0,0
6213,2,1,0
6213,3,0,0
6213,3,1,0
6213,4,2,0
6213,5,0,0
6213,5,2,0
6213,6,1,0
6213,6,2,0
6213,7,0,0
6213,7,1,0
6213,7,2,0
6214,1,0,0
6214,2,1,0
6214,3,0,0
6214,3,1,0
6214,4,2,0
6214,5,0,0
6214,5,2,0
6214,6,1,0
6214,6,2,0
6214,7,0,0
6214,7,1,0
6214,7,2,0
6215,1,0,0
6215,2,1,0
6215,3,0,0
6215,3,1,0
6215,4,2,0
6215,5,0,0
6215,5,2,0
6215,6,1,0
6215,6,2,0
6215,7,0,0
6215,7,1,0
6215,7,2,0
6216,1,0,0
6216,2,1,0
6216,3,0,0
6216,3,1,0
6216,4,2,0
6216,5,0,0
6216,5,2,0
6216,6,1,0
6216,6,2,0
6216,7,0,0
6216,7,1,0
6216,7,2,0
6217,1,0,0
6217,2,1,0
6217,3,0,0
6217,3,1,0
6217,4,2,0
6217,5,0,0
6217,5,2,0
6217,6,1,0
6217,6,2,0
6217,7,0,0
6217,7,1,0
6217,7,2,0
6218,1,0,0
6218,2,1,0
6218,3,0,0
6218,3,1,0
6218,4,2,0
6218,5,0,0
6218,5,2,0
6218,6,1,0
6218,6,2,0
6218,7,0,0
6218,7,1,0
6218,7,2,0
6219,1,0,0
6219,2,1,0
6219,3,0,0
6219,3,1,0
6219,4,2,0
6219,5,0,0
6219,5,2,0
6219,6,1,0
6219,6,2,0
6219,7,0,0
6219,7,1,0
6219,7,2,0
6220,1,0,0
6220,2,1,0
6220,3,0,0
6220,3,1,0
6220,4,2,0
6220,5,0,0
6220,5,2,0
6220,6,1,0
6220,6,2,0
6220,7,0,0
6220,7,1,0
6220,7,2,0
6221,1,0,0
6221,2,1,0
6221,3,0,0
6221,3,1,0
6221,4,2,0
6221,5,0,0
6221,5,2,0
6221,6,1,0
6221,6,2,0
6221,7,0,0
6221,7,1,0
6221,7,2,0
6222,1,0,0
6222,2,1,0
6222,3,0,0
6222,3,1,0
6222,4,2,0
6222,5,0,0
6222,5,2,0
6222,6,1,0
6222,6,2,0
6222,7,0,0
6222,7,1,0
6222,7,2,0
6223,1,0,0
6223,2,1,0
6223,3,0,0
6223,3,1,0
6223,4,2,0
6223,5,0,0
6223,5,2,0
6223,6,1,0
6223,6,2,0
6223,7,0,0
6223,7,1,0
6223,7,2,0
6224,1,0,0
6224,2,1,0
6224,3,0,0
6224,3,1,0
6224,4,2,0
6224,5,0,0
6224,5,2,0
6224,6,1,0
6224,6,2,0
6224,7,0,0
6224,7,1,0
6224,7,2,0
6225,1,0,0
6225,2,1,0
6225,3,0,0
6225,3,1,0
6225,4,2,0
6225,5,0,0
6225,5,2,0
6225,6,1,0
6225,6,2,0
6225,7,0,0
6225,7,1,0
6225,7,2,0
6226,1,0,0
6226,2,1,0
6226,3,0,0
6226,3,1,0
6226,4,2,0
6226,5,0,0
6226,5,2,0
6226,6,1,0
6226,6,2,0
6226,7,0,0
6226,7,1,0
6226,7,2,0
6227,1,0,0
6227,2,1,0
6227,3,0,0
6227,3,1,0
6227,4,2,0
6227,5,0,0
6227,5,2,0
6227,6,1,0
6227,6,2,0
6227,7,0,0
6227,7,1,0
6227,7,2,0
6228,1,0,0
6228,2,1,0
6228,3,0,0
6228,3,1,0
6228,4,2,0
6228,5,0,0
6228,5,2,0
6228,6,1,0
6228,6,2,0
6228,7,0,0
6228,7,1,0
6228,7,2,0
6229,1,0,0
6229,2,1,0
6229,3,0,0
6229,3,1,0
6229,4,2,0
6229,5,0,0
6229,5,2,0
6229,6,1,0
6229,6,2,0
6229,7,0,0
6229,7,1,0
6229,7,2,0
6230,1,0,0
6230,2,1,0
6230,3,0,0
6230,3,1,0
6230,4,2,0
6230,5,0,0
6230,5,2,0
6230,6,1,0
6230,6,2,0
6230,7,0,0
6230,7,1,0
6230,7,2,0
6231,1,0,0
6231,2,1,0
6231,3,0,0
6231,3,1,0
6231,4,2,0
6231,5,0,0
6231,5,2,0
6231,6,1,0
6231,6,2,0
6231,7,0,0
6231,7,1,0
6231,7,2,0
6232,1,0,0
6232,2,1,0
6232,3,0,0
6232,3,1,0
6232,4,2,0
6232,5,0,0
6232,5,2,0
6232,6,1,0
6232,6,2,0
6232,7,0,0
6232,7,1,0
6232,7,2,0
6233,1,0,0
6233,2,1,0
6233,3,0,0
6233,3,1,0
6233,4,2,0
6233,5,0,0
6233,5,2,0
6233,6,1,0
6233,6,2,0
6233,7,0,0
6233,7,1,0
6233,7,2,0
6234,1,0,0
6234,2,1,0
6234,3,0,0
6234,3,1,0
6234,4,2,0
6234,5,0,0
6234,5,2,0
6234,6,1,0
6234,6,2,0
6234,7,0,0
6234,7,1,0
6234,7,2,0
6235,1,0,0
6235,2,1,0
6235,3,0,0
6235,3,1,0
6235,4,2,0
6235,5,0,0
6235,5,2,0
6235,6,1,0
6235,6,2,0
6235,7,0,0
6235,7,1,0
6235,7,2,0
6236,1,0,0
6236,2,1,0
6236,3,0,0
6236,3,1,0
6236,4,2,0
6236,5,0,0
6236,5,2,0
6236,6,1,0
6236,6,2,0
6236,7,0,0
6236,7,1,0
6236,7,2,0
6237,1,0,1
6237,2,1,0
6237,3,0,1
6237,3,1,0
6237,4,2,0
6237,5,0,1
6237,5,2,0
6237,6,1,0
6237,6,2,0
6237,7,0,1
6237,7,1,0
6237,7,2,0
6238,1,0,1
6238,2,1,0
6238,3,0,1
6238,3,1,0
6238,4,2,0
6238,5,0,1
6238,5,2,0
6238,6,1,0
6238,6,2,0
6238,7,0,1
6238,7,1,0
6238,7,2,0
6239,1,0,0
6239,2,1,0
6239,3,0,0
6239,3,1,0
6239,4,2,0
6239,5,0,0
6239,5,2,0
6239,6,1,0
6239,6,2,0
6239,7,0,0
6239,7,1,0
6239,7,2,0
6240,1,0,0
6240,2,1,0
6240,3,0,0
6240,3,1,0
6240,4,2,0
6240,5,0,0
6240,5,2,0
6240,6,1,0
6240,6,2,0
6240,7,0,0
6240,7,1,0
6240,7,2,0
6241,1,0,0
6241,2,1,0
6241,3,0,0
6241,3,1,0
6241,4,2,0
6241,5,0,0
6241,5,2,0
6241,6,1,0
6241,6,2,0
6241,7,0,0
6241,7,1,0
6241,7,2,0
6242,1,0,0
6242,2,1,0
6242,3,0,0
6242,3,1,0
6242,4,2,0
6242,5,0,0
6242,5,2,0
6242,6,1,0
6242,6,2,0
6242,7,0,0
6242,7,1,0
6242,7,2,0
6243,1,0,0
6243,2,1,0
6243,3,0,0
6243,3,1,0
6243,4,2,0
6243,5,0,0
6243,5,2,0
6243,6,1,0
6243,6,2,0
6243,7,0,0
6243,7,1,0
6243,7,2,0
6244,1,0,0
6244,2,1,0
6244,3,0,0
6244,3,1,0
6244,4,2,0
6244,5,0,0
6244,5,2,0
6244,6,1,0
6244,6,2,0
6244,7,0,0
6244,7,1,0
6244,7,2,0
6245,1,0,0
6245,2,1,0
6245,3,0,0
6245,3,1,0
6245,4,2,0
6245,5,0,0
6245,5,2,0
6245,6,1,0
6245,6,2,0
6245,7,0,0
6245,7,1,0
6245,7,2,0
6246,1,0,0
6246,2,1,0
6246,3,0,0
6246,3,1,0
6246,4,2,0
6246,5,0,0
6246,5,2,0
6246,6,1,0
6246,6,2,0
6246,7,0,0
6246,7,1,0
6246,7,2,0
6247,1,0,0
6247,2,1,0
6247,3,0,0
6247,3,1,0
6247,4,2,0
6247,5,0,0
6247,5,2,0
6247,6,1,0
6247,6,2,0
6247,7,0,0
6247,7,1,0
6247,7,2,0
6248,1,0,0
6248,2,1,0
6248,3,0,0
6248,3,1,0
6248,4,2,0
6248,5,0,0
6248,5,2,0
6248,6,1,0
6248,6,2,0
6248,7,0,0
6248,7,1,0
6248,7,2,0
6249,1,0,0
6249,2,1,0
6249,3,0,0
6249,3,1,0
6249,4,2,0
6249,5,0,0
6249,5,2,0
6249,6,1,0
6249,6,2,0
6249,7,0,0
6249,7,1,0
6249,7,2,0
6250,1,0,0
6250,2,1,0
6250,3,0,0
6250,3,1,0
6250,4,2,0
6250,5,0,0
6250,5,2,0
6250,6,1,0
6250,6,2,0
6250,7,0,0
6250,7,1,0
6250,7,2,0
6251,1,0,0
6251,2,1,0
6251,3,0,0
6251,3,1,0
6251,4,2,0
6251,5,0,0
6251,5,2,0
6251,6,1,0
6251,6,2,0
6251,7,0,0
6251,7,1,0
6251,7,2,0
6252,1,0,0
6252,2,1,0
6252,3,0,0
6252,3,1,0
6252,4,2,0
6252,5,0,0
6252,5,2,0
6252,6,1,0
6252,6,2,0
6252,7,0,0
6252,7,1,0
6252,7,2,0
6253,1,0,0
6253,2,1,0
6253,3,0,0
6253,3,1,0
6253,4,2,0
6253,5,0,0
6253,5,2,0
6253,6,1,0
6253,6,2,0
6253,7,0,0
6253,7,1,0
6253,7,2,0
6254,1,0,0
6254,2,1,0
6254,3,0,0
6254,3,1,0
6254,4,2,0
6254,5,0,0
6254,5,2,0
6254,6,1,0
6254,6,2,0
6254,7,0,0
6254,7,1,0
6254,7,2,0
6255,1,0,0
6255,2,1,0
6255,3,0,0
6255,3,1,0
6255,4,2,0
6255,5,0,0
6255,5,2,0
6255,6,1,0
6255,6,2,0
6255,7,0,0
6255,7,1,0
6255,7,2,0
6256,1,0,0
6256,2,1,0
6256,3,0,0
6256,3,1,0
6256,4,2,0
6256,5,0,0
6256,5,2,0
6256,6,1,0
6256,6,2,0
6256,7,0,0
6256,7,1,0
6256,7,2,0
6257,1,0,0
6257,2,1,0
6257,3,0,0
6257,3,1,0
6257,4,2,0
6257,5,0,0
6257,5,2,0
6257,6,1,0
6257,6,2,0
6257,7,0,0
6257,7,1,0
6257,7,2,0
6258,1,0,0
6258,2,1,0
6258,3,0,0
6258,3,1,0
6258,4,2,0
6258,5,0,0
6258,5,2,0
6258,6,1,0
6258,6,2,0
6258,7,0,0
6258,7,1,0
6258,7,2,0
6259,1,0,0
6259,2,1,0
6259,3,0,0
6259,3,1,0
6259,4,2,0
6259,5,0,0
6259,5,2,0
6259,6,1,0
6259,6,2,0
6259,7,0,0
6259,7,1,0
6259,7,2,0
6260,1,0,0
6260,2,1,0
6260,3,0,0
6260,3,1,0
6260,4,2,0
6260,5,0,0
6260,5,2,0
6260,6,1,0
6260,6,2,0
6260,7,0,0
6260,7,1,0
6260,7,2,0
6261,1,0,0
6261,2,1,0
6261,3,0,0
6261,3,1,0
6261,4,2,0
6261,5,0,0
6261,5,2,0
6261,6,1,0
6261,6,2,0
6261,7,0,0
6261,7,1,0
6261,7,2,0
6262,1,0,0
6262,2,1,0
6262,3,0,0
6262,3,1,0
6262,4,2,0
6262,5,0,0
6262,5,2,0
6262,6,1,0
6262,6,2,0
6262,7,0,0
6262,7,1,0
6262,7,2,0
6263,1,0,0
6263,2,1,0
6263,3,0,0
6263,3,1,0
6263,4,2,0
6263,5,0,0
6263,5,2,0
6263,6,1,0
6263,6,2,0
6263,7,0,0
6263,7,1,0
6263,7,2,0
6264,1,0,1
6264,2,1,0
6264,3,0,1
6264,3,1,0
6264,4,2,0
6264,5,0,1
6264,5,2,0
6264,6,1,0
6264,6,2,0
6264,7,0,1
6264,7,1,0
6264,7,2,0
6265,1,0,1
6265,2,1,0
6265,3,0,1
6265,3,1,0
6265,4,2,0
6265,5,0,1
6265,5,2,0
6265,6,1,0
6265,6,2,0
6265,7,0,1
6265,7,1,0
6265,7,2,0
6266,1,0,0
6266,2,1,0
6266,3,0,0
6266,3,1,0
6266,4,2,0
6266,5,0,0
6266,5,2,0
6266,6,1,0
6266,6,2,0
6266,7,0,0
6266,7,1,0
6266,7,2,0
6267,1,0,0
6267,2,1,0
6267,3,0,0
6267,3,1,0
6267,4,2,0
6267,5,0,0
6267,5,2,0
6267,6,1,0
6267,6,2,0
6267,7,0,0
6267,7,1,0
6267,7,2,0
6268,1,0,0
6268,2,1,0
6268,3,0,0
6268,3,1,0
6268,4,2,0
6268,5,0,0
6268,5,2,0
6268,6,1,0
6268,6,2,0
6268,7,0,0
6268,7,1,0
6268,7,2,0
6269,1,0,0
6269,2,1,0
6269,3,0,0
6269,3,1,0
6269,4,2,0
6269,5,0,0
6269,5,2,0
6269,6,1,0
6269,6,2,0
6269,7,0,0
6269,7,1,0
6269,7,2,0
6270,1,0,0
6270,2,1,0
6270,3,0,0
6270,3,1,0
6270,4,2,0
6270,5,0,0
6270,5,2,0
6270,6,1,0
6270,6,2,0
6270,7,0,0
6270,7,1,0
6270,7,2,0
6271,1,0,0
6271,2,1,0
6271,3,0,0
6271,3,1,0
6271,4,2,0
6271,5,0,0
6271,5,2,0
6271,6,1,0
6271,6,2,0
6271,7,0,0
6271,7,1,0
6271,7,2,0
6272,1,0,0
6272,2,1,0
6272,3,0,0
6272,3,1,0
6272,4,2,0
6272,5,0,0
6272,5,2,0
6272,6,1,0
6272,6,2,0
6272,7,0,0
6272,7,1,0
6272,7,2,0
6273,1,0,0
6273,2,1,0
6273,3,0,0
6273,3,1,0
6273,4,2,0
6273,5,0,0
6273,5,2,0
6273,6,1,0
6273,6,2,0
6273,7,0,0
6273,7,1,0
6273,7,2,0
6274,1,0,0
6274,2,1,0
6274,3,0,0
6274,3,1,0
6274,4,2,0
6274,5,0,0
6274,5,2,0
6274,6,1,0
6274,6,2,0
6274,7,0,0
6274,7,1,0
6274,7,2,0
6275,1,0,0
6275,2,1,0
6275,3,0,0
6275,3,1,0
6275,4,2,0
6275,5,0,0
6275,5,2,0
6275,6,1,0
6275,6,2,0
6275,7,0,0
6275,7,1,0
6275,7,2,0
6276,1,0,0
6276,2,1,0
6276,3,0,0
6276,3,1,0
6276,4,2,0
6276,5,0,0
6276,5,2,0
6276,6,1,0
6276,6,2,0
6276,7,0,0
6276,7,1,0
6276,7,2,0
6277,1,0,0
6277,2,1,0
6277,3,0,0
6277,3,1,0
6277,4,2,0
6277,5,0,0
6277,5,2,0
6277,6,1,0
6277,6,2,0
6277,7,0,0
6277,7,1,0
6277,7,2,0
6278,1,0,0
6278,2,1,0
6278,3,0,0
6278,3,1,0
6278,4,2,0
6278,5,0,0
6278,5,2,0
6278,6,1,0
6278,6,2,0
6278,7,0,0
6278,7,1,0
6278,7,2,0
6279,1,0,0
6279,2,1,0
6279,3,0,0
6279,3,1,0
6279,4,2,0
6279,5,0,0
6279,5,2,0
6279,6,1,0
6279,6,2,0
6279,7,0,0
6279,7,1,0
6279,7,2,0
6280,1,0,0
6280,2,1,0
6280,3,0,0
6280,3,1,0
6280,4,2,0
6280,5,0,0
6280,5,2,0
6280,6,1,0
6280,6,2,0
6280,7,0,0
6280,7,1,0
6280,7,2,0
6281,1,0,0
6281,2,1,0
6281,3,0,0
6281,3,1,0
6281,4,2,0
6281,5,0,0
6281,5,2,0
6281,6,1,0
6281,6,2,0
6281,7,0,0
6281,7,1,0
6281,7,2,0
6282,1,0,0
6282,2,1,0
6282,3,0,0
6282,3,1,0
6282,4,2,0
6282,5,0,0
6282,5,2,0
6282,6,1,0
6282,6,2,0
6282,7,0,0
6282,7,1,0
6282,7,2,0
6283,1,0,0
6283,2,1,0
6283,3,0,0
6283,3,1,0
6283,4,2,0
6283,5,0,0
6283,5,2,0
6283,6,1,0
6283,6,2,0
6283,7,0,0
6283,7,1,0
6283,7,2,0
6284,1,0,0
6284,2,1,0
6284,3,0,0
6284,3,1,0
6284,4,2,0
6284,5,0,0
6284,5,2,0
6284,6,1,0
6284,6,2,0
6284,7,0,0
6284,7,1,0
6284,7,2,0
6285,1,0,0
6285,2,1,0
6285,3,0,0
6285,3,1,0
6285,4,2,0
6285,5,0,0
6285,5,2,0
6285,6,1,0
6285,6,2,0
6285,7,0,0
6285,7,1,0
6285,7,2,0
6286,1,0,0
6286,2,1,0
6286,3,0,0
6286,3,1,0
6286,4,2,0
6286,5,0,0
6286,5,2,0
6286,6,1,0
6286,6,2,0
6286,7,0,0
6286,7,1,0
6286,7,2,0
6287,1,0,0
6287,2,1,0
6287,3,0,0
6287,3,1,0
6287,4,2,0
6287,5,0,0
6287,5,2,0
6287,6,1,0
6287,6,2,0
6287,7,0,0
6287,7,1,0
6287,7,2,0
6288,1,0,0
6288,2,1,0
6288,3,0,0
6288,3,1,0
6288,4,2,0
6288,5,0,0
6288,5,2,0
6288,6,1,0
6288,6,2,0
6288,7,0,0
6288,7,1,0
6288,7,2,0
6289,1,0,0
6289,2,1,0
6289,3,0,0
6289,3,1,0
6289,4,2,0
6289,5,0,0
6289,5,2,0
6289,6,1,0
6289,6,2,0
6289,7,0,0
6289,7,1,0
6289,7,2,0
6290,1,0,0
6290,2,1,0
6290,3,0,0
6290,3,1,0
6290,4,2,0
6290,5,0,0
6290,5,2,0
6290,6,1,0
6290,6,2,0
6290,7,0,0
6290,7,1,0
6290,7,2,0
6291,1,0,1
6291,2,1,0
6291,3,0,1
6291,3,1,0
6291,4,2,0
6291,5,0,1
6291,5,2,0
6291,6,1,0
6291,6,2,0
6291,7,0,1
6291,7,1,0
6291,7,2,0
6292,1,0,1
6292,2,1,0
6292,3,0,1
6292,3,1,0
6292,4,2,0
6292,5,0,1
6292,5,2,0
6292,6,1,0
6292,6,2,0
6292,7,0,1
6292,7,1,0
6292,7,2,0
6293,1,0,0
6293,2,1,0
6293,3,0,0
6293,3,1,0
6293,4,2,0
6293,5,0,0
6293,5,2,0
6293,6,1,0
6293,6,2,0
6293,7,0,0
6293,7,1,0
6293,7,2,0
6294,1,0,0
6294,2,1,0
6294,3,0,0
6294,3,1,0
6294,4,2,0
6294,5,0,0
6294,5,2,0
6294,6,1,0
6294,6,2,0
6294,7,0,0
6294,7,1,0
6294,7,2,0
6295,1,0,0
6295,2,1,0
6295,3,0,0
6295,3,1,0
6295,4,2,0
6295,5,0,0
6295,5,2,0
6295,6,1,0
6295,6,2,0
6295,7,0,0
6295,7,1,0
6295,7,2,0
6296,1,0,0
6296,2,1,0
6296,3,0,0
6296,3,1,0
6296,4,2,0
6296,5,0,0
6296,5,2,0
6296,6,1,0
6296,6,2,0
6296,7,0,0
6296,7,1,0
6296,7,2,0
6297,1,0,0
6297,2,1,0
6297,3,0,0
6297,3,1,0
6297,4,2,0
6297,5,0,0
6297,5,2,0
6297,6,1,0
6297,6,2,0
6297,7,0,0
6297,7,1,0
6297,7,2,0
6298,1,0,0
6298,2,1,0
6298,3,0,0
6298,3,1,0
6298,4,2,0
6298,5,0,0
6298,5,2,0
6298,6,1,0
6298,6,2,0
6298,7,0,0
6298,7,1,0
6298,7,2,0
6299,1,0,0
6299,2,1,0
6299,3,0,0
6299,3,1,0
6299,4,2,0
6299,5,0,0
6299,5,2,0
6299,6,1,0
6299,6,2,0
6299,7,0,0
6299,7,1,0
6299,7,2,0
6300,1,0,0
6300,2,1,0
6300,3,0,0
6300,3,1,0
6300,4,2,0
6300,5,0,0
6300,5,2,0
6300,6,1,0
6300,6,2,0
6300,7,0,0
6300,7,1,0
6300,7,2,0
6301,1,0,0
6301,2,1,0
6301,3,0,0
6301,3,1,0
6301,4,2,0
6301,5,0,0
6301,5,2,0
6301,6,1,0
6301,6,2,0
6301,7,0,0
6301,7,1,0
6301,7,2,0
6302,1,0,0
6302,2,1,0
6302,3,0,0
6302,3,1,0
6302,4,2,0
6302,5,0,0
6302,5,2,0
6302,6,1,0
6302,6,2,0
6302,7,0,0
6302,7,1,0
6302,7,2,0
6303,1,0,0
6303,2,1,0
6303,3,0,0
6303,3,1,0
6303,4,2,0
6303,5,0,0
6303,5,2,0
6303,6,1,0
6303,6,2,0
6303,7,0,0
6303,7,1,0
6303,7,2,0
6304,1,0,0
6304,2,1,0
6304,3,0,0
6304,3,1,0
6304,4,2,0
6304,5,0,0
6304,5,2,0
6304,6,1,0
6304,6,2,0
6304,7,0,0
6304,7,1,0
6304,7,2,0
6305,1,0,0
6305,2,1,0
6305,3,0,0
6305,3,1,0
6305,4,2,0
6305,5,0,0
6305,5,2,0
6305,6,1,0
6305,6,2,0
6305,7,0,0
6305,7,1,0
6305,7,2,0
6306,1,0,0
6306,2,1,0
6306,3,0,0
6306,3,1,0
6306,4,2,0
6306,5,0,0
6306,5,2,0
6306,6,1,0
6306,6,2,0
6306,7,0,0
6306,7,1,0
6306,7,2,0
6307,1,0,0
6307,2,1,0
6307,3,0,0
6307,3,1,0
6307,4,2,0
6307,5,0,0
6307,5,2,0
6307,6,1,0
6307,6,2,0
6307,7,0,0
6307,7,1,0
6307,7,2,0
6308,1,0,0
6308,2,1,0
6308,3,0,0
6308,3,1,0
6308,4,2,0
6308,5,0,0
6308,5,2,0
6308,6,1,0
6308,6,2,0
6308,7,0,0
6308,7,1,0
6308,7,2,0
6309,1,0,0
6309,2,1,0
6309,3,0,0
6309,3,1,0
6309,4,2,0
6309,5,0,0
6309,5,2,0
6309,6,1,0
6309,6,2,0
6309,7,0,0
6309,7,1,0
6309,7,2,0
6310,1,0,0
6310,2,1,0
6310,3,0,0
6310,3,1,0
6310,4,2,0
6310,5,0,0
6310,5,2,0
6310,6,1,0
6310,6,2,0
6310,7,0,0
6310,7,1,0
6310,7,2,0
6311,1,0,0
6311,2,1,0
6311,3,0,0
6311,3,1,0
6311,4,2,0
6311,5,0,0
6311,5,2,0
6311,6,1,0
6311,6,2,0
6311,7,0,0
6311,7,1,0
6311,7,2,0
6312,1,0,0
6312,2,1,0
6312,3,0,0
6312,3,1,0
6312,4,2,0
6312,5,0,0
6312,5,2,0
6312,6,1,0
6312,6,2,0
6312,7,0,0
6312,7,1,0
6312,7,2,0
6313,1,0,0
6313,2,1,0
6313,3,0,0
6313,3,1,0
6313,4,2,0
6313,5,0,0
6313,5,2,0
6313,6,1,0
6313,6,2,0
6313,7,0,0
6313,7,1,0
6313,7,2,0
6314,1,0,0
6314,2,1,0
6314,3,0,0
6314,3,1,0
6314,4,2,0
6314,5,0,0
6314,5,2,0
6314,6,1,0
6314,6,2,0
6314,7,0,0
6314,7,1,0
6314,7,2,0
6315,1,0,0
6315,2,1,0
6315,3,0,0
6315,3,1,0
6315,4,2,0
6315,5,0,0
6315,5,2,0
6315,6,1,0
6315,6,2,0
6315,7,0,0
6315,7,1,0
6315,7,2,0
6316,1,0,0
6316,2,1,0
6316,3,0,0
6316,3,1,0
6316,4,2,0
6316,5,0,0
6316,5,2,0
6316,6,1,0
6316,6,2,0
6316,7,0,0
6316,7,1,0
6316,7,2,0
6317,1,0,0
6317,2,1,0
6317,3,0,0
6317,3,1,0
6317,4,2,0
6317,5,0,0
6317,5,2,0
6317,6,1,0
6317,6,2,0
6317,7,0,0
6317,7,1,0
6317,7,2,0
6318,1,0,1
6318,2,1,0
6318,3,0,1
6318,3,1,0
6318,4,2,0
6318,5,0,1
6318,5,2,0
6318,6,1,0
6318,6,2,0
6318,7,0,1
6318,7,1,0
6318,7,2,0
6319,1,0,1
6319,2,1,0
6319,3,0,1
6319,3,1,0
6319,4,2,0
6319,5,0,1
6319,5,2,0
6319,6,1,0
6319,6,2,0
6319,7,0,1
6319,7,1,0
6319,7,2,0
6320,1,0,0
6320,2,1,0
6320,3,0,0
6320,3,1,0
6320,4,2,0
6320,5,0,0
6320,5,2,0
6320,6,1,0
6320,6,2,0
6320,7,0,0
6320,7,1,0
6320,7,2,0
6321,1,0,0
6321,2,1,0
6321,3,0,0
6321,3,1,0
6321,4,2,0
6321,5,0,0
6321,5,2,0
6321,6,1,0
6321,6,2,0
6321,7,0,0
6321,7,1,0
6321,7,2,0
6322,1,0,0
6322,2,1,0
6322,3,0,0
6322,3,1,0
6322,4,2,0
6322,5,0,0
6322,5,2,0
6322,6,1,0
6322,6,2,0
6322,7,0,0
6322,7,1,0
6322,7,2,0
6323,1,0,0
6323,2,1,0
6323,3,0,0
6323,3,1,0
6323,4,2,0
6323,5,0,0
6323,5,2,0
6323,6,1,0
6323,6,2,0
6323,7,0,0
6323,7,1,0
6323,7,2,0
6324,1,0,0
6324,2,1,0
6324,3,0,0
6324,3,1,0
6324,4,2,0
6324,5,0,0
6324,5,2,0
6324,6,1,0
6324,6,2,0
6324,7,0,0
6324,7,1,0
6324,7,2,0
6325,1,0,0
6325,2,1,0
6325,3,0,0
6325,3,1,0
6325,4,2,0
6325,5,0,0
6325,5,2,0
6325,6,1,0
6325,6,2,0
6325,7,0,0
6325,7,1,0
6325,7,2,0
6326,1,0,0
6326,2,1,0
6326,3,0,0
6326,3,1,0
6326,4,2,0
6326,5,0,0
6326,5,2,0
6326,6,1,0
6326,6,2,0
6326,7,0,0
6326,7,1,0
6326,7,2,0
6327,1,0,0
6327,2,1,0
6327,3,0,0
6327,3,1,0
6327,4,2,0
6327,5,0,0
6327,5,2,0
6327,6,1,0
6327,6,2,0
6327,7,0,0
6327,7,1,0
6327,7,2,0
6328,1,0,0
6328,2,1,0
6328,3,0,0
6328,3,1,0
6328,4,2,0
6328,5,0,0
6328,5,2,0
6328,6,1,0
6328,6,2,0
6328,7,0,0
6328,7,1,0
6328,7,2,0
6329,1,0,0
6329,2,1,0
6329,3,0,0
6329,3,1,0
6329,4,2,0
6329,5,0,0
6329,5,2,0
6329,6,1,0
6329,6,2,0
6329,7,0,0
6329,7,1,0
6329,7,2,0
6330,1,0,0
6330,2,1,0
6330,3,0,0
6330,3,1,0
6330,4,2,0
6330,5,0,0
6330,5,2,0
6330,6,1,0
6330,6,2,0
6330,7,0,0
6330,7,1,0
6330,7,2,0
6331,1,0,0
6331,2,1,0
6331,3,0,0
6331,3,1,0
6331,4,2,0
6331,5,0,0
6331,5,2,0
6331,6,1,0
6331,6,2,0
6331,7,0,0
6331,7,1,0
6331,7,2,0
6332,1,0,0
6332,2,1,0
6332,3,0,0
6332,3,1,0
6332,4,2,0
6332,5,0,0
6332,5,2,0
6332,6,1,0
6332,6,2,0
6332,7,0,0
6332,7,1,0
6332,7,2,0
6333,1,0,0
6333,2,1,0
6333,3,0,0
6333,3,1,0
6333,4,2,0
6333,5,0,0
6333,5,2,0
6333,6,1,0
6333,6,2,0
6333,7,0,0
6333,7,1,0
6333,7,2,0
6334,1,0,0
6334,2,1,0
6334,3,0,0
6334,3,1,0
6334,4,2,0
6334,5,0,0
6334,5,2,0
6334,6,1,0
6334,6,2,0
6334,7,0,0
6334,7,1,0
6334,7,2,0
6335,1,0,0
6335,2,1,0
6335,3,0,0
6335,3,1,0
6335,4,2,0
6335,5,0,0
6335,5,2,0
6335,6,1,0
6335,6,2,0
6335,7,0,0
6335,7,1,0
6335,7,2,0
6336,1,0,0
6336,2,1,0
6336,3,0,0
6336,3,1,0
6336,4,2,0
6336,5,0,0
6336,5,2,0
6336,6,1,0
6336,6,2,0
6336,7,0,0
6336,7,1,0
6336,7,2,0
6337,1,0,0
6337,2,1,0
6337,3,0,0
6337,3,1,0
6337,4,2,0
6337,5,0,0
6337,5,2,0
6337,6,1,0
6337,6,2,0
6337,7,0,0
6337,7,1,0
6337,7,2,0
6338,1,0,0
6338,2,1,0
6338,3,0,0
6338,3,1,0
6338,4,2,0
6338,5,0,0
6338,5,2,0
6338,6,1,0
6338,6,2,0
6338,7,0,0
6338,7,1,0
6338,7,2,0
6339,1,0,0
6339,2,1,0
6339,3,0,0
6339,3,1,0
6339,4,2,0
6339,5,0,0
6339,5,2,0
6339,6,1,0
6339,6,2,0
6339,7,0,0
6339,7,1,0
6339,7,2,0
6340,1,0,0
6340,2,1,0
6340,3,0,0
6340,3,1,0
6340,4,2,0
6340,5,0,0
6340,5,2,0
6340,6,1,0
6340,6,2,0
6340,7,0,0
6340,7,1,0
6340,7,2,0
6341,1,0,0
6341,2,1,0
6341,3,0,0
6341,3,1,0
6341,4,2,0
6341,5,0,0
6341,5,2,0
6341,6,1,0
6341,6,2,0
6341,7,0,0
6341,7,1,0
6341,7,2,0
6342,1,0,0
6342,2,1,0
6342,3,0,0
6342,3,1,0
6342,4,2,0
6342,5,0,0
6342,5,2,0
6342,6,1,0
6342,6,2,0
6342,7,0,0
6342,7,1,0
6342,7,2,0
6343,1,0,0
6343,2,1,0
6343,3,0,0
6343,3,1,0
6343,4,2,0
6343,5,0,0
6343,5,2,0
6343,6,1,0
6343,6,2,0
6343,7,0,0
6343,7,1,0
6343,7,2,0
6344,1,0,0
6344,2,1,0
6344,3,0,0
6344,3,1,0
6344,4,2,0
6344,5,0,0
6344,5,2,0
6344,6,1,0
6344,6,2,0
6344,7,0,0
6344,7,1,0
6344,7,2,0
6345,1,0,1
6345,2,1,0
6345,3,0,1
6345,3,1,0
6345,4,2,0
6345,5,0,1
6345,5,2,0
6345,6,1,0
6345,6,2,0
6345,7,0,1
6345,7,1,0
6345,7,2,0
6346,1,0,1
6346,2,1,0
6346,3,0,1
6346,3,1,0
6346,4,2,0
6346,5,0,1
6346,5,2,0
6346,6,1,0
6346,6,2,0
6346,7,0,1
6346,7,1,0
6346,7,2,0
6347,1,0,0
6347,2,1,0
6347,3,0,0
6347,3,1,0
6347,4,2,0
6347,5,0,0
6347,5,2,0
6347,6,1,0
6347,6,2,0
6347,7,0,0
6347,7,1,0
6347,7,2,0
6348,1,0,0
6348,2,1,0
6348,3,0,0
6348,3,1,0
6348,4,2,0
6348,5,0,0
6348,5,2,0
6348,6,1,0
6348,6,2,0
6348,7,0,0
6348,7,1,0
6348,7,2,0
6349,1,0,0
6349,2,1,0
6349,3,0,0
6349,3,1,0
6349,4,2,0
6349,5,0,0
6349,5,2,0
6349,6,1,0
6349,6,2,0
6349,7,0,0
6349,7,1,0
6349,7,2,0
6350,1,0,0
6350,2,1,0
6350,3,0,0
6350,3,1,0
6350,4,2,0
6350,5,0,0
6350,5,2,0
6350,6,1,0
6350,6,2,0
6350,7,0,0
6350,7,1,0
6350,7,2,0
6351,1,0,0
6351,2,1,0
6351,3,0,0
6351,3,1,0
6351,4,2,0
6351,5,0,0
6351,5,2,0
6351,6,1,0
6351,6,2,0
6351,7,0,0
6351,7,1,0
6351,7,2,0
6352,1,0,0
6352,2,1,0
6352,3,0,0
6352,3,1,0
6352,4,2,0
6352,5,0,0
6352,5,2,0
6352,6,1,0
6352,6,2,0
6352,7,0,0
6352,7,1,0
6352,7,2,0
6353,1,0,0
6353,2,1,0
6353,3,0,0
6353,3,1,0
6353,4,2,0
6353,5,0,0
6353,5,2,0
6353,6,1,0
6353,6,2,0
6353,7,0,0
6353,7,1,0
6353,7,2,0
6354,1,0,0
6354,2,1,0
6354,3,0,0
6354,3,1,0
6354,4,2,0
6354,5,0,0
6354,5,2,0
6354,6,1,0
6354,6,2,0
6354,7,0,0
6354,7,1,0
6354,7,2,0
6355,1,0,0
6355,2,1,0
6355,3,0,0
6355,3,1,0
6355,4,2,0
6355,5,0,0
6355,5,2,0
6355,6,1,0
6355,6,2,0
6355,7,0,0
6355,7,1,0
6355,7,2,0
6356,1,0,0
6356,2,1,0
6356,3,0,0
6356,3,1,0
6356,4,2,0
6356,5,0,0
6356,5,2,0
6356,6,1,0
6356,6,2,0
6356,7,0,0
6356,7,1,0
6356,7,2,0
6357,1,0,0
6357,2,1,0
6357,3,0,0
6357,3,1,0
6357,4,2,0
6357,5,0,0
6357,5,2,0
6357,6,1,0
6357,6,2,0
6357,7,0,0
6357,7,1,0
6357,7,2,0
6358,1,0,0
6358,2,1,0
6358,3,0,0
6358,3,1,0
6358,4,2,0
6358,5,0,0
6358,5,2,0
6358,6,1,0
6358,6,2,0
6358,7,0,0
6358,7,1,0
6358,7,2,0
6359,1,0,0
6359,2,1,0
6359,3,0,0
6359,3,1,0
6359,4,2,0
6359,5,0,0
6359,5,2,0
6359,6,1,0
6359,6,2,0
6359,7,0,0
6359,7,1,0
6359,7,2,0
6360,1,0,0
6360,2,1,0
6360,3,0,0
6360,3,1,0
6360,4,2,0
6360,5,0,0
6360,5,2,0
6360,6,1,0
6360,6,2,0
6360,7,0,0
6360,7,1,0
6360,7,2,0
6361,1,0,0
6361,2,1,0
6361,3,0,0
6361,3,1,0
6361,4,2,0
6361,5,0,0
6361,5,2,0
6361,6,1,0
6361,6,2,0
6361,7,0,0
6361,7,1,0
6361,7,2,0
6362,1,0,0
6362,2,1,0
6362,3,0,0
6362,3,1,0
6362,4,2,0
6362,5,0,0
6362,5,2,0
6362,6,1,0
6362,6,2,0
6362,7,0,0
6362,7,1,0
6362,7,2,0
6363,1,0,0
6363,2,1,0
6363,3,0,0
6363,3,1,0
6363,4,2,0
6363,5,0,0
6363,5,2,0
6363,6,1,0
6363,6,2,0
6363,7,0,0
6363,7,1,0
6363,7,2,0
6364,1,0,0
6364,2,1,0
6364,3,0,0
6364,3,1,0
6364,4,2,0
6364,5,0,0
6364,5,2,0
6364,6,1,0
6364,6,2,0
6364,7,0,0
6364,7,1,0
6364,7,2,0
6365,1,0,0
6365,2,1,0
6365,3,0,0
6365,3,1,0
6365,4,2,0
6365,5,0,0
6365,5,2,0
6365,6,1,0
6365,6,2,0
6365,7,0,0
6365,7,1,0
6365,7,2,0
6366,1,0,0
6366,2,1,0
6366,3,0,0
6366,3,1,0
6366,4,2,0
6366,5,0,0
6366,5,2,0
6366,6,1,0
6366,6,2,0
6366,7,0,0
6366,7,1,0
6366,7,2,0
6367,1,0,0
6367,2,1,0
6367,3,0,0
6367,3,1,0
6367,4,2,0
6367,5,0,0
6367,5,2,0
6367,6,1,0
6367,6,2,0
6367,7,0,0
6367,7,1,0
6367,7,2,0
6368,1,0,0
6368,2,1,0
6368,3,0,0
6368,3,1,0
6368,4,2,0
6368,5,0,0
6368,5,2,0
6368,6,1,0
6368,6,2,0
6368,7,0,0
6368,7,1,0
6368,7,2,0
6369,1,0,0
6369,2,1,0
6369,3,0,0
6369,3,1,0
6369,4,2,0
6369,5,0,0
6369,5,2,0
6369,6,1,0
6369,6,2,0
6369,7,0,0
6369,7,1,0
6369,7,2,0
6370,1,0,0
6370,2,1,0
6370,3,0,0
6370,3,1,0
6370,4,2,0
6370,5,0,0
6370,5,2,0
6370,6,1,0
6370,6,2,0
6370,7,0,0
6370,7,1,0
6370,7,2,0
6371,1,0,0
6371,2,1,0
6371,3,0,0
6371,3,1,0
6371,4,2,0
6371,5,0,0
6371,5,2,0
6371,6,1,0
6371,6,2,0
6371,7,0,0
6371,7,1,0
6371,7,2,0
6372,1,0,1
6372,2,1,0
6372,3,0,1
6372,3,1,0
6372,4,2,0
6372,5,0,1
6372,5,2,0
6372,6,1,0
6372,6,2,0
6372,7,0,1
6372,7,1,0
6372,7,2,0
6373,1,0,1
6373,2,1,0
6373,3,0,1
6373,3,1,0
6373,4,2,0
6373,5,0,1
6373,5,2,0
6373,6,1,0
6373,6,2,0
6373,7,0,1
6373,7,1,0
6373,7,2,0
6374,1,0,0
6374,2,1,0
6374,3,0,0
6374,3,1,0
6374,4,2,0
6374,5,0,0
6374,5,2,0
6374,6,1,0
6374,6,2,0
6374,7,0,0
6374,7,1,0
6374,7,2,0
6375,1,0,0
6375,2,1,0
6375,3,0,0
6375,3,1,0
6375,4,2,0
6375,5,0,0
6375,5,2,0
6375,6,1,0
6375,6,2,0
6375,7,0,0
6375,7,1,0
6375,7,2,0
6376,1,0,0
6376,2,1,0
6376,3,0,0
6376,3,1,0
6376,4,2,0
6376,5,0,0
6376,5,2,0
6376,6,1,0
6376,6,2,0
6376,7,0,0
6376,7,1,0
6376,7,2,0
6377,1,0,0
6377,2,1,0
6377,3,0,0
6377,3,1,0
6377,4,2,0
6377,5,0,0
6377,5,2,0
6377,6,1,0
6377,6,2,0
6377,7,0,0
6377,7,1,0
6377,7,2,0
6378,1,0,0
6378,2,1,0
6378,3,0,0
6378,3,1,0
6378,4,2,0
6378,5,0,0
6378,5,2,0
6378,6,1,0
6378,6,2,0
6378,7,0,0
6378,7,1,0
6378,7,2,0
6379,1,0,0
6379,2,1,0
6379,3,0,0
6379,3,1,0
6379,4,2,0
6379,5,0,0
6379,5,2,0
6379,6,1,0
6379,6,2,0
6379,7,0,0
6379,7,1,0
6379,7,2,0
6380,1,0,0
6380,2,1,0
6380,3,0,0
6380,3,1,0
6380,4,2,0
6380,5,0,0
6380,5,2,0
6380,6,1,0
6380,6,2,0
6380,7,0,0
6380,7,1,0
6380,7,2,0
6381,1,0,0
6381,2,1,0
6381,3,0,0
6381,3,1,0
6381,4,2,0
6381,5,0,0
6381,5,2,0
6381,6,1,0
6381,6,2,0
6381,7,0,0
6381,7,1,0
6381,7,2,0
6382,1,0,0
6382,2,1,0
6382,3,0,0
6382,3,1,0
6382,4,2,0
6382,5,0,0
6382,5,2,0
6382,6,1,0
6382,6,2,0
6382,7,0,0
6382,7,1,0
6382,7,2,0
6383,1,0,0
6383,2,1,0
6383,3,0,0
6383,3,1,0
6383,4,2,0
6383,5,0,0
6383,5,2,0
6383,6,1,0
6383,6,2,0
6383,7,0,0
6383,7,1,0
6383,7,2,0
6384,1,0,0
6384,2,1,0
6384,3,0,0
6384,3,1,0
6384,4,2,0
6384,5,0,0
6384,5,2,0
6384,6,1,0
6384,6,2,0
6384,7,0,0
6384,7,1,0
6384,7,2,0
6385,1,0,0
6385,2,1,0
6385,3,0,0
6385,3,1,0
6385,4,2,0
6385,5,0,0
6385,5,2,0
6385,6,1,0
6385,6,2,0
6385,7,0,0
6385,7,1,0
6385,7,2,0
6386,1,0,0
6386,2,1,0
6386,3,0,0
6386,3,1,0
6386,4,2,0
6386,5,0,0
6386,5,2,0
6386,6,1,0
6386,6,2,0
6386,7,0,0
6386,7,1,0
6386,7,2,0
6387,1,0,0
6387,2,1,0
6387,3,0,0
6387,3,1,0
6387,4,2,0
6387,5,0,0
6387,5,2,0
6387,6,1,0
6387,6,2,0
6387,7,0,0
6387,7,1,0
6387,7,2,0
6388,1,0,0
6388,2,1,0
6388,3,0,0
6388,3,1,0
6388,4,2,0
6388,5,0,0
6388,5,2,0
6388,6,1,0
6388,6,2,0
6388,7,0,0
6388,7,1,0
6388,7,2,0
6389,1,0,0
6389,2,1,0
6389,3,0,0
6389,3,1,0
6389,4,2,0
6389,5,0,0
6389,5,2,0
6389,6,1,0
6389,6,2,0
6389,7,0,0
6389,7,1,0
6389,7,2,0
6390,1,0,0
6390,2,1,0
6390,3,0,0
6390,3,1,0
6390,4,2,0
6390,5,0,0
6390,5,2,0
6390,6,1,0
6390,6,2,0
6390,7,0,0
6390,7,1,0
6390,7,2,0
6391,1,0,0
6391,2,1,0
6391,3,0,0
6391,3,1,0
6391,4,2,0
6391,5,0,0
6391,5,2,0
6391,6,1,0
6391,6,2,0
6391,7,0,0
6391,7,1,0
6391,7,2,0
6392,1,0,0
6392,2,1,0
6392,3,0,0
6392,3,1,0
6392,4,2,0
6392,5,0,0
6392,5,2,0
6392,6,1,0
6392,6,2,0
6392,7,0,0
6392,7,1,0
6392,7,2,0
6393,1,0,0
6393,2,1,0
6393,3,0,0
6393,3,1,0
6393,4,2,0
6393,5,0,0
6393,5,2,0
6393,6,1,0
6393,6,2,0
6393,7,0,0
6393,7,1,0
6393,7,2,0
6394,1,0,0
6394,2,1,0
6394,3,0,0
6394,3,1,0
6394,4,2,0
6394,5,0,0
6394,5,2,0
6394,6,1,0
6394,6,2,0
6394,7,0,0
6394,7,1,0
6394,7,2,0
6395,1,0,0
6395,2,1,0
6395,3,0,0
6395,3,1,0
6395,4,2,0
6395,5,0,0
6395,5,2,0
6395,6,1,0
6395,6,2,0
6395,7,0,0
6395,7,1,0
6395,7,2,0
6396,1,0,0
6396,2,1,0
6396,3,0,0
6396,3,1,0
6396,4,2,0
6396,5,0,0
6396,5,2,0
6396,6,1,0
6396,6,2,0
6396,7,0,0
6396,7,1,0
6396,7,2,0
6397,1,0,0
6397,2,1,0
6397,3,0,0
6397,3,1,0
6397,4,2,0
6397,5,0,0
6397,5,2,0
6397,6,1,0
6397,6,2,0
6397,7,0,0
6397,7,1,0
6397,7,2,0
6398,1,0,0
6398,2,1,0
6398,3,0,0
6398,3,1,0
6398,4,2,0
6398,5,0,0
6398,5,2,0
6398,6,1,0
6398,6,2,0
6398,7,0,0
6398,7,1,0
6398,7,2,0
6399,1,0,1
6399,2,1,0
6399,3,0,1
6399,3,1,0
6399,4,2,0
6399,5,0,1
6399,5,2,0
6399,6,1,0
6399,6,2,0
6399,7,0,1
6399,7,1,0
6399,7,2,0
6400,1,0,1
6400,2,1,0
6400,3,0,1
6400,3,1,0
6400,4,2,0
6400,5,0,1
6400,5,2,0
6400,6,1,0
6400,6,2,0
6400,7,0,1
6400,7,1,0
6400,7,2,0
6401,1,0,0
6401,2,1,0
6401,3,0,0
6401,3,1,0
6401,4,2,0
6401,5,0,0
6401,5,2,0
6401,6,1,0
6401,6,2,0
6401,7,0,0
6401,7,1,0
6401,7,2,0
6402,1,0,0
6402,2,1,0
6402,3,0,0
6402,3,1,0
6402,4,2,0
6402,5,0,0
6402,5,2,0
6402,6,1,0
6402,6,2,0
6402,7,0,0
6402,7,1,0
6402,7,2,0
6403,1,0,0
6403,2,1,0
6403,3,0,0
6403,3,1,0
6403,4,2,0
6403,5,0,0
6403,5,2,0
6403,6,1,0
6403,6,2,0
6403,7,0,0
6403,7,1,0
6403,7,2,0
6404,1,0,0
6404,2,1,0
6404,3,0,0
6404,3,1,0
6404,4,2,0
6404,5,0,0
6404,5,2,0
6404,6,1,0
6404,6,2,0
6404,7,0,0
6404,7,1,0
6404,7,2,0
6405,1,0,0
6405,2,1,0
6405,3,0,0
6405,3,1,0
6405,4,2,0
6405,5,0,0
6405,5,2,0
6405,6,1,0
6405,6,2,0
6405,7,0,0
6405,7,1,0
6405,7,2,0
6406,1,0,0
6406,2,1,0
6406,3,0,0
6406,3,1,0
6406,4,2,0
6406,5,0,0
6406,5,2,0
6406,6,1,0
6406,6,2,0
6406,7,0,0
6406,7,1,0
6406,7,2,0
6407,1,0,0
6407,2,1,0
6407,3,0,0
6407,3,1,0
6407,4,2,0
6407,5,0,0
6407,5,2,0
6407,6,1,0
6407,6,2,0
6407,7,0,0
6407,7,1,0
6407,7,2,0
6408,1,0,0
6408,2,1,0
6408,3,0,0
6408,3,1,0
6408,4,2,0
6408,5,0,0
6408,5,2,0
6408,6,1,0
6408,6,2,0
6408,7,0,0
6408,7,1,0
6408,7,2,0
6409,1,0,0
6409,2,1,0
6409,3,0,0
6409,3,1,0
6409,4,2,0
6409,5,0,0
6409,5,2,0
6409,6,1,0
6409,6,2,0
6409,7,0,0
6409,7,1,0
6409,7,2,0
6410,1,0,0
6410,2,1,0
6410,3,0,0
6410,3,1,0
6410,4,2,0
6410,5,0,0
6410,5,2,0
6410,6,1,0
6410,6,2,0
6410,7,0,0
6410,7,1,0
6410,7,2,0
6411,1,0,0
6411,2,1,0
6411,3,0,0
6411,3,1,0
6411,4,2,0
6411,5,0,0
6411,5,2,0
6411,6,1,0
6411,6,2,0
6411,7,0,0
6411,7,1,0
6411,7,2,0
6412,1,0,0
6412,2,1,0
6412,3,0,0
6412,3,1,0
6412,4,2,0
6412,5,0,0
6412,5,2,0
6412,6,1,0
6412,6,2,0
6412,7,0,0
6412,7,1,0
6412,7,2,0
6413,1,0,0
6413,2,1,0
6413,3,0,0
6413,3,1,0
6413,4,2,0
6413,5,0,0
6413,5,2,0
6413,6,1,0
6413,6,2,0
6413,7,0,0
6413,7,1,0
6413,7,2,0
6414,1,0,0
6414,2,1,0
6414,3,0,0
6414,3,1,0
6414,4,2,0
6414,5,0,0
6414,5,2,0
6414,6,1,0
6414,6,2,0
6414,7,0,0
6414,7,1,0
6414,7,2,0
6415,1,0,0
6415,2,1,0
6415,3,0,0
6415,3,1,0
6415,4,2,0
6415,5,0,0
6415,5,2,0
6415,6,1,0
6415,6,2,0
6415,7,0,0
6415,7,1,0
6415,7,2,0
6416,1,0,0
6416,2,1,0
6416,3,0,0
6416,3,1,0
6416,4,2,0
6416,5,0,0
6416,5,2,0
6416,6,1,0
6416,6,2,0
6416,7,0,0
6416,7,1,0
6416,7,2,0
6417,1,0,0
6417,2,1,0
6417,3,0,0
6417,3,1,0
6417,4,2,0
6417,5,0,0
6417,5,2,0
6417,6,1,0
6417,6,2,0
6417,7,0,0
6417,7,1,0
6417,7,2,0
6418,1,0,0
6418,2,1,0
6418,3,0,0
6418,3,1,0
6418,4,2,0
6418,5,0,0
6418,5,2,0
6418,6,1,0
6418,6,2,0
6418,7,0,0
6418,7,1,0
6418,7,2,0
6419,1,0,0
6419,2,1,0
6419,3,0,0
6419,3,1,0
6419,4,2,0
6419,5,0,0
6419,5,2,0
6419,6,1,0
6419,6,2,0
6419,7,0,0
6419,7,1,0
6419,7,2,0
6420,1,0,0
6420,2,1,0
6420,3,0,0
6420,3,1,0
6420,4,2,0
6420,5,0,0
6420,5,2,0
6420,6,1,0
6420,6,2,0
6420,7,0,0
6420,7,1,0
6420,7,2,0
6421,1,0,0
6421,2,1,0
6421,3,0,0
6421,3,1,0
6421,4,2,0
6421,5,0,0
6421,5,2,0
6421,6,1,0
6421,6,2,0
6421,7,0,0
6421,7,1,0
6421,7,2,0
6422,1,0,0
6422,2,1,0
6422,3,0,0
6422,3,1,0
6422,4,2,0
6422,5,0,0
6422,5,2,0
6422,6,1,0
6422,6,2,0
6422,7,0,0
6422,7,1,0
6422,7,2,0
6423,1,0,0
6423,2,1,0
6423,3,0,0
6423,3,1,0
6423,4,2,0
6423,5,0,0
6423,5,2,0
6423,6,1,0
6423,6,2,0
6423,7,0,0
6423,7,1,0
6423,7,2,0
6424,1,0,0
6424,2,1,0
6424,3,0,0
6424,3,1,0
6424,4,2,0
6424,5,0,0
6424,5,2,0
6424,6,1,0
6424,6,2,0
6424,7,0,0
6424,7,1,0
6424,7,2,0
6425,1,0,0
6425,2,1,0
6425,3,0,0
6425,3,1,0
6425,4,2,0
6425,5,0,0
6425,5,2,0
6425,6,1,0
6425,6,2,0
6425,7,0,0
6425,7,1,0
6425,7,2,0
6426,1,0,1
6426,2,1,0
6426,3,0,1
6426,3,1,0
6426,4,2,0
6426,5,0,1
6426,5,2,0
6426,6,1,0
6426,6,2,0
6426,7,0,1
6426,7,1,0
6426,7,2,0
6427,1,0,1
6427,2,1,0
6427,3,0,1
6427,3,1,0
6427,4,2,0
6427,5,0,1
6427,5,2,0
6427,6,1,0
6427,6,2,0
6427,7,0,1
6427,7,1,0
6427,7,2,0
6428,1,0,0
6428,2,1,0
6428,3,0,0
6428,3,1,0
6428,4,2,0
6428,5,0,0
6428,5,2,0
6428,6,1,0
6428,6,2,0
6428,7,0,0
6428,7,1,0
6428,7,2,0
6429,1,0,0
6429,2,1,0
6429,3,0,0
6429,3,1,0
6429,4,2,0
6429,5,0,0
6429,5,2,0
6429,6,1,0
6429,6,2,0
6429,7,0,0
6429,7,1,0
6429,7,2,0
6430,1,0,0
6430,2,1,0
6430,3,0,0
6430,3,1,0
6430,4,2,0
6430,5,0,0
6430,5,2,0
6430,6,1,0
6430,6,2,0
6430,7,0,0
6430,7,1,0
6430,7,2,0
6431,1,0,0
6431,2,1,0
6431,3,0,0
6431,3,1,0
6431,4,2,0
6431,5,0,0
6431,5,2,0
6431,6,1,0
6431,6,2,0
6431,7,0,0
6431,7,1,0
6431,7,2,0
6432,1,0,0
6432,2,1,0
6432,3,0,0
6432,3,1,0
6432,4,2,0
6432,5,0,0
6432,5,2,0
6432,6,1,0
6432,6,2,0
6432,7,0,0
6432,7,1,0
6432,7,2,0
6433,1,0,0
6433,2,1,0
6433,3,0,0
6433,3,1,0
6433,4,2,0
6433,5,0,0
6433,5,2,0
6433,6,1,0
6433,6,2,0
6433,7,0,0
6433,7,1,0
6433,7,2,0
6434,1,0,0
6434,2,1,0
6434,3,0,0
6434,3,1,0
6434,4,2,0
6434,5,0,0
6434,5,2,0
6434,6,1,0
6434,6,2,0
6434,7,0,0
6434,7,1,0
6434,7,2,0
6435,1,0,0
6435,2,1,0
6435,3,0,0
6435,3,1,0
6435,4,2,0
6435,5,0,0
6435,5,2,0
6435,6,1,0
6435,6,2,0
6435,7,0,0
6435,7,1,0
6435,7,2,0
6436,1,0,0
6436,2,1,0
6436,3,0,0
6436,3,1,0
6436,4,2,0
6436,5,0,0
6436,5,2,0
6436,6,1,0
6436,6,2,0
6436,7,0,0
6436,7,1,0
6436,7,2,0
6437,1,0,0
6437,2,1,0
6437,3,0,0
6437,3,1,0
6437,4,2,0
6437,5,0,0
6437,5,2,0
6437,6,1,0
6437,6,2,0
6437,7,0,0
6437,7,1,0
6437,7,2,0
6438,1,0,0
6438,2,1,0
6438,3,0,0
6438,3,1,0
6438,4,2,0
6438,5,0,0
6438,5,2,0
6438,6,1,0
6438,6,2,0
6438,7,0,0
6438,7,1,0
6438,7,2,0
6439,1,0,0
6439,2,1,0
6439,3,0,0
6439,3,1,0
6439,4,2,0
6439,5,0,0
6439,5,2,0
6439,6,1,0
6439,6,2,0
6439,7,0,0
6439,7,1,0
6439,7,2,0
6440,1,0,0
6440,2,1,0
6440,3,0,0
6440,3,1,0
6440,4,2,0
6440,5,0,0
6440,5,2,0
6440,6,1,0
6440,6,2,0
6440,7,0,0
6440,7,1,0
6440,7,2,0
6441,1,0,0
6441,2,1,0
6441,3,0,0
6441,3,1,0
6441,4,2,0
6441,5,0,0
6441,5,2,0
6441,6,1,0
6441,6,2,0
6441,7,0,0
6441,7,1,0
6441,7,2,0
6442,1,0,0
6442,2,1,0
6442,3,0,0
6442,3,1,0
6442,4,2,0
6442,5,0,0
6442,5,2,0
6442,6,1,0
6442,6,2,0
6442,7,0,0
6442,7,1,0
6442,7,2,0
6443,1,0,0
6443,2,1,0
6443,3,0,0
6443,3,1,0
6443,4,2,0
6443,5,0,0
6443,5,2,0
6443,6,1,0
6443,6,2,0
6443,7,0,0
6443,7,1,0
6443,7,2,0
6444,1,0,0
6444,2,1,0
6444,3,0,0
6444,3,1,0
6444,4,2,0
6444,5,0,0
6444,5,2,0
6444,6,1,0
6444,6,2,0
6444,7,0,0
6444,7,1,0
6444,7,2,0
6445,1,0,0
6445,2,1,0
6445,3,0,0
6445,3,1,0
6445,4,2,0
6445,5,0,0
6445,5,2,0
6445,6,1,0
6445,6,2,0
6445,7,0,0
6445,7,1,0
6445,7,2,0
6446,1,0,0
6446,2,1,0
6446,3,0,0
6446,3,1,0
6446,4,2,0
6446,5,0,0
6446,5,2,0
6446,6,1,0
6446,6,2,0
6446,7,0,0
6446,7,1,0
6446,7,2,0
6447,1,0,0
6447,2,1,0
6447,3,0,0
6447,3,1,0
6447,4,2,0
6447,5,0,0
6447,5,2,0
6447,6,1,0
6447,6,2,0
6447,7,0,0
6447,7,1,0
6447,7,2,0
6448,1,0,0
6448,2,1,0
6448,3,0,0
6448,3,1,0
6448,4,2,0
6448,5,0,0
6448,5,2,0
6448,6,1,0
6448,6,2,0
6448,7,0,0
6448,7,1,0
6448,7,2,0
6449,1,0,0
6449,2,1,0
6449,3,0,0
6449,3,1,0
6449,4,2,0
6449,5,0,0
6449,5,2,0
6449,6,1,0
6449,6,2,0
6449,7,0,0
6449,7,1,0
6449,7,2,0
6450,1,0,0
6450,2,1,0
6450,3,0,0
6450,3,1,0
6450,4,2,0
6450,5,0,0
6450,5,2,0
6450,6,1,0
6450,6,2,0
6450,7,0,0
6450,7,1,0
6450,7,2,0
6451,1,0,0
6451,2,1,0
6451,3,0,0
6451,3,1,0
6451,4,2,0
6451,5,0,0
6451,5,2,0
6451,6,1,0
6451,6,2,0
6451,7,0,0
6451,7,1,0
6451,7,2,0
6452,1,0,0
6452,2,1,0
6452,3,0,0
6452,3,1,0
6452,4,2,0
6452,5,0,0
6452,5,2,0
6452,6,1,0
6452,6,2,0
6452,7,0,0
6452,7,1,0
6452,7,2,0
6453,1,0,1
6453,2,1,0
6453,3,0,1
6453,3,1,0
6453,4,2,0
6453,5,0,1
6453,5,2,0
6453,6,1,0
6453,6,2,0
6453,7,0,1
6453,7,1,0
6453,7,2,0
6454,1,0,1
6454,2,1,0
6454,3,0,1
6454,3,1,0
6454,4,2,0
6454,5,0,1
6454,5,2,0
6454,6,1,0
6454,6,2,0
6454,7,0,1
6454,7,1,0
6454,7,2,0
6455,1,0,0
6455,2,1,0
6455,3,0,0
6455,3,1,0
6455,4,2,0
6455,5,0,0
6455,5,2,0
6455,6,1,0
6455,6,2,0
6455,7,0,0
6455,7,1,0
6455,7,2,0
6456,1,0,0
6456,2,1,0
6456,3,0,0
6456,3,1,0
6456,4,2,0
6456,5,0,0
6456,5,2,0
6456,6,1,0
6456,6,2,0
6456,7,0,0
6456,7,1,0
6456,7,2,0
6457,1,0,0
6457,2,1,0
6457,3,0,0
6457,3,1,0
6457,4,2,0
6457,5,0,0
6457,5,2,0
6457,6,1,0
6457,6,2,0
6457,7,0,0
6457,7,1,0
6457,7,2,0
6458,1,0,0
6458,2,1,0
6458,3,0,0
6458,3,1,0
6458,4,2,0
6458,5,0,0
6458,5,2,0
6458,6,1,0
6458,6,2,0
6458,7,0,0
6458,7,1,0
6458,7,2,0
6459,1,0,0
6459,2,1,0
6459,3,0,0
6459,3,1,0
6459,4,2,0
6459,5,0,0
6459,5,2,0
6459,6,1,0
6459,6,2,0
6459,7,0,0
6459,7,1,0
6459,7,2,0
6460,1,0,0
6460,2,1,0
6460,3,0,0
6460,3,1,0
6460,4,2,0
6460,5,0,0
6460,5,2,0
6460,6,1,0
6460,6,2,0
6460,7,0,0
6460,7,1,0
6460,7,2,0
6461,1,0,0
6461,2,1,0
6461,3,0,0
6461,3,1,0
6461,4,2,0
6461,5,0,0
6461,5,2,0
6461,6,1,0
6461,6,2,0
6461,7,0,0
6461,7,1,0
6461,7,2,0
6462,1,0,0
6462,2,1,0
6462,3,0,0
6462,3,1,0
6462,4,2,0
6462,5,0,0
6462,5,2,0
6462,6,1,0
6462,6,2,0
6462,7,0,0
6462,7,1,0
6462,7,2,0
6463,1,0,0
6463,2,1,0
6463,3,0,0
6463,3,1,0
6463,4,2,0
6463,5,0,0
6463,5,2,0
6463,6,1,0
6463,6,2,0
6463,7,0,0
6463,7,1,0
6463,7,2,0
6464,1,0,0
6464,2,1,0
6464,3,0,0
6464,3,1,0
6464,4,2,0
6464,5,0,0
6464,5,2,0
6464,6,1,0
6464,6,2,0
6464,7,0,0
6464,7,1,0
6464,7,2,0
6465,1,0,0
6465,2,1,0
6465,3,0,0
6465,3,1,0
6465,4,2,0
6465,5,0,0
6465,5,2,0
6465,6,1,0
6465,6,2,0
6465,7,0,0
6465,7,1,0
6465,7,2,0
6466,1,0,0
6466,2,1,0
6466,3,0,0
6466,3,1,0
6466,4,2,0
6466,5,0,0
6466,5,2,0
6466,6,1,0
6466,6,2,0
6466,7,0,0
6466,7,1,0
6466,7,2,0
6467,1,0,0
6467,2,1,0
6467,3,0,0
6467,3,1,0
6467,4,2,0
6467,5,0,0
6467,5,2,0
6467,6,1,0
6467,6,2,0
6467,7,0,0
6467,7,1,0
6467,7,2,0
6468,1,0,0
6468,2,1,0
6468,3,0,0
6468,3,1,0
6468,4,2,0
6468,5,0,0
6468,5,2,0
6468,6,1,0
6468,6,2,0
6468,7,0,0
6468,7,1,0
6468,7,2,0
6469,1,0,0
6469,2,1,0
6469,3,0,0
6469,3,1,0
6469,4,2,0
6469,5,0,0
6469,5,2,0
6469,6,1,0
6469,6,2,0
6469,7,0,0
6469,7,1,0
6469,7,2,0
6470,1,0,0
6470,2,1,0
6470,3,0,0
6470,3,1,0
6470,4,2,0
6470,5,0,0
6470,5,2,0
6470,6,1,0
6470,6,2,0
6470,7,0,0
6470,7,1,0
6470,7,2,0
6471,1,0,0
6471,2,1,0
6471,3,0,0
6471,3,1,0
6471,4,2,0
6471,5,0,0
6471,5,2,0
6471,6,1,0
6471,6,2,0
6471,7,0,0
6471,7,1,0
6471,7,2,0
6472,1,0,0
6472,2,1,0
6472,3,0,0
6472,3,1,0
6472,4,2,0
6472,5,0,0
6472,5,2,0
6472,6,1,0
6472,6,2,0
6472,7,0,0
6472,7,1,0
6472,7,2,0
6473,1,0,0
6473,2,1,0
6473,3,0,0
6473,3,1,0
6473,4,2,0
6473,5,0,0
6473,5,2,0
6473,6,1,0
6473,6,2,0
6473,7,0,0
6473,7,1,0
6473,7,2,0
6474,1,0,0
6474,2,1,0
6474,3,0,0
6474,3,1,0
6474,4,2,0
6474,5,0,0
6474,5,2,0
6474,6,1,0
6474,6,2,0
6474,7,0,0
6474,7,1,0
6474,7,2,0
6475,1,0,0
6475,2,1,0
6475,3,0,0
6475,3,1,0
6475,4,2,0
6475,5,0,0
6475,5,2,0
6475,6,1,0
6475,6,2,0
6475,7,0,0
6475,7,1,0
6475,7,2,0
6476,1,0,0
6476,2,1,0
6476,3,0,0
6476,3,1,0
6476,4,2,0
6476,5,0,0
6476,5,2,0
6476,6,1,0
6476,6,2,0
6476,7,0,0
6476,7,1,0
6476,7,2,0
6477,1,0,0
6477,2,1,0
6477,3,0,0
6477,3,1,0
6477,4,2,0
6477,5,0,0
6477,5,2,0
6477,6,1,0
6477,6,2,0
6477,7,0,0
6477,7,1,0
6477,7,2,0
6478,1,0,0
6478,2,1,0
6478,3,0,0
6478,3,1,0
6478,4,2,0
6478,5,0,0
6478,5,2,0
6478,6,1,0
6478,6,2,0
6478,7,0,0
6478,7,1,0
6478,7,2,0
6479,1,0,0
6479,2,1,0
6479,3,0,0
6479,3,1,0
6479,4,2,0
6479,5,0,0
6479,5,2,0
6479,6,1,0
6479,6,2,0
6479,7,0,0
6479,7,1,0
6479,7,2,0
6480,1,0,1
6480,2,1,0
6480,3,0,1
6480,3,1,0
6480,4,2,0
6480,5,0,1
6480,5,2,0
6480,6,1,0
6480,6,2,0
6480,7,0,1
6480,7,1,0
6480,7,2,0
6481,1,0,1
6481,2,1,0
6481,3,0,1
6481,3,1,0
6481,4,2,0
6481,5,0,1
6481,5,2,0
6481,6,1,0
6481,6,2,0
6481,7,0,1
6481,7,1,0
6481,7,2,0
6482,1,0,0
6482,2,1,0
6482,3,0,0
6482,3,1,0
6482,4,2,0
6482,5,0,0
6482,5,2,0
6482,6,1,0
6482,6,2,0
6482,7,0,0
6482,7,1,0
6482,7,2,0
6483,1,0,0
6483,2,1,0
6483,3,0,0
6483,3,1,0
6483,4,2,0
6483,5,0,0
6483,5,2,0
6483,6,1,0
6483,6,2,0
6483,7,0,0
6483,7,1,0
6483,7,2,0
6484,1,0,0
6484,2,1,0
6484,3,0,0
6484,3,1,0
6484,4,2,0
6484,5,0,0
6484,5,2,0
6484,6,1,0
6484,6,2,0
6484,7,0,0
6484,7,1,0
6484,7,2,0
6485,1,0,0
6485,2,1,0
6485,3,0,0
6485,3,1,0
6485,4,2,0
6485,5,0,0
6485,5,2,0
6485,6,1,0
6485,6,2,0
6485,7,0,0
6485,7,1,0
6485,7,2,0
6486,1,0,0
6486,2,1,0
6486,3,0,0
6486,3,1,0
6486,4,2,0
6486,5,0,0
6486,5,2,0
6486,6,1,0
6486,6,2,0
6486,7,0,0
6486,7,1,0
6486,7,2,0
6487,1,0,0
6487,2,1,0
6487,3,0,0
6487,3,1,0
6487,4,2,0
6487,5,0,0
6487,5,2,0
6487,6,1,0
6487,6,2,0
6487,7,0,0
6487,7,1,0
6487,7,2,0
6488,1,0,0
6488,2,1,0
6488,3,0,0
6488,3,1,0
6488,4,2,0
6488,5,0,0
6488,5,2,0
6488,6,1,0
6488,6,2,0
6488,7,0,0
6488,7,1,0
6488,7,2,0
6489,1,0,0
6489,2,1,0
6489,3,0,0
6489,3,1,0
6489,4,2,0
6489,5,0,0
6489,5,2,0
6489,6,1,0
6489,6,2,0
6489,7,0,0
6489,7,1,0
6489,7,2,0
6490,1,0,0
6490,2,1,0
6490,3,0,0
6490,3,1,0
6490,4,2,0
6490,5,0,0
6490,5,2,0
6490,6,1,0
6490,6,2,0
6490,7,0,0
6490,7,1,0
6490,7,2,0
6491,1,0,0
6491,2,1,0
6491,3,0,0
6491,3,1,0
6491,4,2,0
6491,5,0,0
6491,5,2,0
6491,6,1,0
6491,6,2,0
6491,7,0,0
6491,7,1,0
6491,7,2,0
6492,1,0,0
6492,2,1,0
6492,3,0,0
6492,3,1,0
6492,4,2,0
6492,5,0,0
6492,5,2,0
6492,6,1,0
6492,6,2,0
6492,7,0,0
6492,7,1,0
6492,7,2,0
6493,1,0,0
6493,2,1,0
6493,3,0,0
6493,3,1,0
6493,4,2,0
6493,5,0,0
6493,5,2,0
6493,6,1,0
6493,6,2,0
6493,7,0,0
6493,7,1,0
6493,7,2,0
6494,1,0,0
6494,2,1,0
6494,3,0,0
6494,3,1,0
6494,4,2,0
6494,5,0,0
6494,5,2,0
6494,6,1,0
6494,6,2,0
6494,7,0,0
6494,7,1,0
6494,7,2,0
6495,1,0,0
6495,2,1,0
6495,3,0,0
6495,3,1,0
6495,4,2,0
6495,5,0,0
6495,5,2,0
6495,6,1,0
6495,6,2,0
6495,7,0,0
6495,7,1,0
6495,7,2,0
6496,1,0,0
6496,2,1,0
6496,3,0,0
6496,3,1,0
6496,4,2,0
6496,5,0,0
6496,5,2,0
6496,6,1,0
6496,6,2,0
6496,7,0,0
6496,7,1,0
6496,7,2,0
6497,1,0,0
6497,2,1,0
6497,3,0,0
6497,3,1,0
6497,4,2,0
6497,5,0,0
6497,5,2,0
6497,6,1,0
6497,6,2,0
6497,7,0,0
6497,7,1,0
6497,7,2,0
6498,1,0,0
6498,2,1,0
6498,3,0,0
6498,3,1,0
6498,4,2,0
6498,5,0,0
6498,5,2,0
6498,6,1,0
6498,6,2,0
6498,7,0,0
6498,7,1,0
6498,7,2,0
6499,1,0,0
6499,2,1,0
6499,3,0,0
6499,3,1,0
6499,4,2,0
6499,5,0,0
6499,5,2,0
6499,6,1,0
6499,6,2,0
6499,7,0,0
6499,7,1,0
6499,7,2,0
6500,1,0,0
6500,2,1,0
6500,3,0,0
6500,3,1,0
6500,4,2,0
6500,5,0,0
6500,5,2,0
6500,6,1,0
6500,6,2,0
6500,7,0,0
6500,7,1,0
6500,7,2,0
6501,1,0,0
6501,2,1,0
6501,3,0,0
6501,3,1,0
6501,4,2,0
6501,5,0,0
6501,5,2,0
6501,6,1,0
6501,6,2,0
6501,7,0,0
6501,7,1,0
6501,7,2,0
6502,1,0,0
6502,2,1,0
6502,3,0,0
6502,3,1,0
6502,4,2,0
6502,5,0,0
6502,5,2,0
6502,6,1,0
6502,6,2,0
6502,7,0,0
6502,7,1,0
6502,7,2,0
6503,1,0,0
6503,2,1,0
6503,3,0,0
6503,3,1,0
6503,4,2,0
6503,5,0,0
6503,5,2,0
6503,6,1,0
6503,6,2,0
6503,7,0,0
6503,7,1,0
6503,7,2,0
6504,1,0,0
6504,2,1,0
6504,3,0,0
6504,3,1,0
6504,4,2,0
6504,5,0,0
6504,5,2,0
6504,6,1,0
6504,6,2,0
6504,7,0,0
6504,7,1,0
6504,7,2,0
6505,1,0,0
6505,2,1,0
6505,3,0,0
6505,3,1,0
6505,4,2,0
6505,5,0,0
6505,5,2,0
6505,6,1,0
6505,6,2,0
6505,7,0,0
6505,7,1,0
6505,7,2,0
6506,1,0,0
6506,2,1,0
6506,3,0,0
6506,3,1,0
6506,4,2,0
6506,5,0,0
6506,5,2,0
6506,6,1,0
6506,6,2,0
6506,7,0,0
6506,7,1,0
6506,7,2,0
6507,1,0,1
6507,2,1,0
6507,3,0,1
6507,3,1,0
6507,4,2,0
6507,5,0,1
6507,5,2,0
6507,6,1,0
6507,6,2,0
6507,7,0,1
6507,7,1,0
6507,7,2,0
6508,1,0,1
6508,2,1,0
6508,3,0,1
6508,3,1,0
6508,4,2,0
6508,5,0,1
6508,5,2,0
6508,6,1,0
6508,6,2,0
6508,7,0,1
6508,7,1,0
6508,7,2,0
6509,1,0,0
6509,2,1,0
6509,3,0,0
6509,3,1,0
6509,4,2,0
6509,5,0,0
6509,5,2,0
6509,6,1,0
6509,6,2,0
6509,7,0,0
6509,7,1,0
6509,7,2,0
6510,1,0,0
6510,2,1,0
6510,3,0,0
6510,3,1,0
6510,4,2,0
6510,5,0,0
6510,5,2,0
6510,6,1,0
6510,6,2,0
6510,7,0,0
6510,7,1,0
6510,7,2,0
6511,1,0,0
6511,2,1,0
6511,3,0,0
6511,3,1,0
6511,4,2,0
6511,5,0,0
6511,5,2,0
6511,6,1,0
6511,6,2,0
6511,7,0,0
6511,7,1,0
6511,7,2,0
6512,1,0,0
6512,2,1,0
6512,3,0,0
6512,3,1,0
6512,4,2,0
6512,5,0,0
6512,5,2,0
6512,6,1,0
6512,6,2,0
6512,7,0,0
6512,7,1,0
6512,7,2,0
6513,1,0,0
6513,2,1,0
6513,3,0,0
6513,3,1,0
6513,4,2,0
6513,5,0,0
6513,5,2,0
6513,6,1,0
6513,6,2,0
6513,7,0,0
6513,7,1,0
6513,7,2,0
6514,1,0,0
6514,2,1,0
6514,3,0,0
6514,3,1,0
6514,4,2,0
6514,5,0,0
6514,5,2,0
6514,6,1,0
6514,6,2,0
6514,7,0,0
6514,7,1,0
6514,7,2,0
6515,1,0,0
6515,2,1,0
6515,3,0,0
6515,3,1,0
6515,4,2,0
6515,5,0,0
6515,5,2,0
6515,6,1,0
6515,6,2,0
6515,7,0,0
6515,7,1,0
6515,7,2,0
6516,1,0,0
6516,2,1,0
6516,3,0,0
6516,3,1,0
6516,4,2,0
6516,5,0,0
6516,5,2,0
6516,6,1,0
6516,6,2,0
6516,7,0,0
6516,7,1,0
6516,7,2,0
6517,1,0,0
6517,2,1,0
6517,3,0,0
6517,3,1,0
6517,4,2,0
6517,5,0,0
6517,5,2,0
6517,6,1,0
6517,6,2,0
6517,7,0,0
6517,7,1,0
6517,7,2,0
6518,1,0,0
6518,2,1,0
6518,3,0,0
6518,3,1,0
6518,4,2,0
6518,5,0,0
6518,5,2,0
6518,6,1,0
6518,6,2,0
6518,7,0,0
6518,7,1,0
6518,7,2,0
6519,1,0,0
6519,2,1,0
6519,3,0,0
6519,3,1,0
6519,4,2,0
6519,5,0,0
6519,5,2,0
6519,6,1,0
6519,6,2,0
6519,7,0,0
6519,7,1,0
6519,7,2,0
6520,1,0,0
6520,2,1,0
6520,3,0,0
6520,3,1,0
6520,4,2,0
6520,5,0,0
6520,5,2,0
6520,6,1,0
6520,6,2,0
6520,7,0,0
6520,7,1,0
6520,7,2,0
6521,1,0,0
6521,2,1,0
6521,3,0,0
6521,3,1,0
6521,4,2,0
6521,5,0,0
6521,5,2,0
6521,6,1,0
6521,6,2,0
6521,7,0,0
6521,7,1,0
6521,7,2,0
6522,1,0,0
6522,2,1,0
6522,3,0,0
6522,3,1,0
6522,4,2,0
6522,5,0,0
6522,5,2,0
6522,6,1,0
6522,6,2,0
6522,7,0,0
6522,7,1,0
6522,7,2,0
6523,1,0,0
6523,2,1,0
6523,3,0,0
6523,3,1,0
6523,4,2,0
6523,5,0,0
6523,5,2,0
6523,6,1,0
6523,6,2,0
6523,7,0,0
6523,7,1,0
6523,7,2,0
6524,1,0,0
6524,2,1,0
6524,3,0,0
6524,3,1,0
6524,4,2,0
6524,5,0,0
6524,5,2,0
6524,6,1,0
6524,6,2,0
6524,7,0,0
6524,7,1,0
6524,7,2,0
6525,1,0,0
6525,2,1,0
6525,3,0,0
6525,3,1,0
6525,4,2,0
6525,5,0,0
6525,5,2,0
6525,6,1,0
6525,6,2,0
6525,7,0,0
6525,7,1,0
6525,7,2,0
6526,1,0,0
6526,2,1,0
6526,3,0,0
6526,3,1,0
6526,4,2,0
6526,5,0,0
6526,5,2,0
6526,6,1,0
6526,6,2,0
6526,7,0,0
6526,7,1,0
6526,7,2,0
6527,1,0,0
6527,2,1,0
6527,3,0,0
6527,3,1,0
6527,4,2,0
6527,5,0,0
6527,5,2,0
6527,6,1,0
6527,6,2,0
6527,7,0,0
6527,7,1,0
6527,7,2,0
6528,1,0,0
6528,2,1,0
6528,3,0,0
6528,3,1,0
6528,4,2,0
6528,5,0,0
6528,5,2,0
6528,6,1,0
6528,6,2,0
6528,7,0,0
6528,7,1,0
6528,7,2,0
6529,1,0,0
6529,2,1,0
6529,3,0,0
6529,3,1,0
6529,4,2,0
6529,5,0,0
6529,5,2,0
6529,6,1,0
6529,6,2,0
6529,7,0,0
6529,7,1,0
6529,7,2,0
6530,1,0,0
6530,2,1,0
6530,3,0,0
6530,3,1,0
6530,4,2,0
6530,5,0,0
6530,5,2,0
6530,6,1,0
6530,6,2,0
6530,7,0,0
6530,7,1,0
6530,7,2,0
6531,1,0,0
6531,2,1,0
6531,3,0,0
6531,3,1,0
6531,4,2,0
6531,5,0,0
6531,5,2,0
6531,6,1,0
6531,6,2,0
6531,7,0,0
6531,7,1,0
6531,7,2,0
6532,1,0,0
6532,2,1,0
6532,3,0,0
6532,3,1,0
6532,4,2,0
6532,5,0,0
6532,5,2,0
6532,6,1,0
6532,6,2,0
6532,7,0,0
6532,7,1,0
6532,7,2,0
6533,1,0,0
6533,2,1,0
6533,3,0,0
6533,3,1,0
6533,4,2,0
6533,5,0,0
6533,5,2,0
6533,6,1,0
6533,6,2,0
6533,7,0,0
6533,7,1,0
6533,7,2,0
6534,1,0,1
6534,2,1,0
6534,3,0,1
6534,3,1,0
6534,4,2,0
6534,5,0,1
6534,5,2,0
6534,6,1,0
6534,6,2,0
6534,7,0,1
6534,7,1,0
6534,7,2,0
6535,1,0,1
6535,2,1,0
6535,3,0,1
6535,3,1,0
6535,4,2,0
6535,5,0,1
6535,5,2,0
6535,6,1,0
6535,6,2,0
6535,7,0,1
6535,7,1,0
6535,7,2,0
6536,1,0,0
6536,2,1,0
6536,3,0,0
6536,3,1,0
6536,4,2,0
6536,5,0,0
6536,5,2,0
6536,6,1,0
6536,6,2,0
6536,7,0,0
6536,7,1,0
6536,7,2,0
6537,1,0,0
6537,2,1,0
6537,3,0,0
6537,3,1,0
6537,4,2,0
6537,5,0,0
6537,5,2,0
6537,6,1,0
6537,6,2,0
6537,7,0,0
6537,7,1,0
6537,7,2,0
6538,1,0,0
6538,2,1,0
6538,3,0,0
6538,3,1,0
6538,4,2,0
6538,5,0,0
6538,5,2,0
6538,6,1,0
6538,6,2,0
6538,7,0,0
6538,7,1,0
6538,7,2,0
6539,1,0,0
6539,2,1,0
6539,3,0,0
6539,3,1,0
6539,4,2,0
6539,5,0,0
6539,5,2,0
6539,6,1,0
6539,6,2,0
6539,7,0,0
6539,7,1,0
6539,7,2,0
6540,1,0,0
6540,2,1,0
6540,3,0,0
6540,3,1,0
6540,4,2,0
6540,5,0,0
6540,5,2,0
6540,6,1,0
6540,6,2,0
6540,7,0,0
6540,7,1,0
6540,7,2,0
6541,1,0,0
6541,2,1,0
6541,3,0,0
6541,3,1,0
6541,4,2,0
6541,5,0,0
6541,5,2,0
6541,6,1,0
6541,6,2,0
6541,7,0,0
6541,7,1,0
6541,7,2,0
6542,1,0,0
6542,2,1,0
6542,3,0,0
6542,3,1,0
6542,4,2,0
6542,5,0,0
6542,5,2,0
6542,6,1,0
6542,6,2,0
6542,7,0,0
6542,7,1,0
6542,7,2,0
6543,1,0,0
6543,2,1,0
6543,3,0,0
6543,3,1,0
6543,4,2,0
6543,5,0,0
6543,5,2,0
6543,6,1,0
6543,6,2,0
6543,7,0,0
6543,7,1,0
6543,7,2,0
6544,1,0,0
6544,2,1,0
6544,3,0,0
6544,3,1,0
6544,4,2,0
6544,5,0,0
6544,5,2,0
6544,6,1,0
6544,6,2,0
6544,7,0,0
6544,7,1,0
6544,7,2,0
6545,1,0,0
6545,2,1,0
6545,3,0,0
6545,3,1,0
6545,4,2,0
6545,5,0,0
6545,5,2,0
6545,6,1,0
6545,6,2,0
6545,7,0,0
6545,7,1,0
6545,7,2,0
6546,1,0,0
6546,2,1,0
6546,3,0,0
6546,3,1,0
6546,4,2,0
6546,5,0,0
6546,5,2,0
6546,6,1,0
6546,6,2,0
6546,7,0,0
6546,7,1,0
6546,7,2,0
6547,1,0,0
6547,2,1,0
6547,3,0,0
6547,3,1,0
6547,4,2,0
6547,5,0,0
6547,5,2,0
6547,6,1,0
6547,6,2,0
6547,7,0,0
6547,7,1,0
6547,7,2,0
6548,1,0,0
6548,2,1,0
6548,3,0,0
6548,3,1,0
6548,4,2,0
6548,5,0,0
6548,5,2,0
6548,6,1,0
6548,6,2,0
6548,7,0,0
6548,7,1,0
6548,7,2,0
6549,1,0,0
6549,2,1,0
6549,3,0,0
6549,3,1,0
6549,4,2,0
6549,5,0,0
6549,5,2,0
6549,6,1,0
6549,6,2,0
6549,7,0,0
6549,7,1,0
6549,7,2,0
6550,1,0,0
6550,2,1,0
6550,3,0,0
6550,3,1,0
6550,4,2,0
6550,5,0,0
6550,5,2,0
6550,6,1,0
6550,6,2,0
6550,7,0,0
6550,7,1,0
6550,7,2,0
6551,1,0,0
6551,2,1,0
6551,3,0,0
6551,3,1,0
6551,4,2,0
6551,5,0,0
6551,5,2,0
6551,6,1,0
6551,6,2,0
6551,7,0,0
6551,7,1,0
6551,7,2,0
6552,1,0,0
6552,2,1,0
6552,3,0,0
6552,3,1,0
6552,4,2,0
6552,5,0,0
6552,5,2,0
6552,6,1,0
6552,6,2,0
6552,7,0,0
6552,7,1,0
6552,7,2,0
6553,1,0,0
6553,2,1,0
6553,3,0,0
6553,3,1,0
6553,4,2,0
6553,5,0,0
6553,5,2,0
6553,6,1,0
6553,6,2,0
6553,7,0,0
6553,7,1,0
6553,7,2,0
6554,1,0,0
6554,2,1,0
6554,3,0,0
6554,3,1,0
6554,4,2,0
6554,5,0,0
6554,5,2,0
6554,6,1,0
6554,6,2,0
6554,7,0,0
6554,7,1,0
6554,7,2,0
6555,1,0,0
6555,2,1,0
6555,3,0,0
6555,3,1,0
6555,4,2,0
6555,5,0,0
6555,5,2,0
6555,6,1,0
6555,6,2,0
6555,7,0,0
6555,7,1,0
6555,7,2,0
6556,1,0,0
6556,2,1,0
6556,3,0,0
6556,3,1,0
6556,4,2,0
6556,5,0,0
6556,5,2,0
6556,6,1,0
6556,6,2,0
6556,7,0,0
6556,7,1,0
6556,7,2,0
6557,1,0,0
6557,2,1,0
6557,3,0,0
6557,3,1,0
6557,4,2,0
6557,5,0,0
6557,5,2,0
6557,6,1,0
6557,6,2,0
6557,7,0,0
6557,7,1,0
6557,7,2,0
6558,1,0,0
6558,2,1,0
6558,3,0,0
6558,3,1,0
6558,4,2,0
6558,5,0,0
6558,5,2,0
6558,6,1,0
6558,6,2,0
6558,7,0,0
6558,7,1,0
6558,7,2,0
6559,1,0,0
6559,2,1,0
6559,3,0,0
6559,3,1,0
6559,4,2,0
6559,5,0,0
6559,5,2,0
6559,6,1,0
6559,6,2,0
6559,7,0,0
6559,7,1,0
6559,7,2,0
6560,1,0,0
6560,2,1,0
6560,3,0,0
6560,3,1,0
6560,4,2,0
6560,5,0,0
6560,5,2,0
6560,6,1,0
6560,6,2,0
6560,7,0,0
6560,7,1,0
6560,7,2,0
6561,1,0,1
6561,2,1,1
6561,3,0,1
6561,3,1,1
6561,4,2,1
6561,5,0,1
6561,5,2,1
6561,6,1,1
6561,6,2,1
6561,7,0,1
6561,7,1,1
6561,7,2,1
6562,1,0,1
6562,2,1,1
6562,3,0,1
6562,3,1,1
6562,4,2,1
6562,5,0,1
6562,5,2,1
6562,6,1,1
6562,6,2,1
6562,7,0,1
6562,7,1,1
6562,7,2,1
6563,1,0,0
6563,2,1,1
6563,3,0,0
6563,3,1,1
6563,4,2,1
6563,5,0,0
6563,5,2,1
6563,6,1,1
6563,6,2,1
6563,7,0,0
6563,7,1,1
6563,7,2,1
6564,1,0,1
6564,2,1,1
6564,3,0,1
6564,3,1,1
6564,4,2,1
6564,5,0,1
6564,5,2,1
6564,6,1,1
6564,6,2,1
6564,7,0,1
6564,7,1,1
6564,7,2,1
6565,1,0,1
6565,2,1,1
6565,3,0,1
6565,3,1,1
6565,4,2,1
6565,5,0,1
6565,5,2,1
6565,6,1,1
6565,6,2,1
6565,7,0,1
6565,7,1,1
6565,7,2,1
6566,1,0,0
6566,2,1,1
6566,3,0,0
6566,3,1,1
6566,4,2,1
6566,5,0,0
6566,5,2,1
6566,6,1,1
6566,6,2,1
6566,7,0,0
6566,7,1,1
6566,7,2,1
6567,1,0,1
6567,2,1,1
6567,3,0,1
6567,3,1,1
6567,4,2,1
6567,5,0,1
6567,5,2,1
6567,6,1,1
6567,6,2,1
6567,7,0,1
6567,7,1,1
6567,7,2,1
6568,1,0,1
6568,2,1,1
6568,3,0,1
6568,3,1,1
6568,4,2,1
6568,5,0,1
6568,5,2,1
6568,6,1,1
6568,6,2,1
6568,7,0,1
6568,7,1,1
6568,7,2,1
6569,1,0,0
6569,2,1,1
6569,3,0,0
6569,3,1,1
6569,4,2,1
6569,5,0,0
6569,5,2,1
6569,6,1,1
6569,6,2,1
6569,7,0,0
6569,7,1,1
6569,7,2,1
6570,1,0,1
6570,2,1,1
6570,3,0,1
6570,3,1,1
6570,4,2,1
6570,5,0,1
6570,5,2,1
6570,6,1,1
6570,6,2,1
6570,7,0,1
6570,7,1,1
6570,7,2,1
6571,1,0,1
6571,2,1,1
6571,3,0,1
6571,3,1,1
6571,4,2,1
6571,5,0,1
6571,5,2,1
6571,6,1,1
6571,6,2,1
6571,7,0,1
6571,7,1,1
6571,7,2,1
6572,1,0,0
6572,2,1,1
6572,3,0,0
6572,3,1,1
6572,4,2,1
6572,5,0,0
6572,5,2,1
6572,6,1,1
6572,6,2,1
6572,7,0,0
6572,7,1,1
6572,7,2,1
6573,1,0,1
6573,2,1,1
6573,3,0,1
6573,3,1,1
6573,4,2,1
6573,5,0,1
6573,5,2,1
6573,6,1,1
6573,6,2,1
6573,7,0,1
6573,7,1,1
6573,7,2,1
6574,1,0,1
6574,2,1,1
6574,3,0,1
6574,3,1,1
6574,4,2,1
6574,5,0,1
6574,5,2,1
6574,6,1,1
6574,6,2,1
6574,7,0,1
6574,7,1,1
6574,7,2,1
6575,1,0,0
6575,2,1,1
6575,3,0,0
6575,3,1,1
6575,4,2,1
6575,5,0,0
6575,5,2,1
6575,6,1,1
6575,6,2,1
6575,7,0,0
6575,7,1,1
6575,7,2,1
6576,1,0,1
6576,2,1,1
6576,3,0,1
6576,3,1,1
6576,4,2,1
6576,5,0,1
6576,5,2,1
6576,6,1,1
6576,6,2,1
6576,7,0,1
6576,7,1,1
6576,7,2,1
6577,1,0,1
6577,2,1,1
6577,3,0,1
6577,3,1,1
6577,4,2,1
6577,5,0,1
6577,5,2,1
6577,6,1,1
6577,6,2,1
6577,7,0,1
6577,7,1,1
6577,7,2,1
6578,1,0,0
6578,2,1,1
6578,3,0,0
6578,3,1,1
6578,4,2,1
6578,5,0,0
6578,5,2,1
6578,6,1,1
6578,6,2,1
6578,7,0,0
6578,7,1,1
6578,7,2,1
6579,1,0,1
6579,2,1,1
6579,3,0,1
6579,3,1,1
6579,4,2,1
6579,5,0,1
6579,5,2,1
6579,6,1,1
6579,6,2,1
6579,7,0,1
6579,7,1,1
6579,7,2,1
6580,1,0,1
6580,2,1,1
6580,3,0,1
6580,3,1,1
6580,4,2,1
6580,5,0,1
6580,5,2,1
6580,6,1,1
6580,6,2,1
6580,7,0,1
6580,7,1,1
6580,7,2,1
6581,1,0,0
6581,2,1,1
6581,3,0,0
6581,3,1,1
6581,4,2,1
6581,5,0,0
6581,5,2,1
6581,6,1,1
6581,6,2,1
6581,7,0,0
6581,7,1,1
6581,7,2,1
6582,1,0,1
6582,2,1,1
6582,3,0,1
6582,3,1,1
6582,4,2,1
6582,5,0,1
6582,5,2,1
6582,6,1,1
6582,6,2,1
6582,7,0,1
6582,7,1,1
6582,7,2,1
6583,1,0,1
6583,2,1,1
6583,3,0,1
6583,3,1,1
6583,4,2,1
6583,5,0,1
6583,5,2,1
6583,6,1,1
6583,6,2,1
6583,7,0,1
6583,7,1,1
6583,7,2,1
6584,1,0,0
6584,2,1,1
6584,3,0,0
6584,3,1,1
6584,4,2,1
6584,5,0,0
6584,5,2,1
6584,6,1,1
6584,6,2,1
6584,7,0,0
6584,7,1,1
6584,7,2,1
6585,1,0,1
6585,2,1,1
6585,3,0,1
6585,3,1,1
6585,4,2,1
6585,5,0,1
6585,5,2,1
6585,6,1,1
6585,6,2,1
6585,7,0,1
6585,7,1,1
6585,7,2,1
6586,1,0,1
6586,2,1,1
6586,3,0,1
6586,3,1,1
6586,4,2,1
6586,5,0,1
6586,5,2,1
6586,6,1,1
6586,6,2,1
6586,7,0,1
6586,7,1,1
6586,7,2,1
6587,1,0,0
6587,2,1,1
6587,3,0,0
6587,3,1,1
6587,4,2,1
6587,5,0,0
6587,5,2,1
6587,6,1,1
6587,6,2,1
6587,7,0,0
6587,7,1,1
6587,7,2,1
6588,1,0,1
6588,2,1,1
6588,3,0,1
6588,3,1,1
6588,4,2,1
6588,5,0,1
6588,5,2,1
6588,6,1,1
6588,6,2,1
6588,7,0,1
6588,7,1,1
6588,7,2,1
6589,1,0,1
6589,2,1,1
6589,3,0,1
6589,3,1,1
6589,4,2,1
6589,5,0,1
6589,5,2,1
6589,6,1,1
6589,6,2,1
6589,7,0,1
6589,7,1,1
6589,7,2,1
6590,1,0,0
6590,2,1,0
6590,3,0,0
6590,3,1,0
6590,4,2,1
6590,5,0,0
6590,5,2,1
6590,6,1,0
6590,6,2,1
6590,7,0,0
6590,7,1,0
6590,7,2,1
6591,1,0,1
6591,2,1,1
6591,3,0,1
6591,3,1,1
6591,4,2,1
6591,5,0,1
6591,5,2,1
6591,6,1,1
6591,6,2,1
6591,7,0,1
6591,7,1,1
6591,7,2,1
6592,1,0,1
6592,2,1,1
6592,3,0,1
6592,3,1,1
6592,4,2,1
6592,5,0,1
6592,5,2,1
6592,6,1,1
6592,6,2,1
6592,7,0,1
6592,7,1,1
6592,7,2,1
6593,1,0,0
6593,2,1,0
6593,3,0,0
6593,3,1,0
6593,4,2,1
6593,5,0,0
6593,5,2,1
6593,6,1,0
6593,6,2,1
6593,7,0,0
6593,7,1,0
6593,7,2,1
6594,1,0,0
6594,2,1,0
6594,3,0,0
6594,3,1,0
6594,4,2,1
6594,5,0,0
6594,5,2,1
6594,6,1,0
6594,6,2,1
6594,7,0,0
6594,7,1,0
6594,7,2,1
6595,1,0,0
6595,2,1,0
6595,3,0,0
6595,3,1,0
6595,4,2,1
6595,5,0,0
6595,5,2,1
6595,6,1,0
6595,6,2,1
6595,7,0,0
6595,7,1,0
6595,7,2,1
6596,1,0,0
6596,2,1,0
6596,3,0,0
6596,3,1,0
6596,4,2,1
6596,5,0,0
6596,5,2,1
6596,6,1,0
6596,6,2,1
6596,7,0,0
6596,7,1,0
6596,7,2,1
6597,1,0,1
6597,2,1,1
6597,3,0,1
6597,3,1,1
6597,4,2,1
6597,5,0,1
6597,5,2,1
6597,6,1,1
6597,6,2,1
6597,7,0,1
6597,7,1,1
6597,7,2,1
6598,1,0,1
6598,2,1,1
6598,3,0,1
6598,3,1,1
6598,4,2,1
6598,5,0,1
6598,5,2,1
6598,6,1,1
6598,6,2,1
6598,7,0,1
6598,7,1,1
6598,7,2,1
6599,1,0,0
6599,2,1,0
6599,3,0,0
6599,3,1,0
6599,4,2,1
6599,5,0,0
6599,5,2,1
6599,6,1,0
6599,6,2,1
6599,7,0,0
6599,7,1,0
6599,7,2,1
6600,1,0,1
6600,2,1,1
6600,3,0,1
6600,3,1,1
6600,4,2,1
6600,5,0,1
6600,5,2,1
6600,6,1,1
6600,6,2,1
6600,7,0,1
6600,7,1,1
6600,7,2,1
6601,1,0,1
6601,2,1,1
6601,3,0,1
6601,3,1,1
6601,4,2,1
6601,5,0,1
6601,5,2,1
6601,6,1,1
6601,6,2,1
6601,7,0,1
6601,7,1,1
6601,7,2,1
6602,1,0,0
6602,2,1,0
6602,3,0,0
6602,3,1,0
6602,4,2,1
6602,5,0,0
6602,5,2,1
6602,6,1,0
6602,6,2,1
6602,7,0,0
6602,7,1,0
6602,7,2,1
6603,1,0,0
6603,2,1,0
6603,3,0,0
6603,3,1,0
6603,4,2,1
6603,5,0,0
6603,5,2,1
6603,6,1,0
6603,6,2,1
6603,7,0,0
6603,7,1,0
6603,7,2,1
6604,1,0,0
6604,2,1,0
6604,3,0,0
6604,3,1,0
6604,4,2,1
6604,5,0,0
6604,5,2,1
6604,6,1,0
6604,6,2,1
6604,7,0,0
6604,7,1,0
6604,7,2,1
6605,1,0,0
6605,2,1,0
6605,3,0,0
6605,3,1,0
6605,4,2,1
6605,5,0,0
6605,5,2,1
6605,6,1,0
6605,6,2,1
6605,7,0,0
6605,7,1,0
6605,7,2,1
6606,1,0,1
6606,2,1,1
6606,3,0,1
6606,3,1,1
6606,4,2,1
6606,5,0,1
6606,5,2,1
6606,6,1,1
6606,6,2,1
6606,7,0,1
6606,7,1,1
6606,7,2,1
6607,1,0,1
6607,2,1,1
6607,3,0,1
6607,3,1,1
6607,4,2,1
6607,5,0,1
6607,5,2,1
6607,6,1,1
6607,6,2,1
6607,7,0,1
6607,7,1,1
6607,7,2,1
6608,1,0,0
6608,2,1,0
6608,3,0,0
6608,3,1,0
6608,4,2,1
6608,5,0,0
6608,5,2,1
6608,6,1,0
6608,6,2,1
6608,7,0,0
6608,7,1,0
6608,7,2,1
6609,1,0,1
6609,2,1,1
6609,3,0,1
6609,3,1,1
6609,4,2,1
6609,5,0,1
6609,5,2,1
6609,6,1,1
6609,6,2,1
6609,7,0,1
6609,7,1,1
6609,7,2,1
6610,1,0,1
6610,2,1,1
6610,3,0,1
6610,3,1,1
6610,4,2,1
6610,5,0,1
6610,5,2,1
6610,6,1,1
6610,6,2,1
6610,7,0,1
6610,7,1,1
6610,7,2,1
6611,1,0,0
6611,2,1,0
6611,3,0,0
6611,3,1,0
6611,4,2,1
6611,5,0,0
6611,5,2,1
6611,6,1,0
6611,6,2,1
6611,7,0,0
6611,7,1,0
6611,7,2,1
6612,1,0,0
6612,2,1,0
6612,3,0,0
6612,3,1,0
6612,4,2,1
6612,5,0,0
6612,5,2,1
6612,6,1,0
6612,6,2,1
6612,7,0,0
6612,7,1,0
6612,7,2,1
6613,1,0,0
6613,2,1,0
6613,3,0,0
6613,3,1,0
6613,4,2,1
6613,5,0,0
6613,5,2,1
6613,6,1,0
6613,6,2,1
6613,7,0,0
6613,7,1,0
6613,7,2,1
6614,1,0,0
6614,2,1,0
6614,3,0,0
6614,3,1,0
6614,4,2,1
6614,5,0,0
6614,5,2,1
6614,6,1,0
6614,6,2,1
6614,7,0,0
6614,7,1,0
6614,7,2,1
6615,1,0,1
6615,2,1,1
6615,3,0,1
6615,3,1,1
6615,4,2,1
6615,5,0,1
6615,5,2,1
6615,6,1,1
6615,6,2,1
6615,7,0,1
6615,7,1,1
6615,7,2,1
6616,1,0,1
6616,2,1,1
6616,3,0,1
6616,3,1,1
6616,4,2,1
6616,5,0,1
6616,5,2,1
6616,6,1,1
6616,6,2,1
6616,7,0,1
6616,7,1,1
6616,7,2,1
6617,1,0,0
6617,2,1,0
6617,3,0,0
6617,3,1,0
6617,4,2,1
6617,5,0,0
6617,5,2,1
6617,6,1,0
6617,6,2,1
6617,7,0,0
6617,7,1,0
6617,7,2,1
6618,1,0,0
6618,2,1,0
6618,3,0,0
6618,3,1,0
6618,4,2,1
6618,5,0,0
6618,5,2,1
6618,6,1,0
6618,6,2,1
6618,7,0,0
6618,7,1,0
6618,7,2,1
6619,1,0,0
6619,2,1,0
6619,3,0,0
6619,3,1,0
6619,4,2,1
6619,5,0,0
6619,5,2,1
6619,6,1,0
6619,6,2,1
6619,7,0,0
6619,7,1,0
6619,7,2,1
6620,1,0,0
6620,2,1,0
6620,3,0,0
6620,3,1,0
6620,4,2,1
6620,5,0,0
6620,5,2,1
6620,6,1,0
6620,6,2,1
6620,7,0,0
6620,7,1,0
6620,7,2,1
6621,1,0,0
6621,2,1,0
6621,3,0,0
6621,3,1,0
6621,4,2,1
6621,5,0,0
6621,5,2,1
6621,6,1,0
6621,6,2,1
6621,7,0,0
6621,7,1,0
6621,7,2,1
6622,1,0,0
6622,2,1,0
6622,3,0,0
6622,3,1,0
6622,4,2,1
6622,5,0,0
6622,5,2,1
6622,6,1,0
6622,6,2,1
6622,7,0,0
6622,7,1,0
6622,7,2,1
6623,1,0,0
6623,2,1,0
6623,3,0,0
6623,3,1,0
6623,4,2,1
6623,5,0,0
6623,5,2,1
6623,6,1,0
6623,6,2,1
6623,7,0,0
6623,7,1,0
6623,7,2,1
6624,1,0,1
6624,2,1,1
6624,3,0,1
6624,3,1,1
6624,4,2,1
6624,5,0,1
6624,5,2,1
6624,6,1,1
6624,6,2,1
6624,7,0,1
6624,7,1,1
6624,7,2,1
6625,1,0,1
6625,2,1,1
6625,3,0,1
6625,3,1,1
6625,4,2,1
6625,5,0,1
6625,5,2,1
6625,6,1,1
6625,6,2,1
6625,7,0,1
6625,7,1,1
6625,7,2,1
6626,1,0,0
6626,2,1,0
6626,3,0,0
6626,3,1,0
6626,4,2,1
6626,5,0,0
6626,5,2,1
6626,6,1,0
6626,6,2,1
6626,7,0,0
6626,7,1,0
6626,7,2,1
6627,1,0,0
6627,2,1,0
6627,3,0,0
6627,3,1,0
6627,4,2,1
6627,5,0,0
6627,5,2,1
6627,6,1,0
6627,6,2,1
6627,7,0,0
6627,7,1,0
6627,7,2,1
6628,1,0,0
6628,2,1,0
6628,3,0,0
6628,3,1,0
6628,4,2,1
6628,5,0,0
6628,5,2,1
6628,6,1,0
6628,6,2,1
6628,7,0,0
6628,7,1,0
6628,7,2,1
6629,1,0,0
6629,2,1,0
6629,3,0,0
6629,3,1,0
6629,4,2,1
6629,5,0,0
6629,5,2,1
6629,6,1,0
6629,6,2,1
6629,7,0,0
6629,7,1,0
6629,7,2,1
6630,1,0,0
6630,2,1,0
6630,3,0,0
6630,3,1,0
6630,4,2,1
6630,5,0,0
6630,5,2,1
6630,6,1,0
6630,6,2,1
6630,7,0,0
6630,7,1,0
6630,7,2,1
6631,1,0,0
6631,2,1,0
6631,3,0,0
6631,3,1,0
6631,4,2,1
6631,5,0,0
6631,5,2,1
6631,6,1,0
6631,6,2,1
6631,7,0,0
6631,7,1,0
6631,7,2,1
6632,1,0,0
6632,2,1,0
6632,3,0,0
6632,3,1,0
6632,4,2,1
6632,5,0,0
6632,5,2,1
6632,6,1,0
6632,6,2,1
6632,7,0,0
6632,7,1,0
6632,7,2,1
6633,1,0,1
6633,2,1,1
6633,3,0,1
6633,3,1,1
6633,4,2,1
6633,5,0,1
6633,5,2,1
6633,6,1,1
6633,6,2,1
6633,7,0,1
6633,7,1,1
6633,7,2,1
6634,1,0,1
6634,2,1,1
6634,3,0,1
6634,3,1,1
6634,4,2,1
6634,5,0,1
6634,5,2,1
6634,6,1,1
6634,6,2,1
6634,7,0,1
6634,7,1,1
6634,7,2,1
6635,1,0,0
6635,2,1,0
6635,3,0,0
6635,3,1,0
6635,4,2,1
6635,5,0,0
6635,5,2,1
6635,6,1,0
6635,6,2,1
6635,7,0,0
6635,7,1,0
6635,7,2,1
6636,1,0,0
6636,2,1,0
6636,3,0,0
6636,3,1,0
6636,4,2,1
6636,5,0,0
6636,5,2,1
6636,6,1,0
6636,6,2,1
6636,7,0,0
6636,7,1,0
6636,7,2,1
6637,1,0,0
6637,2,1,0
6637,3,0,0
6637,3,1,0
6637,4,2,1
6637,5,0,0
6637,5,2,1
6637,6,1,0
6637,6,2,1
6637,7,0,0
6637,7,1,0
6637,7,2,1
6638,1,0,0
6638,2,1,0
6638,3,0,0
6638,3,1,0
6638,4,2,1
6638,5,0,0
6638,5,2,1
6638,6,1,0
6638,6,2,1
6638,7,0,0
6638,7,1,0
6638,7,2,1
6639,1,0,0
6639,2,1,0
6639,3,0,0
6639,3,1,0
6639,4,2,1
6639,5,0,0
6639,5,2,1
6639,6,1,0
6639,6,2,1
6639,7,0,0
6639,7,1,0
6639,7,2,1
6640,1,0,0
6640,2,1,0
6640,3,0,0
6640,3,1,0
6640,4,2,1
6640,5,0,0
6640,5,2,1
6640,6,1,0
6640,6,2,1
6640,7,0,0
6640,7,1,0
6640,7,2,1
6641,1,0,0
6641,2,1,0
6641,3,0,0
6641,3,1,0
6641,4,2,1
6641,5,0,0
6641,5,2,1
6641,6,1,0
6641,6,2,1
6641,7,0,0
6641,7,1,0
6641,7,2,1
6642,1,0,1
6642,2,1,1
6642,3,0,1
6642,3,1,1
6642,4,2,1
6642,5,0,1
6642,5,2,1
6642,6,1,1
6642,6,2,1
6642,7,0,1
6642,7,1,1
6642,7,2,1
6643,1,0,1
6643,2,1,1
6643,3,0,1
6643,3,1,1
6643,4,2,1
6643,5,0,1
6643,5,2,1
6643,6,1,1
6643,6,2,1
6643,7,0,1
6643,7,1,1
6643,7,2,1
6644,1,0,0
6644,2,1,1
6644,3,0,0
6644,3,1,1
6644,4,2,1
6644,5,0,0
6644,5,2,1
6644,6,1,1
6644,6,2,1
6644,7,0,0
6644,7,1,1
6644,7,2,1
6645,1,0,1
6645,2,1,1
6645,3,0,1
6645,3,1,1
6645,4,2,1
6645,5,0,1
6645,5,2,1
6645,6,1,1
6645,6,2,1
6645,7,0,1
6645,7,1,1
6645,7,2,1
6646,1,0,1
6646,2,1,1
6646,3,0,1
6646,3,1,1
6646,4,2,1
6646,5,0,1
6646,5,2,1
6646,6,1,1
6646,6,2,1
6646,7,0,1
6646,7,1,1
6646,7,2,1
6647,1,0,0
6647,2,1,1
6647,3,0,0
6647,3,1,1
6647,4,2,1
6647,5,0,0
6647,5,2,1
6647,6,1,1
6647,6,2,1
6647,7,0,0
6647,7,1,1
6647,7,2,1
6648,1,0,1
6648,2,1,1
6648,3,0,1
6648,3,1,1
6648,4,2,1
6648,5,0,1
6648,5,2,1
6648,6,1,1
6648,6,2,1
6648,7,0,1
6648,7,1,1
6648,7,2,1
6649,1,0,1
6649,2,1,1
6649,3,0,1
6649,3,1,1
6649,4,2,1
6649,5,0,1
6649,5,2,1
6649,6,1,1
6649,6,2,1
6649,7,0,1
6649,7,1,1
6649,7,2,1
6650,1,0,0
6650,2,1,1
6650,3,0,0
6650,3,1,1
6650,4,2,1
6650,5,0,0
6650,5,2,1
6650,6,1,1
6650,6,2,1
6650,7,0,0
6650,7,1,1
6650,7,2,1
6651,1,0,1
6651,2,1,1
6651,3,0,1
6651,3,1,1
6651,4,2,1
6651,5,0,1
6651,5,2,1
6651,6,1,1
6651,6,2,1
6651,7,0,1
6651,7,1,1
6651,7,2,1
6652,1,0,1
6652,2,1,1
6652,3,0,1
6652,3,1,1
6652,4,2,1
6652,5,0,1
6652,5,2,1
6652,6,1,1
6652,6,2,1
6652,7,0,1
6652,7,1,1
6652,7,2,1
6653,1,0,0
6653,2,1,1
6653,3,0,0
6653,3,1,1
6653,4,2,1
6653,5,0,0
6653,5,2,1
6653,6,1,1
6653,6,2,1
6653,7,0,0
6653,7,1,1
6653,7,2,1
6654,1,0,1
6654,2,1,1
6654,3,0,1
6654,3,1,1
6654,4,2,1
6654,5,0,1
6654,5,2,1
6654,6,1,1
6654,6,2,1
6654,7,0,1
6654,7,1,1
6654,7,2,1
6655,1,0,1
6655,2,1,1
6655,3,0,1
6655,3,1,1
6655,4,2,1
6655,5,0,1
6655,5,2,1
6655,6,1,1
6655,6,2,1
6655,7,0,1
6655,7,1,1
6655,7,2,1
6656,1,0,0
6656,2,1,1
6656,3,0,0
6656,3,1,1
6656,4,2,1
6656,5,0,0
6656,5,2,1
6656,6,1,1
6656,6,2,1
6656,7,0,0
6656,7,1,1
6656,7,2,1
6657,1,0,1
6657,2,1,1
6657,3,0,1
6657,3,1,1
6657,4,2,1
6657,5,0,1
6657,5,2,1
6657,6,1,1
6657,6,2,1
6657,7,0,1
6657,7,1,1
6657,7,2,1
6658,1,0,1
6658,2,1,1
6658,3,0,1
6658,3,1,1
6658,4,2,1
6658,5,0,1
6658,5,2,1
6658,6,1,1
6658,6,2,1
6658,7,0,1
6658,7,1,1
6658,7,2,1
6659,1,0,0
6659,2,1,1
6659,3,0,0
6659,3,1,1
6659,4,2,1
6659,5,0,0
6659,5,2,1
6659,6,1,1
6659,6,2,1
6659,7,0,0
6659,7,1,1
6659,7,2,1
6660,1,0,1
6660,2,1,1
6660,3,0,1
6660,3,1,1
6660,4,2,1
6660,5,0,1
6660,5,2,1
6660,6,1,1
6660,6,2,1
6660,7,0,1
6660,7,1,1
6660,7,2,1
6661,1,0,1
6661,2,1,1
6661,3,0,1
6661,3,1,1
6661,4,2,1
6661,5,0,1
6661,5,2,1
6661,6,1,1
6661,6,2,1
6661,7,0,1
6661,7,1,1
6661,7,2,1
6662,1,0,0
6662,2,1,1
6662,3,0,0
6662,3,1,1
6662,4,2,1
6662,5,0,0
6662,5,2,1
6662,6,1,1
6662,6,2,1
6662,7,0,0
6662,7,1,1
6662,7,2,1
6663,1,0,1
6663,2,1,1
6663,3,0,1
6663,3,1,1
6663,4,2,1
6663,5,0,1
6663,5,2,1
6663,6,1,1
6663,6,2,1
6663,7,0,1
6663,7,1,1
6663,7,2,1
6664,1,0,1
6664,2,1,1
6664,3,0,1
6664,3,1,1
6664,4,2,1
6664,5,0,1
6664,5,2,1
6664,6,1,1
6664,6,2,1
6664,7,0,1
6664,7,1,1
6664,7,2,1
6665,1,0,0
6665,2,1,1
6665,3,0,0
6665,3,1,1
6665,4,2,1
6665,5,0,0
6665,5,2,1
6665,6,1,1
6665,6,2,1
6665,7,0,0
6665,7,1,1
6665,7,2,1
6666,1,0,1
6666,2,1,1
6666,3,0,1
6666,3,1,1
6666,4,2,1
6666,5,0,1
6666,5,2,1
6666,6,1,1
6666,6,2,1
6666,7,0,1
6666,7,1,1
6666,7,2,1
6667,1,0,1
6667,2,1,1
6667,3,0,1
6667,3,1,1
6667,4,2,1
6667,5,0,1
6667,5,2,1
6667,6,1,1
6667,6,2,1
6667,7,0,1
6667,7,1,1
6667,7,2,1
6668,1,0,0
6668,2,1,1
6668,3,0,0
6668,3,1,1
6668,4,2,1
6668,5,0,0
6668,5,2,1
6668,6,1,1
6668,6,2,1
6668,7,0,0
6668,7,1,1
6668,7,2,1
6669,1,0,1
6669,2,1,1
6669,3,0,1
6669,3,1,1
6669,4,2,1
6669,5,0,1
6669,5,2,1
6669,6,1,1
6669,6,2,1
6669,7,0,1
6669,7,1,1
6669,7,2,1
6670,1,0,1
6670,2,1,1
6670,3,0,1
6670,3,1,1
6670,4,2,1
6670,5,0,1
6670,5,2,1
6670,6,1,1
6670,6,2,1
6670,7,0,1
6670,7,1,1
6670,7,2,1
6671,1,0,0
6671,2,1,0
6671,3,0,0
6671,3,1,0
6671,4,2,1
6671,5,0,0
6671,5,2,1
6671,6,1,0
6671,6,2,1
6671,7,0,0
6671,7,1,0
6671,7,2,1
6672,1,0,1
6672,2,1,1
6672,3,0,1
6672,3,1,1
6672,4,2,1
6672,5,0,1
6672,5,2,1
6672,6,1,1
6672,6,2,1
6672,7,0,1
6672,7,1,1
6672,7,2,1
6673,1,0,1
6673,2,1,1
6673,3,0,1
6673,3,1,1
6673,4,2,1
6673,5,0,1
6673,5,2,1
6673,6,1,1
6673,6,2,1
6673,7,0,1
6673,7,1,1
6673,7,2,1
6674,1,0,0
6674,2,1,0
6674,3,0,0
6674,3,1,0
6674,4,2,1
6674,5,0,0
6674,5,2,1
6674,6,1,0
6674,6,2,1
6674,7,0,0
6674,7,1,0
6674,7,2,1
6675,1,0,0
6675,2,1,0
6675,3,0,0
6675,3,1,0
6675,4,2,1
6675,5,0,0
6675,5,2,1
6675,6,1,0
6675,6,2,1
6675,7,0,0
6675,7,1,0
6675,7,2,1
6676,1,0,0
6676,2,1,0
6676,3,0,0
6676,3,1,0
6676,4,2,1
6676,5,0,0
6676,5,2,1
6676,6,1,0
6676,6,2,1
6676,7,0,0
6676,7,1,0
6676,7,2,1
6677,1,0,0
6677,2,1,0
6677,3,0,0
6677,3,1,0
6677,4,2,1
6677,5,0,0
6677,5,2,1
6677,6,1,0
6677,6,2,1
6677,7,0,0
6677,7,1,0
6677,7,2,1
6678,1,0,1
6678,2,1,1
6678,3,0,1
6678,3,1,1
6678,4,2,1
6678,5,0,1
6678,5,2,1
6678,6,1,1
6678,6,2,1
6678,7,0,1
6678,7,1,1
6678,7,2,1
6679,1,0,1
6679,2,1,1
6679,3,0,1
6679,3,1,1
6679,4,2,1
6679,5,0,1
6679,5,2,1
6679,6,1,1
6679,6,2,1
6679,7,0,1
6679,7,1,1
6679,7,2,1
6680,1,0,0
6680,2,1,0
6680,3,0,0
6680,3,1,0
6680,4,2,1
6680,5,0,0
6680,5,2,1
6680,6,1,0
6680,6,2,1
6680,7,0,0
6680,7,1,0
6680,7,2,1
6681,1,0,1
6681,2,1,1
6681,3,0,1
6681,3,1,1
6681,4,2,1
6681,5,0,1
6681,5,2,1
6681,6,1,1
6681,6,2,1
6681,7,0,1
6681,7,1,1
6681,7,2,1
6682,1,0,1
6682,2,1,1
6682,3,0,1
6682,3,1,1
6682,4,2,1
6682,5,0,1
6682,5,2,1
6682,6,1,1
6682,6,2,1
6682,7,0,1
6682,7,1,1
6682,7,2,1
6683,1,0,0
6683,2,1,0
6683,3,0,0
6683,3,1,0
6683,4,2,1
6683,5,0,0
6683,5,2,1
6683,6,1,0
6683,6,2,1
6683,7,0,0
6683,7,1,0
6683,7,2,1
6684,1,0,0
6684,2,1,0
6684,3,0,0
6684,3,1,0
6684,4,2,1
6684,5,0,0
6684,5,2,1
6684,6,1,0
6684,6,2,1
6684,7,0,0
6684,7,1,0
6684,7,2,1
6685,1,0,0
6685,2,1,0
6685,3,0,0
6685,3,1,0
6685,4,2,1
6685,5,0,0
6685,5,2,1
6685,6,1,0
6685,6,2,1
6685,7,0,0
6685,7,1,0
6685,7,2,1
6686,1,0,0
6686,2,1,0
6686,3,0,0
6686,3,1,0
6686,4,2,1
6686,5,0,0
6686,5,2,1
6686,6,1,0
6686,6,2,1
6686,7,0,0
6686,7,1,0
6686,7,2,1
6687,1,0,1
6687,2,1,1
6687,3,0,1
6687,3,1,1
6687,4,2,1
6687,5,0,1
6687,5,2,1
6687,6,1,1
6687,6,2,1
6687,7,0,1
6687,7,1,1
6687,7,2,1
6688,1,0,1
6688,2,1,1
6688,3,0,1
6688,3,1,1
6688,4,2,1
6688,5,0,1
6688,5,2,1
6688,6,1,1
6688,6,2,1
6688,7,0,1
6688,7,1,1
6688,7,2,1
6689,1,0,0
6689,2,1,0
6689,3,0,0
6689,3,1,0
6689,4,2,1
6689,5,0,0
6689,5,2,1
6689,6,1,0
6689,6,2,1
6689,7,0,0
6689,7,1,0
6689,7,2,1
6690,1,0,1
6690,2,1,1
6690,3,0,1
6690,3,1,1
6690,4,2,1
6690,5,0,1
6690,5,2,1
6690,6,1,1
6690,6,2,1
6690,7,0,1
6690,7,1,1
6690,7,2,1
6691,1,0,1
6691,2,1,1
6691,3,0,1
6691,3,1,1
6691,4,2,1
6691,5,0,1
6691,5,2,1
6691,6,1,1
6691,6,2,1
6691,7,0,1
6691,7,1,1
6691,7,2,1
6692,1,0,0
6692,2,1,0
6692,3,0,0
6692,3,1,0
6692,4,2,1
6692,5,0,0
6692,5,2,1
6692,6,1,0
6692,6,2,1
6692,7,0,0
6692,7,1,0
6692,7,2,1
6693,1,0,0
6693,2,1,0
6693,3,0,0
6693,3,1,0
6693,4,2,1
6693,5,0,0
6693,5,2,1
6693,6,1,0
6693,6,2,1
6693,7,0,0
6693,7,1,0
6693,7,2,1
6694,1,0,0
6694,2,1,0
6694,3,0,0
6694,3,1,0
6694,4,2,1
6694,5,0,0
6694,5,2,1
6694,6,1,0
6694,6,2,1
6694,7,0,0
6694,7,1,0
6694,7,2,1
6695,1,0,0
6695,2,1,0
6695,3,0,0
6695,3,1,0
6695,4,2,1
6695,5,0,0
6695,5,2,1
6695,6,1,0
6695,6,2,1
6695,7,0,0
6695,7,1,0
6695,7,2,1
6696,1,0,1
6696,2,1,1
6696,3,0,1
6696,3,1,1
6696,4,2,1
6696,5,0,1
6696,5,2,1
6696,6,1,1
6696,6,2,1
6696,7,0,1
6696,7,1,1
6696,7,2,1
6697,1,0,1
6697,2,1,1
6697,3,0,1
6697,3,1,1
6697,4,2,1
6697,5,0,1
6697,5,2,1
6697,6,1,1
6697,6,2,1
6697,7,0,1
6697,7,1,1
6697,7,2,1
6698,1,0,0
6698,2,1,0
6698,3,0,0
6698,3,1,0
6698,4,2,1
6698,5,0,0
6698,5,2,1
6698,6,1,0
6698,6,2,1
6698,7,0,0
6698,7,1,0
6698,7,2,1
6699,1,0,0
6699,2,1,0
6699,3,0,0
6699,3,1,0
6699,4,2,1
6699,5,0,0
6699,5,2,1
6699,6,1,0
6699,6,2,1
6699,7,0,0
6699,7,1,0
6699,7,2,1
6700,1,0,0
6700,2,1,0
6700,3,0,0
6700,3,1,0
6700,4,2,1
6700,5,0,0
6700,5,2,1
6700,6,1,0
6700,6,2,1
6700,7,0,0
6700,7,1,0
6700,7,2,1
6701,1,0,0
6701,2,1,0
6701,3,0,0
6701,3,1,0
6701,4,2,1
6701,5,0,0
6701,5,2,1
6701,6,1,0
6701,6,2,1
6701,7,0,0
6701,7,1,0
6701,7,2,1
6702,1,0,0
6702,2,1,0
6702,3,0,0
6702,3,1,0
6702,4,2,1
6702,5,0,0
6702,5,2,1
6702,6,1,0
6702,6,2,1
6702,7,0,0
6702,7,1,0
6702,7,2,1
6703,1,0,0
6703,2,1,0
6703,3,0,0
6703,3,1,0
6703,4,2,1
6703,5,0,0
6703,5,2,1
6703,6,1,0
6703,6,2,1
6703,7,0,0
6703,7,1,0
6703,7,2,1
6704,1,0,0
6704,2,1,0
6704,3,0,0
6704,3,1,0
6704,4,2,1
6704,5,0,0
6704,5,2,1
6704,6,1,0
6704,6,2,1
6704,7,0,0
6704,7,1,0
6704,7,2,1
6705,1,0,1
6705,2,1,1
6705,3,0,1
6705,3,1,1
6705,4,2,1
6705,5,0,1
6705,5,2,1
6705,6,1,1
6705,6,2,1
6705,7,0,1
6705,7,1,1
6705,7,2,1
6706,1,0,1
6706,2,1,1
6706,3,0,1
6706,3,1,1
6706,4,2,1
6706,5,0,1
6706,5,2,1
6706,6,1,1
6706,6,2,1
6706,7,0,1
6706,7,1,1
6706,7,2,1
6707,1,0,0
6707,2,1,0
6707,3,0,0
6707,3,1,0
6707,4,2,1
6707,5,0,0
6707,5,2,1
6707,6,1,0
6707,6,2,1
6707,7,0,0
6707,7,1,0
6707,7,2,1
6708,1,0,0
6708,2,1,0
6708,3,0,0
6708,3,1,0
6708,4,2,1
6708,5,0,0
6708,5,2,1
6708,6,1,0
6708,6,2,1
6708,7,0,0
6708,7,1,0
6708,7,2,1
6709,1,0,0
6709,2,1,0
6709,3,0,0
6709,3,1,0
6709,4,2,1
6709,5,0,0
6709,5,2,1
6709,6,1,0
6709,6,2,1
6709,7,0,0
6709,7,1,0
6709,7,2,1
6710,1,0,0
6710,2,1,0
6710,3,0,0
6710,3,1,0
6710,4,2,1
6710,5,0,0
6710,5,2,1
6710,6,1,0
6710,6,2,1
6710,7,0,0
6710,7,1,0
6710,7,2,1
6711,1,0,0
6711,2,1,0
6711,3,0,0
6711,3,1,0
6711,4,2,1
6711,5,0,0
6711,5,2,1
6711,6,1,0
6711,6,2,1
6711,7,0,0
6711,7,1,0
6711,7,2,1
6712,1,0,0
6712,2,1,0
6712,3,0,0
6712,3,1,0
6712,4,2,1
6712,5,0,0
6712,5,2,1
6712,6,1,0
6712,6,2,1
6712,7,0,0
6712,7,1,0
6712,7,2,1
6713,1,0,0
6713,2,1,0
6713,3,0,0
6713,3,1,0
6713,4,2,1
6713,5,0,0
6713,5,2,1
6713,6,1,0
6713,6,2,1
6713,7,0,0
6713,7,1,0
6713,7,2,1
6714,1,0,1
6714,2,1,1
6714,3,0,1
6714,3,1,1
6714,4,2,1
6714,5,0,1
6714,5,2,1
6714,6,1,1
6714,6,2,1
6714,7,0,1
6714,7,1,1
6714,7,2,1
6715,1,0,1
6715,2,1,1
6715,3,0,1
6715,3,1,1
6715,4,2,1
6715,5,0,1
6715,5,2,1
6715,6,1,1
6715,6,2,1
6715,7,0,1
6715,7,1,1
6715,7,2,1
6716,1,0,0
6716,2,1,0
6716,3,0,0
6716,3,1,0
6716,4,2,1
6716,5,0,0
6716,5,2,1
6716,6,1,0
6716,6,2,1
6716,7,0,0
6716,7,1,0
6716,7,2,1
6717,1,0,0
6717,2,1,0
6717,3,0,0
6717,3,1,0
6717,4,2,1
6717,5,0,0
6717,5,2,1
6717,6,1,0
6717,6,2,1
6717,7,0,0
6717,7,1,0
6717,7,2,1
6718,1,0,0
6718,2,1,0
6718,3,0,0
6718,3,1,0
6718,4,2,1
6718,5,0,0
6718,5,2,1
6718,6,1,0
6718,6,2,1
6718,7,0,0
6718,7,1,0
6718,7,2,1
6719,1,0,0
6719,2,1,0
6719,3,0,0
6719,3,1,0
6719,4,2,1
6719,5,0,0
6719,5,2,1
6719,6,1,0
6719,6,2,1
6719,7,0,0
6719,7,1,0
6719,7,2,1
6720,1,0,0
6720,2,1,0
6720,3,0,0
6720,3,1,0
6720,4,2,1
6720,5,0,0
6720,5,2,1
6720,6,1,0
6720,6,2,1
6720,7,0,0
6720,7,1,0
6720,7,2,1
6721,1,0,0
6721,2,1,0
6721,3,0,0
6721,3,1,0
6721,4,2,1
6721,5,0,0
6721,5,2,1
6721,6,1,0
6721,6,2,1
6721,7,0,0
6721,7,1,0
6721,7,2,1
6722,1,0,0
6722,2,1,0
6722,3,0,0
6722,3,1,0
6722,4,2,1
6722,5,0,0
6722,5,2,1
6722,6,1,0
6722,6,2,1
6722,7,0,0
6722,7,1,0
6722,7,2,1
6723,1,0,1
6723,2,1,0
6723,3,0,1
6723,3,1,0
6723,4,2,1
6723,5,0,1
6723,5,2,1
6723,6,1,0
6723,6,2,1
6723,7,0,1
6723,7,1,0
6723,7,2,1
6724,1,0,1
6724,2,1,0
6724,3,0,1
6724,3,1,0
6724,4,2,1
6724,5,0,1
6724,5,2,1
6724,6,1,0
6724,6,2,1
6724,7,0,1
6724,7,1,0
6724,7,2,1
6725,1,0,0
6725,2,1,0
6725,3,0,0
6725,3,1,0
6725,4,2,1
6725,5,0,0
6725,5,2,1
6725,6,1,0
6725,6,2,1
6725,7,0,0
6725,7,1,0
6725,7,2,1
6726,1,0,0
6726,2,1,0
6726,3,0,0
6726,3,1,0
6726,4,2,1
6726,5,0,0
6726,5,2,1
6726,6,1,0
6726,6,2,1
6726,7,0,0
6726,7,1,0
6726,7,2,1
6727,1,0,0
6727,2,1,0
6727,3,0,0
6727,3,1,0
6727,4,2,1
6727,5,0,0
6727,5,2,1
6727,6,1,0
6727,6,2,1
6727,7,0,0
6727,7,1,0
6727,7,2,1
6728,1,0,0
6728,2,1,0
6728,3,0,0
6728,3,1,0
6728,4,2,1
6728,5,0,0
6728,5,2,1
6728,6,1,0
6728,6,2,1
6728,7,0,0
6728,7,1,0
6728,7,2,1
6729,1,0,0
6729,2,1,0
6729,3,0,0
6729,3,1,0
6729,4,2,1
6729,5,0,0
6729,5,2,1
6729,6,1,0
6729,6,2,1
6729,7,0,0
6729,7,1,0
6729,7,2,1
6730,1,0,0
6730,2,1,0
6730,3,0,0
6730,3,1,0
6730,4,2,1
6730,5,0,0
6730,5,2,1
6730,6,1,0
6730,6,2,1
6730,7,0,0
6730,7,1,0
6730,7,2,1
6731,1,0,0
6731,2,1,0
6731,3,0,0
6731,3,1,0
6731,4,2,1
6731,5,0,0
6731,5,2,1
6731,6,1,0
6731,6,2,1
6731,7,0,0
6731,7,1,0
6731,7,2,1
6732,1,0,1
6732,2,1,0
6732,3,0,1
6732,3,1,0
6732,4,2,1
6732,5,0,1
6732,5,2,1
6732,6,1,0
6732,6,2,1
6732,7,0,1
6732,7,1,0
6732,7,2,1
6733,1,0,1
6733,2,1,0
6733,3,0,1
6733,3,1,0
6733,4,2,1
6733,5,0,1
6733,5,2,1
6733,6,1,0
6733,6,2,1
6733,7,0,1
6733,7,1,0
6733,7,2,1
6734,1,0,0
6734,2,1,0
6734,3,0,0
6734,3,1,0
6734,4,2,1
6734,5,0,0
6734,5,2,1
6734,6,1,0
6734,6,2,1
6734,7,0,0
6734,7,1,0
6734,7,2,1
6735,1,0,0
6735,2,1,0
6735,3,0,0
6735,3,1,0
6735,4,2,1
6735,5,0,0
6735,5,2,1
6735,6,1,0
6735,6,2,1
6735,7,0,0
6735,7,1,0
6735,7,2,1
6736,1,0,0
6736,2,1,0
6736,3,0,0
6736,3,1,0
6736,4,2,1
6736,5,0,0
6736,5,2,1
6736,6,1,0
6736,6,2,1
6736,7,0,0
6736,7,1,0
6736,7,2,1
6737,1,0,0
6737,2,1,0
6737,3,0,0
6737,3,1,0
6737,4,2,1
6737,5,0,0
6737,5,2,1
6737,6,1,0
6737,6,2,1
6737,7,0,0
6737,7,1,0
6737,7,2,1
6738,1,0,0
6738,2,1,0
6738,3,0,0
6738,3,1,0
6738,4,2,1
6738,5,0,0
6738,5,2,1
6738,6,1,0
6738,6,2,1
6738,7,0,0
6738,7,1,0
6738,7,2,1
6739,1,0,0
6739,2,1,0
6739,3,0,0
6739,3,1,0
6739,4,2,1
6739,5,0,0
6739,5,2,1
6739,6,1,0
6739,6,2,1
6739,7,0,0
6739,7,1,0
6739,7,2,1
6740,1,0,0
6740,2,1,0
6740,3,0,0
6740,3,1,0
6740,4,2,1
6740,5,0,0
6740,5,2,1
6740,6,1,0
6740,6,2,1
6740,7,0,0
6740,7,1,0
6740,7,2,1
6741,1,0,1
6741,2,1,0
6741,3,0,1
6741,3,1,0
6741,4,2,1
6741,5,0,1
6741,5,2,1
6741,6,1,0
6741,6,2,1
6741,7,0,1
6741,7,1,0
6741,7,2,1
6742,1,0,1
6742,2,1,0
6742,3,0,1
6742,3,1,0
6742,4,2,1
6742,5,0,1
6742,5,2,1
6742,6,1,0
6742,6,2,1
6742,7,0,1
6742,7,1,0
6742,7,2,1
6743,1,0,0
6743,2,1,0
6743,3,0,0
6743,3,1,0
6743,4,2,1
6743,5,0,0
6743,5,2,1
6743,6,1,0
6743,6,2,1
6743,7,0,0
6743,7,1,0
6743,7,2,1
6744,1,0,0
6744,2,1,0
6744,3,0,0
6744,3,1,0
6744,4,2,1
6744,5,0,0
6744,5,2,1
6744,6,1,0
6744,6,2,1
6744,7,0,0
6744,7,1,0
6744,7,2,1
6745,1,0,0
6745,2,1,0
6745,3,0,0
6745,3,1,0
6745,4,2,1
6745,5,0,0
6745,5,2,1
6745,6,1,0
6745,6,2,1
6745,7,0,0
6745,7,1,0
6745,7,2,1
6746,1,0,0
6746,2,1,0
6746,3,0,0
6746,3,1,0
6746,4,2,1
6746,5,0,0
6746,5,2,1
6746,6,1,0
6746,6,2,1
6746,7,0,0
6746,7,1,0
6746,7,2,1
6747,1,0,0
6747,2,1,0
6747,3,0,0
6747,3,1,0
6747,4,2,1
6747,5,0,0
6747,5,2,1
6747,6,1,0
6747,6,2,1
6747,7,0,0
6747,7,1,0
6747,7,2,1
6748,1,0,0
6748,2,1,0
6748,3,0,0
6748,3,1,0
6748,4,2,1
6748,5,0,0
6748,5,2,1
6748,6,1,0
6748,6,2,1
6748,7,0,0
6748,7,1,0
6748,7,2,1
6749,1,0,0
6749,2,1,0
6749,3,0,0
6749,3,1,0
6749,4,2,1
6749,5,0,0
6749,5,2,1
6749,6,1,0
6749,6,2,1
6749,7,0,0
6749,7,1,0
6749,7,2,1
6750,1,0,1
6750,2,1,0
6750,3,0,1
6750,3,1,0
6750,4,2,1
6750,5,0,1
6750,5,2,1
6750,6,1,0
6750,6,2,1
6750,7,0,1
6750,7,1,0
6750,7,2,1
6751,1,0,1
6751,2,1,0
6751,3,0,1
6751,3,1,0
6751,4,2,1
6751,5,0,1
6751,5,2,1
6751,6,1,0
6751,6,2,1
6751,7,0,1
6751,7,1,0
6751,7,2,1
6752,1,0,0
6752,2,1,0
6752,3,0,0
6752,3,1,0
6752,4,2,1
6752,5,0,0
6752,5,2,1
6752,6,1,0
6752,6,2,1
6752,7,0,0
6752,7,1,0
6752,7,2,1
6753,1,0,0
6753,2,1,0
6753,3,0,0
6753,3,1,0
6753,4,2,1
6753,5,0,0
6753,5,2,1
6753,6,1,0
6753,6,2,1
6753,7,0,0
6753,7,1,0
6753,7,2,1
6754,1,0,0
6754,2,1,0
6754,3,0,0
6754,3,1,0
6754,4,2,1
6754,5,0,0
6754,5,2,1
6754,6,1,0
6754,6,2,1
6754,7,0,0
6754,7,1,0
6754,7,2,1
6755,1,0,0
6755,2,1,0
6755,3,0,0
6755,3,1,0
6755,4,2,1
6755,5,0,0
6755,5,2,1
6755,6,1,0
6755,6,2,1
6755,7,0,0
6755,7,1,0
6755,7,2,1
6756,1,0,0
6756,2,1,0
6756,3,0,0
6756,3,1,0
6756,4,2,1
6756,5,0,0
6756,5,2,1
6756,6,1,0
6756,6,2,1
6756,7,0,0
6756,7,1,0
6756,7,2,1
6757,1,0,0
6757,2,1,0
6757,3,0,0
6757,3,1,0
6757,4,2,1
6757,5,0,0
6757,5,2,1
6757,6,1,0
6757,6,2,1
6757,7,0,0
6757,7,1,0
6757,7,2,1
6758,1,0,0
6758,2,1,0
6758,3,0,0
6758,3,1,0
6758,4,2,1
6758,5,0,0
6758,5,2,1
6758,6,1,0
6758,6,2,1
6758,7,0,0
6758,7,1,0
6758,7,2,1
6759,1,0,1
6759,2,1,0
6759,3,0,1
6759,3,1,0
6759,4,2,1
6759,5,0,1
6759,5,2,1
6759,6,1,0
6759,6,2,1
6759,7,0,1
6759,7,1,0
6759,7,2,1
6760,1,0,1
6760,2,1,0
6760,3,0,1
6760,3,1,0
6760,4,2,1
6760,5,0,1
6760,5,2,1
6760,6,1,0
6760,6,2,1
6760,7,0,1
6760,7,1,0
6760,7,2,1
6761,1,0,0
6761,2,1,0
6761,3,0,0
6761,3,1,0
6761,4,2,1
6761,5,0,0
6761,5,2,1
6761,6,1,0
6761,6,2,1
6761,7,0,0
6761,7,1,0
6761,7,2,1
6762,1,0,0
6762,2,1,0
6762,3,0,0
6762,3,1,0
6762,4,2,1
6762,5,0,0
6762,5,2,1
6762,6,1,0
6762,6,2,1
6762,7,0,0
6762,7,1,0
6762,7,2,1
6763,1,0,0
6763,2,1,0
6763,3,0,0
6763,3,1,0
6763,4,2,1
6763,5,0,0
6763,5,2,1
6763,6,1,0
6763,6,2,1
6763,7,0,0
6763,7,1,0
6763,7,2,1
6764,1,0,0
6764,2,1,0
6764,3,0,0
6764,3,1,0
6764,4,2,1
6764,5,0,0
6764,5,2,1
6764,6,1,0
6764,6,2,1
6764,7,0,0
6764,7,1,0
6764,7,2,1
6765,1,0,0
6765,2,1,0
6765,3,0,0
6765,3,1,0
6765,4,2,1
6765,5,0,0
6765,5,2,1
6765,6,1,0
6765,6,2,1
6765,7,0,0
6765,7,1,0
6765,7,2,1
6766,1,0,0
6766,2,1,0
6766,3,0,0
6766,3,1,0
6766,4,2,1
6766,5,0,0
6766,5,2,1
6766,6,1,0
6766,6,2,1
6766,7,0,0
6766,7,1,0
6766,7,2,1
6767,1,0,0
6767,2,1,0
6767,3,0,0
6767,3,1,0
6767,4,2,1
6767,5,0,0
6767,5,2,1
6767,6,1,0
6767,6,2,1
6767,7,0,0
6767,7,1,0
6767,7,2,1
6768,1,0,1
6768,2,1,0
6768,3,0,1
6768,3,1,0
6768,4,2,1
6768,5,0,1
6768,5,2,1
6768,6,1,0
6768,6,2,1
6768,7,0,1
6768,7,1,0
6768,7,2,1
6769,1,0,1
6769,2,1,0
6769,3,0,1
6769,3,1,0
6769,4,2,1
6769,5,0,1
6769,5,2,1
6769,6,1,0
6769,6,2,1
6769,7,0,1
6769,7,1,0
6769,7,2,1
6770,1,0,0
6770,2,1,0
6770,3,0,0
6770,3,1,0
6770,4,2,1
6770,5,0,0
6770,5,2,1
6770,6,1,0
6770,6,2,1
6770,7,0,0
6770,7,1,0
6770,7,2,1
6771,1,0,0
6771,2,1,0
6771,3,0,0
6771,3,1,0
6771,4,2,1
6771,5,0,0
6771,5,2,1
6771,6,1,0
6771,6,2,1
6771,7,0,0
6771,7,1,0
6771,7,2,1
6772,1,0,0
6772,2,1,0
6772,3,0,0
6772,3,1,0
6772,4,2,1
6772,5,0,0
6772,5,2,1
6772,6,1,0
6772,6,2,1
6772,7,0,0
6772,7,1,0
6772,7,2,1
6773,1,0,0
6773,2,1,0
6773,3,0,0
6773,3,1,0
6773,4,2,1
6773,5,0,0
6773,5,2,1
6773,6,1,0
6773,6,2,1
6773,7,0,0
6773,7,1,0
6773,7,2,1
6774,1,0,0
6774,2,1,0
6774,3,0,0
6774,3,1,0
6774,4,2,1
6774,5,0,0
6774,5,2,1
6774,6,1,0
6774,6,2,1
6774,7,0,0
6774,7,1,0
6774,7,2,1
6775,1,0,0
6775,2,1,0
6775,3,0,0
6775,3,1,0
6775,4,2,1
6775,5,0,0
6775,5,2,1
6775,6,1,0
6775,6,2,1
6775,7,0,0
6775,7,1,0
6775,7,2,1
6776,1,0,0
6776,2,1,0
6776,3,0,0
6776,3,1,0
6776,4,2,1
6776,5,0,0
6776,5,2,1
6776,6,1,0
6776,6,2,1
6776,7,0,0
6776,7,1,0
6776,7,2,1
6777,1,0,1
6777,2,1,0
6777,3,0,1
6777,3,1,0
6777,4,2,1
6777,5,0,1
6777,5,2,1
6777,6,1,0
6777,6,2,1
6777,7,0,1
6777,7,1,0
6777,7,2,1
6778,1,0,1
6778,2,1,0
6778,3,0,1
6778,3,1,0
6778,4,2,1
6778,5,0,1
6778,5,2,1
6778,6,1,0
6778,6,2,1
6778,7,0,1
6778,7,1,0
6778,7,2,1
6779,1,0,0
6779,2,1,0
6779,3,0,0
6779,3,1,0
6779,4,2,1
6779,5,0,0
6779,5,2,1
6779,6,1,0
6779,6,2,1
6779,7,0,0
6779,7,1,0
6779,7,2,1
6780,1,0,0
6780,2,1,0
6780,3,0,0
6780,3,1,0
6780,4,2,1
6780,5,0,0
6780,5,2,1
6780,6,1,0
6780,6,2,1
6780,7,0,0
6780,7,1,0
6780,7,2,1
6781,1,0,0
6781,2,1,0
6781,3,0,0
6781,3,1,0
6781,4,2,1
6781,5,0,0
6781,5,2,1
6781,6,1,0
6781,6,2,1
6781,7,0,0
6781,7,1,0
6781,7,2,1
6782,1,0,0
6782,2,1,0
6782,3,0,0
6782,3,1,0
6782,4,2,1
6782,5,0,0
6782,5,2,1
6782,6,1,0
6782,6,2,1
6782,7,0,0
6782,7,1,0
6782,7,2,1
6783,1,0,0
6783,2,1,0
6783,3,0,0
6783,3,1,0
6783,4,2,1
6783,5,0,0
6783,5,2,1
6783,6,1,0
6783,6,2,1
6783,7,0,0
6783,7,1,0
6783,7,2,1
6784,1,0,0
6784,2,1,0
6784,3,0,0
6784,3,1,0
6784,4,2,1
6784,5,0,0
6784,5,2,1
6784,6,1,0
6784,6,2,1
6784,7,0,0
6784,7,1,0
6784,7,2,1
6785,1,0,0
6785,2,1,0
6785,3,0,0
6785,3,1,0
6785,4,2,1
6785,5,0,0
6785,5,2,1
6785,6,1,0
6785,6,2,1
6785,7,0,0
6785,7,1,0
6785,7,2,1
6786,1,0,1
6786,2,1,0
6786,3,0,1
6786,3,1,0
6786,4,2,1
6786,5,0,1
6786,5,2,1
6786,6,1,0
6786,6,2,1
6786,7,0,1
6786,7,1,0
6786,7,2,1
6787,1,0,1
6787,2,1,0
6787,3,0,1
6787,3,1,0
6787,4,2,1
6787,5,0,1
6787,5,2,1
6787,6,1,0
6787,6,2,1
6787,7,0,1
6787,7,1,0
6787,7,2,1
6788,1,0,0
6788,2,1,0
6788,3,0,0
6788,3,1,0
6788,4,2,1
6788,5,0,0
6788,5,2,1
6788,6,1,0
6788,6,2,1
6788,7,0,0
6788,7,1,0
6788,7,2,1
6789,1,0,0
6789,2,1,0
6789,3,0,0
6789,3,1,0
6789,4,2,1
6789,5,0,0
6789,5,2,1
6789,6,1,0
6789,6,2,1
6789,7,0,0
6789,7,1,0
6789,7,2,1
6790,1,0,0
6790,2,1,0
6790,3,0,0
6790,3,1,0
6790,4,2,1
6790,5,0,0
6790,5,2,1
6790,6,1,0
6790,6,2,1
6790,7,0,0
6790,7,1,0
6790,7,2,1
6791,1,0,0
6791,2,1,0
6791,3,0,0
6791,3,1,0
6791,4,2,1
6791,5,0,0
6791,5,2,1
6791,6,1,0
6791,6,2,1
6791,7,0,0
6791,7,1,0
6791,7,2,1
6792,1,0,0
6792,2,1,0
6792,3,0,0
6792,3,1,0
6792,4,2,1
6792,5,0,0
6792,5,2,1
6792,6,1,0
6792,6,2,1
6792,7,0,0
6792,7,1,0
6792,7,2,1
6793,1,0,0
6793,2,1,0
6793,3,0,0
6793,3,1,0
6793,4,2,1
6793,5,0,0
6793,5,2,1
6793,6,1,0
6793,6,2,1
6793,7,0,0
6793,7,1,0
6793,7,2,1
6794,1,0,0
6794,2,1,0
6794,3,0,0
6794,3,1,0
6794,4,2,1
6794,5,0,0
6794,5,2,1
6794,6,1,0
6794,6,2,1
6794,7,0,0
6794,7,1,0
6794,7,2,1
6795,1,0,1
6795,2,1,0
6795,3,0,1
6795,3,1,0
6795,4,2,1
6795,5,0,1
6795,5,2,1
6795,6,1,0
6795,6,2,1
6795,7,0,1
6795,7,1,0
6795,7,2,1
6796,1,0,1
6796,2,1,0
6796,3,0,1
6796,3,1,0
6796,4,2,1
6796,5,0,1
6796,5,2,1
6796,6,1,0
6796,6,2,1
6796,7,0,1
6796,7,1,0
6796,7,2,1
6797,1,0,0
6797,2,1,0
6797,3,0,0
6797,3,1,0
6797,4,2,1
6797,5,0,0
6797,5,2,1
6797,6,1,0
6797,6,2,1
6797,7,0,0
6797,7,1,0
6797,7,2,1
6798,1,0,0
6798,2,1,0
6798,3,0,0
6798,3,1,0
6798,4,2,1
6798,5,0,0
6798,5,2,1
6798,6,1,0
6798,6,2,1
6798,7,0,0
6798,7,1,0
6798,7,2,1
6799,1,0,0
6799,2,1,0
6799,3,0,0
6799,3,1,0
6799,4,2,1
6799,5,0,0
6799,5,2,1
6799,6,1,0
6799,6,2,1
6799,7,0,0
6799,7,1,0
6799,7,2,1
6800,1,0,0
6800,2,1,0
6800,3,0,0
6800,3,1,0
6800,4,2,1
6800,5,0,0
6800,5,2,1
6800,6,1,0
6800,6,2,1
6800,7,0,0
6800,7,1,0
6800,7,2,1
6801,1,0,0
6801,2,1,0
6801,3,0,0
6801,3,1,0
6801,4,2,1
6801,5,0,0
6801,5,2,1
6801,6,1,0
6801,6,2,1
6801,7,0,0
6801,7,1,0
6801,7,2,1
6802,1,0,0
6802,2,1,0
6802,3,0,0
6802,3,1,0
6802,4,2,1
6802,5,0,0
6802,5,2,1
6802,6,1,0
6802,6,2,1
6802,7,0,0
6802,7,1,0
6802,7,2,1
6803,1,0,0
6803,2,1,0
6803,3,0,0
6803,3,1,0
6803,4,2,1
6803,5,0,0
6803,5,2,1
6803,6,1,0
6803,6,2,1
6803,7,0,0
6803,7,1,0
6803,7,2,1
6804,1,0,1
6804,2,1,1
6804,3,0,1
6804,3,1,1
6804,4,2,1
6804,5,0,1
6804,5,2,1
6804,6,1,1
6804,6,2,1
6804,7,0,1
6804,7,1,1
6804,7,2,1
6805,1,0,1
6805,2,1,1
6805,3,0,1
6805,3,1,1
6805,4,2,1
6805,5,0,1
6805,5,2,1
6805,6,1,1
6805,6,2,1
6805,7,0,1
6805,7,1,1
6805,7,2,1
6806,1,0,0
6806,2,1,1
6806,3,0,0
6806,3,1,1
6806,4,2,1
6806,5,0,0
6806,5,2,1
6806,6,1,1
6806,6,2,1
6806,7,0,0
6806,7,1,1
6806,7,2,1
6807,1,0,1
6807,2,1,1
6807,3,0,1
6807,3,1,1
6807,4,2,1
6807,5,0,1
6807,5,2,1
6807,6,1,1
6807,6,2,1
6807,7,0,1
6807,7,1,1
6807,7,2,1
6808,1,0,1
6808,2,1,1
6808,3,0,1
6808,3,1,1
6808,4,2,1
6808,5,0,1
6808,5,2,1
6808,6,1,1
6808,6,2,1
6808,7,0,1
6808,7,1,1
6808,7,2,1
6809,1,0,0
6809,2,1,1
6809,3,0,0
6809,3,1,1
6809,4,2,1
6809,5,0,0
6809,5,2,1
6809,6,1,1
6809,6,2,1
6809,7,0,0
6809,7,1,1
6809,7,2,1
6810,1,0,1
6810,2,1,1
6810,3,0,1
6810,3,1,1
6810,4,2,1
6810,5,0,1
6810,5,2,1
6810,6,1,1
6810,6,2,1
6810,7,0,1
6810,7,1,1
6810,7,2,1
6811,1,0,1
6811,2,1,1
6811,3,0,1
6811,3,1,1
6811,4,2,1
6811,5,0,1
6811,5,2,1
6811,6,1,1
6811,6,2,1
6811,7,0,1
6811,7,1,1
6811,7,2,1
6812,1,0,0
6812,2,1,1
6812,3,0,0
6812,3,1,1
6812,4,2,1
6812,5,0,0
6812,5,2,1
6812,6,1,1
6812,6,2,1
6812,7,0,0
6812,7,1,1
6812,7,2,1
6813,1,0,1
6813,2,1,1
6813,3,0,1
6813,3,1,1
6813,4,2,1
6813,5,0,1
6813,5,2,1
6813,6,1,1
6813,6,2,1
6813,7,0,1
6813,7,1,1
6813,7,2,1
6814,1,0,1
6814,2,1,1
6814,3,0,1
6814,3,1,1
6814,4,2,1
6814,5,0,1
6814,5,2,1
6814,6,1,1
6814,6,2,1
6814,7,0,1
6814,7,1,1
6814,7,2,1
6815,1,0,0
6815,2,1,1
6815,3,0,0
6815,3,1,1
6815,4,2,1
6815,5,0,0
6815,5,2,1
6815,6,1,1
6815,6,2,1
6815,7,0,0
6815,7,1,1
6815,7,2,1
6816,1,0,1
6816,2,1,1
6816,3,0,1
6816,3,1,1
6816,4,2,1
6816,5,0,1
6816,5,2,1
6816,6,1,1
6816,6,2,1
6816,7,0,1
6816,7,1,1
6816,7,2,1
6817,1,0,1
6817,2,1,1
6817,3,0,1
6817,3,1,1
6817,4,2,1
6817,5,0,1
6817,5,2,1
6817,6,1,1
6817,6,2,1
6817,7,0,1
6817,7,1,1
6817,7,2,1
6818,1,0,0
6818,2,1,1
6818,3,0,0
6818,3,1,1
6818,4,2,1
6818,5,0,0
6818,5,2,1
6818,6,1,1
6818,6,2,1
6818,7,0,0
6818,7,1,1
6818,7,2,1
6819,1,0,1
6819,2,1,1
6819,3,0,1
6819,3,1,1
6819,4,2,1
6819,5,0,1
6819,5,2,1
6819,6,1,1
6819,6,2,1
6819,7,0,1
6819,7,1,1
6819,7,2,1
6820,1,0,1
6820,2,1,1
6820,3,0,1
6820,3,1,1
6820,4,2,1
6820,5,0,1
6820,5,2,1
6820,6,1,1
6820,6,2,1
6820,7,0,1
6820,7,1,1
6820,7,2,1
6821,1,0,0
6821,2,1,1
6821,3,0,0
6821,3,1,1
6821,4,2,1
6821,5,0,0
6821,5,2,1
6821,6,1,1
6821,6,2,1
6821,7,0,0
6821,7,1,1
6821,7,2,1
6822,1,0,1
6822,2,1,1
6822,3,0,1
6822,3,1,1
6822,4,2,1
6822,5,0,1
6822,5,2,1
6822,6,1,1
6822,6,2,1
6822,7,0,1
6822,7,1,1
6822,7,2,1
6823,1,0,1
6823,2,1,1
6823,3,0,1
6823,3,1,1
6823,4,2,1
6823,5,0,1
6823,5,2,1
6823,6,1,1
6823,6,2,1
6823,7,0,1
6823,7,1,1
6823,7,2,1
6824,1,0,0
6824,2,1,1
6824,3,0,0
6824,3,1,1
6824,4,2,1
6824,5,0,0
6824,5,2,1
6824,6,1,1
6824,6,2,1
6824,7,0,0
6824,7,1,1
6824,7,2,1
6825,1,0,1
6825,2,1,1
6825,3,0,1
6825,3,1,1
6825,4,2,1
6825,5,0,1
6825,5,2,1
6825,6,1,1
6825,6,2,1
6825,7,0,1
6825,7,1,1
6825,7,2,1
6826,1,0,1
6826,2,1,1
6826,3,0,1
6826,3,1,1
6826,4,2,1
6826,5,0,1
6826,5,2,1
6826,6,1,1
6826,6,2,1
6826,7,0,1
6826,7,1,1
6826,7,2,1
6827,1,0,0
6827,2,1,1
6827,3,0,0
6827,3,1,1
6827,4,2,1
6827,5,0,0
6827,5,2,1
6827,6,1,1
6827,6,2,1
6827,7,0,0
6827,7,1,1
6827,7,2,1
6828,1,0,1
6828,2,1,1
6828,3,0,1
6828,3,1,1
6828,4,2,1
6828,5,0,1
6828,5,2,1
6828,6,1,1
6828,6,2,1
6828,7,0,1
6828,7,1,1
6828,7,2,1
6829,1,0,1
6829,2,1,1
6829,3,0,1
6829,3,1,1
6829,4,2,1
6829,5,0,1
6829,5,2,1
6829,6,1,1
6829,6,2,1
6829,7,0,1
6829,7,1,1
6829,7,2,1
6830,1,0,0
6830,2,1,1
6830,3,0,0
6830,3,1,1
6830,4,2,1
6830,5,0,0
6830,5,2,1
6830,6,1,1
6830,6,2,1
6830,7,0,0
6830,7,1,1
6830,7,2,1
6831,1,0,1
6831,2,1,1
6831,3,0,1
6831,3,1,1
6831,4,2,1
6831,5,0,1
6831,5,2,1
6831,6,1,1
6831,6,2,1
6831,7,0,1
6831,7,1,1
6831,7,2,1
6832,1,0,1
6832,2,1,1
6832,3,0,1
6832,3,1,1
6832,4,2,1
6832,5,0,1
6832,5,2,1
6832,6,1,1
6832,6,2,1
6832,7,0,1
6832,7,1,1
6832,7,2,1
6833,1,0,0
6833,2,1,0
6833,3,0,0
6833,3,1,0
6833,4,2,1
6833,5,0,0
6833,5,2,1
6833,6,1,0
6833,6,2,1
6833,7,0,0
6833,7,1,0
6833,7,2,1
6834,1,0,1
6834,2,1,1
6834,3,0,1
6834,3,1,1
6834,4,2,1
6834,5,0,1
6834,5,2,1
6834,6,1,1
6834,6,2,1
6834,7,0,1
6834,7,1,1
6834,7,2,1
6835,1,0,1
6835,2,1,1
6835,3,0,1
6835,3,1,1
6835,4,2,1
6835,5,0,1
6835,5,2,1
6835,6,1,1
6835,6,2,1
6835,7,0,1
6835,7,1,1
6835,7,2,1
6836,1,0,0
6836,2,1,0
6836,3,0,0
6836,3,1,0
6836,4,2,1
6836,5,0,0
6836,5,2,1
6836,6,1,0
6836,6,2,1
6836,7,0,0
6836,7,1,0
6836,7,2,1
6837,1,0,0
6837,2,1,0
6837,3,0,0
6837,3,1,0
6837,4,2,1
6837,5,0,0
6837,5,2,1
6837,6,1,0
6837,6,2,1
6837,7,0,0
6837,7,1,0
6837,7,2,1
6838,1,0,0
6838,2,1,0
6838,3,0,0
6838,3,1,0
6838,4,2,1
6838,5,0,0
6838,5,2,1
6838,6,1,0
6838,6,2,1
6838,7,0,0
6838,7,1,0
6838,7,2,1
6839,1,0,0
6839,2,1,0
6839,3,0,0
6839,3,1,0
6839,4,2,1
6839,5,0,0
6839,5,2,1
6839,6,1,0
6839,6,2,1
6839,7,0,0
6839,7,1,0
6839,7,2,1
6840,1,0,1
6840,2,1,1
6840,3,0,1
6840,3,1,1
6840,4,2,1
6840,5,0,1
6840,5,2,1
6840,6,1,1
6840,6,2,1
6840,7,0,1
6840,7,1,1
6840,7,2,1
6841,1,0,1
6841,2,1,1
6841,3,0,1
6841,3,1,1
6841,4,2,1
6841,5,0,1
6841,5,2,1
6841,6,1,1
6841,6,2,1
6841,7,0,1
6841,7,1,1
6841,7,2,1
6842,1,0,0
6842,2,1,0
6842,3,0,0
6842,3,1,0
6842,4,2,1
6842,5,0,0
6842,5,2,1
6842,6,1,0
6842,6,2,1
6842,7,0,0
6842,7,1,0
6842,7,2,1
6843,1,0,1
6843,2,1,1
6843,3,0,1
6843,3,1,1
6843,4,2,1
6843,5,0,1
6843,5,2,1
6843,6,1,1
6843,6,2,1
6843,7,0,1
6843,7,1,1
6843,7,2,1
6844,1,0,1
6844,2,1,1
6844,3,0,1
6844,3,1,1
6844,4,2,1
6844,5,0,1
6844,5,2,1
6844,6,1,1
6844,6,2,1
6844,7,0,1
6844,7,1,1
6844,7,2,1
6845,1,0,0
6845,2,1,0
6845,3,0,0
6845,3,1,0
6845,4,2,1
6845,5,0,0
6845,5,2,1
6845,6,1,0
6845,6,2,1
6845,7,0,0
6845,7,1,0
6845,7,2,1
6846,1,0,0
6846,2,1,0
6846,3,0,0
6846,3,1,0
6846,4,2,1
6846,5,0,0
6846,5,2,1
6846,6,1,0
6846,6,2,1
6846,7,0,0
6846,7,1,0
6846,7,2,1
6847,1,0,0
6847,2,1,0
6847,3,0,0
6847,3,1,0
6847,4,2,1
6847,5,0,0
6847,5,2,1
6847,6,1,0
6847,6,2,1
6847,7,0,0
6847,7,1,0
6847,7,2,1
6848,1,0,0
6848,2,1,0
6848,3,0,0
6848,3,1,0
6848,4,2,1
6848,5,0,0
6848,5,2,1
6848,6,1,0
6848,6,2,1
6848,7,0,0
6848,7,1,0
6848,7,2,1
6849,1,0,1
6849,2,1,1
6849,3,0,1
6849,3,1,1
6849,4,2,1
6849,5,0,1
6849,5,2,1
6849,6,1,1
6849,6,2,1
6849,7,0,1
6849,7,1,1
6849,7,2,1
6850,1,0,1
6850,2,1,1
6850,3,0,1
6850,3,1,1
6850,4,2,1
6850,5,0,1
6850,5,2,1
6850,6,1,1
6850,6,2,1
6850,7,0,1
6850,7,1,1
6850,7,2,1
6851,1,0,0
6851,2,1,0
6851,3,0,0
6851,3,1,0
6851,4,2,1
6851,5,0,0
6851,5,2,1
6851,6,1,0
6851,6,2,1
6851,7,0,0
6851,7,1,0
6851,7,2,1
6852,1,0,1
6852,2,1,1
6852,3,0,1
6852,3,1,1
6852,4,2,1
6852,5,0,1
6852,5,2,1
6852,6,1,1
6852,6,2,1
6852,7,0,1
6852,7,1,1
6852,7,2,1
6853,1,0,1
6853,2,1,1
6853,3,0,1
6853,3,1,1
6853,4,2,1
6853,5,0,1
6853,5,2,1
6853,6,1,1
6853,6,2,1
6853,7,0,1
6853,7,1,1
6853,7,2,1
6854,1,0,0
6854,2,1,0
6854,3,0,0
6854,3,1,0
6854,4,2,1
6854,5,0,0
6854,5,2,1
6854,6,1,0
6854,6,2,1
6854,7,0,0
6854,7,1,0
6854,7,2,1
6855,1,0,0
6855,2,1,0
6855,3,0,0
6855,3,1,0
6855,4,2,1
6855,5,0,0
6855,5,2,1
6855,6,1,0
6855,6,2,1
6855,7,0,0
6855,7,1,0
6855,7,2,1
6856,1,0,0
6856,2,1,0
6856,3,0,0
6856,3,1,0
6856,4,2,1
6856,5,0,0
6856,5,2,1
6856,6,1,0
6856,6,2,1
6856,7,0,0
6856,7,1,0
6856,7,2,1
6857,1,0,0
6857,2,1,0
6857,3,0,0
6857,3,1,0
6857,4,2,1
6857,5,0,0
6857,5,2,1
6857,6,1,0
6857,6,2,1
6857,7,0,0
6857,7,1,0
6857,7,2,1
6858,1,0,1
6858,2,1,1
6858,3,0,1
6858,3,1,1
6858,4,2,1
6858,5,0,1
6858,5,2,1
6858,6,1,1
6858,6,2,1
6858,7,0,1
6858,7,1,1
6858,7,2,1
6859,1,0,1
6859,2,1,1
6859,3,0,1
6859,3,1,1
6859,4,2,1
6859,5,0,1
6859,5,2,1
6859,6,1,1
6859,6,2,1
6859,7,0,1
6859,7,1,1
6859,7,2,1
6860,1,0,0
6860,2,1,0
6860,3,0,0
6860,3,1,0
6860,4,2,1
6860,5,0,0
6860,5,2,1
6860,6,1,0
6860,6,2,1
6860,7,0,0
6860,7,1,0
6860,7,2,1
6861,1,0,0
6861,2,1,0
6861,3,0,0
6861,3,1,0
6861,4,2,1
6861,5,0,0
6861,5,2,1
6861,6,1,0
6861,6,2,1
6861,7,0,0
6861,7,1,0
6861,7,2,1
6862,1,0,0
6862,2,1,0
6862,3,0,0
6862,3,1,0
6862,4,2,1
6862,5,0,0
6862,5,2,1
6862,6,1,0
6862,6,2,1
6862,7,0,0
6862,7,1,0
6862,7,2,1
6863,1,0,0
6863,2,1,0
6863,3,0,0
6863,3,1,0
6863,4,2,1
6863,5,0,0
6863,5,2,1
6863,6,1,0
6863,6,2,1
6863,7,0,0
6863,7,1,0
6863,7,2,1
6864,1,0,0
6864,2,1,0
6864,3,0,0
6864,3,1,0
6864,4,2,1
6864,5,0,0
6864,5,2,1
6864,6,1,0
6864,6,2,1
6864,7,0,0
6864,7,1,0
6864,7,2,1
6865,1,0,0
6865,2,1,0
6865,3,0,0
6865,3,1,0
6865,4,2,1
6865,5,0,0
6865,5,2,1
6865,6,1,0
6865,6,2,1
6865,7,0,0
6865,7,1,0
6865,7,2,1
6866,1,0,0
6866,2,1,0
6866,3,0,0
6866,3,1,0
6866,4,2,1
6866,5,0,0
6866,5,2,1
6866,6,1,0
6866,6,2,1
6866,7,0,0
6866,7,1,0
6866,7,2,1
6867,1,0,1
6867,2,1,1
6867,3,0,1
6867,3,1,1
6867,4,2,1
6867,5,0,1
6867,5,2,1
6867,6,1,1
6867,6,2,1
6867,7,0,1
6867,7,1,1
6867,7,2,1
6868,1,0,1
6868,2,1,1
6868,3,0,1
6868,3,1,1
6868,4,2,1
6868,5,0,1
6868,5,2,1
6868,6,1,1
6868,6,2,1
6868,7,0,1
6868,7,1,1
6868,7,2,1
6869,1,0,0
6869,2,1,0
6869,3,0,0
6869,3,1,0
6869,4,2,1
6869,5,0,0
6869,5,2,1
6869,6,1,0
6869,6,2,1
6869,7,0,0
6869,7,1,0
6869,7,2,1
6870,1,0,0
6870,2,1,0
6870,3,0,0
6870,3,1,0
6870,4,2,1
6870,5,0,0
6870,5,2,1
6870,6,1,0
6870,6,2,1
6870,7,0,0
6870,7,1,0
6870,7,2,1
6871,1,0,0
6871,2,1,0
6871,3,0,0
6871,3,1,0
6871,4,2,1
6871,5,0,0
6871,5,2,1
6871,6,1,0
6871,6,2,1
6871,7,0,0
6871,7,1,0
6871,7,2,1
6872,1,0,0
6872,2,1,0
6872,3,0,0
6872,3,1,0
6872,4,2,1
6872,5,0,0
6872,5,2,1
6872,6,1,0
6872,6,2,1
6872,7,0,0
6872,7,1,0
6872,7,2,1
6873,1,0,0
6873,2,1,0
6873,3,0,0
6873,3,1,0
6873,4,2,1
6873,5,0,0
6873,5,2,1
6873,6,1,0
6873,6,2,1
6873,7,0,0
6873,7,1,0
6873,7,2,1
6874,1,0,0
6874,2,1,0
6874,3,0,0
6874,3,1,0
6874,4,2,1
6874,5,0,0
6874,5,2,1
6874,6,1,0
6874,6,2,1
6874,7,0,0
6874,7,1,0
6874,7,2,1
6875,1,0,0
6875,2,1,0
6875,3,0,0
6875,3,1,0
6875,4,2,1
6875,5,0,0
6875,5,2,1
6875,6,1,0
6875,6,2,1
6875,7,0,0
6875,7,1,0
6875,7,2,1
6876,1,0,1
6876,2,1,1
6876,3,0,1
6876,3,1,1
6876,4,2,1
6876,5,0,1
6876,5,2,1
6876,6,1,1
6876,6,2,1
6876,7,0,1
6876,7,1,1
6876,7,2,1
6877,1,0,1
6877,2,1,1
6877,3,0,1
6877,3,1,1
6877,4,2,1
6877,5,0,1
6877,5,2,1
6877,6,1,1
6877,6,2,1
6877,7,0,1
6877,7,1,1
6877,7,2,1
6878,1,0,0
6878,2,1,0
6878,3,0,0
6878,3,1,0
6878,4,2,1
6878,5,0,0
6878,5,2,1
6878,6,1,0
6878,6,2,1
6878,7,0,0
6878,7,1,0
6878,7,2,1
6879,1,0,0
6879,2,1,0
6879,3,0,0
6879,3,1,0
6879,4,2,1
6879,5,0,0
6879,5,2,1
6879,6,1,0
6879,6,2,1
6879,7,0,0
6879,7,1,0
6879,7,2,1
6880,1,0,0
6880,2,1,0
6880,3,0,0
6880,3,1,0
6880,4,2,1
6880,5,0,0
6880,5,2,1
6880,6,1,0
6880,6,2,1
6880,7,0,0
6880,7,1,0
6880,7,2,1
6881,1,0,0
6881,2,1,0
6881,3,0,0
6881,3,1,0
6881,4,2,1
6881,5,0,0
6881,5,2,1
6881,6,1,0
6881,6,2,1
6881,7,0,0
6881,7,1,0
6881,7,2,1
6882,1,0,0
6882,2,1,0
6882,3,0,0
6882,3,1,0
6882,4,2,1
6882,5,0,0
6882,5,2,1
6882,6,1,0
6882,6,2,1
6882,7,0,0
6882,7,1,0
6882,7,2,1
6883,1,0,0
6883,2,1,0
6883,3,0,0
6883,3,1,0
6883,4,2,1
6883,5,0,0
6883,5,2,1
6883,6,1,0
6883,6,2,1
6883,7,0,0
6883,7,1,0
6883,7,2,1
6884,1,0,0
6884,2,1,0
6884,3,0,0
6884,3,1,0
6884,4,2,1
6884,5,0,0
6884,5,2,1
6884,6,1,0
6884,6,2,1
6884,7,0,0
6884,7,1,0
6884,7,2,1
6885,1,0,1
6885,2,1,1
6885,3,0,1
6885,3,1,1
6885,4,2,1
6885,5,0,1
6885,5,2,1
6885,6,1,1
6885,6,2,1
6885,7,0,1
6885,7,1,1
6885,7,2,1
6886,1,0,1
6886,2,1,1
6886,3,0,1
6886,3,1,1
6886,4,2,1
6886,5,0,1
6886,5,2,1
6886,6,1,1
6886,6,2,1
6886,7,0,1
6886,7,1,1
6886,7,2,1
6887,1,0,0
6887,2,1,1
6887,3,0,0
6887,3,1,1
6887,4,2,1
6887,5,0,0
6887,5,2,1
6887,6,1,1
6887,6,2,1
6887,7,0,0
6887,7,1,1
6887,7,2,1
6888,1,0,1
6888,2,1,1
6888,3,0,1
6888,3,1,1
6888,4,2,1
6888,5,0,1
6888,5,2,1
6888,6,1,1
6888,6,2,1
6888,7,0,1
6888,7,1,1
6888,7,2,1
6889,1,0,1
6889,2,1,1
6889,3,0,1
6889,3,1,1
6889,4,2,1
6889,5,0,1
6889,5,2,1
6889,6,1,1
6889,6,2,1
6889,7,0,1
6889,7,1,1
6889,7,2,1
6890,1,0,0
6890,2,1,1
6890,3,0,0
6890,3,1,1
6890,4,2,1
6890,5,0,0
6890,5,2,1
6890,6,1,1
6890,6,2,1
6890,7,0,0
6890,7,1,1
6890,7,2,1
6891,1,0,1
6891,2,1,1
6891,3,0,1
6891,3,1,1
6891,4,2,1
6891,5,0,1
6891,5,2,1
6891,6,1,1
6891,6,2,1
6891,7,0,1
6891,7,1,1
6891,7,2,1
6892,1,0,1
6892,2,1,1
6892,3,0,1
6892,3,1,1
6892,4,2,1
6892,5,0,1
6892,5,2,1
6892,6,1,1
6892,6,2,1
6892,7,0,1
6892,7,1,1
6892,7,2,1
6893,1,0,0
6893,2,1,1
6893,3,0,0
6893,3,1,1
6893,4,2,1
6893,5,0,0
6893,5,2,1
6893,6,1,1
6893,6,2,1
6893,7,0,0
6893,7,1,1
6893,7,2,1
6894,1,0,1
6894,2,1,1
6894,3,0,1
6894,3,1,1
6894,4,2,1
6894,5,0,1
6894,5,2,1
6894,6,1,1
6894,6,2,1
6894,7,0,1
6894,7,1,1
6894,7,2,1
6895,1,0,1
6895,2,1,1
6895,3,0,1
6895,3,1,1
6895,4,2,1
6895,5,0,1
6895,5,2,1
6895,6,1,1
6895,6,2,1
6895,7,0,1
6895,7,1,1
6895,7,2,1
6896,1,0,0
6896,2,1,1
6896,3,0,0
6896,3,1,1
6896,4,2,1
6896,5,0,0
6896,5,2,1
6896,6,1,1
6896,6,2,1
6896,7,0,0
6896,7,1,1
6896,7,2,1
6897,1,0,1
6897,2,1,1
6897,3,0,1
6897,3,1,1
6897,4,2,1
6897,5,0,1
6897,5,2,1
6897,6,1,1
6897,6,2,1
6897,7,0,1
6897,7,1,1
6897,7,2,1
6898,1,0,1
6898,2,1,1
6898,3,0,1
6898,3,1,1
6898,4,2,1
6898,5,0,1
6898,5,2,1
6898,6,1,1
6898,6,2,1
6898,7,0,1
6898,7,1,1
6898,7,2,1
6899,1,0,0
6899,2,1,1
6899,3,0,0
6899,3,1,1
6899,4,2,1
6899,5,0,0
6899,5,2,1
6899,6,1,1
6899,6,2,1
6899,7,0,0
6899,7,1,1
6899,7,2,1
6900,1,0,1
6900,2,1,1
6900,3,0,1
6900,3,1,1
6900,4,2,1
6900,5,0,1
6900,5,2,1
6900,6,1,1
6900,6,2,1
6900,7,0,1
6900,7,1,1
6900,7,2,1
6901,1,0,1
6901,2,1,1
6901,3,0,1
6901,3,1,1
6901,4,2,1
6901,5,0,1
6901,5,2,1
6901,6,1,1
6901,6,2,1
6901,7,0,1
6901,7,1,1
6901,7,2,1
6902,1,0,0
6902,2,1,1
6902,3,0,0
6902,3,1,1
6902,4,2,1
6902,5,0,0
6902,5,2,1
6902,6,1,1
6902,6,2,1
6902,7,0,0
6902,7,1,1
6902,7,2,1
6903,1,0,1
6903,2,1,1
6903,3,0,1
6903,3,1,1
6903,4,2,1
6903,5,0,1
6903,5,2,1
6903,6,1,1
6903,6,2,1
6903,7,0,1
6903,7,1,1
6903,7,2,1
6904,1,0,1
6904,2,1,1
6904,3,0,1
6904,3,1,1
6904,4,2,1
6904,5,0,1
6904,5,2,1
6904,6,1,1
6904,6,2,1
6904,7,0,1
6904,7,1,1
6904,7,2,1
6905,1,0,0
6905,2,1,1
6905,3,0,0
6905,3,1,1
6905,4,2,1
6905,5,0,0
6905,5,2,1
6905,6,1,1
6905,6,2,1
6905,7,0,0
6905,7,1,1
6905,7,2,1
6906,1,0,1
6906,2,1,1
6906,3,0,1
6906,3,1,1
6906,4,2,1
6906,5,0,1
6906,5,2,1
6906,6,1,1
6906,6,2,1
6906,7,0,1
6906,7,1,1
6906,7,2,1
6907,1,0,1
6907,2,1,1
6907,3,0,1
6907,3,1,1
6907,4,2,1
6907,5,0,1
6907,5,2,1
6907,6,1,1
6907,6,2,1
6907,7,0,1
6907,7,1,1
6907,7,2,1
6908,1,0,0
6908,2,1,1
6908,3,0,0
6908,3,1,1
6908,4,2,1
6908,5,0,0
6908,5,2,1
6908,6,1,1
6908,6,2,1
6908,7,0,0
6908,7,1,1
6908,7,2,1
6909,1,0,1
6909,2,1,1
6909,3,0,1
6909,3,1,1
6909,4,2,1
6909,5,0,1
6909,5,2,1
6909,6,1,1
6909,6,2,1
6909,7,0,1
6909,7,1,1
6909,7,2,1
6910,1,0,1
6910,2,1,1
6910,3,0,1
6910,3,1,1
6910,4,2,1
6910,5,0,1
6910,5,2,1
6910,6,1,1
6910,6,2,1
6910,7,0,1
6910,7,1,1
6910,7,2,1
6911,1,0,0
6911,2,1,1
6911,3,0,0
6911,3,1,1
6911,4,2,1
6911,5,0,0
6911,5,2,1
6911,6,1,1
6911,6,2,1
6911,7,0,0
6911,7,1,1
6911,7,2,1
6912,1,0,1
6912,2,1,1
6912,3,0,1
6912,3,1,1
6912,4,2,1
6912,5,0,1
6912,5,2,1
6912,6,1,1
6912,6,2,1
6912,7,0,1
6912,7,1,1
6912,7,2,1
6913,1,0,1
6913,2,1,1
6913,3,0,1
6913,3,1,1
6913,4,2,1
6913,5,0,1
6913,5,2,1
6913,6,1,1
6913,6,2,1
6913,7,0,1
6913,7,1,1
6913,7,2,1
6914,1,0,0
6914,2,1,0
6914,3,0,0
6914,3,1,0
6914,4,2,1
6914,5,0,0
6914,5,2,1
6914,6,1,0
6914,6,2,1
6914,7,0,0
6914,7,1,0
6914,7,2,1
6915,1,0,1
6915,2,1,1
6915,3,0,1
6915,3,1,1
6915,4,2,1
6915,5,0,1
6915,5,2,1
6915,6,1,1
6915,6,2,1
6915,7,0,1
6915,7,1,1
6915,7,2,1
6916,1,0,1
6916,2,1,1
6916,3,0,1
6916,3,1,1
6916,4,2,1
6916,5,0,1
6916,5,2,1
6916,6,1,1
6916,6,2,1
6916,7,0,1
6916,7,1,1
6916,7,2,1
6917,1,0,0
6917,2,1,0
6917,3,0,0
6917,3,1,0
6917,4,2,1
6917,5,0,0
6917,5,2,1
6917,6,1,0
6917,6,2,1
6917,7,0,0
6917,7,1,0
6917,7,2,1
6918,1,0,0
6918,2,1,0
6918,3,0,0
6918,3,1,0
6918,4,2,1
6918,5,0,0
6918,5,2,1
6918,6,1,0
6918,6,2,1
6918,7,0,0
6918,7,1,0
6918,7,2,1
6919,1,0,0
6919,2,1,0
6919,3,0,0
6919,3,1,0
6919,4,2,1
6919,5,0,0
6919,5,2,1
6919,6,1,0
6919,6,2,1
6919,7,0,0
6919,7,1,0
6919,7,2,1
6920,1,0,0
6920,2,1,0
6920,3,0,0
6920,3,1,0
6920,4,2,1
6920,5,0,0
6920,5,2,1
6920,6,1,0
6920,6,2,1
6920,7,0,0
6920,7,1,0
6920,7,2,1
6921,1,0,1
6921,2,1,1
6921,3,0,1
6921,3,1,1
6921,4,2,1
6921,5,0,1
6921,5,2,1
6921,6,1,1
6921,6,2,1
6921,7,0,1
6921,7,1,1
6921,7,2,1
6922,1,0,1
6922,2,1,1
6922,3,0,1
6922,3,1,1
6922,4,2,1
6922,5,0,1
6922,5,2,1
6922,6,1,1
6922,6,2,1
6922,7,0,1
6922,7,1,1
6922,7,2,1
6923,1,0,0
6923,2,1,0
6923,3,0,0
6923,3,1,0
6923,4,2,1
6923,5,0,0
6923,5,2,1
6923,6,1,0
6923,6,2,1
6923,7,0,0
6923,7,1,0
6923,7,2,1
6924,1,0,1
6924,2,1,1
6924,3,0,1
6924,3,1,1
6924,4,2,1
6924,5,0,1
6924,5,2,1
6924,6,1,1
6924,6,2,1
6924,7,0,1
6924,7,1,1
6924,7,2,1
6925,1,0,1
6925,2,1,1
6925,3,0,1
6925,3,1,1
6925,4,2,1
6925,5,0,1
6925,5,2,1
6925,6,1,1
6925,6,2,1
6925,7,0,1
6925,7,1,1
6925,7,2,1
6926,1,0,0
6926,2,1,0
6926,3,0,0
6926,3,1,0
6926,4,2,1
6926,5,0,0
6926,5,2,1
6926,6,1,0
6926,6,2,1
6926,7,0,0
6926,7,1,0
6926,7,2,1
6927,1,0,0
6927,2,1,0
6927,3,0,0
6927,3,1,0
6927,4,2,1
6927,5,0,0
6927,5,2,1
6927,6,1,0
6927,6,2,1
6927,7,0,0
6927,7,1,0
6927,7,2,1
6928,1,0,0
6928,2,1,0
6928,3,0,0
6928,3,1,0
6928,4,2,1
6928,5,0,0
6928,5,2,1
6928,6,1,0
6928,6,2,1
6928,7,0,0
6928,7,1,0
6928,7,2,1
6929,1,0,0
6929,2,1,0
6929,3,0,0
6929,3,1,0
6929,4,2,1
6929,5,0,0
6929,5,2,1
6929,6,1,0
6929,6,2,1
6929,7,0,0
6929,7,1,0
6929,7,2,1
6930,1,0,1
6930,2,1,1
6930,3,0,1
6930,3,1,1
6930,4,2,1
6930,5,0,1
6930,5,2,1
6930,6,1,1
6930,6,2,1
6930,7,0,1
6930,7,1,1
6930,7,2,1
6931,1,0,1
6931,2,1,1
6931,3,0,1
6931,3,1,1
6931,4,2,1
6931,5,0,1
6931,5,2,1
6931,6,1,1
6931,6,2,1
6931,7,0,1
6931,7,1,1
6931,7,2,1
6932,1,0,0
6932,2,1,0
6932,3,0,0
6932,3,1,0
6932,4,2,1
6932,5,0,0
6932,5,2,1
6932,6,1,0
6932,6,2,1
6932,7,0,0
6932,7,1,0
6932,7,2,1
6933,1,0,1
6933,2,1,1
6933,3,0,1
6933,3,1,1
6933,4,2,1
6933,5,0,1
6933,5,2,1
6933,6,1,1
6933,6,2,1
6933,7,0,1
6933,7,1,1
6933,7,2,1
6934,1,0,1
6934,2,1,1
6934,3,0,1
6934,3,1,1
6934,4,2,1
6934,5,0,1
6934,5,2,1
6934,6,1,1
6934,6,2,1
6934,7,0,1
6934,7,1,1
6934,7,2,1
6935,1,0,0
6935,2,1,0
6935,3,0,0
6935,3,1,0
6935,4,2,1
6935,5,0,0
6935,5,2,1
6935,6,1,0
6935,6,2,1
6935,7,0,0
6935,7,1,0
6935,7,2,1
6936,1,0,0
6936,2,1,0
6936,3,0,0
6936,3,1,0
6936,4,2,1
6936,5,0,0
6936,5,2,1
6936,6,1,0
6936,6,2,1
6936,7,0,0
6936,7,1,0
6936,7,2,1
6937,1,0,0
6937,2,1,0
6937,3,0,0
6937,3,1,0
6937,4,2,1
6937,5,0,0
6937,5,2,1
6937,6,1,0
6937,6,2,1
6937,7,0,0
6937,7,1,0
6937,7,2,1
6938,1,0,0
6938,2,1,0
6938,3,0,0
6938,3,1,0
6938,4,2,1
6938,5,0,0
6938,5,2,1
6938,6,1,0
6938,6,2,1
6938,7,0,0
6938,7,1,0
6938,7,2,1
6939,1,0,1
6939,2,1,1
6939,3,0,1
6939,3,1,1
6939,4,2,1
6939,5,0,1
6939,5,2,1
6939,6,1,1
6939,6,2,1
6939,7,0,1
6939,7,1,1
6939,7,2,1
6940,1,0,1
6940,2,1,1
6940,3,0,1
6940,3,1,1
6940,4,2,1
6940,5,0,1
6940,5,2,1
6940,6,1,1
6940,6,2,1
6940,7,0,1
6940,7,1,1
6940,7,2,1
6941,1,0,0
6941,2,1,0
6941,3,0,0
6941,3,1,0
6941,4,2,1
6941,5,0,0
6941,5,2,1
6941,6,1,0
6941,6,2,1
6941,7,0,0
6941,7,1,0
6941,7,2,1
6942,1,0,0
6942,2,1,0
6942,3,0,0
6942,3,1,0
6942,4,2,1
6942,5,0,0
6942,5,2,1
6942,6,1,0
6942,6,2,1
6942,7,0,0
6942,7,1,0
6942,7,2,1
6943,1,0,0
6943,2,1,0
6943,3,0,0
6943,3,1,0
6943,4,2,1
6943,5,0,0
6943,5,2,1
6943,6,1,0
6943,6,2,1
6943,7,0,0
6943,7,1,0
6943,7,2,1
6944,1,0,0
6944,2,1,0
6944,3,0,0
6944,3,1,0
6944,4,2,1
6944,5,0,0
6944,5,2,1
6944,6,1,0
6944,6,2,1
6944,7,0,0
6944,7,1,0
6944,7,2,1
6945,1,0,0
6945,2,1,0
6945,3,0,0
6945,3,1,0
6945,4,2,1
6945,5,0,0
6945,5,2,1
6945,6,1,0
6945,6,2,1
6945,7,0,0
6945,7,1,0
6945,7,2,1
6946,1,0,0
6946,2,1,0
6946,3,0,0
6946,3,1,0
6946,4,2,1
6946,5,0,0
6946,5,2,1
6946,6,1,0
6946,6,2,1
6946,7,0,0
6946,7,1,0
6946,7,2,1
6947,1,0,0
6947,2,1,0
6947,3,0,0
6947,3,1,0
6947,4,2,1
6947,5,0,0
6947,5,2,1
6947,6,1,0
6947,6,2,1
6947,7,0,0
6947,7,1,0
6947,7,2,1
6948,1,0,1
6948,2,1,1
6948,3,0,1
6948,3,1,1
6948,4,2,1
6948,5,0,1
6948,5,2,1
6948,6,1,1
6948,6,2,1
6948,7,0,1
6948,7,1,1
6948,7,2,1
6949,1,0,1
6949,2,1,1
6949,3,0,1
6949,3,1,1
6949,4,2,1
6949,5,0,1
6949,5,2,1
6949,6,1,1
6949,6,2,1
6949,7,0,1
6949,7,1,1
6949,7,2,1
6950,1,0,0
6950,2,1,0
6950,3,0,0
6950,3,1,0
6950,4,2,1
6950,5,0,0
6950,5,2,1
6950,6,1,0
6950,6,2,1
6950,7,0,0
6950,7,1,0
6950,7,2,1
6951,1,0,0
6951,2,1,0
6951,3,0,0
6951,3,1,0
6951,4,2,1
6951,5,0,0
6951,5,2,1
6951,6,1,0
6951,6,2,1
6951,7,0,0
6951,7,1,0
6951,7,2,1
6952,1,0,0
6952,2,1,0
6952,3,0,0
6952,3,1,0
6952,4,2,1
6952,5,0,0
6952,5,2,1
6952,6,1,0
6952,6,2,1
6952,7,0,0
6952,7,1,0
6952,7,2,1
6953,1,0,0
6953,2,1,0
6953,3,0,0
6953,3,1,0
6953,4,2,1
6953,5,0,0
6953,5,2,1
6953,6,1,0
6953,6,2,1
6953,7,0,0
6953,7,1,0
6953,7,2,1
6954,1,0,0
6954,2,1,0
6954,3,0,0
6954,3,1,0
6954,4,2,1
6954,5,0,0
6954,5,2,1
6954,6,1,0
6954,6,2,1
6954,7,0,0
6954,7,1,0
6954,7,2,1
6955,1,0,0
6955,2,1,0
6955,3,0,0
6955,3,1,0
6955,4,2,1
6955,5,0,0
6955,5,2,1
6955,6,1,0
6955,6,2,1
6955,7,0,0
6955,7,1,0
6955,7,2,1
6956,1,0,0
6956,2,1,0
6956,3,0,0
6956,3,1,0
6956,4,2,1
6956,5,0,0
6956,5,2,1
6956,6,1,0
6956,6,2,1
6956,7,0,0
6956,7,1,0
6956,7,2,1
6957,1,0,1
6957,2,1,1
6957,3,0,1
6957,3,1,1
6957,4,2,1
6957,5,0,1
6957,5,2,1
6957,6,1,1
6957,6,2,1
6957,7,0,1
6957,7,1,1
6957,7,2,1
6958,1,0,1
6958,2,1,1
6958,3,0,1
6958,3,1,1
6958,4,2,1
6958,5,0,1
6958,5,2,1
6958,6,1,1
6958,6,2,1
6958,7,0,1
6958,7,1,1
6958,7,2,1
6959,1,0,0
6959,2,1,0
6959,3,0,0
6959,3,1,0
6959,4,2,1
6959,5,0,0
6959,5,2,1
6959,6,1,0
6959,6,2,1
6959,7,0,0
6959,7,1,0
6959,7,2,1
6960,1,0,0
6960,2,1,0
6960,3,0,0
6960,3,1,0
6960,4,2,1
6960,5,0,0
6960,5,2,1
6960,6,1,0
6960,6,2,1
6960,7,0,0
6960,7,1,0
6960,7,2,1
6961,1,0,0
6961,2,1,0
6961,3,0,0
6961,3,1,0
6961,4,2,1
6961,5,0,0
6961,5,2,1
6961,6,1,0
6961,6,2,1
6961,7,0,0
6961,7,1,0
6961,7,2,1
6962,1,0,0
6962,2,1,0
6962,3,0,0
6962,3,1,0
6962,4,2,1
6962,5,0,0
6962,5,2,1
6962,6,1,0
6962,6,2,1
6962,7,0,0
6962,7,1,0
6962,7,2,1
6963,1,0,0
6963,2,1,0
6963,3,0,0
6963,3,1,0
6963,4,2,1
6963,5,0,0
6963,5,2,1
6963,6,1,0
6963,6,2,1
6963,7,0,0
6963,7,1,0
6963,7,2,1
6964,1,0,0
6964,2,1,0
6964,3,0,0
6964,3,1,0
6964,4,2,1
6964,5,0,0
6964,5,2,1
6964,6,1,0
6964,6,2,1
6964,7,0,0
6964,7,1,0
6964,7,2,1
6965,1,0,0
6965,2,1,0
6965,3,0,0
6965,3,1,0
6965,4,2,1
6965,5,0,0
6965,5,2,1
6965,6,1,0
6965,6,2,1
6965,7,0,0
6965,7,1,0
6965,7,2,1
6966,1,0,1
6966,2,1,0
6966,3,0,1
6966,3,1,0
6966,4,2,1
6966,5,0,1
6966,5,2,1
6966,6,1,0
6966,6,2,1
6966,7,0,1
6966,7,1,0
6966,7,2,1
6967,1,0,1
6967,2,1,0
6967,3,0,1
6967,3,1,0
6967,4,2,1
6967,5,0,1
6967,5,2,1
6967,6,1,0
6967,6,2,1
6967,7,0,1
6967,7,1,0
6967,7,2,1
6968,1,0,0
6968,2,1,0
6968,3,0,0
6968,3,1,0
6968,4,2,1
6968,5,0,0
6968,5,2,1
6968,6,1,0
6968,6,2,1
6968,7,0,0
6968,7,1,0
6968,7,2,1
6969,1,0,0
6969,2,1,0
6969,3,0,0
6969,3,1,0
6969,4,2,1
6969,5,0,0
6969,5,2,1
6969,6,1,0
6969,6,2,1
6969,7,0,0
6969,7,1,0
6969,7,2,1
6970,1,0,0
6970,2,1,0
6970,3,0,0
6970,3,1,0
6970,4,2,1
6970,5,0,0
6970,5,2,1
6970,6,1,0
6970,6,2,1
6970,7,0,0
6970,7,1,0
6970,7,2,1
6971,1,0,0
6971,2,1,0
6971,3,0,0
6971,3,1,0
6971,4,2,1
6971,5,0,0
6971,5,2,1
6971,6,1,0
6971,6,2,1
6971,7,0,0
6971,7,1,0
6971,7,2,1
6972,1,0,0
6972,2,1,0
6972,3,0,0
6972,3,1,0
6972,4,2,1
6972,5,0,0
6972,5,2,1
6972,6,1,0
6972,6,2,1
6972,7,0,0
6972,7,1,0
6972,7,2,1
6973,1,0,0
6973,2,1,0
6973,3,0,0
6973,3,1,0
6973,4,2,1
6973,5,0,0
6973,5,2,1
6973,6,1,0
6973,6,2,1
6973,7,0,0
6973,7,1,0
6973,7,2,1
6974,1,0,0
6974,2,1,0
6974,3,0,0
6974,3,1,0
6974,4,2,1
6974,5,0,0
6974,5,2,1
6974,6,1,0
6974,6,2,1
6974,7,0,0
6974,7,1,0
6974,7,2,1
6975,1,0,1
6975,2,1,0
6975,3,0,1
6975,3,1,0
6975,4,2,1
6975,5,0,1
6975,5,2,1
6975,6,1,0
6975,6,2,1
6975,7,0,1
6975,7,1,0
6975,7,2,1
6976,1,0,1
6976,2,1,0
6976,3,0,1
6976,3,1,0
6976,4,2,1
6976,5,0,1
6976,5,2,1
6976,6,1,0
6976,6,2,1
6976,7,0,1
6976,7,1,0
6976,7,2,1
6977,1,0,0
6977,2,1,0
6977,3,0,0
6977,3,1,0
6977,4,2,1
6977,5,0,0
6977,5,2,1
6977,6,1,0
6977,6,2,1
6977,7,0,0
6977,7,1,0
6977,7,2,1
6978,1,0,0
6978,2,1,0
6978,3,0,0
6978,3,1,0
6978,4,2,1
6978,5,0,0
6978,5,2,1
6978,6,1,0
6978,6,2,1
6978,7,0,0
6978,7,1,0
6978,7,2,1
6979,1,0,0
6979,2,1,0
6979,3,0,0
6979,3,1,0
6979,4,2,1
6979,5,0,0
6979,5,2,1
6979,6,1,0
6979,6,2,1
6979,7,0,0
6979,7,1,0
6979,7,2,1
6980,1,0,0
6980,2,1,0
6980,3,0,0
6980,3,1,0
6980,4,2,1
6980,5,0,0
6980,5,2,1
6980,6,1,0
6980,6,2,1
6980,7,0,0
6980,7,1,0
6980,7,2,1
6981,1,0,0
6981,2,1,0
6981,3,0,0
6981,3,1,0
6981,4,2,1
6981,5,0,0
6981,5,2,1
6981,6,1,0
6981,6,2,1
6981,7,0,0
6981,7,1,0
6981,7,2,1
6982,1,0,0
6982,2,1,0
6982,3,0,0
6982,3,1,0
6982,4,2,1
6982,5,0,0
6982,5,2,1
6982,6,1,0
6982,6,2,1
6982,7,0,0
6982,7,1,0
6982,7,2,1
6983,1,0,0
6983,2,1,0
6983,3,0,0
6983,3,1,0
6983,4,2,1
6983,5,0,0
6983,5,2,1
6983,6,1,0
6983,6,2,1
6983,7,0,0
6983,7,1,0
6983,7,2,1
6984,1,0,1
6984,2,1,0
6984,3,0,1
6984,3,1,0
6984,4,2,1
6984,5,0,1
6984,5,2,1
6984,6,1,0
6984,6,2,1
6984,7,0,1
6984,7,1,0
6984,7,2,1
6985,1,0,1
6985,2,1,0
6985,3,0,1
6985,3,1,0
6985,4,2,1
6985,5,0,1
6985,5,2,1
6985,6,1,0
6985,6,2,1
6985,7,0,1
6985,7,1,0
6985,7,2,1
6986,1,0,0
6986,2,1,0
6986,3,0,0
6986,3,1,0
6986,4,2,1
6986,5,0,0
6986,5,2,1
6986,6,1,0
6986,6,2,1
6986,7,0,0
6986,7,1,0
6986,7,2,1
6987,1,0,0
6987,2,1,0
6987,3,0,0
6987,3,1,0
6987,4,2,1
6987,5,0,0
6987,5,2,1
6987,6,1,0
6987,6,2,1
6987,7,0,0
6987,7,1,0
6987,7,2,1
6988,1,0,0
6988,2,1,0
6988,3,0,0
6988,3,1,0
6988,4,2,1
6988,5,0,0
6988,5,2,1
6988,6,1,0
6988,6,2,1
6988,7,0,0
6988,7,1,0
6988,7,2,1
6989,1,0,0
6989,2,1,0
6989,3,0,0
6989,3,1,0
6989,4,2,1
6989,5,0,0
6989,5,2,1
6989,6,1,0
6989,6,2,1
6989,7,0,0
6989,7,1,0
6989,7,2,1
6990,1,0,0
6990,2,1,0
6990,3,0,0
6990,3,1,0
6990,4,2,1
6990,5,0,0
6990,5,2,1
6990,6,1,0
6990,6,2,1
6990,7,0,0
6990,7,1,0
6990,7,2,1
6991,1,0,0
6991,2,1,0
6991,3,0,0
6991,3,1,0
6991,4,2,1
6991,5,0,0
6991,5,2,1
6991,6,1,0
6991,6,2,1
6991,7,0,0
6991,7,1,0
6991,7,2,1
6992,1,0,0
6992,2,1,0
6992,3,0,0
6992,3,1,0
6992,4,2,1
6992,5,0,0
6992,5,2,1
6992,6,1,0
6992,6,2,1
6992,7,0,0
6992,7,1,0
6992,7,2,1
6993,1,0,1
6993,2,1,0
6993,3,0,1
6993,3,1,0
6993,4,2,1
6993,5,0,1
6993,5,2,1
6993,6,1,0
6993,6,2,1
6993,7,0,1
6993,7,1,0
6993,7,2,1
6994,1,0,1
6994,2,1,0
6994,3,0,1
6994,3,1,0
6994,4,2,1
6994,5,0,1
6994,5,2,1
6994,6,1,0
6994,6,2,1
6994,7,0,1
6994,7,1,0
6994,7,2,1
6995,1,0,0
6995,2,1,0
6995,3,0,0
6995,3,1,0
6995,4,2,1
6995,5,0,0
6995,5,2,1
6995,6,1,0
6995,6,2,1
6995,7,0,0
6995,7,1,0
6995,7,2,1
6996,1,0,0
6996,2,1,0
6996,3,0,0
6996,3,1,0
6996,4,2,1
6996,5,0,0
6996,5,2,1
6996,6,1,0
6996,6,2,1
6996,7,0,0
6996,7,1,0
6996,7,2,1
6997,1,0,0
6997,2,1,0
6997,3,0,0
6997,3,1,0
6997,4,2,1
6997,5,0,0
6997,5,2,1
6997,6,1,0
6997,6,2,1
6997,7,0,0
6997,7,1,0
6997,7,2,1
6998,1,0,0
6998,2,1,0
6998,3,0,0
6998,3,1,0
6998,4,2,1
6998,5,0,0
6998,5,2,1
6998,6,1,0
6998,6,2,1
6998,7,0,0
6998,7,1,0
6998,7,2,1
6999,1,0,0
6999,2,1,0
6999,3,0,0
6999,3,1,0
6999,4,2,1
6999,5,0,0
6999,5,2,1
6999,6,1,0
6999,6,2,1
6999,7,0,0
6999,7,1,0
6999,7,2,1
7000,1,0,0
7000,2,1,0
7000,3,0,0
7000,3,1,0
7000,4,2,1
7000,5,0,0
7000,5,2,1
7000,6,1,0
7000,6,2,1
7000,7,0,0
7000,7,1,0
7000,7,2,1
7001,1,0,0
7001,2,1,0
7001,3,0,0
7001,3,1,0
7001,4,2,1
7001,5,0,0
7001,5,2,1
7001,6,1,0
7001,6,2,1
7001,7,0,0
7001,7,1,0
7001,7,2,1
7002,1,0,1
7002,2,1,0
7002,3,0,1
7002,3,1,0
7002,4,2,1
7002,5,0,1
7002,5,2,1
7002,6,1,0
7002,6,2,1
7002,7,0,1
7002,7,1,0
7002,7,2,1
7003,1,0,1
7003,2,1,0
7003,3,0,1
7003,3,1,0
7003,4,2,1
7003,5,0,1
7003,5,2,1
7003,6,1,0
7003,6,2,1
7003,7,0,1
7003,7,1,0
7003,7,2,1
7004,1,0,0
7004,2,1,0
7004,3,0,0
7004,3,1,0
7004,4,2,1
7004,5,0,0
7004,5,2,1
7004,6,1,0
7004,6,2,1
7004,7,0,0
7004,7,1,0
7004,7,2,1
7005,1,0,0
7005,2,1,0
7005,3,0,0
7005,3,1,0
7005,4,2,1
7005,5,0,0
7005,5,2,1
7005,6,1,0
7005,6,2,1
7005,7,0,0
7005,7,1,0
7005,7,2,1
7006,1,0,0
7006,2,1,0
7006,3,0,0
7006,3,1,0
7006,4,2,1
7006,5,0,0
7006,5,2,1
7006,6,1,0
7006,6,2,1
7006,7,0,0
7006,7,1,0
7006,7,2,1
7007,1,0,0
7007,2,1,0
7007,3,0,0
7007,3,1,0
7007,4,2,1
7007,5,0,0
7007,5,2,1
7007,6,1,0
7007,6,2,1
7007,7,0,0
7007,7,1,0
7007,7,2,1
7008,1,0,0
7008,2,1,0
7008,3,0,0
7008,3,1,0
7008,4,2,1
7008,5,0,0
7008,5,2,1
7008,6,1,0
7008,6,2,1
7008,7,0,0
7008,7,1,0
7008,7,2,1
7009,1,0,0
7009,2,1,0
7009,3,0,0
7009,3,1,0
7009,4,2,1
7009,5,0,0
7009,5,2,1
7009,6,1,0
7009,6,2,1
7009,7,0,0
7009,7,1,0
7009,7,2,1
7010,1,0,0
7010,2,1,0
7010,3,0,0
7010,3,1,0
7010,4,2,1
7010,5,0,0
7010,5,2,1
7010,6,1,0
7010,6,2,1
7010,7,0,0
7010,7,1,0
7010,7,2,1
7011,1,0,1
7011,2,1,0
7011,3,0,1
7011,3,1,0
7011,4,2,1
7011,5,0,1
7011,5,2,1
7011,6,1,0
7011,6,2,1
7011,7,0,1
7011,7,1,0
7011,7,2,1
7012,1,0,1
7012,2,1,0
7012,3,0,1
7012,3,1,0
7012,4,2,1
7012,5,0,1
7012,5,2,1
7012,6,1,0
7012,6,2,1
7012,7,0,1
7012,7,1,0
7012,7,2,1
7013,1,0,0
7013,2,1,0
7013,3,0,0
7013,3,1,0
7013,4,2,1
7013,5,0,0
7013,5,2,1
7013,6,1,0
7013,6,2,1
7013,7,0,0
7013,7,1,0
7013,7,2,1
7014,1,0,0
7014,2,1,0
7014,3,0,0
7014,3,1,0
7014,4,2,1
7014,5,0,0
7014,5,2,1
7014,6,1,0
7014,6,2,1
7014,7,0,0
7014,7,1,0
7014,7,2,1
7015,1,0,0
7015,2,1,0
7015,3,0,0
7015,3,1,0
7015,4,2,1
7015,5,0,0
7015,5,2,1
7015,6,1,0
7015,6,2,1
7015,7,0,0
7015,7,1,0
7015,7,2,1
7016,1,0,0
7016,2,1,0
7016,3,0,0
7016,3,1,0
7016,4,2,1
7016,5,0,0
7016,5,2,1
7016,6,1,0
7016,6,2,1
7016,7,0,0
7016,7,1,0
7016,7,2,1
7017,1,0,0
7017,2,1,0
7017,3,0,0
7017,3,1,0
7017,4,2,1
7017,5,0,0
7017,5,2,1
7017,6,1,0
7017,6,2,1
7017,7,0,0
7017,7,1,0
7017,7,2,1
7018,1,0,0
7018,2,1,0
7018,3,0,0
7018,3,1,0
7018,4,2,1
7018,5,0,0
7018,5,2,1
7018,6,1,0
7018,6,2,1
7018,7,0,0
7018,7,1,0
7018,7,2,1
7019,1,0,0
7019,2,1,0
7019,3,0,0
7019,3,1,0
7019,4,2,1
7019,5,0,0
7019,5,2,1
7019,6,1,0
7019,6,2,1
7019,7,0,0
7019,7,1,0
7019,7,2,1
7020,1,0,1
7020,2,1,0
7020,3,0,1
7020,3,1,0
7020,4,2,1
7020,5,0,1
7020,5,2,1
7020,6,1,0
7020,6,2,1
7020,7,0,1
7020,7,1,0
7020,7,2,1
7021,1,0,1
7021,2,1,0
7021,3,0,1
7021,3,1,0
7021,4,2,1
7021,5,0,1
7021,5,2,1
7021,6,1,0
7021,6,2,1
7021,7,0,1
7021,7,1,0
7021,7,2,1
7022,1,0,0
7022,2,1,0
7022,3,0,0
7022,3,1,0
7022,4,2,1
7022,5,0,0
7022,5,2,1
7022,6,1,0
7022,6,2,1
7022,7,0,0
7022,7,1,0
7022,7,2,1
7023,1,0,0
7023,2,1,0
7023,3,0,0
7023,3,1,0
7023,4,2,1
7023,5,0,0
7023,5,2,1
7023,6,1,0
7023,6,2,1
7023,7,0,0
7023,7,1,0
7023,7,2,1
7024,1,0,0
7024,2,1,0
7024,3,0,0
7024,3,1,0
7024,4,2,1
7024,5,0,0
7024,5,2,1
7024,6,1,0
7024,6,2,1
7024,7,0,0
7024,7,1,0
7024,7,2,1
7025,1,0,0
7025,2,1,0
7025,3,0,0
7025,3,1,0
7025,4,2,1
7025,5,0,0
7025,5,2,1
7025,6,1,0
7025,6,2,1
7025,7,0,0
7025,7,1,0
7025,7,2,1
7026,1,0,0
7026,2,1,0
7026,3,0,0
7026,3,1,0
7026,4,2,1
7026,5,0,0
7026,5,2,1
7026,6,1,0
7026,6,2,1
7026,7,0,0
7026,7,1,0
7026,7,2,1
7027,1,0,0
7027,2,1,0
7027,3,0,0
7027,3,1,0
7027,4,2,1
7027,5,0,0
7027,5,2,1
7027,6,1,0
7027,6,2,1
7027,7,0,0
7027,7,1,0
7027,7,2,1
7028,1,0,0
7028,2,1,0
7028,3,0,0
7028,3,1,0
7028,4,2,1
7028,5,0,0
7028,5,2,1
7028,6,1,0
7028,6,2,1
7028,7,0,0
7028,7,1,0
7028,7,2,1
7029,1,0,1
7029,2,1,0
7029,3,0,1
7029,3,1,0
7029,4,2,1
7029,5,0,1
7029,5,2,1
7029,6,1,0
7029,6,2,1
7029,7,0,1
7029,7,1,0
7029,7,2,1
7030,1,0,1
7030,2,1,0
7030,3,0,1
7030,3,1,0
7030,4,2,1
7030,5,0,1
7030,5,2,1
7030,6,1,0
7030,6,2,1
7030,7,0,1
7030,7,1,0
7030,7,2,1
7031,1,0,0
7031,2,1,0
7031,3,0,0
7031,3,1,0
7031,4,2,1
7031,5,0,0
7031,5,2,1
7031,6,1,0
7031,6,2,1
7031,7,0,0
7031,7,1,0
7031,7,2,1
7032,1,0,0
7032,2,1,0
7032,3,0,0
7032,3,1,0
7032,4,2,1
7032,5,0,0
7032,5,2,1
7032,6,1,0
7032,6,2,1
7032,7,0,0
7032,7,1,0
7032,7,2,1
7033,1,0,0
7033,2,1,0
7033,3,0,0
7033,3,1,0
7033,4,2,1
7033,5,0,0
7033,5,2,1
7033,6,1,0
7033,6,2,1
7033,7,0,0
7033,7,1,0
7033,7,2,1
7034,1,0,0
7034,2,1,0
7034,3,0,0
7034,3,1,0
7034,4,2,1
7034,5,0,0
7034,5,2,1
7034,6,1,0
7034,6,2,1
7034,7,0,0
7034,7,1,0
7034,7,2,1
7035,1,0,0
7035,2,1,0
7035,3,0,0
7035,3,1,0
7035,4,2,1
7035,5,0,0
7035,5,2,1
7035,6,1,0
7035,6,2,1
7035,7,0,0
7035,7,1,0
7035,7,2,1
7036,1,0,0
7036,2,1,0
7036,3,0,0
7036,3,1,0
7036,4,2,1
7036,5,0,0
7036,5,2,1
7036,6,1,0
7036,6,2,1
7036,7,0,0
7036,7,1,0
7036,7,2,1
7037,1,0,0
7037,2,1,0
7037,3,0,0
7037,3,1,0
7037,4,2,1
7037,5,0,0
7037,5,2,1
7037,6,1,0
7037,6,2,1
7037,7,0,0
7037,7,1,0
7037,7,2,1
7038,1,0,1
7038,2,1,0
7038,3,0,1
7038,3,1,0
7038,4,2,1
7038,5,0,1
7038,5,2,1
7038,6,1,0
7038,6,2,1
7038,7,0,1
7038,7,1,0
7038,7,2,1
7039,1,0,1
7039,2,1,0
7039,3,0,1
7039,3,1,0
7039,4,2,1
7039,5,0,1
7039,5,2,1
7039,6,1,0
7039,6,2,1
7039,7,0,1
7039,7,1,0
7039,7,2,1
7040,1,0,0
7040,2,1,0
7040,3,0,0
7040,3,1,0
7040,4,2,1
7040,5,0,0
7040,5,2,1
7040,6,1,0
7040,6,2,1
7040,7,0,0
7040,7,1,0
7040,7,2,1
7041,1,0,0
7041,2,1,0
7041,3,0,0
7041,3,1,0
7041,4,2,1
7041,5,0,0
7041,5,2,1
7041,6,1,0
7041,6,2,1
7041,7,0,0
7041,7,1,0
7041,7,2,1
7042,1,0,0
7042,2,1,0
7042,3,0,0
7042,3,1,0
7042,4,2,1
7042,5,0,0
7042,5,2,1
7042,6,1,0
7042,6,2,1
7042,7,0,0
7042,7,1,0
7042,7,2,1
7043,1,0,0
7043,2,1,0
7043,3,0,0
7043,3,1,0
7043,4,2,1
7043,5,0,0
7043,5,2,1
7043,6,1,0
7043,6,2,1
7043,7,0,0
7043,7,1,0
7043,7,2,1
7044,1,0,0
7044,2,1,0
7044,3,0,0
7044,3,1,0
7044,4,2,1
7044,5,0,0
7044,5,2,1
7044,6,1,0
7044,6,2,1
7044,7,0,0
7044,7,1,0
7044,7,2,1
7045,1,0,0
7045,2,1,0
7045,3,0,0
7045,3,1,0
7045,4,2,1
7045,5,0,0
7045,5,2,1
7045,6,1,0
7045,6,2,1
7045,7,0,0
7045,7,1,0
7045,7,2,1
7046,1,0,0
7046,2,1,0
7046,3,0,0
7046,3,1,0
7046,4,2,1
7046,5,0,0
7046,5,2,1
7046,6,1,0
7046,6,2,1
7046,7,0,0
7046,7,1,0
7046,7,2,1
7047,1,0,1
7047,2,1,1
7047,3,0,1
7047,3,1,1
7047,4,2,1
7047,5,0,1
7047,5,2,1
7047,6,1,1
7047,6,2,1
7047,7,0,1
7047,7,1,1
7047,7,2,1
7048,1,0,1
7048,2,1,1
7048,3,0,1
7048,3,1,1
7048,4,2,1
7048,5,0,1
7048,5,2,1
7048,6,1,1
7048,6,2,1
7048,7,0,1
7048,7,1,1
7048,7,2,1
7049,1,0,0
7049,2,1,1
7049,3,0,0
7049,3,1,1
7049,4,2,1
7049,5,0,0
7049,5,2,1
7049,6,1,1
7049,6,2,1
7049,7,0,0
7049,7,1,1
7049,7,2,1
7050,1,0,1
7050,2,1,1
7050,3,0,1
7050,3,1,1
7050,4,2,1
7050,5,0,1
7050,5,2,1
7050,6,1,1
7050,6,2,1
7050,7,0,1
7050,7,1,1
7050,7,2,1
7051,1,0,1
7051,2,1,1
7051,3,0,1
7051,3,1,1
7051,4,2,1
7051,5,0,1
7051,5,2,1
7051,6,1,1
7051,6,2,1
7051,7,0,1
7051,7,1,1
7051,7,2,1
7052,1,0,0
7052,2,1,1
7052,3,0,0
7052,3,1,1
7052,4,2,1
7052,5,0,0
7052,5,2,1
7052,6,1,1
7052,6,2,1
7052,7,0,0
7052,7,1,1
7052,7,2,1
7053,1,0,1
7053,2,1,1
7053,3,0,1
7053,3,1,1
7053,4,2,1
7053,5,0,1
7053,5,2,1
7053,6,1,1
7053,6,2,1
7053,7,0,1
7053,7,1,1
7053,7,2,1
7054,1,0,1
7054,2,1,1
7054,3,0,1
7054,3,1,1
7054,4,2,1
7054,5,0,1
7054,5,2,1
7054,6,1,1
7054,6,2,1
7054,7,0,1
7054,7,1,1
7054,7,2,1
7055,1,0,0
7055,2,1,1
7055,3,0,0
7055,3,1,1
7055,4,2,1
7055,5,0,0
7055,5,2,1
7055,6,1,1
7055,6,2,1
7055,7,0,0
7055,7,1,1
7055,7,2,1
7056,1,0,1
7056,2,1,1
7056,3,0,1
7056,3,1,1
7056,4,2,1
7056,5,0,1
7056,5,2,1
7056,6,1,1
7056,6,2,1
7056,7,0,1
7056,7,1,1
7056,7,2,1
7057,1,0,1
7057,2,1,1
7057,3,0,1
7057,3,1,1
7057,4,2,1
7057,5,0,1
7057,5,2,1
7057,6,1,1
7057,6,2,1
7057,7,0,1
7057,7,1,1
7057,7,2,1
7058,1,0,0
7058,2,1,1
7058,3,0,0
7058,3,1,1
7058,4,2,1
7058,5,0,0
7058,5,2,1
7058,6,1,1
7058,6,2,1
7058,7,0,0
7058,7,1,1
7058,7,2,1
7059,1,0,1
7059,2,1,1
7059,3,0,1
7059,3,1,1
7059,4,2,1
7059,5,0,1
7059,5,2,1
7059,6,1,1
7059,6,2,1
7059,7,0,1
7059,7,1,1
7059,7,2,1
7060,1,0,1
7060,2,1,1
7060,3,0,1
7060,3,1,1
7060,4,2,1
7060,5,0,1
7060,5,2,1
7060,6,1,1
7060,6,2,1
7060,7,0,1
7060,7,1,1
7060,7,2,1
7061,1,0,0
7061,2,1,1
7061,3,0,0
7061,3,1,1
7061,4,2,1
7061,5,0,0
7061,5,2,1
7061,6,1,1
7061,6,2,1
7061,7,0,0
7061,7,1,1
7061,7,2,1
7062,1,0,1
7062,2,1,1
7062,3,0,1
7062,3,1,1
7062,4,2,1
7062,5,0,1
7062,5,2,1
7062,6,1,1
7062,6,2,1
7062,7,0,1
7062,7,1,1
7062,7,2,1
7063,1,0,1
7063,2,1,1
7063,3,0,1
7063,3,1,1
7063,4,2,1
7063,5,0,1
7063,5,2,1
7063,6,1,1
7063,6,2,1
7063,7,0,1
7063,7,1,1
7063,7,2,1
7064,1,0,0
7064,2,1,1
7064,3,0,0
7064,3,1,1
7064,4,2,1
7064,5,0,0
7064,5,2,1
7064,6,1,1
7064,6,2,1
7064,7,0,0
7064,7,1,1
7064,7,2,1
7065,1,0,1
7065,2,1,1
7065,3,0,1
7065,3,1,1
7065,4,2,1
7065,5,0,1
7065,5,2,1
7065,6,1,1
7065,6,2,1
7065,7,0,1
7065,7,1,1
7065,7,2,1
7066,1,0,1
7066,2,1,1
7066,3,0,1
7066,3,1,1
7066,4,2,1
7066,5,0,1
7066,5,2,1
7066,6,1,1
7066,6,2,1
7066,7,0,1
7066,7,1,1
7066,7,2,1
7067,1,0,0
7067,2,1,1
7067,3,0,0
7067,3,1,1
7067,4,2,1
7067,5,0,0
7067,5,2,1
7067,6,1,1
7067,6,2,1
7067,7,0,0
7067,7,1,1
7067,7,2,1
7068,1,0,1
7068,2,1,1
7068,3,0,1
7068,3,1,1
7068,4,2,1
7068,5,0,1
7068,5,2,1
7068,6,1,1
7068,6,2,1
7068,7,0,1
7068,7,1,1
7068,7,2,1
7069,1,0,1
7069,2,1,1
7069,3,0,1
7069,3,1,1
7069,4,2,1
7069,5,0,1
7069,5,2,1
7069,6,1,1
7069,6,2,1
7069,7,0,1
7069,7,1,1
7069,7,2,1
7070,1,0,0
7070,2,1,1
7070,3,0,0
7070,3,1,1
7070,4,2,1
7070,5,0,0
7070,5,2,1
7070,6,1,1
7070,6,2,1
7070,7,0,0
7070,7,1,1
7070,7,2,1
7071,1,0,1
7071,2,1,1
7071,3,0,1
7071,3,1,1
7071,4,2,1
7071,5,0,1
7071,5,2,1
7071,6,1,1
7071,6,2,1
7071,7,0,1
7071,7,1,1
7071,7,2,1
7072,1,0,1
7072,2,1,1
7072,3,0,1
7072,3,1,1
7072,4,2,1
7072,5,0,1
7072,5,2,1
7072,6,1,1
7072,6,2,1
7072,7,0,1
7072,7,1,1
7072,7,2,1
7073,1,0,0
7073,2,1,1
7073,3,0,0
7073,3,1,1
7073,4,2,1
7073,5,0,0
7073,5,2,1
7073,6,1,1
7073,6,2,1
7073,7,0,0
7073,7,1,1
7073,7,2,1
7074,1,0,1
7074,2,1,1
7074,3,0,1
7074,3,1,1
7074,4,2,1
7074,5,0,1
7074,5,2,1
7074,6,1,1
7074,6,2,1
7074,7,0,1
7074,7,1,1
7074,7,2,1
7075,1,0,1
7075,2,1,1
7075,3,0,1
7075,3,1,1
7075,4,2,1
7075,5,0,1
7075,5,2,1
7075,6,1,1
7075,6,2,1
7075,7,0,1
7075,7,1,1
7075,7,2,1
7076,1,0,0
7076,2,1,0
7076,3,0,0
7076,3,1,0
7076,4,2,1
7076,5,0,0
7076,5,2,1
7076,6,1,0
7076,6,2,1
7076,7,0,0
7076,7,1,0
7076,7,2,1
7077,1,0,1
7077,2,1,1
7077,3,0,1
7077,3,1,1
7077,4,2,1
7077,5,0,1
7077,5,2,1
7077,6,1,1
7077,6,2,1
7077,7,0,1
7077,7,1,1
7077,7,2,1
7078,1,0,1
7078,2,1,1
7078,3,0,1
7078,3,1,1
7078,4,2,1
7078,5,0,1
7078,5,2,1
7078,6,1,1
7078,6,2,1
7078,7,0,1
7078,7,1,1
7078,7,2,1
7079,1,0,0
7079,2,1,0
7079,3,0,0
7079,3,1,0
7079,4,2,1
7079,5,0,0
7079,5,2,1
7079,6,1,0
7079,6,2,1
7079,7,0,0
7079,7,1,0
7079,7,2,1
7080,1,0,0
7080,2,1,0
7080,3,0,0
7080,3,1,0
7080,4,2,1
7080,5,0,0
7080,5,2,1
7080,6,1,0
7080,6,2,1
7080,7,0,0
7080,7,1,0
7080,7,2,1
7081,1,0,0
7081,2,1,0
7081,3,0,0
7081,3,1,0
7081,4,2,1
7081,5,0,0
7081,5,2,1
7081,6,1,0
7081,6,2,1
7081,7,0,0
7081,7,1,0
7081,7,2,1
7082,1,0,0
7082,2,1,0
7082,3,0,0
7082,3,1,0
7082,4,2,1
7082,5,0,0
7082,5,2,1
7082,6,1,0
7082,6,2,1
7082,7,0,0
7082,7,1,0
7082,7,2,1
7083,1,0,1
7083,2,1,1
7083,3,0,1
7083,3,1,1
7083,4,2,1
7083,5,0,1
7083,5,2,1
7083,6,1,1
7083,6,2,1
7083,7,0,1
7083,7,1,1
7083,7,2,1
7084,1,0,1
7084,2,1,1
7084,3,0,1
7084,3,1,1
7084,4,2,1
7084,5,0,1
7084,5,2,1
7084,6,1,1
7084,6,2,1
7084,7,0,1
7084,7,1,1
7084,7,2,1
7085,1,0,0
7085,2,1,0
7085,3,0,0
7085,3,1,0
7085,4,2,1
7085,5,0,0
7085,5,2,1
7085,6,1,0
7085,6,2,1
7085,7,0,0
7085,7,1,0
7085,7,2,1
7086,1,0,1
7086,2,1,1
7086,3,0,1
7086,3,1,1
7086,4,2,1
7086,5,0,1
7086,5,2,1
7086,6,1,1
7086,6,2,1
7086,7,0,1
7086,7,1,1
7086,7,2,1
7087,1,0,1
7087,2,1,1
7087,3,0,1
7087,3,1,1
7087,4,2,1
7087,5,0,1
7087,5,2,1
7087,6,1,1
7087,6,2,1
7087,7,0,1
7087,7,1,1
7087,7,2,1
7088,1,0,0
7088,2,1,0
7088,3,0,0
7088,3,1,0
7088,4,2,1
7088,5,0,0
7088,5,2,1
7088,6,1,0
7088,6,2,1
7088,7,0,0
7088,7,1,0
7088,7,2,1
7089,1,0,0
7089,2,1,0
7089,3,0,0
7089,3,1,0
7089,4,2,1
7089,5,0,0
7089,5,2,1
7089,6,1,0
7089,6,2,1
7089,7,0,0
7089,7,1,0
7089,7,2,1
7090,1,0,0
7090,2,1,0
7090,3,0,0
7090,3,1,0
7090,4,2,1
7090,5,0,0
7090,5,2,1
7090,6,1,0
7090,6,2,1
7090,7,0,0
7090,7,1,0
7090,7,2,1
7091,1,0,0
7091,2,1,0
7091,3,0,0
7091,3,1,0
7091,4,2,1
7091,5,0,0
7091,5,2,1
7091,6,1,0
7091,6,2,1
7091,7,0,0
7091,7,1,0
7091,7,2,1
7092,1,0,1
7092,2,1,1
7092,3,0,1
7092,3,1,1
7092,4,2,1
7092,5,0,1
7092,5,2,1
7092,6,1,1
7092,6,2,1
7092,7,0,1
7092,7,1,1
7092,7,2,1
7093,1,0,1
7093,2,1,1
7093,3,0,1
7093,3,1,1
7093,4,2,1
7093,5,0,1
7093,5,2,1
7093,6,1,1
7093,6,2,1
7093,7,0,1
7093,7,1,1
7093,7,2,1
7094,1,0,0
7094,2,1,0
7094,3,0,0
7094,3,1,0
7094,4,2,1
7094,5,0,0
7094,5,2,1
7094,6,1,0
7094,6,2,1
7094,7,0,0
7094,7,1,0
7094,7,2,1
7095,1,0,1
7095,2,1,1
7095,3,0,1
7095,3,1,1
7095,4,2,1
7095,5,0,1
7095,5,2,1
7095,6,1,1
7095,6,2,1
7095,7,0,1
7095,7,1,1
7095,7,2,1
7096,1,0,1
7096,2,1,1
7096,3,0,1
7096,3,1,1
7096,4,2,1
7096,5,0,1
7096,5,2,1
7096,6,1,1
7096,6,2,1
7096,7,0,1
7096,7,1,1
7096,7,2,1
7097,1,0,0
7097,2,1,0
7097,3,0,0
7097,3,1,0
7097,4,2,1
7097,5,0,0
7097,5,2,1
7097,6,1,0
7097,6,2,1
7097,7,0,0
7097,7,1,0
7097,7,2,1
7098,1,0,0
7098,2,1,0
7098,3,0,0
7098,3,1,0
7098,4,2,1
7098,5,0,0
7098,5,2,1
7098,6,1,0
7098,6,2,1
7098,7,0,0
7098,7,1,0
7098,7,2,1
7099,1,0,0
7099,2,1,0
7099,3,0,0
7099,3,1,0
7099,4,2,1
7099,5,0,0
7099,5,2,1
7099,6,1,0
7099,6,2,1
7099,7,0,0
7099,7,1,0
7099,7,2,1
7100,1,0,0
7100,2,1,0
7100,3,0,0
7100,3,1,0
7100,4,2,1
7100,5,0,0
7100,5,2,1
7100,6,1,0
7100,6,2,1
7100,7,0,0
7100,7,1,0
7100,7,2,1
7101,1,0,1
7101,2,1,1
7101,3,0,1
7101,3,1,1
7101,4,2,1
7101,5,0,1
7101,5,2,1
7101,6,1,1
7101,6,2,1
7101,7,0,1
7101,7,1,1
7101,7,2,1
7102,1,0,1
7102,2,1,1
7102,3,0,1
7102,3,1,1
7102,4,2,1
7102,5,0,1
7102,5,2,1
7102,6,1,1
7102,6,2,1
7102,7,0,1
7102,7,1,1
7102,7,2,1
7103,1,0,0
7103,2,1,0
7103,3,0,0
7103,3,1,0
7103,4,2,1
7103,5,0,0
7103,5,2,1
7103,6,1,0
7103,6,2,1
7103,7,0,0
7103,7,1,0
7103,7,2,1
7104,1,0,0
7104,2,1,0
7104,3,0,0
7104,3,1,0
7104,4,2,1
7104,5,0,0
7104,5,2,1
7104,6,1,0
7104,6,2,1
7104,7,0,0
7104,7,1,0
7104,7,2,1
7105,1,0,0
7105,2,1,0
7105,3,0,0
7105,3,1,0
7105,4,2,1
7105,5,0,0
7105,5,2,1
7105,6,1,0
7105,6,2,1
7105,7,0,0
7105,7,1,0
7105,7,2,1
7106,1,0,0
7106,2,1,0
7106,3,0,0
7106,3,1,0
7106,4,2,1
7106,5,0,0
7106,5,2,1
7106,6,1,0
7106,6,2,1
7106,7,0,0
7106,7,1,0
7106,7,2,1
7107,1,0,0
7107,2,1,0
7107,3,0,0
7107,3,1,0
7107,4,2,1
7107,5,0,0
7107,5,2,1
7107,6,1,0
7107,6,2,1
7107,7,0,0
7107,7,1,0
7107,7,2,1
7108,1,0,0
7108,2,1,0
7108,3,0,0
7108,3,1,0
7108,4,2,1
7108,5,0,0
7108,5,2,1
7108,6,1,0
7108,6,2,1
7108,7,0,0
7108,7,1,0
7108,7,2,1
7109,1,0,0
7109,2,1,0
7109,3,0,0
7109,3,1,0
7109,4,2,1
7109,5,0,0
7109,5,2,1
7109,6,1,0
7109,6,2,1
7109,7,0,0
7109,7,1,0
7109,7,2,1
7110,1,0,1
7110,2,1,1
7110,3,0,1
7110,3,1,1
7110,4,2,1
7110,5,0,1
7110,5,2,1
7110,6,1,1
7110,6,2,1
7110,7,0,1
7110,7,1,1
7110,7,2,1
7111,1,0,1
7111,2,1,1
7111,3,0,1
7111,3,1,1
7111,4,2,1
7111,5,0,1
7111,5,2,1
7111,6,1,1
7111,6,2,1
7111,7,0,1
7111,7,1,1
7111,7,2,1
7112,1,0,0
7112,2,1,0
7112,3,0,0
7112,3,1,0
7112,4,2,1
7112,5,0,0
7112,5,2,1
7112,6,1,0
7112,6,2,1
7112,7,0,0
7112,7,1,0
7112,7,2,1
7113,1,0,0
7113,2,1,0
7113,3,0,0
7113,3,1,0
7113,4,2,1
7113,5,0,0
7113,5,2,1
7113,6,1,0
7113,6,2,1
7113,7,0,0
7113,7,1,0
7113,7,2,1
7114,1,0,0
7114,2,1,0
7114,3,0,0
7114,3,1,0
7114,4,2,1
7114,5,0,0
7114,5,2,1
7114,6,1,0
7114,6,2,1
7114,7,0,0
7114,7,1,0
7114,7,2,1
7115,1,0,0
7115,2,1,0
7115,3,0,0
7115,3,1,0
7115,4,2,1
7115,5,0,0
7115,5,2,1
7115,6,1,0
7115,6,2,1
7115,7,0,0
7115,7,1,0
7115,7,2,1
7116,1,0,0
7116,2,1,0
7116,3,0,0
7116,3,1,0
7116,4,2,1
7116,5,0,0
7116,5,2,1
7116,6,1,0
7116,6,2,1
7116,7,0,0
7116,7,1,0
7116,7,2,1
7117,1,0,0
7117,2,1,0
7117,3,0,0
7117,3,1,0
7117,4,2,1
7117,5,0,0
7117,5,2,1
7117,6,1,0
7117,6,2,1
7117,7,0,0
7117,7,1,0
7117,7,2,1
7118,1,0,0
7118,2,1,0
7118,3,0,0
7118,3,1,0
7118,4,2,1
7118,5,0,0
7118,5,2,1
7118,6,1,0
7118,6,2,1
7118,7,0,0
7118,7,1,0
7118,7,2,1
7119,1,0,1
7119,2,1,1
7119,3,0,1
7119,3,1,1
7119,4,2,1
7119,5,0,1
7119,5,2,1
7119,6,1,1
7119,6,2,1
7119,7,0,1
7119,7,1,1
7119,7,2,1
7120,1,0,1
7120,2,1,1
7120,3,0,1
7120,3,1,1
7120,4,2,1
7120,5,0,1
7120,5,2,1
7120,6,1,1
7120,6,2,1
7120,7,0,1
7120,7,1,1
7120,7,2,1
7121,1,0,0
7121,2,1,0
7121,3,0,0
7121,3,1,0
7121,4,2,1
7121,5,0,0
7121,5,2,1
7121,6,1,0
7121,6,2,1
7121,7,0,0
7121,7,1,0
7121,7,2,1
7122,1,0,0
7122,2,1,0
7122,3,0,0
7122,3,1,0
7122,4,2,1
7122,5,0,0
7122,5,2,1
7122,6,1,0
7122,6,2,1
7122,7,0,0
7122,7,1,0
7122,7,2,1
7123,1,0,0
7123,2,1,0
7123,3,0,0
7123,3,1,0
7123,4,2,1
7123,5,0,0
7123,5,2,1
7123,6,1,0
7123,6,2,1
7123,7,0,0
7123,7,1,0
7123,7,2,1
7124,1,0,0
7124,2,1,0
7124,3,0,0
7124,3,1,0
7124,4,2,1
7124,5,0,0
7124,5,2,1
7124,6,1,0
7124,6,2,1
7124,7,0,0
7124,7,1,0
7124,7,2,1
7125,1,0,0
7125,2,1,0
7125,3,0,0
7125,3,1,0
7125,4,2,1
7125,5,0,0
7125,5,2,1
7125,6,1,0
7125,6,2,1
7125,7,0,0
7125,7,1,0
7125,7,2,1
7126,1,0,0
7126,2,1,0
7126,3,0,0
7126,3,1,0
7126,4,2,1
7126,5,0,0
7126,5,2,1
7126,6,1,0
7126,6,2,1
7126,7,0,0
7126,7,1,0
7126,7,2,1
7127,1,0,0
7127,2,1,0
7127,3,0,0
7127,3,1,0
7127,4,2,1
7127,5,0,0
7127,5,2,1
7127,6,1,0
7127,6,2,1
7127,7,0,0
7127,7,1,0
7127,7,2,1
7128,1,0,1
7128,2,1,1
7128,3,0,1
7128,3,1,1
7128,4,2,1
7128,5,0,1
7128,5,2,1
7128,6,1,1
7128,6,2,1
7128,7,0,1
7128,7,1,1
7128,7,2,1
7129,1,0,1
7129,2,1,1
7129,3,0,1
7129,3,1,1
7129,4,2,1
7129,5,0,1
7129,5,2,1
7129,6,1,1
7129,6,2,1
7129,7,0,1
7129,7,1,1
7129,7,2,1
7130,1,0,0
7130,2,1,1
7130,3,0,0
7130,3,1,1
7130,4,2,1
7130,5,0,0
7130,5,2,1
7130,6,1,1
7130,6,2,1
7130,7,0,0
7130,7,1,1
7130,7,2,1
7131,1,0,1
7131,2,1,1
7131,3,0,1
7131,3,1,1
7131,4,2,1
7131,5,0,1
7131,5,2,1
7131,6,1,1
7131,6,2,1
7131,7,0,1
7131,7,1,1
7131,7,2,1
7132,1,0,1
7132,2,1,1
7132,3,0,1
7132,3,1,1
7132,4,2,1
7132,5,0,1
7132,5,2,1
7132,6,1,1
7132,6,2,1
7132,7,0,1
7132,7,1,1
7132,7,2,1
7133,1,0,0
7133,2,1,1
7133,3,0,0
7133,3,1,1
7133,4,2,1
7133,5,0,0
7133,5,2,1
7133,6,1,1
7133,6,2,1
7133,7,0,0
7133,7,1,1
7133,7,2,1
7134,1,0,1
7134,2,1,1
7134,3,0,1
7134,3,1,1
7134,4,2,1
7134,5,0,1
7134,5,2,1
7134,6,1,1
7134,6,2,1
7134,7,0,1
7134,7,1,1
7134,7,2,1
7135,1,0,1
7135,2,1,1
7135,3,0,1
7135,3,1,1
7135,4,2,1
7135,5,0,1
7135,5,2,1
7135,6,1,1
7135,6,2,1
7135,7,0,1
7135,7,1,1
7135,7,2,1
7136,1,0,0
7136,2,1,1
7136,3,0,0
7136,3,1,1
7136,4,2,1
7136,5,0,0
7136,5,2,1
7136,6,1,1
7136,6,2,1
7136,7,0,0
7136,7,1,1
7136,7,2,1
7137,1,0,1
7137,2,1,1
7137,3,0,1
7137,3,1,1
7137,4,2,1
7137,5,0,1
7137,5,2,1
7137,6,1,1
7137,6,2,1
7137,7,0,1
7137,7,1,1
7137,7,2,1
7138,1,0,1
7138,2,1,1
7138,3,0,1
7138,3,1,1
7138,4,2,1
7138,5,0,1
7138,5,2,1
7138,6,1,1
7138,6,2,1
7138,7,0,1
7138,7,1,1
7138,7,2,1
7139,1,0,0
7139,2,1,1
7139,3,0,0
7139,3,1,1
7139,4,2,1
7139,5,0,0
7139,5,2,1
7139,6,1,1
7139,6,2,1
7139,7,0,0
7139,7,1,1
7139,7,2,1
7140,1,0,1
7140,2,1,1
7140,3,0,1
7140,3,1,1
7140,4,2,1
7140,5,0,1
7140,5,2,1
7140,6,1,1
7140,6,2,1
7140,7,0,1
7140,7,1,1
7140,7,2,1
7141,1,0,1
7141,2,1,1
7141,3,0,1
7141,3,1,1
7141,4,2,1
7141,5,0,1
7141,5,2,1
7141,6,1,1
7141,6,2,1
7141,7,0,1
7141,7,1,1
7141,7,2,1
7142,1,0,0
7142,2,1,1
7142,3,0,0
7142,3,1,1
7142,4,2,1
7142,5,0,0
7142,5,2,1
7142,6,1,1
7142,6,2,1
7142,7,0,0
7142,7,1,1
7142,7,2,1
7143,1,0,1
7143,2,1,1
7143,3,0,1
7143,3,1,1
7143,4,2,1
7143,5,0,1
7143,5,2,1
7143,6,1,1
7143,6,2,1
7143,7,0,1
7143,7,1,1
7143,7,2,1
7144,1,0,1
7144,2,1,1
7144,3,0,1
7144,3,1,1
7144,4,2,1
7144,5,0,1
7144,5,2,1
7144,6,1,1
7144,6,2,1
7144,7,0,1
7144,7,1,1
7144,7,2,1
7145,1,0,0
7145,2,1,1
7145,3,0,0
7145,3,1,1
7145,4,2,1
7145,5,0,0
7145,5,2,1
7145,6,1,1
7145,6,2,1
7145,7,0,0
7145,7,1,1
7145,7,2,1
7146,1,0,1
7146,2,1,1
7146,3,0,1
7146,3,1,1
7146,4,2,1
7146,5,0,1
7146,5,2,1
7146,6,1,1
7146,6,2,1
7146,7,0,1
7146,7,1,1
7146,7,2,1
7147,1,0,1
7147,2,1,1
7147,3,0,1
7147,3,1,1
7147,4,2,1
7147,5,0,1
7147,5,2,1
7147,6,1,1
7147,6,2,1
7147,7,0,1
7147,7,1,1
7147,7,2,1
7148,1,0,0
7148,2,1,1
7148,3,0,0
7148,3,1,1
7148,4,2,1
7148,5,0,0
7148,5,2,1
7148,6,1,1
7148,6,2,1
7148,7,0,0
7148,7,1,1
7148,7,2,1
7149,1,0,1
7149,2,1,1
7149,3,0,1
7149,3,1,1
7149,4,2,1
7149,5,0,1
7149,5,2,1
7149,6,1,1
7149,6,2,1
7149,7,0,1
7149,7,1,1
7149,7,2,1
7150,1,0,1
7150,2,1,1
7150,3,0,1
7150,3,1,1
7150,4,2,1
7150,5,0,1
7150,5,2,1
7150,6,1,1
7150,6,2,1
7150,7,0,1
7150,7,1,1
7150,7,2,1
7151,1,0,0
7151,2,1,1
7151,3,0,0
7151,3,1,1
7151,4,2,1
7151,5,0,0
7151,5,2,1
7151,6,1,1
7151,6,2,1
7151,7,0,0
7151,7,1,1
7151,7,2,1
7152,1,0,1
7152,2,1,1
7152,3,0,1
7152,3,1,1
7152,4,2,1
7152,5,0,1
7152,5,2,1
7152,6,1,1
7152,6,2,1
7152,7,0,1
7152,7,1,1
7152,7,2,1
7153,1,0,1
7153,2,1,1
7153,3,0,1
7153,3,1,1
7153,4,2,1
7153,5,0,1
7153,5,2,1
7153,6,1,1
7153,6,2,1
7153,7,0,1
7153,7,1,1
7153,7,2,1
7154,1,0,0
7154,2,1,1
7154,3,0,0
7154,3,1,1
7154,4,2,1
7154,5,0,0
7154,5,2,1
7154,6,1,1
7154,6,2,1
7154,7,0,0
7154,7,1,1
7154,7,2,1
7155,1,0,1
7155,2,1,1
7155,3,0,1
7155,3,1,1
7155,4,2,1
7155,5,0,1
7155,5,2,1
7155,6,1,1
7155,6,2,1
7155,7,0,1
7155,7,1,1
7155,7,2,1
7156,1,0,1
7156,2,1,1
7156,3,0,1
7156,3,1,1
7156,4,2,1
7156,5,0,1
7156,5,2,1
7156,6,1,1
7156,6,2,1
7156,7,0,1
7156,7,1,1
7156,7,2,1
7157,1,0,0
7157,2,1,0
7157,3,0,0
7157,3,1,0
7157,4,2,1
7157,5,0,0
7157,5,2,1
7157,6,1,0
7157,6,2,1
7157,7,0,0
7157,7,1,0
7157,7,2,1
7158,1,0,1
7158,2,1,1
7158,3,0,1
7158,3,1,1
7158,4,2,1
7158,5,0,1
7158,5,2,1
7158,6,1,1
7158,6,2,1
7158,7,0,1
7158,7,1,1
7158,7,2,1
7159,1,0,1
7159,2,1,1
7159,3,0,1
7159,3,1,1
7159,4,2,1
7159,5,0,1
7159,5,2,1
7159,6,1,1
7159,6,2,1
7159,7,0,1
7159,7,1,1
7159,7,2,1
7160,1,0,0
7160,2,1,0
7160,3,0,0
7160,3,1,0
7160,4,2,1
7160,5,0,0
7160,5,2,1
7160,6,1,0
7160,6,2,1
7160,7,0,0
7160,7,1,0
7160,7,2,1
7161,1,0,0
7161,2,1,0
7161,3,0,0
7161,3,1,0
7161,4,2,1
7161,5,0,0
7161,5,2,1
7161,6,1,0
7161,6,2,1
7161,7,0,0
7161,7,1,0
7161,7,2,1
7162,1,0,0
7162,2,1,0
7162,3,0,0
7162,3,1,0
7162,4,2,1
7162,5,0,0
7162,5,2,1
7162,6,1,0
7162,6,2,1
7162,7,0,0
7162,7,1,0
7162,7,2,1
7163,1,0,0
7163,2,1,0
7163,3,0,0
7163,3,1,0
7163,4,2,1
7163,5,0,0
7163,5,2,1
7163,6,1,0
7163,6,2,1
7163,7,0,0
7163,7,1,0
7163,7,2,1
7164,1,0,1
7164,2,1,1
7164,3,0,1
7164,3,1,1
7164,4,2,1
7164,5,0,1
7164,5,2,1
7164,6,1,1
7164,6,2,1
7164,7,0,1
7164,7,1,1
7164,7,2,1
7165,1,0,1
7165,2,1,1
7165,3,0,1
7165,3,1,1
7165,4,2,1
7165,5,0,1
7165,5,2,1
7165,6,1,1
7165,6,2,1
7165,7,0,1
7165,7,1,1
7165,7,2,1
7166,1,0,0
7166,2,1,0
7166,3,0,0
7166,3,1,0
7166,4,2,1
7166,5,0,0
7166,5,2,1
7166,6,1,0
7166,6,2,1
7166,7,0,0
7166,7,1,0
7166,7,2,1
7167,1,0,1
7167,2,1,1
7167,3,0,1
7167,3,1,1
7167,4,2,1
7167,5,0,1
7167,5,2,1
7167,6,1,1
7167,6,2,1
7167,7,0,1
7167,7,1,1
7167,7,2,1
7168,1,0,1
7168,2,1,1
7168,3,0,1
7168,3,1,1
7168,4,2,1
7168,5,0,1
7168,5,2,1
7168,6,1,1
7168,6,2,1
7168,7,0,1
7168,7,1,1
7168,7,2,1
7169,1,0,0
7169,2,1,0
7169,3,0,0
7169,3,1,0
7169,4,2,1
7169,5,0,0
7169,5,2,1
7169,6,1,0
7169,6,2,1
7169,7,0,0
7169,7,1,0
7169,7,2,1
7170,1,0,0
7170,2,1,0
7170,3,0,0
7170,3,1,0
7170,4,2,1
7170,5,0,0
7170,5,2,1
7170,6,1,0
7170,6,2,1
7170,7,0,0
7170,7,1,0
7170,7,2,1
7171,1,0,0
7171,2,1,0
7171,3,0,0
7171,3,1,0
7171,4,2,1
7171,5,0,0
7171,5,2,1
7171,6,1,0
7171,6,2,1
7171,7,0,0
7171,7,1,0
7171,7,2,1
7172,1,0,0
7172,2,1,0
7172,3,0,0
7172,3,1,0
7172,4,2,1
7172,5,0,0
7172,5,2,1
7172,6,1,0
7172,6,2,1
7172,7,0,0
7172,7,1,0
7172,7,2,1
7173,1,0,1
7173,2,1,1
7173,3,0,1
7173,3,1,1
7173,4,2,1
7173,5,0,1
7173,5,2,1
7173,6,1,1
7173,6,2,1
7173,7,0,1
7173,7,1,1
7173,7,2,1
7174,1,0,1
7174,2,1,1
7174,3,0,1
7174,3,1,1
7174,4,2,1
7174,5,0,1
7174,5,2,1
7174,6,1,1
7174,6,2,1
7174,7,0,1
7174,7,1,1
7174,7,2,1
7175,1,0,0
7175,2,1,0
7175,3,0,0
7175,3,1,0
7175,4,2,1
7175,5,0,0
7175,5,2,1
7175,6,1,0
7175,6,2,1
7175,7,0,0
7175,7,1,0
7175,7,2,1
7176,1,0,1
7176,2,1,1
7176,3,0,1
7176,3,1,1
7176,4,2,1
7176,5,0,1
7176,5,2,1
7176,6,1,1
7176,6,2,1
7176,7,0,1
7176,7,1,1
7176,7,2,1
7177,1,0,1
7177,2,1,1
7177,3,0,1
7177,3,1,1
7177,4,2,1
7177,5,0,1
7177,5,2,1
7177,6,1,1
7177,6,2,1
7177,7,0,1
7177,7,1,1
7177,7,2,1
7178,1,0,0
7178,2,1,0
7178,3,0,0
7178,3,1,0
7178,4,2,1
7178,5,0,0
7178,5,2,1
7178,6,1,0
7178,6,2,1
7178,7,0,0
7178,7,1,0
7178,7,2,1
7179,1,0,0
7179,2,1,0
7179,3,0,0
7179,3,1,0
7179,4,2,1
7179,5,0,0
7179,5,2,1
7179,6,1,0
7179,6,2,1
7179,7,0,0
7179,7,1,0
7179,7,2,1
7180,1,0,0
7180,2,1,0
7180,3,0,0
7180,3,1,0
7180,4,2,1
7180,5,0,0
7180,5,2,1
7180,6,1,0
7180,6,2,1
7180,7,0,0
7180,7,1,0
7180,7,2,1
7181,1,0,0
7181,2,1,0
7181,3,0,0
7181,3,1,0
7181,4,2,1
7181,5,0,0
7181,5,2,1
7181,6,1,0
7181,6,2,1
7181,7,0,0
7181,7,1,0
7181,7,2,1
7182,1,0,1
7182,2,1,1
7182,3,0,1
7182,3,1,1
7182,4,2,1
7182,5,0,1
7182,5,2,1
7182,6,1,1
7182,6,2,1
7182,7,0,1
7182,7,1,1
7182,7,2,1
7183,1,0,1
7183,2,1,1
7183,3,0,1
7183,3,1,1
7183,4,2,1
7183,5,0,1
7183,5,2,1
7183,6,1,1
7183,6,2,1
7183,7,0,1
7183,7,1,1
7183,7,2,1
7184,1,0,0
7184,2,1,0
7184,3,0,0
7184,3,1,0
7184,4,2,1
7184,5,0,0
7184,5,2,1
7184,6,1,0
7184,6,2,1
7184,7,0,0
7184,7,1,0
7184,7,2,1
7185,1,0,0
7185,2,1,0
7185,3,0,0
7185,3,1,0
7185,4,2,1
7185,5,0,0
7185,5,2,1
7185,6,1,0
7185,6,2,1
7185,7,0,0
7185,7,1,0
7185,7,2,1
7186,1,0,0
7186,2,1,0
7186,3,0,0
7186,3,1,0
7186,4,2,1
7186,5,0,0
7186,5,2,1
7186,6,1,0
7186,6,2,1
7186,7,0,0
7186,7,1,0
7186,7,2,1
7187,1,0,0
7187,2,1,0
7187,3,0,0
7187,3,1,0
7187,4,2,1
7187,5,0,0
7187,5,2,1
7187,6,1,0
7187,6,2,1
7187,7,0,0
7187,7,1,0
7187,7,2,1
7188,1,0,0
7188,2,1,0
7188,3,0,0
7188,3,1,0
7188,4,2,1
7188,5,0,0
7188,5,2,1
7188,6,1,0
7188,6,2,1
7188,7,0,0
7188,7,1,0
7188,7,2,1
7189,1,0,0
7189,2,1,0
7189,3,0,0
7189,3,1,0
7189,4,2,1
7189,5,0,0
7189,5,2,1
7189,6,1,0
7189,6,2,1
7189,7,0,0
7189,7,1,0
7189,7,2,1
7190,1,0,0
7190,2,1,0
7190,3,0,0
7190,3,1,0
7190,4,2,1
7190,5,0,0
7190,5,2,1
7190,6,1,0
7190,6,2,1
7190,7,0,0
7190,7,1,0
7190,7,2,1
7191,1,0,1
7191,2,1,1
7191,3,0,1
7191,3,1,1
7191,4,2,1
7191,5,0,1
7191,5,2,1
7191,6,1,1
7191,6,2,1
7191,7,0,1
7191,7,1,1
7191,7,2,1
7192,1,0,1
7192,2,1,1
7192,3,0,1
7192,3,1,1
7192,4,2,1
7192,5,0,1
7192,5,2,1
7192,6,1,1
7192,6,2,1
7192,7,0,1
7192,7,1,1
7192,7,2,1
7193,1,0,0
7193,2,1,0
7193,3,0,0
7193,3,1,0
7193,4,2,1
7193,5,0,0
7193,5,2,1
7193,6,1,0
7193,6,2,1
7193,7,0,0
7193,7,1,0
7193,7,2,1
7194,1,0,0
7194,2,1,0
7194,3,0,0
7194,3,1,0
7194,4,2,1
7194,5,0,0
7194,5,2,1
7194,6,1,0
7194,6,2,1
7194,7,0,0
7194,7,1,0
7194,7,2,1
7195,1,0,0
7195,2,1,0
7195,3,0,0
7195,3,1,0
7195,4,2,1
7195,5,0,0
7195,5,2,1
7195,6,1,0
7195,6,2,1
7195,7,0,0
7195,7,1,0
7195,7,2,1
7196,1,0,0
7196,2,1,0
7196,3,0,0
7196,3,1,0
7196,4,2,1
7196,5,0,0
7196,5,2,1
7196,6,1,0
7196,6,2,1
7196,7,0,0
7196,7,1,0
7196,7,2,1
7197,1,0,0
7197,2,1,0
7197,3,0,0
7197,3,1,0
7197,4,2,1
7197,5,0,0
7197,5,2,1
7197,6,1,0
7197,6,2,1
7197,7,0,0
7197,7,1,0
7197,7,2,1
7198,1,0,0
7198,2,1,0
7198,3,0,0
7198,3,1,0
7198,4,2,1
7198,5,0,0
7198,5,2,1
7198,6,1,0
7198,6,2,1
7198,7,0,0
7198,7,1,0
7198,7,2,1
7199,1,0,0
7199,2,1,0
7199,3,0,0
7199,3,1,0
7199,4,2,1
7199,5,0,0
7199,5,2,1
7199,6,1,0
7199,6,2,1
7199,7,0,0
7199,7,1,0
7199,7,2,1
7200,1,0,1
7200,2,1,1
7200,3,0,1
7200,3,1,1
7200,4,2,1
7200,5,0,1
7200,5,2,1
7200,6,1,1
7200,6,2,1
7200,7,0,1
7200,7,1,1
7200,7,2,1
7201,1,0,1
7201,2,1,1
7201,3,0,1
7201,3,1,1
7201,4,2,1
7201,5,0,1
7201,5,2,1
7201,6,1,1
7201,6,2,1
7201,7,0,1
7201,7,1,1
7201,7,2,1
7202,1,0,0
7202,2,1,0
7202,3,0,0
7202,3,1,0
7202,4,2,1
7202,5,0,0
7202,5,2,1
7202,6,1,0
7202,6,2,1
7202,7,0,0
7202,7,1,0
7202,7,2,1
7203,1,0,0
7203,2,1,0
7203,3,0,0
7203,3,1,0
7203,4,2,1
7203,5,0,0
7203,5,2,1
7203,6,1,0
7203,6,2,1
7203,7,0,0
7203,7,1,0
7203,7,2,1
7204,1,0,0
7204,2,1,0
7204,3,0,0
7204,3,1,0
7204,4,2,1
7204,5,0,0
7204,5,2,1
7204,6,1,0
7204,6,2,1
7204,7,0,0
7204,7,1,0
7204,7,2,1
7205,1,0,0
7205,2,1,0
7205,3,0,0
7205,3,1,0
7205,4,2,1
7205,5,0,0
7205,5,2,1
7205,6,1,0
7205,6,2,1
7205,7,0,0
7205,7,1,0
7205,7,2,1
7206,1,0,0
7206,2,1,0
7206,3,0,0
7206,3,1,0
7206,4,2,1
7206,5,0,0
7206,5,2,1
7206,6,1,0
7206,6,2,1
7206,7,0,0
7206,7,1,0
7206,7,2,1
7207,1,0,0
7207,2,1,0
7207,3,0,0
7207,3,1,0
7207,4,2,1
7207,5,0,0
7207,5,2,1
7207,6,1,0
7207,6,2,1
7207,7,0,0
7207,7,1,0
7207,7,2,1
7208,1,0,0
7208,2,1,0
7208,3,0,0
7208,3,1,0
7208,4,2,1
7208,5,0,0
7208,5,2,1
7208,6,1,0
7208,6,2,1
7208,7,0,0
7208,7,1,0
7208,7,2,1
7209,1,0,1
7209,2,1,0
7209,3,0,1
7209,3,1,0
7209,4,2,1
7209,5,0,1
7209,5,2,1
7209,6,1,0
7209,6,2,1
7209,7,0,1
7209,7,1,0
7209,7,2,1
7210,1,0,1
7210,2,1,0
7210,3,0,1
7210,3,1,0
7210,4,2,1
7210,5,0,1
7210,5,2,1
7210,6,1,0
7210,6,2,1
7210,7,0,1
7210,7,1,0
7210,7,2,1
7211,1,0,0
7211,2,1,0
7211,3,0,0
7211,3,1,0
7211,4,2,1
7211,5,0,0
7211,5,2,1
7211,6,1,0
7211,6,2,1
7211,7,0,0
7211,7,1,0
7211,7,2,1
7212,1,0,0
7212,2,1,0
7212,3,0,0
7212,3,1,0
7212,4,2,1
7212,5,0,0
7212,5,2,1
7212,6,1,0
7212,6,2,1
7212,7,0,0
7212,7,1,0
7212,7,2,1
7213,1,0,0
7213,2,1,0
7213,3,0,0
7213,3,1,0
7213,4,2,1
7213,5,0,0
7213,5,2,1
7213,6,1,0
7213,6,2,1
7213,7,0,0
7213,7,1,0
7213,7,2,1
7214,1,0,0
7214,2,1,0
7214,3,0,0
7214,3,1,0
7214,4,2,1
7214,5,0,0
7214,5,2,1
7214,6,1,0
7214,6,2,1
7214,7,0,0
7214,7,1,0
7214,7,2,1
7215,1,0,0
7215,2,1,0
7215,3,0,0
7215,3,1,0
7215,4,2,1
7215,5,0,0
7215,5,2,1
7215,6,1,0
7215,6,2,1
7215,7,0,0
7215,7,1,0
7215,7,2,1
7216,1,0,0
7216,2,1,0
7216,3,0,0
7216,3,1,0
7216,4,2,1
7216,5,0,0
7216,5,2,1
7216,6,1,0
7216,6,2,1
7216,7,0,0
7216,7,1,0
7216,7,2,1
7217,1,0,0
7217,2,1,0
7217,3,0,0
7217,3,1,0
7217,4,2,1
7217,5,0,0
7217,5,2,1
7217,6,1,0
7217,6,2,1
7217,7,0,0
7217,7,1,0
7217,7,2,1
7218,1,0,1
7218,2,1,0
7218,3,0,1
7218,3,1,0
7218,4,2,1
7218,5,0,1
7218,5,2,1
7218,6,1,0
7218,6,2,1
7218,7,0,1
7218,7,1,0
7218,7,2,1
7219,1,0,1
7219,2,1,0
7219,3,0,1
7219,3,1,0
7219,4,2,1
7219,5,0,1
7219,5,2,1
7219,6,1,0
7219,6,2,1
7219,7,0,1
7219,7,1,0
7219,7,2,1
7220,1,0,0
7220,2,1,0
7220,3,0,0
7220,3,1,0
7220,4,2,1
7220,5,0,0
7220,5,2,1
7220,6,1,0
7220,6,2,1
7220,7,0,0
7220,7,1,0
7220,7,2,1
7221,1,0,0
7221,2,1,0
7221,3,0,0
7221,3,1,0
7221,4,2,1
7221,5,0,0
7221,5,2,1
7221,6,1,0
7221,6,2,1
7221,7,0,0
7221,7,1,0
7221,7,2,1
7222,1,0,0
7222,2,1,0
7222,3,0,0
7222,3,1,0
7222,4,2,1
7222,5,0,0
7222,5,2,1
7222,6,1,0
7222,6,2,1
7222,7,0,0
7222,7,1,0
7222,7,2,1
7223,1,0,0
7223,2,1,0
7223,3,0,0
7223,3,1,0
7223,4,2,1
7223,5,0,0
7223,5,2,1
7223,6,1,0
7223,6,2,1
7223,7,0,0
7223,7,1,0
7223,7,2,1
7224,1,0,0
7224,2,1,0
7224,3,0,0
7224,3,1,0
7224,4,2,1
7224,5,0,0
7224,5,2,1
7224,6,1,0
7224,6,2,1
7224,7,0,0
7224,7,1,0
7224,7,2,1
7225,1,0,0
7225,2,1,0
7225,3,0,0
7225,3,1,0
7225,4,2,1
7225,5,0,0
7225,5,2,1
7225,6,1,0
7225,6,2,1
7225,7,0,0
7225,7,1,0
7225,7,2,1
7226,1,0,0
7226,2,1,0
7226,3,0,0
7226,3,1,0
7226,4,2,1
7226,5,0,0
7226,5,2,1
7226,6,1,0
7226,6,2,1
7226,7,0,0
7226,7,1,0
7226,7,2,1
7227,1,0,1
7227,2,1,0
7227,3,0,1
7227,3,1,0
7227,4,2,1
7227,5,0,1
7227,5,2,1
7227,6,1,0
7227,6,2,1
7227,7,0,1
7227,7,1,0
7227,7,2,1
7228,1,0,1
7228,2,1,0
7228,3,0,1
7228,3,1,0
7228,4,2,1
7228,5,0,1
7228,5,2,1
7228,6,1,0
7228,6,2,1
7228,7,0,1
7228,7,1,0
7228,7,2,1
7229,1,0,0
7229,2,1,0
7229,3,0,0
7229,3,1,0
7229,4,2,1
7229,5,0,0
7229,5,2,1
7229,6,1,0
7229,6,2,1
7229,7,0,0
7229,7,1,0
7229,7,2,1
7230,1,0,0
7230,2,1,0
7230,3,0,0
7230,3,1,0
7230,4,2,1
7230,5,0,0
7230,5,2,1
7230,6,1,0
7230,6,2,1
7230,7,0,0
7230,7,1,0
7230,7,2,1
7231,1,0,0
7231,2,1,0
7231,3,0,0
7231,3,1,0
7231,4,2,1
7231,5,0,0
7231,5,2,1
7231,6,1,0
7231,6,2,1
7231,7,0,0
7231,7,1,0
7231,7,2,1
7232,1,0,0
7232,2,1,0
7232,3,0,0
7232,3,1,0
7232,4,2,1
7232,5,0,0
7232,5,2,1
7232,6,1,0
7232,6,2,1
7232,7,0,0
7232,7,1,0
7232,7,2,1
7233,1,0,0
7233,2,1,0
7233,3,0,0
7233,3,1,0
7233,4,2,1
7233,5,0,0
7233,5,2,1
7233,6,1,0
7233,6,2,1
7233,7,0,0
7233,7,1,0
7233,7,2,1
7234,1,0,0
7234,2,1,0
7234,3,0,0
7234,3,1,0
7234,4,2,1
7234,5,0,0
7234,5,2,1
7234,6,1,0
7234,6,2,1
7234,7,0,0
7234,7,1,0
7234,7,2,1
7235,1,0,0
7235,2,1,0
7235,3,0,0
7235,3,1,0
7235,4,2,1
7235,5,0,0
7235,5,2,1
7235,6,1,0
7235,6,2,1
7235,7,0,0
7235,7,1,0
7235,7,2,1
7236,1,0,1
7236,2,1,0
7236,3,0,1
7236,3,1,0
7236,4,2,1
7236,5,0,1
7236,5,2,1
7236,6,1,0
7236,6,2,1
7236,7,0,1
7236,7,1,0
7236,7,2,1
7237,1,0,1
7237,2,1,0
7237,3,0,1
7237,3,1,0
7237,4,2,1
7237,5,0,1
7237,5,2,1
7237,6,1,0
7237,6,2,1
7237,7,0,1
7237,7,1,0
7237,7,2,1
7238,1,0,0
7238,2,1,0
7238,3,0,0
7238,3,1,0
7238,4,2,1
7238,5,0,0
7238,5,2,1
7238,6,1,0
7238,6,2,1
7238,7,0,0
7238,7,1,0
7238,7,2,1
7239,1,0,0
7239,2,1,0
7239,3,0,0
7239,3,1,0
7239,4,2,1
7239,5,0,0
7239,5,2,1
7239,6,1,0
7239,6,2,1
7239,7,0,0
7239,7,1,0
7239,7,2,1
7240,1,0,0
7240,2,1,0
7240,3,0,0
7240,3,1,0
7240,4,2,1
7240,5,0,0
7240,5,2,1
7240,6,1,0
7240,6,2,1
7240,7,0,0
7240,7,1,0
7240,7,2,1
7241,1,0,0
7241,2,1,0
7241,3,0,0
7241,3,1,0
7241,4,2,1
7241,5,0,0
7241,5,2,1
7241,6,1,0
7241,6,2,1
7241,7,0,0
7241,7,1,0
7241,7,2,1
7242,1,0,0
7242,2,1,0
7242,3,0,0
7242,3,1,0
7242,4,2,1
7242,5,0,0
7242,5,2,1
7242,6,1,0
7242,6,2,1
7242,7,0,0
7242,7,1,0
7242,7,2,1
7243,1,0,0
7243,2,1,0
7243,3,0,0
7243,3,1,0
7243,4,2,1
7243,5,0,0
7243,5,2,1
7243,6,1,0
7243,6,2,1
7243,7,0,0
7243,7,1,0
7243,7,2,1
7244,1,0,0
7244,2,1,0
7244,3,0,0
7244,3,1,0
7244,4,2,1
7244,5,0,0
7244,5,2,1
7244,6,1,0
7244,6,2,1
7244,7,0,0
7244,7,1,0
7244,7,2,1
7245,1,0,1
7245,2,1,0
7245,3,0,1
7245,3,1,0
7245,4,2,1
7245,5,0,1
7245,5,2,1
7245,6,1,0
7245,6,2,1
7245,7,0,1
7245,7,1,0
7245,7,2,1
7246,1,0,1
7246,2,1,0
7246,3,0,1
7246,3,1,0
7246,4,2,1
7246,5,0,1
7246,5,2,1
7246,6,1,0
7246,6,2,1
7246,7,0,1
7246,7,1,0
7246,7,2,1
7247,1,0,0
7247,2,1,0
7247,3,0,0
7247,3,1,0
7247,4,2,1
7247,5,0,0
7247,5,2,1
7247,6,1,0
7247,6,2,1
7247,7,0,0
7247,7,1,0
7247,7,2,1
7248,1,0,0
7248,2,1,0
7248,3,0,0
7248,3,1,0
7248,4,2,1
7248,5,0,0
7248,5,2,1
7248,6,1,0
7248,6,2,1
7248,7,0,0
7248,7,1,0
7248,7,2,1
7249,1,0,0
7249,2,1,0
7249,3,0,0
7249,3,1,0
7249,4,2,1
7249,5,0,0
7249,5,2,1
7249,6,1,0
7249,6,2,1
7249,7,0,0
7249,7,1,0
7249,7,2,1
7250,1,0,0
7250,2,1,0
7250,3,0,0
7250,3,1,0
7250,4,2,1
7250,5,0,0
7250,5,2,1
7250,6,1,0
7250,6,2,1
7250,7,0,0
7250,7,1,0
7250,7,2,1
7251,1,0,0
7251,2,1,0
7251,3,0,0
7251,3,1,0
7251,4,2,1
7251,5,0,0
7251,5,2,1
7251,6,1,0
7251,6,2,1
7251,7,0,0
7251,7,1,0
7251,7,2,1
7252,1,0,0
7252,2,1,0
7252,3,0,0
7252,3,1,0
7252,4,2,1
7252,5,0,0
7252,5,2,1
7252,6,1,0
7252,6,2,1
7252,7,0,0
7252,7,1,0
7252,7,2,1
7253,1,0,0
7253,2,1,0
7253,3,0,0
7253,3,1,0
7253,4,2,1
7253,5,0,0
7253,5,2,1
7253,6,1,0
7253,6,2,1
7253,7,0,0
7253,7,1,0
7253,7,2,1
7254,1,0,1
7254,2,1,0
7254,3,0,1
7254,3,1,0
7254,4,2,1
7254,5,0,1
7254,5,2,1
7254,6,1,0
7254,6,2,1
7254,7,0,1
7254,7,1,0
7254,7,2,1
7255,1,0,1
7255,2,1,0
7255,3,0,1
7255,3,1,0
7255,4,2,1
7255,5,0,1
7255,5,2,1
7255,6,1,0
7255,6,2,1
7255,7,0,1
7255,7,1,0
7255,7,2,1
7256,1,0,0
7256,2,1,0
7256,3,0,0
7256,3,1,0
7256,4,2,1
7256,5,0,0
7256,5,2,1
7256,6,1,0
7256,6,2,1
7256,7,0,0
7256,7,1,0
7256,7,2,1
7257,1,0,0
7257,2,1,0
7257,3,0,0
7257,3,1,0
7257,4,2,1
7257,5,0,0
7257,5,2,1
7257,6,1,0
7257,6,2,1
7257,7,0,0
7257,7,1,0
7257,7,2,1
7258,1,0,0
7258,2,1,0
7258,3,0,0
7258,3,1,0
7258,4,2,1
7258,5,0,0
7258,5,2,1
7258,6,1,0
7258,6,2,1
7258,7,0,0
7258,7,1,0
7258,7,2,1
7259,1,0,0
7259,2,1,0
7259,3,0,0
7259,3,1,0
7259,4,2,1
7259,5,0,0
7259,5,2,1
7259,6,1,0
7259,6,2,1
7259,7,0,0
7259,7,1,0
7259,7,2,1
7260,1,0,0
7260,2,1,0
7260,3,0,0
7260,3,1,0
7260,4,2,1
7260,5,0,0
7260,5,2,1
7260,6,1,0
7260,6,2,1
7260,7,0,0
7260,7,1,0
7260,7,2,1
7261,1,0,0
7261,2,1,0
7261,3,0,0
7261,3,1,0
7261,4,2,1
7261,5,0,0
7261,5,2,1
7261,6,1,0
7261,6,2,1
7261,7,0,0
7261,7,1,0
7261,7,2,1
7262,1,0,0
7262,2,1,0
7262,3,0,0
7262,3,1,0
7262,4,2,1
7262,5,0,0
7262,5,2,1
7262,6,1,0
7262,6,2,1
7262,7,0,0
7262,7,1,0
7262,7,2,1
7263,1,0,1
7263,2,1,0
7263,3,0,1
7263,3,1,0
7263,4,2,1
7263,5,0,1
7263,5,2,1
7263,6,1,0
7263,6,2,1
7263,7,0,1
7263,7,1,0
7263,7,2,1
7264,1,0,1
7264,2,1,0
7264,3,0,1
7264,3,1,0
7264,4,2,1
7264,5,0,1
7264,5,2,1
7264,6,1,0
7264,6,2,1
7264,7,0,1
7264,7,1,0
7264,7,2,1
7265,1,0,0
7265,2,1,0
7265,3,0,0
7265,3,1,0
7265,4,2,1
7265,5,0,0
7265,5,2,1
7265,6,1,0
7265,6,2,1
7265,7,0,0
7265,7,1,0
7265,7,2,1
7266,1,0,0
7266,2,1,0
7266,3,0,0
7266,3,1,0
7266,4,2,1
7266,5,0,0
7266,5,2,1
7266,6,1,0
7266,6,2,1
7266,7,0,0
7266,7,1,0
7266,7,2,1
7267,1,0,0
7267,2,1,0
7267,3,0,0
7267,3,1,0
7267,4,2,1
7267,5,0,0
7267,5,2,1
7267,6,1,0
7267,6,2,1
7267,7,0,0
7267,7,1,0
7267,7,2,1
7268,1,0,0
7268,2,1,0
7268,3,0,0
7268,3,1,0
7268,4,2,1
7268,5,0,0
7268,5,2,1
7268,6,1,0
7268,6,2,1
7268,7,0,0
7268,7,1,0
7268,7,2,1
7269,1,0,0
7269,2,1,0
7269,3,0,0
7269,3,1,0
7269,4,2,1
7269,5,0,0
7269,5,2,1
7269,6,1,0
7269,6,2,1
7269,7,0,0
7269,7,1,0
7269,7,2,1
7270,1,0,0
7270,2,1,0
7270,3,0,0
7270,3,1,0
7270,4,2,1
7270,5,0,0
7270,5,2,1
7270,6,1,0
7270,6,2,1
7270,7,0,0
7270,7,1,0
7270,7,2,1
7271,1,0,0
7271,2,1,0
7271,3,0,0
7271,3,1,0
7271,4,2,1
7271,5,0,0
7271,5,2,1
7271,6,1,0
7271,6,2,1
7271,7,0,0
7271,7,1,0
7271,7,2,1
7272,1,0,1
7272,2,1,0
7272,3,0,1
7272,3,1,0
7272,4,2,1
7272,5,0,1
7272,5,2,1
7272,6,1,0
7272,6,2,1
7272,7,0,1
7272,7,1,0
7272,7,2,1
7273,1,0,1
7273,2,1,0
7273,3,0,1
7273,3,1,0
7273,4,2,1
7273,5,0,1
7273,5,2,1
7273,6,1,0
7273,6,2,1
7273,7,0,1
7273,7,1,0
7273,7,2,1
7274,1,0,0
7274,2,1,0
7274,3,0,0
7274,3,1,0
7274,4,2,1
7274,5,0,0
7274,5,2,1
7274,6,1,0
7274,6,2,1
7274,7,0,0
7274,7,1,0
7274,7,2,1
7275,1,0,0
7275,2,1,0
7275,3,0,0
7275,3,1,0
7275,4,2,1
7275,5,0,0
7275,5,2,1
7275,6,1,0
7275,6,2,1
7275,7,0,0
7275,7,1,0
7275,7,2,1
7276,1,0,0
7276,2,1,0
7276,3,0,0
7276,3,1,0
7276,4,2,1
7276,5,0,0
7276,5,2,1
7276,6,1,0
7276,6,2,1
7276,7,0,0
7276,7,1,0
7276,7,2,1
7277,1,0,0
7277,2,1,0
7277,3,0,0
7277,3,1,0
7277,4,2,1
7277,5,0,0
7277,5,2,1
7277,6,1,0
7277,6,2,1
7277,7,0,0
7277,7,1,0
7277,7,2,1
7278,1,0,0
7278,2,1,0
7278,3,0,0
7278,3,1,0
7278,4,2,1
7278,5,0,0
7278,5,2,1
7278,6,1,0
7278,6,2,1
7278,7,0,0
7278,7,1,0
7278,7,2,1
7279,1,0,0
7279,2,1,0
7279,3,0,0
7279,3,1,0
7279,4,2,1
7279,5,0,0
7279,5,2,1
7279,6,1,0
7279,6,2,1
7279,7,0,0
7279,7,1,0
7279,7,2,1
7280,1,0,0
7280,2,1,0
7280,3,0,0
7280,3,1,0
7280,4,2,1
7280,5,0,0
7280,5,2,1
7280,6,1,0
7280,6,2,1
7280,7,0,0
7280,7,1,0
7280,7,2,1
7281,1,0,1
7281,2,1,0
7281,3,0,1
7281,3,1,0
7281,4,2,1
7281,5,0,1
7281,5,2,1
7281,6,1,0
7281,6,2,1
7281,7,0,1
7281,7,1,0
7281,7,2,1
7282,1,0,1
7282,2,1,0
7282,3,0,1
7282,3,1,0
7282,4,2,1
7282,5,0,1
7282,5,2,1
7282,6,1,0
7282,6,2,1
7282,7,0,1
7282,7,1,0
7282,7,2,1
7283,1,0,0
7283,2,1,0
7283,3,0,0
7283,3,1,0
7283,4,2,1
7283,5,0,0
7283,5,2,1
7283,6,1,0
7283,6,2,1
7283,7,0,0
7283,7,1,0
7283,7,2,1
7284,1,0,0
7284,2,1,0
7284,3,0,0
7284,3,1,0
7284,4,2,1
7284,5,0,0
7284,5,2,1
7284,6,1,0
7284,6,2,1
7284,7,0,0
7284,7,1,0
7284,7,2,1
7285,1,0,0
7285,2,1,0
7285,3,0,0
7285,3,1,0
7285,4,2,1
7285,5,0,0
7285,5,2,1
7285,6,1,0
7285,6,2,1
7285,7,0,0
7285,7,1,0
7285,7,2,1
7286,1,0,0
7286,2,1,0
7286,3,0,0
7286,3,1,0
7286,4,2,1
7286,5,0,0
7286,5,2,1
7286,6,1,0
7286,6,2,1
7286,7,0,0
7286,7,1,0
7286,7,2,1
7287,1,0,0
7287,2,1,0
7287,3,0,0
7287,3,1,0
7287,4,2,1
7287,5,0,0
7287,5,2,1
7287,6,1,0
7287,6,2,1
7287,7,0,0
7287,7,1,0
7287,7,2,1
7288,1,0,0
7288,2,1,0
7288,3,0,0
7288,3,1,0
7288,4,2,1
7288,5,0,0
7288,5,2,1
7288,6,1,0
7288,6,2,1
7288,7,0,0
7288,7,1,0
7288,7,2,1
7289,1,0,0
7289,2,1,0
7289,3,0,0
7289,3,1,0
7289,4,2,1
7289,5,0,0
7289,5,2,1
7289,6,1,0
7289,6,2,1
7289,7,0,0
7289,7,1,0
7289,7,2,1
7290,1,0,1
7290,2,1,1
7290,3,0,1
7290,3,1,1
7290,4,2,1
7290,5,0,1
7290,5,2,1
7290,6,1,1
7290,6,2,1
7290,7,0,1
7290,7,1,1
7290,7,2,1
7291,1,0,1
7291,2,1,1
7291,3,0,1
7291,3,1,1
7291,4,2,1
7291,5,0,1
7291,5,2,1
7291,6,1,1
7291,6,2,1
7291,7,0,1
7291,7,1,1
7291,7,2,1
7292,1,0,0
7292,2,1,1
7292,3,0,0
7292,3,1,1
7292,4,2,0
7292,5,0,0
7292,5,2,0
7292,6,1,1
7292,6,2,0
7292,7,0,0
7292,7,1,1
7292,7,2,0
7293,1,0,1
7293,2,1,1
7293,3,0,1
7293,3,1,1
7293,4,2,1
7293,5,0,1
7293,5,2,1
7293,6,1,1
7293,6,2,1
7293,7,0,1
7293,7,1,1
7293,7,2,1
7294,1,0,1
7294,2,1,1
7294,3,0,1
7294,3,1,1
7294,4,2,1
7294,5,0,1
7294,5,2,1
7294,6,1,1
7294,6,2,1
7294,7,0,1
7294,7,1,1
7294,7,2,1
7295,1,0,0
7295,2,1,1
7295,3,0,0
7295,3,1,1
7295,4,2,0
7295,5,0,0
7295,5,2,0
7295,6,1,1
7295,6,2,0
7295,7,0,0
7295,7,1,1
7295,7,2,0
7296,1,0,1
7296,2,1,1
7296,3,0,1
7296,3,1,1
7296,4,2,1
7296,5,0,1
7296,5,2,1
7296,6,1,1
7296,6,2,1
7296,7,0,1
7296,7,1,1
7296,7,2,1
7297,1,0,1
7297,2,1,1
7297,3,0,1
7297,3,1,1
7297,4,2,1
7297,5,0,1
7297,5,2,1
7297,6,1,1
7297,6,2,1
7297,7,0,1
7297,7,1,1
7297,7,2,1
7298,1,0,0
7298,2,1,1
7298,3,0,0
7298,3,1,1
7298,4,2,0
7298,5,0,0
7298,5,2,0
7298,6,1,1
7298,6,2,0
7298,7,0,0
7298,7,1,1
7298,7,2,0
7299,1,0,1
7299,2,1,1
7299,3,0,1
7299,3,1,1
7299,4,2,1
7299,5,0,1
7299,5,2,1
7299,6,1,1
7299,6,2,1
7299,7,0,1
7299,7,1,1
7299,7,2,1
7300,1,0,1
7300,2,1,1
7300,3,0,1
7300,3,1,1
7300,4,2,1
7300,5,0,1
7300,5,2,1
7300,6,1,1
7300,6,2,1
7300,7,0,1
7300,7,1,1
7300,7,2,1
7301,1,0,0
7301,2,1,1
7301,3,0,0
7301,3,1,1
7301,4,2,0
7301,5,0,0
7301,5,2,0
7301,6,1,1
7301,6,2,0
7301,7,0,0
7301,7,1,1
7301,7,2,0
7302,1,0,1
7302,2,1,1
7302,3,0,1
7302,3,1,1
7302,4,2,1
7302,5,0,1
7302,5,2,1
7302,6,1,1
7302,6,2,1
7302,7,0,1
7302,7,1,1
7302,7,2,1
7303,1,0,1
7303,2,1,1
7303,3,0,1
7303,3,1,1
7303,4,2,1
7303,5,0,1
7303,5,2,1
7303,6,1,1
7303,6,2,1
7303,7,0,1
7303,7,1,1
7303,7,2,1
7304,1,0,0
7304,2,1,1
7304,3,0,0
7304,3,1,1
7304,4,2,0
7304,5,0,0
7304,5,2,0
7304,6,1,1
7304,6,2,0
7304,7,0,0
7304,7,1,1
7304,7,2,0
7305,1,0,1
7305,2,1,1
7305,3,0,1
7305,3,1,1
7305,4,2,1
7305,5,0,1
7305,5,2,1
7305,6,1,1
7305,6,2,1
7305,7,0,1
7305,7,1,1
7305,7,2,1
7306,1,0,1
7306,2,1,1
7306,3,0,1
7306,3,1,1
7306,4,2,1
7306,5,0,1
7306,5,2,1
7306,6,1,1
7306,6,2,1
7306,7,0,1
7306,7,1,1
7306,7,2,1
7307,1,0,0
7307,2,1,1
7307,3,0,0
7307,3,1,1
7307,4,2,0
7307,5,0,0
7307,5,2,0
7307,6,1,1
7307,6,2,0
7307,7,0,0
7307,7,1,1
7307,7,2,0
7308,1,0,0
7308,2,1,1
7308,3,0,0
7308,3,1,1
7308,4,2,0
7308,5,0,0
7308,5,2,0
7308,6,1,1
7308,6,2,0
7308,7,0,0
7308,7,1,1
7308,7,2,0
7309,1,0,0
7309,2,1,1
7309,3,0,0
7309,3,1,1
7309,4,2,0
7309,5,0,0
7309,5,2,0
7309,6,1,1
7309,6,2,0
7309,7,0,0
7309,7,1,1
7309,7,2,0
7310,1,0,0
7310,2,1,1
7310,3,0,0
7310,3,1,1
7310,4,2,0
7310,5,0,0
7310,5,2,0
7310,6,1,1
7310,6,2,0
7310,7,0,0
7310,7,1,1
7310,7,2,0
7311,1,0,0
7311,2,1,1
7311,3,0,0
7311,3,1,1
7311,4,2,0
7311,5,0,0
7311,5,2,0
7311,6,1,1
7311,6,2,0
7311,7,0,0
7311,7,1,1
7311,7,2,0
7312,1,0,0
7312,2,1,1
7312,3,0,0
7312,3,1,1
7312,4,2,0
7312,5,0,0
7312,5,2,0
7312,6,1,1
7312,6,2,0
7312,7,0,0
7312,7,1,1
7312,7,2,0
7313,1,0,0
7313,2,1,1
7313,3,0,0
7313,3,1,1
7313,4,2,0
7313,5,0,0
7313,5,2,0
7313,6,1,1
7313,6,2,0
7313,7,0,0
7313,7,1,1
7313,7,2,0
7314,1,0,0
7314,2,1,1
7314,3,0,0
7314,3,1,1
7314,4,2,0
7314,5,0,0
7314,5,2,0
7314,6,1,1
7314,6,2,0
7314,7,0,0
7314,7,1,1
7314,7,2,0
7315,1,0,0
7315,2,1,1
7315,3,0,0
7315,3,1,1
7315,4,2,0
7315,5,0,0
7315,5,2,0
7315,6,1,1
7315,6,2,0
7315,7,0,0
7315,7,1,1
7315,7,2,0
7316,1,0,0
7316,2,1,1
7316,3,0,0
7316,3,1,1
7316,4,2,0
7316,5,0,0
7316,5,2,0
7316,6,1,1
7316,6,2,0
7316,7,0,0
7316,7,1,1
7316,7,2,0
7317,1,0,1
7317,2,1,1
7317,3,0,1
7317,3,1,1
7317,4,2,1
7317,5,0,1
7317,5,2,1
7317,6,1,1
7317,6,2,1
7317,7,0,1
7317,7,1,1
7317,7,2,1
7318,1,0,1
7318,2,1,1
7318,3,0,1
7318,3,1,1
7318,4,2,1
7318,5,0,1
7318,5,2,1
7318,6,1,1
7318,6,2,1
7318,7,0,1
7318,7,1,1
7318,7,2,1
7319,1,0,0
7319,2,1,0
7319,3,0,0
7319,3,1,0
7319,4,2,0
7319,5,0,0
7319,5,2,0
7319,6,1,0
7319,6,2,0
7319,7,0,0
7319,7,1,0
7319,7,2,0
7320,1,0,1
7320,2,1,1
7320,3,0,1
7320,3,1,1
7320,4,2,1
7320,5,0,1
7320,5,2,1
7320,6,1,1
7320,6,2,1
7320,7,0,1
7320,7,1,1
7320,7,2,1
7321,1,0,1
7321,2,1,1
7321,3,0,1
7321,3,1,1
7321,4,2,1
7321,5,0,1
7321,5,2,1
7321,6,1,1
7321,6,2,1
7321,7,0,1
7321,7,1,1
7321,7,2,1
7322,1,0,0
7322,2,1,0
7322,3,0,0
7322,3,1,0
7322,4,2,0
7322,5,0,0
7322,5,2,0
7322,6,1,0
7322,6,2,0
7322,7,0,0
7322,7,1,0
7322,7,2,0
7323,1,0,0
7323,2,1,0
7323,3,0,0
7323,3,1,0
7323,4,2,0
7323,5,0,0
7323,5,2,0
7323,6,1,0
7323,6,2,0
7323,7,0,0
7323,7,1,0
7323,7,2,0
7324,1,0,0
7324,2,1,0
7324,3,0,0
7324,3,1,0
7324,4,2,0
7324,5,0,0
7324,5,2,0
7324,6,1,0
7324,6,2,0
7324,7,0,0
7324,7,1,0
7324,7,2,0
7325,1,0,0
7325,2,1,0
7325,3,0,0
7325,3,1,0
7325,4,2,0
7325,5,0,0
7325,5,2,0
7325,6,1,0
7325,6,2,0
7325,7,0,0
7325,7,1,0
7325,7,2,0
7326,1,0,1
7326,2,1,1
7326,3,0,1
7326,3,1,1
7326,4,2,1
7326,5,0,1
7326,5,2,1
7326,6,1,1
7326,6,2,1
7326,7,0,1
7326,7,1,1
7326,7,2,1
7327,1,0,1
7327,2,1,1
7327,3,0,1
7327,3,1,1
7327,4,2,1
7327,5,0,1
7327,5,2,1
7327,6,1,1
7327,6,2,1
7327,7,0,1
7327,7,1,1
7327,7,2,1
7328,1,0,0
7328,2,1,0
7328,3,0,0
7328,3,1,0
7328,4,2,0
7328,5,0,0
7328,5,2,0
7328,6,1,0
7328,6,2,0
7328,7,0,0
7328,7,1,0
7328,7,2,0
7329,1,0,1
7329,2,1,1
7329,3,0,1
7329,3,1,1
7329,4,2,1
7329,5,0,1
7329,5,2,1
7329,6,1,1
7329,6,2,1
7329,7,0,1
7329,7,1,1
7329,7,2,1
7330,1,0,1
7330,2,1,1
7330,3,0,1
7330,3,1,1
7330,4,2,1
7330,5,0,1
7330,5,2,1
7330,6,1,1
7330,6,2,1
7330,7,0,1
7330,7,1,1
7330,7,2,1
7331,1,0,0
7331,2,1,0
7331,3,0,0
7331,3,1,0
7331,4,2,0
7331,5,0,0
7331,5,2,0
7331,6,1,0
7331,6,2,0
7331,7,0,0
7331,7,1,0
7331,7,2,0
7332,1,0,0
7332,2,1,0
7332,3,0,0
7332,3,1,0
7332,4,2,0
7332,5,0,0
7332,5,2,0
7332,6,1,0
7332,6,2,0
7332,7,0,0
7332,7,1,0
7332,7,2,0
7333,1,0,0
7333,2,1,0
7333,3,0,0
7333,3,1,0
7333,4,2,0
7333,5,0,0
7333,5,2,0
7333,6,1,0
7333,6,2,0
7333,7,0,0
7333,7,1,0
7333,7,2,0
7334,1,0,0
7334,2,1,0
7334,3,0,0
7334,3,1,0
7334,4,2,0
7334,5,0,0
7334,5,2,0
7334,6,1,0
7334,6,2,0
7334,7,0,0
7334,7,1,0
7334,7,2,0
7335,1,0,0
7335,2,1,0
7335,3,0,0
7335,3,1,0
7335,4,2,0
7335,5,0,0
7335,5,2,0
7335,6,1,0
7335,6,2,0
7335,7,0,0
7335,7,1,0
7335,7,2,0
7336,1,0,0
7336,2,1,0
7336,3,0,0
7336,3,1,0
7336,4,2,0
7336,5,0,0
7336,5,2,0
7336,6,1,0
7336,6,2,0
7336,7,0,0
7336,7,1,0
7336,7,2,0
7337,1,0,0
7337,2,1,0
7337,3,0,0
7337,3,1,0
7337,4,2,0
7337,5,0,0
7337,5,2,0
7337,6,1,0
7337,6,2,0
7337,7,0,0
7337,7,1,0
7337,7,2,0
7338,1,0,0
7338,2,1,0
7338,3,0,0
7338,3,1,0
7338,4,2,0
7338,5,0,0
7338,5,2,0
7338,6,1,0
7338,6,2,0
7338,7,0,0
7338,7,1,0
7338,7,2,0
7339,1,0,0
7339,2,1,0
7339,3,0,0
7339,3,1,0
7339,4,2,0
7339,5,0,0
7339,5,2,0
7339,6,1,0
7339,6,2,0
7339,7,0,0
7339,7,1,0
7339,7,2,0
7340,1,0,0
7340,2,1,0
7340,3,0,0
7340,3,1,0
7340,4,2,0
7340,5,0,0
7340,5,2,0
7340,6,1,0
7340,6,2,0
7340,7,0,0
7340,7,1,0
7340,7,2,0
7341,1,0,0
7341,2,1,0
7341,3,0,0
7341,3,1,0
7341,4,2,0
7341,5,0,0
7341,5,2,0
7341,6,1,0
7341,6,2,0
7341,7,0,0
7341,7,1,0
7341,7,2,0
7342,1,0,0
7342,2,1,0
7342,3,0,0
7342,3,1,0
7342,4,2,0
7342,5,0,0
7342,5,2,0
7342,6,1,0
7342,6,2,0
7342,7,0,0
7342,7,1,0
7342,7,2,0
7343,1,0,0
7343,2,1,0
7343,3,0,0
7343,3,1,0
7343,4,2,0
7343,5,0,0
7343,5,2,0
7343,6,1,0
7343,6,2,0
7343,7,0,0
7343,7,1,0
7343,7,2,0
7344,1,0,1
7344,2,1,1
7344,3,0,1
7344,3,1,1
7344,4,2,1
7344,5,0,1
7344,5,2,1
7344,6,1,1
7344,6,2,1
7344,7,0,1
7344,7,1,1
7344,7,2,1
7345,1,0,1
7345,2,1,1
7345,3,0,1
7345,3,1,1
7345,4,2,1
7345,5,0,1
7345,5,2,1
7345,6,1,1
7345,6,2,1
7345,7,0,1
7345,7,1,1
7345,7,2,1
7346,1,0,0
7346,2,1,0
7346,3,0,0
7346,3,1,0
7346,4,2,0
7346,5,0,0
7346,5,2,0
7346,6,1,0
7346,6,2,0
7346,7,0,0
7346,7,1,0
7346,7,2,0
7347,1,0,0
7347,2,1,0
7347,3,0,0
7347,3,1,0
7347,4,2,0
7347,5,0,0
7347,5,2,0
7347,6,1,0
7347,6,2,0
7347,7,0,0
7347,7,1,0
7347,7,2,0
7348,1,0,0
7348,2,1,0
7348,3,0,0
7348,3,1,0
7348,4,2,0
7348,5,0,0
7348,5,2,0
7348,6,1,0
7348,6,2,0
7348,7,0,0
7348,7,1,0
7348,7,2,0
7349,1,0,0
7349,2,1,0
7349,3,0,0
7349,3,1,0
7349,4,2,0
7349,5,0,0
7349,5,2,0
7349,6,1,0
7349,6,2,0
7349,7,0,0
7349,7,1,0
7349,7,2,0
7350,1,0,0
7350,2,1,0
7350,3,0,0
7350,3,1,0
7350,4,2,0
7350,5,0,0
7350,5,2,0
7350,6,1,0
7350,6,2,0
7350,7,0,0
7350,7,1,0
7350,7,2,0
7351,1,0,0
7351,2,1,0
7351,3,0,0
7351,3,1,0
7351,4,2,0
7351,5,0,0
7351,5,2,0
7351,6,1,0
7351,6,2,0
7351,7,0,0
7351,7,1,0
7351,7,2,0
7352,1,0,0
7352,2,1,0
7352,3,0,0
7352,3,1,0
7352,4,2,0
7352,5,0,0
7352,5,2,0
7352,6,1,0
7352,6,2,0
7352,7,0,0
7352,7,1,0
7352,7,2,0
7353,1,0,1
7353,2,1,1
7353,3,0,1
7353,3,1,1
7353,4,2,1
7353,5,0,1
7353,5,2,1
7353,6,1,1
7353,6,2,1
7353,7,0,1
7353,7,1,1
7353,7,2,1
7354,1,0,1
7354,2,1,1
7354,3,0,1
7354,3,1,1
7354,4,2,1
7354,5,0,1
7354,5,2,1
7354,6,1,1
7354,6,2,1
7354,7,0,1
7354,7,1,1
7354,7,2,1
7355,1,0,0
7355,2,1,0
7355,3,0,0
7355,3,1,0
7355,4,2,0
7355,5,0,0
7355,5,2,0
7355,6,1,0
7355,6,2,0
7355,7,0,0
7355,7,1,0
7355,7,2,0
7356,1,0,0
7356,2,1,0
7356,3,0,0
7356,3,1,0
7356,4,2,0
7356,5,0,0
7356,5,2,0
7356,6,1,0
7356,6,2,0
7356,7,0,0
7356,7,1,0
7356,7,2,0
7357,1,0,0
7357,2,1,0
7357,3,0,0
7357,3,1,0
7357,4,2,0
7357,5,0,0
7357,5,2,0
7357,6,1,0
7357,6,2,0
7357,7,0,0
7357,7,1,0
7357,7,2,0
7358,1,0,0
7358,2,1,0
7358,3,0,0
7358,3,1,0
7358,4,2,0
7358,5,0,0
7358,5,2,0
7358,6,1,0
7358,6,2,0
7358,7,0,0
7358,7,1,0
7358,7,2,0
7359,1,0,0
7359,2,1,0
7359,3,0,0
7359,3,1,0
7359,4,2,0
7359,5,0,0
7359,5,2,0
7359,6,1,0
7359,6,2,0
7359,7,0,0
7359,7,1,0
7359,7,2,0
7360,1,0,0
7360,2,1,0
7360,3,0,0
7360,3,1,0
7360,4,2,0
7360,5,0,0
7360,5,2,0
7360,6,1,0
7360,6,2,0
7360,7,0,0
7360,7,1,0
7360,7,2,0
7361,1,0,0
7361,2,1,0
7361,3,0,0
7361,3,1,0
7361,4,2,0
7361,5,0,0
7361,5,2,0
7361,6,1,0
7361,6,2,0
7361,7,0,0
7361,7,1,0
7361,7,2,0
7362,1,0,0
7362,2,1,0
7362,3,0,0
7362,3,1,0
7362,4,2,0
7362,5,0,0
7362,5,2,0
7362,6,1,0
7362,6,2,0
7362,7,0,0
7362,7,1,0
7362,7,2,0
7363,1,0,0
7363,2,1,0
7363,3,0,0
7363,3,1,0
7363,4,2,0
7363,5,0,0
7363,5,2,0
7363,6,1,0
7363,6,2,0
7363,7,0,0
7363,7,1,0
7363,7,2,0
7364,1,0,0
7364,2,1,0
7364,3,0,0
7364,3,1,0
7364,4,2,0
7364,5,0,0
7364,5,2,0
7364,6,1,0
7364,6,2,0
7364,7,0,0
7364,7,1,0
7364,7,2,0
7365,1,0,0
7365,2,1,0
7365,3,0,0
7365,3,1,0
7365,4,2,0
7365,5,0,0
7365,5,2,0
7365,6,1,0
7365,6,2,0
7365,7,0,0
7365,7,1,0
7365,7,2,0
7366,1,0,0
7366,2,1,0
7366,3,0,0
7366,3,1,0
7366,4,2,0
7366,5,0,0
7366,5,2,0
7366,6,1,0
7366,6,2,0
7366,7,0,0
7366,7,1,0
7366,7,2,0
7367,1,0,0
7367,2,1,0
7367,3,0,0
7367,3,1,0
7367,4,2,0
7367,5,0,0
7367,5,2,0
7367,6,1,0
7367,6,2,0
7367,7,0,0
7367,7,1,0
7367,7,2,0
7368,1,0,0
7368,2,1,0
7368,3,0,0
7368,3,1,0
7368,4,2,0
7368,5,0,0
7368,5,2,0
7368,6,1,0
7368,6,2,0
7368,7,0,0
7368,7,1,0
7368,7,2,0
7369,1,0,0
7369,2,1,0
7369,3,0,0
7369,3,1,0
7369,4,2,0
7369,5,0,0
7369,5,2,0
7369,6,1,0
7369,6,2,0
7369,7,0,0
7369,7,1,0
7369,7,2,0
7370,1,0,0
7370,2,1,0
7370,3,0,0
7370,3,1,0
7370,4,2,0
7370,5,0,0
7370,5,2,0
7370,6,1,0
7370,6,2,0
7370,7,0,0
7370,7,1,0
7370,7,2,0
7371,1,0,1
7371,2,1,1
7371,3,0,1
7371,3,1,1
7371,4,2,1
7371,5,0,1
7371,5,2,1
7371,6,1,1
7371,6,2,1
7371,7,0,1
7371,7,1,1
7371,7,2,1
7372,1,0,1
7372,2,1,1
7372,3,0,1
7372,3,1,1
7372,4,2,1
7372,5,0,1
7372,5,2,1
7372,6,1,1
7372,6,2,1
7372,7,0,1
7372,7,1,1
7372,7,2,1
7373,1,0,0
7373,2,1,1
7373,3,0,0
7373,3,1,1
7373,4,2,0
7373,5,0,0
7373,5,2,0
7373,6,1,1
7373,6,2,0
7373,7,0,0
7373,7,1,1
7373,7,2,0
7374,1,0,1
7374,2,1,1
7374,3,0,1
7374,3,1,1
7374,4,2,1
7374,5,0,1
7374,5,2,1
7374,6,1,1
7374,6,2,1
7374,7,0,1
7374,7,1,1
7374,7,2,1
7375,1,0,1
7375,2,1,1
7375,3,0,1
7375,3,1,1
7375,4,2,1
7375,5,0,1
7375,5,2,1
7375,6,1,1
7375,6,2,1
7375,7,0,1
7375,7,1,1
7375,7,2,1
7376,1,0,0
7376,2,1,1
7376,3,0,0
7376,3,1,1
7376,4,2,0
7376,5,0,0
7376,5,2,0
7376,6,1,1
7376,6,2,0
7376,7,0,0
7376,7,1,1
7376,7,2,0
7377,1,0,1
7377,2,1,1
7377,3,0,1
7377,3,1,1
7377,4,2,1
7377,5,0,1
7377,5,2,1
7377,6,1,1
7377,6,2,1
7377,7,0,1
7377,7,1,1
7377,7,2,1
7378,1,0,1
7378,2,1,1
7378,3,0,1
7378,3,1,1
7378,4,2,1
7378,5,0,1
7378,5,2,1
7378,6,1,1
7378,6,2,1
7378,7,0,1
7378,7,1,1
7378,7,2,1
7379,1,0,0
7379,2,1,1
7379,3,0,0
7379,3,1,1
7379,4,2,0
7379,5,0,0
7379,5,2,0
7379,6,1,1
7379,6,2,0
7379,7,0,0
7379,7,1,1
7379,7,2,0
7380,1,0,1
7380,2,1,1
7380,3,0,1
7380,3,1,1
7380,4,2,1
7380,5,0,1
7380,5,2,1
7380,6,1,1
7380,6,2,1
7380,7,0,1
7380,7,1,1
7380,7,2,1
7381,1,0,1
7381,2,1,1
7381,3,0,1
7381,3,1,1
7381,4,2,1
7381,5,0,1
7381,5,2,1
7381,6,1,1
7381,6,2,1
7381,7,0,1
7381,7,1,1
7381,7,2,1
7382,1,0,0
7382,2,1,1
7382,3,0,0
7382,3,1,1
7382,4,2,0
7382,5,0,0
7382,5,2,0
7382,6,1,1
7382,6,2,0
7382,7,0,0
7382,7,1,1
7382,7,2,0
7383,1,0,1
7383,2,1,1
7383,3,0,1
7383,3,1,1
7383,4,2,1
7383,5,0,1
7383,5,2,1
7383,6,1,1
7383,6,2,1
7383,7,0,1
7383,7,1,1
7383,7,2,1
7384,1,0,1
7384,2,1,1
7384,3,0,1
7384,3,1,1
7384,4,2,1
7384,5,0,1
7384,5,2,1
7384,6,1,1
7384,6,2,1
7384,7,0,1
7384,7,1,1
7384,7,2,1
7385,1,0,0
7385,2,1,1
7385,3,0,0
7385,3,1,1
7385,4,2,0
7385,5,0,0
7385,5,2,0
7385,6,1,1
7385,6,2,0
7385,7,0,0
7385,7,1,1
7385,7,2,0
7386,1,0,1
7386,2,1,1
7386,3,0,1
7386,3,1,1
7386,4,2,1
7386,5,0,1
7386,5,2,1
7386,6,1,1
7386,6,2,1
7386,7,0,1
7386,7,1,1
7386,7,2,1
7387,1,0,1
7387,2,1,1
7387,3,0,1
7387,3,1,1
7387,4,2,1
7387,5,0,1
7387,5,2,1
7387,6,1,1
7387,6,2,1
7387,7,0,1
7387,7,1,1
7387,7,2,1
7388,1,0,0
7388,2,1,1
7388,3,0,0
7388,3,1,1
7388,4,2,0
7388,5,0,0
7388,5,2,0
7388,6,1,1
7388,6,2,0
7388,7,0,0
7388,7,1,1
7388,7,2,0
7389,1,0,0
7389,2,1,1
7389,3,0,0
7389,3,1,1
7389,4,2,0
7389,5,0,0
7389,5,2,0
7389,6,1,1
7389,6,2,0
7389,7,0,0
7389,7,1,1
7389,7,2,0
7390,1,0,0
7390,2,1,1
7390,3,0,0
7390,3,1,1
7390,4,2,0
7390,5,0,0
7390,5,2,0
7390,6,1,1
7390,6,2,0
7390,7,0,0
7390,7,1,1
7390,7,2,0
7391,1,0,0
7391,2,1,1
7391,3,0,0
7391,3,1,1
7391,4,2,0
7391,5,0,0
7391,5,2,0
7391,6,1,1
7391,6,2,0
7391,7,0,0
7391,7,1,1
7391,7,2,0
7392,1,0,0
7392,2,1,1
7392,3,0,0
7392,3,1,1
7392,4,2,0
7392,5,0,0
7392,5,2,0
7392,6,1,1
7392,6,2,0
7392,7,0,0
7392,7,1,1
7392,7,2,0
7393,1,0,0
7393,2,1,1
7393,3,0,0
7393,3,1,1
7393,4,2,0
7393,5,0,0
7393,5,2,0
7393,6,1,1
7393,6,2,0
7393,7,0,0
7393,7,1,1
7393,7,2,0
7394,1,0,0
7394,2,1,1
7394,3,0,0
7394,3,1,1
7394,4,2,0
7394,5,0,0
7394,5,2,0
7394,6,1,1
7394,6,2,0
7394,7,0,0
7394,7,1,1
7394,7,2,0
7395,1,0,0
7395,2,1,1
7395,3,0,0
7395,3,1,1
7395,4,2,0
7395,5,0,0
7395,5,2,0
7395,6,1,1
7395,6,2,0
7395,7,0,0
7395,7,1,1
7395,7,2,0
7396,1,0,0
7396,2,1,1
7396,3,0,0
7396,3,1,1
7396,4,2,0
7396,5,0,0
7396,5,2,0
7396,6,1,1
7396,6,2,0
7396,7,0,0
7396,7,1,1
7396,7,2,0
7397,1,0,0
7397,2,1,1
7397,3,0,0
7397,3,1,1
7397,4,2,0
7397,5,0,0
7397,5,2,0
7397,6,1,1
7397,6,2,0
7397,7,0,0
7397,7,1,1
7397,7,2,0
7398,1,0,1
7398,2,1,1
7398,3,0,1
7398,3,1,1
7398,4,2,1
7398,5,0,1
7398,5,2,1
7398,6,1,1
7398,6,2,1
7398,7,0,1
7398,7,1,1
7398,7,2,1
7399,1,0,1
7399,2,1,1
7399,3,0,1
7399,3,1,1
7399,4,2,1
7399,5,0,1
7399,5,2,1
7399,6,1,1
7399,6,2,1
7399,7,0,1
7399,7,1,1
7399,7,2,1
7400,1,0,0
7400,2,1,0
7400,3,0,0
7400,3,1,0
7400,4,2,0
7400,5,0,0
7400,5,2,0
7400,6,1,0
7400,6,2,0
7400,7,0,0
7400,7,1,0
7400,7,2,0
7401,1,0,1
7401,2,1,1
7401,3,0,1
7401,3,1,1
7401,4,2,1
7401,5,0,1
7401,5,2,1
7401,6,1,1
7401,6,2,1
7401,7,0,1
7401,7,1,1
7401,7,2,1
7402,1,0,1
7402,2,1,1
7402,3,0,1
7402,3,1,1
7402,4,2,1
7402,5,0,1
7402,5,2,1
7402,6,1,1
7402,6,2,1
7402,7,0,1
7402,7,1,1
7402,7,2,1
7403,1,0,0
7403,2,1,0
7403,3,0,0
7403,3,1,0
7403,4,2,0
7403,5,0,0
7403,5,2,0
7403,6,1,0
7403,6,2,0
7403,7,0,0
7403,7,1,0
7403,7,2,0
7404,1,0,0
7404,2,1,0
7404,3,0,0
7404,3,1,0
7404,4,2,0
7404,5,0,0
7404,5,2,0
7404,6,1,0
7404,6,2,0
7404,7,0,0
7404,7,1,0
7404,7,2,0
7405,1,0,0
7405,2,1,0
7405,3,0,0
7405,3,1,0
7405,4,2,0
7405,5,0,0
7405,5,2,0
7405,6,1,0
7405,6,2,0
7405,7,0,0
7405,7,1,0
7405,7,2,0
7406,1,0,0
7406,2,1,0
7406,3,0,0
7406,3,1,0
7406,4,2,0
7406,5,0,0
7406,5,2,0
7406,6,1,0
7406,6,2,0
7406,7,0,0
7406,7,1,0
7406,7,2,0
7407,1,0,1
7407,2,1,1
7407,3,0,1
7407,3,1,1
7407,4,2,1
7407,5,0,1
7407,5,2,1
7407,6,1,1
7407,6,2,1
7407,7,0,1
7407,7,1,1
7407,7,2,1
7408,1,0,1
7408,2,1,1
7408,3,0,1
7408,3,1,1
7408,4,2,1
7408,5,0,1
7408,5,2,1
7408,6,1,1
7408,6,2,1
7408,7,0,1
7408,7,1,1
7408,7,2,1
7409,1,0,0
7409,2,1,0
7409,3,0,0
7409,3,1,0
7409,4,2,0
7409,5,0,0
7409,5,2,0
7409,6,1,0
7409,6,2,0
7409,7,0,0
7409,7,1,0
7409,7,2,0
7410,1,0,1
7410,2,1,1
7410,3,0,1
7410,3,1,1
7410,4,2,1
7410,5,0,1
7410,5,2,1
7410,6,1,1
7410,6,2,1
7410,7,0,1
7410,7,1,1
7410,7,2,1
7411,1,0,1
7411,2,1,1
7411,3,0,1
7411,3,1,1
7411,4,2,1
7411,5,0,1
7411,5,2,1
7411,6,1,1
7411,6,2,1
7411,7,0,1
7411,7,1,1
7411,7,2,1
7412,1,0,0
7412,2,1,0
7412,3,0,0
7412,3,1,0
7412,4,2,0
7412,5,0,0
7412,5,2,0
7412,6,1,0
7412,6,2,0
7412,7,0,0
7412,7,1,0
7412,7,2,0
7413,1,0,0
7413,2,1,0
7413,3,0,0
7413,3,1,0
7413,4,2,0
7413,5,0,0
7413,5,2,0
7413,6,1,0
7413,6,2,0
7413,7,0,0
7413,7,1,0
7413,7,2,0
7414,1,0,0
7414,2,1,0
7414,3,0,0
7414,3,1,0
7414,4,2,0
7414,5,0,0
7414,5,2,0
7414,6,1,0
7414,6,2,0
7414,7,0,0
7414,7,1,0
7414,7,2,0
7415,1,0,0
7415,2,1,0
7415,3,0,0
7415,3,1,0
7415,4,2,0
7415,5,0,0
7415,5,2,0
7415,6,1,0
7415,6,2,0
7415,7,0,0
7415,7,1,0
7415,7,2,0
7416,1,0,0
7416,2,1,0
7416,3,0,0
7416,3,1,0
7416,4,2,0
7416,5,0,0
7416,5,2,0
7416,6,1,0
7416,6,2,0
7416,7,0,0
7416,7,1,0
7416,7,2,0
7417,1,0,0
7417,2,1,0
7417,3,0,0
7417,3,1,0
7417,4,2,0
7417,5,0,0
7417,5,2,0
7417,6,1,0
7417,6,2,0
7417,7,0,0
7417,7,1,0
7417,7,2,0
7418,1,0,0
7418,2,1,0
7418,3,0,0
7418,3,1,0
7418,4,2,0
7418,5,0,0
7418,5,2,0
7418,6,1,0
7418,6,2,0
7418,7,0,0
7418,7,1,0
7418,7,2,0
7419,1,0,0
7419,2,1,0
7419,3,0,0
7419,3,1,0
7419,4,2,0
7419,5,0,0
7419,5,2,0
7419,6,1,0
7419,6,2,0
7419,7,0,0
7419,7,1,0
7419,7,2,0
7420,1,0,0
7420,2,1,0
7420,3,0,0
7420,3,1,0
7420,4,2,0
7420,5,0,0
7420,5,2,0
7420,6,1,0
7420,6,2,0
7420,7,0,0
7420,7,1,0
7420,7,2,0
7421,1,0,0
7421,2,1,0
7421,3,0,0
7421,3,1,0
7421,4,2,0
7421,5,0,0
7421,5,2,0
7421,6,1,0
7421,6,2,0
7421,7,0,0
7421,7,1,0
7421,7,2,0
7422,1,0,0
7422,2,1,0
7422,3,0,0
7422,3,1,0
7422,4,2,0
7422,5,0,0
7422,5,2,0
7422,6,1,0
7422,6,2,0
7422,7,0,0
7422,7,1,0
7422,7,2,0
7423,1,0,0
7423,2,1,0
7423,3,0,0
7423,3,1,0
7423,4,2,0
7423,5,0,0
7423,5,2,0
7423,6,1,0
7423,6,2,0
7423,7,0,0
7423,7,1,0
7423,7,2,0
7424,1,0,0
7424,2,1,0
7424,3,0,0
7424,3,1,0
7424,4,2,0
7424,5,0,0
7424,5,2,0
7424,6,1,0
7424,6,2,0
7424,7,0,0
7424,7,1,0
7424,7,2,0
7425,1,0,1
7425,2,1,1
7425,3,0,1
7425,3,1,1
7425,4,2,1
7425,5,0,1
7425,5,2,1
7425,6,1,1
7425,6,2,1
7425,7,0,1
7425,7,1,1
7425,7,2,1
7426,1,0,1
7426,2,1,1
7426,3,0,1
7426,3,1,1
7426,4,2,1
7426,5,0,1
7426,5,2,1
7426,6,1,1
7426,6,2,1
7426,7,0,1
7426,7,1,1
7426,7,2,1
7427,1,0,0
7427,2,1,0
7427,3,0,0
7427,3,1,0
7427,4,2,0
7427,5,0,0
7427,5,2,0
7427,6,1,0
7427,6,2,0
7427,7,0,0
7427,7,1,0
7427,7,2,0
7428,1,0,0
7428,2,1,0
7428,3,0,0
7428,3,1,0
7428,4,2,0
7428,5,0,0
7428,5,2,0
7428,6,1,0
7428,6,2,0
7428,7,0,0
7428,7,1,0
7428,7,2,0
7429,1,0,0
7429,2,1,0
7429,3,0,0
7429,3,1,0
7429,4,2,0
7429,5,0,0
7429,5,2,0
7429,6,1,0
7429,6,2,0
7429,7,0,0
7429,7,1,0
7429,7,2,0
7430,1,0,0
7430,2,1,0
7430,3,0,0
7430,3,1,0
7430,4,2,0
7430,5,0,0
7430,5,2,0
7430,6,1,0
7430,6,2,0
7430,7,0,0
7430,7,1,0
7430,7,2,0
7431,1,0,0
7431,2,1,0
7431,3,0,0
7431,3,1,0
7431,4,2,0
7431,5,0,0
7431,5,2,0
7431,6,1,0
7431,6,2,0
7431,7,0,0
7431,7,1,0
7431,7,2,0
7432,1,0,0
7432,2,1,0
7432,3,0,0
7432,3,1,0
7432,4,2,0
7432,5,0,0
7432,5,2,0
7432,6,1,0
7432,6,2,0
7432,7,0,0
7432,7,1,0
7432,7,2,0
7433,1,0,0
7433,2,1,0
7433,3,0,0
7433,3,1,0
7433,4,2,0
7433,5,0,0
7433,5,2,0
7433,6,1,0
7433,6,2,0
7433,7,0,0
7433,7,1,0
7433,7,2,0
7434,1,0,1
7434,2,1,1
7434,3,0,1
7434,3,1,1
7434,4,2,1
7434,5,0,1
7434,5,2,1
7434,6,1,1
7434,6,2,1
7434,7,0,1
7434,7,1,1
7434,7,2,1
7435,1,0,1
7435,2,1,1
7435,3,0,1
7435,3,1,1
7435,4,2,1
7435,5,0,1
7435,5,2,1
7435,6,1,1
7435,6,2,1
7435,7,0,1
7435,7,1,1
7435,7,2,1
7436,1,0,0
7436,2,1,0
7436,3,0,0
7436,3,1,0
7436,4,2,0
7436,5,0,0
7436,5,2,0
7436,6,1,0
7436,6,2,0
7436,7,0,0
7436,7,1,0
7436,7,2,0
7437,1,0,0
7437,2,1,0
7437,3,0,0
7437,3,1,0
7437,4,2,0
7437,5,0,0
7437,5,2,0
7437,6,1,0
7437,6,2,0
7437,7,0,0
7437,7,1,0
7437,7,2,0
7438,1,0,0
7438,2,1,0
7438,3,0,0
7438,3,1,0
7438,4,2,0
7438,5,0,0
7438,5,2,0
7438,6,1,0
7438,6,2,0
7438,7,0,0
7438,7,1,0
7438,7,2,0
7439,1,0,0
7439,2,1,0
7439,3,0,0
7439,3,1,0
7439,4,2,0
7439,5,0,0
7439,5,2,0
7439,6,1,0
7439,6,2,0
7439,7,0,0
7439,7,1,0
7439,7,2,0
7440,1,0,0
7440,2,1,0
7440,3,0,0
7440,3,1,0
7440,4,2,0
7440,5,0,0
7440,5,2,0
7440,6,1,0
7440,6,2,0
7440,7,0,0
7440,7,1,0
7440,7,2,0
7441,1,0,0
7441,2,1,0
7441,3,0,0
7441,3,1,0
7441,4,2,0
7441,5,0,0
7441,5,2,0
7441,6,1,0
7441,6,2,0
7441,7,0,0
7441,7,1,0
7441,7,2,0
7442,1,0,0
7442,2,1,0
7442,3,0,0
7442,3,1,0
7442,4,2,0
7442,5,0,0
7442,5,2,0
7442,6,1,0
7442,6,2,0
7442,7,0,0
7442,7,1,0
7442,7,2,0
7443,1,0,0
7443,2,1,0
7443,3,0,0
7443,3,1,0
7443,4,2,0
7443,5,0,0
7443,5,2,0
7443,6,1,0
7443,6,2,0
7443,7,0,0
7443,7,1,0
7443,7,2,0
7444,1,0,0
7444,2,1,0
7444,3,0,0
7444,3,1,0
7444,4,2,0
7444,5,0,0
7444,5,2,0
7444,6,1,0
7444,6,2,0
7444,7,0,0
7444,7,1,0
7444,7,2,0
7445,1,0,0
7445,2,1,0
7445,3,0,0
7445,3,1,0
7445,4,2,0
7445,5,0,0
7445,5,2,0
7445,6,1,0
7445,6,2,0
7445,7,0,0
7445,7,1,0
7445,7,2,0
7446,1,0,0
7446,2,1,0
7446,3,0,0
7446,3,1,0
7446,4,2,0
7446,5,0,0
7446,5,2,0
7446,6,1,0
7446,6,2,0
7446,7,0,0
7446,7,1,0
7446,7,2,0
7447,1,0,0
7447,2,1,0
7447,3,0,0
7447,3,1,0
7447,4,2,0
7447,5,0,0
7447,5,2,0
7447,6,1,0
7447,6,2,0
7447,7,0,0
7447,7,1,0
7447,7,2,0
7448,1,0,0
7448,2,1,0
7448,3,0,0
7448,3,1,0
7448,4,2,0
7448,5,0,0
7448,5,2,0
7448,6,1,0
7448,6,2,0
7448,7,0,0
7448,7,1,0
7448,7,2,0
7449,1,0,0
7449,2,1,0
7449,3,0,0
7449,3,1,0
7449,4,2,0
7449,5,0,0
7449,5,2,0
7449,6,1,0
7449,6,2,0
7449,7,0,0
7449,7,1,0
7449,7,2,0
7450,1,0,0
7450,2,1,0
7450,3,0,0
7450,3,1,0
7450,4,2,0
7450,5,0,0
7450,5,2,0
7450,6,1,0
7450,6,2,0
7450,7,0,0
7450,7,1,0
7450,7,2,0
7451,1,0,0
7451,2,1,0
7451,3,0,0
7451,3,1,0
7451,4,2,0
7451,5,0,0
7451,5,2,0
7451,6,1,0
7451,6,2,0
7451,7,0,0
7451,7,1,0
7451,7,2,0
7452,1,0,1
7452,2,1,0
7452,3,0,1
7452,3,1,0
7452,4,2,1
7452,5,0,1
7452,5,2,1
7452,6,1,0
7452,6,2,1
7452,7,0,1
7452,7,1,0
7452,7,2,1
7453,1,0,1
7453,2,1,0
7453,3,0,1
7453,3,1,0
7453,4,2,1
7453,5,0,1
7453,5,2,1
7453,6,1,0
7453,6,2,1
7453,7,0,1
7453,7,1,0
7453,7,2,1
7454,1,0,0
7454,2,1,0
7454,3,0,0
7454,3,1,0
7454,4,2,0
7454,5,0,0
7454,5,2,0
7454,6,1,0
7454,6,2,0
7454,7,0,0
7454,7,1,0
7454,7,2,0
7455,1,0,0
7455,2,1,0
7455,3,0,0
7455,3,1,0
7455,4,2,0
7455,5,0,0
7455,5,2,0
7455,6,1,0
7455,6,2,0
7455,7,0,0
7455,7,1,0
7455,7,2,0
7456,1,0,0
7456,2,1,0
7456,3,0,0
7456,3,1,0
7456,4,2,0
7456,5,0,0
7456,5,2,0
7456,6,1,0
7456,6,2,0
7456,7,0,0
7456,7,1,0
7456,7,2,0
7457,1,0,0
7457,2,1,0
7457,3,0,0
7457,3,1,0
7457,4,2,0
7457,5,0,0
7457,5,2,0
7457,6,1,0
7457,6,2,0
7457,7,0,0
7457,7,1,0
7457,7,2,0
7458,1,0,0
7458,2,1,0
7458,3,0,0
7458,3,1,0
7458,4,2,0
7458,5,0,0
7458,5,2,0
7458,6,1,0
7458,6,2,0
7458,7,0,0
7458,7,1,0
7458,7,2,0
7459,1,0,0
7459,2,1,0
7459,3,0,0
7459,3,1,0
7459,4,2,0
7459,5,0,0
7459,5,2,0
7459,6,1,0
7459,6,2,0
7459,7,0,0
7459,7,1,0
7459,7,2,0
7460,1,0,0
7460,2,1,0
7460,3,0,0
7460,3,1,0
7460,4,2,0
7460,5,0,0
7460,5,2,0
7460,6,1,0
7460,6,2,0
7460,7,0,0
7460,7,1,0
7460,7,2,0
7461,1,0,1
7461,2,1,0
7461,3,0,1
7461,3,1,0
7461,4,2,1
7461,5,0,1
7461,5,2,1
7461,6,1,0
7461,6,2,1
7461,7,0,1
7461,7,1,0
7461,7,2,1
7462,1,0,1
7462,2,1,0
7462,3,0,1
7462,3,1,0
7462,4,2,1
7462,5,0,1
7462,5,2,1
7462,6,1,0
7462,6,2,1
7462,7,0,1
7462,7,1,0
7462,7,2,1
7463,1,0,0
7463,2,1,0
7463,3,0,0
7463,3,1,0
7463,4,2,0
7463,5,0,0
7463,5,2,0
7463,6,1,0
7463,6,2,0
7463,7,0,0
7463,7,1,0
7463,7,2,0
7464,1,0,0
7464,2,1,0
7464,3,0,0
7464,3,1,0
7464,4,2,0
7464,5,0,0
7464,5,2,0
7464,6,1,0
7464,6,2,0
7464,7,0,0
7464,7,1,0
7464,7,2,0
7465,1,0,0
7465,2,1,0
7465,3,0,0
7465,3,1,0
7465,4,2,0
7465,5,0,0
7465,5,2,0
7465,6,1,0
7465,6,2,0
7465,7,0,0
7465,7,1,0
7465,7,2,0
7466,1,0,0
7466,2,1,0
7466,3,0,0
7466,3,1,0
7466,4,2,0
7466,5,0,0
7466,5,2,0
7466,6,1,0
7466,6,2,0
7466,7,0,0
7466,7,1,0
7466,7,2,0
7467,1,0,0
7467,2,1,0
7467,3,0,0
7467,3,1,0
7467,4,2,0
7467,5,0,0
7467,5,2,0
7467,6,1,0
7467,6,2,0
7467,7,0,0
7467,7,1,0
7467,7,2,0
7468,1,0,0
7468,2,1,0
7468,3,0,0
7468,3,1,0
7468,4,2,0
7468,5,0,0
7468,5,2,0
7468,6,1,0
7468,6,2,0
7468,7,0,0
7468,7,1,0
7468,7,2,0
7469,1,0,0
7469,2,1,0
7469,3,0,0
7469,3,1,0
7469,4,2,0
7469,5,0,0
7469,5,2,0
7469,6,1,0
7469,6,2,0
7469,7,0,0
7469,7,1,0
7469,7,2,0
7470,1,0,0
7470,2,1,0
7470,3,0,0
7470,3,1,0
7470,4,2,0
7470,5,0,0
7470,5,2,0
7470,6,1,0
7470,6,2,0
7470,7,0,0
7470,7,1,0
7470,7,2,0
7471,1,0,0
7471,2,1,0
7471,3,0,0
7471,3,1,0
7471,4,2,0
7471,5,0,0
7471,5,2,0
7471,6,1,0
7471,6,2,0
7471,7,0,0
7471,7,1,0
7471,7,2,0
7472,1,0,0
7472,2,1,0
7472,3,0,0
7472,3,1,0
7472,4,2,0
7472,5,0,0
7472,5,2,0
7472,6,1,0
7472,6,2,0
7472,7,0,0
7472,7,1,0
7472,7,2,0
7473,1,0,0
7473,2,1,0
7473,3,0,0
7473,3,1,0
7473,4,2,0
7473,5,0,0
7473,5,2,0
7473,6,1,0
7473,6,2,0
7473,7,0,0
7473,7,1,0
7473,7,2,0
7474,1,0,0
7474,2,1,0
7474,3,0,0
7474,3,1,0
7474,4,2,0
7474,5,0,0
7474,5,2,0
7474,6,1,0
7474,6,2,0
7474,7,0,0
7474,7,1,0
7474,7,2,0
7475,1,0,0
7475,2,1,0
7475,3,0,0
7475,3,1,0
7475,4,2,0
7475,5,0,0
7475,5,2,0
7475,6,1,0
7475,6,2,0
7475,7,0,0
7475,7,1,0
7475,7,2,0
7476,1,0,0
7476,2,1,0
7476,3,0,0
7476,3,1,0
7476,4,2,0
7476,5,0,0
7476,5,2,0
7476,6,1,0
7476,6,2,0
7476,7,0,0
7476,7,1,0
7476,7,2,0
7477,1,0,0
7477,2,1,0
7477,3,0,0
7477,3,1,0
7477,4,2,0
7477,5,0,0
7477,5,2,0
7477,6,1,0
7477,6,2,0
7477,7,0,0
7477,7,1,0
7477,7,2,0
7478,1,0,0
7478,2,1,0
7478,3,0,0
7478,3,1,0
7478,4,2,0
7478,5,0,0
7478,5,2,0
7478,6,1,0
7478,6,2,0
7478,7,0,0
7478,7,1,0
7478,7,2,0
7479,1,0,1
7479,2,1,0
7479,3,0,1
7479,3,1,0
7479,4,2,1
7479,5,0,1
7479,5,2,1
7479,6,1,0
7479,6,2,1
7479,7,0,1
7479,7,1,0
7479,7,2,1
7480,1,0,1
7480,2,1,0
7480,3,0,1
7480,3,1,0
7480,4,2,1
7480,5,0,1
7480,5,2,1
7480,6,1,0
7480,6,2,1
7480,7,0,1
7480,7,1,0
7480,7,2,1
7481,1,0,0
7481,2,1,0
7481,3,0,0
7481,3,1,0
7481,4,2,0
7481,5,0,0
7481,5,2,0
7481,6,1,0
7481,6,2,0
7481,7,0,0
7481,7,1,0
7481,7,2,0
7482,1,0,0
7482,2,1,0
7482,3,0,0
7482,3,1,0
7482,4,2,0
7482,5,0,0
7482,5,2,0
7482,6,1,0
7482,6,2,0
7482,7,0,0
7482,7,1,0
7482,7,2,0
7483,1,0,0
7483,2,1,0
7483,3,0,0
7483,3,1,0
7483,4,2,0
7483,5,0,0
7483,5,2,0
7483,6,1,0
7483,6,2,0
7483,7,0,0
7483,7,1,0
7483,7,2,0
7484,1,0,0
7484,2,1,0
7484,3,0,0
7484,3,1,0
7484,4,2,0
7484,5,0,0
7484,5,2,0
7484,6,1,0
7484,6,2,0
7484,7,0,0
7484,7,1,0
7484,7,2,0
7485,1,0,0
7485,2,1,0
7485,3,0,0
7485,3,1,0
7485,4,2,0
7485,5,0,0
7485,5,2,0
7485,6,1,0
7485,6,2,0
7485,7,0,0
7485,7,1,0
7485,7,2,0
7486,1,0,0
7486,2,1,0
7486,3,0,0
7486,3,1,0
7486,4,2,0
7486,5,0,0
7486,5,2,0
7486,6,1,0
7486,6,2,0
7486,7,0,0
7486,7,1,0
7486,7,2,0
7487,1,0,0
7487,2,1,0
7487,3,0,0
7487,3,1,0
7487,4,2,0
7487,5,0,0
7487,5,2,0
7487,6,1,0
7487,6,2,0
7487,7,0,0
7487,7,1,0
7487,7,2,0
7488,1,0,1
7488,2,1,0
7488,3,0,1
7488,3,1,0
7488,4,2,1
7488,5,0,1
7488,5,2,1
7488,6,1,0
7488,6,2,1
7488,7,0,1
7488,7,1,0
7488,7,2,1
7489,1,0,1
7489,2,1,0
7489,3,0,1
7489,3,1,0
7489,4,2,1
7489,5,0,1
7489,5,2,1
7489,6,1,0
7489,6,2,1
7489,7,0,1
7489,7,1,0
7489,7,2,1
7490,1,0,0
7490,2,1,0
7490,3,0,0
7490,3,1,0
7490,4,2,0
7490,5,0,0
7490,5,2,0
7490,6,1,0
7490,6,2,0
7490,7,0,0
7490,7,1,0
7490,7,2,0
7491,1,0,0
7491,2,1,0
7491,3,0,0
7491,3,1,0
7491,4,2,0
7491,5,0,0
7491,5,2,0
7491,6,1,0
7491,6,2,0
7491,7,0,0
7491,7,1,0
7491,7,2,0
7492,1,0,0
7492,2,1,0
7492,3,0,0
7492,3,1,0
7492,4,2,0
7492,5,0,0
7492,5,2,0
7492,6,1,0
7492,6,2,0
7492,7,0,0
7492,7,1,0
7492,7,2,0
7493,1,0,0
7493,2,1,0
7493,3,0,0
7493,3,1,0
7493,4,2,0
7493,5,0,0
7493,5,2,0
7493,6,1,0
7493,6,2,0
7493,7,0,0
7493,7,1,0
7493,7,2,0
7494,1,0,0
7494,2,1,0
7494,3,0,0
7494,3,1,0
7494,4,2,0
7494,5,0,0
7494,5,2,0
7494,6,1,0
7494,6,2,0
7494,7,0,0
7494,7,1,0
7494,7,2,0
7495,1,0,0
7495,2,1,0
7495,3,0,0
7495,3,1,0
7495,4,2,0
7495,5,0,0
7495,5,2,0
7495,6,1,0
7495,6,2,0
7495,7,0,0
7495,7,1,0
7495,7,2,0
7496,1,0,0
7496,2,1,0
7496,3,0,0
7496,3,1,0
7496,4,2,0
7496,5,0,0
7496,5,2,0
7496,6,1,0
7496,6,2,0
7496,7,0,0
7496,7,1,0
7496,7,2,0
7497,1,0,0
7497,2,1,0
7497,3,0,0
7497,3,1,0
7497,4,2,0
7497,5,0,0
7497,5,2,0
7497,6,1,0
7497,6,2,0
7497,7,0,0
7497,7,1,0
7497,7,2,0
7498,1,0,0
7498,2,1,0
7498,3,0,0
7498,3,1,0
7498,4,2,0
7498,5,0,0
7498,5,2,0
7498,6,1,0
7498,6,2,0
7498,7,0,0
7498,7,1,0
7498,7,2,0
7499,1,0,0
7499,2,1,0
7499,3,0,0
7499,3,1,0
7499,4,2,0
7499,5,0,0
7499,5,2,0
7499,6,1,0
7499,6,2,0
7499,7,0,0
7499,7,1,0
7499,7,2,0
7500,1,0,0
7500,2,1,0
7500,3,0,0
7500,3,1,0
7500,4,2,0
7500,5,0,0
7500,5,2,0
7500,6,1,0
7500,6,2,0
7500,7,0,0
7500,7,1,0
7500,7,2,0
7501,1,0,0
7501,2,1,0
7501,3,0,0
7501,3,1,0
7501,4,2,0
7501,5,0,0
7501,5,2,0
7501,6,1,0
7501,6,2,0
7501,7,0,0
7501,7,1,0
7501,7,2,0
7502,1,0,0
7502,2,1,0
7502,3,0,0
7502,3,1,0
7502,4,2,0
7502,5,0,0
7502,5,2,0
7502,6,1,0
7502,6,2,0
7502,7,0,0
7502,7,1,0
7502,7,2,0
7503,1,0,0
7503,2,1,0
7503,3,0,0
7503,3,1,0
7503,4,2,0
7503,5,0,0
7503,5,2,0
7503,6,1,0
7503,6,2,0
7503,7,0,0
7503,7,1,0
7503,7,2,0
7504,1,0,0
7504,2,1,0
7504,3,0,0
7504,3,1,0
7504,4,2,0
7504,5,0,0
7504,5,2,0
7504,6,1,0
7504,6,2,0
7504,7,0,0
7504,7,1,0
7504,7,2,0
7505,1,0,0
7505,2,1,0
7505,3,0,0
7505,3,1,0
7505,4,2,0
7505,5,0,0
7505,5,2,0
7505,6,1,0
7505,6,2,0
7505,7,0,0
7505,7,1,0
7505,7,2,0
7506,1,0,1
7506,2,1,0
7506,3,0,1
7506,3,1,0
7506,4,2,1
7506,5,0,1
7506,5,2,1
7506,6,1,0
7506,6,2,1
7506,7,0,1
7506,7,1,0
7506,7,2,1
7507,1,0,1
7507,2,1,0
7507,3,0,1
7507,3,1,0
7507,4,2,1
7507,5,0,1
7507,5,2,1
7507,6,1,0
7507,6,2,1
7507,7,0,1
7507,7,1,0
7507,7,2,1
7508,1,0,0
7508,2,1,0
7508,3,0,0
7508,3,1,0
7508,4,2,0
7508,5,0,0
7508,5,2,0
7508,6,1,0
7508,6,2,0
7508,7,0,0
7508,7,1,0
7508,7,2,0
7509,1,0,0
7509,2,1,0
7509,3,0,0
7509,3,1,0
7509,4,2,0
7509,5,0,0
7509,5,2,0
7509,6,1,0
7509,6,2,0
7509,7,0,0
7509,7,1,0
7509,7,2,0
7510,1,0,0
7510,2,1,0
7510,3,0,0
7510,3,1,0
7510,4,2,0
7510,5,0,0
7510,5,2,0
7510,6,1,0
7510,6,2,0
7510,7,0,0
7510,7,1,0
7510,7,2,0
7511,1,0,0
7511,2,1,0
7511,3,0,0
7511,3,1,0
7511,4,2,0
7511,5,0,0
7511,5,2,0
7511,6,1,0
7511,6,2,0
7511,7,0,0
7511,7,1,0
7511,7,2,0
7512,1,0,0
7512,2,1,0
7512,3,0,0
7512,3,1,0
7512,4,2,0
7512,5,0,0
7512,5,2,0
7512,6,1,0
7512,6,2,0
7512,7,0,0
7512,7,1,0
7512,7,2,0
7513,1,0,0
7513,2,1,0
7513,3,0,0
7513,3,1,0
7513,4,2,0
7513,5,0,0
7513,5,2,0
7513,6,1,0
7513,6,2,0
7513,7,0,0
7513,7,1,0
7513,7,2,0
7514,1,0,0
7514,2,1,0
7514,3,0,0
7514,3,1,0
7514,4,2,0
7514,5,0,0
7514,5,2,0
7514,6,1,0
7514,6,2,0
7514,7,0,0
7514,7,1,0
7514,7,2,0
7515,1,0,1
7515,2,1,0
7515,3,0,1
7515,3,1,0
7515,4,2,1
7515,5,0,1
7515,5,2,1
7515,6,1,0
7515,6,2,1
7515,7,0,1
7515,7,1,0
7515,7,2,1
7516,1,0,1
7516,2,1,0
7516,3,0,1
7516,3,1,0
7516,4,2,1
7516,5,0,1
7516,5,2,1
7516,6,1,0
7516,6,2,1
7516,7,0,1
7516,7,1,0
7516,7,2,1
7517,1,0,0
7517,2,1,0
7517,3,0,0
7517,3,1,0
7517,4,2,0
7517,5,0,0
7517,5,2,0
7517,6,1,0
7517,6,2,0
7517,7,0,0
7517,7,1,0
7517,7,2,0
7518,1,0,0
7518,2,1,0
7518,3,0,0
7518,3,1,0
7518,4,2,0
7518,5,0,0
7518,5,2,0
7518,6,1,0
7518,6,2,0
7518,7,0,0
7518,7,1,0
7518,7,2,0
7519,1,0,0
7519,2,1,0
7519,3,0,0
7519,3,1,0
7519,4,2,0
7519,5,0,0
7519,5,2,0
7519,6,1,0
7519,6,2,0
7519,7,0,0
7519,7,1,0
7519,7,2,0
7520,1,0,0
7520,2,1,0
7520,3,0,0
7520,3,1,0
7520,4,2,0
7520,5,0,0
7520,5,2,0
7520,6,1,0
7520,6,2,0
7520,7,0,0
7520,7,1,0
7520,7,2,0
7521,1,0,0
7521,2,1,0
7521,3,0,0
7521,3,1,0
7521,4,2,0
7521,5,0,0
7521,5,2,0
7521,6,1,0
7521,6,2,0
7521,7,0,0
7521,7,1,0
7521,7,2,0
7522,1,0,0
7522,2,1,0
7522,3,0,0
7522,3,1,0
7522,4,2,0
7522,5,0,0
7522,5,2,0
7522,6,1,0
7522,6,2,0
7522,7,0,0
7522,7,1,0
7522,7,2,0
7523,1,0,0
7523,2,1,0
7523,3,0,0
7523,3,1,0
7523,4,2,0
7523,5,0,0
7523,5,2,0
7523,6,1,0
7523,6,2,0
7523,7,0,0
7523,7,1,0
7523,7,2,0
7524,1,0,0
7524,2,1,0
7524,3,0,0
7524,3,1,0
7524,4,2,0
7524,5,0,0
7524,5,2,0
7524,6,1,0
7524,6,2,0
7524,7,0,0
7524,7,1,0
7524,7,2,0
7525,1,0,0
7525,2,1,0
7525,3,0,0
7525,3,1,0
7525,4,2,0
7525,5,0,0
7525,5,2,0
7525,6,1,0
7525,6,2,0
7525,7,0,0
7525,7,1,0
7525,7,2,0
7526,1,0,0
7526,2,1,0
7526,3,0,0
7526,3,1,0
7526,4,2,0
7526,5,0,0
7526,5,2,0
7526,6,1,0
7526,6,2,0
7526,7,0,0
7526,7,1,0
7526,7,2,0
7527,1,0,0
7527,2,1,0
7527,3,0,0
7527,3,1,0
7527,4,2,0
7527,5,0,0
7527,5,2,0
7527,6,1,0
7527,6,2,0
7527,7,0,0
7527,7,1,0
7527,7,2,0
7528,1,0,0
7528,2,1,0
7528,3,0,0
7528,3,1,0
7528,4,2,0
7528,5,0,0
7528,5,2,0
7528,6,1,0
7528,6,2,0
7528,7,0,0
7528,7,1,0
7528,7,2,0
7529,1,0,0
7529,2,1,0
7529,3,0,0
7529,3,1,0
7529,4,2,0
7529,5,0,0
7529,5,2,0
7529,6,1,0
7529,6,2,0
7529,7,0,0
7529,7,1,0
7529,7,2,0
7530,1,0,0
7530,2,1,0
7530,3,0,0
7530,3,1,0
7530,4,2,0
7530,5,0,0
7530,5,2,0
7530,6,1,0
7530,6,2,0
7530,7,0,0
7530,7,1,0
7530,7,2,0
7531,1,0,0
7531,2,1,0
7531,3,0,0
7531,3,1,0
7531,4,2,0
7531,5,0,0
7531,5,2,0
7531,6,1,0
7531,6,2,0
7531,7,0,0
7531,7,1,0
7531,7,2,0
7532,1,0,0
7532,2,1,0
7532,3,0,0
7532,3,1,0
7532,4,2,0
7532,5,0,0
7532,5,2,0
7532,6,1,0
7532,6,2,0
7532,7,0,0
7532,7,1,0
7532,7,2,0
7533,1,0,1
7533,2,1,1
7533,3,0,1
7533,3,1,1
7533,4,2,1
7533,5,0,1
7533,5,2,1
7533,6,1,1
7533,6,2,1
7533,7,0,1
7533,7,1,1
7533,7,2,1
7534,1,0,1
7534,2,1,1
7534,3,0,1
7534,3,1,1
7534,4,2,1
7534,5,0,1
7534,5,2,1
7534,6,1,1
7534,6,2,1
7534,7,0,1
7534,7,1,1
7534,7,2,1
7535,1,0,0
7535,2,1,0
7535,3,0,0
7535,3,1,0
7535,4,2,0
7535,5,0,0
7535,5,2,0
7535,6,1,0
7535,6,2,0
7535,7,0,0
7535,7,1,0
7535,7,2,0
7536,1,0,1
7536,2,1,1
7536,3,0,1
7536,3,1,1
7536,4,2,1
7536,5,0,1
7536,5,2,1
7536,6,1,1
7536,6,2,1
7536,7,0,1
7536,7,1,1
7536,7,2,1
7537,1,0,1
7537,2,1,1
7537,3,0,1
7537,3,1,1
7537,4,2,1
7537,5,0,1
7537,5,2,1
7537,6,1,1
7537,6,2,1
7537,7,0,1
7537,7,1,1
7537,7,2,1
7538,1,0,0
7538,2,1,0
7538,3,0,0
7538,3,1,0
7538,4,2,0
7538,5,0,0
7538,5,2,0
7538,6,1,0
7538,6,2,0
7538,7,0,0
7538,7,1,0
7538,7,2,0
7539,1,0,0
7539,2,1,0
7539,3,0,0
7539,3,1,0
7539,4,2,0
7539,5,0,0
7539,5,2,0
7539,6,1,0
7539,6,2,0
7539,7,0,0
7539,7,1,0
7539,7,2,0
7540,1,0,0
7540,2,1,0
7540,3,0,0
7540,3,1,0
7540,4,2,0
7540,5,0,0
7540,5,2,0
7540,6,1,0
7540,6,2,0
7540,7,0,0
7540,7,1,0
7540,7,2,0
7541,1,0,0
7541,2,1,0
7541,3,0,0
7541,3,1,0
7541,4,2,0
7541,5,0,0
7541,5,2,0
7541,6,1,0
7541,6,2,0
7541,7,0,0
7541,7,1,0
7541,7,2,0
7542,1,0,1
7542,2,1,1
7542,3,0,1
7542,3,1,1
7542,4,2,1
7542,5,0,1
7542,5,2,1
7542,6,1,1
7542,6,2,1
7542,7,0,1
7542,7,1,1
7542,7,2,1
7543,1,0,1
7543,2,1,1
7543,3,0,1
7543,3,1,1
7543,4,2,1
7543,5,0,1
7543,5,2,1
7543,6,1,1
7543,6,2,1
7543,7,0,1
7543,7,1,1
7543,7,2,1
7544,1,0,0
7544,2,1,0
7544,3,0,0
7544,3,1,0
7544,4,2,0
7544,5,0,0
7544,5,2,0
7544,6,1,0
7544,6,2,0
7544,7,0,0
7544,7,1,0
7544,7,2,0
7545,1,0,1
7545,2,1,1
7545,3,0,1
7545,3,1,1
7545,4,2,1
7545,5,0,1
7545,5,2,1
7545,6,1,1
7545,6,2,1
7545,7,0,1
7545,7,1,1
7545,7,2,1
7546,1,0,1
7546,2,1,1
7546,3,0,1
7546,3,1,1
7546,4,2,1
7546,5,0,1
7546,5,2,1
7546,6,1,1
7546,6,2,1
7546,7,0,1
7546,7,1,1
7546,7,2,1
7547,1,0,0
7547,2,1,0
7547,3,0,0
7547,3,1,0
7547,4,2,0
7547,5,0,0
7547,5,2,0
7547,6,1,0
7547,6,2,0
7547,7,0,0
7547,7,1,0
7547,7,2,0
7548,1,0,0
7548,2,1,0
7548,3,0,0
7548,3,1,0
7548,4,2,0
7548,5,0,0
7548,5,2,0
7548,6,1,0
7548,6,2,0
7548,7,0,0
7548,7,1,0
7548,7,2,0
7549,1,0,0
7549,2,1,0
7549,3,0,0
7549,3,1,0
7549,4,2,0
7549,5,0,0
7549,5,2,0
7549,6,1,0
7549,6,2,0
7549,7,0,0
7549,7,1,0
7549,7,2,0
7550,1,0,0
7550,2,1,0
7550,3,0,0
7550,3,1,0
7550,4,2,0
7550,5,0,0
7550,5,2,0
7550,6,1,0
7550,6,2,0
7550,7,0,0
7550,7,1,0
7550,7,2,0
7551,1,0,0
7551,2,1,0
7551,3,0,0
7551,3,1,0
7551,4,2,0
7551,5,0,0
7551,5,2,0
7551,6,1,0
7551,6,2,0
7551,7,0,0
7551,7,1,0
7551,7,2,0
7552,1,0,0
7552,2,1,0
7552,3,0,0
7552,3,1,0
7552,4,2,0
7552,5,0,0
7552,5,2,0
7552,6,1,0
7552,6,2,0
7552,7,0,0
7552,7,1,0
7552,7,2,0
7553,1,0,0
7553,2,1,0
7553,3,0,0
7553,3,1,0
7553,4,2,0
7553,5,0,0
7553,5,2,0
7553,6,1,0
7553,6,2,0
7553,7,0,0
7553,7,1,0
7553,7,2,0
7554,1,0,0
7554,2,1,0
7554,3,0,0
7554,3,1,0
7554,4,2,0
7554,5,0,0
7554,5,2,0
7554,6,1,0
7554,6,2,0
7554,7,0,0
7554,7,1,0
7554,7,2,0
7555,1,0,0
7555,2,1,0
7555,3,0,0
7555,3,1,0
7555,4,2,0
7555,5,0,0
7555,5,2,0
7555,6,1,0
7555,6,2,0
7555,7,0,0
7555,7,1,0
7555,7,2,0
7556,1,0,0
7556,2,1,0
7556,3,0,0
7556,3,1,0
7556,4,2,0
7556,5,0,0
7556,5,2,0
7556,6,1,0
7556,6,2,0
7556,7,0,0
7556,7,1,0
7556,7,2,0
7557,1,0,0
7557,2,1,0
7557,3,0,0
7557,3,1,0
7557,4,2,0
7557,5,0,0
7557,5,2,0
7557,6,1,0
7557,6,2,0
7557,7,0,0
7557,7,1,0
7557,7,2,0
7558,1,0,0
7558,2,1,0
7558,3,0,0
7558,3,1,0
7558,4,2,0
7558,5,0,0
7558,5,2,0
7558,6,1,0
7558,6,2,0
7558,7,0,0
7558,7,1,0
7558,7,2,0
7559,1,0,0
7559,2,1,0
7559,3,0,0
7559,3,1,0
7559,4,2,0
7559,5,0,0
7559,5,2,0
7559,6,1,0
7559,6,2,0
7559,7,0,0
7559,7,1,0
7559,7,2,0
7560,1,0,1
7560,2,1,1
7560,3,0,1
7560,3,1,1
7560,4,2,1
7560,5,0,1
7560,5,2,1
7560,6,1,1
7560,6,2,1
7560,7,0,1
7560,7,1,1
7560,7,2,1
7561,1,0,1
7561,2,1,1
7561,3,0,1
7561,3,1,1
7561,4,2,1
7561,5,0,1
7561,5,2,1
7561,6,1,1
7561,6,2,1
7561,7,0,1
7561,7,1,1
7561,7,2,1
7562,1,0,0
7562,2,1,0
7562,3,0,0
7562,3,1,0
7562,4,2,0
7562,5,0,0
7562,5,2,0
7562,6,1,0
7562,6,2,0
7562,7,0,0
7562,7,1,0
7562,7,2,0
7563,1,0,1
7563,2,1,1
7563,3,0,1
7563,3,1,1
7563,4,2,1
7563,5,0,1
7563,5,2,1
7563,6,1,1
7563,6,2,1
7563,7,0,1
7563,7,1,1
7563,7,2,1
7564,1,0,1
7564,2,1,1
7564,3,0,1
7564,3,1,1
7564,4,2,1
7564,5,0,1
7564,5,2,1
7564,6,1,1
7564,6,2,1
7564,7,0,1
7564,7,1,1
7564,7,2,1
7565,1,0,0
7565,2,1,0
7565,3,0,0
7565,3,1,0
7565,4,2,0
7565,5,0,0
7565,5,2,0
7565,6,1,0
7565,6,2,0
7565,7,0,0
7565,7,1,0
7565,7,2,0
7566,1,0,0
7566,2,1,0
7566,3,0,0
7566,3,1,0
7566,4,2,0
7566,5,0,0
7566,5,2,0
7566,6,1,0
7566,6,2,0
7566,7,0,0
7566,7,1,0
7566,7,2,0
7567,1,0,0
7567,2,1,0
7567,3,0,0
7567,3,1,0
7567,4,2,0
7567,5,0,0
7567,5,2,0
7567,6,1,0
7567,6,2,0
7567,7,0,0
7567,7,1,0
7567,7,2,0
7568,1,0,0
7568,2,1,0
7568,3,0,0
7568,3,1,0
7568,4,2,0
7568,5,0,0
7568,5,2,0
7568,6,1,0
7568,6,2,0
7568,7,0,0
7568,7,1,0
7568,7,2,0
7569,1,0,1
7569,2,1,1
7569,3,0,1
7569,3,1,1
7569,4,2,1
7569,5,0,1
7569,5,2,1
7569,6,1,1
7569,6,2,1
7569,7,0,1
7569,7,1,1
7569,7,2,1
7570,1,0,1
7570,2,1,1
7570,3,0,1
7570,3,1,1
7570,4,2,1
7570,5,0,1
7570,5,2,1
7570,6,1,1
7570,6,2,1
7570,7,0,1
7570,7,1,1
7570,7,2,1
7571,1,0,0
7571,2,1,0
7571,3,0,0
7571,3,1,0
7571,4,2,0
7571,5,0,0
7571,5,2,0
7571,6,1,0
7571,6,2,0
7571,7,0,0
7571,7,1,0
7571,7,2,0
7572,1,0,1
7572,2,1,1
7572,3,0,1
7572,3,1,1
7572,4,2,1
7572,5,0,1
7572,5,2,1
7572,6,1,1
7572,6,2,1
7572,7,0,1
7572,7,1,1
7572,7,2,1
7573,1,0,1
7573,2,1,1
7573,3,0,1
7573,3,1,1
7573,4,2,1
7573,5,0,1
7573,5,2,1
7573,6,1,1
7573,6,2,1
7573,7,0,1
7573,7,1,1
7573,7,2,1
7574,1,0,0
7574,2,1,0
7574,3,0,0
7574,3,1,0
7574,4,2,0
7574,5,0,0
7574,5,2,0
7574,6,1,0
7574,6,2,0
7574,7,0,0
7574,7,1,0
7574,7,2,0
7575,1,0,0
7575,2,1,0
7575,3,0,0
7575,3,1,0
7575,4,2,0
7575,5,0,0
7575,5,2,0
7575,6,1,0
7575,6,2,0
7575,7,0,0
7575,7,1,0
7575,7,2,0
7576,1,0,0
7576,2,1,0
7576,3,0,0
7576,3,1,0
7576,4,2,0
7576,5,0,0
7576,5,2,0
7576,6,1,0
7576,6,2,0
7576,7,0,0
7576,7,1,0
7576,7,2,0
7577,1,0,0
7577,2,1,0
7577,3,0,0
7577,3,1,0
7577,4,2,0
7577,5,0,0
7577,5,2,0
7577,6,1,0
7577,6,2,0
7577,7,0,0
7577,7,1,0
7577,7,2,0
7578,1,0,0
7578,2,1,0
7578,3,0,0
7578,3,1,0
7578,4,2,0
7578,5,0,0
7578,5,2,0
7578,6,1,0
7578,6,2,0
7578,7,0,0
7578,7,1,0
7578,7,2,0
7579,1,0,0
7579,2,1,0
7579,3,0,0
7579,3,1,0
7579,4,2,0
7579,5,0,0
7579,5,2,0
7579,6,1,0
7579,6,2,0
7579,7,0,0
7579,7,1,0
7579,7,2,0
7580,1,0,0
7580,2,1,0
7580,3,0,0
7580,3,1,0
7580,4,2,0
7580,5,0,0
7580,5,2,0
7580,6,1,0
7580,6,2,0
7580,7,0,0
7580,7,1,0
7580,7,2,0
7581,1,0,0
7581,2,1,0
7581,3,0,0
7581,3,1,0
7581,4,2,0
7581,5,0,0
7581,5,2,0
7581,6,1,0
7581,6,2,0
7581,7,0,0
7581,7,1,0
7581,7,2,0
7582,1,0,0
7582,2,1,0
7582,3,0,0
7582,3,1,0
7582,4,2,0
7582,5,0,0
7582,5,2,0
7582,6,1,0
7582,6,2,0
7582,7,0,0
7582,7,1,0
7582,7,2,0
7583,1,0,0
7583,2,1,0
7583,3,0,0
7583,3,1,0
7583,4,2,0
7583,5,0,0
7583,5,2,0
7583,6,1,0
7583,6,2,0
7583,7,0,0
7583,7,1,0
7583,7,2,0
7584,1,0,0
7584,2,1,0
7584,3,0,0
7584,3,1,0
7584,4,2,0
7584,5,0,0
7584,5,2,0
7584,6,1,0
7584,6,2,0
7584,7,0,0
7584,7,1,0
7584,7,2,0
7585,1,0,0
7585,2,1,0
7585,3,0,0
7585,3,1,0
7585,4,2,0
7585,5,0,0
7585,5,2,0
7585,6,1,0
7585,6,2,0
7585,7,0,0
7585,7,1,0
7585,7,2,0
7586,1,0,0
7586,2,1,0
7586,3,0,0
7586,3,1,0
7586,4,2,0
7586,5,0,0
7586,5,2,0
7586,6,1,0
7586,6,2,0
7586,7,0,0
7586,7,1,0
7586,7,2,0
7587,1,0,1
7587,2,1,1
7587,3,0,1
7587,3,1,1
7587,4,2,1
7587,5,0,1
7587,5,2,1
7587,6,1,1
7587,6,2,1
7587,7,0,1
7587,7,1,1
7587,7,2,1
7588,1,0,1
7588,2,1,1
7588,3,0,1
7588,3,1,1
7588,4,2,1
7588,5,0,1
7588,5,2,1
7588,6,1,1
7588,6,2,1
7588,7,0,1
7588,7,1,1
7588,7,2,1
7589,1,0,0
7589,2,1,0
7589,3,0,0
7589,3,1,0
7589,4,2,0
7589,5,0,0
7589,5,2,0
7589,6,1,0
7589,6,2,0
7589,7,0,0
7589,7,1,0
7589,7,2,0
7590,1,0,0
7590,2,1,0
7590,3,0,0
7590,3,1,0
7590,4,2,0
7590,5,0,0
7590,5,2,0
7590,6,1,0
7590,6,2,0
7590,7,0,0
7590,7,1,0
7590,7,2,0
7591,1,0,0
7591,2,1,0
7591,3,0,0
7591,3,1,0
7591,4,2,0
7591,5,0,0
7591,5,2,0
7591,6,1,0
7591,6,2,0
7591,7,0,0
7591,7,1,0
7591,7,2,0
7592,1,0,0
7592,2,1,0
7592,3,0,0
7592,3,1,0
7592,4,2,0
7592,5,0,0
7592,5,2,0
7592,6,1,0
7592,6,2,0
7592,7,0,0
7592,7,1,0
7592,7,2,0
7593,1,0,0
7593,2,1,0
7593,3,0,0
7593,3,1,0
7593,4,2,0
7593,5,0,0
7593,5,2,0
7593,6,1,0
7593,6,2,0
7593,7,0,0
7593,7,1,0
7593,7,2,0
7594,1,0,0
7594,2,1,0
7594,3,0,0
7594,3,1,0
7594,4,2,0
7594,5,0,0
7594,5,2,0
7594,6,1,0
7594,6,2,0
7594,7,0,0
7594,7,1,0
7594,7,2,0
7595,1,0,0
7595,2,1,0
7595,3,0,0
7595,3,1,0
7595,4,2,0
7595,5,0,0
7595,5,2,0
7595,6,1,0
7595,6,2,0
7595,7,0,0
7595,7,1,0
7595,7,2,0
7596,1,0,1
7596,2,1,1
7596,3,0,1
7596,3,1,1
7596,4,2,1
7596,5,0,1
7596,5,2,1
7596,6,1,1
7596,6,2,1
7596,7,0,1
7596,7,1,1
7596,7,2,1
7597,1,0,1
7597,2,1,1
7597,3,0,1
7597,3,1,1
7597,4,2,1
7597,5,0,1
7597,5,2,1
7597,6,1,1
7597,6,2,1
7597,7,0,1
7597,7,1,1
7597,7,2,1
7598,1,0,0
7598,2,1,0
7598,3,0,0
7598,3,1,0
7598,4,2,0
7598,5,0,0
7598,5,2,0
7598,6,1,0
7598,6,2,0
7598,7,0,0
7598,7,1,0
7598,7,2,0
7599,1,0,0
7599,2,1,0
7599,3,0,0
7599,3,1,0
7599,4,2,0
7599,5,0,0
7599,5,2,0
7599,6,1,0
7599,6,2,0
7599,7,0,0
7599,7,1,0
7599,7,2,0
7600,1,0,0
7600,2,1,0
7600,3,0,0
7600,3,1,0
7600,4,2,0
7600,5,0,0
7600,5,2,0
7600,6,1,0
7600,6,2,0
7600,7,0,0
7600,7,1,0
7600,7,2,0
7601,1,0,0
7601,2,1,0
7601,3,0,0
7601,3,1,0
7601,4,2,0
7601,5,0,0
7601,5,2,0
7601,6,1,0
7601,6,2,0
7601,7,0,0
7601,7,1,0
7601,7,2,0
7602,1,0,0
7602,2,1,0
7602,3,0,0
7602,3,1,0
7602,4,2,0
7602,5,0,0
7602,5,2,0
7602,6,1,0
7602,6,2,0
7602,7,0,0
7602,7,1,0
7602,7,2,0
7603,1,0,0
7603,2,1,0
7603,3,0,0
7603,3,1,0
7603,4,2,0
7603,5,0,0
7603,5,2,0
7603,6,1,0
7603,6,2,0
7603,7,0,0
7603,7,1,0
7603,7,2,0
7604,1,0,0
7604,2,1,0
7604,3,0,0
7604,3,1,0
7604,4,2,0
7604,5,0,0
7604,5,2,0
7604,6,1,0
7604,6,2,0
7604,7,0,0
7604,7,1,0
7604,7,2,0
7605,1,0,0
7605,2,1,0
7605,3,0,0
7605,3,1,0
7605,4,2,0
7605,5,0,0
7605,5,2,0
7605,6,1,0
7605,6,2,0
7605,7,0,0
7605,7,1,0
7605,7,2,0
7606,1,0,0
7606,2,1,0
7606,3,0,0
7606,3,1,0
7606,4,2,0
7606,5,0,0
7606,5,2,0
7606,6,1,0
7606,6,2,0
7606,7,0,0
7606,7,1,0
7606,7,2,0
7607,1,0,0
7607,2,1,0
7607,3,0,0
7607,3,1,0
7607,4,2,0
7607,5,0,0
7607,5,2,0
7607,6,1,0
7607,6,2,0
7607,7,0,0
7607,7,1,0
7607,7,2,0
7608,1,0,0
7608,2,1,0
7608,3,0,0
7608,3,1,0
7608,4,2,0
7608,5,0,0
7608,5,2,0
7608,6,1,0
7608,6,2,0
7608,7,0,0
7608,7,1,0
7608,7,2,0
7609,1,0,0
7609,2,1,0
7609,3,0,0
7609,3,1,0
7609,4,2,0
7609,5,0,0
7609,5,2,0
7609,6,1,0
7609,6,2,0
7609,7,0,0
7609,7,1,0
7609,7,2,0
7610,1,0,0
7610,2,1,0
7610,3,0,0
7610,3,1,0
7610,4,2,0
7610,5,0,0
7610,5,2,0
7610,6,1,0
7610,6,2,0
7610,7,0,0
7610,7,1,0
7610,7,2,0
7611,1,0,0
7611,2,1,0
7611,3,0,0
7611,3,1,0
7611,4,2,0
7611,5,0,0
7611,5,2,0
7611,6,1,0
7611,6,2,0
7611,7,0,0
7611,7,1,0
7611,7,2,0
7612,1,0,0
7612,2,1,0
7612,3,0,0
7612,3,1,0
7612,4,2,0
7612,5,0,0
7612,5,2,0
7612,6,1,0
7612,6,2,0
7612,7,0,0
7612,7,1,0
7612,7,2,0
7613,1,0,0
7613,2,1,0
7613,3,0,0
7613,3,1,0
7613,4,2,0
7613,5,0,0
7613,5,2,0
7613,6,1,0
7613,6,2,0
7613,7,0,0
7613,7,1,0
7613,7,2,0
7614,1,0,1
7614,2,1,1
7614,3,0,1
7614,3,1,1
7614,4,2,1
7614,5,0,1
7614,5,2,1
7614,6,1,1
7614,6,2,1
7614,7,0,1
7614,7,1,1
7614,7,2,1
7615,1,0,1
7615,2,1,1
7615,3,0,1
7615,3,1,1
7615,4,2,1
7615,5,0,1
7615,5,2,1
7615,6,1,1
7615,6,2,1
7615,7,0,1
7615,7,1,1
7615,7,2,1
7616,1,0,0
7616,2,1,0
7616,3,0,0
7616,3,1,0
7616,4,2,0
7616,5,0,0
7616,5,2,0
7616,6,1,0
7616,6,2,0
7616,7,0,0
7616,7,1,0
7616,7,2,0
7617,1,0,1
7617,2,1,1
7617,3,0,1
7617,3,1,1
7617,4,2,1
7617,5,0,1
7617,5,2,1
7617,6,1,1
7617,6,2,1
7617,7,0,1
7617,7,1,1
7617,7,2,1
7618,1,0,1
7618,2,1,1
7618,3,0,1
7618,3,1,1
7618,4,2,1
7618,5,0,1
7618,5,2,1
7618,6,1,1
7618,6,2,1
7618,7,0,1
7618,7,1,1
7618,7,2,1
7619,1,0,0
7619,2,1,0
7619,3,0,0
7619,3,1,0
7619,4,2,0
7619,5,0,0
7619,5,2,0
7619,6,1,0
7619,6,2,0
7619,7,0,0
7619,7,1,0
7619,7,2,0
7620,1,0,0
7620,2,1,0
7620,3,0,0
7620,3,1,0
7620,4,2,0
7620,5,0,0
7620,5,2,0
7620,6,1,0
7620,6,2,0
7620,7,0,0
7620,7,1,0
7620,7,2,0
7621,1,0,0
7621,2,1,0
7621,3,0,0
7621,3,1,0
7621,4,2,0
7621,5,0,0
7621,5,2,0
7621,6,1,0
7621,6,2,0
7621,7,0,0
7621,7,1,0
7621,7,2,0
7622,1,0,0
7622,2,1,0
7622,3,0,0
7622,3,1,0
7622,4,2,0
7622,5,0,0
7622,5,2,0
7622,6,1,0
7622,6,2,0
7622,7,0,0
7622,7,1,0
7622,7,2,0
7623,1,0,1
7623,2,1,1
7623,3,0,1
7623,3,1,1
7623,4,2,1
7623,5,0,1
7623,5,2,1
7623,6,1,1
7623,6,2,1
7623,7,0,1
7623,7,1,1
7623,7,2,1
7624,1,0,1
7624,2,1,1
7624,3,0,1
7624,3,1,1
7624,4,2,1
7624,5,0,1
7624,5,2,1
7624,6,1,1
7624,6,2,1
7624,7,0,1
7624,7,1,1
7624,7,2,1
7625,1,0,0
7625,2,1,0
7625,3,0,0
7625,3,1,0
7625,4,2,0
7625,5,0,0
7625,5,2,0
7625,6,1,0
7625,6,2,0
7625,7,0,0
7625,7,1,0
7625,7,2,0
7626,1,0,1
7626,2,1,1
7626,3,0,1
7626,3,1,1
7626,4,2,1
7626,5,0,1
7626,5,2,1
7626,6,1,1
7626,6,2,1
7626,7,0,1
7626,7,1,1
7626,7,2,1
7627,1,0,1
7627,2,1,1
7627,3,0,1
7627,3,1,1
7627,4,2,1
7627,5,0,1
7627,5,2,1
7627,6,1,1
7627,6,2,1
7627,7,0,1
7627,7,1,1
7627,7,2,1
7628,1,0,0
7628,2,1,0
7628,3,0,0
7628,3,1,0
7628,4,2,0
7628,5,0,0
7628,5,2,0
7628,6,1,0
7628,6,2,0
7628,7,0,0
7628,7,1,0
7628,7,2,0
7629,1,0,0
7629,2,1,0
7629,3,0,0
7629,3,1,0
7629,4,2,0
7629,5,0,0
7629,5,2,0
7629,6,1,0
7629,6,2,0
7629,7,0,0
7629,7,1,0
7629,7,2,0
7630,1,0,0
7630,2,1,0
7630,3,0,0
7630,3,1,0
7630,4,2,0
7630,5,0,0
7630,5,2,0
7630,6,1,0
7630,6,2,0
7630,7,0,0
7630,7,1,0
7630,7,2,0
7631,1,0,0
7631,2,1,0
7631,3,0,0
7631,3,1,0
7631,4,2,0
7631,5,0,0
7631,5,2,0
7631,6,1,0
7631,6,2,0
7631,7,0,0
7631,7,1,0
7631,7,2,0
7632,1,0,0
7632,2,1,0
7632,3,0,0
7632,3,1,0
7632,4,2,0
7632,5,0,0
7632,5,2,0
7632,6,1,0
7632,6,2,0
7632,7,0,0
7632,7,1,0
7632,7,2,0
7633,1,0,0
7633,2,1,0
7633,3,0,0
7633,3,1,0
7633,4,2,0
7633,5,0,0
7633,5,2,0
7633,6,1,0
7633,6,2,0
7633,7,0,0
7633,7,1,0
7633,7,2,0
7634,1,0,0
7634,2,1,0
7634,3,0,0
7634,3,1,0
7634,4,2,0
7634,5,0,0
7634,5,2,0
7634,6,1,0
7634,6,2,0
7634,7,0,0
7634,7,1,0
7634,7,2,0
7635,1,0,0
7635,2,1,0
7635,3,0,0
7635,3,1,0
7635,4,2,0
7635,5,0,0
7635,5,2,0
7635,6,1,0
7635,6,2,0
7635,7,0,0
7635,7,1,0
7635,7,2,0
7636,1,0,0
7636,2,1,0
7636,3,0,0
7636,3,1,0
7636,4,2,0
7636,5,0,0
7636,5,2,0
7636,6,1,0
7636,6,2,0
7636,7,0,0
7636,7,1,0
7636,7,2,0
7637,1,0,0
7637,2,1,0
7637,3,0,0
7637,3,1,0
7637,4,2,0
7637,5,0,0
7637,5,2,0
7637,6,1,0
7637,6,2,0
7637,7,0,0
7637,7,1,0
7637,7,2,0
7638,1,0,0
7638,2,1,0
7638,3,0,0
7638,3,1,0
7638,4,2,0
7638,5,0,0
7638,5,2,0
7638,6,1,0
7638,6,2,0
7638,7,0,0
7638,7,1,0
7638,7,2,0
7639,1,0,0
7639,2,1,0
7639,3,0,0
7639,3,1,0
7639,4,2,0
7639,5,0,0
7639,5,2,0
7639,6,1,0
7639,6,2,0
7639,7,0,0
7639,7,1,0
7639,7,2,0
7640,1,0,0
7640,2,1,0
7640,3,0,0
7640,3,1,0
7640,4,2,0
7640,5,0,0
7640,5,2,0
7640,6,1,0
7640,6,2,0
7640,7,0,0
7640,7,1,0
7640,7,2,0
7641,1,0,1
7641,2,1,1
7641,3,0,1
7641,3,1,1
7641,4,2,1
7641,5,0,1
7641,5,2,1
7641,6,1,1
7641,6,2,1
7641,7,0,1
7641,7,1,1
7641,7,2,1
7642,1,0,1
7642,2,1,1
7642,3,0,1
7642,3,1,1
7642,4,2,1
7642,5,0,1
7642,5,2,1
7642,6,1,1
7642,6,2,1
7642,7,0,1
7642,7,1,1
7642,7,2,1
7643,1,0,0
7643,2,1,0
7643,3,0,0
7643,3,1,0
7643,4,2,0
7643,5,0,0
7643,5,2,0
7643,6,1,0
7643,6,2,0
7643,7,0,0
7643,7,1,0
7643,7,2,0
7644,1,0,1
7644,2,1,1
7644,3,0,1
7644,3,1,1
7644,4,2,1
7644,5,0,1
7644,5,2,1
7644,6,1,1
7644,6,2,1
7644,7,0,1
7644,7,1,1
7644,7,2,1
7645,1,0,1
7645,2,1,1
7645,3,0,1
7645,3,1,1
7645,4,2,1
7645,5,0,1
7645,5,2,1
7645,6,1,1
7645,6,2,1
7645,7,0,1
7645,7,1,1
7645,7,2,1
7646,1,0,0
7646,2,1,0
7646,3,0,0
7646,3,1,0
7646,4,2,0
7646,5,0,0
7646,5,2,0
7646,6,1,0
7646,6,2,0
7646,7,0,0
7646,7,1,0
7646,7,2,0
7647,1,0,0
7647,2,1,0
7647,3,0,0
7647,3,1,0
7647,4,2,0
7647,5,0,0
7647,5,2,0
7647,6,1,0
7647,6,2,0
7647,7,0,0
7647,7,1,0
7647,7,2,0
7648,1,0,0
7648,2,1,0
7648,3,0,0
7648,3,1,0
7648,4,2,0
7648,5,0,0
7648,5,2,0
7648,6,1,0
7648,6,2,0
7648,7,0,0
7648,7,1,0
7648,7,2,0
7649,1,0,0
7649,2,1,0
7649,3,0,0
7649,3,1,0
7649,4,2,0
7649,5,0,0
7649,5,2,0
7649,6,1,0
7649,6,2,0
7649,7,0,0
7649,7,1,0
7649,7,2,0
7650,1,0,1
7650,2,1,1
7650,3,0,1
7650,3,1,1
7650,4,2,1
7650,5,0,1
7650,5,2,1
7650,6,1,1
7650,6,2,1
7650,7,0,1
7650,7,1,1
7650,7,2,1
7651,1,0,1
7651,2,1,1
7651,3,0,1
7651,3,1,1
7651,4,2,1
7651,5,0,1
7651,5,2,1
7651,6,1,1
7651,6,2,1
7651,7,0,1
7651,7,1,1
7651,7,2,1
7652,1,0,0
7652,2,1,0
7652,3,0,0
7652,3,1,0
7652,4,2,0
7652,5,0,0
7652,5,2,0
7652,6,1,0
7652,6,2,0
7652,7,0,0
7652,7,1,0
7652,7,2,0
7653,1,0,1
7653,2,1,1
7653,3,0,1
7653,3,1,1
7653,4,2,1
7653,5,0,1
7653,5,2,1
7653,6,1,1
7653,6,2,1
7653,7,0,1
7653,7,1,1
7653,7,2,1
7654,1,0,1
7654,2,1,1
7654,3,0,1
7654,3,1,1
7654,4,2,1
7654,5,0,1
7654,5,2,1
7654,6,1,1
7654,6,2,1
7654,7,0,1
7654,7,1,1
7654,7,2,1
7655,1,0,0
7655,2,1,0
7655,3,0,0
7655,3,1,0
7655,4,2,0
7655,5,0,0
7655,5,2,0
7655,6,1,0
7655,6,2,0
7655,7,0,0
7655,7,1,0
7655,7,2,0
7656,1,0,0
7656,2,1,0
7656,3,0,0
7656,3,1,0
7656,4,2,0
7656,5,0,0
7656,5,2,0
7656,6,1,0
7656,6,2,0
7656,7,0,0
7656,7,1,0
7656,7,2,0
7657,1,0,0
7657,2,1,0
7657,3,0,0
7657,3,1,0
7657,4,2,0
7657,5,0,0
7657,5,2,0
7657,6,1,0
7657,6,2,0
7657,7,0,0
7657,7,1,0
7657,7,2,0
7658,1,0,0
7658,2,1,0
7658,3,0,0
7658,3,1,0
7658,4,2,0
7658,5,0,0
7658,5,2,0
7658,6,1,0
7658,6,2,0
7658,7,0,0
7658,7,1,0
7658,7,2,0
7659,1,0,0
7659,2,1,0
7659,3,0,0
7659,3,1,0
7659,4,2,0
7659,5,0,0
7659,5,2,0
7659,6,1,0
7659,6,2,0
7659,7,0,0
7659,7,1,0
7659,7,2,0
7660,1,0,0
7660,2,1,0
7660,3,0,0
7660,3,1,0
7660,4,2,0
7660,5,0,0
7660,5,2,0
7660,6,1,0
7660,6,2,0
7660,7,0,0
7660,7,1,0
7660,7,2,0
7661,1,0,0
7661,2,1,0
7661,3,0,0
7661,3,1,0
7661,4,2,0
7661,5,0,0
7661,5,2,0
7661,6,1,0
7661,6,2,0
7661,7,0,0
7661,7,1,0
7661,7,2,0
7662,1,0,0
7662,2,1,0
7662,3,0,0
7662,3,1,0
7662,4,2,0
7662,5,0,0
7662,5,2,0
7662,6,1,0
7662,6,2,0
7662,7,0,0
7662,7,1,0
7662,7,2,0
7663,1,0,0
7663,2,1,0
7663,3,0,0
7663,3,1,0
7663,4,2,0
7663,5,0,0
7663,5,2,0
7663,6,1,0
7663,6,2,0
7663,7,0,0
7663,7,1,0
7663,7,2,0
7664,1,0,0
7664,2,1,0
7664,3,0,0
7664,3,1,0
7664,4,2,0
7664,5,0,0
7664,5,2,0
7664,6,1,0
7664,6,2,0
7664,7,0,0
7664,7,1,0
7664,7,2,0
7665,1,0,0
7665,2,1,0
7665,3,0,0
7665,3,1,0
7665,4,2,0
7665,5,0,0
7665,5,2,0
7665,6,1,0
7665,6,2,0
7665,7,0,0
7665,7,1,0
7665,7,2,0
7666,1,0,0
7666,2,1,0
7666,3,0,0
7666,3,1,0
7666,4,2,0
7666,5,0,0
7666,5,2,0
7666,6,1,0
7666,6,2,0
7666,7,0,0
7666,7,1,0
7666,7,2,0
7667,1,0,0
7667,2,1,0
7667,3,0,0
7667,3,1,0
7667,4,2,0
7667,5,0,0
7667,5,2,0
7667,6,1,0
7667,6,2,0
7667,7,0,0
7667,7,1,0
7667,7,2,0
7668,1,0,1
7668,2,1,1
7668,3,0,1
7668,3,1,1
7668,4,2,1
7668,5,0,1
7668,5,2,1
7668,6,1,1
7668,6,2,1
7668,7,0,1
7668,7,1,1
7668,7,2,1
7669,1,0,1
7669,2,1,1
7669,3,0,1
7669,3,1,1
7669,4,2,1
7669,5,0,1
7669,5,2,1
7669,6,1,1
7669,6,2,1
7669,7,0,1
7669,7,1,1
7669,7,2,1
7670,1,0,0
7670,2,1,0
7670,3,0,0
7670,3,1,0
7670,4,2,0
7670,5,0,0
7670,5,2,0
7670,6,1,0
7670,6,2,0
7670,7,0,0
7670,7,1,0
7670,7,2,0
7671,1,0,0
7671,2,1,0
7671,3,0,0
7671,3,1,0
7671,4,2,0
7671,5,0,0
7671,5,2,0
7671,6,1,0
7671,6,2,0
7671,7,0,0
7671,7,1,0
7671,7,2,0
7672,1,0,0
7672,2,1,0
7672,3,0,0
7672,3,1,0
7672,4,2,0
7672,5,0,0
7672,5,2,0
7672,6,1,0
7672,6,2,0
7672,7,0,0
7672,7,1,0
7672,7,2,0
7673,1,0,0
7673,2,1,0
7673,3,0,0
7673,3,1,0
7673,4,2,0
7673,5,0,0
7673,5,2,0
7673,6,1,0
7673,6,2,0
7673,7,0,0
7673,7,1,0
7673,7,2,0
7674,1,0,0
7674,2,1,0
7674,3,0,0
7674,3,1,0
7674,4,2,0
7674,5,0,0
7674,5,2,0
7674,6,1,0
7674,6,2,0
7674,7,0,0
7674,7,1,0
7674,7,2,0
7675,1,0,0
7675,2,1,0
7675,3,0,0
7675,3,1,0
7675,4,2,0
7675,5,0,0
7675,5,2,0
7675,6,1,0
7675,6,2,0
7675,7,0,0
7675,7,1,0
7675,7,2,0
7676,1,0,0
7676,2,1,0
7676,3,0,0
7676,3,1,0
7676,4,2,0
7676,5,0,0
7676,5,2,0
7676,6,1,0
7676,6,2,0
7676,7,0,0
7676,7,1,0
7676,7,2,0
7677,1,0,1
7677,2,1,1
7677,3,0,1
7677,3,1,1
7677,4,2,1
7677,5,0,1
7677,5,2,1
7677,6,1,1
7677,6,2,1
7677,7,0,1
7677,7,1,1
7677,7,2,1
7678,1,0,1
7678,2,1,1
7678,3,0,1
7678,3,1,1
7678,4,2,1
7678,5,0,1
7678,5,2,1
7678,6,1,1
7678,6,2,1
7678,7,0,1
7678,7,1,1
7678,7,2,1
7679,1,0,0
7679,2,1,0
7679,3,0,0
7679,3,1,0
7679,4,2,0
7679,5,0,0
7679,5,2,0
7679,6,1,0
7679,6,2,0
7679,7,0,0
7679,7,1,0
7679,7,2,0
7680,1,0,0
7680,2,1,0
7680,3,0,0
7680,3,1,0
7680,4,2,0
7680,5,0,0
7680,5,2,0
7680,6,1,0
7680,6,2,0
7680,7,0,0
7680,7,1,0
7680,7,2,0
7681,1,0,0
7681,2,1,0
7681,3,0,0
7681,3,1,0
7681,4,2,0
7681,5,0,0
7681,5,2,0
7681,6,1,0
7681,6,2,0
7681,7,0,0
7681,7,1,0
7681,7,2,0
7682,1,0,0
7682,2,1,0
7682,3,0,0
7682,3,1,0
7682,4,2,0
7682,5,0,0
7682,5,2,0
7682,6,1,0
7682,6,2,0
7682,7,0,0
7682,7,1,0
7682,7,2,0
7683,1,0,0
7683,2,1,0
7683,3,0,0
7683,3,1,0
7683,4,2,0
7683,5,0,0
7683,5,2,0
7683,6,1,0
7683,6,2,0
7683,7,0,0
7683,7,1,0
7683,7,2,0
7684,1,0,0
7684,2,1,0
7684,3,0,0
7684,3,1,0
7684,4,2,0
7684,5,0,0
7684,5,2,0
7684,6,1,0
7684,6,2,0
7684,7,0,0
7684,7,1,0
7684,7,2,0
7685,1,0,0
7685,2,1,0
7685,3,0,0
7685,3,1,0
7685,4,2,0
7685,5,0,0
7685,5,2,0
7685,6,1,0
7685,6,2,0
7685,7,0,0
7685,7,1,0
7685,7,2,0
7686,1,0,0
7686,2,1,0
7686,3,0,0
7686,3,1,0
7686,4,2,0
7686,5,0,0
7686,5,2,0
7686,6,1,0
7686,6,2,0
7686,7,0,0
7686,7,1,0
7686,7,2,0
7687,1,0,0
7687,2,1,0
7687,3,0,0
7687,3,1,0
7687,4,2,0
7687,5,0,0
7687,5,2,0
7687,6,1,0
7687,6,2,0
7687,7,0,0
7687,7,1,0
7687,7,2,0
7688,1,0,0
7688,2,1,0
7688,3,0,0
7688,3,1,0
7688,4,2,0
7688,5,0,0
7688,5,2,0
7688,6,1,0
7688,6,2,0
7688,7,0,0
7688,7,1,0
7688,7,2,0
7689,1,0,0
7689,2,1,0
7689,3,0,0
7689,3,1,0
7689,4,2,0
7689,5,0,0
7689,5,2,0
7689,6,1,0
7689,6,2,0
7689,7,0,0
7689,7,1,0
7689,7,2,0
7690,1,0,0
7690,2,1,0
7690,3,0,0
7690,3,1,0
7690,4,2,0
7690,5,0,0
7690,5,2,0
7690,6,1,0
7690,6,2,0
7690,7,0,0
7690,7,1,0
7690,7,2,0
7691,1,0,0
7691,2,1,0
7691,3,0,0
7691,3,1,0
7691,4,2,0
7691,5,0,0
7691,5,2,0
7691,6,1,0
7691,6,2,0
7691,7,0,0
7691,7,1,0
7691,7,2,0
7692,1,0,0
7692,2,1,0
7692,3,0,0
7692,3,1,0
7692,4,2,0
7692,5,0,0
7692,5,2,0
7692,6,1,0
7692,6,2,0
7692,7,0,0
7692,7,1,0
7692,7,2,0
7693,1,0,0
7693,2,1,0
7693,3,0,0
7693,3,1,0
7693,4,2,0
7693,5,0,0
7693,5,2,0
7693,6,1,0
7693,6,2,0
7693,7,0,0
7693,7,1,0
7693,7,2,0
7694,1,0,0
7694,2,1,0
7694,3,0,0
7694,3,1,0
7694,4,2,0
7694,5,0,0
7694,5,2,0
7694,6,1,0
7694,6,2,0
7694,7,0,0
7694,7,1,0
7694,7,2,0
7695,1,0,1
7695,2,1,0
7695,3,0,1
7695,3,1,0
7695,4,2,1
7695,5,0,1
7695,5,2,1
7695,6,1,0
7695,6,2,1
7695,7,0,1
7695,7,1,0
7695,7,2,1
7696,1,0,1
7696,2,1,0
7696,3,0,1
7696,3,1,0
7696,4,2,1
7696,5,0,1
7696,5,2,1
7696,6,1,0
7696,6,2,1
7696,7,0,1
7696,7,1,0
7696,7,2,1
7697,1,0,0
7697,2,1,0
7697,3,0,0
7697,3,1,0
7697,4,2,0
7697,5,0,0
7697,5,2,0
7697,6,1,0
7697,6,2,0
7697,7,0,0
7697,7,1,0
7697,7,2,0
7698,1,0,0
7698,2,1,0
7698,3,0,0
7698,3,1,0
7698,4,2,0
7698,5,0,0
7698,5,2,0
7698,6,1,0
7698,6,2,0
7698,7,0,0
7698,7,1,0
7698,7,2,0
7699,1,0,0
7699,2,1,0
7699,3,0,0
7699,3,1,0
7699,4,2,0
7699,5,0,0
7699,5,2,0
7699,6,1,0
7699,6,2,0
7699,7,0,0
7699,7,1,0
7699,7,2,0
7700,1,0,0
7700,2,1,0
7700,3,0,0
7700,3,1,0
7700,4,2,0
7700,5,0,0
7700,5,2,0
7700,6,1,0
7700,6,2,0
7700,7,0,0
7700,7,1,0
7700,7,2,0
7701,1,0,0
7701,2,1,0
7701,3,0,0
7701,3,1,0
7701,4,2,0
7701,5,0,0
7701,5,2,0
7701,6,1,0
7701,6,2,0
7701,7,0,0
7701,7,1,0
7701,7,2,0
7702,1,0,0
7702,2,1,0
7702,3,0,0
7702,3,1,0
7702,4,2,0
7702,5,0,0
7702,5,2,0
7702,6,1,0
7702,6,2,0
7702,7,0,0
7702,7,1,0
7702,7,2,0
7703,1,0,0
7703,2,1,0
7703,3,0,0
7703,3,1,0
7703,4,2,0
7703,5,0,0
7703,5,2,0
7703,6,1,0
7703,6,2,0
7703,7,0,0
7703,7,1,0
7703,7,2,0
7704,1,0,1
7704,2,1,0
7704,3,0,1
7704,3,1,0
7704,4,2,1
7704,5,0,1
7704,5,2,1
7704,6,1,0
7704,6,2,1
7704,7,0,1
7704,7,1,0
7704,7,2,1
7705,1,0,1
7705,2,1,0
7705,3,0,1
7705,3,1,0
7705,4,2,1
7705,5,0,1
7705,5,2,1
7705,6,1,0
7705,6,2,1
7705,7,0,1
7705,7,1,0
7705,7,2,1
7706,1,0,0
7706,2,1,0
7706,3,0,0
7706,3,1,0
7706,4,2,0
7706,5,0,0
7706,5,2,0
7706,6,1,0
7706,6,2,0
7706,7,0,0
7706,7,1,0
7706,7,2,0
7707,1,0,0
7707,2,1,0
7707,3,0,0
7707,3,1,0
7707,4,2,0
7707,5,0,0
7707,5,2,0
7707,6,1,0
7707,6,2,0
7707,7,0,0
7707,7,1,0
7707,7,2,0
7708,1,0,0
7708,2,1,0
7708,3,0,0
7708,3,1,0
7708,4,2,0
7708,5,0,0
7708,5,2,0
7708,6,1,0
7708,6,2,0
7708,7,0,0
7708,7,1,0
7708,7,2,0
7709,1,0,0
7709,2,1,0
7709,3,0,0
7709,3,1,0
7709,4,2,0
7709,5,0,0
7709,5,2,0
7709,6,1,0
7709,6,2,0
7709,7,0,0
7709,7,1,0
7709,7,2,0
7710,1,0,0
7710,2,1,0
7710,3,0,0
7710,3,1,0
7710,4,2,0
7710,5,0,0
7710,5,2,0
7710,6,1,0
7710,6,2,0
7710,7,0,0
7710,7,1,0
7710,7,2,0
7711,1,0,0
7711,2,1,0
7711,3,0,0
7711,3,1,0
7711,4,2,0
7711,5,0,0
7711,5,2,0
7711,6,1,0
7711,6,2,0
7711,7,0,0
7711,7,1,0
7711,7,2,0
7712,1,0,0
7712,2,1,0
7712,3,0,0
7712,3,1,0
7712,4,2,0
7712,5,0,0
7712,5,2,0
7712,6,1,0
7712,6,2,0
7712,7,0,0
7712,7,1,0
7712,7,2,0
7713,1,0,0
7713,2,1,0
7713,3,0,0
7713,3,1,0
7713,4,2,0
7713,5,0,0
7713,5,2,0
7713,6,1,0
7713,6,2,0
7713,7,0,0
7713,7,1,0
7713,7,2,0
7714,1,0,0
7714,2,1,0
7714,3,0,0
7714,3,1,0
7714,4,2,0
7714,5,0,0
7714,5,2,0
7714,6,1,0
7714,6,2,0
7714,7,0,0
7714,7,1,0
7714,7,2,0
7715,1,0,0
7715,2,1,0
7715,3,0,0
7715,3,1,0
7715,4,2,0
7715,5,0,0
7715,5,2,0
7715,6,1,0
7715,6,2,0
7715,7,0,0
7715,7,1,0
7715,7,2,0
7716,1,0,0
7716,2,1,0
7716,3,0,0
7716,3,1,0
7716,4,2,0
7716,5,0,0
7716,5,2,0
7716,6,1,0
7716,6,2,0
7716,7,0,0
7716,7,1,0
7716,7,2,0
7717,1,0,0
7717,2,1,0
7717,3,0,0
7717,3,1,0
7717,4,2,0
7717,5,0,0
7717,5,2,0
7717,6,1,0
7717,6,2,0
7717,7,0,0
7717,7,1,0
7717,7,2,0
7718,1,0,0
7718,2,1,0
7718,3,0,0
7718,3,1,0
7718,4,2,0
7718,5,0,0
7718,5,2,0
7718,6,1,0
7718,6,2,0
7718,7,0,0
7718,7,1,0
7718,7,2,0
7719,1,0,0
7719,2,1,0
7719,3,0,0
7719,3,1,0
7719,4,2,0
7719,5,0,0
7719,5,2,0
7719,6,1,0
7719,6,2,0
7719,7,0,0
7719,7,1,0
7719,7,2,0
7720,1,0,0
7720,2,1,0
7720,3,0,0
7720,3,1,0
7720,4,2,0
7720,5,0,0
7720,5,2,0
7720,6,1,0
7720,6,2,0
7720,7,0,0
7720,7,1,0
7720,7,2,0
7721,1,0,0
7721,2,1,0
7721,3,0,0
7721,3,1,0
7721,4,2,0
7721,5,0,0
7721,5,2,0
7721,6,1,0
7721,6,2,0
7721,7,0,0
7721,7,1,0
7721,7,2,0
7722,1,0,1
7722,2,1,0
7722,3,0,1
7722,3,1,0
7722,4,2,1
7722,5,0,1
7722,5,2,1
7722,6,1,0
7722,6,2,1
7722,7,0,1
7722,7,1,0
7722,7,2,1
7723,1,0,1
7723,2,1,0
7723,3,0,1
7723,3,1,0
7723,4,2,1
7723,5,0,1
7723,5,2,1
7723,6,1,0
7723,6,2,1
7723,7,0,1
7723,7,1,0
7723,7,2,1
7724,1,0,0
7724,2,1,0
7724,3,0,0
7724,3,1,0
7724,4,2,0
7724,5,0,0
7724,5,2,0
7724,6,1,0
7724,6,2,0
7724,7,0,0
7724,7,1,0
7724,7,2,0
7725,1,0,0
7725,2,1,0
7725,3,0,0
7725,3,1,0
7725,4,2,0
7725,5,0,0
7725,5,2,0
7725,6,1,0
7725,6,2,0
7725,7,0,0
7725,7,1,0
7725,7,2,0
7726,1,0,0
7726,2,1,0
7726,3,0,0
7726,3,1,0
7726,4,2,0
7726,5,0,0
7726,5,2,0
7726,6,1,0
7726,6,2,0
7726,7,0,0
7726,7,1,0
7726,7,2,0
7727,1,0,0
7727,2,1,0
7727,3,0,0
7727,3,1,0
7727,4,2,0
7727,5,0,0
7727,5,2,0
7727,6,1,0
7727,6,2,0
7727,7,0,0
7727,7,1,0
7727,7,2,0
7728,1,0,0
7728,2,1,0
7728,3,0,0
7728,3,1,0
7728,4,2,0
7728,5,0,0
7728,5,2,0
7728,6,1,0
7728,6,2,0
7728,7,0,0
7728,7,1,0
7728,7,2,0
7729,1,0,0
7729,2,1,0
7729,3,0,0
7729,3,1,0
7729,4,2,0
7729,5,0,0
7729,5,2,0
7729,6,1,0
7729,6,2,0
7729,7,0,0
7729,7,1,0
7729,7,2,0
7730,1,0,0
7730,2,1,0
7730,3,0,0
7730,3,1,0
7730,4,2,0
7730,5,0,0
7730,5,2,0
7730,6,1,0
7730,6,2,0
7730,7,0,0
7730,7,1,0
7730,7,2,0
7731,1,0,1
7731,2,1,0
7731,3,0,1
7731,3,1,0
7731,4,2,1
7731,5,0,1
7731,5,2,1
7731,6,1,0
7731,6,2,1
7731,7,0,1
7731,7,1,0
7731,7,2,1
7732,1,0,1
7732,2,1,0
7732,3,0,1
7732,3,1,0
7732,4,2,1
7732,5,0,1
7732,5,2,1
7732,6,1,0
7732,6,2,1
7732,7,0,1
7732,7,1,0
7732,7,2,1
7733,1,0,0
7733,2,1,0
7733,3,0,0
7733,3,1,0
7733,4,2,0
7733,5,0,0
7733,5,2,0
7733,6,1,0
7733,6,2,0
7733,7,0,0
7733,7,1,0
7733,7,2,0
7734,1,0,0
7734,2,1,0
7734,3,0,0
7734,3,1,0
7734,4,2,0
7734,5,0,0
7734,5,2,0
7734,6,1,0
7734,6,2,0
7734,7,0,0
7734,7,1,0
7734,7,2,0
7735,1,0,0
7735,2,1,0
7735,3,0,0
7735,3,1,0
7735,4,2,0
7735,5,0,0
7735,5,2,0
7735,6,1,0
7735,6,2,0
7735,7,0,0
7735,7,1,0
7735,7,2,0
7736,1,0,0
7736,2,1,0
7736,3,0,0
7736,3,1,0
7736,4,2,0
7736,5,0,0
7736,5,2,0
7736,6,1,0
7736,6,2,0
7736,7,0,0
7736,7,1,0
7736,7,2,0
7737,1,0,0
7737,2,1,0
7737,3,0,0
7737,3,1,0
7737,4,2,0
7737,5,0,0
7737,5,2,0
7737,6,1,0
7737,6,2,0
7737,7,0,0
7737,7,1,0
7737,7,2,0
7738,1,0,0
7738,2,1,0
7738,3,0,0
7738,3,1,0
7738,4,2,0
7738,5,0,0
7738,5,2,0
7738,6,1,0
7738,6,2,0
7738,7,0,0
7738,7,1,0
7738,7,2,0
7739,1,0,0
7739,2,1,0
7739,3,0,0
7739,3,1,0
7739,4,2,0
7739,5,0,0
7739,5,2,0
7739,6,1,0
7739,6,2,0
7739,7,0,0
7739,7,1,0
7739,7,2,0
7740,1,0,0
7740,2,1,0
7740,3,0,0
7740,3,1,0
7740,4,2,0
7740,5,0,0
7740,5,2,0
7740,6,1,0
7740,6,2,0
7740,7,0,0
7740,7,1,0
7740,7,2,0
7741,1,0,0
7741,2,1,0
7741,3,0,0
7741,3,1,0
7741,4,2,0
7741,5,0,0
7741,5,2,0
7741,6,1,0
7741,6,2,0
7741,7,0,0
7741,7,1,0
7741,7,2,0
7742,1,0,0
7742,2,1,0
7742,3,0,0
7742,3,1,0
7742,4,2,0
7742,5,0,0
7742,5,2,0
7742,6,1,0
7742,6,2,0
7742,7,0,0
7742,7,1,0
7742,7,2,0
7743,1,0,0
7743,2,1,0
7743,3,0,0
7743,3,1,0
7743,4,2,0
7743,5,0,0
7743,5,2,0
7743,6,1,0
7743,6,2,0
7743,7,0,0
7743,7,1,0
7743,7,2,0
7744,1,0,0
7744,2,1,0
7744,3,0,0
7744,3,1,0
7744,4,2,0
7744,5,0,0
7744,5,2,0
7744,6,1,0
7744,6,2,0
7744,7,0,0
7744,7,1,0
7744,7,2,0
7745,1,0,0
7745,2,1,0
7745,3,0,0
7745,3,1,0
7745,4,2,0
7745,5,0,0
7745,5,2,0
7745,6,1,0
7745,6,2,0
7745,7,0,0
7745,7,1,0
7745,7,2,0
7746,1,0,0
7746,2,1,0
7746,3,0,0
7746,3,1,0
7746,4,2,0
7746,5,0,0
7746,5,2,0
7746,6,1,0
7746,6,2,0
7746,7,0,0
7746,7,1,0
7746,7,2,0
7747,1,0,0
7747,2,1,0
7747,3,0,0
7747,3,1,0
7747,4,2,0
7747,5,0,0
7747,5,2,0
7747,6,1,0
7747,6,2,0
7747,7,0,0
7747,7,1,0
7747,7,2,0
7748,1,0,0
7748,2,1,0
7748,3,0,0
7748,3,1,0
7748,4,2,0
7748,5,0,0
7748,5,2,0
7748,6,1,0
7748,6,2,0
7748,7,0,0
7748,7,1,0
7748,7,2,0
7749,1,0,1
7749,2,1,0
7749,3,0,1
7749,3,1,0
7749,4,2,1
7749,5,0,1
7749,5,2,1
7749,6,1,0
7749,6,2,1
7749,7,0,1
7749,7,1,0
7749,7,2,1
7750,1,0,1
7750,2,1,0
7750,3,0,1
7750,3,1,0
7750,4,2,1
7750,5,0,1
7750,5,2,1
7750,6,1,0
7750,6,2,1
7750,7,0,1
7750,7,1,0
7750,7,2,1
7751,1,0,0
7751,2,1,0
7751,3,0,0
7751,3,1,0
7751,4,2,0
7751,5,0,0
7751,5,2,0
7751,6,1,0
7751,6,2,0
7751,7,0,0
7751,7,1,0
7751,7,2,0
7752,1,0,0
7752,2,1,0
7752,3,0,0
7752,3,1,0
7752,4,2,0
7752,5,0,0
7752,5,2,0
7752,6,1,0
7752,6,2,0
7752,7,0,0
7752,7,1,0
7752,7,2,0
7753,1,0,0
7753,2,1,0
7753,3,0,0
7753,3,1,0
7753,4,2,0
7753,5,0,0
7753,5,2,0
7753,6,1,0
7753,6,2,0
7753,7,0,0
7753,7,1,0
7753,7,2,0
7754,1,0,0
7754,2,1,0
7754,3,0,0
7754,3,1,0
7754,4,2,0
7754,5,0,0
7754,5,2,0
7754,6,1,0
7754,6,2,0
7754,7,0,0
7754,7,1,0
7754,7,2,0
7755,1,0,0
7755,2,1,0
7755,3,0,0
7755,3,1,0
7755,4,2,0
7755,5,0,0
7755,5,2,0
7755,6,1,0
7755,6,2,0
7755,7,0,0
7755,7,1,0
7755,7,2,0
7756,1,0,0
7756,2,1,0
7756,3,0,0
7756,3,1,0
7756,4,2,0
7756,5,0,0
7756,5,2,0
7756,6,1,0
7756,6,2,0
7756,7,0,0
7756,7,1,0
7756,7,2,0
7757,1,0,0
7757,2,1,0
7757,3,0,0
7757,3,1,0
7757,4,2,0
7757,5,0,0
7757,5,2,0
7757,6,1,0
7757,6,2,0
7757,7,0,0
7757,7,1,0
7757,7,2,0
7758,1,0,1
7758,2,1,0
7758,3,0,1
7758,3,1,0
7758,4,2,1
7758,5,0,1
7758,5,2,1
7758,6,1,0
7758,6,2,1
7758,7,0,1
7758,7,1,0
7758,7,2,1
7759,1,0,1
7759,2,1,0
7759,3,0,1
7759,3,1,0
7759,4,2,1
7759,5,0,1
7759,5,2,1
7759,6,1,0
7759,6,2,1
7759,7,0,1
7759,7,1,0
7759,7,2,1
7760,1,0,0
7760,2,1,0
7760,3,0,0
7760,3,1,0
7760,4,2,0
7760,5,0,0
7760,5,2,0
7760,6,1,0
7760,6,2,0
7760,7,0,0
7760,7,1,0
7760,7,2,0
7761,1,0,0
7761,2,1,0
7761,3,0,0
7761,3,1,0
7761,4,2,0
7761,5,0,0
7761,5,2,0
7761,6,1,0
7761,6,2,0
7761,7,0,0
7761,7,1,0
7761,7,2,0
7762,1,0,0
7762,2,1,0
7762,3,0,0
7762,3,1,0
7762,4,2,0
7762,5,0,0
7762,5,2,0
7762,6,1,0
7762,6,2,0
7762,7,0,0
7762,7,1,0
7762,7,2,0
7763,1,0,0
7763,2,1,0
7763,3,0,0
7763,3,1,0
7763,4,2,0
7763,5,0,0
7763,5,2,0
7763,6,1,0
7763,6,2,0
7763,7,0,0
7763,7,1,0
7763,7,2,0
7764,1,0,0
7764,2,1,0
7764,3,0,0
7764,3,1,0
7764,4,2,0
7764,5,0,0
7764,5,2,0
7764,6,1,0
7764,6,2,0
7764,7,0,0
7764,7,1,0
7764,7,2,0
7765,1,0,0
7765,2,1,0
7765,3,0,0
7765,3,1,0
7765,4,2,0
7765,5,0,0
7765,5,2,0
7765,6,1,0
7765,6,2,0
7765,7,0,0
7765,7,1,0
7765,7,2,0
7766,1,0,0
7766,2,1,0
7766,3,0,0
7766,3,1,0
7766,4,2,0
7766,5,0,0
7766,5,2,0
7766,6,1,0
7766,6,2,0
7766,7,0,0
7766,7,1,0
7766,7,2,0
7767,1,0,0
7767,2,1,0
7767,3,0,0
7767,3,1,0
7767,4,2,0
7767,5,0,0
7767,5,2,0
7767,6,1,0
7767,6,2,0
7767,7,0,0
7767,7,1,0
7767,7,2,0
7768,1,0,0
7768,2,1,0
7768,3,0,0
7768,3,1,0
7768,4,2,0
7768,5,0,0
7768,5,2,0
7768,6,1,0
7768,6,2,0
7768,7,0,0
7768,7,1,0
7768,7,2,0
7769,1,0,0
7769,2,1,0
7769,3,0,0
7769,3,1,0
7769,4,2,0
7769,5,0,0
7769,5,2,0
7769,6,1,0
7769,6,2,0
7769,7,0,0
7769,7,1,0
7769,7,2,0
7770,1,0,0
7770,2,1,0
7770,3,0,0
7770,3,1,0
7770,4,2,0
7770,5,0,0
7770,5,2,0
7770,6,1,0
7770,6,2,0
7770,7,0,0
7770,7,1,0
7770,7,2,0
7771,1,0,0
7771,2,1,0
7771,3,0,0
7771,3,1,0
7771,4,2,0
7771,5,0,0
7771,5,2,0
7771,6,1,0
7771,6,2,0
7771,7,0,0
7771,7,1,0
7771,7,2,0
7772,1,0,0
7772,2,1,0
7772,3,0,0
7772,3,1,0
7772,4,2,0
7772,5,0,0
7772,5,2,0
7772,6,1,0
7772,6,2,0
7772,7,0,0
7772,7,1,0
7772,7,2,0
7773,1,0,0
7773,2,1,0
7773,3,0,0
7773,3,1,0
7773,4,2,0
7773,5,0,0
7773,5,2,0
7773,6,1,0
7773,6,2,0
7773,7,0,0
7773,7,1,0
7773,7,2,0
7774,1,0,0
7774,2,1,0
7774,3,0,0
7774,3,1,0
7774,4,2,0
7774,5,0,0
7774,5,2,0
7774,6,1,0
7774,6,2,0
7774,7,0,0
7774,7,1,0
7774,7,2,0
7775,1,0,0
7775,2,1,0
7775,3,0,0
7775,3,1,0
7775,4,2,0
7775,5,0,0
7775,5,2,0
7775,6,1,0
7775,6,2,0
7775,7,0,0
7775,7,1,0
7775,7,2,0
7776,1,0,1
7776,2,1,1
7776,3,0,1
7776,3,1,1
7776,4,2,1
7776,5,0,1
7776,5,2,1
7776,6,1,1
7776,6,2,1
7776,7,0,1
7776,7,1,1
7776,7,2,1
7777,1,0,1
7777,2,1,1
7777,3,0,1
7777,3,1,1
7777,4,2,1
7777,5,0,1
7777,5,2,1
7777,6,1,1
7777,6,2,1
7777,7,0,1
7777,7,1,1
7777,7,2,1
7778,1,0,0
7778,2,1,0
7778,3,0,0
7778,3,1,0
7778,4,2,0
7778,5,0,0
7778,5,2,0
7778,6,1,0
7778,6,2,0
7778,7,0,0
7778,7,1,0
7778,7,2,0
7779,1,0,0
7779,2,1,0
7779,3,0,0
7779,3,1,0
7779,4,2,0
7779,5,0,0
7779,5,2,0
7779,6,1,0
7779,6,2,0
7779,7,0,0
7779,7,1,0
7779,7,2,0
7780,1,0,0
7780,2,1,0
7780,3,0,0
7780,3,1,0
7780,4,2,0
7780,5,0,0
7780,5,2,0
7780,6,1,0
7780,6,2,0
7780,7,0,0
7780,7,1,0
7780,7,2,0
7781,1,0,0
7781,2,1,0
7781,3,0,0
7781,3,1,0
7781,4,2,0
7781,5,0,0
7781,5,2,0
7781,6,1,0
7781,6,2,0
7781,7,0,0
7781,7,1,0
7781,7,2,0
7782,1,0,0
7782,2,1,0
7782,3,0,0
7782,3,1,0
7782,4,2,0
7782,5,0,0
7782,5,2,0
7782,6,1,0
7782,6,2,0
7782,7,0,0
7782,7,1,0
7782,7,2,0
7783,1,0,0
7783,2,1,0
7783,3,0,0
7783,3,1,0
7783,4,2,0
7783,5,0,0
7783,5,2,0
7783,6,1,0
7783,6,2,0
7783,7,0,0
7783,7,1,0
7783,7,2,0
7784,1,0,0
7784,2,1,0
7784,3,0,0
7784,3,1,0
7784,4,2,0
7784,5,0,0
7784,5,2,0
7784,6,1,0
7784,6,2,0
7784,7,0,0
7784,7,1,0
7784,7,2,0
7785,1,0,1
7785,2,1,1
7785,3,0,1
7785,3,1,1
7785,4,2,1
7785,5,0,1
7785,5,2,1
7785,6,1,1
7785,6,2,1
7785,7,0,1
7785,7,1,1
7785,7,2,1
7786,1,0,1
7786,2,1,1
7786,3,0,1
7786,3,1,1
7786,4,2,1
7786,5,0,1
7786,5,2,1
7786,6,1,1
7786,6,2,1
7786,7,0,1
7786,7,1,1
7786,7,2,1
7787,1,0,0
7787,2,1,0
7787,3,0,0
7787,3,1,0
7787,4,2,0
7787,5,0,0
7787,5,2,0
7787,6,1,0
7787,6,2,0
7787,7,0,0
7787,7,1,0
7787,7,2,0
7788,1,0,0
7788,2,1,0
7788,3,0,0
7788,3,1,0
7788,4,2,0
7788,5,0,0
7788,5,2,0
7788,6,1,0
7788,6,2,0
7788,7,0,0
7788,7,1,0
7788,7,2,0
7789,1,0,0
7789,2,1,0
7789,3,0,0
7789,3,1,0
7789,4,2,0
7789,5,0,0
7789,5,2,0
7789,6,1,0
7789,6,2,0
7789,7,0,0
7789,7,1,0
7789,7,2,0
7790,1,0,0
7790,2,1,0
7790,3,0,0
7790,3,1,0
7790,4,2,0
7790,5,0,0
7790,5,2,0
7790,6,1,0
7790,6,2,0
7790,7,0,0
7790,7,1,0
7790,7,2,0
7791,1,0,0
7791,2,1,0
7791,3,0,0
7791,3,1,0
7791,4,2,0
7791,5,0,0
7791,5,2,0
7791,6,1,0
7791,6,2,0
7791,7,0,0
7791,7,1,0
7791,7,2,0
7792,1,0,0
7792,2,1,0
7792,3,0,0
7792,3,1,0
7792,4,2,0
7792,5,0,0
7792,5,2,0
7792,6,1,0
7792,6,2,0
7792,7,0,0
7792,7,1,0
7792,7,2,0
7793,1,0,0
7793,2,1,0
7793,3,0,0
7793,3,1,0
7793,4,2,0
7793,5,0,0
7793,5,2,0
7793,6,1,0
7793,6,2,0
7793,7,0,0
7793,7,1,0
7793,7,2,0
7794,1,0,0
7794,2,1,0
7794,3,0,0
7794,3,1,0
7794,4,2,0
7794,5,0,0
7794,5,2,0
7794,6,1,0
7794,6,2,0
7794,7,0,0
7794,7,1,0
7794,7,2,0
7795,1,0,0
7795,2,1,0
7795,3,0,0
7795,3,1,0
7795,4,2,0
7795,5,0,0
7795,5,2,0
7795,6,1,0
7795,6,2,0
7795,7,0,0
7795,7,1,0
7795,7,2,0
7796,1,0,0
7796,2,1,0
7796,3,0,0
7796,3,1,0
7796,4,2,0
7796,5,0,0
7796,5,2,0
7796,6,1,0
7796,6,2,0
7796,7,0,0
7796,7,1,0
7796,7,2,0
7797,1,0,0
7797,2,1,0
7797,3,0,0
7797,3,1,0
7797,4,2,0
7797,5,0,0
7797,5,2,0
7797,6,1,0
7797,6,2,0
7797,7,0,0
7797,7,1,0
7797,7,2,0
7798,1,0,0
7798,2,1,0
7798,3,0,0
7798,3,1,0
7798,4,2,0
7798,5,0,0
7798,5,2,0
7798,6,1,0
7798,6,2,0
7798,7,0,0
7798,7,1,0
7798,7,2,0
7799,1,0,0
7799,2,1,0
7799,3,0,0
7799,3,1,0
7799,4,2,0
7799,5,0,0
7799,5,2,0
7799,6,1,0
7799,6,2,0
7799,7,0,0
7799,7,1,0
7799,7,2,0
7800,1,0,0
7800,2,1,0
7800,3,0,0
7800,3,1,0
7800,4,2,0
7800,5,0,0
7800,5,2,0
7800,6,1,0
7800,6,2,0
7800,7,0,0
7800,7,1,0
7800,7,2,0
7801,1,0,0
7801,2,1,0
7801,3,0,0
7801,3,1,0
7801,4,2,0
7801,5,0,0
7801,5,2,0
7801,6,1,0
7801,6,2,0
7801,7,0,0
7801,7,1,0
7801,7,2,0
7802,1,0,0
7802,2,1,0
7802,3,0,0
7802,3,1,0
7802,4,2,0
7802,5,0,0
7802,5,2,0
7802,6,1,0
7802,6,2,0
7802,7,0,0
7802,7,1,0
7802,7,2,0
7803,1,0,1
7803,2,1,1
7803,3,0,1
7803,3,1,1
7803,4,2,1
7803,5,0,1
7803,5,2,1
7803,6,1,1
7803,6,2,1
7803,7,0,1
7803,7,1,1
7803,7,2,1
7804,1,0,1
7804,2,1,1
7804,3,0,1
7804,3,1,1
7804,4,2,1
7804,5,0,1
7804,5,2,1
7804,6,1,1
7804,6,2,1
7804,7,0,1
7804,7,1,1
7804,7,2,1
7805,1,0,0
7805,2,1,0
7805,3,0,0
7805,3,1,0
7805,4,2,0
7805,5,0,0
7805,5,2,0
7805,6,1,0
7805,6,2,0
7805,7,0,0
7805,7,1,0
7805,7,2,0
7806,1,0,0
7806,2,1,0
7806,3,0,0
7806,3,1,0
7806,4,2,0
7806,5,0,0
7806,5,2,0
7806,6,1,0
7806,6,2,0
7806,7,0,0
7806,7,1,0
7806,7,2,0
7807,1,0,0
7807,2,1,0
7807,3,0,0
7807,3,1,0
7807,4,2,0
7807,5,0,0
7807,5,2,0
7807,6,1,0
7807,6,2,0
7807,7,0,0
7807,7,1,0
7807,7,2,0
7808,1,0,0
7808,2,1,0
7808,3,0,0
7808,3,1,0
7808,4,2,0
7808,5,0,0
7808,5,2,0
7808,6,1,0
7808,6,2,0
7808,7,0,0
7808,7,1,0
7808,7,2,0
7809,1,0,0
7809,2,1,0
7809,3,0,0
7809,3,1,0
7809,4,2,0
7809,5,0,0
7809,5,2,0
7809,6,1,0
7809,6,2,0
7809,7,0,0
7809,7,1,0
7809,7,2,0
7810,1,0,0
7810,2,1,0
7810,3,0,0
7810,3,1,0
7810,4,2,0
7810,5,0,0
7810,5,2,0
7810,6,1,0
7810,6,2,0
7810,7,0,0
7810,7,1,0
7810,7,2,0
7811,1,0,0
7811,2,1,0
7811,3,0,0
7811,3,1,0
7811,4,2,0
7811,5,0,0
7811,5,2,0
7811,6,1,0
7811,6,2,0
7811,7,0,0
7811,7,1,0
7811,7,2,0
7812,1,0,1
7812,2,1,1
7812,3,0,1
7812,3,1,1
7812,4,2,1
7812,5,0,1
7812,5,2,1
7812,6,1,1
7812,6,2,1
7812,7,0,1
7812,7,1,1
7812,7,2,1
7813,1,0,1
7813,2,1,1
7813,3,0,1
7813,3,1,1
7813,4,2,1
7813,5,0,1
7813,5,2,1
7813,6,1,1
7813,6,2,1
7813,7,0,1
7813,7,1,1
7813,7,2,1
7814,1,0,0
7814,2,1,0
7814,3,0,0
7814,3,1,0
7814,4,2,0
7814,5,0,0
7814,5,2,0
7814,6,1,0
7814,6,2,0
7814,7,0,0
7814,7,1,0
7814,7,2,0
7815,1,0,0
7815,2,1,0
7815,3,0,0
7815,3,1,0
7815,4,2,0
7815,5,0,0
7815,5,2,0
7815,6,1,0
7815,6,2,0
7815,7,0,0
7815,7,1,0
7815,7,2,0
7816,1,0,0
7816,2,1,0
7816,3,0,0
7816,3,1,0
7816,4,2,0
7816,5,0,0
7816,5,2,0
7816,6,1,0
7816,6,2,0
7816,7,0,0
7816,7,1,0
7816,7,2,0
7817,1,0,0
7817,2,1,0
7817,3,0,0
7817,3,1,0
7817,4,2,0
7817,5,0,0
7817,5,2,0
7817,6,1,0
7817,6,2,0
7817,7,0,0
7817,7,1,0
7817,7,2,0
7818,1,0,0
7818,2,1,0
7818,3,0,0
7818,3,1,0
7818,4,2,0
7818,5,0,0
7818,5,2,0
7818,6,1,0
7818,6,2,0
7818,7,0,0
7818,7,1,0
7818,7,2,0
7819,1,0,0
7819,2,1,0
7819,3,0,0
7819,3,1,0
7819,4,2,0
7819,5,0,0
7819,5,2,0
7819,6,1,0
7819,6,2,0
7819,7,0,0
7819,7,1,0
7819,7,2,0
7820,1,0,0
7820,2,1,0
7820,3,0,0
7820,3,1,0
7820,4,2,0
7820,5,0,0
7820,5,2,0
7820,6,1,0
7820,6,2,0
7820,7,0,0
7820,7,1,0
7820,7,2,0
7821,1,0,0
7821,2,1,0
7821,3,0,0
7821,3,1,0
7821,4,2,0
7821,5,0,0
7821,5,2,0
7821,6,1,0
7821,6,2,0
7821,7,0,0
7821,7,1,0
7821,7,2,0
7822,1,0,0
7822,2,1,0
7822,3,0,0
7822,3,1,0
7822,4,2,0
7822,5,0,0
7822,5,2,0
7822,6,1,0
7822,6,2,0
7822,7,0,0
7822,7,1,0
7822,7,2,0
7823,1,0,0
7823,2,1,0
7823,3,0,0
7823,3,1,0
7823,4,2,0
7823,5,0,0
7823,5,2,0
7823,6,1,0
7823,6,2,0
7823,7,0,0
7823,7,1,0
7823,7,2,0
7824,1,0,0
7824,2,1,0
7824,3,0,0
7824,3,1,0
7824,4,2,0
7824,5,0,0
7824,5,2,0
7824,6,1,0
7824,6,2,0
7824,7,0,0
7824,7,1,0
7824,7,2,0
7825,1,0,0
7825,2,1,0
7825,3,0,0
7825,3,1,0
7825,4,2,0
7825,5,0,0
7825,5,2,0
7825,6,1,0
7825,6,2,0
7825,7,0,0
7825,7,1,0
7825,7,2,0
7826,1,0,0
7826,2,1,0
7826,3,0,0
7826,3,1,0
7826,4,2,0
7826,5,0,0
7826,5,2,0
7826,6,1,0
7826,6,2,0
7826,7,0,0
7826,7,1,0
7826,7,2,0
7827,1,0,0
7827,2,1,0
7827,3,0,0
7827,3,1,0
7827,4,2,0
7827,5,0,0
7827,5,2,0
7827,6,1,0
7827,6,2,0
7827,7,0,0
7827,7,1,0
7827,7,2,0
7828,1,0,0
7828,2,1,0
7828,3,0,0
7828,3,1,0
7828,4,2,0
7828,5,0,0
7828,5,2,0
7828,6,1,0
7828,6,2,0
7828,7,0,0
7828,7,1,0
7828,7,2,0
7829,1,0,0
7829,2,1,0
7829,3,0,0
7829,3,1,0
7829,4,2,0
7829,5,0,0
7829,5,2,0
7829,6,1,0
7829,6,2,0
7829,7,0,0
7829,7,1,0
7829,7,2,0
7830,1,0,1
7830,2,1,1
7830,3,0,1
7830,3,1,1
7830,4,2,1
7830,5,0,1
7830,5,2,1
7830,6,1,1
7830,6,2,1
7830,7,0,1
7830,7,1,1
7830,7,2,1
7831,1,0,1
7831,2,1,1
7831,3,0,1
7831,3,1,1
7831,4,2,1
7831,5,0,1
7831,5,2,1
7831,6,1,1
7831,6,2,1
7831,7,0,1
7831,7,1,1
7831,7,2,1
7832,1,0,0
7832,2,1,0
7832,3,0,0
7832,3,1,0
7832,4,2,0
7832,5,0,0
7832,5,2,0
7832,6,1,0
7832,6,2,0
7832,7,0,0
7832,7,1,0
7832,7,2,0
7833,1,0,0
7833,2,1,0
7833,3,0,0
7833,3,1,0
7833,4,2,0
7833,5,0,0
7833,5,2,0
7833,6,1,0
7833,6,2,0
7833,7,0,0
7833,7,1,0
7833,7,2,0
7834,1,0,0
7834,2,1,0
7834,3,0,0
7834,3,1,0
7834,4,2,0
7834,5,0,0
7834,5,2,0
7834,6,1,0
7834,6,2,0
7834,7,0,0
7834,7,1,0
7834,7,2,0
7835,1,0,0
7835,2,1,0
7835,3,0,0
7835,3,1,0
7835,4,2,0
7835,5,0,0
7835,5,2,0
7835,6,1,0
7835,6,2,0
7835,7,0,0
7835,7,1,0
7835,7,2,0
7836,1,0,0
7836,2,1,0
7836,3,0,0
7836,3,1,0
7836,4,2,0
7836,5,0,0
7836,5,2,0
7836,6,1,0
7836,6,2,0
7836,7,0,0
7836,7,1,0
7836,7,2,0
7837,1,0,0
7837,2,1,0
7837,3,0,0
7837,3,1,0
7837,4,2,0
7837,5,0,0
7837,5,2,0
7837,6,1,0
7837,6,2,0
7837,7,0,0
7837,7,1,0
7837,7,2,0
7838,1,0,0
7838,2,1,0
7838,3,0,0
7838,3,1,0
7838,4,2,0
7838,5,0,0
7838,5,2,0
7838,6,1,0
7838,6,2,0
7838,7,0,0
7838,7,1,0
7838,7,2,0
7839,1,0,1
7839,2,1,1
7839,3,0,1
7839,3,1,1
7839,4,2,1
7839,5,0,1
7839,5,2,1
7839,6,1,1
7839,6,2,1
7839,7,0,1
7839,7,1,1
7839,7,2,1
7840,1,0,1
7840,2,1,1
7840,3,0,1
7840,3,1,1
7840,4,2,1
7840,5,0,1
7840,5,2,1
7840,6,1,1
7840,6,2,1
7840,7,0,1
7840,7,1,1
7840,7,2,1
7841,1,0,0
7841,2,1,0
7841,3,0,0
7841,3,1,0
7841,4,2,0
7841,5,0,0
7841,5,2,0
7841,6,1,0
7841,6,2,0
7841,7,0,0
7841,7,1,0
7841,7,2,0
7842,1,0,0
7842,2,1,0
7842,3,0,0
7842,3,1,0
7842,4,2,0
7842,5,0,0
7842,5,2,0
7842,6,1,0
7842,6,2,0
7842,7,0,0
7842,7,1,0
7842,7,2,0
7843,1,0,0
7843,2,1,0
7843,3,0,0
7843,3,1,0
7843,4,2,0
7843,5,0,0
7843,5,2,0
7843,6,1,0
7843,6,2,0
7843,7,0,0
7843,7,1,0
7843,7,2,0
7844,1,0,0
7844,2,1,0
7844,3,0,0
7844,3,1,0
7844,4,2,0
7844,5,0,0
7844,5,2,0
7844,6,1,0
7844,6,2,0
7844,7,0,0
7844,7,1,0
7844,7,2,0
7845,1,0,0
7845,2,1,0
7845,3,0,0
7845,3,1,0
7845,4,2,0
7845,5,0,0
7845,5,2,0
7845,6,1,0
7845,6,2,0
7845,7,0,0
7845,7,1,0
7845,7,2,0
7846,1,0,0
7846,2,1,0
7846,3,0,0
7846,3,1,0
7846,4,2,0
7846,5,0,0
7846,5,2,0
7846,6,1,0
7846,6,2,0
7846,7,0,0
7846,7,1,0
7846,7,2,0
7847,1,0,0
7847,2,1,0
7847,3,0,0
7847,3,1,0
7847,4,2,0
7847,5,0,0
7847,5,2,0
7847,6,1,0
7847,6,2,0
7847,7,0,0
7847,7,1,0
7847,7,2,0
7848,1,0,0
7848,2,1,0
7848,3,0,0
7848,3,1,0
7848,4,2,0
7848,5,0,0
7848,5,2,0
7848,6,1,0
7848,6,2,0
7848,7,0,0
7848,7,1,0
7848,7,2,0
7849,1,0,0
7849,2,1,0
7849,3,0,0
7849,3,1,0
7849,4,2,0
7849,5,0,0
7849,5,2,0
7849,6,1,0
7849,6,2,0
7849,7,0,0
7849,7,1,0
7849,7,2,0
7850,1,0,0
7850,2,1,0
7850,3,0,0
7850,3,1,0
7850,4,2,0
7850,5,0,0
7850,5,2,0
7850,6,1,0
7850,6,2,0
7850,7,0,0
7850,7,1,0
7850,7,2,0
7851,1,0,0
7851,2,1,0
7851,3,0,0
7851,3,1,0
7851,4,2,0
7851,5,0,0
7851,5,2,0
7851,6,1,0
7851,6,2,0
7851,7,0,0
7851,7,1,0
7851,7,2,0
7852,1,0,0
7852,2,1,0
7852,3,0,0
7852,3,1,0
7852,4,2,0
7852,5,0,0
7852,5,2,0
7852,6,1,0
7852,6,2,0
7852,7,0,0
7852,7,1,0
7852,7,2,0
7853,1,0,0
7853,2,1,0
7853,3,0,0
7853,3,1,0
7853,4,2,0
7853,5,0,0
7853,5,2,0
7853,6,1,0
7853,6,2,0
7853,7,0,0
7853,7,1,0
7853,7,2,0
7854,1,0,0
7854,2,1,0
7854,3,0,0
7854,3,1,0
7854,4,2,0
7854,5,0,0
7854,5,2,0
7854,6,1,0
7854,6,2,0
7854,7,0,0
7854,7,1,0
7854,7,2,0
7855,1,0,0
7855,2,1,0
7855,3,0,0
7855,3,1,0
7855,4,2,0
7855,5,0,0
7855,5,2,0
7855,6,1,0
7855,6,2,0
7855,7,0,0
7855,7,1,0
7855,7,2,0
7856,1,0,0
7856,2,1,0
7856,3,0,0
7856,3,1,0
7856,4,2,0
7856,5,0,0
7856,5,2,0
7856,6,1,0
7856,6,2,0
7856,7,0,0
7856,7,1,0
7856,7,2,0
7857,1,0,1
7857,2,1,1
7857,3,0,1
7857,3,1,1
7857,4,2,1
7857,5,0,1
7857,5,2,1
7857,6,1,1
7857,6,2,1
7857,7,0,1
7857,7,1,1
7857,7,2,1
7858,1,0,1
7858,2,1,1
7858,3,0,1
7858,3,1,1
7858,4,2,1
7858,5,0,1
7858,5,2,1
7858,6,1,1
7858,6,2,1
7858,7,0,1
7858,7,1,1
7858,7,2,1
7859,1,0,0
7859,2,1,0
7859,3,0,0
7859,3,1,0
7859,4,2,0
7859,5,0,0
7859,5,2,0
7859,6,1,0
7859,6,2,0
7859,7,0,0
7859,7,1,0
7859,7,2,0
7860,1,0,0
7860,2,1,0
7860,3,0,0
7860,3,1,0
7860,4,2,0
7860,5,0,0
7860,5,2,0
7860,6,1,0
7860,6,2,0
7860,7,0,0
7860,7,1,0
7860,7,2,0
7861,1,0,0
7861,2,1,0
7861,3,0,0
7861,3,1,0
7861,4,2,0
7861,5,0,0
7861,5,2,0
7861,6,1,0
7861,6,2,0
7861,7,0,0
7861,7,1,0
7861,7,2,0
7862,1,0,0
7862,2,1,0
7862,3,0,0
7862,3,1,0
7862,4,2,0
7862,5,0,0
7862,5,2,0
7862,6,1,0
7862,6,2,0
7862,7,0,0
7862,7,1,0
7862,7,2,0
7863,1,0,0
7863,2,1,0
7863,3,0,0
7863,3,1,0
7863,4,2,0
7863,5,0,0
7863,5,2,0
7863,6,1,0
7863,6,2,0
7863,7,0,0
7863,7,1,0
7863,7,2,0
7864,1,0,0
7864,2,1,0
7864,3,0,0
7864,3,1,0
7864,4,2,0
7864,5,0,0
7864,5,2,0
7864,6,1,0
7864,6,2,0
7864,7,0,0
7864,7,1,0
7864,7,2,0
7865,1,0,0
7865,2,1,0
7865,3,0,0
7865,3,1,0
7865,4,2,0
7865,5,0,0
7865,5,2,0
7865,6,1,0
7865,6,2,0
7865,7,0,0
7865,7,1,0
7865,7,2,0
7866,1,0,1
7866,2,1,1
7866,3,0,1
7866,3,1,1
7866,4,2,1
7866,5,0,1
7866,5,2,1
7866,6,1,1
7866,6,2,1
7866,7,0,1
7866,7,1,1
7866,7,2,1
7867,1,0,1
7867,2,1,1
7867,3,0,1
7867,3,1,1
7867,4,2,1
7867,5,0,1
7867,5,2,1
7867,6,1,1
7867,6,2,1
7867,7,0,1
7867,7,1,1
7867,7,2,1
7868,1,0,0
7868,2,1,0
7868,3,0,0
7868,3,1,0
7868,4,2,0
7868,5,0,0
7868,5,2,0
7868,6,1,0
7868,6,2,0
7868,7,0,0
7868,7,1,0
7868,7,2,0
7869,1,0,0
7869,2,1,0
7869,3,0,0
7869,3,1,0
7869,4,2,0
7869,5,0,0
7869,5,2,0
7869,6,1,0
7869,6,2,0
7869,7,0,0
7869,7,1,0
7869,7,2,0
7870,1,0,0
7870,2,1,0
7870,3,0,0
7870,3,1,0
7870,4,2,0
7870,5,0,0
7870,5,2,0
7870,6,1,0
7870,6,2,0
7870,7,0,0
7870,7,1,0
7870,7,2,0
7871,1,0,0
7871,2,1,0
7871,3,0,0
7871,3,1,0
7871,4,2,0
7871,5,0,0
7871,5,2,0
7871,6,1,0
7871,6,2,0
7871,7,0,0
7871,7,1,0
7871,7,2,0
7872,1,0,0
7872,2,1,0
7872,3,0,0
7872,3,1,0
7872,4,2,0
7872,5,0,0
7872,5,2,0
7872,6,1,0
7872,6,2,0
7872,7,0,0
7872,7,1,0
7872,7,2,0
7873,1,0,0
7873,2,1,0
7873,3,0,0
7873,3,1,0
7873,4,2,0
7873,5,0,0
7873,5,2,0
7873,6,1,0
7873,6,2,0
7873,7,0,0
7873,7,1,0
7873,7,2,0
7874,1,0,0
7874,2,1,0
7874,3,0,0
7874,3,1,0
7874,4,2,0
7874,5,0,0
7874,5,2,0
7874,6,1,0
7874,6,2,0
7874,7,0,0
7874,7,1,0
7874,7,2,0
7875,1,0,0
7875,2,1,0
7875,3,0,0
7875,3,1,0
7875,4,2,0
7875,5,0,0
7875,5,2,0
7875,6,1,0
7875,6,2,0
7875,7,0,0
7875,7,1,0
7875,7,2,0
7876,1,0,0
7876,2,1,0
7876,3,0,0
7876,3,1,0
7876,4,2,0
7876,5,0,0
7876,5,2,0
7876,6,1,0
7876,6,2,0
7876,7,0,0
7876,7,1,0
7876,7,2,0
7877,1,0,0
7877,2,1,0
7877,3,0,0
7877,3,1,0
7877,4,2,0
7877,5,0,0
7877,5,2,0
7877,6,1,0
7877,6,2,0
7877,7,0,0
7877,7,1,0
7877,7,2,0
7878,1,0,0
7878,2,1,0
7878,3,0,0
7878,3,1,0
7878,4,2,0
7878,5,0,0
7878,5,2,0
7878,6,1,0
7878,6,2,0
7878,7,0,0
7878,7,1,0
7878,7,2,0
7879,1,0,0
7879,2,1,0
7879,3,0,0
7879,3,1,0
7879,4,2,0
7879,5,0,0
7879,5,2,0
7879,6,1,0
7879,6,2,0
7879,7,0,0
7879,7,1,0
7879,7,2,0
7880,1,0,0
7880,2,1,0
7880,3,0,0
7880,3,1,0
7880,4,2,0
7880,5,0,0
7880,5,2,0
7880,6,1,0
7880,6,2,0
7880,7,0,0
7880,7,1,0
7880,7,2,0
7881,1,0,0
7881,2,1,0
7881,3,0,0
7881,3,1,0
7881,4,2,0
7881,5,0,0
7881,5,2,0
7881,6,1,0
7881,6,2,0
7881,7,0,0
7881,7,1,0
7881,7,2,0
7882,1,0,0
7882,2,1,0
7882,3,0,0
7882,3,1,0
7882,4,2,0
7882,5,0,0
7882,5,2,0
7882,6,1,0
7882,6,2,0
7882,7,0,0
7882,7,1,0
7882,7,2,0
7883,1,0,0
7883,2,1,0
7883,3,0,0
7883,3,1,0
7883,4,2,0
7883,5,0,0
7883,5,2,0
7883,6,1,0
7883,6,2,0
7883,7,0,0
7883,7,1,0
7883,7,2,0
7884,1,0,1
7884,2,1,1
7884,3,0,1
7884,3,1,1
7884,4,2,1
7884,5,0,1
7884,5,2,1
7884,6,1,1
7884,6,2,1
7884,7,0,1
7884,7,1,1
7884,7,2,1
7885,1,0,1
7885,2,1,1
7885,3,0,1
7885,3,1,1
7885,4,2,1
7885,5,0,1
7885,5,2,1
7885,6,1,1
7885,6,2,1
7885,7,0,1
7885,7,1,1
7885,7,2,1
7886,1,0,0
7886,2,1,0
7886,3,0,0
7886,3,1,0
7886,4,2,0
7886,5,0,0
7886,5,2,0
7886,6,1,0
7886,6,2,0
7886,7,0,0
7886,7,1,0
7886,7,2,0
7887,1,0,0
7887,2,1,0
7887,3,0,0
7887,3,1,0
7887,4,2,0
7887,5,0,0
7887,5,2,0
7887,6,1,0
7887,6,2,0
7887,7,0,0
7887,7,1,0
7887,7,2,0
7888,1,0,0
7888,2,1,0
7888,3,0,0
7888,3,1,0
7888,4,2,0
7888,5,0,0
7888,5,2,0
7888,6,1,0
7888,6,2,0
7888,7,0,0
7888,7,1,0
7888,7,2,0
7889,1,0,0
7889,2,1,0
7889,3,0,0
7889,3,1,0
7889,4,2,0
7889,5,0,0
7889,5,2,0
7889,6,1,0
7889,6,2,0
7889,7,0,0
7889,7,1,0
7889,7,2,0
7890,1,0,0
7890,2,1,0
7890,3,0,0
7890,3,1,0
7890,4,2,0
7890,5,0,0
7890,5,2,0
7890,6,1,0
7890,6,2,0
7890,7,0,0
7890,7,1,0
7890,7,2,0
7891,1,0,0
7891,2,1,0
7891,3,0,0
7891,3,1,0
7891,4,2,0
7891,5,0,0
7891,5,2,0
7891,6,1,0
7891,6,2,0
7891,7,0,0
7891,7,1,0
7891,7,2,0
7892,1,0,0
7892,2,1,0
7892,3,0,0
7892,3,1,0
7892,4,2,0
7892,5,0,0
7892,5,2,0
7892,6,1,0
7892,6,2,0
7892,7,0,0
7892,7,1,0
7892,7,2,0
7893,1,0,1
7893,2,1,1
7893,3,0,1
7893,3,1,1
7893,4,2,1
7893,5,0,1
7893,5,2,1
7893,6,1,1
7893,6,2,1
7893,7,0,1
7893,7,1,1
7893,7,2,1
7894,1,0,1
7894,2,1,1
7894,3,0,1
7894,3,1,1
7894,4,2,1
7894,5,0,1
7894,5,2,1
7894,6,1,1
7894,6,2,1
7894,7,0,1
7894,7,1,1
7894,7,2,1
7895,1,0,0
7895,2,1,0
7895,3,0,0
7895,3,1,0
7895,4,2,0
7895,5,0,0
7895,5,2,0
7895,6,1,0
7895,6,2,0
7895,7,0,0
7895,7,1,0
7895,7,2,0
7896,1,0,0
7896,2,1,0
7896,3,0,0
7896,3,1,0
7896,4,2,0
7896,5,0,0
7896,5,2,0
7896,6,1,0
7896,6,2,0
7896,7,0,0
7896,7,1,0
7896,7,2,0
7897,1,0,0
7897,2,1,0
7897,3,0,0
7897,3,1,0
7897,4,2,0
7897,5,0,0
7897,5,2,0
7897,6,1,0
7897,6,2,0
7897,7,0,0
7897,7,1,0
7897,7,2,0
7898,1,0,0
7898,2,1,0
7898,3,0,0
7898,3,1,0
7898,4,2,0
7898,5,0,0
7898,5,2,0
7898,6,1,0
7898,6,2,0
7898,7,0,0
7898,7,1,0
7898,7,2,0
7899,1,0,0
7899,2,1,0
7899,3,0,0
7899,3,1,0
7899,4,2,0
7899,5,0,0
7899,5,2,0
7899,6,1,0
7899,6,2,0
7899,7,0,0
7899,7,1,0
7899,7,2,0
7900,1,0,0
7900,2,1,0
7900,3,0,0
7900,3,1,0
7900,4,2,0
7900,5,0,0
7900,5,2,0
7900,6,1,0
7900,6,2,0
7900,7,0,0
7900,7,1,0
7900,7,2,0
7901,1,0,0
7901,2,1,0
7901,3,0,0
7901,3,1,0
7901,4,2,0
7901,5,0,0
7901,5,2,0
7901,6,1,0
7901,6,2,0
7901,7,0,0
7901,7,1,0
7901,7,2,0
7902,1,0,0
7902,2,1,0
7902,3,0,0
7902,3,1,0
7902,4,2,0
7902,5,0,0
7902,5,2,0
7902,6,1,0
7902,6,2,0
7902,7,0,0
7902,7,1,0
7902,7,2,0
7903,1,0,0
7903,2,1,0
7903,3,0,0
7903,3,1,0
7903,4,2,0
7903,5,0,0
7903,5,2,0
7903,6,1,0
7903,6,2,0
7903,7,0,0
7903,7,1,0
7903,7,2,0
7904,1,0,0
7904,2,1,0
7904,3,0,0
7904,3,1,0
7904,4,2,0
7904,5,0,0
7904,5,2,0
7904,6,1,0
7904,6,2,0
7904,7,0,0
7904,7,1,0
7904,7,2,0
7905,1,0,0
7905,2,1,0
7905,3,0,0
7905,3,1,0
7905,4,2,0
7905,5,0,0
7905,5,2,0
7905,6,1,0
7905,6,2,0
7905,7,0,0
7905,7,1,0
7905,7,2,0
7906,1,0,0
7906,2,1,0
7906,3,0,0
7906,3,1,0
7906,4,2,0
7906,5,0,0
7906,5,2,0
7906,6,1,0
7906,6,2,0
7906,7,0,0
7906,7,1,0
7906,7,2,0
7907,1,0,0
7907,2,1,0
7907,3,0,0
7907,3,1,0
7907,4,2,0
7907,5,0,0
7907,5,2,0
7907,6,1,0
7907,6,2,0
7907,7,0,0
7907,7,1,0
7907,7,2,0
7908,1,0,0
7908,2,1,0
7908,3,0,0
7908,3,1,0
7908,4,2,0
7908,5,0,0
7908,5,2,0
7908,6,1,0
7908,6,2,0
7908,7,0,0
7908,7,1,0
7908,7,2,0
7909,1,0,0
7909,2,1,0
7909,3,0,0
7909,3,1,0
7909,4,2,0
7909,5,0,0
7909,5,2,0
7909,6,1,0
7909,6,2,0
7909,7,0,0
7909,7,1,0
7909,7,2,0
7910,1,0,0
7910,2,1,0
7910,3,0,0
7910,3,1,0
7910,4,2,0
7910,5,0,0
7910,5,2,0
7910,6,1,0
7910,6,2,0
7910,7,0,0
7910,7,1,0
7910,7,2,0
7911,1,0,1
7911,2,1,1
7911,3,0,1
7911,3,1,1
7911,4,2,1
7911,5,0,1
7911,5,2,1
7911,6,1,1
7911,6,2,1
7911,7,0,1
7911,7,1,1
7911,7,2,1
7912,1,0,1
7912,2,1,1
7912,3,0,1
7912,3,1,1
7912,4,2,1
7912,5,0,1
7912,5,2,1
7912,6,1,1
7912,6,2,1
7912,7,0,1
7912,7,1,1
7912,7,2,1
7913,1,0,0
7913,2,1,0
7913,3,0,0
7913,3,1,0
7913,4,2,0
7913,5,0,0
7913,5,2,0
7913,6,1,0
7913,6,2,0
7913,7,0,0
7913,7,1,0
7913,7,2,0
7914,1,0,0
7914,2,1,0
7914,3,0,0
7914,3,1,0
7914,4,2,0
7914,5,0,0
7914,5,2,0
7914,6,1,0
7914,6,2,0
7914,7,0,0
7914,7,1,0
7914,7,2,0
7915,1,0,0
7915,2,1,0
7915,3,0,0
7915,3,1,0
7915,4,2,0
7915,5,0,0
7915,5,2,0
7915,6,1,0
7915,6,2,0
7915,7,0,0
7915,7,1,0
7915,7,2,0
7916,1,0,0
7916,2,1,0
7916,3,0,0
7916,3,1,0
7916,4,2,0
7916,5,0,0
7916,5,2,0
7916,6,1,0
7916,6,2,0
7916,7,0,0
7916,7,1,0
7916,7,2,0
7917,1,0,0
7917,2,1,0
7917,3,0,0
7917,3,1,0
7917,4,2,0
7917,5,0,0
7917,5,2,0
7917,6,1,0
7917,6,2,0
7917,7,0,0
7917,7,1,0
7917,7,2,0
7918,1,0,0
7918,2,1,0
7918,3,0,0
7918,3,1,0
7918,4,2,0
7918,5,0,0
7918,5,2,0
7918,6,1,0
7918,6,2,0
7918,7,0,0
7918,7,1,0
7918,7,2,0
7919,1,0,0
7919,2,1,0
7919,3,0,0
7919,3,1,0
7919,4,2,0
7919,5,0,0
7919,5,2,0
7919,6,1,0
7919,6,2,0
7919,7,0,0
7919,7,1,0
7919,7,2,0
7920,1,0,1
7920,2,1,1
7920,3,0,1
7920,3,1,1
7920,4,2,1
7920,5,0,1
7920,5,2,1
7920,6,1,1
7920,6,2,1
7920,7,0,1
7920,7,1,1
7920,7,2,1
7921,1,0,1
7921,2,1,1
7921,3,0,1
7921,3,1,1
7921,4,2,1
7921,5,0,1
7921,5,2,1
7921,6,1,1
7921,6,2,1
7921,7,0,1
7921,7,1,1
7921,7,2,1
7922,1,0,0
7922,2,1,0
7922,3,0,0
7922,3,1,0
7922,4,2,0
7922,5,0,0
7922,5,2,0
7922,6,1,0
7922,6,2,0
7922,7,0,0
7922,7,1,0
7922,7,2,0
7923,1,0,0
7923,2,1,0
7923,3,0,0
7923,3,1,0
7923,4,2,0
7923,5,0,0
7923,5,2,0
7923,6,1,0
7923,6,2,0
7923,7,0,0
7923,7,1,0
7923,7,2,0
7924,1,0,0
7924,2,1,0
7924,3,0,0
7924,3,1,0
7924,4,2,0
7924,5,0,0
7924,5,2,0
7924,6,1,0
7924,6,2,0
7924,7,0,0
7924,7,1,0
7924,7,2,0
7925,1,0,0
7925,2,1,0
7925,3,0,0
7925,3,1,0
7925,4,2,0
7925,5,0,0
7925,5,2,0
7925,6,1,0
7925,6,2,0
7925,7,0,0
7925,7,1,0
7925,7,2,0
7926,1,0,0
7926,2,1,0
7926,3,0,0
7926,3,1,0
7926,4,2,0
7926,5,0,0
7926,5,2,0
7926,6,1,0
7926,6,2,0
7926,7,0,0
7926,7,1,0
7926,7,2,0
7927,1,0,0
7927,2,1,0
7927,3,0,0
7927,3,1,0
7927,4,2,0
7927,5,0,0
7927,5,2,0
7927,6,1,0
7927,6,2,0
7927,7,0,0
7927,7,1,0
7927,7,2,0
7928,1,0,0
7928,2,1,0
7928,3,0,0
7928,3,1,0
7928,4,2,0
7928,5,0,0
7928,5,2,0
7928,6,1,0
7928,6,2,0
7928,7,0,0
7928,7,1,0
7928,7,2,0
7929,1,0,0
7929,2,1,0
7929,3,0,0
7929,3,1,0
7929,4,2,0
7929,5,0,0
7929,5,2,0
7929,6,1,0
7929,6,2,0
7929,7,0,0
7929,7,1,0
7929,7,2,0
7930,1,0,0
7930,2,1,0
7930,3,0,0
7930,3,1,0
7930,4,2,0
7930,5,0,0
7930,5,2,0
7930,6,1,0
7930,6,2,0
7930,7,0,0
7930,7,1,0
7930,7,2,0
7931,1,0,0
7931,2,1,0
7931,3,0,0
7931,3,1,0
7931,4,2,0
7931,5,0,0
7931,5,2,0
7931,6,1,0
7931,6,2,0
7931,7,0,0
7931,7,1,0
7931,7,2,0
7932,1,0,0
7932,2,1,0
7932,3,0,0
7932,3,1,0
7932,4,2,0
7932,5,0,0
7932,5,2,0
7932,6,1,0
7932,6,2,0
7932,7,0,0
7932,7,1,0
7932,7,2,0
7933,1,0,0
7933,2,1,0
7933,3,0,0
7933,3,1,0
7933,4,2,0
7933,5,0,0
7933,5,2,0
7933,6,1,0
7933,6,2,0
7933,7,0,0
7933,7,1,0
7933,7,2,0
7934,1,0,0
7934,2,1,0
7934,3,0,0
7934,3,1,0
7934,4,2,0
7934,5,0,0
7934,5,2,0
7934,6,1,0
7934,6,2,0
7934,7,0,0
7934,7,1,0
7934,7,2,0
7935,1,0,0
7935,2,1,0
7935,3,0,0
7935,3,1,0
7935,4,2,0
7935,5,0,0
7935,5,2,0
7935,6,1,0
7935,6,2,0
7935,7,0,0
7935,7,1,0
7935,7,2,0
7936,1,0,0
7936,2,1,0
7936,3,0,0
7936,3,1,0
7936,4,2,0
7936,5,0,0
7936,5,2,0
7936,6,1,0
7936,6,2,0
7936,7,0,0
7936,7,1,0
7936,7,2,0
7937,1,0,0
7937,2,1,0
7937,3,0,0
7937,3,1,0
7937,4,2,0
7937,5,0,0
7937,5,2,0
7937,6,1,0
7937,6,2,0
7937,7,0,0
7937,7,1,0
7937,7,2,0
7938,1,0,1
7938,2,1,0
7938,3,0,1
7938,3,1,0
7938,4,2,1
7938,5,0,1
7938,5,2,1
7938,6,1,0
7938,6,2,1
7938,7,0,1
7938,7,1,0
7938,7,2,1
7939,1,0,1
7939,2,1,0
7939,3,0,1
7939,3,1,0
7939,4,2,1
7939,5,0,1
7939,5,2,1
7939,6,1,0
7939,6,2,1
7939,7,0,1
7939,7,1,0
7939,7,2,1
7940,1,0,0
7940,2,1,0
7940,3,0,0
7940,3,1,0
7940,4,2,0
7940,5,0,0
7940,5,2,0
7940,6,1,0
7940,6,2,0
7940,7,0,0
7940,7,1,0
7940,7,2,0
7941,1,0,0
7941,2,1,0
7941,3,0,0
7941,3,1,0
7941,4,2,0
7941,5,0,0
7941,5,2,0
7941,6,1,0
7941,6,2,0
7941,7,0,0
7941,7,1,0
7941,7,2,0
7942,1,0,0
7942,2,1,0
7942,3,0,0
7942,3,1,0
7942,4,2,0
7942,5,0,0
7942,5,2,0
7942,6,1,0
7942,6,2,0
7942,7,0,0
7942,7,1,0
7942,7,2,0
7943,1,0,0
7943,2,1,0
7943,3,0,0
7943,3,1,0
7943,4,2,0
7943,5,0,0
7943,5,2,0
7943,6,1,0
7943,6,2,0
7943,7,0,0
7943,7,1,0
7943,7,2,0
7944,1,0,0
7944,2,1,0
7944,3,0,0
7944,3,1,0
7944,4,2,0
7944,5,0,0
7944,5,2,0
7944,6,1,0
7944,6,2,0
7944,7,0,0
7944,7,1,0
7944,7,2,0
7945,1,0,0
7945,2,1,0
7945,3,0,0
7945,3,1,0
7945,4,2,0
7945,5,0,0
7945,5,2,0
7945,6,1,0
7945,6,2,0
7945,7,0,0
7945,7,1,0
7945,7,2,0
7946,1,0,0
7946,2,1,0
7946,3,0,0
7946,3,1,0
7946,4,2,0
7946,5,0,0
7946,5,2,0
7946,6,1,0
7946,6,2,0
7946,7,0,0
7946,7,1,0
7946,7,2,0
7947,1,0,1
7947,2,1,0
7947,3,0,1
7947,3,1,0
7947,4,2,1
7947,5,0,1
7947,5,2,1
7947,6,1,0
7947,6,2,1
7947,7,0,1
7947,7,1,0
7947,7,2,1
7948,1,0,1
7948,2,1,0
7948,3,0,1
7948,3,1,0
7948,4,2,1
7948,5,0,1
7948,5,2,1
7948,6,1,0
7948,6,2,1
7948,7,0,1
7948,7,1,0
7948,7,2,1
7949,1,0,0
7949,2,1,0
7949,3,0,0
7949,3,1,0
7949,4,2,0
7949,5,0,0
7949,5,2,0
7949,6,1,0
7949,6,2,0
7949,7,0,0
7949,7,1,0
7949,7,2,0
7950,1,0,0
7950,2,1,0
7950,3,0,0
7950,3,1,0
7950,4,2,0
7950,5,0,0
7950,5,2,0
7950,6,1,0
7950,6,2,0
7950,7,0,0
7950,7,1,0
7950,7,2,0
7951,1,0,0
7951,2,1,0
7951,3,0,0
7951,3,1,0
7951,4,2,0
7951,5,0,0
7951,5,2,0
7951,6,1,0
7951,6,2,0
7951,7,0,0
7951,7,1,0
7951,7,2,0
7952,1,0,0
7952,2,1,0
7952,3,0,0
7952,3,1,0
7952,4,2,0
7952,5,0,0
7952,5,2,0
7952,6,1,0
7952,6,2,0
7952,7,0,0
7952,7,1,0
7952,7,2,0
7953,1,0,0
7953,2,1,0
7953,3,0,0
7953,3,1,0
7953,4,2,0
7953,5,0,0
7953,5,2,0
7953,6,1,0
7953,6,2,0
7953,7,0,0
7953,7,1,0
7953,7,2,0
7954,1,0,0
7954,2,1,0
7954,3,0,0
7954,3,1,0
7954,4,2,0
7954,5,0,0
7954,5,2,0
7954,6,1,0
7954,6,2,0
7954,7,0,0
7954,7,1,0
7954,7,2,0
7955,1,0,0
7955,2,1,0
7955,3,0,0
7955,3,1,0
7955,4,2,0
7955,5,0,0
7955,5,2,0
7955,6,1,0
7955,6,2,0
7955,7,0,0
7955,7,1,0
7955,7,2,0
7956,1,0,0
7956,2,1,0
7956,3,0,0
7956,3,1,0
7956,4,2,0
7956,5,0,0
7956,5,2,0
7956,6,1,0
7956,6,2,0
7956,7,0,0
7956,7,1,0
7956,7,2,0
7957,1,0,0
7957,2,1,0
7957,3,0,0
7957,3,1,0
7957,4,2,0
7957,5,0,0
7957,5,2,0
7957,6,1,0
7957,6,2,0
7957,7,0,0
7957,7,1,0
7957,7,2,0
7958,1,0,0
7958,2,1,0
7958,3,0,0
7958,3,1,0
7958,4,2,0
7958,5,0,0
7958,5,2,0
7958,6,1,0
7958,6,2,0
7958,7,0,0
7958,7,1,0
7958,7,2,0
7959,1,0,0
7959,2,1,0
7959,3,0,0
7959,3,1,0
7959,4,2,0
7959,5,0,0
7959,5,2,0
7959,6,1,0
7959,6,2,0
7959,7,0,0
7959,7,1,0
7959,7,2,0
7960,1,0,0
7960,2,1,0
7960,3,0,0
7960,3,1,0
7960,4,2,0
7960,5,0,0
7960,5,2,0
7960,6,1,0
7960,6,2,0
7960,7,0,0
7960,7,1,0
7960,7,2,0
7961,1,0,0
7961,2,1,0
7961,3,0,0
7961,3,1,0
7961,4,2,0
7961,5,0,0
7961,5,2,0
7961,6,1,0
7961,6,2,0
7961,7,0,0
7961,7,1,0
7961,7,2,0
7962,1,0,0
7962,2,1,0
7962,3,0,0
7962,3,1,0
7962,4,2,0
7962,5,0,0
7962,5,2,0
7962,6,1,0
7962,6,2,0
7962,7,0,0
7962,7,1,0
7962,7,2,0
7963,1,0,0
7963,2,1,0
7963,3,0,0
7963,3,1,0
7963,4,2,0
7963,5,0,0
7963,5,2,0
7963,6,1,0
7963,6,2,0
7963,7,0,0
7963,7,1,0
7963,7,2,0
7964,1,0,0
7964,2,1,0
7964,3,0,0
7964,3,1,0
7964,4,2,0
7964,5,0,0
7964,5,2,0
7964,6,1,0
7964,6,2,0
7964,7,0,0
7964,7,1,0
7964,7,2,0
7965,1,0,1
7965,2,1,0
7965,3,0,1
7965,3,1,0
7965,4,2,1
7965,5,0,1
7965,5,2,1
7965,6,1,0
7965,6,2,1
7965,7,0,1
7965,7,1,0
7965,7,2,1
7966,1,0,1
7966,2,1,0
7966,3,0,1
7966,3,1,0
7966,4,2,1
7966,5,0,1
7966,5,2,1
7966,6,1,0
7966,6,2,1
7966,7,0,1
7966,7,1,0
7966,7,2,1
7967,1,0,0
7967,2,1,0
7967,3,0,0
7967,3,1,0
7967,4,2,0
7967,5,0,0
7967,5,2,0
7967,6,1,0
7967,6,2,0
7967,7,0,0
7967,7,1,0
7967,7,2,0
7968,1,0,0
7968,2,1,0
7968,3,0,0
7968,3,1,0
7968,4,2,0
7968,5,0,0
7968,5,2,0
7968,6,1,0
7968,6,2,0
7968,7,0,0
7968,7,1,0
7968,7,2,0
7969,1,0,0
7969,2,1,0
7969,3,0,0
7969,3,1,0
7969,4,2,0
7969,5,0,0
7969,5,2,0
7969,6,1,0
7969,6,2,0
7969,7,0,0
7969,7,1,0
7969,7,2,0
7970,1,0,0
7970,2,1,0
7970,3,0,0
7970,3,1,0
7970,4,2,0
7970,5,0,0
7970,5,2,0
7970,6,1,0
7970,6,2,0
7970,7,0,0
7970,7,1,0
7970,7,2,0
7971,1,0,0
7971,2,1,0
7971,3,0,0
7971,3,1,0
7971,4,2,0
7971,5,0,0
7971,5,2,0
7971,6,1,0
7971,6,2,0
7971,7,0,0
7971,7,1,0
7971,7,2,0
7972,1,0,0
7972,2,1,0
7972,3,0,0
7972,3,1,0
7972,4,2,0
7972,5,0,0
7972,5,2,0
7972,6,1,0
7972,6,2,0
7972,7,0,0
7972,7,1,0
7972,7,2,0
7973,1,0,0
7973,2,1,0
7973,3,0,0
7973,3,1,0
7973,4,2,0
7973,5,0,0
7973,5,2,0
7973,6,1,0
7973,6,2,0
7973,7,0,0
7973,7,1,0
7973,7,2,0
7974,1,0,1
7974,2,1,0
7974,3,0,1
7974,3,1,0
7974,4,2,1
7974,5,0,1
7974,5,2,1
7974,6,1,0
7974,6,2,1
7974,7,0,1
7974,7,1,0
7974,7,2,1
7975,1,0,1
7975,2,1,0
7975,3,0,1
7975,3,1,0
7975,4,2,1
7975,5,0,1
7975,5,2,1
7975,6,1,0
7975,6,2,1
7975,7,0,1
7975,7,1,0
7975,7,2,1
7976,1,0,0
7976,2,1,0
7976,3,0,0
7976,3,1,0
7976,4,2,0
7976,5,0,0
7976,5,2,0
7976,6,1,0
7976,6,2,0
7976,7,0,0
7976,7,1,0
7976,7,2,0
7977,1,0,0
7977,2,1,0
7977,3,0,0
7977,3,1,0
7977,4,2,0
7977,5,0,0
7977,5,2,0
7977,6,1,0
7977,6,2,0
7977,7,0,0
7977,7,1,0
7977,7,2,0
7978,1,0,0
7978,2,1,0
7978,3,0,0
7978,3,1,0
7978,4,2,0
7978,5,0,0
7978,5,2,0
7978,6,1,0
7978,6,2,0
7978,7,0,0
7978,7,1,0
7978,7,2,0
7979,1,0,0
7979,2,1,0
7979,3,0,0
7979,3,1,0
7979,4,2,0
7979,5,0,0
7979,5,2,0
7979,6,1,0
7979,6,2,0
7979,7,0,0
7979,7,1,0
7979,7,2,0
7980,1,0,0
7980,2,1,0
7980,3,0,0
7980,3,1,0
7980,4,2,0
7980,5,0,0
7980,5,2,0
7980,6,1,0
7980,6,2,0
7980,7,0,0
7980,7,1,0
7980,7,2,0
7981,1,0,0
7981,2,1,0
7981,3,0,0
7981,3,1,0
7981,4,2,0
7981,5,0,0
7981,5,2,0
7981,6,1,0
7981,6,2,0
7981,7,0,0
7981,7,1,0
7981,7,2,0
7982,1,0,0
7982,2,1,0
7982,3,0,0
7982,3,1,0
7982,4,2,0
7982,5,0,0
7982,5,2,0
7982,6,1,0
7982,6,2,0
7982,7,0,0
7982,7,1,0
7982,7,2,0
7983,1,0,0
7983,2,1,0
7983,3,0,0
7983,3,1,0
7983,4,2,0
7983,5,0,0
7983,5,2,0
7983,6,1,0
7983,6,2,0
7983,7,0,0
7983,7,1,0
7983,7,2,0
7984,1,0,0
7984,2,1,0
7984,3,0,0
7984,3,1,0
7984,4,2,0
7984,5,0,0
7984,5,2,0
7984,6,1,0
7984,6,2,0
7984,7,0,0
7984,7,1,0
7984,7,2,0
7985,1,0,0
7985,2,1,0
7985,3,0,0
7985,3,1,0
7985,4,2,0
7985,5,0,0
7985,5,2,0
7985,6,1,0
7985,6,2,0
7985,7,0,0
7985,7,1,0
7985,7,2,0
7986,1,0,0
7986,2,1,0
7986,3,0,0
7986,3,1,0
7986,4,2,0
7986,5,0,0
7986,5,2,0
7986,6,1,0
7986,6,2,0
7986,7,0,0
7986,7,1,0
7986,7,2,0
7987,1,0,0
7987,2,1,0
7987,3,0,0
7987,3,1,0
7987,4,2,0
7987,5,0,0
7987,5,2,0
7987,6,1,0
7987,6,2,0
7987,7,0,0
7987,7,1,0
7987,7,2,0
7988,1,0,0
7988,2,1,0
7988,3,0,0
7988,3,1,0
7988,4,2,0
7988,5,0,0
7988,5,2,0
7988,6,1,0
7988,6,2,0
7988,7,0,0
7988,7,1,0
7988,7,2,0
7989,1,0,0
7989,2,1,0
7989,3,0,0
7989,3,1,0
7989,4,2,0
7989,5,0,0
7989,5,2,0
7989,6,1,0
7989,6,2,0
7989,7,0,0
7989,7,1,0
7989,7,2,0
7990,1,0,0
7990,2,1,0
7990,3,0,0
7990,3,1,0
7990,4,2,0
7990,5,0,0
7990,5,2,0
7990,6,1,0
7990,6,2,0
7990,7,0,0
7990,7,1,0
7990,7,2,0
7991,1,0,0
7991,2,1,0
7991,3,0,0
7991,3,1,0
7991,4,2,0
7991,5,0,0
7991,5,2,0
7991,6,1,0
7991,6,2,0
7991,7,0,0
7991,7,1,0
7991,7,2,0
7992,1,0,1
7992,2,1,0
7992,3,0,1
7992,3,1,0
7992,4,2,1
7992,5,0,1
7992,5,2,1
7992,6,1,0
7992,6,2,1
7992,7,0,1
7992,7,1,0
7992,7,2,1
7993,1,0,1
7993,2,1,0
7993,3,0,1
7993,3,1,0
7993,4,2,1
7993,5,0,1
7993,5,2,1
7993,6,1,0
7993,6,2,1
7993,7,0,1
7993,7,1,0
7993,7,2,1
7994,1,0,0
7994,2,1,0
7994,3,0,0
7994,3,1,0
7994,4,2,0
7994,5,0,0
7994,5,2,0
7994,6,1,0
7994,6,2,0
7994,7,0,0
7994,7,1,0
7994,7,2,0
7995,1,0,0
7995,2,1,0
7995,3,0,0
7995,3,1,0
7995,4,2,0
7995,5,0,0
7995,5,2,0
7995,6,1,0
7995,6,2,0
7995,7,0,0
7995,7,1,0
7995,7,2,0
7996,1,0,0
7996,2,1,0
7996,3,0,0
7996,3,1,0
7996,4,2,0
7996,5,0,0
7996,5,2,0
7996,6,1,0
7996,6,2,0
7996,7,0,0
7996,7,1,0
7996,7,2,0
7997,1,0,0
7997,2,1,0
7997,3,0,0
7997,3,1,0
7997,4,2,0
7997,5,0,0
7997,5,2,0
7997,6,1,0
7997,6,2,0
7997,7,0,0
7997,7,1,0
7997,7,2,0
7998,1,0,0
7998,2,1,0
7998,3,0,0
7998,3,1,0
7998,4,2,0
7998,5,0,0
7998,5,2,0
7998,6,1,0
7998,6,2,0
7998,7,0,0
7998,7,1,0
7998,7,2,0
7999,1,0,0
7999,2,1,0
7999,3,0,0
7999,3,1,0
7999,4,2,0
7999,5,0,0
7999,5,2,0
7999,6,1,0
7999,6,2,0
7999,7,0,0
7999,7,1,0
7999,7,2,0
