edge_encoding,port_bits,initial,live
10000,1,0,0
10000,2,1,0
10000,3,0,0
10000,3,1,0
10000,4,2,0
10000,5,0,0
10000,5,2,0
10000,6,1,0
10000,6,2,0
10000,7,0,0
10000,7,1,0
10000,7,2,0
10001,1,0,0
10001,2,1,0
10001,3,0,0
10001,3,1,0
10001,4,2,0
10001,5,0,0
10001,5,2,0
10001,6,1,0
10001,6,2,0
10001,7,0,0
10001,7,1,0
10001,7,2,0
10002,1,0,0
10002,2,1,0
10002,3,0,0
10002,3,1,0
10002,4,2,0
10002,5,0,0
10002,5,2,0
10002,6,1,0
10002,6,2,0
10002,7,0,0
10002,7,1,0
10002,7,2,0
10003,1,0,0
10003,2,1,0
10003,3,0,0
10003,3,1,0
10003,4,2,0
10003,5,0,0
10003,5,2,0
10003,6,1,0
10003,6,2,0
10003,7,0,0
10003,7,1,0
10003,7,2,0
10004,1,0,0
10004,2,1,0
10004,3,0,0
10004,3,1,0
10004,4,2,0
10004,5,0,0
10004,5,2,0
10004,6,1,0
10004,6,2,0
10004,7,0,0
10004,7,1,0
10004,7,2,0
10005,1,0,0
10005,2,1,0
10005,3,0,0
10005,3,1,0
10005,4,2,0
10005,5,0,0
10005,5,2,0
10005,6,1,0
10005,6,2,0
10005,7,0,0
10005,7,1,0
10005,7,2,0
10006,1,0,0
10006,2,1,0
10006,3,0,0
10006,3,1,0
10006,4,2,0
10006,5,0,0
10006,5,2,0
10006,6,1,0
10006,6,2,0
10006,7,0,0
10006,7,1,0
10006,7,2,0
10007,1,0,0
10007,2,1,0
10007,3,0,0
10007,3,1,0
10007,4,2,0
10007,5,0,0
10007,5,2,0
10007,6,1,0
10007,6,2,0
10007,7,0,0
10007,7,1,0
10007,7,2,0
10008,1,0,0
10008,2,1,0
10008,3,0,0
10008,3,1,0
10008,4,2,0
10008,5,0,0
10008,5,2,0
10008,6,1,0
10008,6,2,0
10008,7,0,0
10008,7,1,0
10008,7,2,0
10009,1,0,0
10009,2,1,0
10009,3,0,0
10009,3,1,0
10009,4,2,0
10009,5,0,0
10009,5,2,0
10009,6,1,0
10009,6,2,0
10009,7,0,0
10009,7,1,0
10009,7,2,0
10010,1,0,0
10010,2,1,0
10010,3,0,0
10010,3,1,0
10010,4,2,0
10010,5,0,0
10010,5,2,0
10010,6,1,0
10010,6,2,0
10010,7,0,0
10010,7,1,0
10010,7,2,0
10011,1,0,0
10011,2,1,0
10011,3,0,0
10011,3,1,0
10011,4,2,0
10011,5,0,0
10011,5,2,0
10011,6,1,0
10011,6,2,0
10011,7,0,0
10011,7,1,0
10011,7,2,0
10012,1,0,0
10012,2,1,0
10012,3,0,0
10012,3,1,0
10012,4,2,0
10012,5,0,0
10012,5,2,0
10012,6,1,0
10012,6,2,0
10012,7,0,0
10012,7,1,0
10012,7,2,0
10013,1,0,0
10013,2,1,0
10013,3,0,0
10013,3,1,0
10013,4,2,0
10013,5,0,0
10013,5,2,0
10013,6,1,0
10013,6,2,0
10013,7,0,0
10013,7,1,0
10013,7,2,0
10014,1,0,0
10014,2,1,0
10014,3,0,0
10014,3,1,0
10014,4,2,0
10014,5,0,0
10014,5,2,0
10014,6,1,0
10014,6,2,0
10014,7,0,0
10014,7,1,0
10014,7,2,0
10015,1,0,0
10015,2,1,0
10015,3,0,0
10015,3,1,0
10015,4,2,0
10015,5,0,0
10015,5,2,0
10015,6,1,0
10015,6,2,0
10015,7,0,0
10015,7,1,0
10015,7,2,0
10016,1,0,0
10016,2,1,0
10016,3,0,0
10016,3,1,0
10016,4,2,0
10016,5,0,0
10016,5,2,0
10016,6,1,0
10016,6,2,0
10016,7,0,0
10016,7,1,0
10016,7,2,0
10017,1,0,1
10017,2,1,0
10017,3,0,1
10017,3,1,0
10017,4,2,0
10017,5,0,1
10017,5,2,0
10017,6,1,0
10017,6,2,0
10017,7,0,1
10017,7,1,0
10017,7,2,0
10018,1,0,1
10018,2,1,0
10018,3,0,1
10018,3,1,0
10018,4,2,0
10018,5,0,1
10018,5,2,0
10018,6,1,0
10018,6,2,0
10018,7,0,1
10018,7,1,0
10018,7,2,0
10019,1,0,0
10019,2,1,0
10019,3,0,0
10019,3,1,0
10019,4,2,0
10019,5,0,0
10019,5,2,0
10019,6,1,0
10019,6,2,0
10019,7,0,0
10019,7,1,0
10019,7,2,0
10020,1,0,0
10020,2,1,0
10020,3,0,0
10020,3,1,0
10020,4,2,0
10020,5,0,0
10020,5,2,0
10020,6,1,0
10020,6,2,0
10020,7,0,0
10020,7,1,0
10020,7,2,0
10021,1,0,0
10021,2,1,0
10021,3,0,0
10021,3,1,0
10021,4,2,0
10021,5,0,0
10021,5,2,0
10021,6,1,0
10021,6,2,0
10021,7,0,0
10021,7,1,0
10021,7,2,0
10022,1,0,0
10022,2,1,0
10022,3,0,0
10022,3,1,0
10022,4,2,0
10022,5,0,0
10022,5,2,0
10022,6,1,0
10022,6,2,0
10022,7,0,0
10022,7,1,0
10022,7,2,0
10023,1,0,0
10023,2,1,0
10023,3,0,0
10023,3,1,0
10023,4,2,0
10023,5,0,0
10023,5,2,0
10023,6,1,0
10023,6,2,0
10023,7,0,0
10023,7,1,0
10023,7,2,0
10024,1,0,0
10024,2,1,0
10024,3,0,0
10024,3,1,0
10024,4,2,0
10024,5,0,0
10024,5,2,0
10024,6,1,0
10024,6,2,0
10024,7,0,0
10024,7,1,0
10024,7,2,0
10025,1,0,0
10025,2,1,0
10025,3,0,0
10025,3,1,0
10025,4,2,0
10025,5,0,0
10025,5,2,0
10025,6,1,0
10025,6,2,0
10025,7,0,0
10025,7,1,0
10025,7,2,0
10026,1,0,0
10026,2,1,0
10026,3,0,0
10026,3,1,0
10026,4,2,0
10026,5,0,0
10026,5,2,0
10026,6,1,0
10026,6,2,0
10026,7,0,0
10026,7,1,0
10026,7,2,0
10027,1,0,0
10027,2,1,0
10027,3,0,0
10027,3,1,0
10027,4,2,0
10027,5,0,0
10027,5,2,0
10027,6,1,0
10027,6,2,0
10027,7,0,0
10027,7,1,0
10027,7,2,0
10028,1,0,0
10028,2,1,0
10028,3,0,0
10028,3,1,0
10028,4,2,0
10028,5,0,0
10028,5,2,0
10028,6,1,0
10028,6,2,0
10028,7,0,0
10028,7,1,0
10028,7,2,0
10029,1,0,0
10029,2,1,0
10029,3,0,0
10029,3,1,0
10029,4,2,0
10029,5,0,0
10029,5,2,0
10029,6,1,0
10029,6,2,0
10029,7,0,0
10029,7,1,0
10029,7,2,0
10030,1,0,0
10030,2,1,0
10030,3,0,0
10030,3,1,0
10030,4,2,0
10030,5,0,0
10030,5,2,0
10030,6,1,0
10030,6,2,0
10030,7,0,0
10030,7,1,0
10030,7,2,0
10031,1,0,0
10031,2,1,0
10031,3,0,0
10031,3,1,0
10031,4,2,0
10031,5,0,0
10031,5,2,0
10031,6,1,0
10031,6,2,0
10031,7,0,0
10031,7,1,0
10031,7,2,0
10032,1,0,0
10032,2,1,0
10032,3,0,0
10032,3,1,0
10032,4,2,0
10032,5,0,0
10032,5,2,0
10032,6,1,0
10032,6,2,0
10032,7,0,0
10032,7,1,0
10032,7,2,0
10033,1,0,0
10033,2,1,0
10033,3,0,0
10033,3,1,0
10033,4,2,0
10033,5,0,0
10033,5,2,0
10033,6,1,0
10033,6,2,0
10033,7,0,0
10033,7,1,0
10033,7,2,0
10034,1,0,0
10034,2,1,0
10034,3,0,0
10034,3,1,0
10034,4,2,0
10034,5,0,0
10034,5,2,0
10034,6,1,0
10034,6,2,0
10034,7,0,0
10034,7,1,0
10034,7,2,0
10035,1,0,0
10035,2,1,0
10035,3,0,0
10035,3,1,0
10035,4,2,0
10035,5,0,0
10035,5,2,0
10035,6,1,0
10035,6,2,0
10035,7,0,0
10035,7,1,0
10035,7,2,0
10036,1,0,0
10036,2,1,0
10036,3,0,0
10036,3,1,0
10036,4,2,0
10036,5,0,0
10036,5,2,0
10036,6,1,0
10036,6,2,0
10036,7,0,0
10036,7,1,0
10036,7,2,0
10037,1,0,0
10037,2,1,0
10037,3,0,0
10037,3,1,0
10037,4,2,0
10037,5,0,0
10037,5,2,0
10037,6,1,0
10037,6,2,0
10037,7,0,0
10037,7,1,0
10037,7,2,0
10038,1,0,0
10038,2,1,0
10038,3,0,0
10038,3,1,0
10038,4,2,0
10038,5,0,0
10038,5,2,0
10038,6,1,0
10038,6,2,0
10038,7,0,0
10038,7,1,0
10038,7,2,0
10039,1,0,0
10039,2,1,0
10039,3,0,0
10039,3,1,0
10039,4,2,0
10039,5,0,0
10039,5,2,0
10039,6,1,0
10039,6,2,0
10039,7,0,0
10039,7,1,0
10039,7,2,0
10040,1,0,0
10040,2,1,0
10040,3,0,0
10040,3,1,0
10040,4,2,0
10040,5,0,0
10040,5,2,0
10040,6,1,0
10040,6,2,0
10040,7,0,0
10040,7,1,0
10040,7,2,0
10041,1,0,0
10041,2,1,0
10041,3,0,0
10041,3,1,0
10041,4,2,0
10041,5,0,0
10041,5,2,0
10041,6,1,0
10041,6,2,0
10041,7,0,0
10041,7,1,0
10041,7,2,0
10042,1,0,0
10042,2,1,0
10042,3,0,0
10042,3,1,0
10042,4,2,0
10042,5,0,0
10042,5,2,0
10042,6,1,0
10042,6,2,0
10042,7,0,0
10042,7,1,0
10042,7,2,0
10043,1,0,0
10043,2,1,0
10043,3,0,0
10043,3,1,0
10043,4,2,0
10043,5,0,0
10043,5,2,0
10043,6,1,0
10043,6,2,0
10043,7,0,0
10043,7,1,0
10043,7,2,0
10044,1,0,1
10044,2,1,0
10044,3,0,1
10044,3,1,0
10044,4,2,0
10044,5,0,1
10044,5,2,0
10044,6,1,0
10044,6,2,0
10044,7,0,1
10044,7,1,0
10044,7,2,0
10045,1,0,1
10045,2,1,0
10045,3,0,1
10045,3,1,0
10045,4,2,0
10045,5,0,1
10045,5,2,0
10045,6,1,0
10045,6,2,0
10045,7,0,1
10045,7,1,0
10045,7,2,0
10046,1,0,0
10046,2,1,0
10046,3,0,0
10046,3,1,0
10046,4,2,0
10046,5,0,0
10046,5,2,0
10046,6,1,0
10046,6,2,0
10046,7,0,0
10046,7,1,0
10046,7,2,0
10047,1,0,0
10047,2,1,0
10047,3,0,0
10047,3,1,0
10047,4,2,0
10047,5,0,0
10047,5,2,0
10047,6,1,0
10047,6,2,0
10047,7,0,0
10047,7,1,0
10047,7,2,0
10048,1,0,0
10048,2,1,0
10048,3,0,0
10048,3,1,0
10048,4,2,0
10048,5,0,0
10048,5,2,0
10048,6,1,0
10048,6,2,0
10048,7,0,0
10048,7,1,0
10048,7,2,0
10049,1,0,0
10049,2,1,0
10049,3,0,0
10049,3,1,0
10049,4,2,0
10049,5,0,0
10049,5,2,0
10049,6,1,0
10049,6,2,0
10049,7,0,0
10049,7,1,0
10049,7,2,0
10050,1,0,0
10050,2,1,0
10050,3,0,0
10050,3,1,0
10050,4,2,0
10050,5,0,0
10050,5,2,0
10050,6,1,0
10050,6,2,0
10050,7,0,0
10050,7,1,0
10050,7,2,0
10051,1,0,0
10051,2,1,0
10051,3,0,0
10051,3,1,0
10051,4,2,0
10051,5,0,0
10051,5,2,0
10051,6,1,0
10051,6,2,0
10051,7,0,0
10051,7,1,0
10051,7,2,0
10052,1,0,0
10052,2,1,0
10052,3,0,0
10052,3,1,0
10052,4,2,0
10052,5,0,0
10052,5,2,0
10052,6,1,0
10052,6,2,0
10052,7,0,0
10052,7,1,0
10052,7,2,0
10053,1,0,0
10053,2,1,0
10053,3,0,0
10053,3,1,0
10053,4,2,0
10053,5,0,0
10053,5,2,0
10053,6,1,0
10053,6,2,0
10053,7,0,0
10053,7,1,0
10053,7,2,0
10054,1,0,0
10054,2,1,0
10054,3,0,0
10054,3,1,0
10054,4,2,0
10054,5,0,0
10054,5,2,0
10054,6,1,0
10054,6,2,0
10054,7,0,0
10054,7,1,0
10054,7,2,0
10055,1,0,0
10055,2,1,0
10055,3,0,0
10055,3,1,0
10055,4,2,0
10055,5,0,0
10055,5,2,0
10055,6,1,0
10055,6,2,0
10055,7,0,0
10055,7,1,0
10055,7,2,0
10056,1,0,0
10056,2,1,0
10056,3,0,0
10056,3,1,0
10056,4,2,0
10056,5,0,0
10056,5,2,0
10056,6,1,0
10056,6,2,0
10056,7,0,0
10056,7,1,0
10056,7,2,0
10057,1,0,0
10057,2,1,0
10057,3,0,0
10057,3,1,0
10057,4,2,0
10057,5,0,0
10057,5,2,0
10057,6,1,0
10057,6,2,0
10057,7,0,0
10057,7,1,0
10057,7,2,0
10058,1,0,0
10058,2,1,0
10058,3,0,0
10058,3,1,0
10058,4,2,0
10058,5,0,0
10058,5,2,0
10058,6,1,0
10058,6,2,0
10058,7,0,0
10058,7,1,0
10058,7,2,0
10059,1,0,0
10059,2,1,0
10059,3,0,0
10059,3,1,0
10059,4,2,0
10059,5,0,0
10059,5,2,0
10059,6,1,0
10059,6,2,0
10059,7,0,0
10059,7,1,0
10059,7,2,0
10060,1,0,0
10060,2,1,0
10060,3,0,0
10060,3,1,0
10060,4,2,0
10060,5,0,0
10060,5,2,0
10060,6,1,0
10060,6,2,0
10060,7,0,0
10060,7,1,0
10060,7,2,0
10061,1,0,0
10061,2,1,0
10061,3,0,0
10061,3,1,0
10061,4,2,0
10061,5,0,0
10061,5,2,0
10061,6,1,0
10061,6,2,0
10061,7,0,0
10061,7,1,0
10061,7,2,0
10062,1,0,0
10062,2,1,0
10062,3,0,0
10062,3,1,0
10062,4,2,0
10062,5,0,0
10062,5,2,0
10062,6,1,0
10062,6,2,0
10062,7,0,0
10062,7,1,0
10062,7,2,0
10063,1,0,0
10063,2,1,0
10063,3,0,0
10063,3,1,0
10063,4,2,0
10063,5,0,0
10063,5,2,0
10063,6,1,0
10063,6,2,0
10063,7,0,0
10063,7,1,0
10063,7,2,0
10064,1,0,0
10064,2,1,0
10064,3,0,0
10064,3,1,0
10064,4,2,0
10064,5,0,0
10064,5,2,0
10064,6,1,0
10064,6,2,0
10064,7,0,0
10064,7,1,0
10064,7,2,0
10065,1,0,0
10065,2,1,0
10065,3,0,0
10065,3,1,0
10065,4,2,0
10065,5,0,0
10065,5,2,0
10065,6,1,0
10065,6,2,0
10065,7,0,0
10065,7,1,0
10065,7,2,0
10066,1,0,0
10066,2,1,0
10066,3,0,0
10066,3,1,0
10066,4,2,0
10066,5,0,0
10066,5,2,0
10066,6,1,0
10066,6,2,0
10066,7,0,0
10066,7,1,0
10066,7,2,0
10067,1,0,0
10067,2,1,0
10067,3,0,0
10067,3,1,0
10067,4,2,0
10067,5,0,0
10067,5,2,0
10067,6,1,0
10067,6,2,0
10067,7,0,0
10067,7,1,0
10067,7,2,0
10068,1,0,0
10068,2,1,0
10068,3,0,0
10068,3,1,0
10068,4,2,0
10068,5,0,0
10068,5,2,0
10068,6,1,0
10068,6,2,0
10068,7,0,0
10068,7,1,0
10068,7,2,0
10069,1,0,0
10069,2,1,0
10069,3,0,0
10069,3,1,0
10069,4,2,0
10069,5,0,0
10069,5,2,0
10069,6,1,0
10069,6,2,0
10069,7,0,0
10069,7,1,0
10069,7,2,0
10070,1,0,0
10070,2,1,0
10070,3,0,0
10070,3,1,0
10070,4,2,0
10070,5,0,0
10070,5,2,0
10070,6,1,0
10070,6,2,0
10070,7,0,0
10070,7,1,0
10070,7,2,0
10071,1,0,1
10071,2,1,0
10071,3,0,1
10071,3,1,0
10071,4,2,0
10071,5,0,1
10071,5,2,0
10071,6,1,0
10071,6,2,0
10071,7,0,1
10071,7,1,0
10071,7,2,0
10072,1,0,1
10072,2,1,0
10072,3,0,1
10072,3,1,0
10072,4,2,0
10072,5,0,1
10072,5,2,0
10072,6,1,0
10072,6,2,0
10072,7,0,1
10072,7,1,0
10072,7,2,0
10073,1,0,0
10073,2,1,0
10073,3,0,0
10073,3,1,0
10073,4,2,0
10073,5,0,0
10073,5,2,0
10073,6,1,0
10073,6,2,0
10073,7,0,0
10073,7,1,0
10073,7,2,0
10074,1,0,0
10074,2,1,0
10074,3,0,0
10074,3,1,0
10074,4,2,0
10074,5,0,0
10074,5,2,0
10074,6,1,0
10074,6,2,0
10074,7,0,0
10074,7,1,0
10074,7,2,0
10075,1,0,0
10075,2,1,0
10075,3,0,0
10075,3,1,0
10075,4,2,0
10075,5,0,0
10075,5,2,0
10075,6,1,0
10075,6,2,0
10075,7,0,0
10075,7,1,0
10075,7,2,0
10076,1,0,0
10076,2,1,0
10076,3,0,0
10076,3,1,0
10076,4,2,0
10076,5,0,0
10076,5,2,0
10076,6,1,0
10076,6,2,0
10076,7,0,0
10076,7,1,0
10076,7,2,0
10077,1,0,0
10077,2,1,0
10077,3,0,0
10077,3,1,0
10077,4,2,0
10077,5,0,0
10077,5,2,0
10077,6,1,0
10077,6,2,0
10077,7,0,0
10077,7,1,0
10077,7,2,0
10078,1,0,0
10078,2,1,0
10078,3,0,0
10078,3,1,0
10078,4,2,0
10078,5,0,0
10078,5,2,0
10078,6,1,0
10078,6,2,0
10078,7,0,0
10078,7,1,0
10078,7,2,0
10079,1,0,0
10079,2,1,0
10079,3,0,0
10079,3,1,0
10079,4,2,0
10079,5,0,0
10079,5,2,0
10079,6,1,0
10079,6,2,0
10079,7,0,0
10079,7,1,0
10079,7,2,0
10080,1,0,0
10080,2,1,0
10080,3,0,0
10080,3,1,0
10080,4,2,0
10080,5,0,0
10080,5,2,0
10080,6,1,0
10080,6,2,0
10080,7,0,0
10080,7,1,0
10080,7,2,0
10081,1,0,0
10081,2,1,0
10081,3,0,0
10081,3,1,0
10081,4,2,0
10081,5,0,0
10081,5,2,0
10081,6,1,0
10081,6,2,0
10081,7,0,0
10081,7,1,0
10081,7,2,0
10082,1,0,0
10082,2,1,0
10082,3,0,0
10082,3,1,0
10082,4,2,0
10082,5,0,0
10082,5,2,0
10082,6,1,0
10082,6,2,0
10082,7,0,0
10082,7,1,0
10082,7,2,0
10083,1,0,0
10083,2,1,0
10083,3,0,0
10083,3,1,0
10083,4,2,0
10083,5,0,0
10083,5,2,0
10083,6,1,0
10083,6,2,0
10083,7,0,0
10083,7,1,0
10083,7,2,0
10084,1,0,0
10084,2,1,0
10084,3,0,0
10084,3,1,0
10084,4,2,0
10084,5,0,0
10084,5,2,0
10084,6,1,0
10084,6,2,0
10084,7,0,0
10084,7,1,0
10084,7,2,0
10085,1,0,0
10085,2,1,0
10085,3,0,0
10085,3,1,0
10085,4,2,0
10085,5,0,0
10085,5,2,0
10085,6,1,0
10085,6,2,0
10085,7,0,0
10085,7,1,0
10085,7,2,0
10086,1,0,0
10086,2,1,0
10086,3,0,0
10086,3,1,0
10086,4,2,0
10086,5,0,0
10086,5,2,0
10086,6,1,0
10086,6,2,0
10086,7,0,0
10086,7,1,0
10086,7,2,0
10087,1,0,0
10087,2,1,0
10087,3,0,0
10087,3,1,0
10087,4,2,0
10087,5,0,0
10087,5,2,0
10087,6,1,0
10087,6,2,0
10087,7,0,0
10087,7,1,0
10087,7,2,0
10088,1,0,0
10088,2,1,0
10088,3,0,0
10088,3,1,0
10088,4,2,0
10088,5,0,0
10088,5,2,0
10088,6,1,0
10088,6,2,0
10088,7,0,0
10088,7,1,0
10088,7,2,0
10089,1,0,0
10089,2,1,0
10089,3,0,0
10089,3,1,0
10089,4,2,0
10089,5,0,0
10089,5,2,0
10089,6,1,0
10089,6,2,0
10089,7,0,0
10089,7,1,0
10089,7,2,0
10090,1,0,0
10090,2,1,0
10090,3,0,0
10090,3,1,0
10090,4,2,0
10090,5,0,0
10090,5,2,0
10090,6,1,0
10090,6,2,0
10090,7,0,0
10090,7,1,0
10090,7,2,0
10091,1,0,0
10091,2,1,0
10091,3,0,0
10091,3,1,0
10091,4,2,0
10091,5,0,0
10091,5,2,0
10091,6,1,0
10091,6,2,0
10091,7,0,0
10091,7,1,0
10091,7,2,0
10092,1,0,0
10092,2,1,0
10092,3,0,0
10092,3,1,0
10092,4,2,0
10092,5,0,0
10092,5,2,0
10092,6,1,0
10092,6,2,0
10092,7,0,0
10092,7,1,0
10092,7,2,0
10093,1,0,0
10093,2,1,0
10093,3,0,0
10093,3,1,0
10093,4,2,0
10093,5,0,0
10093,5,2,0
10093,6,1,0
10093,6,2,0
10093,7,0,0
10093,7,1,0
10093,7,2,0
10094,1,0,0
10094,2,1,0
10094,3,0,0
10094,3,1,0
10094,4,2,0
10094,5,0,0
10094,5,2,0
10094,6,1,0
10094,6,2,0
10094,7,0,0
10094,7,1,0
10094,7,2,0
10095,1,0,0
10095,2,1,0
10095,3,0,0
10095,3,1,0
10095,4,2,0
10095,5,0,0
10095,5,2,0
10095,6,1,0
10095,6,2,0
10095,7,0,0
10095,7,1,0
10095,7,2,0
10096,1,0,0
10096,2,1,0
10096,3,0,0
10096,3,1,0
10096,4,2,0
10096,5,0,0
10096,5,2,0
10096,6,1,0
10096,6,2,0
10096,7,0,0
10096,7,1,0
10096,7,2,0
10097,1,0,0
10097,2,1,0
10097,3,0,0
10097,3,1,0
10097,4,2,0
10097,5,0,0
10097,5,2,0
10097,6,1,0
10097,6,2,0
10097,7,0,0
10097,7,1,0
10097,7,2,0
10098,1,0,1
10098,2,1,0
10098,3,0,1
10098,3,1,0
10098,4,2,0
10098,5,0,1
10098,5,2,0
10098,6,1,0
10098,6,2,0
10098,7,0,1
10098,7,1,0
10098,7,2,0
10099,1,0,1
10099,2,1,0
10099,3,0,1
10099,3,1,0
10099,4,2,0
10099,5,0,1
10099,5,2,0
10099,6,1,0
10099,6,2,0
10099,7,0,1
10099,7,1,0
10099,7,2,0
10100,1,0,0
10100,2,1,0
10100,3,0,0
10100,3,1,0
10100,4,2,0
10100,5,0,0
10100,5,2,0
10100,6,1,0
10100,6,2,0
10100,7,0,0
10100,7,1,0
10100,7,2,0
10101,1,0,0
10101,2,1,0
10101,3,0,0
10101,3,1,0
10101,4,2,0
10101,5,0,0
10101,5,2,0
10101,6,1,0
10101,6,2,0
10101,7,0,0
10101,7,1,0
10101,7,2,0
10102,1,0,0
10102,2,1,0
10102,3,0,0
10102,3,1,0
10102,4,2,0
10102,5,0,0
10102,5,2,0
10102,6,1,0
10102,6,2,0
10102,7,0,0
10102,7,1,0
10102,7,2,0
10103,1,0,0
10103,2,1,0
10103,3,0,0
10103,3,1,0
10103,4,2,0
10103,5,0,0
10103,5,2,0
10103,6,1,0
10103,6,2,0
10103,7,0,0
10103,7,1,0
10103,7,2,0
10104,1,0,0
10104,2,1,0
10104,3,0,0
10104,3,1,0
10104,4,2,0
10104,5,0,0
10104,5,2,0
10104,6,1,0
10104,6,2,0
10104,7,0,0
10104,7,1,0
10104,7,2,0
10105,1,0,0
10105,2,1,0
10105,3,0,0
10105,3,1,0
10105,4,2,0
10105,5,0,0
10105,5,2,0
10105,6,1,0
10105,6,2,0
10105,7,0,0
10105,7,1,0
10105,7,2,0
10106,1,0,0
10106,2,1,0
10106,3,0,0
10106,3,1,0
10106,4,2,0
10106,5,0,0
10106,5,2,0
10106,6,1,0
10106,6,2,0
10106,7,0,0
10106,7,1,0
10106,7,2,0
10107,1,0,0
10107,2,1,0
10107,3,0,0
10107,3,1,0
10107,4,2,0
10107,5,0,0
10107,5,2,0
10107,6,1,0
10107,6,2,0
10107,7,0,0
10107,7,1,0
10107,7,2,0
10108,1,0,0
10108,2,1,0
10108,3,0,0
10108,3,1,0
10108,4,2,0
10108,5,0,0
10108,5,2,0
10108,6,1,0
10108,6,2,0
10108,7,0,0
10108,7,1,0
10108,7,2,0
10109,1,0,0
10109,2,1,0
10109,3,0,0
10109,3,1,0
10109,4,2,0
10109,5,0,0
10109,5,2,0
10109,6,1,0
10109,6,2,0
10109,7,0,0
10109,7,1,0
10109,7,2,0
10110,1,0,0
10110,2,1,0
10110,3,0,0
10110,3,1,0
10110,4,2,0
10110,5,0,0
10110,5,2,0
10110,6,1,0
10110,6,2,0
10110,7,0,0
10110,7,1,0
10110,7,2,0
10111,1,0,0
10111,2,1,0
10111,3,0,0
10111,3,1,0
10111,4,2,0
10111,5,0,0
10111,5,2,0
10111,6,1,0
10111,6,2,0
10111,7,0,0
10111,7,1,0
10111,7,2,0
10112,1,0,0
10112,2,1,0
10112,3,0,0
10112,3,1,0
10112,4,2,0
10112,5,0,0
10112,5,2,0
10112,6,1,0
10112,6,2,0
10112,7,0,0
10112,7,1,0
10112,7,2,0
10113,1,0,0
10113,2,1,0
10113,3,0,0
10113,3,1,0
10113,4,2,0
10113,5,0,0
10113,5,2,0
10113,6,1,0
10113,6,2,0
10113,7,0,0
10113,7,1,0
10113,7,2,0
10114,1,0,0
10114,2,1,0
10114,3,0,0
10114,3,1,0
10114,4,2,0
10114,5,0,0
10114,5,2,0
10114,6,1,0
10114,6,2,0
10114,7,0,0
10114,7,1,0
10114,7,2,0
10115,1,0,0
10115,2,1,0
10115,3,0,0
10115,3,1,0
10115,4,2,0
10115,5,0,0
10115,5,2,0
10115,6,1,0
10115,6,2,0
10115,7,0,0
10115,7,1,0
10115,7,2,0
10116,1,0,0
10116,2,1,0
10116,3,0,0
10116,3,1,0
10116,4,2,0
10116,5,0,0
10116,5,2,0
10116,6,1,0
10116,6,2,0
10116,7,0,0
10116,7,1,0
10116,7,2,0
10117,1,0,0
10117,2,1,0
10117,3,0,0
10117,3,1,0
10117,4,2,0
10117,5,0,0
10117,5,2,0
10117,6,1,0
10117,6,2,0
10117,7,0,0
10117,7,1,0
10117,7,2,0
10118,1,0,0
10118,2,1,0
10118,3,0,0
10118,3,1,0
10118,4,2,0
10118,5,0,0
10118,5,2,0
10118,6,1,0
10118,6,2,0
10118,7,0,0
10118,7,1,0
10118,7,2,0
10119,1,0,0
10119,2,1,0
10119,3,0,0
10119,3,1,0
10119,4,2,0
10119,5,0,0
10119,5,2,0
10119,6,1,0
10119,6,2,0
10119,7,0,0
10119,7,1,0
10119,7,2,0
10120,1,0,0
10120,2,1,0
10120,3,0,0
10120,3,1,0
10120,4,2,0
10120,5,0,0
10120,5,2,0
10120,6,1,0
10120,6,2,0
10120,7,0,0
10120,7,1,0
10120,7,2,0
10121,1,0,0
10121,2,1,0
10121,3,0,0
10121,3,1,0
10121,4,2,0
10121,5,0,0
10121,5,2,0
10121,6,1,0
10121,6,2,0
10121,7,0,0
10121,7,1,0
10121,7,2,0
10122,1,0,0
10122,2,1,0
10122,3,0,0
10122,3,1,0
10122,4,2,0
10122,5,0,0
10122,5,2,0
10122,6,1,0
10122,6,2,0
10122,7,0,0
10122,7,1,0
10122,7,2,0
10123,1,0,0
10123,2,1,0
10123,3,0,0
10123,3,1,0
10123,4,2,0
10123,5,0,0
10123,5,2,0
10123,6,1,0
10123,6,2,0
10123,7,0,0
10123,7,1,0
10123,7,2,0
10124,1,0,0
10124,2,1,0
10124,3,0,0
10124,3,1,0
10124,4,2,0
10124,5,0,0
10124,5,2,0
10124,6,1,0
10124,6,2,0
10124,7,0,0
10124,7,1,0
10124,7,2,0
10125,1,0,1
10125,2,1,0
10125,3,0,1
10125,3,1,0
10125,4,2,0
10125,5,0,1
10125,5,2,0
10125,6,1,0
10125,6,2,0
10125,7,0,1
10125,7,1,0
10125,7,2,0
10126,1,0,1
10126,2,1,0
10126,3,0,1
10126,3,1,0
10126,4,2,0
10126,5,0,1
10126,5,2,0
10126,6,1,0
10126,6,2,0
10126,7,0,1
10126,7,1,0
10126,7,2,0
10127,1,0,0
10127,2,1,0
10127,3,0,0
10127,3,1,0
10127,4,2,0
10127,5,0,0
10127,5,2,0
10127,6,1,0
10127,6,2,0
10127,7,0,0
10127,7,1,0
10127,7,2,0
10128,1,0,0
10128,2,1,0
10128,3,0,0
10128,3,1,0
10128,4,2,0
10128,5,0,0
10128,5,2,0
10128,6,1,0
10128,6,2,0
10128,7,0,0
10128,7,1,0
10128,7,2,0
10129,1,0,0
10129,2,1,0
10129,3,0,0
10129,3,1,0
10129,4,2,0
10129,5,0,0
10129,5,2,0
10129,6,1,0
10129,6,2,0
10129,7,0,0
10129,7,1,0
10129,7,2,0
10130,1,0,0
10130,2,1,0
10130,3,0,0
10130,3,1,0
10130,4,2,0
10130,5,0,0
10130,5,2,0
10130,6,1,0
10130,6,2,0
10130,7,0,0
10130,7,1,0
10130,7,2,0
10131,1,0,0
10131,2,1,0
10131,3,0,0
10131,3,1,0
10131,4,2,0
10131,5,0,0
10131,5,2,0
10131,6,1,0
10131,6,2,0
10131,7,0,0
10131,7,1,0
10131,7,2,0
10132,1,0,0
10132,2,1,0
10132,3,0,0
10132,3,1,0
10132,4,2,0
10132,5,0,0
10132,5,2,0
10132,6,1,0
10132,6,2,0
10132,7,0,0
10132,7,1,0
10132,7,2,0
10133,1,0,0
10133,2,1,0
10133,3,0,0
10133,3,1,0
10133,4,2,0
10133,5,0,0
10133,5,2,0
10133,6,1,0
10133,6,2,0
10133,7,0,0
10133,7,1,0
10133,7,2,0
10134,1,0,0
10134,2,1,0
10134,3,0,0
10134,3,1,0
10134,4,2,0
10134,5,0,0
10134,5,2,0
10134,6,1,0
10134,6,2,0
10134,7,0,0
10134,7,1,0
10134,7,2,0
10135,1,0,0
10135,2,1,0
10135,3,0,0
10135,3,1,0
10135,4,2,0
10135,5,0,0
10135,5,2,0
10135,6,1,0
10135,6,2,0
10135,7,0,0
10135,7,1,0
10135,7,2,0
10136,1,0,0
10136,2,1,0
10136,3,0,0
10136,3,1,0
10136,4,2,0
10136,5,0,0
10136,5,2,0
10136,6,1,0
10136,6,2,0
10136,7,0,0
10136,7,1,0
10136,7,2,0
10137,1,0,0
10137,2,1,0
10137,3,0,0
10137,3,1,0
10137,4,2,0
10137,5,0,0
10137,5,2,0
10137,6,1,0
10137,6,2,0
10137,7,0,0
10137,7,1,0
10137,7,2,0
10138,1,0,0
10138,2,1,0
10138,3,0,0
10138,3,1,0
10138,4,2,0
10138,5,0,0
10138,5,2,0
10138,6,1,0
10138,6,2,0
10138,7,0,0
10138,7,1,0
10138,7,2,0
10139,1,0,0
10139,2,1,0
10139,3,0,0
10139,3,1,0
10139,4,2,0
10139,5,0,0
10139,5,2,0
10139,6,1,0
10139,6,2,0
10139,7,0,0
10139,7,1,0
10139,7,2,0
10140,1,0,0
10140,2,1,0
10140,3,0,0
10140,3,1,0
10140,4,2,0
10140,5,0,0
10140,5,2,0
10140,6,1,0
10140,6,2,0
10140,7,0,0
10140,7,1,0
10140,7,2,0
10141,1,0,0
10141,2,1,0
10141,3,0,0
10141,3,1,0
10141,4,2,0
10141,5,0,0
10141,5,2,0
10141,6,1,0
10141,6,2,0
10141,7,0,0
10141,7,1,0
10141,7,2,0
10142,1,0,0
10142,2,1,0
10142,3,0,0
10142,3,1,0
10142,4,2,0
10142,5,0,0
10142,5,2,0
10142,6,1,0
10142,6,2,0
10142,7,0,0
10142,7,1,0
10142,7,2,0
10143,1,0,0
10143,2,1,0
10143,3,0,0
10143,3,1,0
10143,4,2,0
10143,5,0,0
10143,5,2,0
10143,6,1,0
10143,6,2,0
10143,7,0,0
10143,7,1,0
10143,7,2,0
10144,1,0,0
10144,2,1,0
10144,3,0,0
10144,3,1,0
10144,4,2,0
10144,5,0,0
10144,5,2,0
10144,6,1,0
10144,6,2,0
10144,7,0,0
10144,7,1,0
10144,7,2,0
10145,1,0,0
10145,2,1,0
10145,3,0,0
10145,3,1,0
10145,4,2,0
10145,5,0,0
10145,5,2,0
10145,6,1,0
10145,6,2,0
10145,7,0,0
10145,7,1,0
10145,7,2,0
10146,1,0,0
10146,2,1,0
10146,3,0,0
10146,3,1,0
10146,4,2,0
10146,5,0,0
10146,5,2,0
10146,6,1,0
10146,6,2,0
10146,7,0,0
10146,7,1,0
10146,7,2,0
10147,1,0,0
10147,2,1,0
10147,3,0,0
10147,3,1,0
10147,4,2,0
10147,5,0,0
10147,5,2,0
10147,6,1,0
10147,6,2,0
10147,7,0,0
10147,7,1,0
10147,7,2,0
10148,1,0,0
10148,2,1,0
10148,3,0,0
10148,3,1,0
10148,4,2,0
10148,5,0,0
10148,5,2,0
10148,6,1,0
10148,6,2,0
10148,7,0,0
10148,7,1,0
10148,7,2,0
10149,1,0,0
10149,2,1,0
10149,3,0,0
10149,3,1,0
10149,4,2,0
10149,5,0,0
10149,5,2,0
10149,6,1,0
10149,6,2,0
10149,7,0,0
10149,7,1,0
10149,7,2,0
10150,1,0,0
10150,2,1,0
10150,3,0,0
10150,3,1,0
10150,4,2,0
10150,5,0,0
10150,5,2,0
10150,6,1,0
10150,6,2,0
10150,7,0,0
10150,7,1,0
10150,7,2,0
10151,1,0,0
10151,2,1,0
10151,3,0,0
10151,3,1,0
10151,4,2,0
10151,5,0,0
10151,5,2,0
10151,6,1,0
10151,6,2,0
10151,7,0,0
10151,7,1,0
10151,7,2,0
10152,1,0,1
10152,2,1,0
10152,3,0,1
10152,3,1,0
10152,4,2,0
10152,5,0,1
10152,5,2,0
10152,6,1,0
10152,6,2,0
10152,7,0,1
10152,7,1,0
10152,7,2,0
10153,1,0,1
10153,2,1,0
10153,3,0,1
10153,3,1,0
10153,4,2,0
10153,5,0,1
10153,5,2,0
10153,6,1,0
10153,6,2,0
10153,7,0,1
10153,7,1,0
10153,7,2,0
10154,1,0,0
10154,2,1,0
10154,3,0,0
10154,3,1,0
10154,4,2,0
10154,5,0,0
10154,5,2,0
10154,6,1,0
10154,6,2,0
10154,7,0,0
10154,7,1,0
10154,7,2,0
10155,1,0,0
10155,2,1,0
10155,3,0,0
10155,3,1,0
10155,4,2,0
10155,5,0,0
10155,5,2,0
10155,6,1,0
10155,6,2,0
10155,7,0,0
10155,7,1,0
10155,7,2,0
10156,1,0,0
10156,2,1,0
10156,3,0,0
10156,3,1,0
10156,4,2,0
10156,5,0,0
10156,5,2,0
10156,6,1,0
10156,6,2,0
10156,7,0,0
10156,7,1,0
10156,7,2,0
10157,1,0,0
10157,2,1,0
10157,3,0,0
10157,3,1,0
10157,4,2,0
10157,5,0,0
10157,5,2,0
10157,6,1,0
10157,6,2,0
10157,7,0,0
10157,7,1,0
10157,7,2,0
10158,1,0,0
10158,2,1,0
10158,3,0,0
10158,3,1,0
10158,4,2,0
10158,5,0,0
10158,5,2,0
10158,6,1,0
10158,6,2,0
10158,7,0,0
10158,7,1,0
10158,7,2,0
10159,1,0,0
10159,2,1,0
10159,3,0,0
10159,3,1,0
10159,4,2,0
10159,5,0,0
10159,5,2,0
10159,6,1,0
10159,6,2,0
10159,7,0,0
10159,7,1,0
10159,7,2,0
10160,1,0,0
10160,2,1,0
10160,3,0,0
10160,3,1,0
10160,4,2,0
10160,5,0,0
10160,5,2,0
10160,6,1,0
10160,6,2,0
10160,7,0,0
10160,7,1,0
10160,7,2,0
10161,1,0,0
10161,2,1,0
10161,3,0,0
10161,3,1,0
10161,4,2,0
10161,5,0,0
10161,5,2,0
10161,6,1,0
10161,6,2,0
10161,7,0,0
10161,7,1,0
10161,7,2,0
10162,1,0,0
10162,2,1,0
10162,3,0,0
10162,3,1,0
10162,4,2,0
10162,5,0,0
10162,5,2,0
10162,6,1,0
10162,6,2,0
10162,7,0,0
10162,7,1,0
10162,7,2,0
10163,1,0,0
10163,2,1,0
10163,3,0,0
10163,3,1,0
10163,4,2,0
10163,5,0,0
10163,5,2,0
10163,6,1,0
10163,6,2,0
10163,7,0,0
10163,7,1,0
10163,7,2,0
10164,1,0,0
10164,2,1,0
10164,3,0,0
10164,3,1,0
10164,4,2,0
10164,5,0,0
10164,5,2,0
10164,6,1,0
10164,6,2,0
10164,7,0,0
10164,7,1,0
10164,7,2,0
10165,1,0,0
10165,2,1,0
10165,3,0,0
10165,3,1,0
10165,4,2,0
10165,5,0,0
10165,5,2,0
10165,6,1,0
10165,6,2,0
10165,7,0,0
10165,7,1,0
10165,7,2,0
10166,1,0,0
10166,2,1,0
10166,3,0,0
10166,3,1,0
10166,4,2,0
10166,5,0,0
10166,5,2,0
10166,6,1,0
10166,6,2,0
10166,7,0,0
10166,7,1,0
10166,7,2,0
10167,1,0,0
10167,2,1,0
10167,3,0,0
10167,3,1,0
10167,4,2,0
10167,5,0,0
10167,5,2,0
10167,6,1,0
10167,6,2,0
10167,7,0,0
10167,7,1,0
10167,7,2,0
10168,1,0,0
10168,2,1,0
10168,3,0,0
10168,3,1,0
10168,4,2,0
10168,5,0,0
10168,5,2,0
10168,6,1,0
10168,6,2,0
10168,7,0,0
10168,7,1,0
10168,7,2,0
10169,1,0,0
10169,2,1,0
10169,3,0,0
10169,3,1,0
10169,4,2,0
10169,5,0,0
10169,5,2,0
10169,6,1,0
10169,6,2,0
10169,7,0,0
10169,7,1,0
10169,7,2,0
10170,1,0,0
10170,2,1,0
10170,3,0,0
10170,3,1,0
10170,4,2,0
10170,5,0,0
10170,5,2,0
10170,6,1,0
10170,6,2,0
10170,7,0,0
10170,7,1,0
10170,7,2,0
10171,1,0,0
10171,2,1,0
10171,3,0,0
10171,3,1,0
10171,4,2,0
10171,5,0,0
10171,5,2,0
10171,6,1,0
10171,6,2,0
10171,7,0,0
10171,7,1,0
10171,7,2,0
10172,1,0,0
10172,2,1,0
10172,3,0,0
10172,3,1,0
10172,4,2,0
10172,5,0,0
10172,5,2,0
10172,6,1,0
10172,6,2,0
10172,7,0,0
10172,7,1,0
10172,7,2,0
10173,1,0,0
10173,2,1,0
10173,3,0,0
10173,3,1,0
10173,4,2,0
10173,5,0,0
10173,5,2,0
10173,6,1,0
10173,6,2,0
10173,7,0,0
10173,7,1,0
10173,7,2,0
10174,1,0,0
10174,2,1,0
10174,3,0,0
10174,3,1,0
10174,4,2,0
10174,5,0,0
10174,5,2,0
10174,6,1,0
10174,6,2,0
10174,7,0,0
10174,7,1,0
10174,7,2,0
10175,1,0,0
10175,2,1,0
10175,3,0,0
10175,3,1,0
10175,4,2,0
10175,5,0,0
10175,5,2,0
10175,6,1,0
10175,6,2,0
10175,7,0,0
10175,7,1,0
10175,7,2,0
10176,1,0,0
10176,2,1,0
10176,3,0,0
10176,3,1,0
10176,4,2,0
10176,5,0,0
10176,5,2,0
10176,6,1,0
10176,6,2,0
10176,7,0,0
10176,7,1,0
10176,7,2,0
10177,1,0,0
10177,2,1,0
10177,3,0,0
10177,3,1,0
10177,4,2,0
10177,5,0,0
10177,5,2,0
10177,6,1,0
10177,6,2,0
10177,7,0,0
10177,7,1,0
10177,7,2,0
10178,1,0,0
10178,2,1,0
10178,3,0,0
10178,3,1,0
10178,4,2,0
10178,5,0,0
10178,5,2,0
10178,6,1,0
10178,6,2,0
10178,7,0,0
10178,7,1,0
10178,7,2,0
10179,1,0,1
10179,2,1,0
10179,3,0,1
10179,3,1,0
10179,4,2,0
10179,5,0,1
10179,5,2,0
10179,6,1,0
10179,6,2,0
10179,7,0,1
10179,7,1,0
10179,7,2,0
10180,1,0,1
10180,2,1,0
10180,3,0,1
10180,3,1,0
10180,4,2,0
10180,5,0,1
10180,5,2,0
10180,6,1,0
10180,6,2,0
10180,7,0,1
10180,7,1,0
10180,7,2,0
10181,1,0,0
10181,2,1,0
10181,3,0,0
10181,3,1,0
10181,4,2,0
10181,5,0,0
10181,5,2,0
10181,6,1,0
10181,6,2,0
10181,7,0,0
10181,7,1,0
10181,7,2,0
10182,1,0,0
10182,2,1,0
10182,3,0,0
10182,3,1,0
10182,4,2,0
10182,5,0,0
10182,5,2,0
10182,6,1,0
10182,6,2,0
10182,7,0,0
10182,7,1,0
10182,7,2,0
10183,1,0,0
10183,2,1,0
10183,3,0,0
10183,3,1,0
10183,4,2,0
10183,5,0,0
10183,5,2,0
10183,6,1,0
10183,6,2,0
10183,7,0,0
10183,7,1,0
10183,7,2,0
10184,1,0,0
10184,2,1,0
10184,3,0,0
10184,3,1,0
10184,4,2,0
10184,5,0,0
10184,5,2,0
10184,6,1,0
10184,6,2,0
10184,7,0,0
10184,7,1,0
10184,7,2,0
10185,1,0,0
10185,2,1,0
10185,3,0,0
10185,3,1,0
10185,4,2,0
10185,5,0,0
10185,5,2,0
10185,6,1,0
10185,6,2,0
10185,7,0,0
10185,7,1,0
10185,7,2,0
10186,1,0,0
10186,2,1,0
10186,3,0,0
10186,3,1,0
10186,4,2,0
10186,5,0,0
10186,5,2,0
10186,6,1,0
10186,6,2,0
10186,7,0,0
10186,7,1,0
10186,7,2,0
10187,1,0,0
10187,2,1,0
10187,3,0,0
10187,3,1,0
10187,4,2,0
10187,5,0,0
10187,5,2,0
10187,6,1,0
10187,6,2,0
10187,7,0,0
10187,7,1,0
10187,7,2,0
10188,1,0,0
10188,2,1,0
10188,3,0,0
10188,3,1,0
10188,4,2,0
10188,5,0,0
10188,5,2,0
10188,6,1,0
10188,6,2,0
10188,7,0,0
10188,7,1,0
10188,7,2,0
10189,1,0,0
10189,2,1,0
10189,3,0,0
10189,3,1,0
10189,4,2,0
10189,5,0,0
10189,5,2,0
10189,6,1,0
10189,6,2,0
10189,7,0,0
10189,7,1,0
10189,7,2,0
10190,1,0,0
10190,2,1,0
10190,3,0,0
10190,3,1,0
10190,4,2,0
10190,5,0,0
10190,5,2,0
10190,6,1,0
10190,6,2,0
10190,7,0,0
10190,7,1,0
10190,7,2,0
10191,1,0,0
10191,2,1,0
10191,3,0,0
10191,3,1,0
10191,4,2,0
10191,5,0,0
10191,5,2,0
10191,6,1,0
10191,6,2,0
10191,7,0,0
10191,7,1,0
10191,7,2,0
10192,1,0,0
10192,2,1,0
10192,3,0,0
10192,3,1,0
10192,4,2,0
10192,5,0,0
10192,5,2,0
10192,6,1,0
10192,6,2,0
10192,7,0,0
10192,7,1,0
10192,7,2,0
10193,1,0,0
10193,2,1,0
10193,3,0,0
10193,3,1,0
10193,4,2,0
10193,5,0,0
10193,5,2,0
10193,6,1,0
10193,6,2,0
10193,7,0,0
10193,7,1,0
10193,7,2,0
10194,1,0,0
10194,2,1,0
10194,3,0,0
10194,3,1,0
10194,4,2,0
10194,5,0,0
10194,5,2,0
10194,6,1,0
10194,6,2,0
10194,7,0,0
10194,7,1,0
10194,7,2,0
10195,1,0,0
10195,2,1,0
10195,3,0,0
10195,3,1,0
10195,4,2,0
10195,5,0,0
10195,5,2,0
10195,6,1,0
10195,6,2,0
10195,7,0,0
10195,7,1,0
10195,7,2,0
10196,1,0,0
10196,2,1,0
10196,3,0,0
10196,3,1,0
10196,4,2,0
10196,5,0,0
10196,5,2,0
10196,6,1,0
10196,6,2,0
10196,7,0,0
10196,7,1,0
10196,7,2,0
10197,1,0,0
10197,2,1,0
10197,3,0,0
10197,3,1,0
10197,4,2,0
10197,5,0,0
10197,5,2,0
10197,6,1,0
10197,6,2,0
10197,7,0,0
10197,7,1,0
10197,7,2,0
10198,1,0,0
10198,2,1,0
10198,3,0,0
10198,3,1,0
10198,4,2,0
10198,5,0,0
10198,5,2,0
10198,6,1,0
10198,6,2,0
10198,7,0,0
10198,7,1,0
10198,7,2,0
10199,1,0,0
10199,2,1,0
10199,3,0,0
10199,3,1,0
10199,4,2,0
10199,5,0,0
10199,5,2,0
10199,6,1,0
10199,6,2,0
10199,7,0,0
10199,7,1,0
10199,7,2,0
10200,1,0,0
10200,2,1,0
10200,3,0,0
10200,3,1,0
10200,4,2,0
10200,5,0,0
10200,5,2,0
10200,6,1,0
10200,6,2,0
10200,7,0,0
10200,7,1,0
10200,7,2,0
10201,1,0,0
10201,2,1,0
10201,3,0,0
10201,3,1,0
10201,4,2,0
10201,5,0,0
10201,5,2,0
10201,6,1,0
10201,6,2,0
10201,7,0,0
10201,7,1,0
10201,7,2,0
10202,1,0,0
10202,2,1,0
10202,3,0,0
10202,3,1,0
10202,4,2,0
10202,5,0,0
10202,5,2,0
10202,6,1,0
10202,6,2,0
10202,7,0,0
10202,7,1,0
10202,7,2,0
10203,1,0,0
10203,2,1,0
10203,3,0,0
10203,3,1,0
10203,4,2,0
10203,5,0,0
10203,5,2,0
10203,6,1,0
10203,6,2,0
10203,7,0,0
10203,7,1,0
10203,7,2,0
10204,1,0,0
10204,2,1,0
10204,3,0,0
10204,3,1,0
10204,4,2,0
10204,5,0,0
10204,5,2,0
10204,6,1,0
10204,6,2,0
10204,7,0,0
10204,7,1,0
10204,7,2,0
10205,1,0,0
10205,2,1,0
10205,3,0,0
10205,3,1,0
10205,4,2,0
10205,5,0,0
10205,5,2,0
10205,6,1,0
10205,6,2,0
10205,7,0,0
10205,7,1,0
10205,7,2,0
10206,1,0,1
10206,2,1,1
10206,3,0,1
10206,3,1,1
10206,4,2,1
10206,5,0,1
10206,5,2,1
10206,6,1,1
10206,6,2,1
10206,7,0,1
10206,7,1,1
10206,7,2,1
10207,1,0,1
10207,2,1,1
10207,3,0,1
10207,3,1,1
10207,4,2,1
10207,5,0,1
10207,5,2,1
10207,6,1,1
10207,6,2,1
10207,7,0,1
10207,7,1,1
10207,7,2,1
10208,1,0,0
10208,2,1,1
10208,3,0,0
10208,3,1,1
10208,4,2,0
10208,5,0,0
10208,5,2,0
10208,6,1,1
10208,6,2,0
10208,7,0,0
10208,7,1,1
10208,7,2,0
10209,1,0,1
10209,2,1,1
10209,3,0,1
10209,3,1,1
10209,4,2,1
10209,5,0,1
10209,5,2,1
10209,6,1,1
10209,6,2,1
10209,7,0,1
10209,7,1,1
10209,7,2,1
10210,1,0,1
10210,2,1,1
10210,3,0,1
10210,3,1,1
10210,4,2,1
10210,5,0,1
10210,5,2,1
10210,6,1,1
10210,6,2,1
10210,7,0,1
10210,7,1,1
10210,7,2,1
10211,1,0,0
10211,2,1,1
10211,3,0,0
10211,3,1,1
10211,4,2,0
10211,5,0,0
10211,5,2,0
10211,6,1,1
10211,6,2,0
10211,7,0,0
10211,7,1,1
10211,7,2,0
10212,1,0,1
10212,2,1,1
10212,3,0,1
10212,3,1,1
10212,4,2,1
10212,5,0,1
10212,5,2,1
10212,6,1,1
10212,6,2,1
10212,7,0,1
10212,7,1,1
10212,7,2,1
10213,1,0,1
10213,2,1,1
10213,3,0,1
10213,3,1,1
10213,4,2,1
10213,5,0,1
10213,5,2,1
10213,6,1,1
10213,6,2,1
10213,7,0,1
10213,7,1,1
10213,7,2,1
10214,1,0,0
10214,2,1,1
10214,3,0,0
10214,3,1,1
10214,4,2,0
10214,5,0,0
10214,5,2,0
10214,6,1,1
10214,6,2,0
10214,7,0,0
10214,7,1,1
10214,7,2,0
10215,1,0,0
10215,2,1,1
10215,3,0,0
10215,3,1,1
10215,4,2,0
10215,5,0,0
10215,5,2,0
10215,6,1,1
10215,6,2,0
10215,7,0,0
10215,7,1,1
10215,7,2,0
10216,1,0,0
10216,2,1,1
10216,3,0,0
10216,3,1,1
10216,4,2,0
10216,5,0,0
10216,5,2,0
10216,6,1,1
10216,6,2,0
10216,7,0,0
10216,7,1,1
10216,7,2,0
10217,1,0,0
10217,2,1,1
10217,3,0,0
10217,3,1,1
10217,4,2,0
10217,5,0,0
10217,5,2,0
10217,6,1,1
10217,6,2,0
10217,7,0,0
10217,7,1,1
10217,7,2,0
10218,1,0,0
10218,2,1,1
10218,3,0,0
10218,3,1,1
10218,4,2,0
10218,5,0,0
10218,5,2,0
10218,6,1,1
10218,6,2,0
10218,7,0,0
10218,7,1,1
10218,7,2,0
10219,1,0,0
10219,2,1,1
10219,3,0,0
10219,3,1,1
10219,4,2,0
10219,5,0,0
10219,5,2,0
10219,6,1,1
10219,6,2,0
10219,7,0,0
10219,7,1,1
10219,7,2,0
10220,1,0,0
10220,2,1,1
10220,3,0,0
10220,3,1,1
10220,4,2,0
10220,5,0,0
10220,5,2,0
10220,6,1,1
10220,6,2,0
10220,7,0,0
10220,7,1,1
10220,7,2,0
10221,1,0,0
10221,2,1,1
10221,3,0,0
10221,3,1,1
10221,4,2,0
10221,5,0,0
10221,5,2,0
10221,6,1,1
10221,6,2,0
10221,7,0,0
10221,7,1,1
10221,7,2,0
10222,1,0,0
10222,2,1,1
10222,3,0,0
10222,3,1,1
10222,4,2,0
10222,5,0,0
10222,5,2,0
10222,6,1,1
10222,6,2,0
10222,7,0,0
10222,7,1,1
10222,7,2,0
10223,1,0,0
10223,2,1,1
10223,3,0,0
10223,3,1,1
10223,4,2,0
10223,5,0,0
10223,5,2,0
10223,6,1,1
10223,6,2,0
10223,7,0,0
10223,7,1,1
10223,7,2,0
10224,1,0,0
10224,2,1,1
10224,3,0,0
10224,3,1,1
10224,4,2,0
10224,5,0,0
10224,5,2,0
10224,6,1,1
10224,6,2,0
10224,7,0,0
10224,7,1,1
10224,7,2,0
10225,1,0,0
10225,2,1,1
10225,3,0,0
10225,3,1,1
10225,4,2,0
10225,5,0,0
10225,5,2,0
10225,6,1,1
10225,6,2,0
10225,7,0,0
10225,7,1,1
10225,7,2,0
10226,1,0,0
10226,2,1,1
10226,3,0,0
10226,3,1,1
10226,4,2,0
10226,5,0,0
10226,5,2,0
10226,6,1,1
10226,6,2,0
10226,7,0,0
10226,7,1,1
10226,7,2,0
10227,1,0,0
10227,2,1,1
10227,3,0,0
10227,3,1,1
10227,4,2,0
10227,5,0,0
10227,5,2,0
10227,6,1,1
10227,6,2,0
10227,7,0,0
10227,7,1,1
10227,7,2,0
10228,1,0,0
10228,2,1,1
10228,3,0,0
10228,3,1,1
10228,4,2,0
10228,5,0,0
10228,5,2,0
10228,6,1,1
10228,6,2,0
10228,7,0,0
10228,7,1,1
10228,7,2,0
10229,1,0,0
10229,2,1,1
10229,3,0,0
10229,3,1,1
10229,4,2,0
10229,5,0,0
10229,5,2,0
10229,6,1,1
10229,6,2,0
10229,7,0,0
10229,7,1,1
10229,7,2,0
10230,1,0,0
10230,2,1,1
10230,3,0,0
10230,3,1,1
10230,4,2,0
10230,5,0,0
10230,5,2,0
10230,6,1,1
10230,6,2,0
10230,7,0,0
10230,7,1,1
10230,7,2,0
10231,1,0,0
10231,2,1,1
10231,3,0,0
10231,3,1,1
10231,4,2,0
10231,5,0,0
10231,5,2,0
10231,6,1,1
10231,6,2,0
10231,7,0,0
10231,7,1,1
10231,7,2,0
10232,1,0,0
10232,2,1,1
10232,3,0,0
10232,3,1,1
10232,4,2,0
10232,5,0,0
10232,5,2,0
10232,6,1,1
10232,6,2,0
10232,7,0,0
10232,7,1,1
10232,7,2,0
10233,1,0,1
10233,2,1,1
10233,3,0,1
10233,3,1,1
10233,4,2,1
10233,5,0,1
10233,5,2,1
10233,6,1,1
10233,6,2,1
10233,7,0,1
10233,7,1,1
10233,7,2,1
10234,1,0,1
10234,2,1,1
10234,3,0,1
10234,3,1,1
10234,4,2,1
10234,5,0,1
10234,5,2,1
10234,6,1,1
10234,6,2,1
10234,7,0,1
10234,7,1,1
10234,7,2,1
10235,1,0,0
10235,2,1,0
10235,3,0,0
10235,3,1,0
10235,4,2,0
10235,5,0,0
10235,5,2,0
10235,6,1,0
10235,6,2,0
10235,7,0,0
10235,7,1,0
10235,7,2,0
10236,1,0,1
10236,2,1,1
10236,3,0,1
10236,3,1,1
10236,4,2,1
10236,5,0,1
10236,5,2,1
10236,6,1,1
10236,6,2,1
10236,7,0,1
10236,7,1,1
10236,7,2,1
10237,1,0,1
10237,2,1,1
10237,3,0,1
10237,3,1,1
10237,4,2,1
10237,5,0,1
10237,5,2,1
10237,6,1,1
10237,6,2,1
10237,7,0,1
10237,7,1,1
10237,7,2,1
10238,1,0,0
10238,2,1,0
10238,3,0,0
10238,3,1,0
10238,4,2,0
10238,5,0,0
10238,5,2,0
10238,6,1,0
10238,6,2,0
10238,7,0,0
10238,7,1,0
10238,7,2,0
10239,1,0,0
10239,2,1,0
10239,3,0,0
10239,3,1,0
10239,4,2,0
10239,5,0,0
10239,5,2,0
10239,6,1,0
10239,6,2,0
10239,7,0,0
10239,7,1,0
10239,7,2,0
10240,1,0,0
10240,2,1,0
10240,3,0,0
10240,3,1,0
10240,4,2,0
10240,5,0,0
10240,5,2,0
10240,6,1,0
10240,6,2,0
10240,7,0,0
10240,7,1,0
10240,7,2,0
10241,1,0,0
10241,2,1,0
10241,3,0,0
10241,3,1,0
10241,4,2,0
10241,5,0,0
10241,5,2,0
10241,6,1,0
10241,6,2,0
10241,7,0,0
10241,7,1,0
10241,7,2,0
10242,1,0,0
10242,2,1,0
10242,3,0,0
10242,3,1,0
10242,4,2,0
10242,5,0,0
10242,5,2,0
10242,6,1,0
10242,6,2,0
10242,7,0,0
10242,7,1,0
10242,7,2,0
10243,1,0,0
10243,2,1,0
10243,3,0,0
10243,3,1,0
10243,4,2,0
10243,5,0,0
10243,5,2,0
10243,6,1,0
10243,6,2,0
10243,7,0,0
10243,7,1,0
10243,7,2,0
10244,1,0,0
10244,2,1,0
10244,3,0,0
10244,3,1,0
10244,4,2,0
10244,5,0,0
10244,5,2,0
10244,6,1,0
10244,6,2,0
10244,7,0,0
10244,7,1,0
10244,7,2,0
10245,1,0,0
10245,2,1,0
10245,3,0,0
10245,3,1,0
10245,4,2,0
10245,5,0,0
10245,5,2,0
10245,6,1,0
10245,6,2,0
10245,7,0,0
10245,7,1,0
10245,7,2,0
10246,1,0,0
10246,2,1,0
10246,3,0,0
10246,3,1,0
10246,4,2,0
10246,5,0,0
10246,5,2,0
10246,6,1,0
10246,6,2,0
10246,7,0,0
10246,7,1,0
10246,7,2,0
10247,1,0,0
10247,2,1,0
10247,3,0,0
10247,3,1,0
10247,4,2,0
10247,5,0,0
10247,5,2,0
10247,6,1,0
10247,6,2,0
10247,7,0,0
10247,7,1,0
10247,7,2,0
10248,1,0,0
10248,2,1,0
10248,3,0,0
10248,3,1,0
10248,4,2,0
10248,5,0,0
10248,5,2,0
10248,6,1,0
10248,6,2,0
10248,7,0,0
10248,7,1,0
10248,7,2,0
10249,1,0,0
10249,2,1,0
10249,3,0,0
10249,3,1,0
10249,4,2,0
10249,5,0,0
10249,5,2,0
10249,6,1,0
10249,6,2,0
10249,7,0,0
10249,7,1,0
10249,7,2,0
10250,1,0,0
10250,2,1,0
10250,3,0,0
10250,3,1,0
10250,4,2,0
10250,5,0,0
10250,5,2,0
10250,6,1,0
10250,6,2,0
10250,7,0,0
10250,7,1,0
10250,7,2,0
10251,1,0,0
10251,2,1,0
10251,3,0,0
10251,3,1,0
10251,4,2,0
10251,5,0,0
10251,5,2,0
10251,6,1,0
10251,6,2,0
10251,7,0,0
10251,7,1,0
10251,7,2,0
10252,1,0,0
10252,2,1,0
10252,3,0,0
10252,3,1,0
10252,4,2,0
10252,5,0,0
10252,5,2,0
10252,6,1,0
10252,6,2,0
10252,7,0,0
10252,7,1,0
10252,7,2,0
10253,1,0,0
10253,2,1,0
10253,3,0,0
10253,3,1,0
10253,4,2,0
10253,5,0,0
10253,5,2,0
10253,6,1,0
10253,6,2,0
10253,7,0,0
10253,7,1,0
10253,7,2,0
10254,1,0,0
10254,2,1,0
10254,3,0,0
10254,3,1,0
10254,4,2,0
10254,5,0,0
10254,5,2,0
10254,6,1,0
10254,6,2,0
10254,7,0,0
10254,7,1,0
10254,7,2,0
10255,1,0,0
10255,2,1,0
10255,3,0,0
10255,3,1,0
10255,4,2,0
10255,5,0,0
10255,5,2,0
10255,6,1,0
10255,6,2,0
10255,7,0,0
10255,7,1,0
10255,7,2,0
10256,1,0,0
10256,2,1,0
10256,3,0,0
10256,3,1,0
10256,4,2,0
10256,5,0,0
10256,5,2,0
10256,6,1,0
10256,6,2,0
10256,7,0,0
10256,7,1,0
10256,7,2,0
10257,1,0,0
10257,2,1,0
10257,3,0,0
10257,3,1,0
10257,4,2,0
10257,5,0,0
10257,5,2,0
10257,6,1,0
10257,6,2,0
10257,7,0,0
10257,7,1,0
10257,7,2,0
10258,1,0,0
10258,2,1,0
10258,3,0,0
10258,3,1,0
10258,4,2,0
10258,5,0,0
10258,5,2,0
10258,6,1,0
10258,6,2,0
10258,7,0,0
10258,7,1,0
10258,7,2,0
10259,1,0,0
10259,2,1,0
10259,3,0,0
10259,3,1,0
10259,4,2,0
10259,5,0,0
10259,5,2,0
10259,6,1,0
10259,6,2,0
10259,7,0,0
10259,7,1,0
10259,7,2,0
10260,1,0,1
10260,2,1,1
10260,3,0,1
10260,3,1,1
10260,4,2,1
10260,5,0,1
10260,5,2,1
10260,6,1,1
10260,6,2,1
10260,7,0,1
10260,7,1,1
10260,7,2,1
10261,1,0,1
10261,2,1,1
10261,3,0,1
10261,3,1,1
10261,4,2,1
10261,5,0,1
10261,5,2,1
10261,6,1,1
10261,6,2,1
10261,7,0,1
10261,7,1,1
10261,7,2,1
10262,1,0,0
10262,2,1,0
10262,3,0,0
10262,3,1,0
10262,4,2,0
10262,5,0,0
10262,5,2,0
10262,6,1,0
10262,6,2,0
10262,7,0,0
10262,7,1,0
10262,7,2,0
10263,1,0,0
10263,2,1,0
10263,3,0,0
10263,3,1,0
10263,4,2,0
10263,5,0,0
10263,5,2,0
10263,6,1,0
10263,6,2,0
10263,7,0,0
10263,7,1,0
10263,7,2,0
10264,1,0,0
10264,2,1,0
10264,3,0,0
10264,3,1,0
10264,4,2,0
10264,5,0,0
10264,5,2,0
10264,6,1,0
10264,6,2,0
10264,7,0,0
10264,7,1,0
10264,7,2,0
10265,1,0,0
10265,2,1,0
10265,3,0,0
10265,3,1,0
10265,4,2,0
10265,5,0,0
10265,5,2,0
10265,6,1,0
10265,6,2,0
10265,7,0,0
10265,7,1,0
10265,7,2,0
10266,1,0,0
10266,2,1,0
10266,3,0,0
10266,3,1,0
10266,4,2,0
10266,5,0,0
10266,5,2,0
10266,6,1,0
10266,6,2,0
10266,7,0,0
10266,7,1,0
10266,7,2,0
10267,1,0,0
10267,2,1,0
10267,3,0,0
10267,3,1,0
10267,4,2,0
10267,5,0,0
10267,5,2,0
10267,6,1,0
10267,6,2,0
10267,7,0,0
10267,7,1,0
10267,7,2,0
10268,1,0,0
10268,2,1,0
10268,3,0,0
10268,3,1,0
10268,4,2,0
10268,5,0,0
10268,5,2,0
10268,6,1,0
10268,6,2,0
10268,7,0,0
10268,7,1,0
10268,7,2,0
10269,1,0,0
10269,2,1,0
10269,3,0,0
10269,3,1,0
10269,4,2,0
10269,5,0,0
10269,5,2,0
10269,6,1,0
10269,6,2,0
10269,7,0,0
10269,7,1,0
10269,7,2,0
10270,1,0,0
10270,2,1,0
10270,3,0,0
10270,3,1,0
10270,4,2,0
10270,5,0,0
10270,5,2,0
10270,6,1,0
10270,6,2,0
10270,7,0,0
10270,7,1,0
10270,7,2,0
10271,1,0,0
10271,2,1,0
10271,3,0,0
10271,3,1,0
10271,4,2,0
10271,5,0,0
10271,5,2,0
10271,6,1,0
10271,6,2,0
10271,7,0,0
10271,7,1,0
10271,7,2,0
10272,1,0,0
10272,2,1,0
10272,3,0,0
10272,3,1,0
10272,4,2,0
10272,5,0,0
10272,5,2,0
10272,6,1,0
10272,6,2,0
10272,7,0,0
10272,7,1,0
10272,7,2,0
10273,1,0,0
10273,2,1,0
10273,3,0,0
10273,3,1,0
10273,4,2,0
10273,5,0,0
10273,5,2,0
10273,6,1,0
10273,6,2,0
10273,7,0,0
10273,7,1,0
10273,7,2,0
10274,1,0,0
10274,2,1,0
10274,3,0,0
10274,3,1,0
10274,4,2,0
10274,5,0,0
10274,5,2,0
10274,6,1,0
10274,6,2,0
10274,7,0,0
10274,7,1,0
10274,7,2,0
10275,1,0,0
10275,2,1,0
10275,3,0,0
10275,3,1,0
10275,4,2,0
10275,5,0,0
10275,5,2,0
10275,6,1,0
10275,6,2,0
10275,7,0,0
10275,7,1,0
10275,7,2,0
10276,1,0,0
10276,2,1,0
10276,3,0,0
10276,3,1,0
10276,4,2,0
10276,5,0,0
10276,5,2,0
10276,6,1,0
10276,6,2,0
10276,7,0,0
10276,7,1,0
10276,7,2,0
10277,1,0,0
10277,2,1,0
10277,3,0,0
10277,3,1,0
10277,4,2,0
10277,5,0,0
10277,5,2,0
10277,6,1,0
10277,6,2,0
10277,7,0,0
10277,7,1,0
10277,7,2,0
10278,1,0,0
10278,2,1,0
10278,3,0,0
10278,3,1,0
10278,4,2,0
10278,5,0,0
10278,5,2,0
10278,6,1,0
10278,6,2,0
10278,7,0,0
10278,7,1,0
10278,7,2,0
10279,1,0,0
10279,2,1,0
10279,3,0,0
10279,3,1,0
10279,4,2,0
10279,5,0,0
10279,5,2,0
10279,6,1,0
10279,6,2,0
10279,7,0,0
10279,7,1,0
10279,7,2,0
10280,1,0,0
10280,2,1,0
10280,3,0,0
10280,3,1,0
10280,4,2,0
10280,5,0,0
10280,5,2,0
10280,6,1,0
10280,6,2,0
10280,7,0,0
10280,7,1,0
10280,7,2,0
10281,1,0,0
10281,2,1,0
10281,3,0,0
10281,3,1,0
10281,4,2,0
10281,5,0,0
10281,5,2,0
10281,6,1,0
10281,6,2,0
10281,7,0,0
10281,7,1,0
10281,7,2,0
10282,1,0,0
10282,2,1,0
10282,3,0,0
10282,3,1,0
10282,4,2,0
10282,5,0,0
10282,5,2,0
10282,6,1,0
10282,6,2,0
10282,7,0,0
10282,7,1,0
10282,7,2,0
10283,1,0,0
10283,2,1,0
10283,3,0,0
10283,3,1,0
10283,4,2,0
10283,5,0,0
10283,5,2,0
10283,6,1,0
10283,6,2,0
10283,7,0,0
10283,7,1,0
10283,7,2,0
10284,1,0,0
10284,2,1,0
10284,3,0,0
10284,3,1,0
10284,4,2,0
10284,5,0,0
10284,5,2,0
10284,6,1,0
10284,6,2,0
10284,7,0,0
10284,7,1,0
10284,7,2,0
10285,1,0,0
10285,2,1,0
10285,3,0,0
10285,3,1,0
10285,4,2,0
10285,5,0,0
10285,5,2,0
10285,6,1,0
10285,6,2,0
10285,7,0,0
10285,7,1,0
10285,7,2,0
10286,1,0,0
10286,2,1,0
10286,3,0,0
10286,3,1,0
10286,4,2,0
10286,5,0,0
10286,5,2,0
10286,6,1,0
10286,6,2,0
10286,7,0,0
10286,7,1,0
10286,7,2,0
10287,1,0,1
10287,2,1,1
10287,3,0,1
10287,3,1,1
10287,4,2,1
10287,5,0,1
10287,5,2,1
10287,6,1,1
10287,6,2,1
10287,7,0,1
10287,7,1,1
10287,7,2,1
10288,1,0,1
10288,2,1,1
10288,3,0,1
10288,3,1,1
10288,4,2,1
10288,5,0,1
10288,5,2,1
10288,6,1,1
10288,6,2,1
10288,7,0,1
10288,7,1,1
10288,7,2,1
10289,1,0,0
10289,2,1,1
10289,3,0,0
10289,3,1,1
10289,4,2,0
10289,5,0,0
10289,5,2,0
10289,6,1,1
10289,6,2,0
10289,7,0,0
10289,7,1,1
10289,7,2,0
10290,1,0,1
10290,2,1,1
10290,3,0,1
10290,3,1,1
10290,4,2,1
10290,5,0,1
10290,5,2,1
10290,6,1,1
10290,6,2,1
10290,7,0,1
10290,7,1,1
10290,7,2,1
10291,1,0,1
10291,2,1,1
10291,3,0,1
10291,3,1,1
10291,4,2,1
10291,5,0,1
10291,5,2,1
10291,6,1,1
10291,6,2,1
10291,7,0,1
10291,7,1,1
10291,7,2,1
10292,1,0,0
10292,2,1,1
10292,3,0,0
10292,3,1,1
10292,4,2,0
10292,5,0,0
10292,5,2,0
10292,6,1,1
10292,6,2,0
10292,7,0,0
10292,7,1,1
10292,7,2,0
10293,1,0,1
10293,2,1,1
10293,3,0,1
10293,3,1,1
10293,4,2,1
10293,5,0,1
10293,5,2,1
10293,6,1,1
10293,6,2,1
10293,7,0,1
10293,7,1,1
10293,7,2,1
10294,1,0,1
10294,2,1,1
10294,3,0,1
10294,3,1,1
10294,4,2,1
10294,5,0,1
10294,5,2,1
10294,6,1,1
10294,6,2,1
10294,7,0,1
10294,7,1,1
10294,7,2,1
10295,1,0,0
10295,2,1,1
10295,3,0,0
10295,3,1,1
10295,4,2,0
10295,5,0,0
10295,5,2,0
10295,6,1,1
10295,6,2,0
10295,7,0,0
10295,7,1,1
10295,7,2,0
10296,1,0,0
10296,2,1,1
10296,3,0,0
10296,3,1,1
10296,4,2,0
10296,5,0,0
10296,5,2,0
10296,6,1,1
10296,6,2,0
10296,7,0,0
10296,7,1,1
10296,7,2,0
10297,1,0,0
10297,2,1,1
10297,3,0,0
10297,3,1,1
10297,4,2,0
10297,5,0,0
10297,5,2,0
10297,6,1,1
10297,6,2,0
10297,7,0,0
10297,7,1,1
10297,7,2,0
10298,1,0,0
10298,2,1,1
10298,3,0,0
10298,3,1,1
10298,4,2,0
10298,5,0,0
10298,5,2,0
10298,6,1,1
10298,6,2,0
10298,7,0,0
10298,7,1,1
10298,7,2,0
10299,1,0,0
10299,2,1,1
10299,3,0,0
10299,3,1,1
10299,4,2,0
10299,5,0,0
10299,5,2,0
10299,6,1,1
10299,6,2,0
10299,7,0,0
10299,7,1,1
10299,7,2,0
10300,1,0,0
10300,2,1,1
10300,3,0,0
10300,3,1,1
10300,4,2,0
10300,5,0,0
10300,5,2,0
10300,6,1,1
10300,6,2,0
10300,7,0,0
10300,7,1,1
10300,7,2,0
10301,1,0,0
10301,2,1,1
10301,3,0,0
10301,3,1,1
10301,4,2,0
10301,5,0,0
10301,5,2,0
10301,6,1,1
10301,6,2,0
10301,7,0,0
10301,7,1,1
10301,7,2,0
10302,1,0,0
10302,2,1,1
10302,3,0,0
10302,3,1,1
10302,4,2,0
10302,5,0,0
10302,5,2,0
10302,6,1,1
10302,6,2,0
10302,7,0,0
10302,7,1,1
10302,7,2,0
10303,1,0,0
10303,2,1,1
10303,3,0,0
10303,3,1,1
10303,4,2,0
10303,5,0,0
10303,5,2,0
10303,6,1,1
10303,6,2,0
10303,7,0,0
10303,7,1,1
10303,7,2,0
10304,1,0,0
10304,2,1,1
10304,3,0,0
10304,3,1,1
10304,4,2,0
10304,5,0,0
10304,5,2,0
10304,6,1,1
10304,6,2,0
10304,7,0,0
10304,7,1,1
10304,7,2,0
10305,1,0,0
10305,2,1,1
10305,3,0,0
10305,3,1,1
10305,4,2,0
10305,5,0,0
10305,5,2,0
10305,6,1,1
10305,6,2,0
10305,7,0,0
10305,7,1,1
10305,7,2,0
10306,1,0,0
10306,2,1,1
10306,3,0,0
10306,3,1,1
10306,4,2,0
10306,5,0,0
10306,5,2,0
10306,6,1,1
10306,6,2,0
10306,7,0,0
10306,7,1,1
10306,7,2,0
10307,1,0,0
10307,2,1,1
10307,3,0,0
10307,3,1,1
10307,4,2,0
10307,5,0,0
10307,5,2,0
10307,6,1,1
10307,6,2,0
10307,7,0,0
10307,7,1,1
10307,7,2,0
10308,1,0,0
10308,2,1,1
10308,3,0,0
10308,3,1,1
10308,4,2,0
10308,5,0,0
10308,5,2,0
10308,6,1,1
10308,6,2,0
10308,7,0,0
10308,7,1,1
10308,7,2,0
10309,1,0,0
10309,2,1,1
10309,3,0,0
10309,3,1,1
10309,4,2,0
10309,5,0,0
10309,5,2,0
10309,6,1,1
10309,6,2,0
10309,7,0,0
10309,7,1,1
10309,7,2,0
10310,1,0,0
10310,2,1,1
10310,3,0,0
10310,3,1,1
10310,4,2,0
10310,5,0,0
10310,5,2,0
10310,6,1,1
10310,6,2,0
10310,7,0,0
10310,7,1,1
10310,7,2,0
10311,1,0,0
10311,2,1,1
10311,3,0,0
10311,3,1,1
10311,4,2,0
10311,5,0,0
10311,5,2,0
10311,6,1,1
10311,6,2,0
10311,7,0,0
10311,7,1,1
10311,7,2,0
10312,1,0,0
10312,2,1,1
10312,3,0,0
10312,3,1,1
10312,4,2,0
10312,5,0,0
10312,5,2,0
10312,6,1,1
10312,6,2,0
10312,7,0,0
10312,7,1,1
10312,7,2,0
10313,1,0,0
10313,2,1,1
10313,3,0,0
10313,3,1,1
10313,4,2,0
10313,5,0,0
10313,5,2,0
10313,6,1,1
10313,6,2,0
10313,7,0,0
10313,7,1,1
10313,7,2,0
10314,1,0,1
10314,2,1,1
10314,3,0,1
10314,3,1,1
10314,4,2,1
10314,5,0,1
10314,5,2,1
10314,6,1,1
10314,6,2,1
10314,7,0,1
10314,7,1,1
10314,7,2,1
10315,1,0,1
10315,2,1,1
10315,3,0,1
10315,3,1,1
10315,4,2,1
10315,5,0,1
10315,5,2,1
10315,6,1,1
10315,6,2,1
10315,7,0,1
10315,7,1,1
10315,7,2,1
10316,1,0,0
10316,2,1,0
10316,3,0,0
10316,3,1,0
10316,4,2,0
10316,5,0,0
10316,5,2,0
10316,6,1,0
10316,6,2,0
10316,7,0,0
10316,7,1,0
10316,7,2,0
10317,1,0,1
10317,2,1,1
10317,3,0,1
10317,3,1,1
10317,4,2,1
10317,5,0,1
10317,5,2,1
10317,6,1,1
10317,6,2,1
10317,7,0,1
10317,7,1,1
10317,7,2,1
10318,1,0,1
10318,2,1,1
10318,3,0,1
10318,3,1,1
10318,4,2,1
10318,5,0,1
10318,5,2,1
10318,6,1,1
10318,6,2,1
10318,7,0,1
10318,7,1,1
10318,7,2,1
10319,1,0,0
10319,2,1,0
10319,3,0,0
10319,3,1,0
10319,4,2,0
10319,5,0,0
10319,5,2,0
10319,6,1,0
10319,6,2,0
10319,7,0,0
10319,7,1,0
10319,7,2,0
10320,1,0,0
10320,2,1,0
10320,3,0,0
10320,3,1,0
10320,4,2,0
10320,5,0,0
10320,5,2,0
10320,6,1,0
10320,6,2,0
10320,7,0,0
10320,7,1,0
10320,7,2,0
10321,1,0,0
10321,2,1,0
10321,3,0,0
10321,3,1,0
10321,4,2,0
10321,5,0,0
10321,5,2,0
10321,6,1,0
10321,6,2,0
10321,7,0,0
10321,7,1,0
10321,7,2,0
10322,1,0,0
10322,2,1,0
10322,3,0,0
10322,3,1,0
10322,4,2,0
10322,5,0,0
10322,5,2,0
10322,6,1,0
10322,6,2,0
10322,7,0,0
10322,7,1,0
10322,7,2,0
10323,1,0,0
10323,2,1,0
10323,3,0,0
10323,3,1,0
10323,4,2,0
10323,5,0,0
10323,5,2,0
10323,6,1,0
10323,6,2,0
10323,7,0,0
10323,7,1,0
10323,7,2,0
10324,1,0,0
10324,2,1,0
10324,3,0,0
10324,3,1,0
10324,4,2,0
10324,5,0,0
10324,5,2,0
10324,6,1,0
10324,6,2,0
10324,7,0,0
10324,7,1,0
10324,7,2,0
10325,1,0,0
10325,2,1,0
10325,3,0,0
10325,3,1,0
10325,4,2,0
10325,5,0,0
10325,5,2,0
10325,6,1,0
10325,6,2,0
10325,7,0,0
10325,7,1,0
10325,7,2,0
10326,1,0,0
10326,2,1,0
10326,3,0,0
10326,3,1,0
10326,4,2,0
10326,5,0,0
10326,5,2,0
10326,6,1,0
10326,6,2,0
10326,7,0,0
10326,7,1,0
10326,7,2,0
10327,1,0,0
10327,2,1,0
10327,3,0,0
10327,3,1,0
10327,4,2,0
10327,5,0,0
10327,5,2,0
10327,6,1,0
10327,6,2,0
10327,7,0,0
10327,7,1,0
10327,7,2,0
10328,1,0,0
10328,2,1,0
10328,3,0,0
10328,3,1,0
10328,4,2,0
10328,5,0,0
10328,5,2,0
10328,6,1,0
10328,6,2,0
10328,7,0,0
10328,7,1,0
10328,7,2,0
10329,1,0,0
10329,2,1,0
10329,3,0,0
10329,3,1,0
10329,4,2,0
10329,5,0,0
10329,5,2,0
10329,6,1,0
10329,6,2,0
10329,7,0,0
10329,7,1,0
10329,7,2,0
10330,1,0,0
10330,2,1,0
10330,3,0,0
10330,3,1,0
10330,4,2,0
10330,5,0,0
10330,5,2,0
10330,6,1,0
10330,6,2,0
10330,7,0,0
10330,7,1,0
10330,7,2,0
10331,1,0,0
10331,2,1,0
10331,3,0,0
10331,3,1,0
10331,4,2,0
10331,5,0,0
10331,5,2,0
10331,6,1,0
10331,6,2,0
10331,7,0,0
10331,7,1,0
10331,7,2,0
10332,1,0,0
10332,2,1,0
10332,3,0,0
10332,3,1,0
10332,4,2,0
10332,5,0,0
10332,5,2,0
10332,6,1,0
10332,6,2,0
10332,7,0,0
10332,7,1,0
10332,7,2,0
10333,1,0,0
10333,2,1,0
10333,3,0,0
10333,3,1,0
10333,4,2,0
10333,5,0,0
10333,5,2,0
10333,6,1,0
10333,6,2,0
10333,7,0,0
10333,7,1,0
10333,7,2,0
10334,1,0,0
10334,2,1,0
10334,3,0,0
10334,3,1,0
10334,4,2,0
10334,5,0,0
10334,5,2,0
10334,6,1,0
10334,6,2,0
10334,7,0,0
10334,7,1,0
10334,7,2,0
10335,1,0,0
10335,2,1,0
10335,3,0,0
10335,3,1,0
10335,4,2,0
10335,5,0,0
10335,5,2,0
10335,6,1,0
10335,6,2,0
10335,7,0,0
10335,7,1,0
10335,7,2,0
10336,1,0,0
10336,2,1,0
10336,3,0,0
10336,3,1,0
10336,4,2,0
10336,5,0,0
10336,5,2,0
10336,6,1,0
10336,6,2,0
10336,7,0,0
10336,7,1,0
10336,7,2,0
10337,1,0,0
10337,2,1,0
10337,3,0,0
10337,3,1,0
10337,4,2,0
10337,5,0,0
10337,5,2,0
10337,6,1,0
10337,6,2,0
10337,7,0,0
10337,7,1,0
10337,7,2,0
10338,1,0,0
10338,2,1,0
10338,3,0,0
10338,3,1,0
10338,4,2,0
10338,5,0,0
10338,5,2,0
10338,6,1,0
10338,6,2,0
10338,7,0,0
10338,7,1,0
10338,7,2,0
10339,1,0,0
10339,2,1,0
10339,3,0,0
10339,3,1,0
10339,4,2,0
10339,5,0,0
10339,5,2,0
10339,6,1,0
10339,6,2,0
10339,7,0,0
10339,7,1,0
10339,7,2,0
10340,1,0,0
10340,2,1,0
10340,3,0,0
10340,3,1,0
10340,4,2,0
10340,5,0,0
10340,5,2,0
10340,6,1,0
10340,6,2,0
10340,7,0,0
10340,7,1,0
10340,7,2,0
10341,1,0,1
10341,2,1,1
10341,3,0,1
10341,3,1,1
10341,4,2,1
10341,5,0,1
10341,5,2,1
10341,6,1,1
10341,6,2,1
10341,7,0,1
10341,7,1,1
10341,7,2,1
10342,1,0,1
10342,2,1,1
10342,3,0,1
10342,3,1,1
10342,4,2,1
10342,5,0,1
10342,5,2,1
10342,6,1,1
10342,6,2,1
10342,7,0,1
10342,7,1,1
10342,7,2,1
10343,1,0,0
10343,2,1,0
10343,3,0,0
10343,3,1,0
10343,4,2,0
10343,5,0,0
10343,5,2,0
10343,6,1,0
10343,6,2,0
10343,7,0,0
10343,7,1,0
10343,7,2,0
10344,1,0,0
10344,2,1,0
10344,3,0,0
10344,3,1,0
10344,4,2,0
10344,5,0,0
10344,5,2,0
10344,6,1,0
10344,6,2,0
10344,7,0,0
10344,7,1,0
10344,7,2,0
10345,1,0,0
10345,2,1,0
10345,3,0,0
10345,3,1,0
10345,4,2,0
10345,5,0,0
10345,5,2,0
10345,6,1,0
10345,6,2,0
10345,7,0,0
10345,7,1,0
10345,7,2,0
10346,1,0,0
10346,2,1,0
10346,3,0,0
10346,3,1,0
10346,4,2,0
10346,5,0,0
10346,5,2,0
10346,6,1,0
10346,6,2,0
10346,7,0,0
10346,7,1,0
10346,7,2,0
10347,1,0,0
10347,2,1,0
10347,3,0,0
10347,3,1,0
10347,4,2,0
10347,5,0,0
10347,5,2,0
10347,6,1,0
10347,6,2,0
10347,7,0,0
10347,7,1,0
10347,7,2,0
10348,1,0,0
10348,2,1,0
10348,3,0,0
10348,3,1,0
10348,4,2,0
10348,5,0,0
10348,5,2,0
10348,6,1,0
10348,6,2,0
10348,7,0,0
10348,7,1,0
10348,7,2,0
10349,1,0,0
10349,2,1,0
10349,3,0,0
10349,3,1,0
10349,4,2,0
10349,5,0,0
10349,5,2,0
10349,6,1,0
10349,6,2,0
10349,7,0,0
10349,7,1,0
10349,7,2,0
10350,1,0,0
10350,2,1,0
10350,3,0,0
10350,3,1,0
10350,4,2,0
10350,5,0,0
10350,5,2,0
10350,6,1,0
10350,6,2,0
10350,7,0,0
10350,7,1,0
10350,7,2,0
10351,1,0,0
10351,2,1,0
10351,3,0,0
10351,3,1,0
10351,4,2,0
10351,5,0,0
10351,5,2,0
10351,6,1,0
10351,6,2,0
10351,7,0,0
10351,7,1,0
10351,7,2,0
10352,1,0,0
10352,2,1,0
10352,3,0,0
10352,3,1,0
10352,4,2,0
10352,5,0,0
10352,5,2,0
10352,6,1,0
10352,6,2,0
10352,7,0,0
10352,7,1,0
10352,7,2,0
10353,1,0,0
10353,2,1,0
10353,3,0,0
10353,3,1,0
10353,4,2,0
10353,5,0,0
10353,5,2,0
10353,6,1,0
10353,6,2,0
10353,7,0,0
10353,7,1,0
10353,7,2,0
10354,1,0,0
10354,2,1,0
10354,3,0,0
10354,3,1,0
10354,4,2,0
10354,5,0,0
10354,5,2,0
10354,6,1,0
10354,6,2,0
10354,7,0,0
10354,7,1,0
10354,7,2,0
10355,1,0,0
10355,2,1,0
10355,3,0,0
10355,3,1,0
10355,4,2,0
10355,5,0,0
10355,5,2,0
10355,6,1,0
10355,6,2,0
10355,7,0,0
10355,7,1,0
10355,7,2,0
10356,1,0,0
10356,2,1,0
10356,3,0,0
10356,3,1,0
10356,4,2,0
10356,5,0,0
10356,5,2,0
10356,6,1,0
10356,6,2,0
10356,7,0,0
10356,7,1,0
10356,7,2,0
10357,1,0,0
10357,2,1,0
10357,3,0,0
10357,3,1,0
10357,4,2,0
10357,5,0,0
10357,5,2,0
10357,6,1,0
10357,6,2,0
10357,7,0,0
10357,7,1,0
10357,7,2,0
10358,1,0,0
10358,2,1,0
10358,3,0,0
10358,3,1,0
10358,4,2,0
10358,5,0,0
10358,5,2,0
10358,6,1,0
10358,6,2,0
10358,7,0,0
10358,7,1,0
10358,7,2,0
10359,1,0,0
10359,2,1,0
10359,3,0,0
10359,3,1,0
10359,4,2,0
10359,5,0,0
10359,5,2,0
10359,6,1,0
10359,6,2,0
10359,7,0,0
10359,7,1,0
10359,7,2,0
10360,1,0,0
10360,2,1,0
10360,3,0,0
10360,3,1,0
10360,4,2,0
10360,5,0,0
10360,5,2,0
10360,6,1,0
10360,6,2,0
10360,7,0,0
10360,7,1,0
10360,7,2,0
10361,1,0,0
10361,2,1,0
10361,3,0,0
10361,3,1,0
10361,4,2,0
10361,5,0,0
10361,5,2,0
10361,6,1,0
10361,6,2,0
10361,7,0,0
10361,7,1,0
10361,7,2,0
10362,1,0,0
10362,2,1,0
10362,3,0,0
10362,3,1,0
10362,4,2,0
10362,5,0,0
10362,5,2,0
10362,6,1,0
10362,6,2,0
10362,7,0,0
10362,7,1,0
10362,7,2,0
10363,1,0,0
10363,2,1,0
10363,3,0,0
10363,3,1,0
10363,4,2,0
10363,5,0,0
10363,5,2,0
10363,6,1,0
10363,6,2,0
10363,7,0,0
10363,7,1,0
10363,7,2,0
10364,1,0,0
10364,2,1,0
10364,3,0,0
10364,3,1,0
10364,4,2,0
10364,5,0,0
10364,5,2,0
10364,6,1,0
10364,6,2,0
10364,7,0,0
10364,7,1,0
10364,7,2,0
10365,1,0,0
10365,2,1,0
10365,3,0,0
10365,3,1,0
10365,4,2,0
10365,5,0,0
10365,5,2,0
10365,6,1,0
10365,6,2,0
10365,7,0,0
10365,7,1,0
10365,7,2,0
10366,1,0,0
10366,2,1,0
10366,3,0,0
10366,3,1,0
10366,4,2,0
10366,5,0,0
10366,5,2,0
10366,6,1,0
10366,6,2,0
10366,7,0,0
10366,7,1,0
10366,7,2,0
10367,1,0,0
10367,2,1,0
10367,3,0,0
10367,3,1,0
10367,4,2,0
10367,5,0,0
10367,5,2,0
10367,6,1,0
10367,6,2,0
10367,7,0,0
10367,7,1,0
10367,7,2,0
10368,1,0,1
10368,2,1,0
10368,3,0,1
10368,3,1,0
10368,4,2,0
10368,5,0,1
10368,5,2,0
10368,6,1,0
10368,6,2,0
10368,7,0,1
10368,7,1,0
10368,7,2,0
10369,1,0,1
10369,2,1,0
10369,3,0,1
10369,3,1,0
10369,4,2,0
10369,5,0,1
10369,5,2,0
10369,6,1,0
10369,6,2,0
10369,7,0,1
10369,7,1,0
10369,7,2,0
10370,1,0,0
10370,2,1,0
10370,3,0,0
10370,3,1,0
10370,4,2,0
10370,5,0,0
10370,5,2,0
10370,6,1,0
10370,6,2,0
10370,7,0,0
10370,7,1,0
10370,7,2,0
10371,1,0,0
10371,2,1,0
10371,3,0,0
10371,3,1,0
10371,4,2,0
10371,5,0,0
10371,5,2,0
10371,6,1,0
10371,6,2,0
10371,7,0,0
10371,7,1,0
10371,7,2,0
10372,1,0,0
10372,2,1,0
10372,3,0,0
10372,3,1,0
10372,4,2,0
10372,5,0,0
10372,5,2,0
10372,6,1,0
10372,6,2,0
10372,7,0,0
10372,7,1,0
10372,7,2,0
10373,1,0,0
10373,2,1,0
10373,3,0,0
10373,3,1,0
10373,4,2,0
10373,5,0,0
10373,5,2,0
10373,6,1,0
10373,6,2,0
10373,7,0,0
10373,7,1,0
10373,7,2,0
10374,1,0,0
10374,2,1,0
10374,3,0,0
10374,3,1,0
10374,4,2,0
10374,5,0,0
10374,5,2,0
10374,6,1,0
10374,6,2,0
10374,7,0,0
10374,7,1,0
10374,7,2,0
10375,1,0,0
10375,2,1,0
10375,3,0,0
10375,3,1,0
10375,4,2,0
10375,5,0,0
10375,5,2,0
10375,6,1,0
10375,6,2,0
10375,7,0,0
10375,7,1,0
10375,7,2,0
10376,1,0,0
10376,2,1,0
10376,3,0,0
10376,3,1,0
10376,4,2,0
10376,5,0,0
10376,5,2,0
10376,6,1,0
10376,6,2,0
10376,7,0,0
10376,7,1,0
10376,7,2,0
10377,1,0,0
10377,2,1,0
10377,3,0,0
10377,3,1,0
10377,4,2,0
10377,5,0,0
10377,5,2,0
10377,6,1,0
10377,6,2,0
10377,7,0,0
10377,7,1,0
10377,7,2,0
10378,1,0,0
10378,2,1,0
10378,3,0,0
10378,3,1,0
10378,4,2,0
10378,5,0,0
10378,5,2,0
10378,6,1,0
10378,6,2,0
10378,7,0,0
10378,7,1,0
10378,7,2,0
10379,1,0,0
10379,2,1,0
10379,3,0,0
10379,3,1,0
10379,4,2,0
10379,5,0,0
10379,5,2,0
10379,6,1,0
10379,6,2,0
10379,7,0,0
10379,7,1,0
10379,7,2,0
10380,1,0,0
10380,2,1,0
10380,3,0,0
10380,3,1,0
10380,4,2,0
10380,5,0,0
10380,5,2,0
10380,6,1,0
10380,6,2,0
10380,7,0,0
10380,7,1,0
10380,7,2,0
10381,1,0,0
10381,2,1,0
10381,3,0,0
10381,3,1,0
10381,4,2,0
10381,5,0,0
10381,5,2,0
10381,6,1,0
10381,6,2,0
10381,7,0,0
10381,7,1,0
10381,7,2,0
10382,1,0,0
10382,2,1,0
10382,3,0,0
10382,3,1,0
10382,4,2,0
10382,5,0,0
10382,5,2,0
10382,6,1,0
10382,6,2,0
10382,7,0,0
10382,7,1,0
10382,7,2,0
10383,1,0,0
10383,2,1,0
10383,3,0,0
10383,3,1,0
10383,4,2,0
10383,5,0,0
10383,5,2,0
10383,6,1,0
10383,6,2,0
10383,7,0,0
10383,7,1,0
10383,7,2,0
10384,1,0,0
10384,2,1,0
10384,3,0,0
10384,3,1,0
10384,4,2,0
10384,5,0,0
10384,5,2,0
10384,6,1,0
10384,6,2,0
10384,7,0,0
10384,7,1,0
10384,7,2,0
10385,1,0,0
10385,2,1,0
10385,3,0,0
10385,3,1,0
10385,4,2,0
10385,5,0,0
10385,5,2,0
10385,6,1,0
10385,6,2,0
10385,7,0,0
10385,7,1,0
10385,7,2,0
10386,1,0,0
10386,2,1,0
10386,3,0,0
10386,3,1,0
10386,4,2,0
10386,5,0,0
10386,5,2,0
10386,6,1,0
10386,6,2,0
10386,7,0,0
10386,7,1,0
10386,7,2,0
10387,1,0,0
10387,2,1,0
10387,3,0,0
10387,3,1,0
10387,4,2,0
10387,5,0,0
10387,5,2,0
10387,6,1,0
10387,6,2,0
10387,7,0,0
10387,7,1,0
10387,7,2,0
10388,1,0,0
10388,2,1,0
10388,3,0,0
10388,3,1,0
10388,4,2,0
10388,5,0,0
10388,5,2,0
10388,6,1,0
10388,6,2,0
10388,7,0,0
10388,7,1,0
10388,7,2,0
10389,1,0,0
10389,2,1,0
10389,3,0,0
10389,3,1,0
10389,4,2,0
10389,5,0,0
10389,5,2,0
10389,6,1,0
10389,6,2,0
10389,7,0,0
10389,7,1,0
10389,7,2,0
10390,1,0,0
10390,2,1,0
10390,3,0,0
10390,3,1,0
10390,4,2,0
10390,5,0,0
10390,5,2,0
10390,6,1,0
10390,6,2,0
10390,7,0,0
10390,7,1,0
10390,7,2,0
10391,1,0,0
10391,2,1,0
10391,3,0,0
10391,3,1,0
10391,4,2,0
10391,5,0,0
10391,5,2,0
10391,6,1,0
10391,6,2,0
10391,7,0,0
10391,7,1,0
10391,7,2,0
10392,1,0,0
10392,2,1,0
10392,3,0,0
10392,3,1,0
10392,4,2,0
10392,5,0,0
10392,5,2,0
10392,6,1,0
10392,6,2,0
10392,7,0,0
10392,7,1,0
10392,7,2,0
10393,1,0,0
10393,2,1,0
10393,3,0,0
10393,3,1,0
10393,4,2,0
10393,5,0,0
10393,5,2,0
10393,6,1,0
10393,6,2,0
10393,7,0,0
10393,7,1,0
10393,7,2,0
10394,1,0,0
10394,2,1,0
10394,3,0,0
10394,3,1,0
10394,4,2,0
10394,5,0,0
10394,5,2,0
10394,6,1,0
10394,6,2,0
10394,7,0,0
10394,7,1,0
10394,7,2,0
10395,1,0,1
10395,2,1,0
10395,3,0,1
10395,3,1,0
10395,4,2,0
10395,5,0,1
10395,5,2,0
10395,6,1,0
10395,6,2,0
10395,7,0,1
10395,7,1,0
10395,7,2,0
10396,1,0,1
10396,2,1,0
10396,3,0,1
10396,3,1,0
10396,4,2,0
10396,5,0,1
10396,5,2,0
10396,6,1,0
10396,6,2,0
10396,7,0,1
10396,7,1,0
10396,7,2,0
10397,1,0,0
10397,2,1,0
10397,3,0,0
10397,3,1,0
10397,4,2,0
10397,5,0,0
10397,5,2,0
10397,6,1,0
10397,6,2,0
10397,7,0,0
10397,7,1,0
10397,7,2,0
10398,1,0,0
10398,2,1,0
10398,3,0,0
10398,3,1,0
10398,4,2,0
10398,5,0,0
10398,5,2,0
10398,6,1,0
10398,6,2,0
10398,7,0,0
10398,7,1,0
10398,7,2,0
10399,1,0,0
10399,2,1,0
10399,3,0,0
10399,3,1,0
10399,4,2,0
10399,5,0,0
10399,5,2,0
10399,6,1,0
10399,6,2,0
10399,7,0,0
10399,7,1,0
10399,7,2,0
10400,1,0,0
10400,2,1,0
10400,3,0,0
10400,3,1,0
10400,4,2,0
10400,5,0,0
10400,5,2,0
10400,6,1,0
10400,6,2,0
10400,7,0,0
10400,7,1,0
10400,7,2,0
10401,1,0,0
10401,2,1,0
10401,3,0,0
10401,3,1,0
10401,4,2,0
10401,5,0,0
10401,5,2,0
10401,6,1,0
10401,6,2,0
10401,7,0,0
10401,7,1,0
10401,7,2,0
10402,1,0,0
10402,2,1,0
10402,3,0,0
10402,3,1,0
10402,4,2,0
10402,5,0,0
10402,5,2,0
10402,6,1,0
10402,6,2,0
10402,7,0,0
10402,7,1,0
10402,7,2,0
10403,1,0,0
10403,2,1,0
10403,3,0,0
10403,3,1,0
10403,4,2,0
10403,5,0,0
10403,5,2,0
10403,6,1,0
10403,6,2,0
10403,7,0,0
10403,7,1,0
10403,7,2,0
10404,1,0,0
10404,2,1,0
10404,3,0,0
10404,3,1,0
10404,4,2,0
10404,5,0,0
10404,5,2,0
10404,6,1,0
10404,6,2,0
10404,7,0,0
10404,7,1,0
10404,7,2,0
10405,1,0,0
10405,2,1,0
10405,3,0,0
10405,3,1,0
10405,4,2,0
10405,5,0,0
10405,5,2,0
10405,6,1,0
10405,6,2,0
10405,7,0,0
10405,7,1,0
10405,7,2,0
10406,1,0,0
10406,2,1,0
10406,3,0,0
10406,3,1,0
10406,4,2,0
10406,5,0,0
10406,5,2,0
10406,6,1,0
10406,6,2,0
10406,7,0,0
10406,7,1,0
10406,7,2,0
10407,1,0,0
10407,2,1,0
10407,3,0,0
10407,3,1,0
10407,4,2,0
10407,5,0,0
10407,5,2,0
10407,6,1,0
10407,6,2,0
10407,7,0,0
10407,7,1,0
10407,7,2,0
10408,1,0,0
10408,2,1,0
10408,3,0,0
10408,3,1,0
10408,4,2,0
10408,5,0,0
10408,5,2,0
10408,6,1,0
10408,6,2,0
10408,7,0,0
10408,7,1,0
10408,7,2,0
10409,1,0,0
10409,2,1,0
10409,3,0,0
10409,3,1,0
10409,4,2,0
10409,5,0,0
10409,5,2,0
10409,6,1,0
10409,6,2,0
10409,7,0,0
10409,7,1,0
10409,7,2,0
10410,1,0,0
10410,2,1,0
10410,3,0,0
10410,3,1,0
10410,4,2,0
10410,5,0,0
10410,5,2,0
10410,6,1,0
10410,6,2,0
10410,7,0,0
10410,7,1,0
10410,7,2,0
10411,1,0,0
10411,2,1,0
10411,3,0,0
10411,3,1,0
10411,4,2,0
10411,5,0,0
10411,5,2,0
10411,6,1,0
10411,6,2,0
10411,7,0,0
10411,7,1,0
10411,7,2,0
10412,1,0,0
10412,2,1,0
10412,3,0,0
10412,3,1,0
10412,4,2,0
10412,5,0,0
10412,5,2,0
10412,6,1,0
10412,6,2,0
10412,7,0,0
10412,7,1,0
10412,7,2,0
10413,1,0,0
10413,2,1,0
10413,3,0,0
10413,3,1,0
10413,4,2,0
10413,5,0,0
10413,5,2,0
10413,6,1,0
10413,6,2,0
10413,7,0,0
10413,7,1,0
10413,7,2,0
10414,1,0,0
10414,2,1,0
10414,3,0,0
10414,3,1,0
10414,4,2,0
10414,5,0,0
10414,5,2,0
10414,6,1,0
10414,6,2,0
10414,7,0,0
10414,7,1,0
10414,7,2,0
10415,1,0,0
10415,2,1,0
10415,3,0,0
10415,3,1,0
10415,4,2,0
10415,5,0,0
10415,5,2,0
10415,6,1,0
10415,6,2,0
10415,7,0,0
10415,7,1,0
10415,7,2,0
10416,1,0,0
10416,2,1,0
10416,3,0,0
10416,3,1,0
10416,4,2,0
10416,5,0,0
10416,5,2,0
10416,6,1,0
10416,6,2,0
10416,7,0,0
10416,7,1,0
10416,7,2,0
10417,1,0,0
10417,2,1,0
10417,3,0,0
10417,3,1,0
10417,4,2,0
10417,5,0,0
10417,5,2,0
10417,6,1,0
10417,6,2,0
10417,7,0,0
10417,7,1,0
10417,7,2,0
10418,1,0,0
10418,2,1,0
10418,3,0,0
10418,3,1,0
10418,4,2,0
10418,5,0,0
10418,5,2,0
10418,6,1,0
10418,6,2,0
10418,7,0,0
10418,7,1,0
10418,7,2,0
10419,1,0,0
10419,2,1,0
10419,3,0,0
10419,3,1,0
10419,4,2,0
10419,5,0,0
10419,5,2,0
10419,6,1,0
10419,6,2,0
10419,7,0,0
10419,7,1,0
10419,7,2,0
10420,1,0,0
10420,2,1,0
10420,3,0,0
10420,3,1,0
10420,4,2,0
10420,5,0,0
10420,5,2,0
10420,6,1,0
10420,6,2,0
10420,7,0,0
10420,7,1,0
10420,7,2,0
10421,1,0,0
10421,2,1,0
10421,3,0,0
10421,3,1,0
10421,4,2,0
10421,5,0,0
10421,5,2,0
10421,6,1,0
10421,6,2,0
10421,7,0,0
10421,7,1,0
10421,7,2,0
10422,1,0,1
10422,2,1,0
10422,3,0,1
10422,3,1,0
10422,4,2,0
10422,5,0,1
10422,5,2,0
10422,6,1,0
10422,6,2,0
10422,7,0,1
10422,7,1,0
10422,7,2,0
10423,1,0,1
10423,2,1,0
10423,3,0,1
10423,3,1,0
10423,4,2,0
10423,5,0,1
10423,5,2,0
10423,6,1,0
10423,6,2,0
10423,7,0,1
10423,7,1,0
10423,7,2,0
10424,1,0,0
10424,2,1,0
10424,3,0,0
10424,3,1,0
10424,4,2,0
10424,5,0,0
10424,5,2,0
10424,6,1,0
10424,6,2,0
10424,7,0,0
10424,7,1,0
10424,7,2,0
10425,1,0,0
10425,2,1,0
10425,3,0,0
10425,3,1,0
10425,4,2,0
10425,5,0,0
10425,5,2,0
10425,6,1,0
10425,6,2,0
10425,7,0,0
10425,7,1,0
10425,7,2,0
10426,1,0,0
10426,2,1,0
10426,3,0,0
10426,3,1,0
10426,4,2,0
10426,5,0,0
10426,5,2,0
10426,6,1,0
10426,6,2,0
10426,7,0,0
10426,7,1,0
10426,7,2,0
10427,1,0,0
10427,2,1,0
10427,3,0,0
10427,3,1,0
10427,4,2,0
10427,5,0,0
10427,5,2,0
10427,6,1,0
10427,6,2,0
10427,7,0,0
10427,7,1,0
10427,7,2,0
10428,1,0,0
10428,2,1,0
10428,3,0,0
10428,3,1,0
10428,4,2,0
10428,5,0,0
10428,5,2,0
10428,6,1,0
10428,6,2,0
10428,7,0,0
10428,7,1,0
10428,7,2,0
10429,1,0,0
10429,2,1,0
10429,3,0,0
10429,3,1,0
10429,4,2,0
10429,5,0,0
10429,5,2,0
10429,6,1,0
10429,6,2,0
10429,7,0,0
10429,7,1,0
10429,7,2,0
10430,1,0,0
10430,2,1,0
10430,3,0,0
10430,3,1,0
10430,4,2,0
10430,5,0,0
10430,5,2,0
10430,6,1,0
10430,6,2,0
10430,7,0,0
10430,7,1,0
10430,7,2,0
10431,1,0,0
10431,2,1,0
10431,3,0,0
10431,3,1,0
10431,4,2,0
10431,5,0,0
10431,5,2,0
10431,6,1,0
10431,6,2,0
10431,7,0,0
10431,7,1,0
10431,7,2,0
10432,1,0,0
10432,2,1,0
10432,3,0,0
10432,3,1,0
10432,4,2,0
10432,5,0,0
10432,5,2,0
10432,6,1,0
10432,6,2,0
10432,7,0,0
10432,7,1,0
10432,7,2,0
10433,1,0,0
10433,2,1,0
10433,3,0,0
10433,3,1,0
10433,4,2,0
10433,5,0,0
10433,5,2,0
10433,6,1,0
10433,6,2,0
10433,7,0,0
10433,7,1,0
10433,7,2,0
10434,1,0,0
10434,2,1,0
10434,3,0,0
10434,3,1,0
10434,4,2,0
10434,5,0,0
10434,5,2,0
10434,6,1,0
10434,6,2,0
10434,7,0,0
10434,7,1,0
10434,7,2,0
10435,1,0,0
10435,2,1,0
10435,3,0,0
10435,3,1,0
10435,4,2,0
10435,5,0,0
10435,5,2,0
10435,6,1,0
10435,6,2,0
10435,7,0,0
10435,7,1,0
10435,7,2,0
10436,1,0,0
10436,2,1,0
10436,3,0,0
10436,3,1,0
10436,4,2,0
10436,5,0,0
10436,5,2,0
10436,6,1,0
10436,6,2,0
10436,7,0,0
10436,7,1,0
10436,7,2,0
10437,1,0,0
10437,2,1,0
10437,3,0,0
10437,3,1,0
10437,4,2,0
10437,5,0,0
10437,5,2,0
10437,6,1,0
10437,6,2,0
10437,7,0,0
10437,7,1,0
10437,7,2,0
10438,1,0,0
10438,2,1,0
10438,3,0,0
10438,3,1,0
10438,4,2,0
10438,5,0,0
10438,5,2,0
10438,6,1,0
10438,6,2,0
10438,7,0,0
10438,7,1,0
10438,7,2,0
10439,1,0,0
10439,2,1,0
10439,3,0,0
10439,3,1,0
10439,4,2,0
10439,5,0,0
10439,5,2,0
10439,6,1,0
10439,6,2,0
10439,7,0,0
10439,7,1,0
10439,7,2,0
10440,1,0,0
10440,2,1,0
10440,3,0,0
10440,3,1,0
10440,4,2,0
10440,5,0,0
10440,5,2,0
10440,6,1,0
10440,6,2,0
10440,7,0,0
10440,7,1,0
10440,7,2,0
10441,1,0,0
10441,2,1,0
10441,3,0,0
10441,3,1,0
10441,4,2,0
10441,5,0,0
10441,5,2,0
10441,6,1,0
10441,6,2,0
10441,7,0,0
10441,7,1,0
10441,7,2,0
10442,1,0,0
10442,2,1,0
10442,3,0,0
10442,3,1,0
10442,4,2,0
10442,5,0,0
10442,5,2,0
10442,6,1,0
10442,6,2,0
10442,7,0,0
10442,7,1,0
10442,7,2,0
10443,1,0,0
10443,2,1,0
10443,3,0,0
10443,3,1,0
10443,4,2,0
10443,5,0,0
10443,5,2,0
10443,6,1,0
10443,6,2,0
10443,7,0,0
10443,7,1,0
10443,7,2,0
10444,1,0,0
10444,2,1,0
10444,3,0,0
10444,3,1,0
10444,4,2,0
10444,5,0,0
10444,5,2,0
10444,6,1,0
10444,6,2,0
10444,7,0,0
10444,7,1,0
10444,7,2,0
10445,1,0,0
10445,2,1,0
10445,3,0,0
10445,3,1,0
10445,4,2,0
10445,5,0,0
10445,5,2,0
10445,6,1,0
10445,6,2,0
10445,7,0,0
10445,7,1,0
10445,7,2,0
10446,1,0,0
10446,2,1,0
10446,3,0,0
10446,3,1,0
10446,4,2,0
10446,5,0,0
10446,5,2,0
10446,6,1,0
10446,6,2,0
10446,7,0,0
10446,7,1,0
10446,7,2,0
10447,1,0,0
10447,2,1,0
10447,3,0,0
10447,3,1,0
10447,4,2,0
10447,5,0,0
10447,5,2,0
10447,6,1,0
10447,6,2,0
10447,7,0,0
10447,7,1,0
10447,7,2,0
10448,1,0,0
10448,2,1,0
10448,3,0,0
10448,3,1,0
10448,4,2,0
10448,5,0,0
10448,5,2,0
10448,6,1,0
10448,6,2,0
10448,7,0,0
10448,7,1,0
10448,7,2,0
10449,1,0,1
10449,2,1,1
10449,3,0,1
10449,3,1,1
10449,4,2,1
10449,5,0,1
10449,5,2,1
10449,6,1,1
10449,6,2,1
10449,7,0,1
10449,7,1,1
10449,7,2,1
10450,1,0,1
10450,2,1,1
10450,3,0,1
10450,3,1,1
10450,4,2,1
10450,5,0,1
10450,5,2,1
10450,6,1,1
10450,6,2,1
10450,7,0,1
10450,7,1,1
10450,7,2,1
10451,1,0,0
10451,2,1,0
10451,3,0,0
10451,3,1,0
10451,4,2,0
10451,5,0,0
10451,5,2,0
10451,6,1,0
10451,6,2,0
10451,7,0,0
10451,7,1,0
10451,7,2,0
10452,1,0,0
10452,2,1,0
10452,3,0,0
10452,3,1,0
10452,4,2,0
10452,5,0,0
10452,5,2,0
10452,6,1,0
10452,6,2,0
10452,7,0,0
10452,7,1,0
10452,7,2,0
10453,1,0,0
10453,2,1,0
10453,3,0,0
10453,3,1,0
10453,4,2,0
10453,5,0,0
10453,5,2,0
10453,6,1,0
10453,6,2,0
10453,7,0,0
10453,7,1,0
10453,7,2,0
10454,1,0,0
10454,2,1,0
10454,3,0,0
10454,3,1,0
10454,4,2,0
10454,5,0,0
10454,5,2,0
10454,6,1,0
10454,6,2,0
10454,7,0,0
10454,7,1,0
10454,7,2,0
10455,1,0,0
10455,2,1,0
10455,3,0,0
10455,3,1,0
10455,4,2,0
10455,5,0,0
10455,5,2,0
10455,6,1,0
10455,6,2,0
10455,7,0,0
10455,7,1,0
10455,7,2,0
10456,1,0,0
10456,2,1,0
10456,3,0,0
10456,3,1,0
10456,4,2,0
10456,5,0,0
10456,5,2,0
10456,6,1,0
10456,6,2,0
10456,7,0,0
10456,7,1,0
10456,7,2,0
10457,1,0,0
10457,2,1,0
10457,3,0,0
10457,3,1,0
10457,4,2,0
10457,5,0,0
10457,5,2,0
10457,6,1,0
10457,6,2,0
10457,7,0,0
10457,7,1,0
10457,7,2,0
10458,1,0,0
10458,2,1,0
10458,3,0,0
10458,3,1,0
10458,4,2,0
10458,5,0,0
10458,5,2,0
10458,6,1,0
10458,6,2,0
10458,7,0,0
10458,7,1,0
10458,7,2,0
10459,1,0,0
10459,2,1,0
10459,3,0,0
10459,3,1,0
10459,4,2,0
10459,5,0,0
10459,5,2,0
10459,6,1,0
10459,6,2,0
10459,7,0,0
10459,7,1,0
10459,7,2,0
10460,1,0,0
10460,2,1,0
10460,3,0,0
10460,3,1,0
10460,4,2,0
10460,5,0,0
10460,5,2,0
10460,6,1,0
10460,6,2,0
10460,7,0,0
10460,7,1,0
10460,7,2,0
10461,1,0,0
10461,2,1,0
10461,3,0,0
10461,3,1,0
10461,4,2,0
10461,5,0,0
10461,5,2,0
10461,6,1,0
10461,6,2,0
10461,7,0,0
10461,7,1,0
10461,7,2,0
10462,1,0,0
10462,2,1,0
10462,3,0,0
10462,3,1,0
10462,4,2,0
10462,5,0,0
10462,5,2,0
10462,6,1,0
10462,6,2,0
10462,7,0,0
10462,7,1,0
10462,7,2,0
10463,1,0,0
10463,2,1,0
10463,3,0,0
10463,3,1,0
10463,4,2,0
10463,5,0,0
10463,5,2,0
10463,6,1,0
10463,6,2,0
10463,7,0,0
10463,7,1,0
10463,7,2,0
10464,1,0,0
10464,2,1,0
10464,3,0,0
10464,3,1,0
10464,4,2,0
10464,5,0,0
10464,5,2,0
10464,6,1,0
10464,6,2,0
10464,7,0,0
10464,7,1,0
10464,7,2,0
10465,1,0,0
10465,2,1,0
10465,3,0,0
10465,3,1,0
10465,4,2,0
10465,5,0,0
10465,5,2,0
10465,6,1,0
10465,6,2,0
10465,7,0,0
10465,7,1,0
10465,7,2,0
10466,1,0,0
10466,2,1,0
10466,3,0,0
10466,3,1,0
10466,4,2,0
10466,5,0,0
10466,5,2,0
10466,6,1,0
10466,6,2,0
10466,7,0,0
10466,7,1,0
10466,7,2,0
10467,1,0,0
10467,2,1,0
10467,3,0,0
10467,3,1,0
10467,4,2,0
10467,5,0,0
10467,5,2,0
10467,6,1,0
10467,6,2,0
10467,7,0,0
10467,7,1,0
10467,7,2,0
10468,1,0,0
10468,2,1,0
10468,3,0,0
10468,3,1,0
10468,4,2,0
10468,5,0,0
10468,5,2,0
10468,6,1,0
10468,6,2,0
10468,7,0,0
10468,7,1,0
10468,7,2,0
10469,1,0,0
10469,2,1,0
10469,3,0,0
10469,3,1,0
10469,4,2,0
10469,5,0,0
10469,5,2,0
10469,6,1,0
10469,6,2,0
10469,7,0,0
10469,7,1,0
10469,7,2,0
10470,1,0,0
10470,2,1,0
10470,3,0,0
10470,3,1,0
10470,4,2,0
10470,5,0,0
10470,5,2,0
10470,6,1,0
10470,6,2,0
10470,7,0,0
10470,7,1,0
10470,7,2,0
10471,1,0,0
10471,2,1,0
10471,3,0,0
10471,3,1,0
10471,4,2,0
10471,5,0,0
10471,5,2,0
10471,6,1,0
10471,6,2,0
10471,7,0,0
10471,7,1,0
10471,7,2,0
10472,1,0,0
10472,2,1,0
10472,3,0,0
10472,3,1,0
10472,4,2,0
10472,5,0,0
10472,5,2,0
10472,6,1,0
10472,6,2,0
10472,7,0,0
10472,7,1,0
10472,7,2,0
10473,1,0,0
10473,2,1,0
10473,3,0,0
10473,3,1,0
10473,4,2,0
10473,5,0,0
10473,5,2,0
10473,6,1,0
10473,6,2,0
10473,7,0,0
10473,7,1,0
10473,7,2,0
10474,1,0,0
10474,2,1,0
10474,3,0,0
10474,3,1,0
10474,4,2,0
10474,5,0,0
10474,5,2,0
10474,6,1,0
10474,6,2,0
10474,7,0,0
10474,7,1,0
10474,7,2,0
10475,1,0,0
10475,2,1,0
10475,3,0,0
10475,3,1,0
10475,4,2,0
10475,5,0,0
10475,5,2,0
10475,6,1,0
10475,6,2,0
10475,7,0,0
10475,7,1,0
10475,7,2,0
10476,1,0,1
10476,2,1,1
10476,3,0,1
10476,3,1,1
10476,4,2,1
10476,5,0,1
10476,5,2,1
10476,6,1,1
10476,6,2,1
10476,7,0,1
10476,7,1,1
10476,7,2,1
10477,1,0,1
10477,2,1,1
10477,3,0,1
10477,3,1,1
10477,4,2,1
10477,5,0,1
10477,5,2,1
10477,6,1,1
10477,6,2,1
10477,7,0,1
10477,7,1,1
10477,7,2,1
10478,1,0,0
10478,2,1,0
10478,3,0,0
10478,3,1,0
10478,4,2,0
10478,5,0,0
10478,5,2,0
10478,6,1,0
10478,6,2,0
10478,7,0,0
10478,7,1,0
10478,7,2,0
10479,1,0,0
10479,2,1,0
10479,3,0,0
10479,3,1,0
10479,4,2,0
10479,5,0,0
10479,5,2,0
10479,6,1,0
10479,6,2,0
10479,7,0,0
10479,7,1,0
10479,7,2,0
10480,1,0,0
10480,2,1,0
10480,3,0,0
10480,3,1,0
10480,4,2,0
10480,5,0,0
10480,5,2,0
10480,6,1,0
10480,6,2,0
10480,7,0,0
10480,7,1,0
10480,7,2,0
10481,1,0,0
10481,2,1,0
10481,3,0,0
10481,3,1,0
10481,4,2,0
10481,5,0,0
10481,5,2,0
10481,6,1,0
10481,6,2,0
10481,7,0,0
10481,7,1,0
10481,7,2,0
10482,1,0,0
10482,2,1,0
10482,3,0,0
10482,3,1,0
10482,4,2,0
10482,5,0,0
10482,5,2,0
10482,6,1,0
10482,6,2,0
10482,7,0,0
10482,7,1,0
10482,7,2,0
10483,1,0,0
10483,2,1,0
10483,3,0,0
10483,3,1,0
10483,4,2,0
10483,5,0,0
10483,5,2,0
10483,6,1,0
10483,6,2,0
10483,7,0,0
10483,7,1,0
10483,7,2,0
10484,1,0,0
10484,2,1,0
10484,3,0,0
10484,3,1,0
10484,4,2,0
10484,5,0,0
10484,5,2,0
10484,6,1,0
10484,6,2,0
10484,7,0,0
10484,7,1,0
10484,7,2,0
10485,1,0,0
10485,2,1,0
10485,3,0,0
10485,3,1,0
10485,4,2,0
10485,5,0,0
10485,5,2,0
10485,6,1,0
10485,6,2,0
10485,7,0,0
10485,7,1,0
10485,7,2,0
10486,1,0,0
10486,2,1,0
10486,3,0,0
10486,3,1,0
10486,4,2,0
10486,5,0,0
10486,5,2,0
10486,6,1,0
10486,6,2,0
10486,7,0,0
10486,7,1,0
10486,7,2,0
10487,1,0,0
10487,2,1,0
10487,3,0,0
10487,3,1,0
10487,4,2,0
10487,5,0,0
10487,5,2,0
10487,6,1,0
10487,6,2,0
10487,7,0,0
10487,7,1,0
10487,7,2,0
10488,1,0,0
10488,2,1,0
10488,3,0,0
10488,3,1,0
10488,4,2,0
10488,5,0,0
10488,5,2,0
10488,6,1,0
10488,6,2,0
10488,7,0,0
10488,7,1,0
10488,7,2,0
10489,1,0,0
10489,2,1,0
10489,3,0,0
10489,3,1,0
10489,4,2,0
10489,5,0,0
10489,5,2,0
10489,6,1,0
10489,6,2,0
10489,7,0,0
10489,7,1,0
10489,7,2,0
10490,1,0,0
10490,2,1,0
10490,3,0,0
10490,3,1,0
10490,4,2,0
10490,5,0,0
10490,5,2,0
10490,6,1,0
10490,6,2,0
10490,7,0,0
10490,7,1,0
10490,7,2,0
10491,1,0,0
10491,2,1,0
10491,3,0,0
10491,3,1,0
10491,4,2,0
10491,5,0,0
10491,5,2,0
10491,6,1,0
10491,6,2,0
10491,7,0,0
10491,7,1,0
10491,7,2,0
10492,1,0,0
10492,2,1,0
10492,3,0,0
10492,3,1,0
10492,4,2,0
10492,5,0,0
10492,5,2,0
10492,6,1,0
10492,6,2,0
10492,7,0,0
10492,7,1,0
10492,7,2,0
10493,1,0,0
10493,2,1,0
10493,3,0,0
10493,3,1,0
10493,4,2,0
10493,5,0,0
10493,5,2,0
10493,6,1,0
10493,6,2,0
10493,7,0,0
10493,7,1,0
10493,7,2,0
10494,1,0,0
10494,2,1,0
10494,3,0,0
10494,3,1,0
10494,4,2,0
10494,5,0,0
10494,5,2,0
10494,6,1,0
10494,6,2,0
10494,7,0,0
10494,7,1,0
10494,7,2,0
10495,1,0,0
10495,2,1,0
10495,3,0,0
10495,3,1,0
10495,4,2,0
10495,5,0,0
10495,5,2,0
10495,6,1,0
10495,6,2,0
10495,7,0,0
10495,7,1,0
10495,7,2,0
10496,1,0,0
10496,2,1,0
10496,3,0,0
10496,3,1,0
10496,4,2,0
10496,5,0,0
10496,5,2,0
10496,6,1,0
10496,6,2,0
10496,7,0,0
10496,7,1,0
10496,7,2,0
10497,1,0,0
10497,2,1,0
10497,3,0,0
10497,3,1,0
10497,4,2,0
10497,5,0,0
10497,5,2,0
10497,6,1,0
10497,6,2,0
10497,7,0,0
10497,7,1,0
10497,7,2,0
10498,1,0,0
10498,2,1,0
10498,3,0,0
10498,3,1,0
10498,4,2,0
10498,5,0,0
10498,5,2,0
10498,6,1,0
10498,6,2,0
10498,7,0,0
10498,7,1,0
10498,7,2,0
10499,1,0,0
10499,2,1,0
10499,3,0,0
10499,3,1,0
10499,4,2,0
10499,5,0,0
10499,5,2,0
10499,6,1,0
10499,6,2,0
10499,7,0,0
10499,7,1,0
10499,7,2,0
10500,1,0,0
10500,2,1,0
10500,3,0,0
10500,3,1,0
10500,4,2,0
10500,5,0,0
10500,5,2,0
10500,6,1,0
10500,6,2,0
10500,7,0,0
10500,7,1,0
10500,7,2,0
10501,1,0,0
10501,2,1,0
10501,3,0,0
10501,3,1,0
10501,4,2,0
10501,5,0,0
10501,5,2,0
10501,6,1,0
10501,6,2,0
10501,7,0,0
10501,7,1,0
10501,7,2,0
10502,1,0,0
10502,2,1,0
10502,3,0,0
10502,3,1,0
10502,4,2,0
10502,5,0,0
10502,5,2,0
10502,6,1,0
10502,6,2,0
10502,7,0,0
10502,7,1,0
10502,7,2,0
10503,1,0,1
10503,2,1,1
10503,3,0,1
10503,3,1,1
10503,4,2,1
10503,5,0,1
10503,5,2,1
10503,6,1,1
10503,6,2,1
10503,7,0,1
10503,7,1,1
10503,7,2,1
10504,1,0,1
10504,2,1,1
10504,3,0,1
10504,3,1,1
10504,4,2,1
10504,5,0,1
10504,5,2,1
10504,6,1,1
10504,6,2,1
10504,7,0,1
10504,7,1,1
10504,7,2,1
10505,1,0,0
10505,2,1,0
10505,3,0,0
10505,3,1,0
10505,4,2,0
10505,5,0,0
10505,5,2,0
10505,6,1,0
10505,6,2,0
10505,7,0,0
10505,7,1,0
10505,7,2,0
10506,1,0,0
10506,2,1,0
10506,3,0,0
10506,3,1,0
10506,4,2,0
10506,5,0,0
10506,5,2,0
10506,6,1,0
10506,6,2,0
10506,7,0,0
10506,7,1,0
10506,7,2,0
10507,1,0,0
10507,2,1,0
10507,3,0,0
10507,3,1,0
10507,4,2,0
10507,5,0,0
10507,5,2,0
10507,6,1,0
10507,6,2,0
10507,7,0,0
10507,7,1,0
10507,7,2,0
10508,1,0,0
10508,2,1,0
10508,3,0,0
10508,3,1,0
10508,4,2,0
10508,5,0,0
10508,5,2,0
10508,6,1,0
10508,6,2,0
10508,7,0,0
10508,7,1,0
10508,7,2,0
10509,1,0,0
10509,2,1,0
10509,3,0,0
10509,3,1,0
10509,4,2,0
10509,5,0,0
10509,5,2,0
10509,6,1,0
10509,6,2,0
10509,7,0,0
10509,7,1,0
10509,7,2,0
10510,1,0,0
10510,2,1,0
10510,3,0,0
10510,3,1,0
10510,4,2,0
10510,5,0,0
10510,5,2,0
10510,6,1,0
10510,6,2,0
10510,7,0,0
10510,7,1,0
10510,7,2,0
10511,1,0,0
10511,2,1,0
10511,3,0,0
10511,3,1,0
10511,4,2,0
10511,5,0,0
10511,5,2,0
10511,6,1,0
10511,6,2,0
10511,7,0,0
10511,7,1,0
10511,7,2,0
10512,1,0,0
10512,2,1,0
10512,3,0,0
10512,3,1,0
10512,4,2,0
10512,5,0,0
10512,5,2,0
10512,6,1,0
10512,6,2,0
10512,7,0,0
10512,7,1,0
10512,7,2,0
10513,1,0,0
10513,2,1,0
10513,3,0,0
10513,3,1,0
10513,4,2,0
10513,5,0,0
10513,5,2,0
10513,6,1,0
10513,6,2,0
10513,7,0,0
10513,7,1,0
10513,7,2,0
10514,1,0,0
10514,2,1,0
10514,3,0,0
10514,3,1,0
10514,4,2,0
10514,5,0,0
10514,5,2,0
10514,6,1,0
10514,6,2,0
10514,7,0,0
10514,7,1,0
10514,7,2,0
10515,1,0,0
10515,2,1,0
10515,3,0,0
10515,3,1,0
10515,4,2,0
10515,5,0,0
10515,5,2,0
10515,6,1,0
10515,6,2,0
10515,7,0,0
10515,7,1,0
10515,7,2,0
10516,1,0,0
10516,2,1,0
10516,3,0,0
10516,3,1,0
10516,4,2,0
10516,5,0,0
10516,5,2,0
10516,6,1,0
10516,6,2,0
10516,7,0,0
10516,7,1,0
10516,7,2,0
10517,1,0,0
10517,2,1,0
10517,3,0,0
10517,3,1,0
10517,4,2,0
10517,5,0,0
10517,5,2,0
10517,6,1,0
10517,6,2,0
10517,7,0,0
10517,7,1,0
10517,7,2,0
10518,1,0,0
10518,2,1,0
10518,3,0,0
10518,3,1,0
10518,4,2,0
10518,5,0,0
10518,5,2,0
10518,6,1,0
10518,6,2,0
10518,7,0,0
10518,7,1,0
10518,7,2,0
10519,1,0,0
10519,2,1,0
10519,3,0,0
10519,3,1,0
10519,4,2,0
10519,5,0,0
10519,5,2,0
10519,6,1,0
10519,6,2,0
10519,7,0,0
10519,7,1,0
10519,7,2,0
10520,1,0,0
10520,2,1,0
10520,3,0,0
10520,3,1,0
10520,4,2,0
10520,5,0,0
10520,5,2,0
10520,6,1,0
10520,6,2,0
10520,7,0,0
10520,7,1,0
10520,7,2,0
10521,1,0,0
10521,2,1,0
10521,3,0,0
10521,3,1,0
10521,4,2,0
10521,5,0,0
10521,5,2,0
10521,6,1,0
10521,6,2,0
10521,7,0,0
10521,7,1,0
10521,7,2,0
10522,1,0,0
10522,2,1,0
10522,3,0,0
10522,3,1,0
10522,4,2,0
10522,5,0,0
10522,5,2,0
10522,6,1,0
10522,6,2,0
10522,7,0,0
10522,7,1,0
10522,7,2,0
10523,1,0,0
10523,2,1,0
10523,3,0,0
10523,3,1,0
10523,4,2,0
10523,5,0,0
10523,5,2,0
10523,6,1,0
10523,6,2,0
10523,7,0,0
10523,7,1,0
10523,7,2,0
10524,1,0,0
10524,2,1,0
10524,3,0,0
10524,3,1,0
10524,4,2,0
10524,5,0,0
10524,5,2,0
10524,6,1,0
10524,6,2,0
10524,7,0,0
10524,7,1,0
10524,7,2,0
10525,1,0,0
10525,2,1,0
10525,3,0,0
10525,3,1,0
10525,4,2,0
10525,5,0,0
10525,5,2,0
10525,6,1,0
10525,6,2,0
10525,7,0,0
10525,7,1,0
10525,7,2,0
10526,1,0,0
10526,2,1,0
10526,3,0,0
10526,3,1,0
10526,4,2,0
10526,5,0,0
10526,5,2,0
10526,6,1,0
10526,6,2,0
10526,7,0,0
10526,7,1,0
10526,7,2,0
10527,1,0,0
10527,2,1,0
10527,3,0,0
10527,3,1,0
10527,4,2,0
10527,5,0,0
10527,5,2,0
10527,6,1,0
10527,6,2,0
10527,7,0,0
10527,7,1,0
10527,7,2,0
10528,1,0,0
10528,2,1,0
10528,3,0,0
10528,3,1,0
10528,4,2,0
10528,5,0,0
10528,5,2,0
10528,6,1,0
10528,6,2,0
10528,7,0,0
10528,7,1,0
10528,7,2,0
10529,1,0,0
10529,2,1,0
10529,3,0,0
10529,3,1,0
10529,4,2,0
10529,5,0,0
10529,5,2,0
10529,6,1,0
10529,6,2,0
10529,7,0,0
10529,7,1,0
10529,7,2,0
10530,1,0,1
10530,2,1,1
10530,3,0,1
10530,3,1,1
10530,4,2,1
10530,5,0,1
10530,5,2,1
10530,6,1,1
10530,6,2,1
10530,7,0,1
10530,7,1,1
10530,7,2,1
10531,1,0,1
10531,2,1,1
10531,3,0,1
10531,3,1,1
10531,4,2,1
10531,5,0,1
10531,5,2,1
10531,6,1,1
10531,6,2,1
10531,7,0,1
10531,7,1,1
10531,7,2,1
10532,1,0,0
10532,2,1,0
10532,3,0,0
10532,3,1,0
10532,4,2,0
10532,5,0,0
10532,5,2,0
10532,6,1,0
10532,6,2,0
10532,7,0,0
10532,7,1,0
10532,7,2,0
10533,1,0,0
10533,2,1,0
10533,3,0,0
10533,3,1,0
10533,4,2,0
10533,5,0,0
10533,5,2,0
10533,6,1,0
10533,6,2,0
10533,7,0,0
10533,7,1,0
10533,7,2,0
10534,1,0,0
10534,2,1,0
10534,3,0,0
10534,3,1,0
10534,4,2,0
10534,5,0,0
10534,5,2,0
10534,6,1,0
10534,6,2,0
10534,7,0,0
10534,7,1,0
10534,7,2,0
10535,1,0,0
10535,2,1,0
10535,3,0,0
10535,3,1,0
10535,4,2,0
10535,5,0,0
10535,5,2,0
10535,6,1,0
10535,6,2,0
10535,7,0,0
10535,7,1,0
10535,7,2,0
10536,1,0,0
10536,2,1,0
10536,3,0,0
10536,3,1,0
10536,4,2,0
10536,5,0,0
10536,5,2,0
10536,6,1,0
10536,6,2,0
10536,7,0,0
10536,7,1,0
10536,7,2,0
10537,1,0,0
10537,2,1,0
10537,3,0,0
10537,3,1,0
10537,4,2,0
10537,5,0,0
10537,5,2,0
10537,6,1,0
10537,6,2,0
10537,7,0,0
10537,7,1,0
10537,7,2,0
10538,1,0,0
10538,2,1,0
10538,3,0,0
10538,3,1,0
10538,4,2,0
10538,5,0,0
10538,5,2,0
10538,6,1,0
10538,6,2,0
10538,7,0,0
10538,7,1,0
10538,7,2,0
10539,1,0,0
10539,2,1,0
10539,3,0,0
10539,3,1,0
10539,4,2,0
10539,5,0,0
10539,5,2,0
10539,6,1,0
10539,6,2,0
10539,7,0,0
10539,7,1,0
10539,7,2,0
10540,1,0,0
10540,2,1,0
10540,3,0,0
10540,3,1,0
10540,4,2,0
10540,5,0,0
10540,5,2,0
10540,6,1,0
10540,6,2,0
10540,7,0,0
10540,7,1,0
10540,7,2,0
10541,1,0,0
10541,2,1,0
10541,3,0,0
10541,3,1,0
10541,4,2,0
10541,5,0,0
10541,5,2,0
10541,6,1,0
10541,6,2,0
10541,7,0,0
10541,7,1,0
10541,7,2,0
10542,1,0,0
10542,2,1,0
10542,3,0,0
10542,3,1,0
10542,4,2,0
10542,5,0,0
10542,5,2,0
10542,6,1,0
10542,6,2,0
10542,7,0,0
10542,7,1,0
10542,7,2,0
10543,1,0,0
10543,2,1,0
10543,3,0,0
10543,3,1,0
10543,4,2,0
10543,5,0,0
10543,5,2,0
10543,6,1,0
10543,6,2,0
10543,7,0,0
10543,7,1,0
10543,7,2,0
10544,1,0,0
10544,2,1,0
10544,3,0,0
10544,3,1,0
10544,4,2,0
10544,5,0,0
10544,5,2,0
10544,6,1,0
10544,6,2,0
10544,7,0,0
10544,7,1,0
10544,7,2,0
10545,1,0,0
10545,2,1,0
10545,3,0,0
10545,3,1,0
10545,4,2,0
10545,5,0,0
10545,5,2,0
10545,6,1,0
10545,6,2,0
10545,7,0,0
10545,7,1,0
10545,7,2,0
10546,1,0,0
10546,2,1,0
10546,3,0,0
10546,3,1,0
10546,4,2,0
10546,5,0,0
10546,5,2,0
10546,6,1,0
10546,6,2,0
10546,7,0,0
10546,7,1,0
10546,7,2,0
10547,1,0,0
10547,2,1,0
10547,3,0,0
10547,3,1,0
10547,4,2,0
10547,5,0,0
10547,5,2,0
10547,6,1,0
10547,6,2,0
10547,7,0,0
10547,7,1,0
10547,7,2,0
10548,1,0,0
10548,2,1,0
10548,3,0,0
10548,3,1,0
10548,4,2,0
10548,5,0,0
10548,5,2,0
10548,6,1,0
10548,6,2,0
10548,7,0,0
10548,7,1,0
10548,7,2,0
10549,1,0,0
10549,2,1,0
10549,3,0,0
10549,3,1,0
10549,4,2,0
10549,5,0,0
10549,5,2,0
10549,6,1,0
10549,6,2,0
10549,7,0,0
10549,7,1,0
10549,7,2,0
10550,1,0,0
10550,2,1,0
10550,3,0,0
10550,3,1,0
10550,4,2,0
10550,5,0,0
10550,5,2,0
10550,6,1,0
10550,6,2,0
10550,7,0,0
10550,7,1,0
10550,7,2,0
10551,1,0,0
10551,2,1,0
10551,3,0,0
10551,3,1,0
10551,4,2,0
10551,5,0,0
10551,5,2,0
10551,6,1,0
10551,6,2,0
10551,7,0,0
10551,7,1,0
10551,7,2,0
10552,1,0,0
10552,2,1,0
10552,3,0,0
10552,3,1,0
10552,4,2,0
10552,5,0,0
10552,5,2,0
10552,6,1,0
10552,6,2,0
10552,7,0,0
10552,7,1,0
10552,7,2,0
10553,1,0,0
10553,2,1,0
10553,3,0,0
10553,3,1,0
10553,4,2,0
10553,5,0,0
10553,5,2,0
10553,6,1,0
10553,6,2,0
10553,7,0,0
10553,7,1,0
10553,7,2,0
10554,1,0,0
10554,2,1,0
10554,3,0,0
10554,3,1,0
10554,4,2,0
10554,5,0,0
10554,5,2,0
10554,6,1,0
10554,6,2,0
10554,7,0,0
10554,7,1,0
10554,7,2,0
10555,1,0,0
10555,2,1,0
10555,3,0,0
10555,3,1,0
10555,4,2,0
10555,5,0,0
10555,5,2,0
10555,6,1,0
10555,6,2,0
10555,7,0,0
10555,7,1,0
10555,7,2,0
10556,1,0,0
10556,2,1,0
10556,3,0,0
10556,3,1,0
10556,4,2,0
10556,5,0,0
10556,5,2,0
10556,6,1,0
10556,6,2,0
10556,7,0,0
10556,7,1,0
10556,7,2,0
10557,1,0,1
10557,2,1,1
10557,3,0,1
10557,3,1,1
10557,4,2,1
10557,5,0,1
10557,5,2,1
10557,6,1,1
10557,6,2,1
10557,7,0,1
10557,7,1,1
10557,7,2,1
10558,1,0,1
10558,2,1,1
10558,3,0,1
10558,3,1,1
10558,4,2,1
10558,5,0,1
10558,5,2,1
10558,6,1,1
10558,6,2,1
10558,7,0,1
10558,7,1,1
10558,7,2,1
10559,1,0,0
10559,2,1,0
10559,3,0,0
10559,3,1,0
10559,4,2,0
10559,5,0,0
10559,5,2,0
10559,6,1,0
10559,6,2,0
10559,7,0,0
10559,7,1,0
10559,7,2,0
10560,1,0,0
10560,2,1,0
10560,3,0,0
10560,3,1,0
10560,4,2,0
10560,5,0,0
10560,5,2,0
10560,6,1,0
10560,6,2,0
10560,7,0,0
10560,7,1,0
10560,7,2,0
10561,1,0,0
10561,2,1,0
10561,3,0,0
10561,3,1,0
10561,4,2,0
10561,5,0,0
10561,5,2,0
10561,6,1,0
10561,6,2,0
10561,7,0,0
10561,7,1,0
10561,7,2,0
10562,1,0,0
10562,2,1,0
10562,3,0,0
10562,3,1,0
10562,4,2,0
10562,5,0,0
10562,5,2,0
10562,6,1,0
10562,6,2,0
10562,7,0,0
10562,7,1,0
10562,7,2,0
10563,1,0,0
10563,2,1,0
10563,3,0,0
10563,3,1,0
10563,4,2,0
10563,5,0,0
10563,5,2,0
10563,6,1,0
10563,6,2,0
10563,7,0,0
10563,7,1,0
10563,7,2,0
10564,1,0,0
10564,2,1,0
10564,3,0,0
10564,3,1,0
10564,4,2,0
10564,5,0,0
10564,5,2,0
10564,6,1,0
10564,6,2,0
10564,7,0,0
10564,7,1,0
10564,7,2,0
10565,1,0,0
10565,2,1,0
10565,3,0,0
10565,3,1,0
10565,4,2,0
10565,5,0,0
10565,5,2,0
10565,6,1,0
10565,6,2,0
10565,7,0,0
10565,7,1,0
10565,7,2,0
10566,1,0,0
10566,2,1,0
10566,3,0,0
10566,3,1,0
10566,4,2,0
10566,5,0,0
10566,5,2,0
10566,6,1,0
10566,6,2,0
10566,7,0,0
10566,7,1,0
10566,7,2,0
10567,1,0,0
10567,2,1,0
10567,3,0,0
10567,3,1,0
10567,4,2,0
10567,5,0,0
10567,5,2,0
10567,6,1,0
10567,6,2,0
10567,7,0,0
10567,7,1,0
10567,7,2,0
10568,1,0,0
10568,2,1,0
10568,3,0,0
10568,3,1,0
10568,4,2,0
10568,5,0,0
10568,5,2,0
10568,6,1,0
10568,6,2,0
10568,7,0,0
10568,7,1,0
10568,7,2,0
10569,1,0,0
10569,2,1,0
10569,3,0,0
10569,3,1,0
10569,4,2,0
10569,5,0,0
10569,5,2,0
10569,6,1,0
10569,6,2,0
10569,7,0,0
10569,7,1,0
10569,7,2,0
10570,1,0,0
10570,2,1,0
10570,3,0,0
10570,3,1,0
10570,4,2,0
10570,5,0,0
10570,5,2,0
10570,6,1,0
10570,6,2,0
10570,7,0,0
10570,7,1,0
10570,7,2,0
10571,1,0,0
10571,2,1,0
10571,3,0,0
10571,3,1,0
10571,4,2,0
10571,5,0,0
10571,5,2,0
10571,6,1,0
10571,6,2,0
10571,7,0,0
10571,7,1,0
10571,7,2,0
10572,1,0,0
10572,2,1,0
10572,3,0,0
10572,3,1,0
10572,4,2,0
10572,5,0,0
10572,5,2,0
10572,6,1,0
10572,6,2,0
10572,7,0,0
10572,7,1,0
10572,7,2,0
10573,1,0,0
10573,2,1,0
10573,3,0,0
10573,3,1,0
10573,4,2,0
10573,5,0,0
10573,5,2,0
10573,6,1,0
10573,6,2,0
10573,7,0,0
10573,7,1,0
10573,7,2,0
10574,1,0,0
10574,2,1,0
10574,3,0,0
10574,3,1,0
10574,4,2,0
10574,5,0,0
10574,5,2,0
10574,6,1,0
10574,6,2,0
10574,7,0,0
10574,7,1,0
10574,7,2,0
10575,1,0,0
10575,2,1,0
10575,3,0,0
10575,3,1,0
10575,4,2,0
10575,5,0,0
10575,5,2,0
10575,6,1,0
10575,6,2,0
10575,7,0,0
10575,7,1,0
10575,7,2,0
10576,1,0,0
10576,2,1,0
10576,3,0,0
10576,3,1,0
10576,4,2,0
10576,5,0,0
10576,5,2,0
10576,6,1,0
10576,6,2,0
10576,7,0,0
10576,7,1,0
10576,7,2,0
10577,1,0,0
10577,2,1,0
10577,3,0,0
10577,3,1,0
10577,4,2,0
10577,5,0,0
10577,5,2,0
10577,6,1,0
10577,6,2,0
10577,7,0,0
10577,7,1,0
10577,7,2,0
10578,1,0,0
10578,2,1,0
10578,3,0,0
10578,3,1,0
10578,4,2,0
10578,5,0,0
10578,5,2,0
10578,6,1,0
10578,6,2,0
10578,7,0,0
10578,7,1,0
10578,7,2,0
10579,1,0,0
10579,2,1,0
10579,3,0,0
10579,3,1,0
10579,4,2,0
10579,5,0,0
10579,5,2,0
10579,6,1,0
10579,6,2,0
10579,7,0,0
10579,7,1,0
10579,7,2,0
10580,1,0,0
10580,2,1,0
10580,3,0,0
10580,3,1,0
10580,4,2,0
10580,5,0,0
10580,5,2,0
10580,6,1,0
10580,6,2,0
10580,7,0,0
10580,7,1,0
10580,7,2,0
10581,1,0,0
10581,2,1,0
10581,3,0,0
10581,3,1,0
10581,4,2,0
10581,5,0,0
10581,5,2,0
10581,6,1,0
10581,6,2,0
10581,7,0,0
10581,7,1,0
10581,7,2,0
10582,1,0,0
10582,2,1,0
10582,3,0,0
10582,3,1,0
10582,4,2,0
10582,5,0,0
10582,5,2,0
10582,6,1,0
10582,6,2,0
10582,7,0,0
10582,7,1,0
10582,7,2,0
10583,1,0,0
10583,2,1,0
10583,3,0,0
10583,3,1,0
10583,4,2,0
10583,5,0,0
10583,5,2,0
10583,6,1,0
10583,6,2,0
10583,7,0,0
10583,7,1,0
10583,7,2,0
10584,1,0,1
10584,2,1,1
10584,3,0,1
10584,3,1,1
10584,4,2,1
10584,5,0,1
10584,5,2,1
10584,6,1,1
10584,6,2,1
10584,7,0,1
10584,7,1,1
10584,7,2,1
10585,1,0,1
10585,2,1,1
10585,3,0,1
10585,3,1,1
10585,4,2,1
10585,5,0,1
10585,5,2,1
10585,6,1,1
10585,6,2,1
10585,7,0,1
10585,7,1,1
10585,7,2,1
10586,1,0,0
10586,2,1,0
10586,3,0,0
10586,3,1,0
10586,4,2,0
10586,5,0,0
10586,5,2,0
10586,6,1,0
10586,6,2,0
10586,7,0,0
10586,7,1,0
10586,7,2,0
10587,1,0,0
10587,2,1,0
10587,3,0,0
10587,3,1,0
10587,4,2,0
10587,5,0,0
10587,5,2,0
10587,6,1,0
10587,6,2,0
10587,7,0,0
10587,7,1,0
10587,7,2,0
10588,1,0,0
10588,2,1,0
10588,3,0,0
10588,3,1,0
10588,4,2,0
10588,5,0,0
10588,5,2,0
10588,6,1,0
10588,6,2,0
10588,7,0,0
10588,7,1,0
10588,7,2,0
10589,1,0,0
10589,2,1,0
10589,3,0,0
10589,3,1,0
10589,4,2,0
10589,5,0,0
10589,5,2,0
10589,6,1,0
10589,6,2,0
10589,7,0,0
10589,7,1,0
10589,7,2,0
10590,1,0,0
10590,2,1,0
10590,3,0,0
10590,3,1,0
10590,4,2,0
10590,5,0,0
10590,5,2,0
10590,6,1,0
10590,6,2,0
10590,7,0,0
10590,7,1,0
10590,7,2,0
10591,1,0,0
10591,2,1,0
10591,3,0,0
10591,3,1,0
10591,4,2,0
10591,5,0,0
10591,5,2,0
10591,6,1,0
10591,6,2,0
10591,7,0,0
10591,7,1,0
10591,7,2,0
10592,1,0,0
10592,2,1,0
10592,3,0,0
10592,3,1,0
10592,4,2,0
10592,5,0,0
10592,5,2,0
10592,6,1,0
10592,6,2,0
10592,7,0,0
10592,7,1,0
10592,7,2,0
10593,1,0,0
10593,2,1,0
10593,3,0,0
10593,3,1,0
10593,4,2,0
10593,5,0,0
10593,5,2,0
10593,6,1,0
10593,6,2,0
10593,7,0,0
10593,7,1,0
10593,7,2,0
10594,1,0,0
10594,2,1,0
10594,3,0,0
10594,3,1,0
10594,4,2,0
10594,5,0,0
10594,5,2,0
10594,6,1,0
10594,6,2,0
10594,7,0,0
10594,7,1,0
10594,7,2,0
10595,1,0,0
10595,2,1,0
10595,3,0,0
10595,3,1,0
10595,4,2,0
10595,5,0,0
10595,5,2,0
10595,6,1,0
10595,6,2,0
10595,7,0,0
10595,7,1,0
10595,7,2,0
10596,1,0,0
10596,2,1,0
10596,3,0,0
10596,3,1,0
10596,4,2,0
10596,5,0,0
10596,5,2,0
10596,6,1,0
10596,6,2,0
10596,7,0,0
10596,7,1,0
10596,7,2,0
10597,1,0,0
10597,2,1,0
10597,3,0,0
10597,3,1,0
10597,4,2,0
10597,5,0,0
10597,5,2,0
10597,6,1,0
10597,6,2,0
10597,7,0,0
10597,7,1,0
10597,7,2,0
10598,1,0,0
10598,2,1,0
10598,3,0,0
10598,3,1,0
10598,4,2,0
10598,5,0,0
10598,5,2,0
10598,6,1,0
10598,6,2,0
10598,7,0,0
10598,7,1,0
10598,7,2,0
10599,1,0,0
10599,2,1,0
10599,3,0,0
10599,3,1,0
10599,4,2,0
10599,5,0,0
10599,5,2,0
10599,6,1,0
10599,6,2,0
10599,7,0,0
10599,7,1,0
10599,7,2,0
10600,1,0,0
10600,2,1,0
10600,3,0,0
10600,3,1,0
10600,4,2,0
10600,5,0,0
10600,5,2,0
10600,6,1,0
10600,6,2,0
10600,7,0,0
10600,7,1,0
10600,7,2,0
10601,1,0,0
10601,2,1,0
10601,3,0,0
10601,3,1,0
10601,4,2,0
10601,5,0,0
10601,5,2,0
10601,6,1,0
10601,6,2,0
10601,7,0,0
10601,7,1,0
10601,7,2,0
10602,1,0,0
10602,2,1,0
10602,3,0,0
10602,3,1,0
10602,4,2,0
10602,5,0,0
10602,5,2,0
10602,6,1,0
10602,6,2,0
10602,7,0,0
10602,7,1,0
10602,7,2,0
10603,1,0,0
10603,2,1,0
10603,3,0,0
10603,3,1,0
10603,4,2,0
10603,5,0,0
10603,5,2,0
10603,6,1,0
10603,6,2,0
10603,7,0,0
10603,7,1,0
10603,7,2,0
10604,1,0,0
10604,2,1,0
10604,3,0,0
10604,3,1,0
10604,4,2,0
10604,5,0,0
10604,5,2,0
10604,6,1,0
10604,6,2,0
10604,7,0,0
10604,7,1,0
10604,7,2,0
10605,1,0,0
10605,2,1,0
10605,3,0,0
10605,3,1,0
10605,4,2,0
10605,5,0,0
10605,5,2,0
10605,6,1,0
10605,6,2,0
10605,7,0,0
10605,7,1,0
10605,7,2,0
10606,1,0,0
10606,2,1,0
10606,3,0,0
10606,3,1,0
10606,4,2,0
10606,5,0,0
10606,5,2,0
10606,6,1,0
10606,6,2,0
10606,7,0,0
10606,7,1,0
10606,7,2,0
10607,1,0,0
10607,2,1,0
10607,3,0,0
10607,3,1,0
10607,4,2,0
10607,5,0,0
10607,5,2,0
10607,6,1,0
10607,6,2,0
10607,7,0,0
10607,7,1,0
10607,7,2,0
10608,1,0,0
10608,2,1,0
10608,3,0,0
10608,3,1,0
10608,4,2,0
10608,5,0,0
10608,5,2,0
10608,6,1,0
10608,6,2,0
10608,7,0,0
10608,7,1,0
10608,7,2,0
10609,1,0,0
10609,2,1,0
10609,3,0,0
10609,3,1,0
10609,4,2,0
10609,5,0,0
10609,5,2,0
10609,6,1,0
10609,6,2,0
10609,7,0,0
10609,7,1,0
10609,7,2,0
10610,1,0,0
10610,2,1,0
10610,3,0,0
10610,3,1,0
10610,4,2,0
10610,5,0,0
10610,5,2,0
10610,6,1,0
10610,6,2,0
10610,7,0,0
10610,7,1,0
10610,7,2,0
10611,1,0,1
10611,2,1,0
10611,3,0,1
10611,3,1,0
10611,4,2,0
10611,5,0,1
10611,5,2,0
10611,6,1,0
10611,6,2,0
10611,7,0,1
10611,7,1,0
10611,7,2,0
10612,1,0,1
10612,2,1,0
10612,3,0,1
10612,3,1,0
10612,4,2,0
10612,5,0,1
10612,5,2,0
10612,6,1,0
10612,6,2,0
10612,7,0,1
10612,7,1,0
10612,7,2,0
10613,1,0,0
10613,2,1,0
10613,3,0,0
10613,3,1,0
10613,4,2,0
10613,5,0,0
10613,5,2,0
10613,6,1,0
10613,6,2,0
10613,7,0,0
10613,7,1,0
10613,7,2,0
10614,1,0,0
10614,2,1,0
10614,3,0,0
10614,3,1,0
10614,4,2,0
10614,5,0,0
10614,5,2,0
10614,6,1,0
10614,6,2,0
10614,7,0,0
10614,7,1,0
10614,7,2,0
10615,1,0,0
10615,2,1,0
10615,3,0,0
10615,3,1,0
10615,4,2,0
10615,5,0,0
10615,5,2,0
10615,6,1,0
10615,6,2,0
10615,7,0,0
10615,7,1,0
10615,7,2,0
10616,1,0,0
10616,2,1,0
10616,3,0,0
10616,3,1,0
10616,4,2,0
10616,5,0,0
10616,5,2,0
10616,6,1,0
10616,6,2,0
10616,7,0,0
10616,7,1,0
10616,7,2,0
10617,1,0,0
10617,2,1,0
10617,3,0,0
10617,3,1,0
10617,4,2,0
10617,5,0,0
10617,5,2,0
10617,6,1,0
10617,6,2,0
10617,7,0,0
10617,7,1,0
10617,7,2,0
10618,1,0,0
10618,2,1,0
10618,3,0,0
10618,3,1,0
10618,4,2,0
10618,5,0,0
10618,5,2,0
10618,6,1,0
10618,6,2,0
10618,7,0,0
10618,7,1,0
10618,7,2,0
10619,1,0,0
10619,2,1,0
10619,3,0,0
10619,3,1,0
10619,4,2,0
10619,5,0,0
10619,5,2,0
10619,6,1,0
10619,6,2,0
10619,7,0,0
10619,7,1,0
10619,7,2,0
10620,1,0,0
10620,2,1,0
10620,3,0,0
10620,3,1,0
10620,4,2,0
10620,5,0,0
10620,5,2,0
10620,6,1,0
10620,6,2,0
10620,7,0,0
10620,7,1,0
10620,7,2,0
10621,1,0,0
10621,2,1,0
10621,3,0,0
10621,3,1,0
10621,4,2,0
10621,5,0,0
10621,5,2,0
10621,6,1,0
10621,6,2,0
10621,7,0,0
10621,7,1,0
10621,7,2,0
10622,1,0,0
10622,2,1,0
10622,3,0,0
10622,3,1,0
10622,4,2,0
10622,5,0,0
10622,5,2,0
10622,6,1,0
10622,6,2,0
10622,7,0,0
10622,7,1,0
10622,7,2,0
10623,1,0,0
10623,2,1,0
10623,3,0,0
10623,3,1,0
10623,4,2,0
10623,5,0,0
10623,5,2,0
10623,6,1,0
10623,6,2,0
10623,7,0,0
10623,7,1,0
10623,7,2,0
10624,1,0,0
10624,2,1,0
10624,3,0,0
10624,3,1,0
10624,4,2,0
10624,5,0,0
10624,5,2,0
10624,6,1,0
10624,6,2,0
10624,7,0,0
10624,7,1,0
10624,7,2,0
10625,1,0,0
10625,2,1,0
10625,3,0,0
10625,3,1,0
10625,4,2,0
10625,5,0,0
10625,5,2,0
10625,6,1,0
10625,6,2,0
10625,7,0,0
10625,7,1,0
10625,7,2,0
10626,1,0,0
10626,2,1,0
10626,3,0,0
10626,3,1,0
10626,4,2,0
10626,5,0,0
10626,5,2,0
10626,6,1,0
10626,6,2,0
10626,7,0,0
10626,7,1,0
10626,7,2,0
10627,1,0,0
10627,2,1,0
10627,3,0,0
10627,3,1,0
10627,4,2,0
10627,5,0,0
10627,5,2,0
10627,6,1,0
10627,6,2,0
10627,7,0,0
10627,7,1,0
10627,7,2,0
10628,1,0,0
10628,2,1,0
10628,3,0,0
10628,3,1,0
10628,4,2,0
10628,5,0,0
10628,5,2,0
10628,6,1,0
10628,6,2,0
10628,7,0,0
10628,7,1,0
10628,7,2,0
10629,1,0,0
10629,2,1,0
10629,3,0,0
10629,3,1,0
10629,4,2,0
10629,5,0,0
10629,5,2,0
10629,6,1,0
10629,6,2,0
10629,7,0,0
10629,7,1,0
10629,7,2,0
10630,1,0,0
10630,2,1,0
10630,3,0,0
10630,3,1,0
10630,4,2,0
10630,5,0,0
10630,5,2,0
10630,6,1,0
10630,6,2,0
10630,7,0,0
10630,7,1,0
10630,7,2,0
10631,1,0,0
10631,2,1,0
10631,3,0,0
10631,3,1,0
10631,4,2,0
10631,5,0,0
10631,5,2,0
10631,6,1,0
10631,6,2,0
10631,7,0,0
10631,7,1,0
10631,7,2,0
10632,1,0,0
10632,2,1,0
10632,3,0,0
10632,3,1,0
10632,4,2,0
10632,5,0,0
10632,5,2,0
10632,6,1,0
10632,6,2,0
10632,7,0,0
10632,7,1,0
10632,7,2,0
10633,1,0,0
10633,2,1,0
10633,3,0,0
10633,3,1,0
10633,4,2,0
10633,5,0,0
10633,5,2,0
10633,6,1,0
10633,6,2,0
10633,7,0,0
10633,7,1,0
10633,7,2,0
10634,1,0,0
10634,2,1,0
10634,3,0,0
10634,3,1,0
10634,4,2,0
10634,5,0,0
10634,5,2,0
10634,6,1,0
10634,6,2,0
10634,7,0,0
10634,7,1,0
10634,7,2,0
10635,1,0,0
10635,2,1,0
10635,3,0,0
10635,3,1,0
10635,4,2,0
10635,5,0,0
10635,5,2,0
10635,6,1,0
10635,6,2,0
10635,7,0,0
10635,7,1,0
10635,7,2,0
10636,1,0,0
10636,2,1,0
10636,3,0,0
10636,3,1,0
10636,4,2,0
10636,5,0,0
10636,5,2,0
10636,6,1,0
10636,6,2,0
10636,7,0,0
10636,7,1,0
10636,7,2,0
10637,1,0,0
10637,2,1,0
10637,3,0,0
10637,3,1,0
10637,4,2,0
10637,5,0,0
10637,5,2,0
10637,6,1,0
10637,6,2,0
10637,7,0,0
10637,7,1,0
10637,7,2,0
10638,1,0,1
10638,2,1,0
10638,3,0,1
10638,3,1,0
10638,4,2,0
10638,5,0,1
10638,5,2,0
10638,6,1,0
10638,6,2,0
10638,7,0,1
10638,7,1,0
10638,7,2,0
10639,1,0,1
10639,2,1,0
10639,3,0,1
10639,3,1,0
10639,4,2,0
10639,5,0,1
10639,5,2,0
10639,6,1,0
10639,6,2,0
10639,7,0,1
10639,7,1,0
10639,7,2,0
10640,1,0,0
10640,2,1,0
10640,3,0,0
10640,3,1,0
10640,4,2,0
10640,5,0,0
10640,5,2,0
10640,6,1,0
10640,6,2,0
10640,7,0,0
10640,7,1,0
10640,7,2,0
10641,1,0,0
10641,2,1,0
10641,3,0,0
10641,3,1,0
10641,4,2,0
10641,5,0,0
10641,5,2,0
10641,6,1,0
10641,6,2,0
10641,7,0,0
10641,7,1,0
10641,7,2,0
10642,1,0,0
10642,2,1,0
10642,3,0,0
10642,3,1,0
10642,4,2,0
10642,5,0,0
10642,5,2,0
10642,6,1,0
10642,6,2,0
10642,7,0,0
10642,7,1,0
10642,7,2,0
10643,1,0,0
10643,2,1,0
10643,3,0,0
10643,3,1,0
10643,4,2,0
10643,5,0,0
10643,5,2,0
10643,6,1,0
10643,6,2,0
10643,7,0,0
10643,7,1,0
10643,7,2,0
10644,1,0,0
10644,2,1,0
10644,3,0,0
10644,3,1,0
10644,4,2,0
10644,5,0,0
10644,5,2,0
10644,6,1,0
10644,6,2,0
10644,7,0,0
10644,7,1,0
10644,7,2,0
10645,1,0,0
10645,2,1,0
10645,3,0,0
10645,3,1,0
10645,4,2,0
10645,5,0,0
10645,5,2,0
10645,6,1,0
10645,6,2,0
10645,7,0,0
10645,7,1,0
10645,7,2,0
10646,1,0,0
10646,2,1,0
10646,3,0,0
10646,3,1,0
10646,4,2,0
10646,5,0,0
10646,5,2,0
10646,6,1,0
10646,6,2,0
10646,7,0,0
10646,7,1,0
10646,7,2,0
10647,1,0,0
10647,2,1,0
10647,3,0,0
10647,3,1,0
10647,4,2,0
10647,5,0,0
10647,5,2,0
10647,6,1,0
10647,6,2,0
10647,7,0,0
10647,7,1,0
10647,7,2,0
10648,1,0,0
10648,2,1,0
10648,3,0,0
10648,3,1,0
10648,4,2,0
10648,5,0,0
10648,5,2,0
10648,6,1,0
10648,6,2,0
10648,7,0,0
10648,7,1,0
10648,7,2,0
10649,1,0,0
10649,2,1,0
10649,3,0,0
10649,3,1,0
10649,4,2,0
10649,5,0,0
10649,5,2,0
10649,6,1,0
10649,6,2,0
10649,7,0,0
10649,7,1,0
10649,7,2,0
10650,1,0,0
10650,2,1,0
10650,3,0,0
10650,3,1,0
10650,4,2,0
10650,5,0,0
10650,5,2,0
10650,6,1,0
10650,6,2,0
10650,7,0,0
10650,7,1,0
10650,7,2,0
10651,1,0,0
10651,2,1,0
10651,3,0,0
10651,3,1,0
10651,4,2,0
10651,5,0,0
10651,5,2,0
10651,6,1,0
10651,6,2,0
10651,7,0,0
10651,7,1,0
10651,7,2,0
10652,1,0,0
10652,2,1,0
10652,3,0,0
10652,3,1,0
10652,4,2,0
10652,5,0,0
10652,5,2,0
10652,6,1,0
10652,6,2,0
10652,7,0,0
10652,7,1,0
10652,7,2,0
10653,1,0,0
10653,2,1,0
10653,3,0,0
10653,3,1,0
10653,4,2,0
10653,5,0,0
10653,5,2,0
10653,6,1,0
10653,6,2,0
10653,7,0,0
10653,7,1,0
10653,7,2,0
10654,1,0,0
10654,2,1,0
10654,3,0,0
10654,3,1,0
10654,4,2,0
10654,5,0,0
10654,5,2,0
10654,6,1,0
10654,6,2,0
10654,7,0,0
10654,7,1,0
10654,7,2,0
10655,1,0,0
10655,2,1,0
10655,3,0,0
10655,3,1,0
10655,4,2,0
10655,5,0,0
10655,5,2,0
10655,6,1,0
10655,6,2,0
10655,7,0,0
10655,7,1,0
10655,7,2,0
10656,1,0,0
10656,2,1,0
10656,3,0,0
10656,3,1,0
10656,4,2,0
10656,5,0,0
10656,5,2,0
10656,6,1,0
10656,6,2,0
10656,7,0,0
10656,7,1,0
10656,7,2,0
10657,1,0,0
10657,2,1,0
10657,3,0,0
10657,3,1,0
10657,4,2,0
10657,5,0,0
10657,5,2,0
10657,6,1,0
10657,6,2,0
10657,7,0,0
10657,7,1,0
10657,7,2,0
10658,1,0,0
10658,2,1,0
10658,3,0,0
10658,3,1,0
10658,4,2,0
10658,5,0,0
10658,5,2,0
10658,6,1,0
10658,6,2,0
10658,7,0,0
10658,7,1,0
10658,7,2,0
10659,1,0,0
10659,2,1,0
10659,3,0,0
10659,3,1,0
10659,4,2,0
10659,5,0,0
10659,5,2,0
10659,6,1,0
10659,6,2,0
10659,7,0,0
10659,7,1,0
10659,7,2,0
10660,1,0,0
10660,2,1,0
10660,3,0,0
10660,3,1,0
10660,4,2,0
10660,5,0,0
10660,5,2,0
10660,6,1,0
10660,6,2,0
10660,7,0,0
10660,7,1,0
10660,7,2,0
10661,1,0,0
10661,2,1,0
10661,3,0,0
10661,3,1,0
10661,4,2,0
10661,5,0,0
10661,5,2,0
10661,6,1,0
10661,6,2,0
10661,7,0,0
10661,7,1,0
10661,7,2,0
10662,1,0,0
10662,2,1,0
10662,3,0,0
10662,3,1,0
10662,4,2,0
10662,5,0,0
10662,5,2,0
10662,6,1,0
10662,6,2,0
10662,7,0,0
10662,7,1,0
10662,7,2,0
10663,1,0,0
10663,2,1,0
10663,3,0,0
10663,3,1,0
10663,4,2,0
10663,5,0,0
10663,5,2,0
10663,6,1,0
10663,6,2,0
10663,7,0,0
10663,7,1,0
10663,7,2,0
10664,1,0,0
10664,2,1,0
10664,3,0,0
10664,3,1,0
10664,4,2,0
10664,5,0,0
10664,5,2,0
10664,6,1,0
10664,6,2,0
10664,7,0,0
10664,7,1,0
10664,7,2,0
10665,1,0,1
10665,2,1,0
10665,3,0,1
10665,3,1,0
10665,4,2,0
10665,5,0,1
10665,5,2,0
10665,6,1,0
10665,6,2,0
10665,7,0,1
10665,7,1,0
10665,7,2,0
10666,1,0,1
10666,2,1,0
10666,3,0,1
10666,3,1,0
10666,4,2,0
10666,5,0,1
10666,5,2,0
10666,6,1,0
10666,6,2,0
10666,7,0,1
10666,7,1,0
10666,7,2,0
10667,1,0,0
10667,2,1,0
10667,3,0,0
10667,3,1,0
10667,4,2,0
10667,5,0,0
10667,5,2,0
10667,6,1,0
10667,6,2,0
10667,7,0,0
10667,7,1,0
10667,7,2,0
10668,1,0,0
10668,2,1,0
10668,3,0,0
10668,3,1,0
10668,4,2,0
10668,5,0,0
10668,5,2,0
10668,6,1,0
10668,6,2,0
10668,7,0,0
10668,7,1,0
10668,7,2,0
10669,1,0,0
10669,2,1,0
10669,3,0,0
10669,3,1,0
10669,4,2,0
10669,5,0,0
10669,5,2,0
10669,6,1,0
10669,6,2,0
10669,7,0,0
10669,7,1,0
10669,7,2,0
10670,1,0,0
10670,2,1,0
10670,3,0,0
10670,3,1,0
10670,4,2,0
10670,5,0,0
10670,5,2,0
10670,6,1,0
10670,6,2,0
10670,7,0,0
10670,7,1,0
10670,7,2,0
10671,1,0,0
10671,2,1,0
10671,3,0,0
10671,3,1,0
10671,4,2,0
10671,5,0,0
10671,5,2,0
10671,6,1,0
10671,6,2,0
10671,7,0,0
10671,7,1,0
10671,7,2,0
10672,1,0,0
10672,2,1,0
10672,3,0,0
10672,3,1,0
10672,4,2,0
10672,5,0,0
10672,5,2,0
10672,6,1,0
10672,6,2,0
10672,7,0,0
10672,7,1,0
10672,7,2,0
10673,1,0,0
10673,2,1,0
10673,3,0,0
10673,3,1,0
10673,4,2,0
10673,5,0,0
10673,5,2,0
10673,6,1,0
10673,6,2,0
10673,7,0,0
10673,7,1,0
10673,7,2,0
10674,1,0,0
10674,2,1,0
10674,3,0,0
10674,3,1,0
10674,4,2,0
10674,5,0,0
10674,5,2,0
10674,6,1,0
10674,6,2,0
10674,7,0,0
10674,7,1,0
10674,7,2,0
10675,1,0,0
10675,2,1,0
10675,3,0,0
10675,3,1,0
10675,4,2,0
10675,5,0,0
10675,5,2,0
10675,6,1,0
10675,6,2,0
10675,7,0,0
10675,7,1,0
10675,7,2,0
10676,1,0,0
10676,2,1,0
10676,3,0,0
10676,3,1,0
10676,4,2,0
10676,5,0,0
10676,5,2,0
10676,6,1,0
10676,6,2,0
10676,7,0,0
10676,7,1,0
10676,7,2,0
10677,1,0,0
10677,2,1,0
10677,3,0,0
10677,3,1,0
10677,4,2,0
10677,5,0,0
10677,5,2,0
10677,6,1,0
10677,6,2,0
10677,7,0,0
10677,7,1,0
10677,7,2,0
10678,1,0,0
10678,2,1,0
10678,3,0,0
10678,3,1,0
10678,4,2,0
10678,5,0,0
10678,5,2,0
10678,6,1,0
10678,6,2,0
10678,7,0,0
10678,7,1,0
10678,7,2,0
10679,1,0,0
10679,2,1,0
10679,3,0,0
10679,3,1,0
10679,4,2,0
10679,5,0,0
10679,5,2,0
10679,6,1,0
10679,6,2,0
10679,7,0,0
10679,7,1,0
10679,7,2,0
10680,1,0,0
10680,2,1,0
10680,3,0,0
10680,3,1,0
10680,4,2,0
10680,5,0,0
10680,5,2,0
10680,6,1,0
10680,6,2,0
10680,7,0,0
10680,7,1,0
10680,7,2,0
10681,1,0,0
10681,2,1,0
10681,3,0,0
10681,3,1,0
10681,4,2,0
10681,5,0,0
10681,5,2,0
10681,6,1,0
10681,6,2,0
10681,7,0,0
10681,7,1,0
10681,7,2,0
10682,1,0,0
10682,2,1,0
10682,3,0,0
10682,3,1,0
10682,4,2,0
10682,5,0,0
10682,5,2,0
10682,6,1,0
10682,6,2,0
10682,7,0,0
10682,7,1,0
10682,7,2,0
10683,1,0,0
10683,2,1,0
10683,3,0,0
10683,3,1,0
10683,4,2,0
10683,5,0,0
10683,5,2,0
10683,6,1,0
10683,6,2,0
10683,7,0,0
10683,7,1,0
10683,7,2,0
10684,1,0,0
10684,2,1,0
10684,3,0,0
10684,3,1,0
10684,4,2,0
10684,5,0,0
10684,5,2,0
10684,6,1,0
10684,6,2,0
10684,7,0,0
10684,7,1,0
10684,7,2,0
10685,1,0,0
10685,2,1,0
10685,3,0,0
10685,3,1,0
10685,4,2,0
10685,5,0,0
10685,5,2,0
10685,6,1,0
10685,6,2,0
10685,7,0,0
10685,7,1,0
10685,7,2,0
10686,1,0,0
10686,2,1,0
10686,3,0,0
10686,3,1,0
10686,4,2,0
10686,5,0,0
10686,5,2,0
10686,6,1,0
10686,6,2,0
10686,7,0,0
10686,7,1,0
10686,7,2,0
10687,1,0,0
10687,2,1,0
10687,3,0,0
10687,3,1,0
10687,4,2,0
10687,5,0,0
10687,5,2,0
10687,6,1,0
10687,6,2,0
10687,7,0,0
10687,7,1,0
10687,7,2,0
10688,1,0,0
10688,2,1,0
10688,3,0,0
10688,3,1,0
10688,4,2,0
10688,5,0,0
10688,5,2,0
10688,6,1,0
10688,6,2,0
10688,7,0,0
10688,7,1,0
10688,7,2,0
10689,1,0,0
10689,2,1,0
10689,3,0,0
10689,3,1,0
10689,4,2,0
10689,5,0,0
10689,5,2,0
10689,6,1,0
10689,6,2,0
10689,7,0,0
10689,7,1,0
10689,7,2,0
10690,1,0,0
10690,2,1,0
10690,3,0,0
10690,3,1,0
10690,4,2,0
10690,5,0,0
10690,5,2,0
10690,6,1,0
10690,6,2,0
10690,7,0,0
10690,7,1,0
10690,7,2,0
10691,1,0,0
10691,2,1,0
10691,3,0,0
10691,3,1,0
10691,4,2,0
10691,5,0,0
10691,5,2,0
10691,6,1,0
10691,6,2,0
10691,7,0,0
10691,7,1,0
10691,7,2,0
10692,1,0,1
10692,2,1,0
10692,3,0,1
10692,3,1,0
10692,4,2,0
10692,5,0,1
10692,5,2,0
10692,6,1,0
10692,6,2,0
10692,7,0,1
10692,7,1,0
10692,7,2,0
10693,1,0,1
10693,2,1,0
10693,3,0,1
10693,3,1,0
10693,4,2,0
10693,5,0,1
10693,5,2,0
10693,6,1,0
10693,6,2,0
10693,7,0,1
10693,7,1,0
10693,7,2,0
10694,1,0,0
10694,2,1,0
10694,3,0,0
10694,3,1,0
10694,4,2,0
10694,5,0,0
10694,5,2,0
10694,6,1,0
10694,6,2,0
10694,7,0,0
10694,7,1,0
10694,7,2,0
10695,1,0,0
10695,2,1,0
10695,3,0,0
10695,3,1,0
10695,4,2,0
10695,5,0,0
10695,5,2,0
10695,6,1,0
10695,6,2,0
10695,7,0,0
10695,7,1,0
10695,7,2,0
10696,1,0,0
10696,2,1,0
10696,3,0,0
10696,3,1,0
10696,4,2,0
10696,5,0,0
10696,5,2,0
10696,6,1,0
10696,6,2,0
10696,7,0,0
10696,7,1,0
10696,7,2,0
10697,1,0,0
10697,2,1,0
10697,3,0,0
10697,3,1,0
10697,4,2,0
10697,5,0,0
10697,5,2,0
10697,6,1,0
10697,6,2,0
10697,7,0,0
10697,7,1,0
10697,7,2,0
10698,1,0,0
10698,2,1,0
10698,3,0,0
10698,3,1,0
10698,4,2,0
10698,5,0,0
10698,5,2,0
10698,6,1,0
10698,6,2,0
10698,7,0,0
10698,7,1,0
10698,7,2,0
10699,1,0,0
10699,2,1,0
10699,3,0,0
10699,3,1,0
10699,4,2,0
10699,5,0,0
10699,5,2,0
10699,6,1,0
10699,6,2,0
10699,7,0,0
10699,7,1,0
10699,7,2,0
10700,1,0,0
10700,2,1,0
10700,3,0,0
10700,3,1,0
10700,4,2,0
10700,5,0,0
10700,5,2,0
10700,6,1,0
10700,6,2,0
10700,7,0,0
10700,7,1,0
10700,7,2,0
10701,1,0,0
10701,2,1,0
10701,3,0,0
10701,3,1,0
10701,4,2,0
10701,5,0,0
10701,5,2,0
10701,6,1,0
10701,6,2,0
10701,7,0,0
10701,7,1,0
10701,7,2,0
10702,1,0,0
10702,2,1,0
10702,3,0,0
10702,3,1,0
10702,4,2,0
10702,5,0,0
10702,5,2,0
10702,6,1,0
10702,6,2,0
10702,7,0,0
10702,7,1,0
10702,7,2,0
10703,1,0,0
10703,2,1,0
10703,3,0,0
10703,3,1,0
10703,4,2,0
10703,5,0,0
10703,5,2,0
10703,6,1,0
10703,6,2,0
10703,7,0,0
10703,7,1,0
10703,7,2,0
10704,1,0,0
10704,2,1,0
10704,3,0,0
10704,3,1,0
10704,4,2,0
10704,5,0,0
10704,5,2,0
10704,6,1,0
10704,6,2,0
10704,7,0,0
10704,7,1,0
10704,7,2,0
10705,1,0,0
10705,2,1,0
10705,3,0,0
10705,3,1,0
10705,4,2,0
10705,5,0,0
10705,5,2,0
10705,6,1,0
10705,6,2,0
10705,7,0,0
10705,7,1,0
10705,7,2,0
10706,1,0,0
10706,2,1,0
10706,3,0,0
10706,3,1,0
10706,4,2,0
10706,5,0,0
10706,5,2,0
10706,6,1,0
10706,6,2,0
10706,7,0,0
10706,7,1,0
10706,7,2,0
10707,1,0,0
10707,2,1,0
10707,3,0,0
10707,3,1,0
10707,4,2,0
10707,5,0,0
10707,5,2,0
10707,6,1,0
10707,6,2,0
10707,7,0,0
10707,7,1,0
10707,7,2,0
10708,1,0,0
10708,2,1,0
10708,3,0,0
10708,3,1,0
10708,4,2,0
10708,5,0,0
10708,5,2,0
10708,6,1,0
10708,6,2,0
10708,7,0,0
10708,7,1,0
10708,7,2,0
10709,1,0,0
10709,2,1,0
10709,3,0,0
10709,3,1,0
10709,4,2,0
10709,5,0,0
10709,5,2,0
10709,6,1,0
10709,6,2,0
10709,7,0,0
10709,7,1,0
10709,7,2,0
10710,1,0,0
10710,2,1,0
10710,3,0,0
10710,3,1,0
10710,4,2,0
10710,5,0,0
10710,5,2,0
10710,6,1,0
10710,6,2,0
10710,7,0,0
10710,7,1,0
10710,7,2,0
10711,1,0,0
10711,2,1,0
10711,3,0,0
10711,3,1,0
10711,4,2,0
10711,5,0,0
10711,5,2,0
10711,6,1,0
10711,6,2,0
10711,7,0,0
10711,7,1,0
10711,7,2,0
10712,1,0,0
10712,2,1,0
10712,3,0,0
10712,3,1,0
10712,4,2,0
10712,5,0,0
10712,5,2,0
10712,6,1,0
10712,6,2,0
10712,7,0,0
10712,7,1,0
10712,7,2,0
10713,1,0,0
10713,2,1,0
10713,3,0,0
10713,3,1,0
10713,4,2,0
10713,5,0,0
10713,5,2,0
10713,6,1,0
10713,6,2,0
10713,7,0,0
10713,7,1,0
10713,7,2,0
10714,1,0,0
10714,2,1,0
10714,3,0,0
10714,3,1,0
10714,4,2,0
10714,5,0,0
10714,5,2,0
10714,6,1,0
10714,6,2,0
10714,7,0,0
10714,7,1,0
10714,7,2,0
10715,1,0,0
10715,2,1,0
10715,3,0,0
10715,3,1,0
10715,4,2,0
10715,5,0,0
10715,5,2,0
10715,6,1,0
10715,6,2,0
10715,7,0,0
10715,7,1,0
10715,7,2,0
10716,1,0,0
10716,2,1,0
10716,3,0,0
10716,3,1,0
10716,4,2,0
10716,5,0,0
10716,5,2,0
10716,6,1,0
10716,6,2,0
10716,7,0,0
10716,7,1,0
10716,7,2,0
10717,1,0,0
10717,2,1,0
10717,3,0,0
10717,3,1,0
10717,4,2,0
10717,5,0,0
10717,5,2,0
10717,6,1,0
10717,6,2,0
10717,7,0,0
10717,7,1,0
10717,7,2,0
10718,1,0,0
10718,2,1,0
10718,3,0,0
10718,3,1,0
10718,4,2,0
10718,5,0,0
10718,5,2,0
10718,6,1,0
10718,6,2,0
10718,7,0,0
10718,7,1,0
10718,7,2,0
10719,1,0,1
10719,2,1,0
10719,3,0,1
10719,3,1,0
10719,4,2,0
10719,5,0,1
10719,5,2,0
10719,6,1,0
10719,6,2,0
10719,7,0,1
10719,7,1,0
10719,7,2,0
10720,1,0,1
10720,2,1,0
10720,3,0,1
10720,3,1,0
10720,4,2,0
10720,5,0,1
10720,5,2,0
10720,6,1,0
10720,6,2,0
10720,7,0,1
10720,7,1,0
10720,7,2,0
10721,1,0,0
10721,2,1,0
10721,3,0,0
10721,3,1,0
10721,4,2,0
10721,5,0,0
10721,5,2,0
10721,6,1,0
10721,6,2,0
10721,7,0,0
10721,7,1,0
10721,7,2,0
10722,1,0,0
10722,2,1,0
10722,3,0,0
10722,3,1,0
10722,4,2,0
10722,5,0,0
10722,5,2,0
10722,6,1,0
10722,6,2,0
10722,7,0,0
10722,7,1,0
10722,7,2,0
10723,1,0,0
10723,2,1,0
10723,3,0,0
10723,3,1,0
10723,4,2,0
10723,5,0,0
10723,5,2,0
10723,6,1,0
10723,6,2,0
10723,7,0,0
10723,7,1,0
10723,7,2,0
10724,1,0,0
10724,2,1,0
10724,3,0,0
10724,3,1,0
10724,4,2,0
10724,5,0,0
10724,5,2,0
10724,6,1,0
10724,6,2,0
10724,7,0,0
10724,7,1,0
10724,7,2,0
10725,1,0,0
10725,2,1,0
10725,3,0,0
10725,3,1,0
10725,4,2,0
10725,5,0,0
10725,5,2,0
10725,6,1,0
10725,6,2,0
10725,7,0,0
10725,7,1,0
10725,7,2,0
10726,1,0,0
10726,2,1,0
10726,3,0,0
10726,3,1,0
10726,4,2,0
10726,5,0,0
10726,5,2,0
10726,6,1,0
10726,6,2,0
10726,7,0,0
10726,7,1,0
10726,7,2,0
10727,1,0,0
10727,2,1,0
10727,3,0,0
10727,3,1,0
10727,4,2,0
10727,5,0,0
10727,5,2,0
10727,6,1,0
10727,6,2,0
10727,7,0,0
10727,7,1,0
10727,7,2,0
10728,1,0,0
10728,2,1,0
10728,3,0,0
10728,3,1,0
10728,4,2,0
10728,5,0,0
10728,5,2,0
10728,6,1,0
10728,6,2,0
10728,7,0,0
10728,7,1,0
10728,7,2,0
10729,1,0,0
10729,2,1,0
10729,3,0,0
10729,3,1,0
10729,4,2,0
10729,5,0,0
10729,5,2,0
10729,6,1,0
10729,6,2,0
10729,7,0,0
10729,7,1,0
10729,7,2,0
10730,1,0,0
10730,2,1,0
10730,3,0,0
10730,3,1,0
10730,4,2,0
10730,5,0,0
10730,5,2,0
10730,6,1,0
10730,6,2,0
10730,7,0,0
10730,7,1,0
10730,7,2,0
10731,1,0,0
10731,2,1,0
10731,3,0,0
10731,3,1,0
10731,4,2,0
10731,5,0,0
10731,5,2,0
10731,6,1,0
10731,6,2,0
10731,7,0,0
10731,7,1,0
10731,7,2,0
10732,1,0,0
10732,2,1,0
10732,3,0,0
10732,3,1,0
10732,4,2,0
10732,5,0,0
10732,5,2,0
10732,6,1,0
10732,6,2,0
10732,7,0,0
10732,7,1,0
10732,7,2,0
10733,1,0,0
10733,2,1,0
10733,3,0,0
10733,3,1,0
10733,4,2,0
10733,5,0,0
10733,5,2,0
10733,6,1,0
10733,6,2,0
10733,7,0,0
10733,7,1,0
10733,7,2,0
10734,1,0,0
10734,2,1,0
10734,3,0,0
10734,3,1,0
10734,4,2,0
10734,5,0,0
10734,5,2,0
10734,6,1,0
10734,6,2,0
10734,7,0,0
10734,7,1,0
10734,7,2,0
10735,1,0,0
10735,2,1,0
10735,3,0,0
10735,3,1,0
10735,4,2,0
10735,5,0,0
10735,5,2,0
10735,6,1,0
10735,6,2,0
10735,7,0,0
10735,7,1,0
10735,7,2,0
10736,1,0,0
10736,2,1,0
10736,3,0,0
10736,3,1,0
10736,4,2,0
10736,5,0,0
10736,5,2,0
10736,6,1,0
10736,6,2,0
10736,7,0,0
10736,7,1,0
10736,7,2,0
10737,1,0,0
10737,2,1,0
10737,3,0,0
10737,3,1,0
10737,4,2,0
10737,5,0,0
10737,5,2,0
10737,6,1,0
10737,6,2,0
10737,7,0,0
10737,7,1,0
10737,7,2,0
10738,1,0,0
10738,2,1,0
10738,3,0,0
10738,3,1,0
10738,4,2,0
10738,5,0,0
10738,5,2,0
10738,6,1,0
10738,6,2,0
10738,7,0,0
10738,7,1,0
10738,7,2,0
10739,1,0,0
10739,2,1,0
10739,3,0,0
10739,3,1,0
10739,4,2,0
10739,5,0,0
10739,5,2,0
10739,6,1,0
10739,6,2,0
10739,7,0,0
10739,7,1,0
10739,7,2,0
10740,1,0,0
10740,2,1,0
10740,3,0,0
10740,3,1,0
10740,4,2,0
10740,5,0,0
10740,5,2,0
10740,6,1,0
10740,6,2,0
10740,7,0,0
10740,7,1,0
10740,7,2,0
10741,1,0,0
10741,2,1,0
10741,3,0,0
10741,3,1,0
10741,4,2,0
10741,5,0,0
10741,5,2,0
10741,6,1,0
10741,6,2,0
10741,7,0,0
10741,7,1,0
10741,7,2,0
10742,1,0,0
10742,2,1,0
10742,3,0,0
10742,3,1,0
10742,4,2,0
10742,5,0,0
10742,5,2,0
10742,6,1,0
10742,6,2,0
10742,7,0,0
10742,7,1,0
10742,7,2,0
10743,1,0,0
10743,2,1,0
10743,3,0,0
10743,3,1,0
10743,4,2,0
10743,5,0,0
10743,5,2,0
10743,6,1,0
10743,6,2,0
10743,7,0,0
10743,7,1,0
10743,7,2,0
10744,1,0,0
10744,2,1,0
10744,3,0,0
10744,3,1,0
10744,4,2,0
10744,5,0,0
10744,5,2,0
10744,6,1,0
10744,6,2,0
10744,7,0,0
10744,7,1,0
10744,7,2,0
10745,1,0,0
10745,2,1,0
10745,3,0,0
10745,3,1,0
10745,4,2,0
10745,5,0,0
10745,5,2,0
10745,6,1,0
10745,6,2,0
10745,7,0,0
10745,7,1,0
10745,7,2,0
10746,1,0,1
10746,2,1,0
10746,3,0,1
10746,3,1,0
10746,4,2,0
10746,5,0,1
10746,5,2,0
10746,6,1,0
10746,6,2,0
10746,7,0,1
10746,7,1,0
10746,7,2,0
10747,1,0,1
10747,2,1,0
10747,3,0,1
10747,3,1,0
10747,4,2,0
10747,5,0,1
10747,5,2,0
10747,6,1,0
10747,6,2,0
10747,7,0,1
10747,7,1,0
10747,7,2,0
10748,1,0,0
10748,2,1,0
10748,3,0,0
10748,3,1,0
10748,4,2,0
10748,5,0,0
10748,5,2,0
10748,6,1,0
10748,6,2,0
10748,7,0,0
10748,7,1,0
10748,7,2,0
10749,1,0,0
10749,2,1,0
10749,3,0,0
10749,3,1,0
10749,4,2,0
10749,5,0,0
10749,5,2,0
10749,6,1,0
10749,6,2,0
10749,7,0,0
10749,7,1,0
10749,7,2,0
10750,1,0,0
10750,2,1,0
10750,3,0,0
10750,3,1,0
10750,4,2,0
10750,5,0,0
10750,5,2,0
10750,6,1,0
10750,6,2,0
10750,7,0,0
10750,7,1,0
10750,7,2,0
10751,1,0,0
10751,2,1,0
10751,3,0,0
10751,3,1,0
10751,4,2,0
10751,5,0,0
10751,5,2,0
10751,6,1,0
10751,6,2,0
10751,7,0,0
10751,7,1,0
10751,7,2,0
10752,1,0,0
10752,2,1,0
10752,3,0,0
10752,3,1,0
10752,4,2,0
10752,5,0,0
10752,5,2,0
10752,6,1,0
10752,6,2,0
10752,7,0,0
10752,7,1,0
10752,7,2,0
10753,1,0,0
10753,2,1,0
10753,3,0,0
10753,3,1,0
10753,4,2,0
10753,5,0,0
10753,5,2,0
10753,6,1,0
10753,6,2,0
10753,7,0,0
10753,7,1,0
10753,7,2,0
10754,1,0,0
10754,2,1,0
10754,3,0,0
10754,3,1,0
10754,4,2,0
10754,5,0,0
10754,5,2,0
10754,6,1,0
10754,6,2,0
10754,7,0,0
10754,7,1,0
10754,7,2,0
10755,1,0,0
10755,2,1,0
10755,3,0,0
10755,3,1,0
10755,4,2,0
10755,5,0,0
10755,5,2,0
10755,6,1,0
10755,6,2,0
10755,7,0,0
10755,7,1,0
10755,7,2,0
10756,1,0,0
10756,2,1,0
10756,3,0,0
10756,3,1,0
10756,4,2,0
10756,5,0,0
10756,5,2,0
10756,6,1,0
10756,6,2,0
10756,7,0,0
10756,7,1,0
10756,7,2,0
10757,1,0,0
10757,2,1,0
10757,3,0,0
10757,3,1,0
10757,4,2,0
10757,5,0,0
10757,5,2,0
10757,6,1,0
10757,6,2,0
10757,7,0,0
10757,7,1,0
10757,7,2,0
10758,1,0,0
10758,2,1,0
10758,3,0,0
10758,3,1,0
10758,4,2,0
10758,5,0,0
10758,5,2,0
10758,6,1,0
10758,6,2,0
10758,7,0,0
10758,7,1,0
10758,7,2,0
10759,1,0,0
10759,2,1,0
10759,3,0,0
10759,3,1,0
10759,4,2,0
10759,5,0,0
10759,5,2,0
10759,6,1,0
10759,6,2,0
10759,7,0,0
10759,7,1,0
10759,7,2,0
10760,1,0,0
10760,2,1,0
10760,3,0,0
10760,3,1,0
10760,4,2,0
10760,5,0,0
10760,5,2,0
10760,6,1,0
10760,6,2,0
10760,7,0,0
10760,7,1,0
10760,7,2,0
10761,1,0,0
10761,2,1,0
10761,3,0,0
10761,3,1,0
10761,4,2,0
10761,5,0,0
10761,5,2,0
10761,6,1,0
10761,6,2,0
10761,7,0,0
10761,7,1,0
10761,7,2,0
10762,1,0,0
10762,2,1,0
10762,3,0,0
10762,3,1,0
10762,4,2,0
10762,5,0,0
10762,5,2,0
10762,6,1,0
10762,6,2,0
10762,7,0,0
10762,7,1,0
10762,7,2,0
10763,1,0,0
10763,2,1,0
10763,3,0,0
10763,3,1,0
10763,4,2,0
10763,5,0,0
10763,5,2,0
10763,6,1,0
10763,6,2,0
10763,7,0,0
10763,7,1,0
10763,7,2,0
10764,1,0,0
10764,2,1,0
10764,3,0,0
10764,3,1,0
10764,4,2,0
10764,5,0,0
10764,5,2,0
10764,6,1,0
10764,6,2,0
10764,7,0,0
10764,7,1,0
10764,7,2,0
10765,1,0,0
10765,2,1,0
10765,3,0,0
10765,3,1,0
10765,4,2,0
10765,5,0,0
10765,5,2,0
10765,6,1,0
10765,6,2,0
10765,7,0,0
10765,7,1,0
10765,7,2,0
10766,1,0,0
10766,2,1,0
10766,3,0,0
10766,3,1,0
10766,4,2,0
10766,5,0,0
10766,5,2,0
10766,6,1,0
10766,6,2,0
10766,7,0,0
10766,7,1,0
10766,7,2,0
10767,1,0,0
10767,2,1,0
10767,3,0,0
10767,3,1,0
10767,4,2,0
10767,5,0,0
10767,5,2,0
10767,6,1,0
10767,6,2,0
10767,7,0,0
10767,7,1,0
10767,7,2,0
10768,1,0,0
10768,2,1,0
10768,3,0,0
10768,3,1,0
10768,4,2,0
10768,5,0,0
10768,5,2,0
10768,6,1,0
10768,6,2,0
10768,7,0,0
10768,7,1,0
10768,7,2,0
10769,1,0,0
10769,2,1,0
10769,3,0,0
10769,3,1,0
10769,4,2,0
10769,5,0,0
10769,5,2,0
10769,6,1,0
10769,6,2,0
10769,7,0,0
10769,7,1,0
10769,7,2,0
10770,1,0,0
10770,2,1,0
10770,3,0,0
10770,3,1,0
10770,4,2,0
10770,5,0,0
10770,5,2,0
10770,6,1,0
10770,6,2,0
10770,7,0,0
10770,7,1,0
10770,7,2,0
10771,1,0,0
10771,2,1,0
10771,3,0,0
10771,3,1,0
10771,4,2,0
10771,5,0,0
10771,5,2,0
10771,6,1,0
10771,6,2,0
10771,7,0,0
10771,7,1,0
10771,7,2,0
10772,1,0,0
10772,2,1,0
10772,3,0,0
10772,3,1,0
10772,4,2,0
10772,5,0,0
10772,5,2,0
10772,6,1,0
10772,6,2,0
10772,7,0,0
10772,7,1,0
10772,7,2,0
10773,1,0,1
10773,2,1,0
10773,3,0,1
10773,3,1,0
10773,4,2,0
10773,5,0,1
10773,5,2,0
10773,6,1,0
10773,6,2,0
10773,7,0,1
10773,7,1,0
10773,7,2,0
10774,1,0,1
10774,2,1,0
10774,3,0,1
10774,3,1,0
10774,4,2,0
10774,5,0,1
10774,5,2,0
10774,6,1,0
10774,6,2,0
10774,7,0,1
10774,7,1,0
10774,7,2,0
10775,1,0,0
10775,2,1,0
10775,3,0,0
10775,3,1,0
10775,4,2,0
10775,5,0,0
10775,5,2,0
10775,6,1,0
10775,6,2,0
10775,7,0,0
10775,7,1,0
10775,7,2,0
10776,1,0,0
10776,2,1,0
10776,3,0,0
10776,3,1,0
10776,4,2,0
10776,5,0,0
10776,5,2,0
10776,6,1,0
10776,6,2,0
10776,7,0,0
10776,7,1,0
10776,7,2,0
10777,1,0,0
10777,2,1,0
10777,3,0,0
10777,3,1,0
10777,4,2,0
10777,5,0,0
10777,5,2,0
10777,6,1,0
10777,6,2,0
10777,7,0,0
10777,7,1,0
10777,7,2,0
10778,1,0,0
10778,2,1,0
10778,3,0,0
10778,3,1,0
10778,4,2,0
10778,5,0,0
10778,5,2,0
10778,6,1,0
10778,6,2,0
10778,7,0,0
10778,7,1,0
10778,7,2,0
10779,1,0,0
10779,2,1,0
10779,3,0,0
10779,3,1,0
10779,4,2,0
10779,5,0,0
10779,5,2,0
10779,6,1,0
10779,6,2,0
10779,7,0,0
10779,7,1,0
10779,7,2,0
10780,1,0,0
10780,2,1,0
10780,3,0,0
10780,3,1,0
10780,4,2,0
10780,5,0,0
10780,5,2,0
10780,6,1,0
10780,6,2,0
10780,7,0,0
10780,7,1,0
10780,7,2,0
10781,1,0,0
10781,2,1,0
10781,3,0,0
10781,3,1,0
10781,4,2,0
10781,5,0,0
10781,5,2,0
10781,6,1,0
10781,6,2,0
10781,7,0,0
10781,7,1,0
10781,7,2,0
10782,1,0,0
10782,2,1,0
10782,3,0,0
10782,3,1,0
10782,4,2,0
10782,5,0,0
10782,5,2,0
10782,6,1,0
10782,6,2,0
10782,7,0,0
10782,7,1,0
10782,7,2,0
10783,1,0,0
10783,2,1,0
10783,3,0,0
10783,3,1,0
10783,4,2,0
10783,5,0,0
10783,5,2,0
10783,6,1,0
10783,6,2,0
10783,7,0,0
10783,7,1,0
10783,7,2,0
10784,1,0,0
10784,2,1,0
10784,3,0,0
10784,3,1,0
10784,4,2,0
10784,5,0,0
10784,5,2,0
10784,6,1,0
10784,6,2,0
10784,7,0,0
10784,7,1,0
10784,7,2,0
10785,1,0,0
10785,2,1,0
10785,3,0,0
10785,3,1,0
10785,4,2,0
10785,5,0,0
10785,5,2,0
10785,6,1,0
10785,6,2,0
10785,7,0,0
10785,7,1,0
10785,7,2,0
10786,1,0,0
10786,2,1,0
10786,3,0,0
10786,3,1,0
10786,4,2,0
10786,5,0,0
10786,5,2,0
10786,6,1,0
10786,6,2,0
10786,7,0,0
10786,7,1,0
10786,7,2,0
10787,1,0,0
10787,2,1,0
10787,3,0,0
10787,3,1,0
10787,4,2,0
10787,5,0,0
10787,5,2,0
10787,6,1,0
10787,6,2,0
10787,7,0,0
10787,7,1,0
10787,7,2,0
10788,1,0,0
10788,2,1,0
10788,3,0,0
10788,3,1,0
10788,4,2,0
10788,5,0,0
10788,5,2,0
10788,6,1,0
10788,6,2,0
10788,7,0,0
10788,7,1,0
10788,7,2,0
10789,1,0,0
10789,2,1,0
10789,3,0,0
10789,3,1,0
10789,4,2,0
10789,5,0,0
10789,5,2,0
10789,6,1,0
10789,6,2,0
10789,7,0,0
10789,7,1,0
10789,7,2,0
10790,1,0,0
10790,2,1,0
10790,3,0,0
10790,3,1,0
10790,4,2,0
10790,5,0,0
10790,5,2,0
10790,6,1,0
10790,6,2,0
10790,7,0,0
10790,7,1,0
10790,7,2,0
10791,1,0,0
10791,2,1,0
10791,3,0,0
10791,3,1,0
10791,4,2,0
10791,5,0,0
10791,5,2,0
10791,6,1,0
10791,6,2,0
10791,7,0,0
10791,7,1,0
10791,7,2,0
10792,1,0,0
10792,2,1,0
10792,3,0,0
10792,3,1,0
10792,4,2,0
10792,5,0,0
10792,5,2,0
10792,6,1,0
10792,6,2,0
10792,7,0,0
10792,7,1,0
10792,7,2,0
10793,1,0,0
10793,2,1,0
10793,3,0,0
10793,3,1,0
10793,4,2,0
10793,5,0,0
10793,5,2,0
10793,6,1,0
10793,6,2,0
10793,7,0,0
10793,7,1,0
10793,7,2,0
10794,1,0,0
10794,2,1,0
10794,3,0,0
10794,3,1,0
10794,4,2,0
10794,5,0,0
10794,5,2,0
10794,6,1,0
10794,6,2,0
10794,7,0,0
10794,7,1,0
10794,7,2,0
10795,1,0,0
10795,2,1,0
10795,3,0,0
10795,3,1,0
10795,4,2,0
10795,5,0,0
10795,5,2,0
10795,6,1,0
10795,6,2,0
10795,7,0,0
10795,7,1,0
10795,7,2,0
10796,1,0,0
10796,2,1,0
10796,3,0,0
10796,3,1,0
10796,4,2,0
10796,5,0,0
10796,5,2,0
10796,6,1,0
10796,6,2,0
10796,7,0,0
10796,7,1,0
10796,7,2,0
10797,1,0,0
10797,2,1,0
10797,3,0,0
10797,3,1,0
10797,4,2,0
10797,5,0,0
10797,5,2,0
10797,6,1,0
10797,6,2,0
10797,7,0,0
10797,7,1,0
10797,7,2,0
10798,1,0,0
10798,2,1,0
10798,3,0,0
10798,3,1,0
10798,4,2,0
10798,5,0,0
10798,5,2,0
10798,6,1,0
10798,6,2,0
10798,7,0,0
10798,7,1,0
10798,7,2,0
10799,1,0,0
10799,2,1,0
10799,3,0,0
10799,3,1,0
10799,4,2,0
10799,5,0,0
10799,5,2,0
10799,6,1,0
10799,6,2,0
10799,7,0,0
10799,7,1,0
10799,7,2,0
10800,1,0,1
10800,2,1,0
10800,3,0,1
10800,3,1,0
10800,4,2,0
10800,5,0,1
10800,5,2,0
10800,6,1,0
10800,6,2,0
10800,7,0,1
10800,7,1,0
10800,7,2,0
10801,1,0,1
10801,2,1,0
10801,3,0,1
10801,3,1,0
10801,4,2,0
10801,5,0,1
10801,5,2,0
10801,6,1,0
10801,6,2,0
10801,7,0,1
10801,7,1,0
10801,7,2,0
10802,1,0,0
10802,2,1,0
10802,3,0,0
10802,3,1,0
10802,4,2,0
10802,5,0,0
10802,5,2,0
10802,6,1,0
10802,6,2,0
10802,7,0,0
10802,7,1,0
10802,7,2,0
10803,1,0,0
10803,2,1,0
10803,3,0,0
10803,3,1,0
10803,4,2,0
10803,5,0,0
10803,5,2,0
10803,6,1,0
10803,6,2,0
10803,7,0,0
10803,7,1,0
10803,7,2,0
10804,1,0,0
10804,2,1,0
10804,3,0,0
10804,3,1,0
10804,4,2,0
10804,5,0,0
10804,5,2,0
10804,6,1,0
10804,6,2,0
10804,7,0,0
10804,7,1,0
10804,7,2,0
10805,1,0,0
10805,2,1,0
10805,3,0,0
10805,3,1,0
10805,4,2,0
10805,5,0,0
10805,5,2,0
10805,6,1,0
10805,6,2,0
10805,7,0,0
10805,7,1,0
10805,7,2,0
10806,1,0,0
10806,2,1,0
10806,3,0,0
10806,3,1,0
10806,4,2,0
10806,5,0,0
10806,5,2,0
10806,6,1,0
10806,6,2,0
10806,7,0,0
10806,7,1,0
10806,7,2,0
10807,1,0,0
10807,2,1,0
10807,3,0,0
10807,3,1,0
10807,4,2,0
10807,5,0,0
10807,5,2,0
10807,6,1,0
10807,6,2,0
10807,7,0,0
10807,7,1,0
10807,7,2,0
10808,1,0,0
10808,2,1,0
10808,3,0,0
10808,3,1,0
10808,4,2,0
10808,5,0,0
10808,5,2,0
10808,6,1,0
10808,6,2,0
10808,7,0,0
10808,7,1,0
10808,7,2,0
10809,1,0,0
10809,2,1,0
10809,3,0,0
10809,3,1,0
10809,4,2,0
10809,5,0,0
10809,5,2,0
10809,6,1,0
10809,6,2,0
10809,7,0,0
10809,7,1,0
10809,7,2,0
10810,1,0,0
10810,2,1,0
10810,3,0,0
10810,3,1,0
10810,4,2,0
10810,5,0,0
10810,5,2,0
10810,6,1,0
10810,6,2,0
10810,7,0,0
10810,7,1,0
10810,7,2,0
10811,1,0,0
10811,2,1,0
10811,3,0,0
10811,3,1,0
10811,4,2,0
10811,5,0,0
10811,5,2,0
10811,6,1,0
10811,6,2,0
10811,7,0,0
10811,7,1,0
10811,7,2,0
10812,1,0,0
10812,2,1,0
10812,3,0,0
10812,3,1,0
10812,4,2,0
10812,5,0,0
10812,5,2,0
10812,6,1,0
10812,6,2,0
10812,7,0,0
10812,7,1,0
10812,7,2,0
10813,1,0,0
10813,2,1,0
10813,3,0,0
10813,3,1,0
10813,4,2,0
10813,5,0,0
10813,5,2,0
10813,6,1,0
10813,6,2,0
10813,7,0,0
10813,7,1,0
10813,7,2,0
10814,1,0,0
10814,2,1,0
10814,3,0,0
10814,3,1,0
10814,4,2,0
10814,5,0,0
10814,5,2,0
10814,6,1,0
10814,6,2,0
10814,7,0,0
10814,7,1,0
10814,7,2,0
10815,1,0,0
10815,2,1,0
10815,3,0,0
10815,3,1,0
10815,4,2,0
10815,5,0,0
10815,5,2,0
10815,6,1,0
10815,6,2,0
10815,7,0,0
10815,7,1,0
10815,7,2,0
10816,1,0,0
10816,2,1,0
10816,3,0,0
10816,3,1,0
10816,4,2,0
10816,5,0,0
10816,5,2,0
10816,6,1,0
10816,6,2,0
10816,7,0,0
10816,7,1,0
10816,7,2,0
10817,1,0,0
10817,2,1,0
10817,3,0,0
10817,3,1,0
10817,4,2,0
10817,5,0,0
10817,5,2,0
10817,6,1,0
10817,6,2,0
10817,7,0,0
10817,7,1,0
10817,7,2,0
10818,1,0,0
10818,2,1,0
10818,3,0,0
10818,3,1,0
10818,4,2,0
10818,5,0,0
10818,5,2,0
10818,6,1,0
10818,6,2,0
10818,7,0,0
10818,7,1,0
10818,7,2,0
10819,1,0,0
10819,2,1,0
10819,3,0,0
10819,3,1,0
10819,4,2,0
10819,5,0,0
10819,5,2,0
10819,6,1,0
10819,6,2,0
10819,7,0,0
10819,7,1,0
10819,7,2,0
10820,1,0,0
10820,2,1,0
10820,3,0,0
10820,3,1,0
10820,4,2,0
10820,5,0,0
10820,5,2,0
10820,6,1,0
10820,6,2,0
10820,7,0,0
10820,7,1,0
10820,7,2,0
10821,1,0,0
10821,2,1,0
10821,3,0,0
10821,3,1,0
10821,4,2,0
10821,5,0,0
10821,5,2,0
10821,6,1,0
10821,6,2,0
10821,7,0,0
10821,7,1,0
10821,7,2,0
10822,1,0,0
10822,2,1,0
10822,3,0,0
10822,3,1,0
10822,4,2,0
10822,5,0,0
10822,5,2,0
10822,6,1,0
10822,6,2,0
10822,7,0,0
10822,7,1,0
10822,7,2,0
10823,1,0,0
10823,2,1,0
10823,3,0,0
10823,3,1,0
10823,4,2,0
10823,5,0,0
10823,5,2,0
10823,6,1,0
10823,6,2,0
10823,7,0,0
10823,7,1,0
10823,7,2,0
10824,1,0,0
10824,2,1,0
10824,3,0,0
10824,3,1,0
10824,4,2,0
10824,5,0,0
10824,5,2,0
10824,6,1,0
10824,6,2,0
10824,7,0,0
10824,7,1,0
10824,7,2,0
10825,1,0,0
10825,2,1,0
10825,3,0,0
10825,3,1,0
10825,4,2,0
10825,5,0,0
10825,5,2,0
10825,6,1,0
10825,6,2,0
10825,7,0,0
10825,7,1,0
10825,7,2,0
10826,1,0,0
10826,2,1,0
10826,3,0,0
10826,3,1,0
10826,4,2,0
10826,5,0,0
10826,5,2,0
10826,6,1,0
10826,6,2,0
10826,7,0,0
10826,7,1,0
10826,7,2,0
10827,1,0,1
10827,2,1,0
10827,3,0,1
10827,3,1,0
10827,4,2,0
10827,5,0,1
10827,5,2,0
10827,6,1,0
10827,6,2,0
10827,7,0,1
10827,7,1,0
10827,7,2,0
10828,1,0,1
10828,2,1,0
10828,3,0,1
10828,3,1,0
10828,4,2,0
10828,5,0,1
10828,5,2,0
10828,6,1,0
10828,6,2,0
10828,7,0,1
10828,7,1,0
10828,7,2,0
10829,1,0,0
10829,2,1,0
10829,3,0,0
10829,3,1,0
10829,4,2,0
10829,5,0,0
10829,5,2,0
10829,6,1,0
10829,6,2,0
10829,7,0,0
10829,7,1,0
10829,7,2,0
10830,1,0,0
10830,2,1,0
10830,3,0,0
10830,3,1,0
10830,4,2,0
10830,5,0,0
10830,5,2,0
10830,6,1,0
10830,6,2,0
10830,7,0,0
10830,7,1,0
10830,7,2,0
10831,1,0,0
10831,2,1,0
10831,3,0,0
10831,3,1,0
10831,4,2,0
10831,5,0,0
10831,5,2,0
10831,6,1,0
10831,6,2,0
10831,7,0,0
10831,7,1,0
10831,7,2,0
10832,1,0,0
10832,2,1,0
10832,3,0,0
10832,3,1,0
10832,4,2,0
10832,5,0,0
10832,5,2,0
10832,6,1,0
10832,6,2,0
10832,7,0,0
10832,7,1,0
10832,7,2,0
10833,1,0,0
10833,2,1,0
10833,3,0,0
10833,3,1,0
10833,4,2,0
10833,5,0,0
10833,5,2,0
10833,6,1,0
10833,6,2,0
10833,7,0,0
10833,7,1,0
10833,7,2,0
10834,1,0,0
10834,2,1,0
10834,3,0,0
10834,3,1,0
10834,4,2,0
10834,5,0,0
10834,5,2,0
10834,6,1,0
10834,6,2,0
10834,7,0,0
10834,7,1,0
10834,7,2,0
10835,1,0,0
10835,2,1,0
10835,3,0,0
10835,3,1,0
10835,4,2,0
10835,5,0,0
10835,5,2,0
10835,6,1,0
10835,6,2,0
10835,7,0,0
10835,7,1,0
10835,7,2,0
10836,1,0,0
10836,2,1,0
10836,3,0,0
10836,3,1,0
10836,4,2,0
10836,5,0,0
10836,5,2,0
10836,6,1,0
10836,6,2,0
10836,7,0,0
10836,7,1,0
10836,7,2,0
10837,1,0,0
10837,2,1,0
10837,3,0,0
10837,3,1,0
10837,4,2,0
10837,5,0,0
10837,5,2,0
10837,6,1,0
10837,6,2,0
10837,7,0,0
10837,7,1,0
10837,7,2,0
10838,1,0,0
10838,2,1,0
10838,3,0,0
10838,3,1,0
10838,4,2,0
10838,5,0,0
10838,5,2,0
10838,6,1,0
10838,6,2,0
10838,7,0,0
10838,7,1,0
10838,7,2,0
10839,1,0,0
10839,2,1,0
10839,3,0,0
10839,3,1,0
10839,4,2,0
10839,5,0,0
10839,5,2,0
10839,6,1,0
10839,6,2,0
10839,7,0,0
10839,7,1,0
10839,7,2,0
10840,1,0,0
10840,2,1,0
10840,3,0,0
10840,3,1,0
10840,4,2,0
10840,5,0,0
10840,5,2,0
10840,6,1,0
10840,6,2,0
10840,7,0,0
10840,7,1,0
10840,7,2,0
10841,1,0,0
10841,2,1,0
10841,3,0,0
10841,3,1,0
10841,4,2,0
10841,5,0,0
10841,5,2,0
10841,6,1,0
10841,6,2,0
10841,7,0,0
10841,7,1,0
10841,7,2,0
10842,1,0,0
10842,2,1,0
10842,3,0,0
10842,3,1,0
10842,4,2,0
10842,5,0,0
10842,5,2,0
10842,6,1,0
10842,6,2,0
10842,7,0,0
10842,7,1,0
10842,7,2,0
10843,1,0,0
10843,2,1,0
10843,3,0,0
10843,3,1,0
10843,4,2,0
10843,5,0,0
10843,5,2,0
10843,6,1,0
10843,6,2,0
10843,7,0,0
10843,7,1,0
10843,7,2,0
10844,1,0,0
10844,2,1,0
10844,3,0,0
10844,3,1,0
10844,4,2,0
10844,5,0,0
10844,5,2,0
10844,6,1,0
10844,6,2,0
10844,7,0,0
10844,7,1,0
10844,7,2,0
10845,1,0,0
10845,2,1,0
10845,3,0,0
10845,3,1,0
10845,4,2,0
10845,5,0,0
10845,5,2,0
10845,6,1,0
10845,6,2,0
10845,7,0,0
10845,7,1,0
10845,7,2,0
10846,1,0,0
10846,2,1,0
10846,3,0,0
10846,3,1,0
10846,4,2,0
10846,5,0,0
10846,5,2,0
10846,6,1,0
10846,6,2,0
10846,7,0,0
10846,7,1,0
10846,7,2,0
10847,1,0,0
10847,2,1,0
10847,3,0,0
10847,3,1,0
10847,4,2,0
10847,5,0,0
10847,5,2,0
10847,6,1,0
10847,6,2,0
10847,7,0,0
10847,7,1,0
10847,7,2,0
10848,1,0,0
10848,2,1,0
10848,3,0,0
10848,3,1,0
10848,4,2,0
10848,5,0,0
10848,5,2,0
10848,6,1,0
10848,6,2,0
10848,7,0,0
10848,7,1,0
10848,7,2,0
10849,1,0,0
10849,2,1,0
10849,3,0,0
10849,3,1,0
10849,4,2,0
10849,5,0,0
10849,5,2,0
10849,6,1,0
10849,6,2,0
10849,7,0,0
10849,7,1,0
10849,7,2,0
10850,1,0,0
10850,2,1,0
10850,3,0,0
10850,3,1,0
10850,4,2,0
10850,5,0,0
10850,5,2,0
10850,6,1,0
10850,6,2,0
10850,7,0,0
10850,7,1,0
10850,7,2,0
10851,1,0,0
10851,2,1,0
10851,3,0,0
10851,3,1,0
10851,4,2,0
10851,5,0,0
10851,5,2,0
10851,6,1,0
10851,6,2,0
10851,7,0,0
10851,7,1,0
10851,7,2,0
10852,1,0,0
10852,2,1,0
10852,3,0,0
10852,3,1,0
10852,4,2,0
10852,5,0,0
10852,5,2,0
10852,6,1,0
10852,6,2,0
10852,7,0,0
10852,7,1,0
10852,7,2,0
10853,1,0,0
10853,2,1,0
10853,3,0,0
10853,3,1,0
10853,4,2,0
10853,5,0,0
10853,5,2,0
10853,6,1,0
10853,6,2,0
10853,7,0,0
10853,7,1,0
10853,7,2,0
10854,1,0,1
10854,2,1,0
10854,3,0,1
10854,3,1,0
10854,4,2,0
10854,5,0,1
10854,5,2,0
10854,6,1,0
10854,6,2,0
10854,7,0,1
10854,7,1,0
10854,7,2,0
10855,1,0,1
10855,2,1,0
10855,3,0,1
10855,3,1,0
10855,4,2,0
10855,5,0,1
10855,5,2,0
10855,6,1,0
10855,6,2,0
10855,7,0,1
10855,7,1,0
10855,7,2,0
10856,1,0,0
10856,2,1,0
10856,3,0,0
10856,3,1,0
10856,4,2,0
10856,5,0,0
10856,5,2,0
10856,6,1,0
10856,6,2,0
10856,7,0,0
10856,7,1,0
10856,7,2,0
10857,1,0,0
10857,2,1,0
10857,3,0,0
10857,3,1,0
10857,4,2,0
10857,5,0,0
10857,5,2,0
10857,6,1,0
10857,6,2,0
10857,7,0,0
10857,7,1,0
10857,7,2,0
10858,1,0,0
10858,2,1,0
10858,3,0,0
10858,3,1,0
10858,4,2,0
10858,5,0,0
10858,5,2,0
10858,6,1,0
10858,6,2,0
10858,7,0,0
10858,7,1,0
10858,7,2,0
10859,1,0,0
10859,2,1,0
10859,3,0,0
10859,3,1,0
10859,4,2,0
10859,5,0,0
10859,5,2,0
10859,6,1,0
10859,6,2,0
10859,7,0,0
10859,7,1,0
10859,7,2,0
10860,1,0,0
10860,2,1,0
10860,3,0,0
10860,3,1,0
10860,4,2,0
10860,5,0,0
10860,5,2,0
10860,6,1,0
10860,6,2,0
10860,7,0,0
10860,7,1,0
10860,7,2,0
10861,1,0,0
10861,2,1,0
10861,3,0,0
10861,3,1,0
10861,4,2,0
10861,5,0,0
10861,5,2,0
10861,6,1,0
10861,6,2,0
10861,7,0,0
10861,7,1,0
10861,7,2,0
10862,1,0,0
10862,2,1,0
10862,3,0,0
10862,3,1,0
10862,4,2,0
10862,5,0,0
10862,5,2,0
10862,6,1,0
10862,6,2,0
10862,7,0,0
10862,7,1,0
10862,7,2,0
10863,1,0,0
10863,2,1,0
10863,3,0,0
10863,3,1,0
10863,4,2,0
10863,5,0,0
10863,5,2,0
10863,6,1,0
10863,6,2,0
10863,7,0,0
10863,7,1,0
10863,7,2,0
10864,1,0,0
10864,2,1,0
10864,3,0,0
10864,3,1,0
10864,4,2,0
10864,5,0,0
10864,5,2,0
10864,6,1,0
10864,6,2,0
10864,7,0,0
10864,7,1,0
10864,7,2,0
10865,1,0,0
10865,2,1,0
10865,3,0,0
10865,3,1,0
10865,4,2,0
10865,5,0,0
10865,5,2,0
10865,6,1,0
10865,6,2,0
10865,7,0,0
10865,7,1,0
10865,7,2,0
10866,1,0,0
10866,2,1,0
10866,3,0,0
10866,3,1,0
10866,4,2,0
10866,5,0,0
10866,5,2,0
10866,6,1,0
10866,6,2,0
10866,7,0,0
10866,7,1,0
10866,7,2,0
10867,1,0,0
10867,2,1,0
10867,3,0,0
10867,3,1,0
10867,4,2,0
10867,5,0,0
10867,5,2,0
10867,6,1,0
10867,6,2,0
10867,7,0,0
10867,7,1,0
10867,7,2,0
10868,1,0,0
10868,2,1,0
10868,3,0,0
10868,3,1,0
10868,4,2,0
10868,5,0,0
10868,5,2,0
10868,6,1,0
10868,6,2,0
10868,7,0,0
10868,7,1,0
10868,7,2,0
10869,1,0,0
10869,2,1,0
10869,3,0,0
10869,3,1,0
10869,4,2,0
10869,5,0,0
10869,5,2,0
10869,6,1,0
10869,6,2,0
10869,7,0,0
10869,7,1,0
10869,7,2,0
10870,1,0,0
10870,2,1,0
10870,3,0,0
10870,3,1,0
10870,4,2,0
10870,5,0,0
10870,5,2,0
10870,6,1,0
10870,6,2,0
10870,7,0,0
10870,7,1,0
10870,7,2,0
10871,1,0,0
10871,2,1,0
10871,3,0,0
10871,3,1,0
10871,4,2,0
10871,5,0,0
10871,5,2,0
10871,6,1,0
10871,6,2,0
10871,7,0,0
10871,7,1,0
10871,7,2,0
10872,1,0,0
10872,2,1,0
10872,3,0,0
10872,3,1,0
10872,4,2,0
10872,5,0,0
10872,5,2,0
10872,6,1,0
10872,6,2,0
10872,7,0,0
10872,7,1,0
10872,7,2,0
10873,1,0,0
10873,2,1,0
10873,3,0,0
10873,3,1,0
10873,4,2,0
10873,5,0,0
10873,5,2,0
10873,6,1,0
10873,6,2,0
10873,7,0,0
10873,7,1,0
10873,7,2,0
10874,1,0,0
10874,2,1,0
10874,3,0,0
10874,3,1,0
10874,4,2,0
10874,5,0,0
10874,5,2,0
10874,6,1,0
10874,6,2,0
10874,7,0,0
10874,7,1,0
10874,7,2,0
10875,1,0,0
10875,2,1,0
10875,3,0,0
10875,3,1,0
10875,4,2,0
10875,5,0,0
10875,5,2,0
10875,6,1,0
10875,6,2,0
10875,7,0,0
10875,7,1,0
10875,7,2,0
10876,1,0,0
10876,2,1,0
10876,3,0,0
10876,3,1,0
10876,4,2,0
10876,5,0,0
10876,5,2,0
10876,6,1,0
10876,6,2,0
10876,7,0,0
10876,7,1,0
10876,7,2,0
10877,1,0,0
10877,2,1,0
10877,3,0,0
10877,3,1,0
10877,4,2,0
10877,5,0,0
10877,5,2,0
10877,6,1,0
10877,6,2,0
10877,7,0,0
10877,7,1,0
10877,7,2,0
10878,1,0,0
10878,2,1,0
10878,3,0,0
10878,3,1,0
10878,4,2,0
10878,5,0,0
10878,5,2,0
10878,6,1,0
10878,6,2,0
10878,7,0,0
10878,7,1,0
10878,7,2,0
10879,1,0,0
10879,2,1,0
10879,3,0,0
10879,3,1,0
10879,4,2,0
10879,5,0,0
10879,5,2,0
10879,6,1,0
10879,6,2,0
10879,7,0,0
10879,7,1,0
10879,7,2,0
10880,1,0,0
10880,2,1,0
10880,3,0,0
10880,3,1,0
10880,4,2,0
10880,5,0,0
10880,5,2,0
10880,6,1,0
10880,6,2,0
10880,7,0,0
10880,7,1,0
10880,7,2,0
10881,1,0,1
10881,2,1,0
10881,3,0,1
10881,3,1,0
10881,4,2,0
10881,5,0,1
10881,5,2,0
10881,6,1,0
10881,6,2,0
10881,7,0,1
10881,7,1,0
10881,7,2,0
10882,1,0,1
10882,2,1,0
10882,3,0,1
10882,3,1,0
10882,4,2,0
10882,5,0,1
10882,5,2,0
10882,6,1,0
10882,6,2,0
10882,7,0,1
10882,7,1,0
10882,7,2,0
10883,1,0,0
10883,2,1,0
10883,3,0,0
10883,3,1,0
10883,4,2,0
10883,5,0,0
10883,5,2,0
10883,6,1,0
10883,6,2,0
10883,7,0,0
10883,7,1,0
10883,7,2,0
10884,1,0,0
10884,2,1,0
10884,3,0,0
10884,3,1,0
10884,4,2,0
10884,5,0,0
10884,5,2,0
10884,6,1,0
10884,6,2,0
10884,7,0,0
10884,7,1,0
10884,7,2,0
10885,1,0,0
10885,2,1,0
10885,3,0,0
10885,3,1,0
10885,4,2,0
10885,5,0,0
10885,5,2,0
10885,6,1,0
10885,6,2,0
10885,7,0,0
10885,7,1,0
10885,7,2,0
10886,1,0,0
10886,2,1,0
10886,3,0,0
10886,3,1,0
10886,4,2,0
10886,5,0,0
10886,5,2,0
10886,6,1,0
10886,6,2,0
10886,7,0,0
10886,7,1,0
10886,7,2,0
10887,1,0,0
10887,2,1,0
10887,3,0,0
10887,3,1,0
10887,4,2,0
10887,5,0,0
10887,5,2,0
10887,6,1,0
10887,6,2,0
10887,7,0,0
10887,7,1,0
10887,7,2,0
10888,1,0,0
10888,2,1,0
10888,3,0,0
10888,3,1,0
10888,4,2,0
10888,5,0,0
10888,5,2,0
10888,6,1,0
10888,6,2,0
10888,7,0,0
10888,7,1,0
10888,7,2,0
10889,1,0,0
10889,2,1,0
10889,3,0,0
10889,3,1,0
10889,4,2,0
10889,5,0,0
10889,5,2,0
10889,6,1,0
10889,6,2,0
10889,7,0,0
10889,7,1,0
10889,7,2,0
10890,1,0,0
10890,2,1,0
10890,3,0,0
10890,3,1,0
10890,4,2,0
10890,5,0,0
10890,5,2,0
10890,6,1,0
10890,6,2,0
10890,7,0,0
10890,7,1,0
10890,7,2,0
10891,1,0,0
10891,2,1,0
10891,3,0,0
10891,3,1,0
10891,4,2,0
10891,5,0,0
10891,5,2,0
10891,6,1,0
10891,6,2,0
10891,7,0,0
10891,7,1,0
10891,7,2,0
10892,1,0,0
10892,2,1,0
10892,3,0,0
10892,3,1,0
10892,4,2,0
10892,5,0,0
10892,5,2,0
10892,6,1,0
10892,6,2,0
10892,7,0,0
10892,7,1,0
10892,7,2,0
10893,1,0,0
10893,2,1,0
10893,3,0,0
10893,3,1,0
10893,4,2,0
10893,5,0,0
10893,5,2,0
10893,6,1,0
10893,6,2,0
10893,7,0,0
10893,7,1,0
10893,7,2,0
10894,1,0,0
10894,2,1,0
10894,3,0,0
10894,3,1,0
10894,4,2,0
10894,5,0,0
10894,5,2,0
10894,6,1,0
10894,6,2,0
10894,7,0,0
10894,7,1,0
10894,7,2,0
10895,1,0,0
10895,2,1,0
10895,3,0,0
10895,3,1,0
10895,4,2,0
10895,5,0,0
10895,5,2,0
10895,6,1,0
10895,6,2,0
10895,7,0,0
10895,7,1,0
10895,7,2,0
10896,1,0,0
10896,2,1,0
10896,3,0,0
10896,3,1,0
10896,4,2,0
10896,5,0,0
10896,5,2,0
10896,6,1,0
10896,6,2,0
10896,7,0,0
10896,7,1,0
10896,7,2,0
10897,1,0,0
10897,2,1,0
10897,3,0,0
10897,3,1,0
10897,4,2,0
10897,5,0,0
10897,5,2,0
10897,6,1,0
10897,6,2,0
10897,7,0,0
10897,7,1,0
10897,7,2,0
10898,1,0,0
10898,2,1,0
10898,3,0,0
10898,3,1,0
10898,4,2,0
10898,5,0,0
10898,5,2,0
10898,6,1,0
10898,6,2,0
10898,7,0,0
10898,7,1,0
10898,7,2,0
10899,1,0,0
10899,2,1,0
10899,3,0,0
10899,3,1,0
10899,4,2,0
10899,5,0,0
10899,5,2,0
10899,6,1,0
10899,6,2,0
10899,7,0,0
10899,7,1,0
10899,7,2,0
10900,1,0,0
10900,2,1,0
10900,3,0,0
10900,3,1,0
10900,4,2,0
10900,5,0,0
10900,5,2,0
10900,6,1,0
10900,6,2,0
10900,7,0,0
10900,7,1,0
10900,7,2,0
10901,1,0,0
10901,2,1,0
10901,3,0,0
10901,3,1,0
10901,4,2,0
10901,5,0,0
10901,5,2,0
10901,6,1,0
10901,6,2,0
10901,7,0,0
10901,7,1,0
10901,7,2,0
10902,1,0,0
10902,2,1,0
10902,3,0,0
10902,3,1,0
10902,4,2,0
10902,5,0,0
10902,5,2,0
10902,6,1,0
10902,6,2,0
10902,7,0,0
10902,7,1,0
10902,7,2,0
10903,1,0,0
10903,2,1,0
10903,3,0,0
10903,3,1,0
10903,4,2,0
10903,5,0,0
10903,5,2,0
10903,6,1,0
10903,6,2,0
10903,7,0,0
10903,7,1,0
10903,7,2,0
10904,1,0,0
10904,2,1,0
10904,3,0,0
10904,3,1,0
10904,4,2,0
10904,5,0,0
10904,5,2,0
10904,6,1,0
10904,6,2,0
10904,7,0,0
10904,7,1,0
10904,7,2,0
10905,1,0,0
10905,2,1,0
10905,3,0,0
10905,3,1,0
10905,4,2,0
10905,5,0,0
10905,5,2,0
10905,6,1,0
10905,6,2,0
10905,7,0,0
10905,7,1,0
10905,7,2,0
10906,1,0,0
10906,2,1,0
10906,3,0,0
10906,3,1,0
10906,4,2,0
10906,5,0,0
10906,5,2,0
10906,6,1,0
10906,6,2,0
10906,7,0,0
10906,7,1,0
10906,7,2,0
10907,1,0,0
10907,2,1,0
10907,3,0,0
10907,3,1,0
10907,4,2,0
10907,5,0,0
10907,5,2,0
10907,6,1,0
10907,6,2,0
10907,7,0,0
10907,7,1,0
10907,7,2,0
10908,1,0,1
10908,2,1,0
10908,3,0,1
10908,3,1,0
10908,4,2,0
10908,5,0,1
10908,5,2,0
10908,6,1,0
10908,6,2,0
10908,7,0,1
10908,7,1,0
10908,7,2,0
10909,1,0,1
10909,2,1,0
10909,3,0,1
10909,3,1,0
10909,4,2,0
10909,5,0,1
10909,5,2,0
10909,6,1,0
10909,6,2,0
10909,7,0,1
10909,7,1,0
10909,7,2,0
10910,1,0,0
10910,2,1,0
10910,3,0,0
10910,3,1,0
10910,4,2,0
10910,5,0,0
10910,5,2,0
10910,6,1,0
10910,6,2,0
10910,7,0,0
10910,7,1,0
10910,7,2,0
10911,1,0,0
10911,2,1,0
10911,3,0,0
10911,3,1,0
10911,4,2,0
10911,5,0,0
10911,5,2,0
10911,6,1,0
10911,6,2,0
10911,7,0,0
10911,7,1,0
10911,7,2,0
10912,1,0,0
10912,2,1,0
10912,3,0,0
10912,3,1,0
10912,4,2,0
10912,5,0,0
10912,5,2,0
10912,6,1,0
10912,6,2,0
10912,7,0,0
10912,7,1,0
10912,7,2,0
10913,1,0,0
10913,2,1,0
10913,3,0,0
10913,3,1,0
10913,4,2,0
10913,5,0,0
10913,5,2,0
10913,6,1,0
10913,6,2,0
10913,7,0,0
10913,7,1,0
10913,7,2,0
10914,1,0,0
10914,2,1,0
10914,3,0,0
10914,3,1,0
10914,4,2,0
10914,5,0,0
10914,5,2,0
10914,6,1,0
10914,6,2,0
10914,7,0,0
10914,7,1,0
10914,7,2,0
10915,1,0,0
10915,2,1,0
10915,3,0,0
10915,3,1,0
10915,4,2,0
10915,5,0,0
10915,5,2,0
10915,6,1,0
10915,6,2,0
10915,7,0,0
10915,7,1,0
10915,7,2,0
10916,1,0,0
10916,2,1,0
10916,3,0,0
10916,3,1,0
10916,4,2,0
10916,5,0,0
10916,5,2,0
10916,6,1,0
10916,6,2,0
10916,7,0,0
10916,7,1,0
10916,7,2,0
10917,1,0,0
10917,2,1,0
10917,3,0,0
10917,3,1,0
10917,4,2,0
10917,5,0,0
10917,5,2,0
10917,6,1,0
10917,6,2,0
10917,7,0,0
10917,7,1,0
10917,7,2,0
10918,1,0,0
10918,2,1,0
10918,3,0,0
10918,3,1,0
10918,4,2,0
10918,5,0,0
10918,5,2,0
10918,6,1,0
10918,6,2,0
10918,7,0,0
10918,7,1,0
10918,7,2,0
10919,1,0,0
10919,2,1,0
10919,3,0,0
10919,3,1,0
10919,4,2,0
10919,5,0,0
10919,5,2,0
10919,6,1,0
10919,6,2,0
10919,7,0,0
10919,7,1,0
10919,7,2,0
10920,1,0,0
10920,2,1,0
10920,3,0,0
10920,3,1,0
10920,4,2,0
10920,5,0,0
10920,5,2,0
10920,6,1,0
10920,6,2,0
10920,7,0,0
10920,7,1,0
10920,7,2,0
10921,1,0,0
10921,2,1,0
10921,3,0,0
10921,3,1,0
10921,4,2,0
10921,5,0,0
10921,5,2,0
10921,6,1,0
10921,6,2,0
10921,7,0,0
10921,7,1,0
10921,7,2,0
10922,1,0,0
10922,2,1,0
10922,3,0,0
10922,3,1,0
10922,4,2,0
10922,5,0,0
10922,5,2,0
10922,6,1,0
10922,6,2,0
10922,7,0,0
10922,7,1,0
10922,7,2,0
10923,1,0,0
10923,2,1,0
10923,3,0,0
10923,3,1,0
10923,4,2,0
10923,5,0,0
10923,5,2,0
10923,6,1,0
10923,6,2,0
10923,7,0,0
10923,7,1,0
10923,7,2,0
10924,1,0,0
10924,2,1,0
10924,3,0,0
10924,3,1,0
10924,4,2,0
10924,5,0,0
10924,5,2,0
10924,6,1,0
10924,6,2,0
10924,7,0,0
10924,7,1,0
10924,7,2,0
10925,1,0,0
10925,2,1,0
10925,3,0,0
10925,3,1,0
10925,4,2,0
10925,5,0,0
10925,5,2,0
10925,6,1,0
10925,6,2,0
10925,7,0,0
10925,7,1,0
10925,7,2,0
10926,1,0,0
10926,2,1,0
10926,3,0,0
10926,3,1,0
10926,4,2,0
10926,5,0,0
10926,5,2,0
10926,6,1,0
10926,6,2,0
10926,7,0,0
10926,7,1,0
10926,7,2,0
10927,1,0,0
10927,2,1,0
10927,3,0,0
10927,3,1,0
10927,4,2,0
10927,5,0,0
10927,5,2,0
10927,6,1,0
10927,6,2,0
10927,7,0,0
10927,7,1,0
10927,7,2,0
10928,1,0,0
10928,2,1,0
10928,3,0,0
10928,3,1,0
10928,4,2,0
10928,5,0,0
10928,5,2,0
10928,6,1,0
10928,6,2,0
10928,7,0,0
10928,7,1,0
10928,7,2,0
10929,1,0,0
10929,2,1,0
10929,3,0,0
10929,3,1,0
10929,4,2,0
10929,5,0,0
10929,5,2,0
10929,6,1,0
10929,6,2,0
10929,7,0,0
10929,7,1,0
10929,7,2,0
10930,1,0,0
10930,2,1,0
10930,3,0,0
10930,3,1,0
10930,4,2,0
10930,5,0,0
10930,5,2,0
10930,6,1,0
10930,6,2,0
10930,7,0,0
10930,7,1,0
10930,7,2,0
10931,1,0,0
10931,2,1,0
10931,3,0,0
10931,3,1,0
10931,4,2,0
10931,5,0,0
10931,5,2,0
10931,6,1,0
10931,6,2,0
10931,7,0,0
10931,7,1,0
10931,7,2,0
10932,1,0,0
10932,2,1,0
10932,3,0,0
10932,3,1,0
10932,4,2,0
10932,5,0,0
10932,5,2,0
10932,6,1,0
10932,6,2,0
10932,7,0,0
10932,7,1,0
10932,7,2,0
10933,1,0,0
10933,2,1,0
10933,3,0,0
10933,3,1,0
10933,4,2,0
10933,5,0,0
10933,5,2,0
10933,6,1,0
10933,6,2,0
10933,7,0,0
10933,7,1,0
10933,7,2,0
10934,1,0,0
10934,2,1,0
10934,3,0,0
10934,3,1,0
10934,4,2,0
10934,5,0,0
10934,5,2,0
10934,6,1,0
10934,6,2,0
10934,7,0,0
10934,7,1,0
10934,7,2,0
10935,1,0,1
10935,2,1,1
10935,3,0,1
10935,3,1,1
10935,4,2,1
10935,5,0,1
10935,5,2,1
10935,6,1,1
10935,6,2,1
10935,7,0,1
10935,7,1,1
10935,7,2,1
10936,1,0,1
10936,2,1,1
10936,3,0,1
10936,3,1,1
10936,4,2,1
10936,5,0,1
10936,5,2,1
10936,6,1,1
10936,6,2,1
10936,7,0,1
10936,7,1,1
10936,7,2,1
10937,1,0,0
10937,2,1,1
10937,3,0,0
10937,3,1,1
10937,4,2,1
10937,5,0,0
10937,5,2,1
10937,6,1,1
10937,6,2,1
10937,7,0,0
10937,7,1,1
10937,7,2,1
10938,1,0,1
10938,2,1,1
10938,3,0,1
10938,3,1,1
10938,4,2,1
10938,5,0,1
10938,5,2,1
10938,6,1,1
10938,6,2,1
10938,7,0,1
10938,7,1,1
10938,7,2,1
10939,1,0,1
10939,2,1,1
10939,3,0,1
10939,3,1,1
10939,4,2,1
10939,5,0,1
10939,5,2,1
10939,6,1,1
10939,6,2,1
10939,7,0,1
10939,7,1,1
10939,7,2,1
10940,1,0,0
10940,2,1,1
10940,3,0,0
10940,3,1,1
10940,4,2,1
10940,5,0,0
10940,5,2,1
10940,6,1,1
10940,6,2,1
10940,7,0,0
10940,7,1,1
10940,7,2,1
10941,1,0,1
10941,2,1,1
10941,3,0,1
10941,3,1,1
10941,4,2,1
10941,5,0,1
10941,5,2,1
10941,6,1,1
10941,6,2,1
10941,7,0,1
10941,7,1,1
10941,7,2,1
10942,1,0,1
10942,2,1,1
10942,3,0,1
10942,3,1,1
10942,4,2,1
10942,5,0,1
10942,5,2,1
10942,6,1,1
10942,6,2,1
10942,7,0,1
10942,7,1,1
10942,7,2,1
10943,1,0,0
10943,2,1,1
10943,3,0,0
10943,3,1,1
10943,4,2,1
10943,5,0,0
10943,5,2,1
10943,6,1,1
10943,6,2,1
10943,7,0,0
10943,7,1,1
10943,7,2,1
10944,1,0,1
10944,2,1,1
10944,3,0,1
10944,3,1,1
10944,4,2,1
10944,5,0,1
10944,5,2,1
10944,6,1,1
10944,6,2,1
10944,7,0,1
10944,7,1,1
10944,7,2,1
10945,1,0,1
10945,2,1,1
10945,3,0,1
10945,3,1,1
10945,4,2,1
10945,5,0,1
10945,5,2,1
10945,6,1,1
10945,6,2,1
10945,7,0,1
10945,7,1,1
10945,7,2,1
10946,1,0,0
10946,2,1,1
10946,3,0,0
10946,3,1,1
10946,4,2,1
10946,5,0,0
10946,5,2,1
10946,6,1,1
10946,6,2,1
10946,7,0,0
10946,7,1,1
10946,7,2,1
10947,1,0,1
10947,2,1,1
10947,3,0,1
10947,3,1,1
10947,4,2,1
10947,5,0,1
10947,5,2,1
10947,6,1,1
10947,6,2,1
10947,7,0,1
10947,7,1,1
10947,7,2,1
10948,1,0,1
10948,2,1,1
10948,3,0,1
10948,3,1,1
10948,4,2,1
10948,5,0,1
10948,5,2,1
10948,6,1,1
10948,6,2,1
10948,7,0,1
10948,7,1,1
10948,7,2,1
10949,1,0,0
10949,2,1,1
10949,3,0,0
10949,3,1,1
10949,4,2,1
10949,5,0,0
10949,5,2,1
10949,6,1,1
10949,6,2,1
10949,7,0,0
10949,7,1,1
10949,7,2,1
10950,1,0,1
10950,2,1,1
10950,3,0,1
10950,3,1,1
10950,4,2,1
10950,5,0,1
10950,5,2,1
10950,6,1,1
10950,6,2,1
10950,7,0,1
10950,7,1,1
10950,7,2,1
10951,1,0,1
10951,2,1,1
10951,3,0,1
10951,3,1,1
10951,4,2,1
10951,5,0,1
10951,5,2,1
10951,6,1,1
10951,6,2,1
10951,7,0,1
10951,7,1,1
10951,7,2,1
10952,1,0,0
10952,2,1,1
10952,3,0,0
10952,3,1,1
10952,4,2,1
10952,5,0,0
10952,5,2,1
10952,6,1,1
10952,6,2,1
10952,7,0,0
10952,7,1,1
10952,7,2,1
10953,1,0,1
10953,2,1,1
10953,3,0,1
10953,3,1,1
10953,4,2,1
10953,5,0,1
10953,5,2,1
10953,6,1,1
10953,6,2,1
10953,7,0,1
10953,7,1,1
10953,7,2,1
10954,1,0,1
10954,2,1,1
10954,3,0,1
10954,3,1,1
10954,4,2,1
10954,5,0,1
10954,5,2,1
10954,6,1,1
10954,6,2,1
10954,7,0,1
10954,7,1,1
10954,7,2,1
10955,1,0,0
10955,2,1,1
10955,3,0,0
10955,3,1,1
10955,4,2,1
10955,5,0,0
10955,5,2,1
10955,6,1,1
10955,6,2,1
10955,7,0,0
10955,7,1,1
10955,7,2,1
10956,1,0,1
10956,2,1,1
10956,3,0,1
10956,3,1,1
10956,4,2,1
10956,5,0,1
10956,5,2,1
10956,6,1,1
10956,6,2,1
10956,7,0,1
10956,7,1,1
10956,7,2,1
10957,1,0,1
10957,2,1,1
10957,3,0,1
10957,3,1,1
10957,4,2,1
10957,5,0,1
10957,5,2,1
10957,6,1,1
10957,6,2,1
10957,7,0,1
10957,7,1,1
10957,7,2,1
10958,1,0,0
10958,2,1,1
10958,3,0,0
10958,3,1,1
10958,4,2,1
10958,5,0,0
10958,5,2,1
10958,6,1,1
10958,6,2,1
10958,7,0,0
10958,7,1,1
10958,7,2,1
10959,1,0,1
10959,2,1,1
10959,3,0,1
10959,3,1,1
10959,4,2,1
10959,5,0,1
10959,5,2,1
10959,6,1,1
10959,6,2,1
10959,7,0,1
10959,7,1,1
10959,7,2,1
10960,1,0,1
10960,2,1,1
10960,3,0,1
10960,3,1,1
10960,4,2,1
10960,5,0,1
10960,5,2,1
10960,6,1,1
10960,6,2,1
10960,7,0,1
10960,7,1,1
10960,7,2,1
10961,1,0,0
10961,2,1,1
10961,3,0,0
10961,3,1,1
10961,4,2,1
10961,5,0,0
10961,5,2,1
10961,6,1,1
10961,6,2,1
10961,7,0,0
10961,7,1,1
10961,7,2,1
10962,1,0,1
10962,2,1,1
10962,3,0,1
10962,3,1,1
10962,4,2,1
10962,5,0,1
10962,5,2,1
10962,6,1,1
10962,6,2,1
10962,7,0,1
10962,7,1,1
10962,7,2,1
10963,1,0,1
10963,2,1,1
10963,3,0,1
10963,3,1,1
10963,4,2,1
10963,5,0,1
10963,5,2,1
10963,6,1,1
10963,6,2,1
10963,7,0,1
10963,7,1,1
10963,7,2,1
10964,1,0,0
10964,2,1,0
10964,3,0,0
10964,3,1,0
10964,4,2,0
10964,5,0,0
10964,5,2,0
10964,6,1,0
10964,6,2,0
10964,7,0,0
10964,7,1,0
10964,7,2,0
10965,1,0,1
10965,2,1,1
10965,3,0,1
10965,3,1,1
10965,4,2,1
10965,5,0,1
10965,5,2,1
10965,6,1,1
10965,6,2,1
10965,7,0,1
10965,7,1,1
10965,7,2,1
10966,1,0,1
10966,2,1,1
10966,3,0,1
10966,3,1,1
10966,4,2,1
10966,5,0,1
10966,5,2,1
10966,6,1,1
10966,6,2,1
10966,7,0,1
10966,7,1,1
10966,7,2,1
10967,1,0,0
10967,2,1,0
10967,3,0,0
10967,3,1,0
10967,4,2,0
10967,5,0,0
10967,5,2,0
10967,6,1,0
10967,6,2,0
10967,7,0,0
10967,7,1,0
10967,7,2,0
10968,1,0,0
10968,2,1,0
10968,3,0,0
10968,3,1,0
10968,4,2,0
10968,5,0,0
10968,5,2,0
10968,6,1,0
10968,6,2,0
10968,7,0,0
10968,7,1,0
10968,7,2,0
10969,1,0,0
10969,2,1,0
10969,3,0,0
10969,3,1,0
10969,4,2,0
10969,5,0,0
10969,5,2,0
10969,6,1,0
10969,6,2,0
10969,7,0,0
10969,7,1,0
10969,7,2,0
10970,1,0,0
10970,2,1,0
10970,3,0,0
10970,3,1,0
10970,4,2,0
10970,5,0,0
10970,5,2,0
10970,6,1,0
10970,6,2,0
10970,7,0,0
10970,7,1,0
10970,7,2,0
10971,1,0,0
10971,2,1,0
10971,3,0,0
10971,3,1,0
10971,4,2,0
10971,5,0,0
10971,5,2,0
10971,6,1,0
10971,6,2,0
10971,7,0,0
10971,7,1,0
10971,7,2,0
10972,1,0,0
10972,2,1,0
10972,3,0,0
10972,3,1,0
10972,4,2,0
10972,5,0,0
10972,5,2,0
10972,6,1,0
10972,6,2,0
10972,7,0,0
10972,7,1,0
10972,7,2,0
10973,1,0,0
10973,2,1,0
10973,3,0,0
10973,3,1,0
10973,4,2,0
10973,5,0,0
10973,5,2,0
10973,6,1,0
10973,6,2,0
10973,7,0,0
10973,7,1,0
10973,7,2,0
10974,1,0,0
10974,2,1,0
10974,3,0,0
10974,3,1,0
10974,4,2,0
10974,5,0,0
10974,5,2,0
10974,6,1,0
10974,6,2,0
10974,7,0,0
10974,7,1,0
10974,7,2,0
10975,1,0,0
10975,2,1,0
10975,3,0,0
10975,3,1,0
10975,4,2,0
10975,5,0,0
10975,5,2,0
10975,6,1,0
10975,6,2,0
10975,7,0,0
10975,7,1,0
10975,7,2,0
10976,1,0,0
10976,2,1,0
10976,3,0,0
10976,3,1,0
10976,4,2,0
10976,5,0,0
10976,5,2,0
10976,6,1,0
10976,6,2,0
10976,7,0,0
10976,7,1,0
10976,7,2,0
10977,1,0,0
10977,2,1,0
10977,3,0,0
10977,3,1,0
10977,4,2,0
10977,5,0,0
10977,5,2,0
10977,6,1,0
10977,6,2,0
10977,7,0,0
10977,7,1,0
10977,7,2,0
10978,1,0,0
10978,2,1,0
10978,3,0,0
10978,3,1,0
10978,4,2,0
10978,5,0,0
10978,5,2,0
10978,6,1,0
10978,6,2,0
10978,7,0,0
10978,7,1,0
10978,7,2,0
10979,1,0,0
10979,2,1,0
10979,3,0,0
10979,3,1,0
10979,4,2,0
10979,5,0,0
10979,5,2,0
10979,6,1,0
10979,6,2,0
10979,7,0,0
10979,7,1,0
10979,7,2,0
10980,1,0,0
10980,2,1,0
10980,3,0,0
10980,3,1,0
10980,4,2,0
10980,5,0,0
10980,5,2,0
10980,6,1,0
10980,6,2,0
10980,7,0,0
10980,7,1,0
10980,7,2,0
10981,1,0,0
10981,2,1,0
10981,3,0,0
10981,3,1,0
10981,4,2,0
10981,5,0,0
10981,5,2,0
10981,6,1,0
10981,6,2,0
10981,7,0,0
10981,7,1,0
10981,7,2,0
10982,1,0,0
10982,2,1,0
10982,3,0,0
10982,3,1,0
10982,4,2,0
10982,5,0,0
10982,5,2,0
10982,6,1,0
10982,6,2,0
10982,7,0,0
10982,7,1,0
10982,7,2,0
10983,1,0,0
10983,2,1,0
10983,3,0,0
10983,3,1,0
10983,4,2,0
10983,5,0,0
10983,5,2,0
10983,6,1,0
10983,6,2,0
10983,7,0,0
10983,7,1,0
10983,7,2,0
10984,1,0,0
10984,2,1,0
10984,3,0,0
10984,3,1,0
10984,4,2,0
10984,5,0,0
10984,5,2,0
10984,6,1,0
10984,6,2,0
10984,7,0,0
10984,7,1,0
10984,7,2,0
10985,1,0,0
10985,2,1,0
10985,3,0,0
10985,3,1,0
10985,4,2,0
10985,5,0,0
10985,5,2,0
10985,6,1,0
10985,6,2,0
10985,7,0,0
10985,7,1,0
10985,7,2,0
10986,1,0,0
10986,2,1,0
10986,3,0,0
10986,3,1,0
10986,4,2,0
10986,5,0,0
10986,5,2,0
10986,6,1,0
10986,6,2,0
10986,7,0,0
10986,7,1,0
10986,7,2,0
10987,1,0,0
10987,2,1,0
10987,3,0,0
10987,3,1,0
10987,4,2,0
10987,5,0,0
10987,5,2,0
10987,6,1,0
10987,6,2,0
10987,7,0,0
10987,7,1,0
10987,7,2,0
10988,1,0,0
10988,2,1,0
10988,3,0,0
10988,3,1,0
10988,4,2,0
10988,5,0,0
10988,5,2,0
10988,6,1,0
10988,6,2,0
10988,7,0,0
10988,7,1,0
10988,7,2,0
10989,1,0,1
10989,2,1,1
10989,3,0,1
10989,3,1,1
10989,4,2,1
10989,5,0,1
10989,5,2,1
10989,6,1,1
10989,6,2,1
10989,7,0,1
10989,7,1,1
10989,7,2,1
10990,1,0,1
10990,2,1,1
10990,3,0,1
10990,3,1,1
10990,4,2,1
10990,5,0,1
10990,5,2,1
10990,6,1,1
10990,6,2,1
10990,7,0,1
10990,7,1,1
10990,7,2,1
10991,1,0,0
10991,2,1,0
10991,3,0,0
10991,3,1,0
10991,4,2,0
10991,5,0,0
10991,5,2,0
10991,6,1,0
10991,6,2,0
10991,7,0,0
10991,7,1,0
10991,7,2,0
10992,1,0,0
10992,2,1,0
10992,3,0,0
10992,3,1,0
10992,4,2,0
10992,5,0,0
10992,5,2,0
10992,6,1,0
10992,6,2,0
10992,7,0,0
10992,7,1,0
10992,7,2,0
10993,1,0,0
10993,2,1,0
10993,3,0,0
10993,3,1,0
10993,4,2,0
10993,5,0,0
10993,5,2,0
10993,6,1,0
10993,6,2,0
10993,7,0,0
10993,7,1,0
10993,7,2,0
10994,1,0,0
10994,2,1,0
10994,3,0,0
10994,3,1,0
10994,4,2,0
10994,5,0,0
10994,5,2,0
10994,6,1,0
10994,6,2,0
10994,7,0,0
10994,7,1,0
10994,7,2,0
10995,1,0,0
10995,2,1,0
10995,3,0,0
10995,3,1,0
10995,4,2,0
10995,5,0,0
10995,5,2,0
10995,6,1,0
10995,6,2,0
10995,7,0,0
10995,7,1,0
10995,7,2,0
10996,1,0,0
10996,2,1,0
10996,3,0,0
10996,3,1,0
10996,4,2,0
10996,5,0,0
10996,5,2,0
10996,6,1,0
10996,6,2,0
10996,7,0,0
10996,7,1,0
10996,7,2,0
10997,1,0,0
10997,2,1,0
10997,3,0,0
10997,3,1,0
10997,4,2,0
10997,5,0,0
10997,5,2,0
10997,6,1,0
10997,6,2,0
10997,7,0,0
10997,7,1,0
10997,7,2,0
10998,1,0,0
10998,2,1,0
10998,3,0,0
10998,3,1,0
10998,4,2,0
10998,5,0,0
10998,5,2,0
10998,6,1,0
10998,6,2,0
10998,7,0,0
10998,7,1,0
10998,7,2,0
10999,1,0,0
10999,2,1,0
10999,3,0,0
10999,3,1,0
10999,4,2,0
10999,5,0,0
10999,5,2,0
10999,6,1,0
10999,6,2,0
10999,7,0,0
10999,7,1,0
10999,7,2,0
11000,1,0,0
11000,2,1,0
11000,3,0,0
11000,3,1,0
11000,4,2,0
11000,5,0,0
11000,5,2,0
11000,6,1,0
11000,6,2,0
11000,7,0,0
11000,7,1,0
11000,7,2,0
11001,1,0,0
11001,2,1,0
11001,3,0,0
11001,3,1,0
11001,4,2,0
11001,5,0,0
11001,5,2,0
11001,6,1,0
11001,6,2,0
11001,7,0,0
11001,7,1,0
11001,7,2,0
11002,1,0,0
11002,2,1,0
11002,3,0,0
11002,3,1,0
11002,4,2,0
11002,5,0,0
11002,5,2,0
11002,6,1,0
11002,6,2,0
11002,7,0,0
11002,7,1,0
11002,7,2,0
11003,1,0,0
11003,2,1,0
11003,3,0,0
11003,3,1,0
11003,4,2,0
11003,5,0,0
11003,5,2,0
11003,6,1,0
11003,6,2,0
11003,7,0,0
11003,7,1,0
11003,7,2,0
11004,1,0,0
11004,2,1,0
11004,3,0,0
11004,3,1,0
11004,4,2,0
11004,5,0,0
11004,5,2,0
11004,6,1,0
11004,6,2,0
11004,7,0,0
11004,7,1,0
11004,7,2,0
11005,1,0,0
11005,2,1,0
11005,3,0,0
11005,3,1,0
11005,4,2,0
11005,5,0,0
11005,5,2,0
11005,6,1,0
11005,6,2,0
11005,7,0,0
11005,7,1,0
11005,7,2,0
11006,1,0,0
11006,2,1,0
11006,3,0,0
11006,3,1,0
11006,4,2,0
11006,5,0,0
11006,5,2,0
11006,6,1,0
11006,6,2,0
11006,7,0,0
11006,7,1,0
11006,7,2,0
11007,1,0,0
11007,2,1,0
11007,3,0,0
11007,3,1,0
11007,4,2,0
11007,5,0,0
11007,5,2,0
11007,6,1,0
11007,6,2,0
11007,7,0,0
11007,7,1,0
11007,7,2,0
11008,1,0,0
11008,2,1,0
11008,3,0,0
11008,3,1,0
11008,4,2,0
11008,5,0,0
11008,5,2,0
11008,6,1,0
11008,6,2,0
11008,7,0,0
11008,7,1,0
11008,7,2,0
11009,1,0,0
11009,2,1,0
11009,3,0,0
11009,3,1,0
11009,4,2,0
11009,5,0,0
11009,5,2,0
11009,6,1,0
11009,6,2,0
11009,7,0,0
11009,7,1,0
11009,7,2,0
11010,1,0,0
11010,2,1,0
11010,3,0,0
11010,3,1,0
11010,4,2,0
11010,5,0,0
11010,5,2,0
11010,6,1,0
11010,6,2,0
11010,7,0,0
11010,7,1,0
11010,7,2,0
11011,1,0,0
11011,2,1,0
11011,3,0,0
11011,3,1,0
11011,4,2,0
11011,5,0,0
11011,5,2,0
11011,6,1,0
11011,6,2,0
11011,7,0,0
11011,7,1,0
11011,7,2,0
11012,1,0,0
11012,2,1,0
11012,3,0,0
11012,3,1,0
11012,4,2,0
11012,5,0,0
11012,5,2,0
11012,6,1,0
11012,6,2,0
11012,7,0,0
11012,7,1,0
11012,7,2,0
11013,1,0,0
11013,2,1,0
11013,3,0,0
11013,3,1,0
11013,4,2,0
11013,5,0,0
11013,5,2,0
11013,6,1,0
11013,6,2,0
11013,7,0,0
11013,7,1,0
11013,7,2,0
11014,1,0,0
11014,2,1,0
11014,3,0,0
11014,3,1,0
11014,4,2,0
11014,5,0,0
11014,5,2,0
11014,6,1,0
11014,6,2,0
11014,7,0,0
11014,7,1,0
11014,7,2,0
11015,1,0,0
11015,2,1,0
11015,3,0,0
11015,3,1,0
11015,4,2,0
11015,5,0,0
11015,5,2,0
11015,6,1,0
11015,6,2,0
11015,7,0,0
11015,7,1,0
11015,7,2,0
11016,1,0,1
11016,2,1,1
11016,3,0,1
11016,3,1,1
11016,4,2,1
11016,5,0,1
11016,5,2,1
11016,6,1,1
11016,6,2,1
11016,7,0,1
11016,7,1,1
11016,7,2,1
11017,1,0,1
11017,2,1,1
11017,3,0,1
11017,3,1,1
11017,4,2,1
11017,5,0,1
11017,5,2,1
11017,6,1,1
11017,6,2,1
11017,7,0,1
11017,7,1,1
11017,7,2,1
11018,1,0,0
11018,2,1,1
11018,3,0,0
11018,3,1,1
11018,4,2,1
11018,5,0,0
11018,5,2,1
11018,6,1,1
11018,6,2,1
11018,7,0,0
11018,7,1,1
11018,7,2,1
11019,1,0,1
11019,2,1,1
11019,3,0,1
11019,3,1,1
11019,4,2,1
11019,5,0,1
11019,5,2,1
11019,6,1,1
11019,6,2,1
11019,7,0,1
11019,7,1,1
11019,7,2,1
11020,1,0,1
11020,2,1,1
11020,3,0,1
11020,3,1,1
11020,4,2,1
11020,5,0,1
11020,5,2,1
11020,6,1,1
11020,6,2,1
11020,7,0,1
11020,7,1,1
11020,7,2,1
11021,1,0,0
11021,2,1,1
11021,3,0,0
11021,3,1,1
11021,4,2,1
11021,5,0,0
11021,5,2,1
11021,6,1,1
11021,6,2,1
11021,7,0,0
11021,7,1,1
11021,7,2,1
11022,1,0,1
11022,2,1,1
11022,3,0,1
11022,3,1,1
11022,4,2,1
11022,5,0,1
11022,5,2,1
11022,6,1,1
11022,6,2,1
11022,7,0,1
11022,7,1,1
11022,7,2,1
11023,1,0,1
11023,2,1,1
11023,3,0,1
11023,3,1,1
11023,4,2,1
11023,5,0,1
11023,5,2,1
11023,6,1,1
11023,6,2,1
11023,7,0,1
11023,7,1,1
11023,7,2,1
11024,1,0,0
11024,2,1,1
11024,3,0,0
11024,3,1,1
11024,4,2,1
11024,5,0,0
11024,5,2,1
11024,6,1,1
11024,6,2,1
11024,7,0,0
11024,7,1,1
11024,7,2,1
11025,1,0,1
11025,2,1,1
11025,3,0,1
11025,3,1,1
11025,4,2,1
11025,5,0,1
11025,5,2,1
11025,6,1,1
11025,6,2,1
11025,7,0,1
11025,7,1,1
11025,7,2,1
11026,1,0,1
11026,2,1,1
11026,3,0,1
11026,3,1,1
11026,4,2,1
11026,5,0,1
11026,5,2,1
11026,6,1,1
11026,6,2,1
11026,7,0,1
11026,7,1,1
11026,7,2,1
11027,1,0,0
11027,2,1,1
11027,3,0,0
11027,3,1,1
11027,4,2,1
11027,5,0,0
11027,5,2,1
11027,6,1,1
11027,6,2,1
11027,7,0,0
11027,7,1,1
11027,7,2,1
11028,1,0,1
11028,2,1,1
11028,3,0,1
11028,3,1,1
11028,4,2,1
11028,5,0,1
11028,5,2,1
11028,6,1,1
11028,6,2,1
11028,7,0,1
11028,7,1,1
11028,7,2,1
11029,1,0,1
11029,2,1,1
11029,3,0,1
11029,3,1,1
11029,4,2,1
11029,5,0,1
11029,5,2,1
11029,6,1,1
11029,6,2,1
11029,7,0,1
11029,7,1,1
11029,7,2,1
11030,1,0,0
11030,2,1,1
11030,3,0,0
11030,3,1,1
11030,4,2,1
11030,5,0,0
11030,5,2,1
11030,6,1,1
11030,6,2,1
11030,7,0,0
11030,7,1,1
11030,7,2,1
11031,1,0,1
11031,2,1,1
11031,3,0,1
11031,3,1,1
11031,4,2,1
11031,5,0,1
11031,5,2,1
11031,6,1,1
11031,6,2,1
11031,7,0,1
11031,7,1,1
11031,7,2,1
11032,1,0,1
11032,2,1,1
11032,3,0,1
11032,3,1,1
11032,4,2,1
11032,5,0,1
11032,5,2,1
11032,6,1,1
11032,6,2,1
11032,7,0,1
11032,7,1,1
11032,7,2,1
11033,1,0,0
11033,2,1,1
11033,3,0,0
11033,3,1,1
11033,4,2,1
11033,5,0,0
11033,5,2,1
11033,6,1,1
11033,6,2,1
11033,7,0,0
11033,7,1,1
11033,7,2,1
11034,1,0,1
11034,2,1,1
11034,3,0,1
11034,3,1,1
11034,4,2,1
11034,5,0,1
11034,5,2,1
11034,6,1,1
11034,6,2,1
11034,7,0,1
11034,7,1,1
11034,7,2,1
11035,1,0,1
11035,2,1,1
11035,3,0,1
11035,3,1,1
11035,4,2,1
11035,5,0,1
11035,5,2,1
11035,6,1,1
11035,6,2,1
11035,7,0,1
11035,7,1,1
11035,7,2,1
11036,1,0,0
11036,2,1,1
11036,3,0,0
11036,3,1,1
11036,4,2,1
11036,5,0,0
11036,5,2,1
11036,6,1,1
11036,6,2,1
11036,7,0,0
11036,7,1,1
11036,7,2,1
11037,1,0,1
11037,2,1,1
11037,3,0,1
11037,3,1,1
11037,4,2,1
11037,5,0,1
11037,5,2,1
11037,6,1,1
11037,6,2,1
11037,7,0,1
11037,7,1,1
11037,7,2,1
11038,1,0,1
11038,2,1,1
11038,3,0,1
11038,3,1,1
11038,4,2,1
11038,5,0,1
11038,5,2,1
11038,6,1,1
11038,6,2,1
11038,7,0,1
11038,7,1,1
11038,7,2,1
11039,1,0,0
11039,2,1,1
11039,3,0,0
11039,3,1,1
11039,4,2,1
11039,5,0,0
11039,5,2,1
11039,6,1,1
11039,6,2,1
11039,7,0,0
11039,7,1,1
11039,7,2,1
11040,1,0,1
11040,2,1,1
11040,3,0,1
11040,3,1,1
11040,4,2,1
11040,5,0,1
11040,5,2,1
11040,6,1,1
11040,6,2,1
11040,7,0,1
11040,7,1,1
11040,7,2,1
11041,1,0,1
11041,2,1,1
11041,3,0,1
11041,3,1,1
11041,4,2,1
11041,5,0,1
11041,5,2,1
11041,6,1,1
11041,6,2,1
11041,7,0,1
11041,7,1,1
11041,7,2,1
11042,1,0,0
11042,2,1,1
11042,3,0,0
11042,3,1,1
11042,4,2,1
11042,5,0,0
11042,5,2,1
11042,6,1,1
11042,6,2,1
11042,7,0,0
11042,7,1,1
11042,7,2,1
11043,1,0,1
11043,2,1,1
11043,3,0,1
11043,3,1,1
11043,4,2,1
11043,5,0,1
11043,5,2,1
11043,6,1,1
11043,6,2,1
11043,7,0,1
11043,7,1,1
11043,7,2,1
11044,1,0,1
11044,2,1,1
11044,3,0,1
11044,3,1,1
11044,4,2,1
11044,5,0,1
11044,5,2,1
11044,6,1,1
11044,6,2,1
11044,7,0,1
11044,7,1,1
11044,7,2,1
11045,1,0,0
11045,2,1,0
11045,3,0,0
11045,3,1,0
11045,4,2,0
11045,5,0,0
11045,5,2,0
11045,6,1,0
11045,6,2,0
11045,7,0,0
11045,7,1,0
11045,7,2,0
11046,1,0,1
11046,2,1,1
11046,3,0,1
11046,3,1,1
11046,4,2,1
11046,5,0,1
11046,5,2,1
11046,6,1,1
11046,6,2,1
11046,7,0,1
11046,7,1,1
11046,7,2,1
11047,1,0,1
11047,2,1,1
11047,3,0,1
11047,3,1,1
11047,4,2,1
11047,5,0,1
11047,5,2,1
11047,6,1,1
11047,6,2,1
11047,7,0,1
11047,7,1,1
11047,7,2,1
11048,1,0,0
11048,2,1,0
11048,3,0,0
11048,3,1,0
11048,4,2,0
11048,5,0,0
11048,5,2,0
11048,6,1,0
11048,6,2,0
11048,7,0,0
11048,7,1,0
11048,7,2,0
11049,1,0,0
11049,2,1,0
11049,3,0,0
11049,3,1,0
11049,4,2,0
11049,5,0,0
11049,5,2,0
11049,6,1,0
11049,6,2,0
11049,7,0,0
11049,7,1,0
11049,7,2,0
11050,1,0,0
11050,2,1,0
11050,3,0,0
11050,3,1,0
11050,4,2,0
11050,5,0,0
11050,5,2,0
11050,6,1,0
11050,6,2,0
11050,7,0,0
11050,7,1,0
11050,7,2,0
11051,1,0,0
11051,2,1,0
11051,3,0,0
11051,3,1,0
11051,4,2,0
11051,5,0,0
11051,5,2,0
11051,6,1,0
11051,6,2,0
11051,7,0,0
11051,7,1,0
11051,7,2,0
11052,1,0,0
11052,2,1,0
11052,3,0,0
11052,3,1,0
11052,4,2,0
11052,5,0,0
11052,5,2,0
11052,6,1,0
11052,6,2,0
11052,7,0,0
11052,7,1,0
11052,7,2,0
11053,1,0,0
11053,2,1,0
11053,3,0,0
11053,3,1,0
11053,4,2,0
11053,5,0,0
11053,5,2,0
11053,6,1,0
11053,6,2,0
11053,7,0,0
11053,7,1,0
11053,7,2,0
11054,1,0,0
11054,2,1,0
11054,3,0,0
11054,3,1,0
11054,4,2,0
11054,5,0,0
11054,5,2,0
11054,6,1,0
11054,6,2,0
11054,7,0,0
11054,7,1,0
11054,7,2,0
11055,1,0,0
11055,2,1,0
11055,3,0,0
11055,3,1,0
11055,4,2,0
11055,5,0,0
11055,5,2,0
11055,6,1,0
11055,6,2,0
11055,7,0,0
11055,7,1,0
11055,7,2,0
11056,1,0,0
11056,2,1,0
11056,3,0,0
11056,3,1,0
11056,4,2,0
11056,5,0,0
11056,5,2,0
11056,6,1,0
11056,6,2,0
11056,7,0,0
11056,7,1,0
11056,7,2,0
11057,1,0,0
11057,2,1,0
11057,3,0,0
11057,3,1,0
11057,4,2,0
11057,5,0,0
11057,5,2,0
11057,6,1,0
11057,6,2,0
11057,7,0,0
11057,7,1,0
11057,7,2,0
11058,1,0,0
11058,2,1,0
11058,3,0,0
11058,3,1,0
11058,4,2,0
11058,5,0,0
11058,5,2,0
11058,6,1,0
11058,6,2,0
11058,7,0,0
11058,7,1,0
11058,7,2,0
11059,1,0,0
11059,2,1,0
11059,3,0,0
11059,3,1,0
11059,4,2,0
11059,5,0,0
11059,5,2,0
11059,6,1,0
11059,6,2,0
11059,7,0,0
11059,7,1,0
11059,7,2,0
11060,1,0,0
11060,2,1,0
11060,3,0,0
11060,3,1,0
11060,4,2,0
11060,5,0,0
11060,5,2,0
11060,6,1,0
11060,6,2,0
11060,7,0,0
11060,7,1,0
11060,7,2,0
11061,1,0,0
11061,2,1,0
11061,3,0,0
11061,3,1,0
11061,4,2,0
11061,5,0,0
11061,5,2,0
11061,6,1,0
11061,6,2,0
11061,7,0,0
11061,7,1,0
11061,7,2,0
11062,1,0,0
11062,2,1,0
11062,3,0,0
11062,3,1,0
11062,4,2,0
11062,5,0,0
11062,5,2,0
11062,6,1,0
11062,6,2,0
11062,7,0,0
11062,7,1,0
11062,7,2,0
11063,1,0,0
11063,2,1,0
11063,3,0,0
11063,3,1,0
11063,4,2,0
11063,5,0,0
11063,5,2,0
11063,6,1,0
11063,6,2,0
11063,7,0,0
11063,7,1,0
11063,7,2,0
11064,1,0,0
11064,2,1,0
11064,3,0,0
11064,3,1,0
11064,4,2,0
11064,5,0,0
11064,5,2,0
11064,6,1,0
11064,6,2,0
11064,7,0,0
11064,7,1,0
11064,7,2,0
11065,1,0,0
11065,2,1,0
11065,3,0,0
11065,3,1,0
11065,4,2,0
11065,5,0,0
11065,5,2,0
11065,6,1,0
11065,6,2,0
11065,7,0,0
11065,7,1,0
11065,7,2,0
11066,1,0,0
11066,2,1,0
11066,3,0,0
11066,3,1,0
11066,4,2,0
11066,5,0,0
11066,5,2,0
11066,6,1,0
11066,6,2,0
11066,7,0,0
11066,7,1,0
11066,7,2,0
11067,1,0,0
11067,2,1,0
11067,3,0,0
11067,3,1,0
11067,4,2,0
11067,5,0,0
11067,5,2,0
11067,6,1,0
11067,6,2,0
11067,7,0,0
11067,7,1,0
11067,7,2,0
11068,1,0,0
11068,2,1,0
11068,3,0,0
11068,3,1,0
11068,4,2,0
11068,5,0,0
11068,5,2,0
11068,6,1,0
11068,6,2,0
11068,7,0,0
11068,7,1,0
11068,7,2,0
11069,1,0,0
11069,2,1,0
11069,3,0,0
11069,3,1,0
11069,4,2,0
11069,5,0,0
11069,5,2,0
11069,6,1,0
11069,6,2,0
11069,7,0,0
11069,7,1,0
11069,7,2,0
11070,1,0,1
11070,2,1,1
11070,3,0,1
11070,3,1,1
11070,4,2,1
11070,5,0,1
11070,5,2,1
11070,6,1,1
11070,6,2,1
11070,7,0,1
11070,7,1,1
11070,7,2,1
11071,1,0,1
11071,2,1,1
11071,3,0,1
11071,3,1,1
11071,4,2,1
11071,5,0,1
11071,5,2,1
11071,6,1,1
11071,6,2,1
11071,7,0,1
11071,7,1,1
11071,7,2,1
11072,1,0,0
11072,2,1,0
11072,3,0,0
11072,3,1,0
11072,4,2,0
11072,5,0,0
11072,5,2,0
11072,6,1,0
11072,6,2,0
11072,7,0,0
11072,7,1,0
11072,7,2,0
11073,1,0,0
11073,2,1,0
11073,3,0,0
11073,3,1,0
11073,4,2,0
11073,5,0,0
11073,5,2,0
11073,6,1,0
11073,6,2,0
11073,7,0,0
11073,7,1,0
11073,7,2,0
11074,1,0,0
11074,2,1,0
11074,3,0,0
11074,3,1,0
11074,4,2,0
11074,5,0,0
11074,5,2,0
11074,6,1,0
11074,6,2,0
11074,7,0,0
11074,7,1,0
11074,7,2,0
11075,1,0,0
11075,2,1,0
11075,3,0,0
11075,3,1,0
11075,4,2,0
11075,5,0,0
11075,5,2,0
11075,6,1,0
11075,6,2,0
11075,7,0,0
11075,7,1,0
11075,7,2,0
11076,1,0,0
11076,2,1,0
11076,3,0,0
11076,3,1,0
11076,4,2,0
11076,5,0,0
11076,5,2,0
11076,6,1,0
11076,6,2,0
11076,7,0,0
11076,7,1,0
11076,7,2,0
11077,1,0,0
11077,2,1,0
11077,3,0,0
11077,3,1,0
11077,4,2,0
11077,5,0,0
11077,5,2,0
11077,6,1,0
11077,6,2,0
11077,7,0,0
11077,7,1,0
11077,7,2,0
11078,1,0,0
11078,2,1,0
11078,3,0,0
11078,3,1,0
11078,4,2,0
11078,5,0,0
11078,5,2,0
11078,6,1,0
11078,6,2,0
11078,7,0,0
11078,7,1,0
11078,7,2,0
11079,1,0,0
11079,2,1,0
11079,3,0,0
11079,3,1,0
11079,4,2,0
11079,5,0,0
11079,5,2,0
11079,6,1,0
11079,6,2,0
11079,7,0,0
11079,7,1,0
11079,7,2,0
11080,1,0,0
11080,2,1,0
11080,3,0,0
11080,3,1,0
11080,4,2,0
11080,5,0,0
11080,5,2,0
11080,6,1,0
11080,6,2,0
11080,7,0,0
11080,7,1,0
11080,7,2,0
11081,1,0,0
11081,2,1,0
11081,3,0,0
11081,3,1,0
11081,4,2,0
11081,5,0,0
11081,5,2,0
11081,6,1,0
11081,6,2,0
11081,7,0,0
11081,7,1,0
11081,7,2,0
11082,1,0,0
11082,2,1,0
11082,3,0,0
11082,3,1,0
11082,4,2,0
11082,5,0,0
11082,5,2,0
11082,6,1,0
11082,6,2,0
11082,7,0,0
11082,7,1,0
11082,7,2,0
11083,1,0,0
11083,2,1,0
11083,3,0,0
11083,3,1,0
11083,4,2,0
11083,5,0,0
11083,5,2,0
11083,6,1,0
11083,6,2,0
11083,7,0,0
11083,7,1,0
11083,7,2,0
11084,1,0,0
11084,2,1,0
11084,3,0,0
11084,3,1,0
11084,4,2,0
11084,5,0,0
11084,5,2,0
11084,6,1,0
11084,6,2,0
11084,7,0,0
11084,7,1,0
11084,7,2,0
11085,1,0,0
11085,2,1,0
11085,3,0,0
11085,3,1,0
11085,4,2,0
11085,5,0,0
11085,5,2,0
11085,6,1,0
11085,6,2,0
11085,7,0,0
11085,7,1,0
11085,7,2,0
11086,1,0,0
11086,2,1,0
11086,3,0,0
11086,3,1,0
11086,4,2,0
11086,5,0,0
11086,5,2,0
11086,6,1,0
11086,6,2,0
11086,7,0,0
11086,7,1,0
11086,7,2,0
11087,1,0,0
11087,2,1,0
11087,3,0,0
11087,3,1,0
11087,4,2,0
11087,5,0,0
11087,5,2,0
11087,6,1,0
11087,6,2,0
11087,7,0,0
11087,7,1,0
11087,7,2,0
11088,1,0,0
11088,2,1,0
11088,3,0,0
11088,3,1,0
11088,4,2,0
11088,5,0,0
11088,5,2,0
11088,6,1,0
11088,6,2,0
11088,7,0,0
11088,7,1,0
11088,7,2,0
11089,1,0,0
11089,2,1,0
11089,3,0,0
11089,3,1,0
11089,4,2,0
11089,5,0,0
11089,5,2,0
11089,6,1,0
11089,6,2,0
11089,7,0,0
11089,7,1,0
11089,7,2,0
11090,1,0,0
11090,2,1,0
11090,3,0,0
11090,3,1,0
11090,4,2,0
11090,5,0,0
11090,5,2,0
11090,6,1,0
11090,6,2,0
11090,7,0,0
11090,7,1,0
11090,7,2,0
11091,1,0,0
11091,2,1,0
11091,3,0,0
11091,3,1,0
11091,4,2,0
11091,5,0,0
11091,5,2,0
11091,6,1,0
11091,6,2,0
11091,7,0,0
11091,7,1,0
11091,7,2,0
11092,1,0,0
11092,2,1,0
11092,3,0,0
11092,3,1,0
11092,4,2,0
11092,5,0,0
11092,5,2,0
11092,6,1,0
11092,6,2,0
11092,7,0,0
11092,7,1,0
11092,7,2,0
11093,1,0,0
11093,2,1,0
11093,3,0,0
11093,3,1,0
11093,4,2,0
11093,5,0,0
11093,5,2,0
11093,6,1,0
11093,6,2,0
11093,7,0,0
11093,7,1,0
11093,7,2,0
11094,1,0,0
11094,2,1,0
11094,3,0,0
11094,3,1,0
11094,4,2,0
11094,5,0,0
11094,5,2,0
11094,6,1,0
11094,6,2,0
11094,7,0,0
11094,7,1,0
11094,7,2,0
11095,1,0,0
11095,2,1,0
11095,3,0,0
11095,3,1,0
11095,4,2,0
11095,5,0,0
11095,5,2,0
11095,6,1,0
11095,6,2,0
11095,7,0,0
11095,7,1,0
11095,7,2,0
11096,1,0,0
11096,2,1,0
11096,3,0,0
11096,3,1,0
11096,4,2,0
11096,5,0,0
11096,5,2,0
11096,6,1,0
11096,6,2,0
11096,7,0,0
11096,7,1,0
11096,7,2,0
11097,1,0,1
11097,2,1,0
11097,3,0,1
11097,3,1,0
11097,4,2,0
11097,5,0,1
11097,5,2,0
11097,6,1,0
11097,6,2,0
11097,7,0,1
11097,7,1,0
11097,7,2,0
11098,1,0,1
11098,2,1,0
11098,3,0,1
11098,3,1,0
11098,4,2,0
11098,5,0,1
11098,5,2,0
11098,6,1,0
11098,6,2,0
11098,7,0,1
11098,7,1,0
11098,7,2,0
11099,1,0,0
11099,2,1,0
11099,3,0,0
11099,3,1,0
11099,4,2,0
11099,5,0,0
11099,5,2,0
11099,6,1,0
11099,6,2,0
11099,7,0,0
11099,7,1,0
11099,7,2,0
11100,1,0,0
11100,2,1,0
11100,3,0,0
11100,3,1,0
11100,4,2,0
11100,5,0,0
11100,5,2,0
11100,6,1,0
11100,6,2,0
11100,7,0,0
11100,7,1,0
11100,7,2,0
11101,1,0,0
11101,2,1,0
11101,3,0,0
11101,3,1,0
11101,4,2,0
11101,5,0,0
11101,5,2,0
11101,6,1,0
11101,6,2,0
11101,7,0,0
11101,7,1,0
11101,7,2,0
11102,1,0,0
11102,2,1,0
11102,3,0,0
11102,3,1,0
11102,4,2,0
11102,5,0,0
11102,5,2,0
11102,6,1,0
11102,6,2,0
11102,7,0,0
11102,7,1,0
11102,7,2,0
11103,1,0,0
11103,2,1,0
11103,3,0,0
11103,3,1,0
11103,4,2,0
11103,5,0,0
11103,5,2,0
11103,6,1,0
11103,6,2,0
11103,7,0,0
11103,7,1,0
11103,7,2,0
11104,1,0,0
11104,2,1,0
11104,3,0,0
11104,3,1,0
11104,4,2,0
11104,5,0,0
11104,5,2,0
11104,6,1,0
11104,6,2,0
11104,7,0,0
11104,7,1,0
11104,7,2,0
11105,1,0,0
11105,2,1,0
11105,3,0,0
11105,3,1,0
11105,4,2,0
11105,5,0,0
11105,5,2,0
11105,6,1,0
11105,6,2,0
11105,7,0,0
11105,7,1,0
11105,7,2,0
11106,1,0,0
11106,2,1,0
11106,3,0,0
11106,3,1,0
11106,4,2,0
11106,5,0,0
11106,5,2,0
11106,6,1,0
11106,6,2,0
11106,7,0,0
11106,7,1,0
11106,7,2,0
11107,1,0,0
11107,2,1,0
11107,3,0,0
11107,3,1,0
11107,4,2,0
11107,5,0,0
11107,5,2,0
11107,6,1,0
11107,6,2,0
11107,7,0,0
11107,7,1,0
11107,7,2,0
11108,1,0,0
11108,2,1,0
11108,3,0,0
11108,3,1,0
11108,4,2,0
11108,5,0,0
11108,5,2,0
11108,6,1,0
11108,6,2,0
11108,7,0,0
11108,7,1,0
11108,7,2,0
11109,1,0,0
11109,2,1,0
11109,3,0,0
11109,3,1,0
11109,4,2,0
11109,5,0,0
11109,5,2,0
11109,6,1,0
11109,6,2,0
11109,7,0,0
11109,7,1,0
11109,7,2,0
11110,1,0,0
11110,2,1,0
11110,3,0,0
11110,3,1,0
11110,4,2,0
11110,5,0,0
11110,5,2,0
11110,6,1,0
11110,6,2,0
11110,7,0,0
11110,7,1,0
11110,7,2,0
11111,1,0,0
11111,2,1,0
11111,3,0,0
11111,3,1,0
11111,4,2,0
11111,5,0,0
11111,5,2,0
11111,6,1,0
11111,6,2,0
11111,7,0,0
11111,7,1,0
11111,7,2,0
11112,1,0,0
11112,2,1,0
11112,3,0,0
11112,3,1,0
11112,4,2,0
11112,5,0,0
11112,5,2,0
11112,6,1,0
11112,6,2,0
11112,7,0,0
11112,7,1,0
11112,7,2,0
11113,1,0,0
11113,2,1,0
11113,3,0,0
11113,3,1,0
11113,4,2,0
11113,5,0,0
11113,5,2,0
11113,6,1,0
11113,6,2,0
11113,7,0,0
11113,7,1,0
11113,7,2,0
11114,1,0,0
11114,2,1,0
11114,3,0,0
11114,3,1,0
11114,4,2,0
11114,5,0,0
11114,5,2,0
11114,6,1,0
11114,6,2,0
11114,7,0,0
11114,7,1,0
11114,7,2,0
11115,1,0,0
11115,2,1,0
11115,3,0,0
11115,3,1,0
11115,4,2,0
11115,5,0,0
11115,5,2,0
11115,6,1,0
11115,6,2,0
11115,7,0,0
11115,7,1,0
11115,7,2,0
11116,1,0,0
11116,2,1,0
11116,3,0,0
11116,3,1,0
11116,4,2,0
11116,5,0,0
11116,5,2,0
11116,6,1,0
11116,6,2,0
11116,7,0,0
11116,7,1,0
11116,7,2,0
11117,1,0,0
11117,2,1,0
11117,3,0,0
11117,3,1,0
11117,4,2,0
11117,5,0,0
11117,5,2,0
11117,6,1,0
11117,6,2,0
11117,7,0,0
11117,7,1,0
11117,7,2,0
11118,1,0,0
11118,2,1,0
11118,3,0,0
11118,3,1,0
11118,4,2,0
11118,5,0,0
11118,5,2,0
11118,6,1,0
11118,6,2,0
11118,7,0,0
11118,7,1,0
11118,7,2,0
11119,1,0,0
11119,2,1,0
11119,3,0,0
11119,3,1,0
11119,4,2,0
11119,5,0,0
11119,5,2,0
11119,6,1,0
11119,6,2,0
11119,7,0,0
11119,7,1,0
11119,7,2,0
11120,1,0,0
11120,2,1,0
11120,3,0,0
11120,3,1,0
11120,4,2,0
11120,5,0,0
11120,5,2,0
11120,6,1,0
11120,6,2,0
11120,7,0,0
11120,7,1,0
11120,7,2,0
11121,1,0,0
11121,2,1,0
11121,3,0,0
11121,3,1,0
11121,4,2,0
11121,5,0,0
11121,5,2,0
11121,6,1,0
11121,6,2,0
11121,7,0,0
11121,7,1,0
11121,7,2,0
11122,1,0,0
11122,2,1,0
11122,3,0,0
11122,3,1,0
11122,4,2,0
11122,5,0,0
11122,5,2,0
11122,6,1,0
11122,6,2,0
11122,7,0,0
11122,7,1,0
11122,7,2,0
11123,1,0,0
11123,2,1,0
11123,3,0,0
11123,3,1,0
11123,4,2,0
11123,5,0,0
11123,5,2,0
11123,6,1,0
11123,6,2,0
11123,7,0,0
11123,7,1,0
11123,7,2,0
11124,1,0,1
11124,2,1,0
11124,3,0,1
11124,3,1,0
11124,4,2,0
11124,5,0,1
11124,5,2,0
11124,6,1,0
11124,6,2,0
11124,7,0,1
11124,7,1,0
11124,7,2,0
11125,1,0,1
11125,2,1,0
11125,3,0,1
11125,3,1,0
11125,4,2,0
11125,5,0,1
11125,5,2,0
11125,6,1,0
11125,6,2,0
11125,7,0,1
11125,7,1,0
11125,7,2,0
11126,1,0,0
11126,2,1,0
11126,3,0,0
11126,3,1,0
11126,4,2,0
11126,5,0,0
11126,5,2,0
11126,6,1,0
11126,6,2,0
11126,7,0,0
11126,7,1,0
11126,7,2,0
11127,1,0,0
11127,2,1,0
11127,3,0,0
11127,3,1,0
11127,4,2,0
11127,5,0,0
11127,5,2,0
11127,6,1,0
11127,6,2,0
11127,7,0,0
11127,7,1,0
11127,7,2,0
11128,1,0,0
11128,2,1,0
11128,3,0,0
11128,3,1,0
11128,4,2,0
11128,5,0,0
11128,5,2,0
11128,6,1,0
11128,6,2,0
11128,7,0,0
11128,7,1,0
11128,7,2,0
11129,1,0,0
11129,2,1,0
11129,3,0,0
11129,3,1,0
11129,4,2,0
11129,5,0,0
11129,5,2,0
11129,6,1,0
11129,6,2,0
11129,7,0,0
11129,7,1,0
11129,7,2,0
11130,1,0,0
11130,2,1,0
11130,3,0,0
11130,3,1,0
11130,4,2,0
11130,5,0,0
11130,5,2,0
11130,6,1,0
11130,6,2,0
11130,7,0,0
11130,7,1,0
11130,7,2,0
11131,1,0,0
11131,2,1,0
11131,3,0,0
11131,3,1,0
11131,4,2,0
11131,5,0,0
11131,5,2,0
11131,6,1,0
11131,6,2,0
11131,7,0,0
11131,7,1,0
11131,7,2,0
11132,1,0,0
11132,2,1,0
11132,3,0,0
11132,3,1,0
11132,4,2,0
11132,5,0,0
11132,5,2,0
11132,6,1,0
11132,6,2,0
11132,7,0,0
11132,7,1,0
11132,7,2,0
11133,1,0,0
11133,2,1,0
11133,3,0,0
11133,3,1,0
11133,4,2,0
11133,5,0,0
11133,5,2,0
11133,6,1,0
11133,6,2,0
11133,7,0,0
11133,7,1,0
11133,7,2,0
11134,1,0,0
11134,2,1,0
11134,3,0,0
11134,3,1,0
11134,4,2,0
11134,5,0,0
11134,5,2,0
11134,6,1,0
11134,6,2,0
11134,7,0,0
11134,7,1,0
11134,7,2,0
11135,1,0,0
11135,2,1,0
11135,3,0,0
11135,3,1,0
11135,4,2,0
11135,5,0,0
11135,5,2,0
11135,6,1,0
11135,6,2,0
11135,7,0,0
11135,7,1,0
11135,7,2,0
11136,1,0,0
11136,2,1,0
11136,3,0,0
11136,3,1,0
11136,4,2,0
11136,5,0,0
11136,5,2,0
11136,6,1,0
11136,6,2,0
11136,7,0,0
11136,7,1,0
11136,7,2,0
11137,1,0,0
11137,2,1,0
11137,3,0,0
11137,3,1,0
11137,4,2,0
11137,5,0,0
11137,5,2,0
11137,6,1,0
11137,6,2,0
11137,7,0,0
11137,7,1,0
11137,7,2,0
11138,1,0,0
11138,2,1,0
11138,3,0,0
11138,3,1,0
11138,4,2,0
11138,5,0,0
11138,5,2,0
11138,6,1,0
11138,6,2,0
11138,7,0,0
11138,7,1,0
11138,7,2,0
11139,1,0,0
11139,2,1,0
11139,3,0,0
11139,3,1,0
11139,4,2,0
11139,5,0,0
11139,5,2,0
11139,6,1,0
11139,6,2,0
11139,7,0,0
11139,7,1,0
11139,7,2,0
11140,1,0,0
11140,2,1,0
11140,3,0,0
11140,3,1,0
11140,4,2,0
11140,5,0,0
11140,5,2,0
11140,6,1,0
11140,6,2,0
11140,7,0,0
11140,7,1,0
11140,7,2,0
11141,1,0,0
11141,2,1,0
11141,3,0,0
11141,3,1,0
11141,4,2,0
11141,5,0,0
11141,5,2,0
11141,6,1,0
11141,6,2,0
11141,7,0,0
11141,7,1,0
11141,7,2,0
11142,1,0,0
11142,2,1,0
11142,3,0,0
11142,3,1,0
11142,4,2,0
11142,5,0,0
11142,5,2,0
11142,6,1,0
11142,6,2,0
11142,7,0,0
11142,7,1,0
11142,7,2,0
11143,1,0,0
11143,2,1,0
11143,3,0,0
11143,3,1,0
11143,4,2,0
11143,5,0,0
11143,5,2,0
11143,6,1,0
11143,6,2,0
11143,7,0,0
11143,7,1,0
11143,7,2,0
11144,1,0,0
11144,2,1,0
11144,3,0,0
11144,3,1,0
11144,4,2,0
11144,5,0,0
11144,5,2,0
11144,6,1,0
11144,6,2,0
11144,7,0,0
11144,7,1,0
11144,7,2,0
11145,1,0,0
11145,2,1,0
11145,3,0,0
11145,3,1,0
11145,4,2,0
11145,5,0,0
11145,5,2,0
11145,6,1,0
11145,6,2,0
11145,7,0,0
11145,7,1,0
11145,7,2,0
11146,1,0,0
11146,2,1,0
11146,3,0,0
11146,3,1,0
11146,4,2,0
11146,5,0,0
11146,5,2,0
11146,6,1,0
11146,6,2,0
11146,7,0,0
11146,7,1,0
11146,7,2,0
11147,1,0,0
11147,2,1,0
11147,3,0,0
11147,3,1,0
11147,4,2,0
11147,5,0,0
11147,5,2,0
11147,6,1,0
11147,6,2,0
11147,7,0,0
11147,7,1,0
11147,7,2,0
11148,1,0,0
11148,2,1,0
11148,3,0,0
11148,3,1,0
11148,4,2,0
11148,5,0,0
11148,5,2,0
11148,6,1,0
11148,6,2,0
11148,7,0,0
11148,7,1,0
11148,7,2,0
11149,1,0,0
11149,2,1,0
11149,3,0,0
11149,3,1,0
11149,4,2,0
11149,5,0,0
11149,5,2,0
11149,6,1,0
11149,6,2,0
11149,7,0,0
11149,7,1,0
11149,7,2,0
11150,1,0,0
11150,2,1,0
11150,3,0,0
11150,3,1,0
11150,4,2,0
11150,5,0,0
11150,5,2,0
11150,6,1,0
11150,6,2,0
11150,7,0,0
11150,7,1,0
11150,7,2,0
11151,1,0,1
11151,2,1,0
11151,3,0,1
11151,3,1,0
11151,4,2,0
11151,5,0,1
11151,5,2,0
11151,6,1,0
11151,6,2,0
11151,7,0,1
11151,7,1,0
11151,7,2,0
11152,1,0,1
11152,2,1,0
11152,3,0,1
11152,3,1,0
11152,4,2,0
11152,5,0,1
11152,5,2,0
11152,6,1,0
11152,6,2,0
11152,7,0,1
11152,7,1,0
11152,7,2,0
11153,1,0,0
11153,2,1,0
11153,3,0,0
11153,3,1,0
11153,4,2,0
11153,5,0,0
11153,5,2,0
11153,6,1,0
11153,6,2,0
11153,7,0,0
11153,7,1,0
11153,7,2,0
11154,1,0,0
11154,2,1,0
11154,3,0,0
11154,3,1,0
11154,4,2,0
11154,5,0,0
11154,5,2,0
11154,6,1,0
11154,6,2,0
11154,7,0,0
11154,7,1,0
11154,7,2,0
11155,1,0,0
11155,2,1,0
11155,3,0,0
11155,3,1,0
11155,4,2,0
11155,5,0,0
11155,5,2,0
11155,6,1,0
11155,6,2,0
11155,7,0,0
11155,7,1,0
11155,7,2,0
11156,1,0,0
11156,2,1,0
11156,3,0,0
11156,3,1,0
11156,4,2,0
11156,5,0,0
11156,5,2,0
11156,6,1,0
11156,6,2,0
11156,7,0,0
11156,7,1,0
11156,7,2,0
11157,1,0,0
11157,2,1,0
11157,3,0,0
11157,3,1,0
11157,4,2,0
11157,5,0,0
11157,5,2,0
11157,6,1,0
11157,6,2,0
11157,7,0,0
11157,7,1,0
11157,7,2,0
11158,1,0,0
11158,2,1,0
11158,3,0,0
11158,3,1,0
11158,4,2,0
11158,5,0,0
11158,5,2,0
11158,6,1,0
11158,6,2,0
11158,7,0,0
11158,7,1,0
11158,7,2,0
11159,1,0,0
11159,2,1,0
11159,3,0,0
11159,3,1,0
11159,4,2,0
11159,5,0,0
11159,5,2,0
11159,6,1,0
11159,6,2,0
11159,7,0,0
11159,7,1,0
11159,7,2,0
11160,1,0,0
11160,2,1,0
11160,3,0,0
11160,3,1,0
11160,4,2,0
11160,5,0,0
11160,5,2,0
11160,6,1,0
11160,6,2,0
11160,7,0,0
11160,7,1,0
11160,7,2,0
11161,1,0,0
11161,2,1,0
11161,3,0,0
11161,3,1,0
11161,4,2,0
11161,5,0,0
11161,5,2,0
11161,6,1,0
11161,6,2,0
11161,7,0,0
11161,7,1,0
11161,7,2,0
11162,1,0,0
11162,2,1,0
11162,3,0,0
11162,3,1,0
11162,4,2,0
11162,5,0,0
11162,5,2,0
11162,6,1,0
11162,6,2,0
11162,7,0,0
11162,7,1,0
11162,7,2,0
11163,1,0,0
11163,2,1,0
11163,3,0,0
11163,3,1,0
11163,4,2,0
11163,5,0,0
11163,5,2,0
11163,6,1,0
11163,6,2,0
11163,7,0,0
11163,7,1,0
11163,7,2,0
11164,1,0,0
11164,2,1,0
11164,3,0,0
11164,3,1,0
11164,4,2,0
11164,5,0,0
11164,5,2,0
11164,6,1,0
11164,6,2,0
11164,7,0,0
11164,7,1,0
11164,7,2,0
11165,1,0,0
11165,2,1,0
11165,3,0,0
11165,3,1,0
11165,4,2,0
11165,5,0,0
11165,5,2,0
11165,6,1,0
11165,6,2,0
11165,7,0,0
11165,7,1,0
11165,7,2,0
11166,1,0,0
11166,2,1,0
11166,3,0,0
11166,3,1,0
11166,4,2,0
11166,5,0,0
11166,5,2,0
11166,6,1,0
11166,6,2,0
11166,7,0,0
11166,7,1,0
11166,7,2,0
11167,1,0,0
11167,2,1,0
11167,3,0,0
11167,3,1,0
11167,4,2,0
11167,5,0,0
11167,5,2,0
11167,6,1,0
11167,6,2,0
11167,7,0,0
11167,7,1,0
11167,7,2,0
11168,1,0,0
11168,2,1,0
11168,3,0,0
11168,3,1,0
11168,4,2,0
11168,5,0,0
11168,5,2,0
11168,6,1,0
11168,6,2,0
11168,7,0,0
11168,7,1,0
11168,7,2,0
11169,1,0,0
11169,2,1,0
11169,3,0,0
11169,3,1,0
11169,4,2,0
11169,5,0,0
11169,5,2,0
11169,6,1,0
11169,6,2,0
11169,7,0,0
11169,7,1,0
11169,7,2,0
11170,1,0,0
11170,2,1,0
11170,3,0,0
11170,3,1,0
11170,4,2,0
11170,5,0,0
11170,5,2,0
11170,6,1,0
11170,6,2,0
11170,7,0,0
11170,7,1,0
11170,7,2,0
11171,1,0,0
11171,2,1,0
11171,3,0,0
11171,3,1,0
11171,4,2,0
11171,5,0,0
11171,5,2,0
11171,6,1,0
11171,6,2,0
11171,7,0,0
11171,7,1,0
11171,7,2,0
11172,1,0,0
11172,2,1,0
11172,3,0,0
11172,3,1,0
11172,4,2,0
11172,5,0,0
11172,5,2,0
11172,6,1,0
11172,6,2,0
11172,7,0,0
11172,7,1,0
11172,7,2,0
11173,1,0,0
11173,2,1,0
11173,3,0,0
11173,3,1,0
11173,4,2,0
11173,5,0,0
11173,5,2,0
11173,6,1,0
11173,6,2,0
11173,7,0,0
11173,7,1,0
11173,7,2,0
11174,1,0,0
11174,2,1,0
11174,3,0,0
11174,3,1,0
11174,4,2,0
11174,5,0,0
11174,5,2,0
11174,6,1,0
11174,6,2,0
11174,7,0,0
11174,7,1,0
11174,7,2,0
11175,1,0,0
11175,2,1,0
11175,3,0,0
11175,3,1,0
11175,4,2,0
11175,5,0,0
11175,5,2,0
11175,6,1,0
11175,6,2,0
11175,7,0,0
11175,7,1,0
11175,7,2,0
11176,1,0,0
11176,2,1,0
11176,3,0,0
11176,3,1,0
11176,4,2,0
11176,5,0,0
11176,5,2,0
11176,6,1,0
11176,6,2,0
11176,7,0,0
11176,7,1,0
11176,7,2,0
11177,1,0,0
11177,2,1,0
11177,3,0,0
11177,3,1,0
11177,4,2,0
11177,5,0,0
11177,5,2,0
11177,6,1,0
11177,6,2,0
11177,7,0,0
11177,7,1,0
11177,7,2,0
11178,1,0,1
11178,2,1,0
11178,3,0,1
11178,3,1,0
11178,4,2,0
11178,5,0,1
11178,5,2,0
11178,6,1,0
11178,6,2,0
11178,7,0,1
11178,7,1,0
11178,7,2,0
11179,1,0,1
11179,2,1,0
11179,3,0,1
11179,3,1,0
11179,4,2,0
11179,5,0,1
11179,5,2,0
11179,6,1,0
11179,6,2,0
11179,7,0,1
11179,7,1,0
11179,7,2,0
11180,1,0,0
11180,2,1,0
11180,3,0,0
11180,3,1,0
11180,4,2,0
11180,5,0,0
11180,5,2,0
11180,6,1,0
11180,6,2,0
11180,7,0,0
11180,7,1,0
11180,7,2,0
11181,1,0,0
11181,2,1,0
11181,3,0,0
11181,3,1,0
11181,4,2,0
11181,5,0,0
11181,5,2,0
11181,6,1,0
11181,6,2,0
11181,7,0,0
11181,7,1,0
11181,7,2,0
11182,1,0,0
11182,2,1,0
11182,3,0,0
11182,3,1,0
11182,4,2,0
11182,5,0,0
11182,5,2,0
11182,6,1,0
11182,6,2,0
11182,7,0,0
11182,7,1,0
11182,7,2,0
11183,1,0,0
11183,2,1,0
11183,3,0,0
11183,3,1,0
11183,4,2,0
11183,5,0,0
11183,5,2,0
11183,6,1,0
11183,6,2,0
11183,7,0,0
11183,7,1,0
11183,7,2,0
11184,1,0,0
11184,2,1,0
11184,3,0,0
11184,3,1,0
11184,4,2,0
11184,5,0,0
11184,5,2,0
11184,6,1,0
11184,6,2,0
11184,7,0,0
11184,7,1,0
11184,7,2,0
11185,1,0,0
11185,2,1,0
11185,3,0,0
11185,3,1,0
11185,4,2,0
11185,5,0,0
11185,5,2,0
11185,6,1,0
11185,6,2,0
11185,7,0,0
11185,7,1,0
11185,7,2,0
11186,1,0,0
11186,2,1,0
11186,3,0,0
11186,3,1,0
11186,4,2,0
11186,5,0,0
11186,5,2,0
11186,6,1,0
11186,6,2,0
11186,7,0,0
11186,7,1,0
11186,7,2,0
11187,1,0,0
11187,2,1,0
11187,3,0,0
11187,3,1,0
11187,4,2,0
11187,5,0,0
11187,5,2,0
11187,6,1,0
11187,6,2,0
11187,7,0,0
11187,7,1,0
11187,7,2,0
11188,1,0,0
11188,2,1,0
11188,3,0,0
11188,3,1,0
11188,4,2,0
11188,5,0,0
11188,5,2,0
11188,6,1,0
11188,6,2,0
11188,7,0,0
11188,7,1,0
11188,7,2,0
11189,1,0,0
11189,2,1,0
11189,3,0,0
11189,3,1,0
11189,4,2,0
11189,5,0,0
11189,5,2,0
11189,6,1,0
11189,6,2,0
11189,7,0,0
11189,7,1,0
11189,7,2,0
11190,1,0,0
11190,2,1,0
11190,3,0,0
11190,3,1,0
11190,4,2,0
11190,5,0,0
11190,5,2,0
11190,6,1,0
11190,6,2,0
11190,7,0,0
11190,7,1,0
11190,7,2,0
11191,1,0,0
11191,2,1,0
11191,3,0,0
11191,3,1,0
11191,4,2,0
11191,5,0,0
11191,5,2,0
11191,6,1,0
11191,6,2,0
11191,7,0,0
11191,7,1,0
11191,7,2,0
11192,1,0,0
11192,2,1,0
11192,3,0,0
11192,3,1,0
11192,4,2,0
11192,5,0,0
11192,5,2,0
11192,6,1,0
11192,6,2,0
11192,7,0,0
11192,7,1,0
11192,7,2,0
11193,1,0,0
11193,2,1,0
11193,3,0,0
11193,3,1,0
11193,4,2,0
11193,5,0,0
11193,5,2,0
11193,6,1,0
11193,6,2,0
11193,7,0,0
11193,7,1,0
11193,7,2,0
11194,1,0,0
11194,2,1,0
11194,3,0,0
11194,3,1,0
11194,4,2,0
11194,5,0,0
11194,5,2,0
11194,6,1,0
11194,6,2,0
11194,7,0,0
11194,7,1,0
11194,7,2,0
11195,1,0,0
11195,2,1,0
11195,3,0,0
11195,3,1,0
11195,4,2,0
11195,5,0,0
11195,5,2,0
11195,6,1,0
11195,6,2,0
11195,7,0,0
11195,7,1,0
11195,7,2,0
11196,1,0,0
11196,2,1,0
11196,3,0,0
11196,3,1,0
11196,4,2,0
11196,5,0,0
11196,5,2,0
11196,6,1,0
11196,6,2,0
11196,7,0,0
11196,7,1,0
11196,7,2,0
11197,1,0,0
11197,2,1,0
11197,3,0,0
11197,3,1,0
11197,4,2,0
11197,5,0,0
11197,5,2,0
11197,6,1,0
11197,6,2,0
11197,7,0,0
11197,7,1,0
11197,7,2,0
11198,1,0,0
11198,2,1,0
11198,3,0,0
11198,3,1,0
11198,4,2,0
11198,5,0,0
11198,5,2,0
11198,6,1,0
11198,6,2,0
11198,7,0,0
11198,7,1,0
11198,7,2,0
11199,1,0,0
11199,2,1,0
11199,3,0,0
11199,3,1,0
11199,4,2,0
11199,5,0,0
11199,5,2,0
11199,6,1,0
11199,6,2,0
11199,7,0,0
11199,7,1,0
11199,7,2,0
11200,1,0,0
11200,2,1,0
11200,3,0,0
11200,3,1,0
11200,4,2,0
11200,5,0,0
11200,5,2,0
11200,6,1,0
11200,6,2,0
11200,7,0,0
11200,7,1,0
11200,7,2,0
11201,1,0,0
11201,2,1,0
11201,3,0,0
11201,3,1,0
11201,4,2,0
11201,5,0,0
11201,5,2,0
11201,6,1,0
11201,6,2,0
11201,7,0,0
11201,7,1,0
11201,7,2,0
11202,1,0,0
11202,2,1,0
11202,3,0,0
11202,3,1,0
11202,4,2,0
11202,5,0,0
11202,5,2,0
11202,6,1,0
11202,6,2,0
11202,7,0,0
11202,7,1,0
11202,7,2,0
11203,1,0,0
11203,2,1,0
11203,3,0,0
11203,3,1,0
11203,4,2,0
11203,5,0,0
11203,5,2,0
11203,6,1,0
11203,6,2,0
11203,7,0,0
11203,7,1,0
11203,7,2,0
11204,1,0,0
11204,2,1,0
11204,3,0,0
11204,3,1,0
11204,4,2,0
11204,5,0,0
11204,5,2,0
11204,6,1,0
11204,6,2,0
11204,7,0,0
11204,7,1,0
11204,7,2,0
11205,1,0,1
11205,2,1,0
11205,3,0,1
11205,3,1,0
11205,4,2,0
11205,5,0,1
11205,5,2,0
11205,6,1,0
11205,6,2,0
11205,7,0,1
11205,7,1,0
11205,7,2,0
11206,1,0,1
11206,2,1,0
11206,3,0,1
11206,3,1,0
11206,4,2,0
11206,5,0,1
11206,5,2,0
11206,6,1,0
11206,6,2,0
11206,7,0,1
11206,7,1,0
11206,7,2,0
11207,1,0,0
11207,2,1,0
11207,3,0,0
11207,3,1,0
11207,4,2,0
11207,5,0,0
11207,5,2,0
11207,6,1,0
11207,6,2,0
11207,7,0,0
11207,7,1,0
11207,7,2,0
11208,1,0,0
11208,2,1,0
11208,3,0,0
11208,3,1,0
11208,4,2,0
11208,5,0,0
11208,5,2,0
11208,6,1,0
11208,6,2,0
11208,7,0,0
11208,7,1,0
11208,7,2,0
11209,1,0,0
11209,2,1,0
11209,3,0,0
11209,3,1,0
11209,4,2,0
11209,5,0,0
11209,5,2,0
11209,6,1,0
11209,6,2,0
11209,7,0,0
11209,7,1,0
11209,7,2,0
11210,1,0,0
11210,2,1,0
11210,3,0,0
11210,3,1,0
11210,4,2,0
11210,5,0,0
11210,5,2,0
11210,6,1,0
11210,6,2,0
11210,7,0,0
11210,7,1,0
11210,7,2,0
11211,1,0,0
11211,2,1,0
11211,3,0,0
11211,3,1,0
11211,4,2,0
11211,5,0,0
11211,5,2,0
11211,6,1,0
11211,6,2,0
11211,7,0,0
11211,7,1,0
11211,7,2,0
11212,1,0,0
11212,2,1,0
11212,3,0,0
11212,3,1,0
11212,4,2,0
11212,5,0,0
11212,5,2,0
11212,6,1,0
11212,6,2,0
11212,7,0,0
11212,7,1,0
11212,7,2,0
11213,1,0,0
11213,2,1,0
11213,3,0,0
11213,3,1,0
11213,4,2,0
11213,5,0,0
11213,5,2,0
11213,6,1,0
11213,6,2,0
11213,7,0,0
11213,7,1,0
11213,7,2,0
11214,1,0,0
11214,2,1,0
11214,3,0,0
11214,3,1,0
11214,4,2,0
11214,5,0,0
11214,5,2,0
11214,6,1,0
11214,6,2,0
11214,7,0,0
11214,7,1,0
11214,7,2,0
11215,1,0,0
11215,2,1,0
11215,3,0,0
11215,3,1,0
11215,4,2,0
11215,5,0,0
11215,5,2,0
11215,6,1,0
11215,6,2,0
11215,7,0,0
11215,7,1,0
11215,7,2,0
11216,1,0,0
11216,2,1,0
11216,3,0,0
11216,3,1,0
11216,4,2,0
11216,5,0,0
11216,5,2,0
11216,6,1,0
11216,6,2,0
11216,7,0,0
11216,7,1,0
11216,7,2,0
11217,1,0,0
11217,2,1,0
11217,3,0,0
11217,3,1,0
11217,4,2,0
11217,5,0,0
11217,5,2,0
11217,6,1,0
11217,6,2,0
11217,7,0,0
11217,7,1,0
11217,7,2,0
11218,1,0,0
11218,2,1,0
11218,3,0,0
11218,3,1,0
11218,4,2,0
11218,5,0,0
11218,5,2,0
11218,6,1,0
11218,6,2,0
11218,7,0,0
11218,7,1,0
11218,7,2,0
11219,1,0,0
11219,2,1,0
11219,3,0,0
11219,3,1,0
11219,4,2,0
11219,5,0,0
11219,5,2,0
11219,6,1,0
11219,6,2,0
11219,7,0,0
11219,7,1,0
11219,7,2,0
11220,1,0,0
11220,2,1,0
11220,3,0,0
11220,3,1,0
11220,4,2,0
11220,5,0,0
11220,5,2,0
11220,6,1,0
11220,6,2,0
11220,7,0,0
11220,7,1,0
11220,7,2,0
11221,1,0,0
11221,2,1,0
11221,3,0,0
11221,3,1,0
11221,4,2,0
11221,5,0,0
11221,5,2,0
11221,6,1,0
11221,6,2,0
11221,7,0,0
11221,7,1,0
11221,7,2,0
11222,1,0,0
11222,2,1,0
11222,3,0,0
11222,3,1,0
11222,4,2,0
11222,5,0,0
11222,5,2,0
11222,6,1,0
11222,6,2,0
11222,7,0,0
11222,7,1,0
11222,7,2,0
11223,1,0,0
11223,2,1,0
11223,3,0,0
11223,3,1,0
11223,4,2,0
11223,5,0,0
11223,5,2,0
11223,6,1,0
11223,6,2,0
11223,7,0,0
11223,7,1,0
11223,7,2,0
11224,1,0,0
11224,2,1,0
11224,3,0,0
11224,3,1,0
11224,4,2,0
11224,5,0,0
11224,5,2,0
11224,6,1,0
11224,6,2,0
11224,7,0,0
11224,7,1,0
11224,7,2,0
11225,1,0,0
11225,2,1,0
11225,3,0,0
11225,3,1,0
11225,4,2,0
11225,5,0,0
11225,5,2,0
11225,6,1,0
11225,6,2,0
11225,7,0,0
11225,7,1,0
11225,7,2,0
11226,1,0,0
11226,2,1,0
11226,3,0,0
11226,3,1,0
11226,4,2,0
11226,5,0,0
11226,5,2,0
11226,6,1,0
11226,6,2,0
11226,7,0,0
11226,7,1,0
11226,7,2,0
11227,1,0,0
11227,2,1,0
11227,3,0,0
11227,3,1,0
11227,4,2,0
11227,5,0,0
11227,5,2,0
11227,6,1,0
11227,6,2,0
11227,7,0,0
11227,7,1,0
11227,7,2,0
11228,1,0,0
11228,2,1,0
11228,3,0,0
11228,3,1,0
11228,4,2,0
11228,5,0,0
11228,5,2,0
11228,6,1,0
11228,6,2,0
11228,7,0,0
11228,7,1,0
11228,7,2,0
11229,1,0,0
11229,2,1,0
11229,3,0,0
11229,3,1,0
11229,4,2,0
11229,5,0,0
11229,5,2,0
11229,6,1,0
11229,6,2,0
11229,7,0,0
11229,7,1,0
11229,7,2,0
11230,1,0,0
11230,2,1,0
11230,3,0,0
11230,3,1,0
11230,4,2,0
11230,5,0,0
11230,5,2,0
11230,6,1,0
11230,6,2,0
11230,7,0,0
11230,7,1,0
11230,7,2,0
11231,1,0,0
11231,2,1,0
11231,3,0,0
11231,3,1,0
11231,4,2,0
11231,5,0,0
11231,5,2,0
11231,6,1,0
11231,6,2,0
11231,7,0,0
11231,7,1,0
11231,7,2,0
11232,1,0,1
11232,2,1,0
11232,3,0,1
11232,3,1,0
11232,4,2,0
11232,5,0,1
11232,5,2,0
11232,6,1,0
11232,6,2,0
11232,7,0,1
11232,7,1,0
11232,7,2,0
11233,1,0,1
11233,2,1,0
11233,3,0,1
11233,3,1,0
11233,4,2,0
11233,5,0,1
11233,5,2,0
11233,6,1,0
11233,6,2,0
11233,7,0,1
11233,7,1,0
11233,7,2,0
11234,1,0,0
11234,2,1,0
11234,3,0,0
11234,3,1,0
11234,4,2,0
11234,5,0,0
11234,5,2,0
11234,6,1,0
11234,6,2,0
11234,7,0,0
11234,7,1,0
11234,7,2,0
11235,1,0,0
11235,2,1,0
11235,3,0,0
11235,3,1,0
11235,4,2,0
11235,5,0,0
11235,5,2,0
11235,6,1,0
11235,6,2,0
11235,7,0,0
11235,7,1,0
11235,7,2,0
11236,1,0,0
11236,2,1,0
11236,3,0,0
11236,3,1,0
11236,4,2,0
11236,5,0,0
11236,5,2,0
11236,6,1,0
11236,6,2,0
11236,7,0,0
11236,7,1,0
11236,7,2,0
11237,1,0,0
11237,2,1,0
11237,3,0,0
11237,3,1,0
11237,4,2,0
11237,5,0,0
11237,5,2,0
11237,6,1,0
11237,6,2,0
11237,7,0,0
11237,7,1,0
11237,7,2,0
11238,1,0,0
11238,2,1,0
11238,3,0,0
11238,3,1,0
11238,4,2,0
11238,5,0,0
11238,5,2,0
11238,6,1,0
11238,6,2,0
11238,7,0,0
11238,7,1,0
11238,7,2,0
11239,1,0,0
11239,2,1,0
11239,3,0,0
11239,3,1,0
11239,4,2,0
11239,5,0,0
11239,5,2,0
11239,6,1,0
11239,6,2,0
11239,7,0,0
11239,7,1,0
11239,7,2,0
11240,1,0,0
11240,2,1,0
11240,3,0,0
11240,3,1,0
11240,4,2,0
11240,5,0,0
11240,5,2,0
11240,6,1,0
11240,6,2,0
11240,7,0,0
11240,7,1,0
11240,7,2,0
11241,1,0,0
11241,2,1,0
11241,3,0,0
11241,3,1,0
11241,4,2,0
11241,5,0,0
11241,5,2,0
11241,6,1,0
11241,6,2,0
11241,7,0,0
11241,7,1,0
11241,7,2,0
11242,1,0,0
11242,2,1,0
11242,3,0,0
11242,3,1,0
11242,4,2,0
11242,5,0,0
11242,5,2,0
11242,6,1,0
11242,6,2,0
11242,7,0,0
11242,7,1,0
11242,7,2,0
11243,1,0,0
11243,2,1,0
11243,3,0,0
11243,3,1,0
11243,4,2,0
11243,5,0,0
11243,5,2,0
11243,6,1,0
11243,6,2,0
11243,7,0,0
11243,7,1,0
11243,7,2,0
11244,1,0,0
11244,2,1,0
11244,3,0,0
11244,3,1,0
11244,4,2,0
11244,5,0,0
11244,5,2,0
11244,6,1,0
11244,6,2,0
11244,7,0,0
11244,7,1,0
11244,7,2,0
11245,1,0,0
11245,2,1,0
11245,3,0,0
11245,3,1,0
11245,4,2,0
11245,5,0,0
11245,5,2,0
11245,6,1,0
11245,6,2,0
11245,7,0,0
11245,7,1,0
11245,7,2,0
11246,1,0,0
11246,2,1,0
11246,3,0,0
11246,3,1,0
11246,4,2,0
11246,5,0,0
11246,5,2,0
11246,6,1,0
11246,6,2,0
11246,7,0,0
11246,7,1,0
11246,7,2,0
11247,1,0,0
11247,2,1,0
11247,3,0,0
11247,3,1,0
11247,4,2,0
11247,5,0,0
11247,5,2,0
11247,6,1,0
11247,6,2,0
11247,7,0,0
11247,7,1,0
11247,7,2,0
11248,1,0,0
11248,2,1,0
11248,3,0,0
11248,3,1,0
11248,4,2,0
11248,5,0,0
11248,5,2,0
11248,6,1,0
11248,6,2,0
11248,7,0,0
11248,7,1,0
11248,7,2,0
11249,1,0,0
11249,2,1,0
11249,3,0,0
11249,3,1,0
11249,4,2,0
11249,5,0,0
11249,5,2,0
11249,6,1,0
11249,6,2,0
11249,7,0,0
11249,7,1,0
11249,7,2,0
11250,1,0,0
11250,2,1,0
11250,3,0,0
11250,3,1,0
11250,4,2,0
11250,5,0,0
11250,5,2,0
11250,6,1,0
11250,6,2,0
11250,7,0,0
11250,7,1,0
11250,7,2,0
11251,1,0,0
11251,2,1,0
11251,3,0,0
11251,3,1,0
11251,4,2,0
11251,5,0,0
11251,5,2,0
11251,6,1,0
11251,6,2,0
11251,7,0,0
11251,7,1,0
11251,7,2,0
11252,1,0,0
11252,2,1,0
11252,3,0,0
11252,3,1,0
11252,4,2,0
11252,5,0,0
11252,5,2,0
11252,6,1,0
11252,6,2,0
11252,7,0,0
11252,7,1,0
11252,7,2,0
11253,1,0,0
11253,2,1,0
11253,3,0,0
11253,3,1,0
11253,4,2,0
11253,5,0,0
11253,5,2,0
11253,6,1,0
11253,6,2,0
11253,7,0,0
11253,7,1,0
11253,7,2,0
11254,1,0,0
11254,2,1,0
11254,3,0,0
11254,3,1,0
11254,4,2,0
11254,5,0,0
11254,5,2,0
11254,6,1,0
11254,6,2,0
11254,7,0,0
11254,7,1,0
11254,7,2,0
11255,1,0,0
11255,2,1,0
11255,3,0,0
11255,3,1,0
11255,4,2,0
11255,5,0,0
11255,5,2,0
11255,6,1,0
11255,6,2,0
11255,7,0,0
11255,7,1,0
11255,7,2,0
11256,1,0,0
11256,2,1,0
11256,3,0,0
11256,3,1,0
11256,4,2,0
11256,5,0,0
11256,5,2,0
11256,6,1,0
11256,6,2,0
11256,7,0,0
11256,7,1,0
11256,7,2,0
11257,1,0,0
11257,2,1,0
11257,3,0,0
11257,3,1,0
11257,4,2,0
11257,5,0,0
11257,5,2,0
11257,6,1,0
11257,6,2,0
11257,7,0,0
11257,7,1,0
11257,7,2,0
11258,1,0,0
11258,2,1,0
11258,3,0,0
11258,3,1,0
11258,4,2,0
11258,5,0,0
11258,5,2,0
11258,6,1,0
11258,6,2,0
11258,7,0,0
11258,7,1,0
11258,7,2,0
11259,1,0,1
11259,2,1,0
11259,3,0,1
11259,3,1,0
11259,4,2,0
11259,5,0,1
11259,5,2,0
11259,6,1,0
11259,6,2,0
11259,7,0,1
11259,7,1,0
11259,7,2,0
11260,1,0,1
11260,2,1,0
11260,3,0,1
11260,3,1,0
11260,4,2,0
11260,5,0,1
11260,5,2,0
11260,6,1,0
11260,6,2,0
11260,7,0,1
11260,7,1,0
11260,7,2,0
11261,1,0,0
11261,2,1,0
11261,3,0,0
11261,3,1,0
11261,4,2,0
11261,5,0,0
11261,5,2,0
11261,6,1,0
11261,6,2,0
11261,7,0,0
11261,7,1,0
11261,7,2,0
11262,1,0,0
11262,2,1,0
11262,3,0,0
11262,3,1,0
11262,4,2,0
11262,5,0,0
11262,5,2,0
11262,6,1,0
11262,6,2,0
11262,7,0,0
11262,7,1,0
11262,7,2,0
11263,1,0,0
11263,2,1,0
11263,3,0,0
11263,3,1,0
11263,4,2,0
11263,5,0,0
11263,5,2,0
11263,6,1,0
11263,6,2,0
11263,7,0,0
11263,7,1,0
11263,7,2,0
11264,1,0,0
11264,2,1,0
11264,3,0,0
11264,3,1,0
11264,4,2,0
11264,5,0,0
11264,5,2,0
11264,6,1,0
11264,6,2,0
11264,7,0,0
11264,7,1,0
11264,7,2,0
11265,1,0,0
11265,2,1,0
11265,3,0,0
11265,3,1,0
11265,4,2,0
11265,5,0,0
11265,5,2,0
11265,6,1,0
11265,6,2,0
11265,7,0,0
11265,7,1,0
11265,7,2,0
11266,1,0,0
11266,2,1,0
11266,3,0,0
11266,3,1,0
11266,4,2,0
11266,5,0,0
11266,5,2,0
11266,6,1,0
11266,6,2,0
11266,7,0,0
11266,7,1,0
11266,7,2,0
11267,1,0,0
11267,2,1,0
11267,3,0,0
11267,3,1,0
11267,4,2,0
11267,5,0,0
11267,5,2,0
11267,6,1,0
11267,6,2,0
11267,7,0,0
11267,7,1,0
11267,7,2,0
11268,1,0,0
11268,2,1,0
11268,3,0,0
11268,3,1,0
11268,4,2,0
11268,5,0,0
11268,5,2,0
11268,6,1,0
11268,6,2,0
11268,7,0,0
11268,7,1,0
11268,7,2,0
11269,1,0,0
11269,2,1,0
11269,3,0,0
11269,3,1,0
11269,4,2,0
11269,5,0,0
11269,5,2,0
11269,6,1,0
11269,6,2,0
11269,7,0,0
11269,7,1,0
11269,7,2,0
11270,1,0,0
11270,2,1,0
11270,3,0,0
11270,3,1,0
11270,4,2,0
11270,5,0,0
11270,5,2,0
11270,6,1,0
11270,6,2,0
11270,7,0,0
11270,7,1,0
11270,7,2,0
11271,1,0,0
11271,2,1,0
11271,3,0,0
11271,3,1,0
11271,4,2,0
11271,5,0,0
11271,5,2,0
11271,6,1,0
11271,6,2,0
11271,7,0,0
11271,7,1,0
11271,7,2,0
11272,1,0,0
11272,2,1,0
11272,3,0,0
11272,3,1,0
11272,4,2,0
11272,5,0,0
11272,5,2,0
11272,6,1,0
11272,6,2,0
11272,7,0,0
11272,7,1,0
11272,7,2,0
11273,1,0,0
11273,2,1,0
11273,3,0,0
11273,3,1,0
11273,4,2,0
11273,5,0,0
11273,5,2,0
11273,6,1,0
11273,6,2,0
11273,7,0,0
11273,7,1,0
11273,7,2,0
11274,1,0,0
11274,2,1,0
11274,3,0,0
11274,3,1,0
11274,4,2,0
11274,5,0,0
11274,5,2,0
11274,6,1,0
11274,6,2,0
11274,7,0,0
11274,7,1,0
11274,7,2,0
11275,1,0,0
11275,2,1,0
11275,3,0,0
11275,3,1,0
11275,4,2,0
11275,5,0,0
11275,5,2,0
11275,6,1,0
11275,6,2,0
11275,7,0,0
11275,7,1,0
11275,7,2,0
11276,1,0,0
11276,2,1,0
11276,3,0,0
11276,3,1,0
11276,4,2,0
11276,5,0,0
11276,5,2,0
11276,6,1,0
11276,6,2,0
11276,7,0,0
11276,7,1,0
11276,7,2,0
11277,1,0,0
11277,2,1,0
11277,3,0,0
11277,3,1,0
11277,4,2,0
11277,5,0,0
11277,5,2,0
11277,6,1,0
11277,6,2,0
11277,7,0,0
11277,7,1,0
11277,7,2,0
11278,1,0,0
11278,2,1,0
11278,3,0,0
11278,3,1,0
11278,4,2,0
11278,5,0,0
11278,5,2,0
11278,6,1,0
11278,6,2,0
11278,7,0,0
11278,7,1,0
11278,7,2,0
11279,1,0,0
11279,2,1,0
11279,3,0,0
11279,3,1,0
11279,4,2,0
11279,5,0,0
11279,5,2,0
11279,6,1,0
11279,6,2,0
11279,7,0,0
11279,7,1,0
11279,7,2,0
11280,1,0,0
11280,2,1,0
11280,3,0,0
11280,3,1,0
11280,4,2,0
11280,5,0,0
11280,5,2,0
11280,6,1,0
11280,6,2,0
11280,7,0,0
11280,7,1,0
11280,7,2,0
11281,1,0,0
11281,2,1,0
11281,3,0,0
11281,3,1,0
11281,4,2,0
11281,5,0,0
11281,5,2,0
11281,6,1,0
11281,6,2,0
11281,7,0,0
11281,7,1,0
11281,7,2,0
11282,1,0,0
11282,2,1,0
11282,3,0,0
11282,3,1,0
11282,4,2,0
11282,5,0,0
11282,5,2,0
11282,6,1,0
11282,6,2,0
11282,7,0,0
11282,7,1,0
11282,7,2,0
11283,1,0,0
11283,2,1,0
11283,3,0,0
11283,3,1,0
11283,4,2,0
11283,5,0,0
11283,5,2,0
11283,6,1,0
11283,6,2,0
11283,7,0,0
11283,7,1,0
11283,7,2,0
11284,1,0,0
11284,2,1,0
11284,3,0,0
11284,3,1,0
11284,4,2,0
11284,5,0,0
11284,5,2,0
11284,6,1,0
11284,6,2,0
11284,7,0,0
11284,7,1,0
11284,7,2,0
11285,1,0,0
11285,2,1,0
11285,3,0,0
11285,3,1,0
11285,4,2,0
11285,5,0,0
11285,5,2,0
11285,6,1,0
11285,6,2,0
11285,7,0,0
11285,7,1,0
11285,7,2,0
11286,1,0,1
11286,2,1,0
11286,3,0,1
11286,3,1,0
11286,4,2,0
11286,5,0,1
11286,5,2,0
11286,6,1,0
11286,6,2,0
11286,7,0,1
11286,7,1,0
11286,7,2,0
11287,1,0,1
11287,2,1,0
11287,3,0,1
11287,3,1,0
11287,4,2,0
11287,5,0,1
11287,5,2,0
11287,6,1,0
11287,6,2,0
11287,7,0,1
11287,7,1,0
11287,7,2,0
11288,1,0,0
11288,2,1,0
11288,3,0,0
11288,3,1,0
11288,4,2,0
11288,5,0,0
11288,5,2,0
11288,6,1,0
11288,6,2,0
11288,7,0,0
11288,7,1,0
11288,7,2,0
11289,1,0,0
11289,2,1,0
11289,3,0,0
11289,3,1,0
11289,4,2,0
11289,5,0,0
11289,5,2,0
11289,6,1,0
11289,6,2,0
11289,7,0,0
11289,7,1,0
11289,7,2,0
11290,1,0,0
11290,2,1,0
11290,3,0,0
11290,3,1,0
11290,4,2,0
11290,5,0,0
11290,5,2,0
11290,6,1,0
11290,6,2,0
11290,7,0,0
11290,7,1,0
11290,7,2,0
11291,1,0,0
11291,2,1,0
11291,3,0,0
11291,3,1,0
11291,4,2,0
11291,5,0,0
11291,5,2,0
11291,6,1,0
11291,6,2,0
11291,7,0,0
11291,7,1,0
11291,7,2,0
11292,1,0,0
11292,2,1,0
11292,3,0,0
11292,3,1,0
11292,4,2,0
11292,5,0,0
11292,5,2,0
11292,6,1,0
11292,6,2,0
11292,7,0,0
11292,7,1,0
11292,7,2,0
11293,1,0,0
11293,2,1,0
11293,3,0,0
11293,3,1,0
11293,4,2,0
11293,5,0,0
11293,5,2,0
11293,6,1,0
11293,6,2,0
11293,7,0,0
11293,7,1,0
11293,7,2,0
11294,1,0,0
11294,2,1,0
11294,3,0,0
11294,3,1,0
11294,4,2,0
11294,5,0,0
11294,5,2,0
11294,6,1,0
11294,6,2,0
11294,7,0,0
11294,7,1,0
11294,7,2,0
11295,1,0,0
11295,2,1,0
11295,3,0,0
11295,3,1,0
11295,4,2,0
11295,5,0,0
11295,5,2,0
11295,6,1,0
11295,6,2,0
11295,7,0,0
11295,7,1,0
11295,7,2,0
11296,1,0,0
11296,2,1,0
11296,3,0,0
11296,3,1,0
11296,4,2,0
11296,5,0,0
11296,5,2,0
11296,6,1,0
11296,6,2,0
11296,7,0,0
11296,7,1,0
11296,7,2,0
11297,1,0,0
11297,2,1,0
11297,3,0,0
11297,3,1,0
11297,4,2,0
11297,5,0,0
11297,5,2,0
11297,6,1,0
11297,6,2,0
11297,7,0,0
11297,7,1,0
11297,7,2,0
11298,1,0,0
11298,2,1,0
11298,3,0,0
11298,3,1,0
11298,4,2,0
11298,5,0,0
11298,5,2,0
11298,6,1,0
11298,6,2,0
11298,7,0,0
11298,7,1,0
11298,7,2,0
11299,1,0,0
11299,2,1,0
11299,3,0,0
11299,3,1,0
11299,4,2,0
11299,5,0,0
11299,5,2,0
11299,6,1,0
11299,6,2,0
11299,7,0,0
11299,7,1,0
11299,7,2,0
11300,1,0,0
11300,2,1,0
11300,3,0,0
11300,3,1,0
11300,4,2,0
11300,5,0,0
11300,5,2,0
11300,6,1,0
11300,6,2,0
11300,7,0,0
11300,7,1,0
11300,7,2,0
11301,1,0,0
11301,2,1,0
11301,3,0,0
11301,3,1,0
11301,4,2,0
11301,5,0,0
11301,5,2,0
11301,6,1,0
11301,6,2,0
11301,7,0,0
11301,7,1,0
11301,7,2,0
11302,1,0,0
11302,2,1,0
11302,3,0,0
11302,3,1,0
11302,4,2,0
11302,5,0,0
11302,5,2,0
11302,6,1,0
11302,6,2,0
11302,7,0,0
11302,7,1,0
11302,7,2,0
11303,1,0,0
11303,2,1,0
11303,3,0,0
11303,3,1,0
11303,4,2,0
11303,5,0,0
11303,5,2,0
11303,6,1,0
11303,6,2,0
11303,7,0,0
11303,7,1,0
11303,7,2,0
11304,1,0,0
11304,2,1,0
11304,3,0,0
11304,3,1,0
11304,4,2,0
11304,5,0,0
11304,5,2,0
11304,6,1,0
11304,6,2,0
11304,7,0,0
11304,7,1,0
11304,7,2,0
11305,1,0,0
11305,2,1,0
11305,3,0,0
11305,3,1,0
11305,4,2,0
11305,5,0,0
11305,5,2,0
11305,6,1,0
11305,6,2,0
11305,7,0,0
11305,7,1,0
11305,7,2,0
11306,1,0,0
11306,2,1,0
11306,3,0,0
11306,3,1,0
11306,4,2,0
11306,5,0,0
11306,5,2,0
11306,6,1,0
11306,6,2,0
11306,7,0,0
11306,7,1,0
11306,7,2,0
11307,1,0,0
11307,2,1,0
11307,3,0,0
11307,3,1,0
11307,4,2,0
11307,5,0,0
11307,5,2,0
11307,6,1,0
11307,6,2,0
11307,7,0,0
11307,7,1,0
11307,7,2,0
11308,1,0,0
11308,2,1,0
11308,3,0,0
11308,3,1,0
11308,4,2,0
11308,5,0,0
11308,5,2,0
11308,6,1,0
11308,6,2,0
11308,7,0,0
11308,7,1,0
11308,7,2,0
11309,1,0,0
11309,2,1,0
11309,3,0,0
11309,3,1,0
11309,4,2,0
11309,5,0,0
11309,5,2,0
11309,6,1,0
11309,6,2,0
11309,7,0,0
11309,7,1,0
11309,7,2,0
11310,1,0,0
11310,2,1,0
11310,3,0,0
11310,3,1,0
11310,4,2,0
11310,5,0,0
11310,5,2,0
11310,6,1,0
11310,6,2,0
11310,7,0,0
11310,7,1,0
11310,7,2,0
11311,1,0,0
11311,2,1,0
11311,3,0,0
11311,3,1,0
11311,4,2,0
11311,5,0,0
11311,5,2,0
11311,6,1,0
11311,6,2,0
11311,7,0,0
11311,7,1,0
11311,7,2,0
11312,1,0,0
11312,2,1,0
11312,3,0,0
11312,3,1,0
11312,4,2,0
11312,5,0,0
11312,5,2,0
11312,6,1,0
11312,6,2,0
11312,7,0,0
11312,7,1,0
11312,7,2,0
11313,1,0,1
11313,2,1,0
11313,3,0,1
11313,3,1,0
11313,4,2,0
11313,5,0,1
11313,5,2,0
11313,6,1,0
11313,6,2,0
11313,7,0,1
11313,7,1,0
11313,7,2,0
11314,1,0,1
11314,2,1,0
11314,3,0,1
11314,3,1,0
11314,4,2,0
11314,5,0,1
11314,5,2,0
11314,6,1,0
11314,6,2,0
11314,7,0,1
11314,7,1,0
11314,7,2,0
11315,1,0,0
11315,2,1,0
11315,3,0,0
11315,3,1,0
11315,4,2,0
11315,5,0,0
11315,5,2,0
11315,6,1,0
11315,6,2,0
11315,7,0,0
11315,7,1,0
11315,7,2,0
11316,1,0,0
11316,2,1,0
11316,3,0,0
11316,3,1,0
11316,4,2,0
11316,5,0,0
11316,5,2,0
11316,6,1,0
11316,6,2,0
11316,7,0,0
11316,7,1,0
11316,7,2,0
11317,1,0,0
11317,2,1,0
11317,3,0,0
11317,3,1,0
11317,4,2,0
11317,5,0,0
11317,5,2,0
11317,6,1,0
11317,6,2,0
11317,7,0,0
11317,7,1,0
11317,7,2,0
11318,1,0,0
11318,2,1,0
11318,3,0,0
11318,3,1,0
11318,4,2,0
11318,5,0,0
11318,5,2,0
11318,6,1,0
11318,6,2,0
11318,7,0,0
11318,7,1,0
11318,7,2,0
11319,1,0,0
11319,2,1,0
11319,3,0,0
11319,3,1,0
11319,4,2,0
11319,5,0,0
11319,5,2,0
11319,6,1,0
11319,6,2,0
11319,7,0,0
11319,7,1,0
11319,7,2,0
11320,1,0,0
11320,2,1,0
11320,3,0,0
11320,3,1,0
11320,4,2,0
11320,5,0,0
11320,5,2,0
11320,6,1,0
11320,6,2,0
11320,7,0,0
11320,7,1,0
11320,7,2,0
11321,1,0,0
11321,2,1,0
11321,3,0,0
11321,3,1,0
11321,4,2,0
11321,5,0,0
11321,5,2,0
11321,6,1,0
11321,6,2,0
11321,7,0,0
11321,7,1,0
11321,7,2,0
11322,1,0,0
11322,2,1,0
11322,3,0,0
11322,3,1,0
11322,4,2,0
11322,5,0,0
11322,5,2,0
11322,6,1,0
11322,6,2,0
11322,7,0,0
11322,7,1,0
11322,7,2,0
11323,1,0,0
11323,2,1,0
11323,3,0,0
11323,3,1,0
11323,4,2,0
11323,5,0,0
11323,5,2,0
11323,6,1,0
11323,6,2,0
11323,7,0,0
11323,7,1,0
11323,7,2,0
11324,1,0,0
11324,2,1,0
11324,3,0,0
11324,3,1,0
11324,4,2,0
11324,5,0,0
11324,5,2,0
11324,6,1,0
11324,6,2,0
11324,7,0,0
11324,7,1,0
11324,7,2,0
11325,1,0,0
11325,2,1,0
11325,3,0,0
11325,3,1,0
11325,4,2,0
11325,5,0,0
11325,5,2,0
11325,6,1,0
11325,6,2,0
11325,7,0,0
11325,7,1,0
11325,7,2,0
11326,1,0,0
11326,2,1,0
11326,3,0,0
11326,3,1,0
11326,4,2,0
11326,5,0,0
11326,5,2,0
11326,6,1,0
11326,6,2,0
11326,7,0,0
11326,7,1,0
11326,7,2,0
11327,1,0,0
11327,2,1,0
11327,3,0,0
11327,3,1,0
11327,4,2,0
11327,5,0,0
11327,5,2,0
11327,6,1,0
11327,6,2,0
11327,7,0,0
11327,7,1,0
11327,7,2,0
11328,1,0,0
11328,2,1,0
11328,3,0,0
11328,3,1,0
11328,4,2,0
11328,5,0,0
11328,5,2,0
11328,6,1,0
11328,6,2,0
11328,7,0,0
11328,7,1,0
11328,7,2,0
11329,1,0,0
11329,2,1,0
11329,3,0,0
11329,3,1,0
11329,4,2,0
11329,5,0,0
11329,5,2,0
11329,6,1,0
11329,6,2,0
11329,7,0,0
11329,7,1,0
11329,7,2,0
11330,1,0,0
11330,2,1,0
11330,3,0,0
11330,3,1,0
11330,4,2,0
11330,5,0,0
11330,5,2,0
11330,6,1,0
11330,6,2,0
11330,7,0,0
11330,7,1,0
11330,7,2,0
11331,1,0,0
11331,2,1,0
11331,3,0,0
11331,3,1,0
11331,4,2,0
11331,5,0,0
11331,5,2,0
11331,6,1,0
11331,6,2,0
11331,7,0,0
11331,7,1,0
11331,7,2,0
11332,1,0,0
11332,2,1,0
11332,3,0,0
11332,3,1,0
11332,4,2,0
11332,5,0,0
11332,5,2,0
11332,6,1,0
11332,6,2,0
11332,7,0,0
11332,7,1,0
11332,7,2,0
11333,1,0,0
11333,2,1,0
11333,3,0,0
11333,3,1,0
11333,4,2,0
11333,5,0,0
11333,5,2,0
11333,6,1,0
11333,6,2,0
11333,7,0,0
11333,7,1,0
11333,7,2,0
11334,1,0,0
11334,2,1,0
11334,3,0,0
11334,3,1,0
11334,4,2,0
11334,5,0,0
11334,5,2,0
11334,6,1,0
11334,6,2,0
11334,7,0,0
11334,7,1,0
11334,7,2,0
11335,1,0,0
11335,2,1,0
11335,3,0,0
11335,3,1,0
11335,4,2,0
11335,5,0,0
11335,5,2,0
11335,6,1,0
11335,6,2,0
11335,7,0,0
11335,7,1,0
11335,7,2,0
11336,1,0,0
11336,2,1,0
11336,3,0,0
11336,3,1,0
11336,4,2,0
11336,5,0,0
11336,5,2,0
11336,6,1,0
11336,6,2,0
11336,7,0,0
11336,7,1,0
11336,7,2,0
11337,1,0,0
11337,2,1,0
11337,3,0,0
11337,3,1,0
11337,4,2,0
11337,5,0,0
11337,5,2,0
11337,6,1,0
11337,6,2,0
11337,7,0,0
11337,7,1,0
11337,7,2,0
11338,1,0,0
11338,2,1,0
11338,3,0,0
11338,3,1,0
11338,4,2,0
11338,5,0,0
11338,5,2,0
11338,6,1,0
11338,6,2,0
11338,7,0,0
11338,7,1,0
11338,7,2,0
11339,1,0,0
11339,2,1,0
11339,3,0,0
11339,3,1,0
11339,4,2,0
11339,5,0,0
11339,5,2,0
11339,6,1,0
11339,6,2,0
11339,7,0,0
11339,7,1,0
11339,7,2,0
11340,1,0,1
11340,2,1,0
11340,3,0,1
11340,3,1,0
11340,4,2,0
11340,5,0,1
11340,5,2,0
11340,6,1,0
11340,6,2,0
11340,7,0,1
11340,7,1,0
11340,7,2,0
11341,1,0,1
11341,2,1,0
11341,3,0,1
11341,3,1,0
11341,4,2,0
11341,5,0,1
11341,5,2,0
11341,6,1,0
11341,6,2,0
11341,7,0,1
11341,7,1,0
11341,7,2,0
11342,1,0,0
11342,2,1,0
11342,3,0,0
11342,3,1,0
11342,4,2,0
11342,5,0,0
11342,5,2,0
11342,6,1,0
11342,6,2,0
11342,7,0,0
11342,7,1,0
11342,7,2,0
11343,1,0,0
11343,2,1,0
11343,3,0,0
11343,3,1,0
11343,4,2,0
11343,5,0,0
11343,5,2,0
11343,6,1,0
11343,6,2,0
11343,7,0,0
11343,7,1,0
11343,7,2,0
11344,1,0,0
11344,2,1,0
11344,3,0,0
11344,3,1,0
11344,4,2,0
11344,5,0,0
11344,5,2,0
11344,6,1,0
11344,6,2,0
11344,7,0,0
11344,7,1,0
11344,7,2,0
11345,1,0,0
11345,2,1,0
11345,3,0,0
11345,3,1,0
11345,4,2,0
11345,5,0,0
11345,5,2,0
11345,6,1,0
11345,6,2,0
11345,7,0,0
11345,7,1,0
11345,7,2,0
11346,1,0,0
11346,2,1,0
11346,3,0,0
11346,3,1,0
11346,4,2,0
11346,5,0,0
11346,5,2,0
11346,6,1,0
11346,6,2,0
11346,7,0,0
11346,7,1,0
11346,7,2,0
11347,1,0,0
11347,2,1,0
11347,3,0,0
11347,3,1,0
11347,4,2,0
11347,5,0,0
11347,5,2,0
11347,6,1,0
11347,6,2,0
11347,7,0,0
11347,7,1,0
11347,7,2,0
11348,1,0,0
11348,2,1,0
11348,3,0,0
11348,3,1,0
11348,4,2,0
11348,5,0,0
11348,5,2,0
11348,6,1,0
11348,6,2,0
11348,7,0,0
11348,7,1,0
11348,7,2,0
11349,1,0,0
11349,2,1,0
11349,3,0,0
11349,3,1,0
11349,4,2,0
11349,5,0,0
11349,5,2,0
11349,6,1,0
11349,6,2,0
11349,7,0,0
11349,7,1,0
11349,7,2,0
11350,1,0,0
11350,2,1,0
11350,3,0,0
11350,3,1,0
11350,4,2,0
11350,5,0,0
11350,5,2,0
11350,6,1,0
11350,6,2,0
11350,7,0,0
11350,7,1,0
11350,7,2,0
11351,1,0,0
11351,2,1,0
11351,3,0,0
11351,3,1,0
11351,4,2,0
11351,5,0,0
11351,5,2,0
11351,6,1,0
11351,6,2,0
11351,7,0,0
11351,7,1,0
11351,7,2,0
11352,1,0,0
11352,2,1,0
11352,3,0,0
11352,3,1,0
11352,4,2,0
11352,5,0,0
11352,5,2,0
11352,6,1,0
11352,6,2,0
11352,7,0,0
11352,7,1,0
11352,7,2,0
11353,1,0,0
11353,2,1,0
11353,3,0,0
11353,3,1,0
11353,4,2,0
11353,5,0,0
11353,5,2,0
11353,6,1,0
11353,6,2,0
11353,7,0,0
11353,7,1,0
11353,7,2,0
11354,1,0,0
11354,2,1,0
11354,3,0,0
11354,3,1,0
11354,4,2,0
11354,5,0,0
11354,5,2,0
11354,6,1,0
11354,6,2,0
11354,7,0,0
11354,7,1,0
11354,7,2,0
11355,1,0,0
11355,2,1,0
11355,3,0,0
11355,3,1,0
11355,4,2,0
11355,5,0,0
11355,5,2,0
11355,6,1,0
11355,6,2,0
11355,7,0,0
11355,7,1,0
11355,7,2,0
11356,1,0,0
11356,2,1,0
11356,3,0,0
11356,3,1,0
11356,4,2,0
11356,5,0,0
11356,5,2,0
11356,6,1,0
11356,6,2,0
11356,7,0,0
11356,7,1,0
11356,7,2,0
11357,1,0,0
11357,2,1,0
11357,3,0,0
11357,3,1,0
11357,4,2,0
11357,5,0,0
11357,5,2,0
11357,6,1,0
11357,6,2,0
11357,7,0,0
11357,7,1,0
11357,7,2,0
11358,1,0,0
11358,2,1,0
11358,3,0,0
11358,3,1,0
11358,4,2,0
11358,5,0,0
11358,5,2,0
11358,6,1,0
11358,6,2,0
11358,7,0,0
11358,7,1,0
11358,7,2,0
11359,1,0,0
11359,2,1,0
11359,3,0,0
11359,3,1,0
11359,4,2,0
11359,5,0,0
11359,5,2,0
11359,6,1,0
11359,6,2,0
11359,7,0,0
11359,7,1,0
11359,7,2,0
11360,1,0,0
11360,2,1,0
11360,3,0,0
11360,3,1,0
11360,4,2,0
11360,5,0,0
11360,5,2,0
11360,6,1,0
11360,6,2,0
11360,7,0,0
11360,7,1,0
11360,7,2,0
11361,1,0,0
11361,2,1,0
11361,3,0,0
11361,3,1,0
11361,4,2,0
11361,5,0,0
11361,5,2,0
11361,6,1,0
11361,6,2,0
11361,7,0,0
11361,7,1,0
11361,7,2,0
11362,1,0,0
11362,2,1,0
11362,3,0,0
11362,3,1,0
11362,4,2,0
11362,5,0,0
11362,5,2,0
11362,6,1,0
11362,6,2,0
11362,7,0,0
11362,7,1,0
11362,7,2,0
11363,1,0,0
11363,2,1,0
11363,3,0,0
11363,3,1,0
11363,4,2,0
11363,5,0,0
11363,5,2,0
11363,6,1,0
11363,6,2,0
11363,7,0,0
11363,7,1,0
11363,7,2,0
11364,1,0,0
11364,2,1,0
11364,3,0,0
11364,3,1,0
11364,4,2,0
11364,5,0,0
11364,5,2,0
11364,6,1,0
11364,6,2,0
11364,7,0,0
11364,7,1,0
11364,7,2,0
11365,1,0,0
11365,2,1,0
11365,3,0,0
11365,3,1,0
11365,4,2,0
11365,5,0,0
11365,5,2,0
11365,6,1,0
11365,6,2,0
11365,7,0,0
11365,7,1,0
11365,7,2,0
11366,1,0,0
11366,2,1,0
11366,3,0,0
11366,3,1,0
11366,4,2,0
11366,5,0,0
11366,5,2,0
11366,6,1,0
11366,6,2,0
11366,7,0,0
11366,7,1,0
11366,7,2,0
11367,1,0,1
11367,2,1,0
11367,3,0,1
11367,3,1,0
11367,4,2,0
11367,5,0,1
11367,5,2,0
11367,6,1,0
11367,6,2,0
11367,7,0,1
11367,7,1,0
11367,7,2,0
11368,1,0,1
11368,2,1,0
11368,3,0,1
11368,3,1,0
11368,4,2,0
11368,5,0,1
11368,5,2,0
11368,6,1,0
11368,6,2,0
11368,7,0,1
11368,7,1,0
11368,7,2,0
11369,1,0,0
11369,2,1,0
11369,3,0,0
11369,3,1,0
11369,4,2,0
11369,5,0,0
11369,5,2,0
11369,6,1,0
11369,6,2,0
11369,7,0,0
11369,7,1,0
11369,7,2,0
11370,1,0,0
11370,2,1,0
11370,3,0,0
11370,3,1,0
11370,4,2,0
11370,5,0,0
11370,5,2,0
11370,6,1,0
11370,6,2,0
11370,7,0,0
11370,7,1,0
11370,7,2,0
11371,1,0,0
11371,2,1,0
11371,3,0,0
11371,3,1,0
11371,4,2,0
11371,5,0,0
11371,5,2,0
11371,6,1,0
11371,6,2,0
11371,7,0,0
11371,7,1,0
11371,7,2,0
11372,1,0,0
11372,2,1,0
11372,3,0,0
11372,3,1,0
11372,4,2,0
11372,5,0,0
11372,5,2,0
11372,6,1,0
11372,6,2,0
11372,7,0,0
11372,7,1,0
11372,7,2,0
11373,1,0,0
11373,2,1,0
11373,3,0,0
11373,3,1,0
11373,4,2,0
11373,5,0,0
11373,5,2,0
11373,6,1,0
11373,6,2,0
11373,7,0,0
11373,7,1,0
11373,7,2,0
11374,1,0,0
11374,2,1,0
11374,3,0,0
11374,3,1,0
11374,4,2,0
11374,5,0,0
11374,5,2,0
11374,6,1,0
11374,6,2,0
11374,7,0,0
11374,7,1,0
11374,7,2,0
11375,1,0,0
11375,2,1,0
11375,3,0,0
11375,3,1,0
11375,4,2,0
11375,5,0,0
11375,5,2,0
11375,6,1,0
11375,6,2,0
11375,7,0,0
11375,7,1,0
11375,7,2,0
11376,1,0,0
11376,2,1,0
11376,3,0,0
11376,3,1,0
11376,4,2,0
11376,5,0,0
11376,5,2,0
11376,6,1,0
11376,6,2,0
11376,7,0,0
11376,7,1,0
11376,7,2,0
11377,1,0,0
11377,2,1,0
11377,3,0,0
11377,3,1,0
11377,4,2,0
11377,5,0,0
11377,5,2,0
11377,6,1,0
11377,6,2,0
11377,7,0,0
11377,7,1,0
11377,7,2,0
11378,1,0,0
11378,2,1,0
11378,3,0,0
11378,3,1,0
11378,4,2,0
11378,5,0,0
11378,5,2,0
11378,6,1,0
11378,6,2,0
11378,7,0,0
11378,7,1,0
11378,7,2,0
11379,1,0,0
11379,2,1,0
11379,3,0,0
11379,3,1,0
11379,4,2,0
11379,5,0,0
11379,5,2,0
11379,6,1,0
11379,6,2,0
11379,7,0,0
11379,7,1,0
11379,7,2,0
11380,1,0,0
11380,2,1,0
11380,3,0,0
11380,3,1,0
11380,4,2,0
11380,5,0,0
11380,5,2,0
11380,6,1,0
11380,6,2,0
11380,7,0,0
11380,7,1,0
11380,7,2,0
11381,1,0,0
11381,2,1,0
11381,3,0,0
11381,3,1,0
11381,4,2,0
11381,5,0,0
11381,5,2,0
11381,6,1,0
11381,6,2,0
11381,7,0,0
11381,7,1,0
11381,7,2,0
11382,1,0,0
11382,2,1,0
11382,3,0,0
11382,3,1,0
11382,4,2,0
11382,5,0,0
11382,5,2,0
11382,6,1,0
11382,6,2,0
11382,7,0,0
11382,7,1,0
11382,7,2,0
11383,1,0,0
11383,2,1,0
11383,3,0,0
11383,3,1,0
11383,4,2,0
11383,5,0,0
11383,5,2,0
11383,6,1,0
11383,6,2,0
11383,7,0,0
11383,7,1,0
11383,7,2,0
11384,1,0,0
11384,2,1,0
11384,3,0,0
11384,3,1,0
11384,4,2,0
11384,5,0,0
11384,5,2,0
11384,6,1,0
11384,6,2,0
11384,7,0,0
11384,7,1,0
11384,7,2,0
11385,1,0,0
11385,2,1,0
11385,3,0,0
11385,3,1,0
11385,4,2,0
11385,5,0,0
11385,5,2,0
11385,6,1,0
11385,6,2,0
11385,7,0,0
11385,7,1,0
11385,7,2,0
11386,1,0,0
11386,2,1,0
11386,3,0,0
11386,3,1,0
11386,4,2,0
11386,5,0,0
11386,5,2,0
11386,6,1,0
11386,6,2,0
11386,7,0,0
11386,7,1,0
11386,7,2,0
11387,1,0,0
11387,2,1,0
11387,3,0,0
11387,3,1,0
11387,4,2,0
11387,5,0,0
11387,5,2,0
11387,6,1,0
11387,6,2,0
11387,7,0,0
11387,7,1,0
11387,7,2,0
11388,1,0,0
11388,2,1,0
11388,3,0,0
11388,3,1,0
11388,4,2,0
11388,5,0,0
11388,5,2,0
11388,6,1,0
11388,6,2,0
11388,7,0,0
11388,7,1,0
11388,7,2,0
11389,1,0,0
11389,2,1,0
11389,3,0,0
11389,3,1,0
11389,4,2,0
11389,5,0,0
11389,5,2,0
11389,6,1,0
11389,6,2,0
11389,7,0,0
11389,7,1,0
11389,7,2,0
11390,1,0,0
11390,2,1,0
11390,3,0,0
11390,3,1,0
11390,4,2,0
11390,5,0,0
11390,5,2,0
11390,6,1,0
11390,6,2,0
11390,7,0,0
11390,7,1,0
11390,7,2,0
11391,1,0,0
11391,2,1,0
11391,3,0,0
11391,3,1,0
11391,4,2,0
11391,5,0,0
11391,5,2,0
11391,6,1,0
11391,6,2,0
11391,7,0,0
11391,7,1,0
11391,7,2,0
11392,1,0,0
11392,2,1,0
11392,3,0,0
11392,3,1,0
11392,4,2,0
11392,5,0,0
11392,5,2,0
11392,6,1,0
11392,6,2,0
11392,7,0,0
11392,7,1,0
11392,7,2,0
11393,1,0,0
11393,2,1,0
11393,3,0,0
11393,3,1,0
11393,4,2,0
11393,5,0,0
11393,5,2,0
11393,6,1,0
11393,6,2,0
11393,7,0,0
11393,7,1,0
11393,7,2,0
11394,1,0,1
11394,2,1,0
11394,3,0,1
11394,3,1,0
11394,4,2,0
11394,5,0,1
11394,5,2,0
11394,6,1,0
11394,6,2,0
11394,7,0,1
11394,7,1,0
11394,7,2,0
11395,1,0,1
11395,2,1,0
11395,3,0,1
11395,3,1,0
11395,4,2,0
11395,5,0,1
11395,5,2,0
11395,6,1,0
11395,6,2,0
11395,7,0,1
11395,7,1,0
11395,7,2,0
11396,1,0,0
11396,2,1,0
11396,3,0,0
11396,3,1,0
11396,4,2,0
11396,5,0,0
11396,5,2,0
11396,6,1,0
11396,6,2,0
11396,7,0,0
11396,7,1,0
11396,7,2,0
11397,1,0,0
11397,2,1,0
11397,3,0,0
11397,3,1,0
11397,4,2,0
11397,5,0,0
11397,5,2,0
11397,6,1,0
11397,6,2,0
11397,7,0,0
11397,7,1,0
11397,7,2,0
11398,1,0,0
11398,2,1,0
11398,3,0,0
11398,3,1,0
11398,4,2,0
11398,5,0,0
11398,5,2,0
11398,6,1,0
11398,6,2,0
11398,7,0,0
11398,7,1,0
11398,7,2,0
11399,1,0,0
11399,2,1,0
11399,3,0,0
11399,3,1,0
11399,4,2,0
11399,5,0,0
11399,5,2,0
11399,6,1,0
11399,6,2,0
11399,7,0,0
11399,7,1,0
11399,7,2,0
11400,1,0,0
11400,2,1,0
11400,3,0,0
11400,3,1,0
11400,4,2,0
11400,5,0,0
11400,5,2,0
11400,6,1,0
11400,6,2,0
11400,7,0,0
11400,7,1,0
11400,7,2,0
11401,1,0,0
11401,2,1,0
11401,3,0,0
11401,3,1,0
11401,4,2,0
11401,5,0,0
11401,5,2,0
11401,6,1,0
11401,6,2,0
11401,7,0,0
11401,7,1,0
11401,7,2,0
11402,1,0,0
11402,2,1,0
11402,3,0,0
11402,3,1,0
11402,4,2,0
11402,5,0,0
11402,5,2,0
11402,6,1,0
11402,6,2,0
11402,7,0,0
11402,7,1,0
11402,7,2,0
11403,1,0,0
11403,2,1,0
11403,3,0,0
11403,3,1,0
11403,4,2,0
11403,5,0,0
11403,5,2,0
11403,6,1,0
11403,6,2,0
11403,7,0,0
11403,7,1,0
11403,7,2,0
11404,1,0,0
11404,2,1,0
11404,3,0,0
11404,3,1,0
11404,4,2,0
11404,5,0,0
11404,5,2,0
11404,6,1,0
11404,6,2,0
11404,7,0,0
11404,7,1,0
11404,7,2,0
11405,1,0,0
11405,2,1,0
11405,3,0,0
11405,3,1,0
11405,4,2,0
11405,5,0,0
11405,5,2,0
11405,6,1,0
11405,6,2,0
11405,7,0,0
11405,7,1,0
11405,7,2,0
11406,1,0,0
11406,2,1,0
11406,3,0,0
11406,3,1,0
11406,4,2,0
11406,5,0,0
11406,5,2,0
11406,6,1,0
11406,6,2,0
11406,7,0,0
11406,7,1,0
11406,7,2,0
11407,1,0,0
11407,2,1,0
11407,3,0,0
11407,3,1,0
11407,4,2,0
11407,5,0,0
11407,5,2,0
11407,6,1,0
11407,6,2,0
11407,7,0,0
11407,7,1,0
11407,7,2,0
11408,1,0,0
11408,2,1,0
11408,3,0,0
11408,3,1,0
11408,4,2,0
11408,5,0,0
11408,5,2,0
11408,6,1,0
11408,6,2,0
11408,7,0,0
11408,7,1,0
11408,7,2,0
11409,1,0,0
11409,2,1,0
11409,3,0,0
11409,3,1,0
11409,4,2,0
11409,5,0,0
11409,5,2,0
11409,6,1,0
11409,6,2,0
11409,7,0,0
11409,7,1,0
11409,7,2,0
11410,1,0,0
11410,2,1,0
11410,3,0,0
11410,3,1,0
11410,4,2,0
11410,5,0,0
11410,5,2,0
11410,6,1,0
11410,6,2,0
11410,7,0,0
11410,7,1,0
11410,7,2,0
11411,1,0,0
11411,2,1,0
11411,3,0,0
11411,3,1,0
11411,4,2,0
11411,5,0,0
11411,5,2,0
11411,6,1,0
11411,6,2,0
11411,7,0,0
11411,7,1,0
11411,7,2,0
11412,1,0,0
11412,2,1,0
11412,3,0,0
11412,3,1,0
11412,4,2,0
11412,5,0,0
11412,5,2,0
11412,6,1,0
11412,6,2,0
11412,7,0,0
11412,7,1,0
11412,7,2,0
11413,1,0,0
11413,2,1,0
11413,3,0,0
11413,3,1,0
11413,4,2,0
11413,5,0,0
11413,5,2,0
11413,6,1,0
11413,6,2,0
11413,7,0,0
11413,7,1,0
11413,7,2,0
11414,1,0,0
11414,2,1,0
11414,3,0,0
11414,3,1,0
11414,4,2,0
11414,5,0,0
11414,5,2,0
11414,6,1,0
11414,6,2,0
11414,7,0,0
11414,7,1,0
11414,7,2,0
11415,1,0,0
11415,2,1,0
11415,3,0,0
11415,3,1,0
11415,4,2,0
11415,5,0,0
11415,5,2,0
11415,6,1,0
11415,6,2,0
11415,7,0,0
11415,7,1,0
11415,7,2,0
11416,1,0,0
11416,2,1,0
11416,3,0,0
11416,3,1,0
11416,4,2,0
11416,5,0,0
11416,5,2,0
11416,6,1,0
11416,6,2,0
11416,7,0,0
11416,7,1,0
11416,7,2,0
11417,1,0,0
11417,2,1,0
11417,3,0,0
11417,3,1,0
11417,4,2,0
11417,5,0,0
11417,5,2,0
11417,6,1,0
11417,6,2,0
11417,7,0,0
11417,7,1,0
11417,7,2,0
11418,1,0,0
11418,2,1,0
11418,3,0,0
11418,3,1,0
11418,4,2,0
11418,5,0,0
11418,5,2,0
11418,6,1,0
11418,6,2,0
11418,7,0,0
11418,7,1,0
11418,7,2,0
11419,1,0,0
11419,2,1,0
11419,3,0,0
11419,3,1,0
11419,4,2,0
11419,5,0,0
11419,5,2,0
11419,6,1,0
11419,6,2,0
11419,7,0,0
11419,7,1,0
11419,7,2,0
11420,1,0,0
11420,2,1,0
11420,3,0,0
11420,3,1,0
11420,4,2,0
11420,5,0,0
11420,5,2,0
11420,6,1,0
11420,6,2,0
11420,7,0,0
11420,7,1,0
11420,7,2,0
11421,1,0,1
11421,2,1,0
11421,3,0,1
11421,3,1,0
11421,4,2,0
11421,5,0,1
11421,5,2,0
11421,6,1,0
11421,6,2,0
11421,7,0,1
11421,7,1,0
11421,7,2,0
11422,1,0,1
11422,2,1,0
11422,3,0,1
11422,3,1,0
11422,4,2,0
11422,5,0,1
11422,5,2,0
11422,6,1,0
11422,6,2,0
11422,7,0,1
11422,7,1,0
11422,7,2,0
11423,1,0,0
11423,2,1,0
11423,3,0,0
11423,3,1,0
11423,4,2,0
11423,5,0,0
11423,5,2,0
11423,6,1,0
11423,6,2,0
11423,7,0,0
11423,7,1,0
11423,7,2,0
11424,1,0,0
11424,2,1,0
11424,3,0,0
11424,3,1,0
11424,4,2,0
11424,5,0,0
11424,5,2,0
11424,6,1,0
11424,6,2,0
11424,7,0,0
11424,7,1,0
11424,7,2,0
11425,1,0,0
11425,2,1,0
11425,3,0,0
11425,3,1,0
11425,4,2,0
11425,5,0,0
11425,5,2,0
11425,6,1,0
11425,6,2,0
11425,7,0,0
11425,7,1,0
11425,7,2,0
11426,1,0,0
11426,2,1,0
11426,3,0,0
11426,3,1,0
11426,4,2,0
11426,5,0,0
11426,5,2,0
11426,6,1,0
11426,6,2,0
11426,7,0,0
11426,7,1,0
11426,7,2,0
11427,1,0,0
11427,2,1,0
11427,3,0,0
11427,3,1,0
11427,4,2,0
11427,5,0,0
11427,5,2,0
11427,6,1,0
11427,6,2,0
11427,7,0,0
11427,7,1,0
11427,7,2,0
11428,1,0,0
11428,2,1,0
11428,3,0,0
11428,3,1,0
11428,4,2,0
11428,5,0,0
11428,5,2,0
11428,6,1,0
11428,6,2,0
11428,7,0,0
11428,7,1,0
11428,7,2,0
11429,1,0,0
11429,2,1,0
11429,3,0,0
11429,3,1,0
11429,4,2,0
11429,5,0,0
11429,5,2,0
11429,6,1,0
11429,6,2,0
11429,7,0,0
11429,7,1,0
11429,7,2,0
11430,1,0,0
11430,2,1,0
11430,3,0,0
11430,3,1,0
11430,4,2,0
11430,5,0,0
11430,5,2,0
11430,6,1,0
11430,6,2,0
11430,7,0,0
11430,7,1,0
11430,7,2,0
11431,1,0,0
11431,2,1,0
11431,3,0,0
11431,3,1,0
11431,4,2,0
11431,5,0,0
11431,5,2,0
11431,6,1,0
11431,6,2,0
11431,7,0,0
11431,7,1,0
11431,7,2,0
11432,1,0,0
11432,2,1,0
11432,3,0,0
11432,3,1,0
11432,4,2,0
11432,5,0,0
11432,5,2,0
11432,6,1,0
11432,6,2,0
11432,7,0,0
11432,7,1,0
11432,7,2,0
11433,1,0,0
11433,2,1,0
11433,3,0,0
11433,3,1,0
11433,4,2,0
11433,5,0,0
11433,5,2,0
11433,6,1,0
11433,6,2,0
11433,7,0,0
11433,7,1,0
11433,7,2,0
11434,1,0,0
11434,2,1,0
11434,3,0,0
11434,3,1,0
11434,4,2,0
11434,5,0,0
11434,5,2,0
11434,6,1,0
11434,6,2,0
11434,7,0,0
11434,7,1,0
11434,7,2,0
11435,1,0,0
11435,2,1,0
11435,3,0,0
11435,3,1,0
11435,4,2,0
11435,5,0,0
11435,5,2,0
11435,6,1,0
11435,6,2,0
11435,7,0,0
11435,7,1,0
11435,7,2,0
11436,1,0,0
11436,2,1,0
11436,3,0,0
11436,3,1,0
11436,4,2,0
11436,5,0,0
11436,5,2,0
11436,6,1,0
11436,6,2,0
11436,7,0,0
11436,7,1,0
11436,7,2,0
11437,1,0,0
11437,2,1,0
11437,3,0,0
11437,3,1,0
11437,4,2,0
11437,5,0,0
11437,5,2,0
11437,6,1,0
11437,6,2,0
11437,7,0,0
11437,7,1,0
11437,7,2,0
11438,1,0,0
11438,2,1,0
11438,3,0,0
11438,3,1,0
11438,4,2,0
11438,5,0,0
11438,5,2,0
11438,6,1,0
11438,6,2,0
11438,7,0,0
11438,7,1,0
11438,7,2,0
11439,1,0,0
11439,2,1,0
11439,3,0,0
11439,3,1,0
11439,4,2,0
11439,5,0,0
11439,5,2,0
11439,6,1,0
11439,6,2,0
11439,7,0,0
11439,7,1,0
11439,7,2,0
11440,1,0,0
11440,2,1,0
11440,3,0,0
11440,3,1,0
11440,4,2,0
11440,5,0,0
11440,5,2,0
11440,6,1,0
11440,6,2,0
11440,7,0,0
11440,7,1,0
11440,7,2,0
11441,1,0,0
11441,2,1,0
11441,3,0,0
11441,3,1,0
11441,4,2,0
11441,5,0,0
11441,5,2,0
11441,6,1,0
11441,6,2,0
11441,7,0,0
11441,7,1,0
11441,7,2,0
11442,1,0,0
11442,2,1,0
11442,3,0,0
11442,3,1,0
11442,4,2,0
11442,5,0,0
11442,5,2,0
11442,6,1,0
11442,6,2,0
11442,7,0,0
11442,7,1,0
11442,7,2,0
11443,1,0,0
11443,2,1,0
11443,3,0,0
11443,3,1,0
11443,4,2,0
11443,5,0,0
11443,5,2,0
11443,6,1,0
11443,6,2,0
11443,7,0,0
11443,7,1,0
11443,7,2,0
11444,1,0,0
11444,2,1,0
11444,3,0,0
11444,3,1,0
11444,4,2,0
11444,5,0,0
11444,5,2,0
11444,6,1,0
11444,6,2,0
11444,7,0,0
11444,7,1,0
11444,7,2,0
11445,1,0,0
11445,2,1,0
11445,3,0,0
11445,3,1,0
11445,4,2,0
11445,5,0,0
11445,5,2,0
11445,6,1,0
11445,6,2,0
11445,7,0,0
11445,7,1,0
11445,7,2,0
11446,1,0,0
11446,2,1,0
11446,3,0,0
11446,3,1,0
11446,4,2,0
11446,5,0,0
11446,5,2,0
11446,6,1,0
11446,6,2,0
11446,7,0,0
11446,7,1,0
11446,7,2,0
11447,1,0,0
11447,2,1,0
11447,3,0,0
11447,3,1,0
11447,4,2,0
11447,5,0,0
11447,5,2,0
11447,6,1,0
11447,6,2,0
11447,7,0,0
11447,7,1,0
11447,7,2,0
11448,1,0,1
11448,2,1,0
11448,3,0,1
11448,3,1,0
11448,4,2,0
11448,5,0,1
11448,5,2,0
11448,6,1,0
11448,6,2,0
11448,7,0,1
11448,7,1,0
11448,7,2,0
11449,1,0,1
11449,2,1,0
11449,3,0,1
11449,3,1,0
11449,4,2,0
11449,5,0,1
11449,5,2,0
11449,6,1,0
11449,6,2,0
11449,7,0,1
11449,7,1,0
11449,7,2,0
11450,1,0,0
11450,2,1,0
11450,3,0,0
11450,3,1,0
11450,4,2,0
11450,5,0,0
11450,5,2,0
11450,6,1,0
11450,6,2,0
11450,7,0,0
11450,7,1,0
11450,7,2,0
11451,1,0,0
11451,2,1,0
11451,3,0,0
11451,3,1,0
11451,4,2,0
11451,5,0,0
11451,5,2,0
11451,6,1,0
11451,6,2,0
11451,7,0,0
11451,7,1,0
11451,7,2,0
11452,1,0,0
11452,2,1,0
11452,3,0,0
11452,3,1,0
11452,4,2,0
11452,5,0,0
11452,5,2,0
11452,6,1,0
11452,6,2,0
11452,7,0,0
11452,7,1,0
11452,7,2,0
11453,1,0,0
11453,2,1,0
11453,3,0,0
11453,3,1,0
11453,4,2,0
11453,5,0,0
11453,5,2,0
11453,6,1,0
11453,6,2,0
11453,7,0,0
11453,7,1,0
11453,7,2,0
11454,1,0,0
11454,2,1,0
11454,3,0,0
11454,3,1,0
11454,4,2,0
11454,5,0,0
11454,5,2,0
11454,6,1,0
11454,6,2,0
11454,7,0,0
11454,7,1,0
11454,7,2,0
11455,1,0,0
11455,2,1,0
11455,3,0,0
11455,3,1,0
11455,4,2,0
11455,5,0,0
11455,5,2,0
11455,6,1,0
11455,6,2,0
11455,7,0,0
11455,7,1,0
11455,7,2,0
11456,1,0,0
11456,2,1,0
11456,3,0,0
11456,3,1,0
11456,4,2,0
11456,5,0,0
11456,5,2,0
11456,6,1,0
11456,6,2,0
11456,7,0,0
11456,7,1,0
11456,7,2,0
11457,1,0,0
11457,2,1,0
11457,3,0,0
11457,3,1,0
11457,4,2,0
11457,5,0,0
11457,5,2,0
11457,6,1,0
11457,6,2,0
11457,7,0,0
11457,7,1,0
11457,7,2,0
11458,1,0,0
11458,2,1,0
11458,3,0,0
11458,3,1,0
11458,4,2,0
11458,5,0,0
11458,5,2,0
11458,6,1,0
11458,6,2,0
11458,7,0,0
11458,7,1,0
11458,7,2,0
11459,1,0,0
11459,2,1,0
11459,3,0,0
11459,3,1,0
11459,4,2,0
11459,5,0,0
11459,5,2,0
11459,6,1,0
11459,6,2,0
11459,7,0,0
11459,7,1,0
11459,7,2,0
11460,1,0,0
11460,2,1,0
11460,3,0,0
11460,3,1,0
11460,4,2,0
11460,5,0,0
11460,5,2,0
11460,6,1,0
11460,6,2,0
11460,7,0,0
11460,7,1,0
11460,7,2,0
11461,1,0,0
11461,2,1,0
11461,3,0,0
11461,3,1,0
11461,4,2,0
11461,5,0,0
11461,5,2,0
11461,6,1,0
11461,6,2,0
11461,7,0,0
11461,7,1,0
11461,7,2,0
11462,1,0,0
11462,2,1,0
11462,3,0,0
11462,3,1,0
11462,4,2,0
11462,5,0,0
11462,5,2,0
11462,6,1,0
11462,6,2,0
11462,7,0,0
11462,7,1,0
11462,7,2,0
11463,1,0,0
11463,2,1,0
11463,3,0,0
11463,3,1,0
11463,4,2,0
11463,5,0,0
11463,5,2,0
11463,6,1,0
11463,6,2,0
11463,7,0,0
11463,7,1,0
11463,7,2,0
11464,1,0,0
11464,2,1,0
11464,3,0,0
11464,3,1,0
11464,4,2,0
11464,5,0,0
11464,5,2,0
11464,6,1,0
11464,6,2,0
11464,7,0,0
11464,7,1,0
11464,7,2,0
11465,1,0,0
11465,2,1,0
11465,3,0,0
11465,3,1,0
11465,4,2,0
11465,5,0,0
11465,5,2,0
11465,6,1,0
11465,6,2,0
11465,7,0,0
11465,7,1,0
11465,7,2,0
11466,1,0,0
11466,2,1,0
11466,3,0,0
11466,3,1,0
11466,4,2,0
11466,5,0,0
11466,5,2,0
11466,6,1,0
11466,6,2,0
11466,7,0,0
11466,7,1,0
11466,7,2,0
11467,1,0,0
11467,2,1,0
11467,3,0,0
11467,3,1,0
11467,4,2,0
11467,5,0,0
11467,5,2,0
11467,6,1,0
11467,6,2,0
11467,7,0,0
11467,7,1,0
11467,7,2,0
11468,1,0,0
11468,2,1,0
11468,3,0,0
11468,3,1,0
11468,4,2,0
11468,5,0,0
11468,5,2,0
11468,6,1,0
11468,6,2,0
11468,7,0,0
11468,7,1,0
11468,7,2,0
11469,1,0,0
11469,2,1,0
11469,3,0,0
11469,3,1,0
11469,4,2,0
11469,5,0,0
11469,5,2,0
11469,6,1,0
11469,6,2,0
11469,7,0,0
11469,7,1,0
11469,7,2,0
11470,1,0,0
11470,2,1,0
11470,3,0,0
11470,3,1,0
11470,4,2,0
11470,5,0,0
11470,5,2,0
11470,6,1,0
11470,6,2,0
11470,7,0,0
11470,7,1,0
11470,7,2,0
11471,1,0,0
11471,2,1,0
11471,3,0,0
11471,3,1,0
11471,4,2,0
11471,5,0,0
11471,5,2,0
11471,6,1,0
11471,6,2,0
11471,7,0,0
11471,7,1,0
11471,7,2,0
11472,1,0,0
11472,2,1,0
11472,3,0,0
11472,3,1,0
11472,4,2,0
11472,5,0,0
11472,5,2,0
11472,6,1,0
11472,6,2,0
11472,7,0,0
11472,7,1,0
11472,7,2,0
11473,1,0,0
11473,2,1,0
11473,3,0,0
11473,3,1,0
11473,4,2,0
11473,5,0,0
11473,5,2,0
11473,6,1,0
11473,6,2,0
11473,7,0,0
11473,7,1,0
11473,7,2,0
11474,1,0,0
11474,2,1,0
11474,3,0,0
11474,3,1,0
11474,4,2,0
11474,5,0,0
11474,5,2,0
11474,6,1,0
11474,6,2,0
11474,7,0,0
11474,7,1,0
11474,7,2,0
11475,1,0,1
11475,2,1,0
11475,3,0,1
11475,3,1,0
11475,4,2,0
11475,5,0,1
11475,5,2,0
11475,6,1,0
11475,6,2,0
11475,7,0,1
11475,7,1,0
11475,7,2,0
11476,1,0,1
11476,2,1,0
11476,3,0,1
11476,3,1,0
11476,4,2,0
11476,5,0,1
11476,5,2,0
11476,6,1,0
11476,6,2,0
11476,7,0,1
11476,7,1,0
11476,7,2,0
11477,1,0,0
11477,2,1,0
11477,3,0,0
11477,3,1,0
11477,4,2,0
11477,5,0,0
11477,5,2,0
11477,6,1,0
11477,6,2,0
11477,7,0,0
11477,7,1,0
11477,7,2,0
11478,1,0,0
11478,2,1,0
11478,3,0,0
11478,3,1,0
11478,4,2,0
11478,5,0,0
11478,5,2,0
11478,6,1,0
11478,6,2,0
11478,7,0,0
11478,7,1,0
11478,7,2,0
11479,1,0,0
11479,2,1,0
11479,3,0,0
11479,3,1,0
11479,4,2,0
11479,5,0,0
11479,5,2,0
11479,6,1,0
11479,6,2,0
11479,7,0,0
11479,7,1,0
11479,7,2,0
11480,1,0,0
11480,2,1,0
11480,3,0,0
11480,3,1,0
11480,4,2,0
11480,5,0,0
11480,5,2,0
11480,6,1,0
11480,6,2,0
11480,7,0,0
11480,7,1,0
11480,7,2,0
11481,1,0,0
11481,2,1,0
11481,3,0,0
11481,3,1,0
11481,4,2,0
11481,5,0,0
11481,5,2,0
11481,6,1,0
11481,6,2,0
11481,7,0,0
11481,7,1,0
11481,7,2,0
11482,1,0,0
11482,2,1,0
11482,3,0,0
11482,3,1,0
11482,4,2,0
11482,5,0,0
11482,5,2,0
11482,6,1,0
11482,6,2,0
11482,7,0,0
11482,7,1,0
11482,7,2,0
11483,1,0,0
11483,2,1,0
11483,3,0,0
11483,3,1,0
11483,4,2,0
11483,5,0,0
11483,5,2,0
11483,6,1,0
11483,6,2,0
11483,7,0,0
11483,7,1,0
11483,7,2,0
11484,1,0,0
11484,2,1,0
11484,3,0,0
11484,3,1,0
11484,4,2,0
11484,5,0,0
11484,5,2,0
11484,6,1,0
11484,6,2,0
11484,7,0,0
11484,7,1,0
11484,7,2,0
11485,1,0,0
11485,2,1,0
11485,3,0,0
11485,3,1,0
11485,4,2,0
11485,5,0,0
11485,5,2,0
11485,6,1,0
11485,6,2,0
11485,7,0,0
11485,7,1,0
11485,7,2,0
11486,1,0,0
11486,2,1,0
11486,3,0,0
11486,3,1,0
11486,4,2,0
11486,5,0,0
11486,5,2,0
11486,6,1,0
11486,6,2,0
11486,7,0,0
11486,7,1,0
11486,7,2,0
11487,1,0,0
11487,2,1,0
11487,3,0,0
11487,3,1,0
11487,4,2,0
11487,5,0,0
11487,5,2,0
11487,6,1,0
11487,6,2,0
11487,7,0,0
11487,7,1,0
11487,7,2,0
11488,1,0,0
11488,2,1,0
11488,3,0,0
11488,3,1,0
11488,4,2,0
11488,5,0,0
11488,5,2,0
11488,6,1,0
11488,6,2,0
11488,7,0,0
11488,7,1,0
11488,7,2,0
11489,1,0,0
11489,2,1,0
11489,3,0,0
11489,3,1,0
11489,4,2,0
11489,5,0,0
11489,5,2,0
11489,6,1,0
11489,6,2,0
11489,7,0,0
11489,7,1,0
11489,7,2,0
11490,1,0,0
11490,2,1,0
11490,3,0,0
11490,3,1,0
11490,4,2,0
11490,5,0,0
11490,5,2,0
11490,6,1,0
11490,6,2,0
11490,7,0,0
11490,7,1,0
11490,7,2,0
11491,1,0,0
11491,2,1,0
11491,3,0,0
11491,3,1,0
11491,4,2,0
11491,5,0,0
11491,5,2,0
11491,6,1,0
11491,6,2,0
11491,7,0,0
11491,7,1,0
11491,7,2,0
11492,1,0,0
11492,2,1,0
11492,3,0,0
11492,3,1,0
11492,4,2,0
11492,5,0,0
11492,5,2,0
11492,6,1,0
11492,6,2,0
11492,7,0,0
11492,7,1,0
11492,7,2,0
11493,1,0,0
11493,2,1,0
11493,3,0,0
11493,3,1,0
11493,4,2,0
11493,5,0,0
11493,5,2,0
11493,6,1,0
11493,6,2,0
11493,7,0,0
11493,7,1,0
11493,7,2,0
11494,1,0,0
11494,2,1,0
11494,3,0,0
11494,3,1,0
11494,4,2,0
11494,5,0,0
11494,5,2,0
11494,6,1,0
11494,6,2,0
11494,7,0,0
11494,7,1,0
11494,7,2,0
11495,1,0,0
11495,2,1,0
11495,3,0,0
11495,3,1,0
11495,4,2,0
11495,5,0,0
11495,5,2,0
11495,6,1,0
11495,6,2,0
11495,7,0,0
11495,7,1,0
11495,7,2,0
11496,1,0,0
11496,2,1,0
11496,3,0,0
11496,3,1,0
11496,4,2,0
11496,5,0,0
11496,5,2,0
11496,6,1,0
11496,6,2,0
11496,7,0,0
11496,7,1,0
11496,7,2,0
11497,1,0,0
11497,2,1,0
11497,3,0,0
11497,3,1,0
11497,4,2,0
11497,5,0,0
11497,5,2,0
11497,6,1,0
11497,6,2,0
11497,7,0,0
11497,7,1,0
11497,7,2,0
11498,1,0,0
11498,2,1,0
11498,3,0,0
11498,3,1,0
11498,4,2,0
11498,5,0,0
11498,5,2,0
11498,6,1,0
11498,6,2,0
11498,7,0,0
11498,7,1,0
11498,7,2,0
11499,1,0,0
11499,2,1,0
11499,3,0,0
11499,3,1,0
11499,4,2,0
11499,5,0,0
11499,5,2,0
11499,6,1,0
11499,6,2,0
11499,7,0,0
11499,7,1,0
11499,7,2,0
11500,1,0,0
11500,2,1,0
11500,3,0,0
11500,3,1,0
11500,4,2,0
11500,5,0,0
11500,5,2,0
11500,6,1,0
11500,6,2,0
11500,7,0,0
11500,7,1,0
11500,7,2,0
11501,1,0,0
11501,2,1,0
11501,3,0,0
11501,3,1,0
11501,4,2,0
11501,5,0,0
11501,5,2,0
11501,6,1,0
11501,6,2,0
11501,7,0,0
11501,7,1,0
11501,7,2,0
11502,1,0,1
11502,2,1,0
11502,3,0,1
11502,3,1,0
11502,4,2,0
11502,5,0,1
11502,5,2,0
11502,6,1,0
11502,6,2,0
11502,7,0,1
11502,7,1,0
11502,7,2,0
11503,1,0,1
11503,2,1,0
11503,3,0,1
11503,3,1,0
11503,4,2,0
11503,5,0,1
11503,5,2,0
11503,6,1,0
11503,6,2,0
11503,7,0,1
11503,7,1,0
11503,7,2,0
11504,1,0,0
11504,2,1,0
11504,3,0,0
11504,3,1,0
11504,4,2,0
11504,5,0,0
11504,5,2,0
11504,6,1,0
11504,6,2,0
11504,7,0,0
11504,7,1,0
11504,7,2,0
11505,1,0,0
11505,2,1,0
11505,3,0,0
11505,3,1,0
11505,4,2,0
11505,5,0,0
11505,5,2,0
11505,6,1,0
11505,6,2,0
11505,7,0,0
11505,7,1,0
11505,7,2,0
11506,1,0,0
11506,2,1,0
11506,3,0,0
11506,3,1,0
11506,4,2,0
11506,5,0,0
11506,5,2,0
11506,6,1,0
11506,6,2,0
11506,7,0,0
11506,7,1,0
11506,7,2,0
11507,1,0,0
11507,2,1,0
11507,3,0,0
11507,3,1,0
11507,4,2,0
11507,5,0,0
11507,5,2,0
11507,6,1,0
11507,6,2,0
11507,7,0,0
11507,7,1,0
11507,7,2,0
11508,1,0,0
11508,2,1,0
11508,3,0,0
11508,3,1,0
11508,4,2,0
11508,5,0,0
11508,5,2,0
11508,6,1,0
11508,6,2,0
11508,7,0,0
11508,7,1,0
11508,7,2,0
11509,1,0,0
11509,2,1,0
11509,3,0,0
11509,3,1,0
11509,4,2,0
11509,5,0,0
11509,5,2,0
11509,6,1,0
11509,6,2,0
11509,7,0,0
11509,7,1,0
11509,7,2,0
11510,1,0,0
11510,2,1,0
11510,3,0,0
11510,3,1,0
11510,4,2,0
11510,5,0,0
11510,5,2,0
11510,6,1,0
11510,6,2,0
11510,7,0,0
11510,7,1,0
11510,7,2,0
11511,1,0,0
11511,2,1,0
11511,3,0,0
11511,3,1,0
11511,4,2,0
11511,5,0,0
11511,5,2,0
11511,6,1,0
11511,6,2,0
11511,7,0,0
11511,7,1,0
11511,7,2,0
11512,1,0,0
11512,2,1,0
11512,3,0,0
11512,3,1,0
11512,4,2,0
11512,5,0,0
11512,5,2,0
11512,6,1,0
11512,6,2,0
11512,7,0,0
11512,7,1,0
11512,7,2,0
11513,1,0,0
11513,2,1,0
11513,3,0,0
11513,3,1,0
11513,4,2,0
11513,5,0,0
11513,5,2,0
11513,6,1,0
11513,6,2,0
11513,7,0,0
11513,7,1,0
11513,7,2,0
11514,1,0,0
11514,2,1,0
11514,3,0,0
11514,3,1,0
11514,4,2,0
11514,5,0,0
11514,5,2,0
11514,6,1,0
11514,6,2,0
11514,7,0,0
11514,7,1,0
11514,7,2,0
11515,1,0,0
11515,2,1,0
11515,3,0,0
11515,3,1,0
11515,4,2,0
11515,5,0,0
11515,5,2,0
11515,6,1,0
11515,6,2,0
11515,7,0,0
11515,7,1,0
11515,7,2,0
11516,1,0,0
11516,2,1,0
11516,3,0,0
11516,3,1,0
11516,4,2,0
11516,5,0,0
11516,5,2,0
11516,6,1,0
11516,6,2,0
11516,7,0,0
11516,7,1,0
11516,7,2,0
11517,1,0,0
11517,2,1,0
11517,3,0,0
11517,3,1,0
11517,4,2,0
11517,5,0,0
11517,5,2,0
11517,6,1,0
11517,6,2,0
11517,7,0,0
11517,7,1,0
11517,7,2,0
11518,1,0,0
11518,2,1,0
11518,3,0,0
11518,3,1,0
11518,4,2,0
11518,5,0,0
11518,5,2,0
11518,6,1,0
11518,6,2,0
11518,7,0,0
11518,7,1,0
11518,7,2,0
11519,1,0,0
11519,2,1,0
11519,3,0,0
11519,3,1,0
11519,4,2,0
11519,5,0,0
11519,5,2,0
11519,6,1,0
11519,6,2,0
11519,7,0,0
11519,7,1,0
11519,7,2,0
11520,1,0,0
11520,2,1,0
11520,3,0,0
11520,3,1,0
11520,4,2,0
11520,5,0,0
11520,5,2,0
11520,6,1,0
11520,6,2,0
11520,7,0,0
11520,7,1,0
11520,7,2,0
11521,1,0,0
11521,2,1,0
11521,3,0,0
11521,3,1,0
11521,4,2,0
11521,5,0,0
11521,5,2,0
11521,6,1,0
11521,6,2,0
11521,7,0,0
11521,7,1,0
11521,7,2,0
11522,1,0,0
11522,2,1,0
11522,3,0,0
11522,3,1,0
11522,4,2,0
11522,5,0,0
11522,5,2,0
11522,6,1,0
11522,6,2,0
11522,7,0,0
11522,7,1,0
11522,7,2,0
11523,1,0,0
11523,2,1,0
11523,3,0,0
11523,3,1,0
11523,4,2,0
11523,5,0,0
11523,5,2,0
11523,6,1,0
11523,6,2,0
11523,7,0,0
11523,7,1,0
11523,7,2,0
11524,1,0,0
11524,2,1,0
11524,3,0,0
11524,3,1,0
11524,4,2,0
11524,5,0,0
11524,5,2,0
11524,6,1,0
11524,6,2,0
11524,7,0,0
11524,7,1,0
11524,7,2,0
11525,1,0,0
11525,2,1,0
11525,3,0,0
11525,3,1,0
11525,4,2,0
11525,5,0,0
11525,5,2,0
11525,6,1,0
11525,6,2,0
11525,7,0,0
11525,7,1,0
11525,7,2,0
11526,1,0,0
11526,2,1,0
11526,3,0,0
11526,3,1,0
11526,4,2,0
11526,5,0,0
11526,5,2,0
11526,6,1,0
11526,6,2,0
11526,7,0,0
11526,7,1,0
11526,7,2,0
11527,1,0,0
11527,2,1,0
11527,3,0,0
11527,3,1,0
11527,4,2,0
11527,5,0,0
11527,5,2,0
11527,6,1,0
11527,6,2,0
11527,7,0,0
11527,7,1,0
11527,7,2,0
11528,1,0,0
11528,2,1,0
11528,3,0,0
11528,3,1,0
11528,4,2,0
11528,5,0,0
11528,5,2,0
11528,6,1,0
11528,6,2,0
11528,7,0,0
11528,7,1,0
11528,7,2,0
11529,1,0,1
11529,2,1,0
11529,3,0,1
11529,3,1,0
11529,4,2,0
11529,5,0,1
11529,5,2,0
11529,6,1,0
11529,6,2,0
11529,7,0,1
11529,7,1,0
11529,7,2,0
11530,1,0,1
11530,2,1,0
11530,3,0,1
11530,3,1,0
11530,4,2,0
11530,5,0,1
11530,5,2,0
11530,6,1,0
11530,6,2,0
11530,7,0,1
11530,7,1,0
11530,7,2,0
11531,1,0,0
11531,2,1,0
11531,3,0,0
11531,3,1,0
11531,4,2,0
11531,5,0,0
11531,5,2,0
11531,6,1,0
11531,6,2,0
11531,7,0,0
11531,7,1,0
11531,7,2,0
11532,1,0,0
11532,2,1,0
11532,3,0,0
11532,3,1,0
11532,4,2,0
11532,5,0,0
11532,5,2,0
11532,6,1,0
11532,6,2,0
11532,7,0,0
11532,7,1,0
11532,7,2,0
11533,1,0,0
11533,2,1,0
11533,3,0,0
11533,3,1,0
11533,4,2,0
11533,5,0,0
11533,5,2,0
11533,6,1,0
11533,6,2,0
11533,7,0,0
11533,7,1,0
11533,7,2,0
11534,1,0,0
11534,2,1,0
11534,3,0,0
11534,3,1,0
11534,4,2,0
11534,5,0,0
11534,5,2,0
11534,6,1,0
11534,6,2,0
11534,7,0,0
11534,7,1,0
11534,7,2,0
11535,1,0,0
11535,2,1,0
11535,3,0,0
11535,3,1,0
11535,4,2,0
11535,5,0,0
11535,5,2,0
11535,6,1,0
11535,6,2,0
11535,7,0,0
11535,7,1,0
11535,7,2,0
11536,1,0,0
11536,2,1,0
11536,3,0,0
11536,3,1,0
11536,4,2,0
11536,5,0,0
11536,5,2,0
11536,6,1,0
11536,6,2,0
11536,7,0,0
11536,7,1,0
11536,7,2,0
11537,1,0,0
11537,2,1,0
11537,3,0,0
11537,3,1,0
11537,4,2,0
11537,5,0,0
11537,5,2,0
11537,6,1,0
11537,6,2,0
11537,7,0,0
11537,7,1,0
11537,7,2,0
11538,1,0,0
11538,2,1,0
11538,3,0,0
11538,3,1,0
11538,4,2,0
11538,5,0,0
11538,5,2,0
11538,6,1,0
11538,6,2,0
11538,7,0,0
11538,7,1,0
11538,7,2,0
11539,1,0,0
11539,2,1,0
11539,3,0,0
11539,3,1,0
11539,4,2,0
11539,5,0,0
11539,5,2,0
11539,6,1,0
11539,6,2,0
11539,7,0,0
11539,7,1,0
11539,7,2,0
11540,1,0,0
11540,2,1,0
11540,3,0,0
11540,3,1,0
11540,4,2,0
11540,5,0,0
11540,5,2,0
11540,6,1,0
11540,6,2,0
11540,7,0,0
11540,7,1,0
11540,7,2,0
11541,1,0,0
11541,2,1,0
11541,3,0,0
11541,3,1,0
11541,4,2,0
11541,5,0,0
11541,5,2,0
11541,6,1,0
11541,6,2,0
11541,7,0,0
11541,7,1,0
11541,7,2,0
11542,1,0,0
11542,2,1,0
11542,3,0,0
11542,3,1,0
11542,4,2,0
11542,5,0,0
11542,5,2,0
11542,6,1,0
11542,6,2,0
11542,7,0,0
11542,7,1,0
11542,7,2,0
11543,1,0,0
11543,2,1,0
11543,3,0,0
11543,3,1,0
11543,4,2,0
11543,5,0,0
11543,5,2,0
11543,6,1,0
11543,6,2,0
11543,7,0,0
11543,7,1,0
11543,7,2,0
11544,1,0,0
11544,2,1,0
11544,3,0,0
11544,3,1,0
11544,4,2,0
11544,5,0,0
11544,5,2,0
11544,6,1,0
11544,6,2,0
11544,7,0,0
11544,7,1,0
11544,7,2,0
11545,1,0,0
11545,2,1,0
11545,3,0,0
11545,3,1,0
11545,4,2,0
11545,5,0,0
11545,5,2,0
11545,6,1,0
11545,6,2,0
11545,7,0,0
11545,7,1,0
11545,7,2,0
11546,1,0,0
11546,2,1,0
11546,3,0,0
11546,3,1,0
11546,4,2,0
11546,5,0,0
11546,5,2,0
11546,6,1,0
11546,6,2,0
11546,7,0,0
11546,7,1,0
11546,7,2,0
11547,1,0,0
11547,2,1,0
11547,3,0,0
11547,3,1,0
11547,4,2,0
11547,5,0,0
11547,5,2,0
11547,6,1,0
11547,6,2,0
11547,7,0,0
11547,7,1,0
11547,7,2,0
11548,1,0,0
11548,2,1,0
11548,3,0,0
11548,3,1,0
11548,4,2,0
11548,5,0,0
11548,5,2,0
11548,6,1,0
11548,6,2,0
11548,7,0,0
11548,7,1,0
11548,7,2,0
11549,1,0,0
11549,2,1,0
11549,3,0,0
11549,3,1,0
11549,4,2,0
11549,5,0,0
11549,5,2,0
11549,6,1,0
11549,6,2,0
11549,7,0,0
11549,7,1,0
11549,7,2,0
11550,1,0,0
11550,2,1,0
11550,3,0,0
11550,3,1,0
11550,4,2,0
11550,5,0,0
11550,5,2,0
11550,6,1,0
11550,6,2,0
11550,7,0,0
11550,7,1,0
11550,7,2,0
11551,1,0,0
11551,2,1,0
11551,3,0,0
11551,3,1,0
11551,4,2,0
11551,5,0,0
11551,5,2,0
11551,6,1,0
11551,6,2,0
11551,7,0,0
11551,7,1,0
11551,7,2,0
11552,1,0,0
11552,2,1,0
11552,3,0,0
11552,3,1,0
11552,4,2,0
11552,5,0,0
11552,5,2,0
11552,6,1,0
11552,6,2,0
11552,7,0,0
11552,7,1,0
11552,7,2,0
11553,1,0,0
11553,2,1,0
11553,3,0,0
11553,3,1,0
11553,4,2,0
11553,5,0,0
11553,5,2,0
11553,6,1,0
11553,6,2,0
11553,7,0,0
11553,7,1,0
11553,7,2,0
11554,1,0,0
11554,2,1,0
11554,3,0,0
11554,3,1,0
11554,4,2,0
11554,5,0,0
11554,5,2,0
11554,6,1,0
11554,6,2,0
11554,7,0,0
11554,7,1,0
11554,7,2,0
11555,1,0,0
11555,2,1,0
11555,3,0,0
11555,3,1,0
11555,4,2,0
11555,5,0,0
11555,5,2,0
11555,6,1,0
11555,6,2,0
11555,7,0,0
11555,7,1,0
11555,7,2,0
11556,1,0,1
11556,2,1,0
11556,3,0,1
11556,3,1,0
11556,4,2,0
11556,5,0,1
11556,5,2,0
11556,6,1,0
11556,6,2,0
11556,7,0,1
11556,7,1,0
11556,7,2,0
11557,1,0,1
11557,2,1,0
11557,3,0,1
11557,3,1,0
11557,4,2,0
11557,5,0,1
11557,5,2,0
11557,6,1,0
11557,6,2,0
11557,7,0,1
11557,7,1,0
11557,7,2,0
11558,1,0,0
11558,2,1,0
11558,3,0,0
11558,3,1,0
11558,4,2,0
11558,5,0,0
11558,5,2,0
11558,6,1,0
11558,6,2,0
11558,7,0,0
11558,7,1,0
11558,7,2,0
11559,1,0,0
11559,2,1,0
11559,3,0,0
11559,3,1,0
11559,4,2,0
11559,5,0,0
11559,5,2,0
11559,6,1,0
11559,6,2,0
11559,7,0,0
11559,7,1,0
11559,7,2,0
11560,1,0,0
11560,2,1,0
11560,3,0,0
11560,3,1,0
11560,4,2,0
11560,5,0,0
11560,5,2,0
11560,6,1,0
11560,6,2,0
11560,7,0,0
11560,7,1,0
11560,7,2,0
11561,1,0,0
11561,2,1,0
11561,3,0,0
11561,3,1,0
11561,4,2,0
11561,5,0,0
11561,5,2,0
11561,6,1,0
11561,6,2,0
11561,7,0,0
11561,7,1,0
11561,7,2,0
11562,1,0,0
11562,2,1,0
11562,3,0,0
11562,3,1,0
11562,4,2,0
11562,5,0,0
11562,5,2,0
11562,6,1,0
11562,6,2,0
11562,7,0,0
11562,7,1,0
11562,7,2,0
11563,1,0,0
11563,2,1,0
11563,3,0,0
11563,3,1,0
11563,4,2,0
11563,5,0,0
11563,5,2,0
11563,6,1,0
11563,6,2,0
11563,7,0,0
11563,7,1,0
11563,7,2,0
11564,1,0,0
11564,2,1,0
11564,3,0,0
11564,3,1,0
11564,4,2,0
11564,5,0,0
11564,5,2,0
11564,6,1,0
11564,6,2,0
11564,7,0,0
11564,7,1,0
11564,7,2,0
11565,1,0,0
11565,2,1,0
11565,3,0,0
11565,3,1,0
11565,4,2,0
11565,5,0,0
11565,5,2,0
11565,6,1,0
11565,6,2,0
11565,7,0,0
11565,7,1,0
11565,7,2,0
11566,1,0,0
11566,2,1,0
11566,3,0,0
11566,3,1,0
11566,4,2,0
11566,5,0,0
11566,5,2,0
11566,6,1,0
11566,6,2,0
11566,7,0,0
11566,7,1,0
11566,7,2,0
11567,1,0,0
11567,2,1,0
11567,3,0,0
11567,3,1,0
11567,4,2,0
11567,5,0,0
11567,5,2,0
11567,6,1,0
11567,6,2,0
11567,7,0,0
11567,7,1,0
11567,7,2,0
11568,1,0,0
11568,2,1,0
11568,3,0,0
11568,3,1,0
11568,4,2,0
11568,5,0,0
11568,5,2,0
11568,6,1,0
11568,6,2,0
11568,7,0,0
11568,7,1,0
11568,7,2,0
11569,1,0,0
11569,2,1,0
11569,3,0,0
11569,3,1,0
11569,4,2,0
11569,5,0,0
11569,5,2,0
11569,6,1,0
11569,6,2,0
11569,7,0,0
11569,7,1,0
11569,7,2,0
11570,1,0,0
11570,2,1,0
11570,3,0,0
11570,3,1,0
11570,4,2,0
11570,5,0,0
11570,5,2,0
11570,6,1,0
11570,6,2,0
11570,7,0,0
11570,7,1,0
11570,7,2,0
11571,1,0,0
11571,2,1,0
11571,3,0,0
11571,3,1,0
11571,4,2,0
11571,5,0,0
11571,5,2,0
11571,6,1,0
11571,6,2,0
11571,7,0,0
11571,7,1,0
11571,7,2,0
11572,1,0,0
11572,2,1,0
11572,3,0,0
11572,3,1,0
11572,4,2,0
11572,5,0,0
11572,5,2,0
11572,6,1,0
11572,6,2,0
11572,7,0,0
11572,7,1,0
11572,7,2,0
11573,1,0,0
11573,2,1,0
11573,3,0,0
11573,3,1,0
11573,4,2,0
11573,5,0,0
11573,5,2,0
11573,6,1,0
11573,6,2,0
11573,7,0,0
11573,7,1,0
11573,7,2,0
11574,1,0,0
11574,2,1,0
11574,3,0,0
11574,3,1,0
11574,4,2,0
11574,5,0,0
11574,5,2,0
11574,6,1,0
11574,6,2,0
11574,7,0,0
11574,7,1,0
11574,7,2,0
11575,1,0,0
11575,2,1,0
11575,3,0,0
11575,3,1,0
11575,4,2,0
11575,5,0,0
11575,5,2,0
11575,6,1,0
11575,6,2,0
11575,7,0,0
11575,7,1,0
11575,7,2,0
11576,1,0,0
11576,2,1,0
11576,3,0,0
11576,3,1,0
11576,4,2,0
11576,5,0,0
11576,5,2,0
11576,6,1,0
11576,6,2,0
11576,7,0,0
11576,7,1,0
11576,7,2,0
11577,1,0,0
11577,2,1,0
11577,3,0,0
11577,3,1,0
11577,4,2,0
11577,5,0,0
11577,5,2,0
11577,6,1,0
11577,6,2,0
11577,7,0,0
11577,7,1,0
11577,7,2,0
11578,1,0,0
11578,2,1,0
11578,3,0,0
11578,3,1,0
11578,4,2,0
11578,5,0,0
11578,5,2,0
11578,6,1,0
11578,6,2,0
11578,7,0,0
11578,7,1,0
11578,7,2,0
11579,1,0,0
11579,2,1,0
11579,3,0,0
11579,3,1,0
11579,4,2,0
11579,5,0,0
11579,5,2,0
11579,6,1,0
11579,6,2,0
11579,7,0,0
11579,7,1,0
11579,7,2,0
11580,1,0,0
11580,2,1,0
11580,3,0,0
11580,3,1,0
11580,4,2,0
11580,5,0,0
11580,5,2,0
11580,6,1,0
11580,6,2,0
11580,7,0,0
11580,7,1,0
11580,7,2,0
11581,1,0,0
11581,2,1,0
11581,3,0,0
11581,3,1,0
11581,4,2,0
11581,5,0,0
11581,5,2,0
11581,6,1,0
11581,6,2,0
11581,7,0,0
11581,7,1,0
11581,7,2,0
11582,1,0,0
11582,2,1,0
11582,3,0,0
11582,3,1,0
11582,4,2,0
11582,5,0,0
11582,5,2,0
11582,6,1,0
11582,6,2,0
11582,7,0,0
11582,7,1,0
11582,7,2,0
11583,1,0,1
11583,2,1,0
11583,3,0,1
11583,3,1,0
11583,4,2,0
11583,5,0,1
11583,5,2,0
11583,6,1,0
11583,6,2,0
11583,7,0,1
11583,7,1,0
11583,7,2,0
11584,1,0,1
11584,2,1,0
11584,3,0,1
11584,3,1,0
11584,4,2,0
11584,5,0,1
11584,5,2,0
11584,6,1,0
11584,6,2,0
11584,7,0,1
11584,7,1,0
11584,7,2,0
11585,1,0,0
11585,2,1,0
11585,3,0,0
11585,3,1,0
11585,4,2,0
11585,5,0,0
11585,5,2,0
11585,6,1,0
11585,6,2,0
11585,7,0,0
11585,7,1,0
11585,7,2,0
11586,1,0,0
11586,2,1,0
11586,3,0,0
11586,3,1,0
11586,4,2,0
11586,5,0,0
11586,5,2,0
11586,6,1,0
11586,6,2,0
11586,7,0,0
11586,7,1,0
11586,7,2,0
11587,1,0,0
11587,2,1,0
11587,3,0,0
11587,3,1,0
11587,4,2,0
11587,5,0,0
11587,5,2,0
11587,6,1,0
11587,6,2,0
11587,7,0,0
11587,7,1,0
11587,7,2,0
11588,1,0,0
11588,2,1,0
11588,3,0,0
11588,3,1,0
11588,4,2,0
11588,5,0,0
11588,5,2,0
11588,6,1,0
11588,6,2,0
11588,7,0,0
11588,7,1,0
11588,7,2,0
11589,1,0,0
11589,2,1,0
11589,3,0,0
11589,3,1,0
11589,4,2,0
11589,5,0,0
11589,5,2,0
11589,6,1,0
11589,6,2,0
11589,7,0,0
11589,7,1,0
11589,7,2,0
11590,1,0,0
11590,2,1,0
11590,3,0,0
11590,3,1,0
11590,4,2,0
11590,5,0,0
11590,5,2,0
11590,6,1,0
11590,6,2,0
11590,7,0,0
11590,7,1,0
11590,7,2,0
11591,1,0,0
11591,2,1,0
11591,3,0,0
11591,3,1,0
11591,4,2,0
11591,5,0,0
11591,5,2,0
11591,6,1,0
11591,6,2,0
11591,7,0,0
11591,7,1,0
11591,7,2,0
11592,1,0,0
11592,2,1,0
11592,3,0,0
11592,3,1,0
11592,4,2,0
11592,5,0,0
11592,5,2,0
11592,6,1,0
11592,6,2,0
11592,7,0,0
11592,7,1,0
11592,7,2,0
11593,1,0,0
11593,2,1,0
11593,3,0,0
11593,3,1,0
11593,4,2,0
11593,5,0,0
11593,5,2,0
11593,6,1,0
11593,6,2,0
11593,7,0,0
11593,7,1,0
11593,7,2,0
11594,1,0,0
11594,2,1,0
11594,3,0,0
11594,3,1,0
11594,4,2,0
11594,5,0,0
11594,5,2,0
11594,6,1,0
11594,6,2,0
11594,7,0,0
11594,7,1,0
11594,7,2,0
11595,1,0,0
11595,2,1,0
11595,3,0,0
11595,3,1,0
11595,4,2,0
11595,5,0,0
11595,5,2,0
11595,6,1,0
11595,6,2,0
11595,7,0,0
11595,7,1,0
11595,7,2,0
11596,1,0,0
11596,2,1,0
11596,3,0,0
11596,3,1,0
11596,4,2,0
11596,5,0,0
11596,5,2,0
11596,6,1,0
11596,6,2,0
11596,7,0,0
11596,7,1,0
11596,7,2,0
11597,1,0,0
11597,2,1,0
11597,3,0,0
11597,3,1,0
11597,4,2,0
11597,5,0,0
11597,5,2,0
11597,6,1,0
11597,6,2,0
11597,7,0,0
11597,7,1,0
11597,7,2,0
11598,1,0,0
11598,2,1,0
11598,3,0,0
11598,3,1,0
11598,4,2,0
11598,5,0,0
11598,5,2,0
11598,6,1,0
11598,6,2,0
11598,7,0,0
11598,7,1,0
11598,7,2,0
11599,1,0,0
11599,2,1,0
11599,3,0,0
11599,3,1,0
11599,4,2,0
11599,5,0,0
11599,5,2,0
11599,6,1,0
11599,6,2,0
11599,7,0,0
11599,7,1,0
11599,7,2,0
11600,1,0,0
11600,2,1,0
11600,3,0,0
11600,3,1,0
11600,4,2,0
11600,5,0,0
11600,5,2,0
11600,6,1,0
11600,6,2,0
11600,7,0,0
11600,7,1,0
11600,7,2,0
11601,1,0,0
11601,2,1,0
11601,3,0,0
11601,3,1,0
11601,4,2,0
11601,5,0,0
11601,5,2,0
11601,6,1,0
11601,6,2,0
11601,7,0,0
11601,7,1,0
11601,7,2,0
11602,1,0,0
11602,2,1,0
11602,3,0,0
11602,3,1,0
11602,4,2,0
11602,5,0,0
11602,5,2,0
11602,6,1,0
11602,6,2,0
11602,7,0,0
11602,7,1,0
11602,7,2,0
11603,1,0,0
11603,2,1,0
11603,3,0,0
11603,3,1,0
11603,4,2,0
11603,5,0,0
11603,5,2,0
11603,6,1,0
11603,6,2,0
11603,7,0,0
11603,7,1,0
11603,7,2,0
11604,1,0,0
11604,2,1,0
11604,3,0,0
11604,3,1,0
11604,4,2,0
11604,5,0,0
11604,5,2,0
11604,6,1,0
11604,6,2,0
11604,7,0,0
11604,7,1,0
11604,7,2,0
11605,1,0,0
11605,2,1,0
11605,3,0,0
11605,3,1,0
11605,4,2,0
11605,5,0,0
11605,5,2,0
11605,6,1,0
11605,6,2,0
11605,7,0,0
11605,7,1,0
11605,7,2,0
11606,1,0,0
11606,2,1,0
11606,3,0,0
11606,3,1,0
11606,4,2,0
11606,5,0,0
11606,5,2,0
11606,6,1,0
11606,6,2,0
11606,7,0,0
11606,7,1,0
11606,7,2,0
11607,1,0,0
11607,2,1,0
11607,3,0,0
11607,3,1,0
11607,4,2,0
11607,5,0,0
11607,5,2,0
11607,6,1,0
11607,6,2,0
11607,7,0,0
11607,7,1,0
11607,7,2,0
11608,1,0,0
11608,2,1,0
11608,3,0,0
11608,3,1,0
11608,4,2,0
11608,5,0,0
11608,5,2,0
11608,6,1,0
11608,6,2,0
11608,7,0,0
11608,7,1,0
11608,7,2,0
11609,1,0,0
11609,2,1,0
11609,3,0,0
11609,3,1,0
11609,4,2,0
11609,5,0,0
11609,5,2,0
11609,6,1,0
11609,6,2,0
11609,7,0,0
11609,7,1,0
11609,7,2,0
11610,1,0,1
11610,2,1,0
11610,3,0,1
11610,3,1,0
11610,4,2,0
11610,5,0,1
11610,5,2,0
11610,6,1,0
11610,6,2,0
11610,7,0,1
11610,7,1,0
11610,7,2,0
11611,1,0,1
11611,2,1,0
11611,3,0,1
11611,3,1,0
11611,4,2,0
11611,5,0,1
11611,5,2,0
11611,6,1,0
11611,6,2,0
11611,7,0,1
11611,7,1,0
11611,7,2,0
11612,1,0,0
11612,2,1,0
11612,3,0,0
11612,3,1,0
11612,4,2,0
11612,5,0,0
11612,5,2,0
11612,6,1,0
11612,6,2,0
11612,7,0,0
11612,7,1,0
11612,7,2,0
11613,1,0,0
11613,2,1,0
11613,3,0,0
11613,3,1,0
11613,4,2,0
11613,5,0,0
11613,5,2,0
11613,6,1,0
11613,6,2,0
11613,7,0,0
11613,7,1,0
11613,7,2,0
11614,1,0,0
11614,2,1,0
11614,3,0,0
11614,3,1,0
11614,4,2,0
11614,5,0,0
11614,5,2,0
11614,6,1,0
11614,6,2,0
11614,7,0,0
11614,7,1,0
11614,7,2,0
11615,1,0,0
11615,2,1,0
11615,3,0,0
11615,3,1,0
11615,4,2,0
11615,5,0,0
11615,5,2,0
11615,6,1,0
11615,6,2,0
11615,7,0,0
11615,7,1,0
11615,7,2,0
11616,1,0,0
11616,2,1,0
11616,3,0,0
11616,3,1,0
11616,4,2,0
11616,5,0,0
11616,5,2,0
11616,6,1,0
11616,6,2,0
11616,7,0,0
11616,7,1,0
11616,7,2,0
11617,1,0,0
11617,2,1,0
11617,3,0,0
11617,3,1,0
11617,4,2,0
11617,5,0,0
11617,5,2,0
11617,6,1,0
11617,6,2,0
11617,7,0,0
11617,7,1,0
11617,7,2,0
11618,1,0,0
11618,2,1,0
11618,3,0,0
11618,3,1,0
11618,4,2,0
11618,5,0,0
11618,5,2,0
11618,6,1,0
11618,6,2,0
11618,7,0,0
11618,7,1,0
11618,7,2,0
11619,1,0,0
11619,2,1,0
11619,3,0,0
11619,3,1,0
11619,4,2,0
11619,5,0,0
11619,5,2,0
11619,6,1,0
11619,6,2,0
11619,7,0,0
11619,7,1,0
11619,7,2,0
11620,1,0,0
11620,2,1,0
11620,3,0,0
11620,3,1,0
11620,4,2,0
11620,5,0,0
11620,5,2,0
11620,6,1,0
11620,6,2,0
11620,7,0,0
11620,7,1,0
11620,7,2,0
11621,1,0,0
11621,2,1,0
11621,3,0,0
11621,3,1,0
11621,4,2,0
11621,5,0,0
11621,5,2,0
11621,6,1,0
11621,6,2,0
11621,7,0,0
11621,7,1,0
11621,7,2,0
11622,1,0,0
11622,2,1,0
11622,3,0,0
11622,3,1,0
11622,4,2,0
11622,5,0,0
11622,5,2,0
11622,6,1,0
11622,6,2,0
11622,7,0,0
11622,7,1,0
11622,7,2,0
11623,1,0,0
11623,2,1,0
11623,3,0,0
11623,3,1,0
11623,4,2,0
11623,5,0,0
11623,5,2,0
11623,6,1,0
11623,6,2,0
11623,7,0,0
11623,7,1,0
11623,7,2,0
11624,1,0,0
11624,2,1,0
11624,3,0,0
11624,3,1,0
11624,4,2,0
11624,5,0,0
11624,5,2,0
11624,6,1,0
11624,6,2,0
11624,7,0,0
11624,7,1,0
11624,7,2,0
11625,1,0,0
11625,2,1,0
11625,3,0,0
11625,3,1,0
11625,4,2,0
11625,5,0,0
11625,5,2,0
11625,6,1,0
11625,6,2,0
11625,7,0,0
11625,7,1,0
11625,7,2,0
11626,1,0,0
11626,2,1,0
11626,3,0,0
11626,3,1,0
11626,4,2,0
11626,5,0,0
11626,5,2,0
11626,6,1,0
11626,6,2,0
11626,7,0,0
11626,7,1,0
11626,7,2,0
11627,1,0,0
11627,2,1,0
11627,3,0,0
11627,3,1,0
11627,4,2,0
11627,5,0,0
11627,5,2,0
11627,6,1,0
11627,6,2,0
11627,7,0,0
11627,7,1,0
11627,7,2,0
11628,1,0,0
11628,2,1,0
11628,3,0,0
11628,3,1,0
11628,4,2,0
11628,5,0,0
11628,5,2,0
11628,6,1,0
11628,6,2,0
11628,7,0,0
11628,7,1,0
11628,7,2,0
11629,1,0,0
11629,2,1,0
11629,3,0,0
11629,3,1,0
11629,4,2,0
11629,5,0,0
11629,5,2,0
11629,6,1,0
11629,6,2,0
11629,7,0,0
11629,7,1,0
11629,7,2,0
11630,1,0,0
11630,2,1,0
11630,3,0,0
11630,3,1,0
11630,4,2,0
11630,5,0,0
11630,5,2,0
11630,6,1,0
11630,6,2,0
11630,7,0,0
11630,7,1,0
11630,7,2,0
11631,1,0,0
11631,2,1,0
11631,3,0,0
11631,3,1,0
11631,4,2,0
11631,5,0,0
11631,5,2,0
11631,6,1,0
11631,6,2,0
11631,7,0,0
11631,7,1,0
11631,7,2,0
11632,1,0,0
11632,2,1,0
11632,3,0,0
11632,3,1,0
11632,4,2,0
11632,5,0,0
11632,5,2,0
11632,6,1,0
11632,6,2,0
11632,7,0,0
11632,7,1,0
11632,7,2,0
11633,1,0,0
11633,2,1,0
11633,3,0,0
11633,3,1,0
11633,4,2,0
11633,5,0,0
11633,5,2,0
11633,6,1,0
11633,6,2,0
11633,7,0,0
11633,7,1,0
11633,7,2,0
11634,1,0,0
11634,2,1,0
11634,3,0,0
11634,3,1,0
11634,4,2,0
11634,5,0,0
11634,5,2,0
11634,6,1,0
11634,6,2,0
11634,7,0,0
11634,7,1,0
11634,7,2,0
11635,1,0,0
11635,2,1,0
11635,3,0,0
11635,3,1,0
11635,4,2,0
11635,5,0,0
11635,5,2,0
11635,6,1,0
11635,6,2,0
11635,7,0,0
11635,7,1,0
11635,7,2,0
11636,1,0,0
11636,2,1,0
11636,3,0,0
11636,3,1,0
11636,4,2,0
11636,5,0,0
11636,5,2,0
11636,6,1,0
11636,6,2,0
11636,7,0,0
11636,7,1,0
11636,7,2,0
11637,1,0,1
11637,2,1,0
11637,3,0,1
11637,3,1,0
11637,4,2,0
11637,5,0,1
11637,5,2,0
11637,6,1,0
11637,6,2,0
11637,7,0,1
11637,7,1,0
11637,7,2,0
11638,1,0,1
11638,2,1,0
11638,3,0,1
11638,3,1,0
11638,4,2,0
11638,5,0,1
11638,5,2,0
11638,6,1,0
11638,6,2,0
11638,7,0,1
11638,7,1,0
11638,7,2,0
11639,1,0,0
11639,2,1,0
11639,3,0,0
11639,3,1,0
11639,4,2,0
11639,5,0,0
11639,5,2,0
11639,6,1,0
11639,6,2,0
11639,7,0,0
11639,7,1,0
11639,7,2,0
11640,1,0,0
11640,2,1,0
11640,3,0,0
11640,3,1,0
11640,4,2,0
11640,5,0,0
11640,5,2,0
11640,6,1,0
11640,6,2,0
11640,7,0,0
11640,7,1,0
11640,7,2,0
11641,1,0,0
11641,2,1,0
11641,3,0,0
11641,3,1,0
11641,4,2,0
11641,5,0,0
11641,5,2,0
11641,6,1,0
11641,6,2,0
11641,7,0,0
11641,7,1,0
11641,7,2,0
11642,1,0,0
11642,2,1,0
11642,3,0,0
11642,3,1,0
11642,4,2,0
11642,5,0,0
11642,5,2,0
11642,6,1,0
11642,6,2,0
11642,7,0,0
11642,7,1,0
11642,7,2,0
11643,1,0,0
11643,2,1,0
11643,3,0,0
11643,3,1,0
11643,4,2,0
11643,5,0,0
11643,5,2,0
11643,6,1,0
11643,6,2,0
11643,7,0,0
11643,7,1,0
11643,7,2,0
11644,1,0,0
11644,2,1,0
11644,3,0,0
11644,3,1,0
11644,4,2,0
11644,5,0,0
11644,5,2,0
11644,6,1,0
11644,6,2,0
11644,7,0,0
11644,7,1,0
11644,7,2,0
11645,1,0,0
11645,2,1,0
11645,3,0,0
11645,3,1,0
11645,4,2,0
11645,5,0,0
11645,5,2,0
11645,6,1,0
11645,6,2,0
11645,7,0,0
11645,7,1,0
11645,7,2,0
11646,1,0,0
11646,2,1,0
11646,3,0,0
11646,3,1,0
11646,4,2,0
11646,5,0,0
11646,5,2,0
11646,6,1,0
11646,6,2,0
11646,7,0,0
11646,7,1,0
11646,7,2,0
11647,1,0,0
11647,2,1,0
11647,3,0,0
11647,3,1,0
11647,4,2,0
11647,5,0,0
11647,5,2,0
11647,6,1,0
11647,6,2,0
11647,7,0,0
11647,7,1,0
11647,7,2,0
11648,1,0,0
11648,2,1,0
11648,3,0,0
11648,3,1,0
11648,4,2,0
11648,5,0,0
11648,5,2,0
11648,6,1,0
11648,6,2,0
11648,7,0,0
11648,7,1,0
11648,7,2,0
11649,1,0,0
11649,2,1,0
11649,3,0,0
11649,3,1,0
11649,4,2,0
11649,5,0,0
11649,5,2,0
11649,6,1,0
11649,6,2,0
11649,7,0,0
11649,7,1,0
11649,7,2,0
11650,1,0,0
11650,2,1,0
11650,3,0,0
11650,3,1,0
11650,4,2,0
11650,5,0,0
11650,5,2,0
11650,6,1,0
11650,6,2,0
11650,7,0,0
11650,7,1,0
11650,7,2,0
11651,1,0,0
11651,2,1,0
11651,3,0,0
11651,3,1,0
11651,4,2,0
11651,5,0,0
11651,5,2,0
11651,6,1,0
11651,6,2,0
11651,7,0,0
11651,7,1,0
11651,7,2,0
11652,1,0,0
11652,2,1,0
11652,3,0,0
11652,3,1,0
11652,4,2,0
11652,5,0,0
11652,5,2,0
11652,6,1,0
11652,6,2,0
11652,7,0,0
11652,7,1,0
11652,7,2,0
11653,1,0,0
11653,2,1,0
11653,3,0,0
11653,3,1,0
11653,4,2,0
11653,5,0,0
11653,5,2,0
11653,6,1,0
11653,6,2,0
11653,7,0,0
11653,7,1,0
11653,7,2,0
11654,1,0,0
11654,2,1,0
11654,3,0,0
11654,3,1,0
11654,4,2,0
11654,5,0,0
11654,5,2,0
11654,6,1,0
11654,6,2,0
11654,7,0,0
11654,7,1,0
11654,7,2,0
11655,1,0,0
11655,2,1,0
11655,3,0,0
11655,3,1,0
11655,4,2,0
11655,5,0,0
11655,5,2,0
11655,6,1,0
11655,6,2,0
11655,7,0,0
11655,7,1,0
11655,7,2,0
11656,1,0,0
11656,2,1,0
11656,3,0,0
11656,3,1,0
11656,4,2,0
11656,5,0,0
11656,5,2,0
11656,6,1,0
11656,6,2,0
11656,7,0,0
11656,7,1,0
11656,7,2,0
11657,1,0,0
11657,2,1,0
11657,3,0,0
11657,3,1,0
11657,4,2,0
11657,5,0,0
11657,5,2,0
11657,6,1,0
11657,6,2,0
11657,7,0,0
11657,7,1,0
11657,7,2,0
11658,1,0,0
11658,2,1,0
11658,3,0,0
11658,3,1,0
11658,4,2,0
11658,5,0,0
11658,5,2,0
11658,6,1,0
11658,6,2,0
11658,7,0,0
11658,7,1,0
11658,7,2,0
11659,1,0,0
11659,2,1,0
11659,3,0,0
11659,3,1,0
11659,4,2,0
11659,5,0,0
11659,5,2,0
11659,6,1,0
11659,6,2,0
11659,7,0,0
11659,7,1,0
11659,7,2,0
11660,1,0,0
11660,2,1,0
11660,3,0,0
11660,3,1,0
11660,4,2,0
11660,5,0,0
11660,5,2,0
11660,6,1,0
11660,6,2,0
11660,7,0,0
11660,7,1,0
11660,7,2,0
11661,1,0,0
11661,2,1,0
11661,3,0,0
11661,3,1,0
11661,4,2,0
11661,5,0,0
11661,5,2,0
11661,6,1,0
11661,6,2,0
11661,7,0,0
11661,7,1,0
11661,7,2,0
11662,1,0,0
11662,2,1,0
11662,3,0,0
11662,3,1,0
11662,4,2,0
11662,5,0,0
11662,5,2,0
11662,6,1,0
11662,6,2,0
11662,7,0,0
11662,7,1,0
11662,7,2,0
11663,1,0,0
11663,2,1,0
11663,3,0,0
11663,3,1,0
11663,4,2,0
11663,5,0,0
11663,5,2,0
11663,6,1,0
11663,6,2,0
11663,7,0,0
11663,7,1,0
11663,7,2,0
11664,1,0,1
11664,2,1,1
11664,3,0,1
11664,3,1,1
11664,4,2,1
11664,5,0,1
11664,5,2,1
11664,6,1,1
11664,6,2,1
11664,7,0,1
11664,7,1,1
11664,7,2,1
11665,1,0,1
11665,2,1,1
11665,3,0,1
11665,3,1,1
11665,4,2,1
11665,5,0,1
11665,5,2,1
11665,6,1,1
11665,6,2,1
11665,7,0,1
11665,7,1,1
11665,7,2,1
11666,1,0,0
11666,2,1,1
11666,3,0,0
11666,3,1,1
11666,4,2,0
11666,5,0,0
11666,5,2,0
11666,6,1,1
11666,6,2,0
11666,7,0,0
11666,7,1,1
11666,7,2,0
11667,1,0,1
11667,2,1,1
11667,3,0,1
11667,3,1,1
11667,4,2,1
11667,5,0,1
11667,5,2,1
11667,6,1,1
11667,6,2,1
11667,7,0,1
11667,7,1,1
11667,7,2,1
11668,1,0,1
11668,2,1,1
11668,3,0,1
11668,3,1,1
11668,4,2,1
11668,5,0,1
11668,5,2,1
11668,6,1,1
11668,6,2,1
11668,7,0,1
11668,7,1,1
11668,7,2,1
11669,1,0,0
11669,2,1,1
11669,3,0,0
11669,3,1,1
11669,4,2,0
11669,5,0,0
11669,5,2,0
11669,6,1,1
11669,6,2,0
11669,7,0,0
11669,7,1,1
11669,7,2,0
11670,1,0,1
11670,2,1,1
11670,3,0,1
11670,3,1,1
11670,4,2,1
11670,5,0,1
11670,5,2,1
11670,6,1,1
11670,6,2,1
11670,7,0,1
11670,7,1,1
11670,7,2,1
11671,1,0,1
11671,2,1,1
11671,3,0,1
11671,3,1,1
11671,4,2,1
11671,5,0,1
11671,5,2,1
11671,6,1,1
11671,6,2,1
11671,7,0,1
11671,7,1,1
11671,7,2,1
11672,1,0,0
11672,2,1,1
11672,3,0,0
11672,3,1,1
11672,4,2,0
11672,5,0,0
11672,5,2,0
11672,6,1,1
11672,6,2,0
11672,7,0,0
11672,7,1,1
11672,7,2,0
11673,1,0,1
11673,2,1,1
11673,3,0,1
11673,3,1,1
11673,4,2,1
11673,5,0,1
11673,5,2,1
11673,6,1,1
11673,6,2,1
11673,7,0,1
11673,7,1,1
11673,7,2,1
11674,1,0,1
11674,2,1,1
11674,3,0,1
11674,3,1,1
11674,4,2,1
11674,5,0,1
11674,5,2,1
11674,6,1,1
11674,6,2,1
11674,7,0,1
11674,7,1,1
11674,7,2,1
11675,1,0,0
11675,2,1,1
11675,3,0,0
11675,3,1,1
11675,4,2,0
11675,5,0,0
11675,5,2,0
11675,6,1,1
11675,6,2,0
11675,7,0,0
11675,7,1,1
11675,7,2,0
11676,1,0,1
11676,2,1,1
11676,3,0,1
11676,3,1,1
11676,4,2,1
11676,5,0,1
11676,5,2,1
11676,6,1,1
11676,6,2,1
11676,7,0,1
11676,7,1,1
11676,7,2,1
11677,1,0,1
11677,2,1,1
11677,3,0,1
11677,3,1,1
11677,4,2,1
11677,5,0,1
11677,5,2,1
11677,6,1,1
11677,6,2,1
11677,7,0,1
11677,7,1,1
11677,7,2,1
11678,1,0,0
11678,2,1,1
11678,3,0,0
11678,3,1,1
11678,4,2,0
11678,5,0,0
11678,5,2,0
11678,6,1,1
11678,6,2,0
11678,7,0,0
11678,7,1,1
11678,7,2,0
11679,1,0,1
11679,2,1,1
11679,3,0,1
11679,3,1,1
11679,4,2,1
11679,5,0,1
11679,5,2,1
11679,6,1,1
11679,6,2,1
11679,7,0,1
11679,7,1,1
11679,7,2,1
11680,1,0,1
11680,2,1,1
11680,3,0,1
11680,3,1,1
11680,4,2,1
11680,5,0,1
11680,5,2,1
11680,6,1,1
11680,6,2,1
11680,7,0,1
11680,7,1,1
11680,7,2,1
11681,1,0,0
11681,2,1,1
11681,3,0,0
11681,3,1,1
11681,4,2,0
11681,5,0,0
11681,5,2,0
11681,6,1,1
11681,6,2,0
11681,7,0,0
11681,7,1,1
11681,7,2,0
11682,1,0,0
11682,2,1,1
11682,3,0,0
11682,3,1,1
11682,4,2,0
11682,5,0,0
11682,5,2,0
11682,6,1,1
11682,6,2,0
11682,7,0,0
11682,7,1,1
11682,7,2,0
11683,1,0,0
11683,2,1,1
11683,3,0,0
11683,3,1,1
11683,4,2,0
11683,5,0,0
11683,5,2,0
11683,6,1,1
11683,6,2,0
11683,7,0,0
11683,7,1,1
11683,7,2,0
11684,1,0,0
11684,2,1,1
11684,3,0,0
11684,3,1,1
11684,4,2,0
11684,5,0,0
11684,5,2,0
11684,6,1,1
11684,6,2,0
11684,7,0,0
11684,7,1,1
11684,7,2,0
11685,1,0,0
11685,2,1,1
11685,3,0,0
11685,3,1,1
11685,4,2,0
11685,5,0,0
11685,5,2,0
11685,6,1,1
11685,6,2,0
11685,7,0,0
11685,7,1,1
11685,7,2,0
11686,1,0,0
11686,2,1,1
11686,3,0,0
11686,3,1,1
11686,4,2,0
11686,5,0,0
11686,5,2,0
11686,6,1,1
11686,6,2,0
11686,7,0,0
11686,7,1,1
11686,7,2,0
11687,1,0,0
11687,2,1,1
11687,3,0,0
11687,3,1,1
11687,4,2,0
11687,5,0,0
11687,5,2,0
11687,6,1,1
11687,6,2,0
11687,7,0,0
11687,7,1,1
11687,7,2,0
11688,1,0,0
11688,2,1,1
11688,3,0,0
11688,3,1,1
11688,4,2,0
11688,5,0,0
11688,5,2,0
11688,6,1,1
11688,6,2,0
11688,7,0,0
11688,7,1,1
11688,7,2,0
11689,1,0,0
11689,2,1,1
11689,3,0,0
11689,3,1,1
11689,4,2,0
11689,5,0,0
11689,5,2,0
11689,6,1,1
11689,6,2,0
11689,7,0,0
11689,7,1,1
11689,7,2,0
11690,1,0,0
11690,2,1,1
11690,3,0,0
11690,3,1,1
11690,4,2,0
11690,5,0,0
11690,5,2,0
11690,6,1,1
11690,6,2,0
11690,7,0,0
11690,7,1,1
11690,7,2,0
11691,1,0,1
11691,2,1,1
11691,3,0,1
11691,3,1,1
11691,4,2,1
11691,5,0,1
11691,5,2,1
11691,6,1,1
11691,6,2,1
11691,7,0,1
11691,7,1,1
11691,7,2,1
11692,1,0,1
11692,2,1,1
11692,3,0,1
11692,3,1,1
11692,4,2,1
11692,5,0,1
11692,5,2,1
11692,6,1,1
11692,6,2,1
11692,7,0,1
11692,7,1,1
11692,7,2,1
11693,1,0,0
11693,2,1,0
11693,3,0,0
11693,3,1,0
11693,4,2,0
11693,5,0,0
11693,5,2,0
11693,6,1,0
11693,6,2,0
11693,7,0,0
11693,7,1,0
11693,7,2,0
11694,1,0,1
11694,2,1,1
11694,3,0,1
11694,3,1,1
11694,4,2,1
11694,5,0,1
11694,5,2,1
11694,6,1,1
11694,6,2,1
11694,7,0,1
11694,7,1,1
11694,7,2,1
11695,1,0,1
11695,2,1,1
11695,3,0,1
11695,3,1,1
11695,4,2,1
11695,5,0,1
11695,5,2,1
11695,6,1,1
11695,6,2,1
11695,7,0,1
11695,7,1,1
11695,7,2,1
11696,1,0,0
11696,2,1,0
11696,3,0,0
11696,3,1,0
11696,4,2,0
11696,5,0,0
11696,5,2,0
11696,6,1,0
11696,6,2,0
11696,7,0,0
11696,7,1,0
11696,7,2,0
11697,1,0,0
11697,2,1,0
11697,3,0,0
11697,3,1,0
11697,4,2,0
11697,5,0,0
11697,5,2,0
11697,6,1,0
11697,6,2,0
11697,7,0,0
11697,7,1,0
11697,7,2,0
11698,1,0,0
11698,2,1,0
11698,3,0,0
11698,3,1,0
11698,4,2,0
11698,5,0,0
11698,5,2,0
11698,6,1,0
11698,6,2,0
11698,7,0,0
11698,7,1,0
11698,7,2,0
11699,1,0,0
11699,2,1,0
11699,3,0,0
11699,3,1,0
11699,4,2,0
11699,5,0,0
11699,5,2,0
11699,6,1,0
11699,6,2,0
11699,7,0,0
11699,7,1,0
11699,7,2,0
11700,1,0,0
11700,2,1,0
11700,3,0,0
11700,3,1,0
11700,4,2,0
11700,5,0,0
11700,5,2,0
11700,6,1,0
11700,6,2,0
11700,7,0,0
11700,7,1,0
11700,7,2,0
11701,1,0,0
11701,2,1,0
11701,3,0,0
11701,3,1,0
11701,4,2,0
11701,5,0,0
11701,5,2,0
11701,6,1,0
11701,6,2,0
11701,7,0,0
11701,7,1,0
11701,7,2,0
11702,1,0,0
11702,2,1,0
11702,3,0,0
11702,3,1,0
11702,4,2,0
11702,5,0,0
11702,5,2,0
11702,6,1,0
11702,6,2,0
11702,7,0,0
11702,7,1,0
11702,7,2,0
11703,1,0,0
11703,2,1,0
11703,3,0,0
11703,3,1,0
11703,4,2,0
11703,5,0,0
11703,5,2,0
11703,6,1,0
11703,6,2,0
11703,7,0,0
11703,7,1,0
11703,7,2,0
11704,1,0,0
11704,2,1,0
11704,3,0,0
11704,3,1,0
11704,4,2,0
11704,5,0,0
11704,5,2,0
11704,6,1,0
11704,6,2,0
11704,7,0,0
11704,7,1,0
11704,7,2,0
11705,1,0,0
11705,2,1,0
11705,3,0,0
11705,3,1,0
11705,4,2,0
11705,5,0,0
11705,5,2,0
11705,6,1,0
11705,6,2,0
11705,7,0,0
11705,7,1,0
11705,7,2,0
11706,1,0,0
11706,2,1,0
11706,3,0,0
11706,3,1,0
11706,4,2,0
11706,5,0,0
11706,5,2,0
11706,6,1,0
11706,6,2,0
11706,7,0,0
11706,7,1,0
11706,7,2,0
11707,1,0,0
11707,2,1,0
11707,3,0,0
11707,3,1,0
11707,4,2,0
11707,5,0,0
11707,5,2,0
11707,6,1,0
11707,6,2,0
11707,7,0,0
11707,7,1,0
11707,7,2,0
11708,1,0,0
11708,2,1,0
11708,3,0,0
11708,3,1,0
11708,4,2,0
11708,5,0,0
11708,5,2,0
11708,6,1,0
11708,6,2,0
11708,7,0,0
11708,7,1,0
11708,7,2,0
11709,1,0,0
11709,2,1,0
11709,3,0,0
11709,3,1,0
11709,4,2,0
11709,5,0,0
11709,5,2,0
11709,6,1,0
11709,6,2,0
11709,7,0,0
11709,7,1,0
11709,7,2,0
11710,1,0,0
11710,2,1,0
11710,3,0,0
11710,3,1,0
11710,4,2,0
11710,5,0,0
11710,5,2,0
11710,6,1,0
11710,6,2,0
11710,7,0,0
11710,7,1,0
11710,7,2,0
11711,1,0,0
11711,2,1,0
11711,3,0,0
11711,3,1,0
11711,4,2,0
11711,5,0,0
11711,5,2,0
11711,6,1,0
11711,6,2,0
11711,7,0,0
11711,7,1,0
11711,7,2,0
11712,1,0,0
11712,2,1,0
11712,3,0,0
11712,3,1,0
11712,4,2,0
11712,5,0,0
11712,5,2,0
11712,6,1,0
11712,6,2,0
11712,7,0,0
11712,7,1,0
11712,7,2,0
11713,1,0,0
11713,2,1,0
11713,3,0,0
11713,3,1,0
11713,4,2,0
11713,5,0,0
11713,5,2,0
11713,6,1,0
11713,6,2,0
11713,7,0,0
11713,7,1,0
11713,7,2,0
11714,1,0,0
11714,2,1,0
11714,3,0,0
11714,3,1,0
11714,4,2,0
11714,5,0,0
11714,5,2,0
11714,6,1,0
11714,6,2,0
11714,7,0,0
11714,7,1,0
11714,7,2,0
11715,1,0,0
11715,2,1,0
11715,3,0,0
11715,3,1,0
11715,4,2,0
11715,5,0,0
11715,5,2,0
11715,6,1,0
11715,6,2,0
11715,7,0,0
11715,7,1,0
11715,7,2,0
11716,1,0,0
11716,2,1,0
11716,3,0,0
11716,3,1,0
11716,4,2,0
11716,5,0,0
11716,5,2,0
11716,6,1,0
11716,6,2,0
11716,7,0,0
11716,7,1,0
11716,7,2,0
11717,1,0,0
11717,2,1,0
11717,3,0,0
11717,3,1,0
11717,4,2,0
11717,5,0,0
11717,5,2,0
11717,6,1,0
11717,6,2,0
11717,7,0,0
11717,7,1,0
11717,7,2,0
11718,1,0,1
11718,2,1,1
11718,3,0,1
11718,3,1,1
11718,4,2,1
11718,5,0,1
11718,5,2,1
11718,6,1,1
11718,6,2,1
11718,7,0,1
11718,7,1,1
11718,7,2,1
11719,1,0,1
11719,2,1,1
11719,3,0,1
11719,3,1,1
11719,4,2,1
11719,5,0,1
11719,5,2,1
11719,6,1,1
11719,6,2,1
11719,7,0,1
11719,7,1,1
11719,7,2,1
11720,1,0,0
11720,2,1,0
11720,3,0,0
11720,3,1,0
11720,4,2,0
11720,5,0,0
11720,5,2,0
11720,6,1,0
11720,6,2,0
11720,7,0,0
11720,7,1,0
11720,7,2,0
11721,1,0,0
11721,2,1,0
11721,3,0,0
11721,3,1,0
11721,4,2,0
11721,5,0,0
11721,5,2,0
11721,6,1,0
11721,6,2,0
11721,7,0,0
11721,7,1,0
11721,7,2,0
11722,1,0,0
11722,2,1,0
11722,3,0,0
11722,3,1,0
11722,4,2,0
11722,5,0,0
11722,5,2,0
11722,6,1,0
11722,6,2,0
11722,7,0,0
11722,7,1,0
11722,7,2,0
11723,1,0,0
11723,2,1,0
11723,3,0,0
11723,3,1,0
11723,4,2,0
11723,5,0,0
11723,5,2,0
11723,6,1,0
11723,6,2,0
11723,7,0,0
11723,7,1,0
11723,7,2,0
11724,1,0,0
11724,2,1,0
11724,3,0,0
11724,3,1,0
11724,4,2,0
11724,5,0,0
11724,5,2,0
11724,6,1,0
11724,6,2,0
11724,7,0,0
11724,7,1,0
11724,7,2,0
11725,1,0,0
11725,2,1,0
11725,3,0,0
11725,3,1,0
11725,4,2,0
11725,5,0,0
11725,5,2,0
11725,6,1,0
11725,6,2,0
11725,7,0,0
11725,7,1,0
11725,7,2,0
11726,1,0,0
11726,2,1,0
11726,3,0,0
11726,3,1,0
11726,4,2,0
11726,5,0,0
11726,5,2,0
11726,6,1,0
11726,6,2,0
11726,7,0,0
11726,7,1,0
11726,7,2,0
11727,1,0,0
11727,2,1,0
11727,3,0,0
11727,3,1,0
11727,4,2,0
11727,5,0,0
11727,5,2,0
11727,6,1,0
11727,6,2,0
11727,7,0,0
11727,7,1,0
11727,7,2,0
11728,1,0,0
11728,2,1,0
11728,3,0,0
11728,3,1,0
11728,4,2,0
11728,5,0,0
11728,5,2,0
11728,6,1,0
11728,6,2,0
11728,7,0,0
11728,7,1,0
11728,7,2,0
11729,1,0,0
11729,2,1,0
11729,3,0,0
11729,3,1,0
11729,4,2,0
11729,5,0,0
11729,5,2,0
11729,6,1,0
11729,6,2,0
11729,7,0,0
11729,7,1,0
11729,7,2,0
11730,1,0,0
11730,2,1,0
11730,3,0,0
11730,3,1,0
11730,4,2,0
11730,5,0,0
11730,5,2,0
11730,6,1,0
11730,6,2,0
11730,7,0,0
11730,7,1,0
11730,7,2,0
11731,1,0,0
11731,2,1,0
11731,3,0,0
11731,3,1,0
11731,4,2,0
11731,5,0,0
11731,5,2,0
11731,6,1,0
11731,6,2,0
11731,7,0,0
11731,7,1,0
11731,7,2,0
11732,1,0,0
11732,2,1,0
11732,3,0,0
11732,3,1,0
11732,4,2,0
11732,5,0,0
11732,5,2,0
11732,6,1,0
11732,6,2,0
11732,7,0,0
11732,7,1,0
11732,7,2,0
11733,1,0,0
11733,2,1,0
11733,3,0,0
11733,3,1,0
11733,4,2,0
11733,5,0,0
11733,5,2,0
11733,6,1,0
11733,6,2,0
11733,7,0,0
11733,7,1,0
11733,7,2,0
11734,1,0,0
11734,2,1,0
11734,3,0,0
11734,3,1,0
11734,4,2,0
11734,5,0,0
11734,5,2,0
11734,6,1,0
11734,6,2,0
11734,7,0,0
11734,7,1,0
11734,7,2,0
11735,1,0,0
11735,2,1,0
11735,3,0,0
11735,3,1,0
11735,4,2,0
11735,5,0,0
11735,5,2,0
11735,6,1,0
11735,6,2,0
11735,7,0,0
11735,7,1,0
11735,7,2,0
11736,1,0,0
11736,2,1,0
11736,3,0,0
11736,3,1,0
11736,4,2,0
11736,5,0,0
11736,5,2,0
11736,6,1,0
11736,6,2,0
11736,7,0,0
11736,7,1,0
11736,7,2,0
11737,1,0,0
11737,2,1,0
11737,3,0,0
11737,3,1,0
11737,4,2,0
11737,5,0,0
11737,5,2,0
11737,6,1,0
11737,6,2,0
11737,7,0,0
11737,7,1,0
11737,7,2,0
11738,1,0,0
11738,2,1,0
11738,3,0,0
11738,3,1,0
11738,4,2,0
11738,5,0,0
11738,5,2,0
11738,6,1,0
11738,6,2,0
11738,7,0,0
11738,7,1,0
11738,7,2,0
11739,1,0,0
11739,2,1,0
11739,3,0,0
11739,3,1,0
11739,4,2,0
11739,5,0,0
11739,5,2,0
11739,6,1,0
11739,6,2,0
11739,7,0,0
11739,7,1,0
11739,7,2,0
11740,1,0,0
11740,2,1,0
11740,3,0,0
11740,3,1,0
11740,4,2,0
11740,5,0,0
11740,5,2,0
11740,6,1,0
11740,6,2,0
11740,7,0,0
11740,7,1,0
11740,7,2,0
11741,1,0,0
11741,2,1,0
11741,3,0,0
11741,3,1,0
11741,4,2,0
11741,5,0,0
11741,5,2,0
11741,6,1,0
11741,6,2,0
11741,7,0,0
11741,7,1,0
11741,7,2,0
11742,1,0,0
11742,2,1,0
11742,3,0,0
11742,3,1,0
11742,4,2,0
11742,5,0,0
11742,5,2,0
11742,6,1,0
11742,6,2,0
11742,7,0,0
11742,7,1,0
11742,7,2,0
11743,1,0,0
11743,2,1,0
11743,3,0,0
11743,3,1,0
11743,4,2,0
11743,5,0,0
11743,5,2,0
11743,6,1,0
11743,6,2,0
11743,7,0,0
11743,7,1,0
11743,7,2,0
11744,1,0,0
11744,2,1,0
11744,3,0,0
11744,3,1,0
11744,4,2,0
11744,5,0,0
11744,5,2,0
11744,6,1,0
11744,6,2,0
11744,7,0,0
11744,7,1,0
11744,7,2,0
11745,1,0,1
11745,2,1,1
11745,3,0,1
11745,3,1,1
11745,4,2,1
11745,5,0,1
11745,5,2,1
11745,6,1,1
11745,6,2,1
11745,7,0,1
11745,7,1,1
11745,7,2,1
11746,1,0,1
11746,2,1,1
11746,3,0,1
11746,3,1,1
11746,4,2,1
11746,5,0,1
11746,5,2,1
11746,6,1,1
11746,6,2,1
11746,7,0,1
11746,7,1,1
11746,7,2,1
11747,1,0,0
11747,2,1,1
11747,3,0,0
11747,3,1,1
11747,4,2,0
11747,5,0,0
11747,5,2,0
11747,6,1,1
11747,6,2,0
11747,7,0,0
11747,7,1,1
11747,7,2,0
11748,1,0,1
11748,2,1,1
11748,3,0,1
11748,3,1,1
11748,4,2,1
11748,5,0,1
11748,5,2,1
11748,6,1,1
11748,6,2,1
11748,7,0,1
11748,7,1,1
11748,7,2,1
11749,1,0,1
11749,2,1,1
11749,3,0,1
11749,3,1,1
11749,4,2,1
11749,5,0,1
11749,5,2,1
11749,6,1,1
11749,6,2,1
11749,7,0,1
11749,7,1,1
11749,7,2,1
11750,1,0,0
11750,2,1,1
11750,3,0,0
11750,3,1,1
11750,4,2,0
11750,5,0,0
11750,5,2,0
11750,6,1,1
11750,6,2,0
11750,7,0,0
11750,7,1,1
11750,7,2,0
11751,1,0,1
11751,2,1,1
11751,3,0,1
11751,3,1,1
11751,4,2,1
11751,5,0,1
11751,5,2,1
11751,6,1,1
11751,6,2,1
11751,7,0,1
11751,7,1,1
11751,7,2,1
11752,1,0,1
11752,2,1,1
11752,3,0,1
11752,3,1,1
11752,4,2,1
11752,5,0,1
11752,5,2,1
11752,6,1,1
11752,6,2,1
11752,7,0,1
11752,7,1,1
11752,7,2,1
11753,1,0,0
11753,2,1,1
11753,3,0,0
11753,3,1,1
11753,4,2,0
11753,5,0,0
11753,5,2,0
11753,6,1,1
11753,6,2,0
11753,7,0,0
11753,7,1,1
11753,7,2,0
11754,1,0,1
11754,2,1,1
11754,3,0,1
11754,3,1,1
11754,4,2,1
11754,5,0,1
11754,5,2,1
11754,6,1,1
11754,6,2,1
11754,7,0,1
11754,7,1,1
11754,7,2,1
11755,1,0,1
11755,2,1,1
11755,3,0,1
11755,3,1,1
11755,4,2,1
11755,5,0,1
11755,5,2,1
11755,6,1,1
11755,6,2,1
11755,7,0,1
11755,7,1,1
11755,7,2,1
11756,1,0,0
11756,2,1,1
11756,3,0,0
11756,3,1,1
11756,4,2,0
11756,5,0,0
11756,5,2,0
11756,6,1,1
11756,6,2,0
11756,7,0,0
11756,7,1,1
11756,7,2,0
11757,1,0,1
11757,2,1,1
11757,3,0,1
11757,3,1,1
11757,4,2,1
11757,5,0,1
11757,5,2,1
11757,6,1,1
11757,6,2,1
11757,7,0,1
11757,7,1,1
11757,7,2,1
11758,1,0,1
11758,2,1,1
11758,3,0,1
11758,3,1,1
11758,4,2,1
11758,5,0,1
11758,5,2,1
11758,6,1,1
11758,6,2,1
11758,7,0,1
11758,7,1,1
11758,7,2,1
11759,1,0,0
11759,2,1,1
11759,3,0,0
11759,3,1,1
11759,4,2,0
11759,5,0,0
11759,5,2,0
11759,6,1,1
11759,6,2,0
11759,7,0,0
11759,7,1,1
11759,7,2,0
11760,1,0,1
11760,2,1,1
11760,3,0,1
11760,3,1,1
11760,4,2,1
11760,5,0,1
11760,5,2,1
11760,6,1,1
11760,6,2,1
11760,7,0,1
11760,7,1,1
11760,7,2,1
11761,1,0,1
11761,2,1,1
11761,3,0,1
11761,3,1,1
11761,4,2,1
11761,5,0,1
11761,5,2,1
11761,6,1,1
11761,6,2,1
11761,7,0,1
11761,7,1,1
11761,7,2,1
11762,1,0,0
11762,2,1,1
11762,3,0,0
11762,3,1,1
11762,4,2,0
11762,5,0,0
11762,5,2,0
11762,6,1,1
11762,6,2,0
11762,7,0,0
11762,7,1,1
11762,7,2,0
11763,1,0,0
11763,2,1,1
11763,3,0,0
11763,3,1,1
11763,4,2,0
11763,5,0,0
11763,5,2,0
11763,6,1,1
11763,6,2,0
11763,7,0,0
11763,7,1,1
11763,7,2,0
11764,1,0,0
11764,2,1,1
11764,3,0,0
11764,3,1,1
11764,4,2,0
11764,5,0,0
11764,5,2,0
11764,6,1,1
11764,6,2,0
11764,7,0,0
11764,7,1,1
11764,7,2,0
11765,1,0,0
11765,2,1,1
11765,3,0,0
11765,3,1,1
11765,4,2,0
11765,5,0,0
11765,5,2,0
11765,6,1,1
11765,6,2,0
11765,7,0,0
11765,7,1,1
11765,7,2,0
11766,1,0,0
11766,2,1,1
11766,3,0,0
11766,3,1,1
11766,4,2,0
11766,5,0,0
11766,5,2,0
11766,6,1,1
11766,6,2,0
11766,7,0,0
11766,7,1,1
11766,7,2,0
11767,1,0,0
11767,2,1,1
11767,3,0,0
11767,3,1,1
11767,4,2,0
11767,5,0,0
11767,5,2,0
11767,6,1,1
11767,6,2,0
11767,7,0,0
11767,7,1,1
11767,7,2,0
11768,1,0,0
11768,2,1,1
11768,3,0,0
11768,3,1,1
11768,4,2,0
11768,5,0,0
11768,5,2,0
11768,6,1,1
11768,6,2,0
11768,7,0,0
11768,7,1,1
11768,7,2,0
11769,1,0,0
11769,2,1,1
11769,3,0,0
11769,3,1,1
11769,4,2,0
11769,5,0,0
11769,5,2,0
11769,6,1,1
11769,6,2,0
11769,7,0,0
11769,7,1,1
11769,7,2,0
11770,1,0,0
11770,2,1,1
11770,3,0,0
11770,3,1,1
11770,4,2,0
11770,5,0,0
11770,5,2,0
11770,6,1,1
11770,6,2,0
11770,7,0,0
11770,7,1,1
11770,7,2,0
11771,1,0,0
11771,2,1,1
11771,3,0,0
11771,3,1,1
11771,4,2,0
11771,5,0,0
11771,5,2,0
11771,6,1,1
11771,6,2,0
11771,7,0,0
11771,7,1,1
11771,7,2,0
11772,1,0,1
11772,2,1,1
11772,3,0,1
11772,3,1,1
11772,4,2,1
11772,5,0,1
11772,5,2,1
11772,6,1,1
11772,6,2,1
11772,7,0,1
11772,7,1,1
11772,7,2,1
11773,1,0,1
11773,2,1,1
11773,3,0,1
11773,3,1,1
11773,4,2,1
11773,5,0,1
11773,5,2,1
11773,6,1,1
11773,6,2,1
11773,7,0,1
11773,7,1,1
11773,7,2,1
11774,1,0,0
11774,2,1,0
11774,3,0,0
11774,3,1,0
11774,4,2,0
11774,5,0,0
11774,5,2,0
11774,6,1,0
11774,6,2,0
11774,7,0,0
11774,7,1,0
11774,7,2,0
11775,1,0,1
11775,2,1,1
11775,3,0,1
11775,3,1,1
11775,4,2,1
11775,5,0,1
11775,5,2,1
11775,6,1,1
11775,6,2,1
11775,7,0,1
11775,7,1,1
11775,7,2,1
11776,1,0,1
11776,2,1,1
11776,3,0,1
11776,3,1,1
11776,4,2,1
11776,5,0,1
11776,5,2,1
11776,6,1,1
11776,6,2,1
11776,7,0,1
11776,7,1,1
11776,7,2,1
11777,1,0,0
11777,2,1,0
11777,3,0,0
11777,3,1,0
11777,4,2,0
11777,5,0,0
11777,5,2,0
11777,6,1,0
11777,6,2,0
11777,7,0,0
11777,7,1,0
11777,7,2,0
11778,1,0,0
11778,2,1,0
11778,3,0,0
11778,3,1,0
11778,4,2,0
11778,5,0,0
11778,5,2,0
11778,6,1,0
11778,6,2,0
11778,7,0,0
11778,7,1,0
11778,7,2,0
11779,1,0,0
11779,2,1,0
11779,3,0,0
11779,3,1,0
11779,4,2,0
11779,5,0,0
11779,5,2,0
11779,6,1,0
11779,6,2,0
11779,7,0,0
11779,7,1,0
11779,7,2,0
11780,1,0,0
11780,2,1,0
11780,3,0,0
11780,3,1,0
11780,4,2,0
11780,5,0,0
11780,5,2,0
11780,6,1,0
11780,6,2,0
11780,7,0,0
11780,7,1,0
11780,7,2,0
11781,1,0,0
11781,2,1,0
11781,3,0,0
11781,3,1,0
11781,4,2,0
11781,5,0,0
11781,5,2,0
11781,6,1,0
11781,6,2,0
11781,7,0,0
11781,7,1,0
11781,7,2,0
11782,1,0,0
11782,2,1,0
11782,3,0,0
11782,3,1,0
11782,4,2,0
11782,5,0,0
11782,5,2,0
11782,6,1,0
11782,6,2,0
11782,7,0,0
11782,7,1,0
11782,7,2,0
11783,1,0,0
11783,2,1,0
11783,3,0,0
11783,3,1,0
11783,4,2,0
11783,5,0,0
11783,5,2,0
11783,6,1,0
11783,6,2,0
11783,7,0,0
11783,7,1,0
11783,7,2,0
11784,1,0,0
11784,2,1,0
11784,3,0,0
11784,3,1,0
11784,4,2,0
11784,5,0,0
11784,5,2,0
11784,6,1,0
11784,6,2,0
11784,7,0,0
11784,7,1,0
11784,7,2,0
11785,1,0,0
11785,2,1,0
11785,3,0,0
11785,3,1,0
11785,4,2,0
11785,5,0,0
11785,5,2,0
11785,6,1,0
11785,6,2,0
11785,7,0,0
11785,7,1,0
11785,7,2,0
11786,1,0,0
11786,2,1,0
11786,3,0,0
11786,3,1,0
11786,4,2,0
11786,5,0,0
11786,5,2,0
11786,6,1,0
11786,6,2,0
11786,7,0,0
11786,7,1,0
11786,7,2,0
11787,1,0,0
11787,2,1,0
11787,3,0,0
11787,3,1,0
11787,4,2,0
11787,5,0,0
11787,5,2,0
11787,6,1,0
11787,6,2,0
11787,7,0,0
11787,7,1,0
11787,7,2,0
11788,1,0,0
11788,2,1,0
11788,3,0,0
11788,3,1,0
11788,4,2,0
11788,5,0,0
11788,5,2,0
11788,6,1,0
11788,6,2,0
11788,7,0,0
11788,7,1,0
11788,7,2,0
11789,1,0,0
11789,2,1,0
11789,3,0,0
11789,3,1,0
11789,4,2,0
11789,5,0,0
11789,5,2,0
11789,6,1,0
11789,6,2,0
11789,7,0,0
11789,7,1,0
11789,7,2,0
11790,1,0,0
11790,2,1,0
11790,3,0,0
11790,3,1,0
11790,4,2,0
11790,5,0,0
11790,5,2,0
11790,6,1,0
11790,6,2,0
11790,7,0,0
11790,7,1,0
11790,7,2,0
11791,1,0,0
11791,2,1,0
11791,3,0,0
11791,3,1,0
11791,4,2,0
11791,5,0,0
11791,5,2,0
11791,6,1,0
11791,6,2,0
11791,7,0,0
11791,7,1,0
11791,7,2,0
11792,1,0,0
11792,2,1,0
11792,3,0,0
11792,3,1,0
11792,4,2,0
11792,5,0,0
11792,5,2,0
11792,6,1,0
11792,6,2,0
11792,7,0,0
11792,7,1,0
11792,7,2,0
11793,1,0,0
11793,2,1,0
11793,3,0,0
11793,3,1,0
11793,4,2,0
11793,5,0,0
11793,5,2,0
11793,6,1,0
11793,6,2,0
11793,7,0,0
11793,7,1,0
11793,7,2,0
11794,1,0,0
11794,2,1,0
11794,3,0,0
11794,3,1,0
11794,4,2,0
11794,5,0,0
11794,5,2,0
11794,6,1,0
11794,6,2,0
11794,7,0,0
11794,7,1,0
11794,7,2,0
11795,1,0,0
11795,2,1,0
11795,3,0,0
11795,3,1,0
11795,4,2,0
11795,5,0,0
11795,5,2,0
11795,6,1,0
11795,6,2,0
11795,7,0,0
11795,7,1,0
11795,7,2,0
11796,1,0,0
11796,2,1,0
11796,3,0,0
11796,3,1,0
11796,4,2,0
11796,5,0,0
11796,5,2,0
11796,6,1,0
11796,6,2,0
11796,7,0,0
11796,7,1,0
11796,7,2,0
11797,1,0,0
11797,2,1,0
11797,3,0,0
11797,3,1,0
11797,4,2,0
11797,5,0,0
11797,5,2,0
11797,6,1,0
11797,6,2,0
11797,7,0,0
11797,7,1,0
11797,7,2,0
11798,1,0,0
11798,2,1,0
11798,3,0,0
11798,3,1,0
11798,4,2,0
11798,5,0,0
11798,5,2,0
11798,6,1,0
11798,6,2,0
11798,7,0,0
11798,7,1,0
11798,7,2,0
11799,1,0,1
11799,2,1,1
11799,3,0,1
11799,3,1,1
11799,4,2,1
11799,5,0,1
11799,5,2,1
11799,6,1,1
11799,6,2,1
11799,7,0,1
11799,7,1,1
11799,7,2,1
11800,1,0,1
11800,2,1,1
11800,3,0,1
11800,3,1,1
11800,4,2,1
11800,5,0,1
11800,5,2,1
11800,6,1,1
11800,6,2,1
11800,7,0,1
11800,7,1,1
11800,7,2,1
11801,1,0,0
11801,2,1,0
11801,3,0,0
11801,3,1,0
11801,4,2,0
11801,5,0,0
11801,5,2,0
11801,6,1,0
11801,6,2,0
11801,7,0,0
11801,7,1,0
11801,7,2,0
11802,1,0,0
11802,2,1,0
11802,3,0,0
11802,3,1,0
11802,4,2,0
11802,5,0,0
11802,5,2,0
11802,6,1,0
11802,6,2,0
11802,7,0,0
11802,7,1,0
11802,7,2,0
11803,1,0,0
11803,2,1,0
11803,3,0,0
11803,3,1,0
11803,4,2,0
11803,5,0,0
11803,5,2,0
11803,6,1,0
11803,6,2,0
11803,7,0,0
11803,7,1,0
11803,7,2,0
11804,1,0,0
11804,2,1,0
11804,3,0,0
11804,3,1,0
11804,4,2,0
11804,5,0,0
11804,5,2,0
11804,6,1,0
11804,6,2,0
11804,7,0,0
11804,7,1,0
11804,7,2,0
11805,1,0,0
11805,2,1,0
11805,3,0,0
11805,3,1,0
11805,4,2,0
11805,5,0,0
11805,5,2,0
11805,6,1,0
11805,6,2,0
11805,7,0,0
11805,7,1,0
11805,7,2,0
11806,1,0,0
11806,2,1,0
11806,3,0,0
11806,3,1,0
11806,4,2,0
11806,5,0,0
11806,5,2,0
11806,6,1,0
11806,6,2,0
11806,7,0,0
11806,7,1,0
11806,7,2,0
11807,1,0,0
11807,2,1,0
11807,3,0,0
11807,3,1,0
11807,4,2,0
11807,5,0,0
11807,5,2,0
11807,6,1,0
11807,6,2,0
11807,7,0,0
11807,7,1,0
11807,7,2,0
11808,1,0,0
11808,2,1,0
11808,3,0,0
11808,3,1,0
11808,4,2,0
11808,5,0,0
11808,5,2,0
11808,6,1,0
11808,6,2,0
11808,7,0,0
11808,7,1,0
11808,7,2,0
11809,1,0,0
11809,2,1,0
11809,3,0,0
11809,3,1,0
11809,4,2,0
11809,5,0,0
11809,5,2,0
11809,6,1,0
11809,6,2,0
11809,7,0,0
11809,7,1,0
11809,7,2,0
11810,1,0,0
11810,2,1,0
11810,3,0,0
11810,3,1,0
11810,4,2,0
11810,5,0,0
11810,5,2,0
11810,6,1,0
11810,6,2,0
11810,7,0,0
11810,7,1,0
11810,7,2,0
11811,1,0,0
11811,2,1,0
11811,3,0,0
11811,3,1,0
11811,4,2,0
11811,5,0,0
11811,5,2,0
11811,6,1,0
11811,6,2,0
11811,7,0,0
11811,7,1,0
11811,7,2,0
11812,1,0,0
11812,2,1,0
11812,3,0,0
11812,3,1,0
11812,4,2,0
11812,5,0,0
11812,5,2,0
11812,6,1,0
11812,6,2,0
11812,7,0,0
11812,7,1,0
11812,7,2,0
11813,1,0,0
11813,2,1,0
11813,3,0,0
11813,3,1,0
11813,4,2,0
11813,5,0,0
11813,5,2,0
11813,6,1,0
11813,6,2,0
11813,7,0,0
11813,7,1,0
11813,7,2,0
11814,1,0,0
11814,2,1,0
11814,3,0,0
11814,3,1,0
11814,4,2,0
11814,5,0,0
11814,5,2,0
11814,6,1,0
11814,6,2,0
11814,7,0,0
11814,7,1,0
11814,7,2,0
11815,1,0,0
11815,2,1,0
11815,3,0,0
11815,3,1,0
11815,4,2,0
11815,5,0,0
11815,5,2,0
11815,6,1,0
11815,6,2,0
11815,7,0,0
11815,7,1,0
11815,7,2,0
11816,1,0,0
11816,2,1,0
11816,3,0,0
11816,3,1,0
11816,4,2,0
11816,5,0,0
11816,5,2,0
11816,6,1,0
11816,6,2,0
11816,7,0,0
11816,7,1,0
11816,7,2,0
11817,1,0,0
11817,2,1,0
11817,3,0,0
11817,3,1,0
11817,4,2,0
11817,5,0,0
11817,5,2,0
11817,6,1,0
11817,6,2,0
11817,7,0,0
11817,7,1,0
11817,7,2,0
11818,1,0,0
11818,2,1,0
11818,3,0,0
11818,3,1,0
11818,4,2,0
11818,5,0,0
11818,5,2,0
11818,6,1,0
11818,6,2,0
11818,7,0,0
11818,7,1,0
11818,7,2,0
11819,1,0,0
11819,2,1,0
11819,3,0,0
11819,3,1,0
11819,4,2,0
11819,5,0,0
11819,5,2,0
11819,6,1,0
11819,6,2,0
11819,7,0,0
11819,7,1,0
11819,7,2,0
11820,1,0,0
11820,2,1,0
11820,3,0,0
11820,3,1,0
11820,4,2,0
11820,5,0,0
11820,5,2,0
11820,6,1,0
11820,6,2,0
11820,7,0,0
11820,7,1,0
11820,7,2,0
11821,1,0,0
11821,2,1,0
11821,3,0,0
11821,3,1,0
11821,4,2,0
11821,5,0,0
11821,5,2,0
11821,6,1,0
11821,6,2,0
11821,7,0,0
11821,7,1,0
11821,7,2,0
11822,1,0,0
11822,2,1,0
11822,3,0,0
11822,3,1,0
11822,4,2,0
11822,5,0,0
11822,5,2,0
11822,6,1,0
11822,6,2,0
11822,7,0,0
11822,7,1,0
11822,7,2,0
11823,1,0,0
11823,2,1,0
11823,3,0,0
11823,3,1,0
11823,4,2,0
11823,5,0,0
11823,5,2,0
11823,6,1,0
11823,6,2,0
11823,7,0,0
11823,7,1,0
11823,7,2,0
11824,1,0,0
11824,2,1,0
11824,3,0,0
11824,3,1,0
11824,4,2,0
11824,5,0,0
11824,5,2,0
11824,6,1,0
11824,6,2,0
11824,7,0,0
11824,7,1,0
11824,7,2,0
11825,1,0,0
11825,2,1,0
11825,3,0,0
11825,3,1,0
11825,4,2,0
11825,5,0,0
11825,5,2,0
11825,6,1,0
11825,6,2,0
11825,7,0,0
11825,7,1,0
11825,7,2,0
11826,1,0,1
11826,2,1,0
11826,3,0,1
11826,3,1,0
11826,4,2,0
11826,5,0,1
11826,5,2,0
11826,6,1,0
11826,6,2,0
11826,7,0,1
11826,7,1,0
11826,7,2,0
11827,1,0,1
11827,2,1,0
11827,3,0,1
11827,3,1,0
11827,4,2,0
11827,5,0,1
11827,5,2,0
11827,6,1,0
11827,6,2,0
11827,7,0,1
11827,7,1,0
11827,7,2,0
11828,1,0,0
11828,2,1,0
11828,3,0,0
11828,3,1,0
11828,4,2,0
11828,5,0,0
11828,5,2,0
11828,6,1,0
11828,6,2,0
11828,7,0,0
11828,7,1,0
11828,7,2,0
11829,1,0,0
11829,2,1,0
11829,3,0,0
11829,3,1,0
11829,4,2,0
11829,5,0,0
11829,5,2,0
11829,6,1,0
11829,6,2,0
11829,7,0,0
11829,7,1,0
11829,7,2,0
11830,1,0,0
11830,2,1,0
11830,3,0,0
11830,3,1,0
11830,4,2,0
11830,5,0,0
11830,5,2,0
11830,6,1,0
11830,6,2,0
11830,7,0,0
11830,7,1,0
11830,7,2,0
11831,1,0,0
11831,2,1,0
11831,3,0,0
11831,3,1,0
11831,4,2,0
11831,5,0,0
11831,5,2,0
11831,6,1,0
11831,6,2,0
11831,7,0,0
11831,7,1,0
11831,7,2,0
11832,1,0,0
11832,2,1,0
11832,3,0,0
11832,3,1,0
11832,4,2,0
11832,5,0,0
11832,5,2,0
11832,6,1,0
11832,6,2,0
11832,7,0,0
11832,7,1,0
11832,7,2,0
11833,1,0,0
11833,2,1,0
11833,3,0,0
11833,3,1,0
11833,4,2,0
11833,5,0,0
11833,5,2,0
11833,6,1,0
11833,6,2,0
11833,7,0,0
11833,7,1,0
11833,7,2,0
11834,1,0,0
11834,2,1,0
11834,3,0,0
11834,3,1,0
11834,4,2,0
11834,5,0,0
11834,5,2,0
11834,6,1,0
11834,6,2,0
11834,7,0,0
11834,7,1,0
11834,7,2,0
11835,1,0,0
11835,2,1,0
11835,3,0,0
11835,3,1,0
11835,4,2,0
11835,5,0,0
11835,5,2,0
11835,6,1,0
11835,6,2,0
11835,7,0,0
11835,7,1,0
11835,7,2,0
11836,1,0,0
11836,2,1,0
11836,3,0,0
11836,3,1,0
11836,4,2,0
11836,5,0,0
11836,5,2,0
11836,6,1,0
11836,6,2,0
11836,7,0,0
11836,7,1,0
11836,7,2,0
11837,1,0,0
11837,2,1,0
11837,3,0,0
11837,3,1,0
11837,4,2,0
11837,5,0,0
11837,5,2,0
11837,6,1,0
11837,6,2,0
11837,7,0,0
11837,7,1,0
11837,7,2,0
11838,1,0,0
11838,2,1,0
11838,3,0,0
11838,3,1,0
11838,4,2,0
11838,5,0,0
11838,5,2,0
11838,6,1,0
11838,6,2,0
11838,7,0,0
11838,7,1,0
11838,7,2,0
11839,1,0,0
11839,2,1,0
11839,3,0,0
11839,3,1,0
11839,4,2,0
11839,5,0,0
11839,5,2,0
11839,6,1,0
11839,6,2,0
11839,7,0,0
11839,7,1,0
11839,7,2,0
11840,1,0,0
11840,2,1,0
11840,3,0,0
11840,3,1,0
11840,4,2,0
11840,5,0,0
11840,5,2,0
11840,6,1,0
11840,6,2,0
11840,7,0,0
11840,7,1,0
11840,7,2,0
11841,1,0,0
11841,2,1,0
11841,3,0,0
11841,3,1,0
11841,4,2,0
11841,5,0,0
11841,5,2,0
11841,6,1,0
11841,6,2,0
11841,7,0,0
11841,7,1,0
11841,7,2,0
11842,1,0,0
11842,2,1,0
11842,3,0,0
11842,3,1,0
11842,4,2,0
11842,5,0,0
11842,5,2,0
11842,6,1,0
11842,6,2,0
11842,7,0,0
11842,7,1,0
11842,7,2,0
11843,1,0,0
11843,2,1,0
11843,3,0,0
11843,3,1,0
11843,4,2,0
11843,5,0,0
11843,5,2,0
11843,6,1,0
11843,6,2,0
11843,7,0,0
11843,7,1,0
11843,7,2,0
11844,1,0,0
11844,2,1,0
11844,3,0,0
11844,3,1,0
11844,4,2,0
11844,5,0,0
11844,5,2,0
11844,6,1,0
11844,6,2,0
11844,7,0,0
11844,7,1,0
11844,7,2,0
11845,1,0,0
11845,2,1,0
11845,3,0,0
11845,3,1,0
11845,4,2,0
11845,5,0,0
11845,5,2,0
11845,6,1,0
11845,6,2,0
11845,7,0,0
11845,7,1,0
11845,7,2,0
11846,1,0,0
11846,2,1,0
11846,3,0,0
11846,3,1,0
11846,4,2,0
11846,5,0,0
11846,5,2,0
11846,6,1,0
11846,6,2,0
11846,7,0,0
11846,7,1,0
11846,7,2,0
11847,1,0,0
11847,2,1,0
11847,3,0,0
11847,3,1,0
11847,4,2,0
11847,5,0,0
11847,5,2,0
11847,6,1,0
11847,6,2,0
11847,7,0,0
11847,7,1,0
11847,7,2,0
11848,1,0,0
11848,2,1,0
11848,3,0,0
11848,3,1,0
11848,4,2,0
11848,5,0,0
11848,5,2,0
11848,6,1,0
11848,6,2,0
11848,7,0,0
11848,7,1,0
11848,7,2,0
11849,1,0,0
11849,2,1,0
11849,3,0,0
11849,3,1,0
11849,4,2,0
11849,5,0,0
11849,5,2,0
11849,6,1,0
11849,6,2,0
11849,7,0,0
11849,7,1,0
11849,7,2,0
11850,1,0,0
11850,2,1,0
11850,3,0,0
11850,3,1,0
11850,4,2,0
11850,5,0,0
11850,5,2,0
11850,6,1,0
11850,6,2,0
11850,7,0,0
11850,7,1,0
11850,7,2,0
11851,1,0,0
11851,2,1,0
11851,3,0,0
11851,3,1,0
11851,4,2,0
11851,5,0,0
11851,5,2,0
11851,6,1,0
11851,6,2,0
11851,7,0,0
11851,7,1,0
11851,7,2,0
11852,1,0,0
11852,2,1,0
11852,3,0,0
11852,3,1,0
11852,4,2,0
11852,5,0,0
11852,5,2,0
11852,6,1,0
11852,6,2,0
11852,7,0,0
11852,7,1,0
11852,7,2,0
11853,1,0,1
11853,2,1,0
11853,3,0,1
11853,3,1,0
11853,4,2,0
11853,5,0,1
11853,5,2,0
11853,6,1,0
11853,6,2,0
11853,7,0,1
11853,7,1,0
11853,7,2,0
11854,1,0,1
11854,2,1,0
11854,3,0,1
11854,3,1,0
11854,4,2,0
11854,5,0,1
11854,5,2,0
11854,6,1,0
11854,6,2,0
11854,7,0,1
11854,7,1,0
11854,7,2,0
11855,1,0,0
11855,2,1,0
11855,3,0,0
11855,3,1,0
11855,4,2,0
11855,5,0,0
11855,5,2,0
11855,6,1,0
11855,6,2,0
11855,7,0,0
11855,7,1,0
11855,7,2,0
11856,1,0,0
11856,2,1,0
11856,3,0,0
11856,3,1,0
11856,4,2,0
11856,5,0,0
11856,5,2,0
11856,6,1,0
11856,6,2,0
11856,7,0,0
11856,7,1,0
11856,7,2,0
11857,1,0,0
11857,2,1,0
11857,3,0,0
11857,3,1,0
11857,4,2,0
11857,5,0,0
11857,5,2,0
11857,6,1,0
11857,6,2,0
11857,7,0,0
11857,7,1,0
11857,7,2,0
11858,1,0,0
11858,2,1,0
11858,3,0,0
11858,3,1,0
11858,4,2,0
11858,5,0,0
11858,5,2,0
11858,6,1,0
11858,6,2,0
11858,7,0,0
11858,7,1,0
11858,7,2,0
11859,1,0,0
11859,2,1,0
11859,3,0,0
11859,3,1,0
11859,4,2,0
11859,5,0,0
11859,5,2,0
11859,6,1,0
11859,6,2,0
11859,7,0,0
11859,7,1,0
11859,7,2,0
11860,1,0,0
11860,2,1,0
11860,3,0,0
11860,3,1,0
11860,4,2,0
11860,5,0,0
11860,5,2,0
11860,6,1,0
11860,6,2,0
11860,7,0,0
11860,7,1,0
11860,7,2,0
11861,1,0,0
11861,2,1,0
11861,3,0,0
11861,3,1,0
11861,4,2,0
11861,5,0,0
11861,5,2,0
11861,6,1,0
11861,6,2,0
11861,7,0,0
11861,7,1,0
11861,7,2,0
11862,1,0,0
11862,2,1,0
11862,3,0,0
11862,3,1,0
11862,4,2,0
11862,5,0,0
11862,5,2,0
11862,6,1,0
11862,6,2,0
11862,7,0,0
11862,7,1,0
11862,7,2,0
11863,1,0,0
11863,2,1,0
11863,3,0,0
11863,3,1,0
11863,4,2,0
11863,5,0,0
11863,5,2,0
11863,6,1,0
11863,6,2,0
11863,7,0,0
11863,7,1,0
11863,7,2,0
11864,1,0,0
11864,2,1,0
11864,3,0,0
11864,3,1,0
11864,4,2,0
11864,5,0,0
11864,5,2,0
11864,6,1,0
11864,6,2,0
11864,7,0,0
11864,7,1,0
11864,7,2,0
11865,1,0,0
11865,2,1,0
11865,3,0,0
11865,3,1,0
11865,4,2,0
11865,5,0,0
11865,5,2,0
11865,6,1,0
11865,6,2,0
11865,7,0,0
11865,7,1,0
11865,7,2,0
11866,1,0,0
11866,2,1,0
11866,3,0,0
11866,3,1,0
11866,4,2,0
11866,5,0,0
11866,5,2,0
11866,6,1,0
11866,6,2,0
11866,7,0,0
11866,7,1,0
11866,7,2,0
11867,1,0,0
11867,2,1,0
11867,3,0,0
11867,3,1,0
11867,4,2,0
11867,5,0,0
11867,5,2,0
11867,6,1,0
11867,6,2,0
11867,7,0,0
11867,7,1,0
11867,7,2,0
11868,1,0,0
11868,2,1,0
11868,3,0,0
11868,3,1,0
11868,4,2,0
11868,5,0,0
11868,5,2,0
11868,6,1,0
11868,6,2,0
11868,7,0,0
11868,7,1,0
11868,7,2,0
11869,1,0,0
11869,2,1,0
11869,3,0,0
11869,3,1,0
11869,4,2,0
11869,5,0,0
11869,5,2,0
11869,6,1,0
11869,6,2,0
11869,7,0,0
11869,7,1,0
11869,7,2,0
11870,1,0,0
11870,2,1,0
11870,3,0,0
11870,3,1,0
11870,4,2,0
11870,5,0,0
11870,5,2,0
11870,6,1,0
11870,6,2,0
11870,7,0,0
11870,7,1,0
11870,7,2,0
11871,1,0,0
11871,2,1,0
11871,3,0,0
11871,3,1,0
11871,4,2,0
11871,5,0,0
11871,5,2,0
11871,6,1,0
11871,6,2,0
11871,7,0,0
11871,7,1,0
11871,7,2,0
11872,1,0,0
11872,2,1,0
11872,3,0,0
11872,3,1,0
11872,4,2,0
11872,5,0,0
11872,5,2,0
11872,6,1,0
11872,6,2,0
11872,7,0,0
11872,7,1,0
11872,7,2,0
11873,1,0,0
11873,2,1,0
11873,3,0,0
11873,3,1,0
11873,4,2,0
11873,5,0,0
11873,5,2,0
11873,6,1,0
11873,6,2,0
11873,7,0,0
11873,7,1,0
11873,7,2,0
11874,1,0,0
11874,2,1,0
11874,3,0,0
11874,3,1,0
11874,4,2,0
11874,5,0,0
11874,5,2,0
11874,6,1,0
11874,6,2,0
11874,7,0,0
11874,7,1,0
11874,7,2,0
11875,1,0,0
11875,2,1,0
11875,3,0,0
11875,3,1,0
11875,4,2,0
11875,5,0,0
11875,5,2,0
11875,6,1,0
11875,6,2,0
11875,7,0,0
11875,7,1,0
11875,7,2,0
11876,1,0,0
11876,2,1,0
11876,3,0,0
11876,3,1,0
11876,4,2,0
11876,5,0,0
11876,5,2,0
11876,6,1,0
11876,6,2,0
11876,7,0,0
11876,7,1,0
11876,7,2,0
11877,1,0,0
11877,2,1,0
11877,3,0,0
11877,3,1,0
11877,4,2,0
11877,5,0,0
11877,5,2,0
11877,6,1,0
11877,6,2,0
11877,7,0,0
11877,7,1,0
11877,7,2,0
11878,1,0,0
11878,2,1,0
11878,3,0,0
11878,3,1,0
11878,4,2,0
11878,5,0,0
11878,5,2,0
11878,6,1,0
11878,6,2,0
11878,7,0,0
11878,7,1,0
11878,7,2,0
11879,1,0,0
11879,2,1,0
11879,3,0,0
11879,3,1,0
11879,4,2,0
11879,5,0,0
11879,5,2,0
11879,6,1,0
11879,6,2,0
11879,7,0,0
11879,7,1,0
11879,7,2,0
11880,1,0,1
11880,2,1,0
11880,3,0,1
11880,3,1,0
11880,4,2,0
11880,5,0,1
11880,5,2,0
11880,6,1,0
11880,6,2,0
11880,7,0,1
11880,7,1,0
11880,7,2,0
11881,1,0,1
11881,2,1,0
11881,3,0,1
11881,3,1,0
11881,4,2,0
11881,5,0,1
11881,5,2,0
11881,6,1,0
11881,6,2,0
11881,7,0,1
11881,7,1,0
11881,7,2,0
11882,1,0,0
11882,2,1,0
11882,3,0,0
11882,3,1,0
11882,4,2,0
11882,5,0,0
11882,5,2,0
11882,6,1,0
11882,6,2,0
11882,7,0,0
11882,7,1,0
11882,7,2,0
11883,1,0,0
11883,2,1,0
11883,3,0,0
11883,3,1,0
11883,4,2,0
11883,5,0,0
11883,5,2,0
11883,6,1,0
11883,6,2,0
11883,7,0,0
11883,7,1,0
11883,7,2,0
11884,1,0,0
11884,2,1,0
11884,3,0,0
11884,3,1,0
11884,4,2,0
11884,5,0,0
11884,5,2,0
11884,6,1,0
11884,6,2,0
11884,7,0,0
11884,7,1,0
11884,7,2,0
11885,1,0,0
11885,2,1,0
11885,3,0,0
11885,3,1,0
11885,4,2,0
11885,5,0,0
11885,5,2,0
11885,6,1,0
11885,6,2,0
11885,7,0,0
11885,7,1,0
11885,7,2,0
11886,1,0,0
11886,2,1,0
11886,3,0,0
11886,3,1,0
11886,4,2,0
11886,5,0,0
11886,5,2,0
11886,6,1,0
11886,6,2,0
11886,7,0,0
11886,7,1,0
11886,7,2,0
11887,1,0,0
11887,2,1,0
11887,3,0,0
11887,3,1,0
11887,4,2,0
11887,5,0,0
11887,5,2,0
11887,6,1,0
11887,6,2,0
11887,7,0,0
11887,7,1,0
11887,7,2,0
11888,1,0,0
11888,2,1,0
11888,3,0,0
11888,3,1,0
11888,4,2,0
11888,5,0,0
11888,5,2,0
11888,6,1,0
11888,6,2,0
11888,7,0,0
11888,7,1,0
11888,7,2,0
11889,1,0,0
11889,2,1,0
11889,3,0,0
11889,3,1,0
11889,4,2,0
11889,5,0,0
11889,5,2,0
11889,6,1,0
11889,6,2,0
11889,7,0,0
11889,7,1,0
11889,7,2,0
11890,1,0,0
11890,2,1,0
11890,3,0,0
11890,3,1,0
11890,4,2,0
11890,5,0,0
11890,5,2,0
11890,6,1,0
11890,6,2,0
11890,7,0,0
11890,7,1,0
11890,7,2,0
11891,1,0,0
11891,2,1,0
11891,3,0,0
11891,3,1,0
11891,4,2,0
11891,5,0,0
11891,5,2,0
11891,6,1,0
11891,6,2,0
11891,7,0,0
11891,7,1,0
11891,7,2,0
11892,1,0,0
11892,2,1,0
11892,3,0,0
11892,3,1,0
11892,4,2,0
11892,5,0,0
11892,5,2,0
11892,6,1,0
11892,6,2,0
11892,7,0,0
11892,7,1,0
11892,7,2,0
11893,1,0,0
11893,2,1,0
11893,3,0,0
11893,3,1,0
11893,4,2,0
11893,5,0,0
11893,5,2,0
11893,6,1,0
11893,6,2,0
11893,7,0,0
11893,7,1,0
11893,7,2,0
11894,1,0,0
11894,2,1,0
11894,3,0,0
11894,3,1,0
11894,4,2,0
11894,5,0,0
11894,5,2,0
11894,6,1,0
11894,6,2,0
11894,7,0,0
11894,7,1,0
11894,7,2,0
11895,1,0,0
11895,2,1,0
11895,3,0,0
11895,3,1,0
11895,4,2,0
11895,5,0,0
11895,5,2,0
11895,6,1,0
11895,6,2,0
11895,7,0,0
11895,7,1,0
11895,7,2,0
11896,1,0,0
11896,2,1,0
11896,3,0,0
11896,3,1,0
11896,4,2,0
11896,5,0,0
11896,5,2,0
11896,6,1,0
11896,6,2,0
11896,7,0,0
11896,7,1,0
11896,7,2,0
11897,1,0,0
11897,2,1,0
11897,3,0,0
11897,3,1,0
11897,4,2,0
11897,5,0,0
11897,5,2,0
11897,6,1,0
11897,6,2,0
11897,7,0,0
11897,7,1,0
11897,7,2,0
11898,1,0,0
11898,2,1,0
11898,3,0,0
11898,3,1,0
11898,4,2,0
11898,5,0,0
11898,5,2,0
11898,6,1,0
11898,6,2,0
11898,7,0,0
11898,7,1,0
11898,7,2,0
11899,1,0,0
11899,2,1,0
11899,3,0,0
11899,3,1,0
11899,4,2,0
11899,5,0,0
11899,5,2,0
11899,6,1,0
11899,6,2,0
11899,7,0,0
11899,7,1,0
11899,7,2,0
11900,1,0,0
11900,2,1,0
11900,3,0,0
11900,3,1,0
11900,4,2,0
11900,5,0,0
11900,5,2,0
11900,6,1,0
11900,6,2,0
11900,7,0,0
11900,7,1,0
11900,7,2,0
11901,1,0,0
11901,2,1,0
11901,3,0,0
11901,3,1,0
11901,4,2,0
11901,5,0,0
11901,5,2,0
11901,6,1,0
11901,6,2,0
11901,7,0,0
11901,7,1,0
11901,7,2,0
11902,1,0,0
11902,2,1,0
11902,3,0,0
11902,3,1,0
11902,4,2,0
11902,5,0,0
11902,5,2,0
11902,6,1,0
11902,6,2,0
11902,7,0,0
11902,7,1,0
11902,7,2,0
11903,1,0,0
11903,2,1,0
11903,3,0,0
11903,3,1,0
11903,4,2,0
11903,5,0,0
11903,5,2,0
11903,6,1,0
11903,6,2,0
11903,7,0,0
11903,7,1,0
11903,7,2,0
11904,1,0,0
11904,2,1,0
11904,3,0,0
11904,3,1,0
11904,4,2,0
11904,5,0,0
11904,5,2,0
11904,6,1,0
11904,6,2,0
11904,7,0,0
11904,7,1,0
11904,7,2,0
11905,1,0,0
11905,2,1,0
11905,3,0,0
11905,3,1,0
11905,4,2,0
11905,5,0,0
11905,5,2,0
11905,6,1,0
11905,6,2,0
11905,7,0,0
11905,7,1,0
11905,7,2,0
11906,1,0,0
11906,2,1,0
11906,3,0,0
11906,3,1,0
11906,4,2,0
11906,5,0,0
11906,5,2,0
11906,6,1,0
11906,6,2,0
11906,7,0,0
11906,7,1,0
11906,7,2,0
11907,1,0,1
11907,2,1,0
11907,3,0,1
11907,3,1,0
11907,4,2,0
11907,5,0,1
11907,5,2,0
11907,6,1,0
11907,6,2,0
11907,7,0,1
11907,7,1,0
11907,7,2,0
11908,1,0,1
11908,2,1,0
11908,3,0,1
11908,3,1,0
11908,4,2,0
11908,5,0,1
11908,5,2,0
11908,6,1,0
11908,6,2,0
11908,7,0,1
11908,7,1,0
11908,7,2,0
11909,1,0,0
11909,2,1,0
11909,3,0,0
11909,3,1,0
11909,4,2,0
11909,5,0,0
11909,5,2,0
11909,6,1,0
11909,6,2,0
11909,7,0,0
11909,7,1,0
11909,7,2,0
11910,1,0,0
11910,2,1,0
11910,3,0,0
11910,3,1,0
11910,4,2,0
11910,5,0,0
11910,5,2,0
11910,6,1,0
11910,6,2,0
11910,7,0,0
11910,7,1,0
11910,7,2,0
11911,1,0,0
11911,2,1,0
11911,3,0,0
11911,3,1,0
11911,4,2,0
11911,5,0,0
11911,5,2,0
11911,6,1,0
11911,6,2,0
11911,7,0,0
11911,7,1,0
11911,7,2,0
11912,1,0,0
11912,2,1,0
11912,3,0,0
11912,3,1,0
11912,4,2,0
11912,5,0,0
11912,5,2,0
11912,6,1,0
11912,6,2,0
11912,7,0,0
11912,7,1,0
11912,7,2,0
11913,1,0,0
11913,2,1,0
11913,3,0,0
11913,3,1,0
11913,4,2,0
11913,5,0,0
11913,5,2,0
11913,6,1,0
11913,6,2,0
11913,7,0,0
11913,7,1,0
11913,7,2,0
11914,1,0,0
11914,2,1,0
11914,3,0,0
11914,3,1,0
11914,4,2,0
11914,5,0,0
11914,5,2,0
11914,6,1,0
11914,6,2,0
11914,7,0,0
11914,7,1,0
11914,7,2,0
11915,1,0,0
11915,2,1,0
11915,3,0,0
11915,3,1,0
11915,4,2,0
11915,5,0,0
11915,5,2,0
11915,6,1,0
11915,6,2,0
11915,7,0,0
11915,7,1,0
11915,7,2,0
11916,1,0,0
11916,2,1,0
11916,3,0,0
11916,3,1,0
11916,4,2,0
11916,5,0,0
11916,5,2,0
11916,6,1,0
11916,6,2,0
11916,7,0,0
11916,7,1,0
11916,7,2,0
11917,1,0,0
11917,2,1,0
11917,3,0,0
11917,3,1,0
11917,4,2,0
11917,5,0,0
11917,5,2,0
11917,6,1,0
11917,6,2,0
11917,7,0,0
11917,7,1,0
11917,7,2,0
11918,1,0,0
11918,2,1,0
11918,3,0,0
11918,3,1,0
11918,4,2,0
11918,5,0,0
11918,5,2,0
11918,6,1,0
11918,6,2,0
11918,7,0,0
11918,7,1,0
11918,7,2,0
11919,1,0,0
11919,2,1,0
11919,3,0,0
11919,3,1,0
11919,4,2,0
11919,5,0,0
11919,5,2,0
11919,6,1,0
11919,6,2,0
11919,7,0,0
11919,7,1,0
11919,7,2,0
11920,1,0,0
11920,2,1,0
11920,3,0,0
11920,3,1,0
11920,4,2,0
11920,5,0,0
11920,5,2,0
11920,6,1,0
11920,6,2,0
11920,7,0,0
11920,7,1,0
11920,7,2,0
11921,1,0,0
11921,2,1,0
11921,3,0,0
11921,3,1,0
11921,4,2,0
11921,5,0,0
11921,5,2,0
11921,6,1,0
11921,6,2,0
11921,7,0,0
11921,7,1,0
11921,7,2,0
11922,1,0,0
11922,2,1,0
11922,3,0,0
11922,3,1,0
11922,4,2,0
11922,5,0,0
11922,5,2,0
11922,6,1,0
11922,6,2,0
11922,7,0,0
11922,7,1,0
11922,7,2,0
11923,1,0,0
11923,2,1,0
11923,3,0,0
11923,3,1,0
11923,4,2,0
11923,5,0,0
11923,5,2,0
11923,6,1,0
11923,6,2,0
11923,7,0,0
11923,7,1,0
11923,7,2,0
11924,1,0,0
11924,2,1,0
11924,3,0,0
11924,3,1,0
11924,4,2,0
11924,5,0,0
11924,5,2,0
11924,6,1,0
11924,6,2,0
11924,7,0,0
11924,7,1,0
11924,7,2,0
11925,1,0,0
11925,2,1,0
11925,3,0,0
11925,3,1,0
11925,4,2,0
11925,5,0,0
11925,5,2,0
11925,6,1,0
11925,6,2,0
11925,7,0,0
11925,7,1,0
11925,7,2,0
11926,1,0,0
11926,2,1,0
11926,3,0,0
11926,3,1,0
11926,4,2,0
11926,5,0,0
11926,5,2,0
11926,6,1,0
11926,6,2,0
11926,7,0,0
11926,7,1,0
11926,7,2,0
11927,1,0,0
11927,2,1,0
11927,3,0,0
11927,3,1,0
11927,4,2,0
11927,5,0,0
11927,5,2,0
11927,6,1,0
11927,6,2,0
11927,7,0,0
11927,7,1,0
11927,7,2,0
11928,1,0,0
11928,2,1,0
11928,3,0,0
11928,3,1,0
11928,4,2,0
11928,5,0,0
11928,5,2,0
11928,6,1,0
11928,6,2,0
11928,7,0,0
11928,7,1,0
11928,7,2,0
11929,1,0,0
11929,2,1,0
11929,3,0,0
11929,3,1,0
11929,4,2,0
11929,5,0,0
11929,5,2,0
11929,6,1,0
11929,6,2,0
11929,7,0,0
11929,7,1,0
11929,7,2,0
11930,1,0,0
11930,2,1,0
11930,3,0,0
11930,3,1,0
11930,4,2,0
11930,5,0,0
11930,5,2,0
11930,6,1,0
11930,6,2,0
11930,7,0,0
11930,7,1,0
11930,7,2,0
11931,1,0,0
11931,2,1,0
11931,3,0,0
11931,3,1,0
11931,4,2,0
11931,5,0,0
11931,5,2,0
11931,6,1,0
11931,6,2,0
11931,7,0,0
11931,7,1,0
11931,7,2,0
11932,1,0,0
11932,2,1,0
11932,3,0,0
11932,3,1,0
11932,4,2,0
11932,5,0,0
11932,5,2,0
11932,6,1,0
11932,6,2,0
11932,7,0,0
11932,7,1,0
11932,7,2,0
11933,1,0,0
11933,2,1,0
11933,3,0,0
11933,3,1,0
11933,4,2,0
11933,5,0,0
11933,5,2,0
11933,6,1,0
11933,6,2,0
11933,7,0,0
11933,7,1,0
11933,7,2,0
11934,1,0,1
11934,2,1,0
11934,3,0,1
11934,3,1,0
11934,4,2,0
11934,5,0,1
11934,5,2,0
11934,6,1,0
11934,6,2,0
11934,7,0,1
11934,7,1,0
11934,7,2,0
11935,1,0,1
11935,2,1,0
11935,3,0,1
11935,3,1,0
11935,4,2,0
11935,5,0,1
11935,5,2,0
11935,6,1,0
11935,6,2,0
11935,7,0,1
11935,7,1,0
11935,7,2,0
11936,1,0,0
11936,2,1,0
11936,3,0,0
11936,3,1,0
11936,4,2,0
11936,5,0,0
11936,5,2,0
11936,6,1,0
11936,6,2,0
11936,7,0,0
11936,7,1,0
11936,7,2,0
11937,1,0,0
11937,2,1,0
11937,3,0,0
11937,3,1,0
11937,4,2,0
11937,5,0,0
11937,5,2,0
11937,6,1,0
11937,6,2,0
11937,7,0,0
11937,7,1,0
11937,7,2,0
11938,1,0,0
11938,2,1,0
11938,3,0,0
11938,3,1,0
11938,4,2,0
11938,5,0,0
11938,5,2,0
11938,6,1,0
11938,6,2,0
11938,7,0,0
11938,7,1,0
11938,7,2,0
11939,1,0,0
11939,2,1,0
11939,3,0,0
11939,3,1,0
11939,4,2,0
11939,5,0,0
11939,5,2,0
11939,6,1,0
11939,6,2,0
11939,7,0,0
11939,7,1,0
11939,7,2,0
11940,1,0,0
11940,2,1,0
11940,3,0,0
11940,3,1,0
11940,4,2,0
11940,5,0,0
11940,5,2,0
11940,6,1,0
11940,6,2,0
11940,7,0,0
11940,7,1,0
11940,7,2,0
11941,1,0,0
11941,2,1,0
11941,3,0,0
11941,3,1,0
11941,4,2,0
11941,5,0,0
11941,5,2,0
11941,6,1,0
11941,6,2,0
11941,7,0,0
11941,7,1,0
11941,7,2,0
11942,1,0,0
11942,2,1,0
11942,3,0,0
11942,3,1,0
11942,4,2,0
11942,5,0,0
11942,5,2,0
11942,6,1,0
11942,6,2,0
11942,7,0,0
11942,7,1,0
11942,7,2,0
11943,1,0,0
11943,2,1,0
11943,3,0,0
11943,3,1,0
11943,4,2,0
11943,5,0,0
11943,5,2,0
11943,6,1,0
11943,6,2,0
11943,7,0,0
11943,7,1,0
11943,7,2,0
11944,1,0,0
11944,2,1,0
11944,3,0,0
11944,3,1,0
11944,4,2,0
11944,5,0,0
11944,5,2,0
11944,6,1,0
11944,6,2,0
11944,7,0,0
11944,7,1,0
11944,7,2,0
11945,1,0,0
11945,2,1,0
11945,3,0,0
11945,3,1,0
11945,4,2,0
11945,5,0,0
11945,5,2,0
11945,6,1,0
11945,6,2,0
11945,7,0,0
11945,7,1,0
11945,7,2,0
11946,1,0,0
11946,2,1,0
11946,3,0,0
11946,3,1,0
11946,4,2,0
11946,5,0,0
11946,5,2,0
11946,6,1,0
11946,6,2,0
11946,7,0,0
11946,7,1,0
11946,7,2,0
11947,1,0,0
11947,2,1,0
11947,3,0,0
11947,3,1,0
11947,4,2,0
11947,5,0,0
11947,5,2,0
11947,6,1,0
11947,6,2,0
11947,7,0,0
11947,7,1,0
11947,7,2,0
11948,1,0,0
11948,2,1,0
11948,3,0,0
11948,3,1,0
11948,4,2,0
11948,5,0,0
11948,5,2,0
11948,6,1,0
11948,6,2,0
11948,7,0,0
11948,7,1,0
11948,7,2,0
11949,1,0,0
11949,2,1,0
11949,3,0,0
11949,3,1,0
11949,4,2,0
11949,5,0,0
11949,5,2,0
11949,6,1,0
11949,6,2,0
11949,7,0,0
11949,7,1,0
11949,7,2,0
11950,1,0,0
11950,2,1,0
11950,3,0,0
11950,3,1,0
11950,4,2,0
11950,5,0,0
11950,5,2,0
11950,6,1,0
11950,6,2,0
11950,7,0,0
11950,7,1,0
11950,7,2,0
11951,1,0,0
11951,2,1,0
11951,3,0,0
11951,3,1,0
11951,4,2,0
11951,5,0,0
11951,5,2,0
11951,6,1,0
11951,6,2,0
11951,7,0,0
11951,7,1,0
11951,7,2,0
11952,1,0,0
11952,2,1,0
11952,3,0,0
11952,3,1,0
11952,4,2,0
11952,5,0,0
11952,5,2,0
11952,6,1,0
11952,6,2,0
11952,7,0,0
11952,7,1,0
11952,7,2,0
11953,1,0,0
11953,2,1,0
11953,3,0,0
11953,3,1,0
11953,4,2,0
11953,5,0,0
11953,5,2,0
11953,6,1,0
11953,6,2,0
11953,7,0,0
11953,7,1,0
11953,7,2,0
11954,1,0,0
11954,2,1,0
11954,3,0,0
11954,3,1,0
11954,4,2,0
11954,5,0,0
11954,5,2,0
11954,6,1,0
11954,6,2,0
11954,7,0,0
11954,7,1,0
11954,7,2,0
11955,1,0,0
11955,2,1,0
11955,3,0,0
11955,3,1,0
11955,4,2,0
11955,5,0,0
11955,5,2,0
11955,6,1,0
11955,6,2,0
11955,7,0,0
11955,7,1,0
11955,7,2,0
11956,1,0,0
11956,2,1,0
11956,3,0,0
11956,3,1,0
11956,4,2,0
11956,5,0,0
11956,5,2,0
11956,6,1,0
11956,6,2,0
11956,7,0,0
11956,7,1,0
11956,7,2,0
11957,1,0,0
11957,2,1,0
11957,3,0,0
11957,3,1,0
11957,4,2,0
11957,5,0,0
11957,5,2,0
11957,6,1,0
11957,6,2,0
11957,7,0,0
11957,7,1,0
11957,7,2,0
11958,1,0,0
11958,2,1,0
11958,3,0,0
11958,3,1,0
11958,4,2,0
11958,5,0,0
11958,5,2,0
11958,6,1,0
11958,6,2,0
11958,7,0,0
11958,7,1,0
11958,7,2,0
11959,1,0,0
11959,2,1,0
11959,3,0,0
11959,3,1,0
11959,4,2,0
11959,5,0,0
11959,5,2,0
11959,6,1,0
11959,6,2,0
11959,7,0,0
11959,7,1,0
11959,7,2,0
11960,1,0,0
11960,2,1,0
11960,3,0,0
11960,3,1,0
11960,4,2,0
11960,5,0,0
11960,5,2,0
11960,6,1,0
11960,6,2,0
11960,7,0,0
11960,7,1,0
11960,7,2,0
11961,1,0,1
11961,2,1,0
11961,3,0,1
11961,3,1,0
11961,4,2,0
11961,5,0,1
11961,5,2,0
11961,6,1,0
11961,6,2,0
11961,7,0,1
11961,7,1,0
11961,7,2,0
11962,1,0,1
11962,2,1,0
11962,3,0,1
11962,3,1,0
11962,4,2,0
11962,5,0,1
11962,5,2,0
11962,6,1,0
11962,6,2,0
11962,7,0,1
11962,7,1,0
11962,7,2,0
11963,1,0,0
11963,2,1,0
11963,3,0,0
11963,3,1,0
11963,4,2,0
11963,5,0,0
11963,5,2,0
11963,6,1,0
11963,6,2,0
11963,7,0,0
11963,7,1,0
11963,7,2,0
11964,1,0,0
11964,2,1,0
11964,3,0,0
11964,3,1,0
11964,4,2,0
11964,5,0,0
11964,5,2,0
11964,6,1,0
11964,6,2,0
11964,7,0,0
11964,7,1,0
11964,7,2,0
11965,1,0,0
11965,2,1,0
11965,3,0,0
11965,3,1,0
11965,4,2,0
11965,5,0,0
11965,5,2,0
11965,6,1,0
11965,6,2,0
11965,7,0,0
11965,7,1,0
11965,7,2,0
11966,1,0,0
11966,2,1,0
11966,3,0,0
11966,3,1,0
11966,4,2,0
11966,5,0,0
11966,5,2,0
11966,6,1,0
11966,6,2,0
11966,7,0,0
11966,7,1,0
11966,7,2,0
11967,1,0,0
11967,2,1,0
11967,3,0,0
11967,3,1,0
11967,4,2,0
11967,5,0,0
11967,5,2,0
11967,6,1,0
11967,6,2,0
11967,7,0,0
11967,7,1,0
11967,7,2,0
11968,1,0,0
11968,2,1,0
11968,3,0,0
11968,3,1,0
11968,4,2,0
11968,5,0,0
11968,5,2,0
11968,6,1,0
11968,6,2,0
11968,7,0,0
11968,7,1,0
11968,7,2,0
11969,1,0,0
11969,2,1,0
11969,3,0,0
11969,3,1,0
11969,4,2,0
11969,5,0,0
11969,5,2,0
11969,6,1,0
11969,6,2,0
11969,7,0,0
11969,7,1,0
11969,7,2,0
11970,1,0,0
11970,2,1,0
11970,3,0,0
11970,3,1,0
11970,4,2,0
11970,5,0,0
11970,5,2,0
11970,6,1,0
11970,6,2,0
11970,7,0,0
11970,7,1,0
11970,7,2,0
11971,1,0,0
11971,2,1,0
11971,3,0,0
11971,3,1,0
11971,4,2,0
11971,5,0,0
11971,5,2,0
11971,6,1,0
11971,6,2,0
11971,7,0,0
11971,7,1,0
11971,7,2,0
11972,1,0,0
11972,2,1,0
11972,3,0,0
11972,3,1,0
11972,4,2,0
11972,5,0,0
11972,5,2,0
11972,6,1,0
11972,6,2,0
11972,7,0,0
11972,7,1,0
11972,7,2,0
11973,1,0,0
11973,2,1,0
11973,3,0,0
11973,3,1,0
11973,4,2,0
11973,5,0,0
11973,5,2,0
11973,6,1,0
11973,6,2,0
11973,7,0,0
11973,7,1,0
11973,7,2,0
11974,1,0,0
11974,2,1,0
11974,3,0,0
11974,3,1,0
11974,4,2,0
11974,5,0,0
11974,5,2,0
11974,6,1,0
11974,6,2,0
11974,7,0,0
11974,7,1,0
11974,7,2,0
11975,1,0,0
11975,2,1,0
11975,3,0,0
11975,3,1,0
11975,4,2,0
11975,5,0,0
11975,5,2,0
11975,6,1,0
11975,6,2,0
11975,7,0,0
11975,7,1,0
11975,7,2,0
11976,1,0,0
11976,2,1,0
11976,3,0,0
11976,3,1,0
11976,4,2,0
11976,5,0,0
11976,5,2,0
11976,6,1,0
11976,6,2,0
11976,7,0,0
11976,7,1,0
11976,7,2,0
11977,1,0,0
11977,2,1,0
11977,3,0,0
11977,3,1,0
11977,4,2,0
11977,5,0,0
11977,5,2,0
11977,6,1,0
11977,6,2,0
11977,7,0,0
11977,7,1,0
11977,7,2,0
11978,1,0,0
11978,2,1,0
11978,3,0,0
11978,3,1,0
11978,4,2,0
11978,5,0,0
11978,5,2,0
11978,6,1,0
11978,6,2,0
11978,7,0,0
11978,7,1,0
11978,7,2,0
11979,1,0,0
11979,2,1,0
11979,3,0,0
11979,3,1,0
11979,4,2,0
11979,5,0,0
11979,5,2,0
11979,6,1,0
11979,6,2,0
11979,7,0,0
11979,7,1,0
11979,7,2,0
11980,1,0,0
11980,2,1,0
11980,3,0,0
11980,3,1,0
11980,4,2,0
11980,5,0,0
11980,5,2,0
11980,6,1,0
11980,6,2,0
11980,7,0,0
11980,7,1,0
11980,7,2,0
11981,1,0,0
11981,2,1,0
11981,3,0,0
11981,3,1,0
11981,4,2,0
11981,5,0,0
11981,5,2,0
11981,6,1,0
11981,6,2,0
11981,7,0,0
11981,7,1,0
11981,7,2,0
11982,1,0,0
11982,2,1,0
11982,3,0,0
11982,3,1,0
11982,4,2,0
11982,5,0,0
11982,5,2,0
11982,6,1,0
11982,6,2,0
11982,7,0,0
11982,7,1,0
11982,7,2,0
11983,1,0,0
11983,2,1,0
11983,3,0,0
11983,3,1,0
11983,4,2,0
11983,5,0,0
11983,5,2,0
11983,6,1,0
11983,6,2,0
11983,7,0,0
11983,7,1,0
11983,7,2,0
11984,1,0,0
11984,2,1,0
11984,3,0,0
11984,3,1,0
11984,4,2,0
11984,5,0,0
11984,5,2,0
11984,6,1,0
11984,6,2,0
11984,7,0,0
11984,7,1,0
11984,7,2,0
11985,1,0,0
11985,2,1,0
11985,3,0,0
11985,3,1,0
11985,4,2,0
11985,5,0,0
11985,5,2,0
11985,6,1,0
11985,6,2,0
11985,7,0,0
11985,7,1,0
11985,7,2,0
11986,1,0,0
11986,2,1,0
11986,3,0,0
11986,3,1,0
11986,4,2,0
11986,5,0,0
11986,5,2,0
11986,6,1,0
11986,6,2,0
11986,7,0,0
11986,7,1,0
11986,7,2,0
11987,1,0,0
11987,2,1,0
11987,3,0,0
11987,3,1,0
11987,4,2,0
11987,5,0,0
11987,5,2,0
11987,6,1,0
11987,6,2,0
11987,7,0,0
11987,7,1,0
11987,7,2,0
11988,1,0,1
11988,2,1,0
11988,3,0,1
11988,3,1,0
11988,4,2,0
11988,5,0,1
11988,5,2,0
11988,6,1,0
11988,6,2,0
11988,7,0,1
11988,7,1,0
11988,7,2,0
11989,1,0,1
11989,2,1,0
11989,3,0,1
11989,3,1,0
11989,4,2,0
11989,5,0,1
11989,5,2,0
11989,6,1,0
11989,6,2,0
11989,7,0,1
11989,7,1,0
11989,7,2,0
11990,1,0,0
11990,2,1,0
11990,3,0,0
11990,3,1,0
11990,4,2,0
11990,5,0,0
11990,5,2,0
11990,6,1,0
11990,6,2,0
11990,7,0,0
11990,7,1,0
11990,7,2,0
11991,1,0,0
11991,2,1,0
11991,3,0,0
11991,3,1,0
11991,4,2,0
11991,5,0,0
11991,5,2,0
11991,6,1,0
11991,6,2,0
11991,7,0,0
11991,7,1,0
11991,7,2,0
11992,1,0,0
11992,2,1,0
11992,3,0,0
11992,3,1,0
11992,4,2,0
11992,5,0,0
11992,5,2,0
11992,6,1,0
11992,6,2,0
11992,7,0,0
11992,7,1,0
11992,7,2,0
11993,1,0,0
11993,2,1,0
11993,3,0,0
11993,3,1,0
11993,4,2,0
11993,5,0,0
11993,5,2,0
11993,6,1,0
11993,6,2,0
11993,7,0,0
11993,7,1,0
11993,7,2,0
11994,1,0,0
11994,2,1,0
11994,3,0,0
11994,3,1,0
11994,4,2,0
11994,5,0,0
11994,5,2,0
11994,6,1,0
11994,6,2,0
11994,7,0,0
11994,7,1,0
11994,7,2,0
11995,1,0,0
11995,2,1,0
11995,3,0,0
11995,3,1,0
11995,4,2,0
11995,5,0,0
11995,5,2,0
11995,6,1,0
11995,6,2,0
11995,7,0,0
11995,7,1,0
11995,7,2,0
11996,1,0,0
11996,2,1,0
11996,3,0,0
11996,3,1,0
11996,4,2,0
11996,5,0,0
11996,5,2,0
11996,6,1,0
11996,6,2,0
11996,7,0,0
11996,7,1,0
11996,7,2,0
11997,1,0,0
11997,2,1,0
11997,3,0,0
11997,3,1,0
11997,4,2,0
11997,5,0,0
11997,5,2,0
11997,6,1,0
11997,6,2,0
11997,7,0,0
11997,7,1,0
11997,7,2,0
11998,1,0,0
11998,2,1,0
11998,3,0,0
11998,3,1,0
11998,4,2,0
11998,5,0,0
11998,5,2,0
11998,6,1,0
11998,6,2,0
11998,7,0,0
11998,7,1,0
11998,7,2,0
11999,1,0,0
11999,2,1,0
11999,3,0,0
11999,3,1,0
11999,4,2,0
11999,5,0,0
11999,5,2,0
11999,6,1,0
11999,6,2,0
11999,7,0,0
11999,7,1,0
11999,7,2,0
