edge_encoding,port_bits,initial,live
18000,1,0,0
18000,2,1,0
18000,3,0,0
18000,3,1,0
18000,4,2,0
18000,5,0,0
18000,5,2,0
18000,6,1,0
18000,6,2,0
18000,7,0,0
18000,7,1,0
18000,7,2,0
18001,1,0,0
18001,2,1,0
18001,3,0,0
18001,3,1,0
18001,4,2,0
18001,5,0,0
18001,5,2,0
18001,6,1,0
18001,6,2,0
18001,7,0,0
18001,7,1,0
18001,7,2,0
18002,1,0,0
18002,2,1,0
18002,3,0,0
18002,3,1,0
18002,4,2,0
18002,5,0,0
18002,5,2,0
18002,6,1,0
18002,6,2,0
18002,7,0,0
18002,7,1,0
18002,7,2,0
18003,1,0,0
18003,2,1,0
18003,3,0,0
18003,3,1,0
18003,4,2,0
18003,5,0,0
18003,5,2,0
18003,6,1,0
18003,6,2,0
18003,7,0,0
18003,7,1,0
18003,7,2,0
18004,1,0,0
18004,2,1,0
18004,3,0,0
18004,3,1,0
18004,4,2,0
18004,5,0,0
18004,5,2,0
18004,6,1,0
18004,6,2,0
18004,7,0,0
18004,7,1,0
18004,7,2,0
18005,1,0,0
18005,2,1,0
18005,3,0,0
18005,3,1,0
18005,4,2,0
18005,5,0,0
18005,5,2,0
18005,6,1,0
18005,6,2,0
18005,7,0,0
18005,7,1,0
18005,7,2,0
18006,1,0,0
18006,2,1,0
18006,3,0,0
18006,3,1,0
18006,4,2,0
18006,5,0,0
18006,5,2,0
18006,6,1,0
18006,6,2,0
18006,7,0,0
18006,7,1,0
18006,7,2,0
18007,1,0,0
18007,2,1,0
18007,3,0,0
18007,3,1,0
18007,4,2,0
18007,5,0,0
18007,5,2,0
18007,6,1,0
18007,6,2,0
18007,7,0,0
18007,7,1,0
18007,7,2,0
18008,1,0,0
18008,2,1,0
18008,3,0,0
18008,3,1,0
18008,4,2,0
18008,5,0,0
18008,5,2,0
18008,6,1,0
18008,6,2,0
18008,7,0,0
18008,7,1,0
18008,7,2,0
18009,1,0,1
18009,2,1,0
18009,3,0,1
18009,3,1,0
18009,4,2,0
18009,5,0,1
18009,5,2,0
18009,6,1,0
18009,6,2,0
18009,7,0,1
18009,7,1,0
18009,7,2,0
18010,1,0,1
18010,2,1,0
18010,3,0,1
18010,3,1,0
18010,4,2,0
18010,5,0,1
18010,5,2,0
18010,6,1,0
18010,6,2,0
18010,7,0,1
18010,7,1,0
18010,7,2,0
18011,1,0,0
18011,2,1,0
18011,3,0,0
18011,3,1,0
18011,4,2,0
18011,5,0,0
18011,5,2,0
18011,6,1,0
18011,6,2,0
18011,7,0,0
18011,7,1,0
18011,7,2,0
18012,1,0,0
18012,2,1,0
18012,3,0,0
18012,3,1,0
18012,4,2,0
18012,5,0,0
18012,5,2,0
18012,6,1,0
18012,6,2,0
18012,7,0,0
18012,7,1,0
18012,7,2,0
18013,1,0,0
18013,2,1,0
18013,3,0,0
18013,3,1,0
18013,4,2,0
18013,5,0,0
18013,5,2,0
18013,6,1,0
18013,6,2,0
18013,7,0,0
18013,7,1,0
18013,7,2,0
18014,1,0,0
18014,2,1,0
18014,3,0,0
18014,3,1,0
18014,4,2,0
18014,5,0,0
18014,5,2,0
18014,6,1,0
18014,6,2,0
18014,7,0,0
18014,7,1,0
18014,7,2,0
18015,1,0,0
18015,2,1,0
18015,3,0,0
18015,3,1,0
18015,4,2,0
18015,5,0,0
18015,5,2,0
18015,6,1,0
18015,6,2,0
18015,7,0,0
18015,7,1,0
18015,7,2,0
18016,1,0,0
18016,2,1,0
18016,3,0,0
18016,3,1,0
18016,4,2,0
18016,5,0,0
18016,5,2,0
18016,6,1,0
18016,6,2,0
18016,7,0,0
18016,7,1,0
18016,7,2,0
18017,1,0,0
18017,2,1,0
18017,3,0,0
18017,3,1,0
18017,4,2,0
18017,5,0,0
18017,5,2,0
18017,6,1,0
18017,6,2,0
18017,7,0,0
18017,7,1,0
18017,7,2,0
18018,1,0,0
18018,2,1,0
18018,3,0,0
18018,3,1,0
18018,4,2,0
18018,5,0,0
18018,5,2,0
18018,6,1,0
18018,6,2,0
18018,7,0,0
18018,7,1,0
18018,7,2,0
18019,1,0,0
18019,2,1,0
18019,3,0,0
18019,3,1,0
18019,4,2,0
18019,5,0,0
18019,5,2,0
18019,6,1,0
18019,6,2,0
18019,7,0,0
18019,7,1,0
18019,7,2,0
18020,1,0,0
18020,2,1,0
18020,3,0,0
18020,3,1,0
18020,4,2,0
18020,5,0,0
18020,5,2,0
18020,6,1,0
18020,6,2,0
18020,7,0,0
18020,7,1,0
18020,7,2,0
18021,1,0,0
18021,2,1,0
18021,3,0,0
18021,3,1,0
18021,4,2,0
18021,5,0,0
18021,5,2,0
18021,6,1,0
18021,6,2,0
18021,7,0,0
18021,7,1,0
18021,7,2,0
18022,1,0,0
18022,2,1,0
18022,3,0,0
18022,3,1,0
18022,4,2,0
18022,5,0,0
18022,5,2,0
18022,6,1,0
18022,6,2,0
18022,7,0,0
18022,7,1,0
18022,7,2,0
18023,1,0,0
18023,2,1,0
18023,3,0,0
18023,3,1,0
18023,4,2,0
18023,5,0,0
18023,5,2,0
18023,6,1,0
18023,6,2,0
18023,7,0,0
18023,7,1,0
18023,7,2,0
18024,1,0,0
18024,2,1,0
18024,3,0,0
18024,3,1,0
18024,4,2,0
18024,5,0,0
18024,5,2,0
18024,6,1,0
18024,6,2,0
18024,7,0,0
18024,7,1,0
18024,7,2,0
18025,1,0,0
18025,2,1,0
18025,3,0,0
18025,3,1,0
18025,4,2,0
18025,5,0,0
18025,5,2,0
18025,6,1,0
18025,6,2,0
18025,7,0,0
18025,7,1,0
18025,7,2,0
18026,1,0,0
18026,2,1,0
18026,3,0,0
18026,3,1,0
18026,4,2,0
18026,5,0,0
18026,5,2,0
18026,6,1,0
18026,6,2,0
18026,7,0,0
18026,7,1,0
18026,7,2,0
18027,1,0,0
18027,2,1,0
18027,3,0,0
18027,3,1,0
18027,4,2,0
18027,5,0,0
18027,5,2,0
18027,6,1,0
18027,6,2,0
18027,7,0,0
18027,7,1,0
18027,7,2,0
18028,1,0,0
18028,2,1,0
18028,3,0,0
18028,3,1,0
18028,4,2,0
18028,5,0,0
18028,5,2,0
18028,6,1,0
18028,6,2,0
18028,7,0,0
18028,7,1,0
18028,7,2,0
18029,1,0,0
18029,2,1,0
18029,3,0,0
18029,3,1,0
18029,4,2,0
18029,5,0,0
18029,5,2,0
18029,6,1,0
18029,6,2,0
18029,7,0,0
18029,7,1,0
18029,7,2,0
18030,1,0,0
18030,2,1,0
18030,3,0,0
18030,3,1,0
18030,4,2,0
18030,5,0,0
18030,5,2,0
18030,6,1,0
18030,6,2,0
18030,7,0,0
18030,7,1,0
18030,7,2,0
18031,1,0,0
18031,2,1,0
18031,3,0,0
18031,3,1,0
18031,4,2,0
18031,5,0,0
18031,5,2,0
18031,6,1,0
18031,6,2,0
18031,7,0,0
18031,7,1,0
18031,7,2,0
18032,1,0,0
18032,2,1,0
18032,3,0,0
18032,3,1,0
18032,4,2,0
18032,5,0,0
18032,5,2,0
18032,6,1,0
18032,6,2,0
18032,7,0,0
18032,7,1,0
18032,7,2,0
18033,1,0,0
18033,2,1,0
18033,3,0,0
18033,3,1,0
18033,4,2,0
18033,5,0,0
18033,5,2,0
18033,6,1,0
18033,6,2,0
18033,7,0,0
18033,7,1,0
18033,7,2,0
18034,1,0,0
18034,2,1,0
18034,3,0,0
18034,3,1,0
18034,4,2,0
18034,5,0,0
18034,5,2,0
18034,6,1,0
18034,6,2,0
18034,7,0,0
18034,7,1,0
18034,7,2,0
18035,1,0,0
18035,2,1,0
18035,3,0,0
18035,3,1,0
18035,4,2,0
18035,5,0,0
18035,5,2,0
18035,6,1,0
18035,6,2,0
18035,7,0,0
18035,7,1,0
18035,7,2,0
18036,1,0,1
18036,2,1,0
18036,3,0,1
18036,3,1,0
18036,4,2,0
18036,5,0,1
18036,5,2,0
18036,6,1,0
18036,6,2,0
18036,7,0,1
18036,7,1,0
18036,7,2,0
18037,1,0,1
18037,2,1,0
18037,3,0,1
18037,3,1,0
18037,4,2,0
18037,5,0,1
18037,5,2,0
18037,6,1,0
18037,6,2,0
18037,7,0,1
18037,7,1,0
18037,7,2,0
18038,1,0,0
18038,2,1,0
18038,3,0,0
18038,3,1,0
18038,4,2,0
18038,5,0,0
18038,5,2,0
18038,6,1,0
18038,6,2,0
18038,7,0,0
18038,7,1,0
18038,7,2,0
18039,1,0,0
18039,2,1,0
18039,3,0,0
18039,3,1,0
18039,4,2,0
18039,5,0,0
18039,5,2,0
18039,6,1,0
18039,6,2,0
18039,7,0,0
18039,7,1,0
18039,7,2,0
18040,1,0,0
18040,2,1,0
18040,3,0,0
18040,3,1,0
18040,4,2,0
18040,5,0,0
18040,5,2,0
18040,6,1,0
18040,6,2,0
18040,7,0,0
18040,7,1,0
18040,7,2,0
18041,1,0,0
18041,2,1,0
18041,3,0,0
18041,3,1,0
18041,4,2,0
18041,5,0,0
18041,5,2,0
18041,6,1,0
18041,6,2,0
18041,7,0,0
18041,7,1,0
18041,7,2,0
18042,1,0,0
18042,2,1,0
18042,3,0,0
18042,3,1,0
18042,4,2,0
18042,5,0,0
18042,5,2,0
18042,6,1,0
18042,6,2,0
18042,7,0,0
18042,7,1,0
18042,7,2,0
18043,1,0,0
18043,2,1,0
18043,3,0,0
18043,3,1,0
18043,4,2,0
18043,5,0,0
18043,5,2,0
18043,6,1,0
18043,6,2,0
18043,7,0,0
18043,7,1,0
18043,7,2,0
18044,1,0,0
18044,2,1,0
18044,3,0,0
18044,3,1,0
18044,4,2,0
18044,5,0,0
18044,5,2,0
18044,6,1,0
18044,6,2,0
18044,7,0,0
18044,7,1,0
18044,7,2,0
18045,1,0,0
18045,2,1,0
18045,3,0,0
18045,3,1,0
18045,4,2,0
18045,5,0,0
18045,5,2,0
18045,6,1,0
18045,6,2,0
18045,7,0,0
18045,7,1,0
18045,7,2,0
18046,1,0,0
18046,2,1,0
18046,3,0,0
18046,3,1,0
18046,4,2,0
18046,5,0,0
18046,5,2,0
18046,6,1,0
18046,6,2,0
18046,7,0,0
18046,7,1,0
18046,7,2,0
18047,1,0,0
18047,2,1,0
18047,3,0,0
18047,3,1,0
18047,4,2,0
18047,5,0,0
18047,5,2,0
18047,6,1,0
18047,6,2,0
18047,7,0,0
18047,7,1,0
18047,7,2,0
18048,1,0,0
18048,2,1,0
18048,3,0,0
18048,3,1,0
18048,4,2,0
18048,5,0,0
18048,5,2,0
18048,6,1,0
18048,6,2,0
18048,7,0,0
18048,7,1,0
18048,7,2,0
18049,1,0,0
18049,2,1,0
18049,3,0,0
18049,3,1,0
18049,4,2,0
18049,5,0,0
18049,5,2,0
18049,6,1,0
18049,6,2,0
18049,7,0,0
18049,7,1,0
18049,7,2,0
18050,1,0,0
18050,2,1,0
18050,3,0,0
18050,3,1,0
18050,4,2,0
18050,5,0,0
18050,5,2,0
18050,6,1,0
18050,6,2,0
18050,7,0,0
18050,7,1,0
18050,7,2,0
18051,1,0,0
18051,2,1,0
18051,3,0,0
18051,3,1,0
18051,4,2,0
18051,5,0,0
18051,5,2,0
18051,6,1,0
18051,6,2,0
18051,7,0,0
18051,7,1,0
18051,7,2,0
18052,1,0,0
18052,2,1,0
18052,3,0,0
18052,3,1,0
18052,4,2,0
18052,5,0,0
18052,5,2,0
18052,6,1,0
18052,6,2,0
18052,7,0,0
18052,7,1,0
18052,7,2,0
18053,1,0,0
18053,2,1,0
18053,3,0,0
18053,3,1,0
18053,4,2,0
18053,5,0,0
18053,5,2,0
18053,6,1,0
18053,6,2,0
18053,7,0,0
18053,7,1,0
18053,7,2,0
18054,1,0,0
18054,2,1,0
18054,3,0,0
18054,3,1,0
18054,4,2,0
18054,5,0,0
18054,5,2,0
18054,6,1,0
18054,6,2,0
18054,7,0,0
18054,7,1,0
18054,7,2,0
18055,1,0,0
18055,2,1,0
18055,3,0,0
18055,3,1,0
18055,4,2,0
18055,5,0,0
18055,5,2,0
18055,6,1,0
18055,6,2,0
18055,7,0,0
18055,7,1,0
18055,7,2,0
18056,1,0,0
18056,2,1,0
18056,3,0,0
18056,3,1,0
18056,4,2,0
18056,5,0,0
18056,5,2,0
18056,6,1,0
18056,6,2,0
18056,7,0,0
18056,7,1,0
18056,7,2,0
18057,1,0,0
18057,2,1,0
18057,3,0,0
18057,3,1,0
18057,4,2,0
18057,5,0,0
18057,5,2,0
18057,6,1,0
18057,6,2,0
18057,7,0,0
18057,7,1,0
18057,7,2,0
18058,1,0,0
18058,2,1,0
18058,3,0,0
18058,3,1,0
18058,4,2,0
18058,5,0,0
18058,5,2,0
18058,6,1,0
18058,6,2,0
18058,7,0,0
18058,7,1,0
18058,7,2,0
18059,1,0,0
18059,2,1,0
18059,3,0,0
18059,3,1,0
18059,4,2,0
18059,5,0,0
18059,5,2,0
18059,6,1,0
18059,6,2,0
18059,7,0,0
18059,7,1,0
18059,7,2,0
18060,1,0,0
18060,2,1,0
18060,3,0,0
18060,3,1,0
18060,4,2,0
18060,5,0,0
18060,5,2,0
18060,6,1,0
18060,6,2,0
18060,7,0,0
18060,7,1,0
18060,7,2,0
18061,1,0,0
18061,2,1,0
18061,3,0,0
18061,3,1,0
18061,4,2,0
18061,5,0,0
18061,5,2,0
18061,6,1,0
18061,6,2,0
18061,7,0,0
18061,7,1,0
18061,7,2,0
18062,1,0,0
18062,2,1,0
18062,3,0,0
18062,3,1,0
18062,4,2,0
18062,5,0,0
18062,5,2,0
18062,6,1,0
18062,6,2,0
18062,7,0,0
18062,7,1,0
18062,7,2,0
18063,1,0,1
18063,2,1,0
18063,3,0,1
18063,3,1,0
18063,4,2,0
18063,5,0,1
18063,5,2,0
18063,6,1,0
18063,6,2,0
18063,7,0,1
18063,7,1,0
18063,7,2,0
18064,1,0,1
18064,2,1,0
18064,3,0,1
18064,3,1,0
18064,4,2,0
18064,5,0,1
18064,5,2,0
18064,6,1,0
18064,6,2,0
18064,7,0,1
18064,7,1,0
18064,7,2,0
18065,1,0,0
18065,2,1,0
18065,3,0,0
18065,3,1,0
18065,4,2,0
18065,5,0,0
18065,5,2,0
18065,6,1,0
18065,6,2,0
18065,7,0,0
18065,7,1,0
18065,7,2,0
18066,1,0,0
18066,2,1,0
18066,3,0,0
18066,3,1,0
18066,4,2,0
18066,5,0,0
18066,5,2,0
18066,6,1,0
18066,6,2,0
18066,7,0,0
18066,7,1,0
18066,7,2,0
18067,1,0,0
18067,2,1,0
18067,3,0,0
18067,3,1,0
18067,4,2,0
18067,5,0,0
18067,5,2,0
18067,6,1,0
18067,6,2,0
18067,7,0,0
18067,7,1,0
18067,7,2,0
18068,1,0,0
18068,2,1,0
18068,3,0,0
18068,3,1,0
18068,4,2,0
18068,5,0,0
18068,5,2,0
18068,6,1,0
18068,6,2,0
18068,7,0,0
18068,7,1,0
18068,7,2,0
18069,1,0,0
18069,2,1,0
18069,3,0,0
18069,3,1,0
18069,4,2,0
18069,5,0,0
18069,5,2,0
18069,6,1,0
18069,6,2,0
18069,7,0,0
18069,7,1,0
18069,7,2,0
18070,1,0,0
18070,2,1,0
18070,3,0,0
18070,3,1,0
18070,4,2,0
18070,5,0,0
18070,5,2,0
18070,6,1,0
18070,6,2,0
18070,7,0,0
18070,7,1,0
18070,7,2,0
18071,1,0,0
18071,2,1,0
18071,3,0,0
18071,3,1,0
18071,4,2,0
18071,5,0,0
18071,5,2,0
18071,6,1,0
18071,6,2,0
18071,7,0,0
18071,7,1,0
18071,7,2,0
18072,1,0,0
18072,2,1,0
18072,3,0,0
18072,3,1,0
18072,4,2,0
18072,5,0,0
18072,5,2,0
18072,6,1,0
18072,6,2,0
18072,7,0,0
18072,7,1,0
18072,7,2,0
18073,1,0,0
18073,2,1,0
18073,3,0,0
18073,3,1,0
18073,4,2,0
18073,5,0,0
18073,5,2,0
18073,6,1,0
18073,6,2,0
18073,7,0,0
18073,7,1,0
18073,7,2,0
18074,1,0,0
18074,2,1,0
18074,3,0,0
18074,3,1,0
18074,4,2,0
18074,5,0,0
18074,5,2,0
18074,6,1,0
18074,6,2,0
18074,7,0,0
18074,7,1,0
18074,7,2,0
18075,1,0,0
18075,2,1,0
18075,3,0,0
18075,3,1,0
18075,4,2,0
18075,5,0,0
18075,5,2,0
18075,6,1,0
18075,6,2,0
18075,7,0,0
18075,7,1,0
18075,7,2,0
18076,1,0,0
18076,2,1,0
18076,3,0,0
18076,3,1,0
18076,4,2,0
18076,5,0,0
18076,5,2,0
18076,6,1,0
18076,6,2,0
18076,7,0,0
18076,7,1,0
18076,7,2,0
18077,1,0,0
18077,2,1,0
18077,3,0,0
18077,3,1,0
18077,4,2,0
18077,5,0,0
18077,5,2,0
18077,6,1,0
18077,6,2,0
18077,7,0,0
18077,7,1,0
18077,7,2,0
18078,1,0,0
18078,2,1,0
18078,3,0,0
18078,3,1,0
18078,4,2,0
18078,5,0,0
18078,5,2,0
18078,6,1,0
18078,6,2,0
18078,7,0,0
18078,7,1,0
18078,7,2,0
18079,1,0,0
18079,2,1,0
18079,3,0,0
18079,3,1,0
18079,4,2,0
18079,5,0,0
18079,5,2,0
18079,6,1,0
18079,6,2,0
18079,7,0,0
18079,7,1,0
18079,7,2,0
18080,1,0,0
18080,2,1,0
18080,3,0,0
18080,3,1,0
18080,4,2,0
18080,5,0,0
18080,5,2,0
18080,6,1,0
18080,6,2,0
18080,7,0,0
18080,7,1,0
18080,7,2,0
18081,1,0,0
18081,2,1,0
18081,3,0,0
18081,3,1,0
18081,4,2,0
18081,5,0,0
18081,5,2,0
18081,6,1,0
18081,6,2,0
18081,7,0,0
18081,7,1,0
18081,7,2,0
18082,1,0,0
18082,2,1,0
18082,3,0,0
18082,3,1,0
18082,4,2,0
18082,5,0,0
18082,5,2,0
18082,6,1,0
18082,6,2,0
18082,7,0,0
18082,7,1,0
18082,7,2,0
18083,1,0,0
18083,2,1,0
18083,3,0,0
18083,3,1,0
18083,4,2,0
18083,5,0,0
18083,5,2,0
18083,6,1,0
18083,6,2,0
18083,7,0,0
18083,7,1,0
18083,7,2,0
18084,1,0,0
18084,2,1,0
18084,3,0,0
18084,3,1,0
18084,4,2,0
18084,5,0,0
18084,5,2,0
18084,6,1,0
18084,6,2,0
18084,7,0,0
18084,7,1,0
18084,7,2,0
18085,1,0,0
18085,2,1,0
18085,3,0,0
18085,3,1,0
18085,4,2,0
18085,5,0,0
18085,5,2,0
18085,6,1,0
18085,6,2,0
18085,7,0,0
18085,7,1,0
18085,7,2,0
18086,1,0,0
18086,2,1,0
18086,3,0,0
18086,3,1,0
18086,4,2,0
18086,5,0,0
18086,5,2,0
18086,6,1,0
18086,6,2,0
18086,7,0,0
18086,7,1,0
18086,7,2,0
18087,1,0,0
18087,2,1,0
18087,3,0,0
18087,3,1,0
18087,4,2,0
18087,5,0,0
18087,5,2,0
18087,6,1,0
18087,6,2,0
18087,7,0,0
18087,7,1,0
18087,7,2,0
18088,1,0,0
18088,2,1,0
18088,3,0,0
18088,3,1,0
18088,4,2,0
18088,5,0,0
18088,5,2,0
18088,6,1,0
18088,6,2,0
18088,7,0,0
18088,7,1,0
18088,7,2,0
18089,1,0,0
18089,2,1,0
18089,3,0,0
18089,3,1,0
18089,4,2,0
18089,5,0,0
18089,5,2,0
18089,6,1,0
18089,6,2,0
18089,7,0,0
18089,7,1,0
18089,7,2,0
18090,1,0,1
18090,2,1,0
18090,3,0,1
18090,3,1,0
18090,4,2,0
18090,5,0,1
18090,5,2,0
18090,6,1,0
18090,6,2,0
18090,7,0,1
18090,7,1,0
18090,7,2,0
18091,1,0,1
18091,2,1,0
18091,3,0,1
18091,3,1,0
18091,4,2,0
18091,5,0,1
18091,5,2,0
18091,6,1,0
18091,6,2,0
18091,7,0,1
18091,7,1,0
18091,7,2,0
18092,1,0,0
18092,2,1,0
18092,3,0,0
18092,3,1,0
18092,4,2,0
18092,5,0,0
18092,5,2,0
18092,6,1,0
18092,6,2,0
18092,7,0,0
18092,7,1,0
18092,7,2,0
18093,1,0,0
18093,2,1,0
18093,3,0,0
18093,3,1,0
18093,4,2,0
18093,5,0,0
18093,5,2,0
18093,6,1,0
18093,6,2,0
18093,7,0,0
18093,7,1,0
18093,7,2,0
18094,1,0,0
18094,2,1,0
18094,3,0,0
18094,3,1,0
18094,4,2,0
18094,5,0,0
18094,5,2,0
18094,6,1,0
18094,6,2,0
18094,7,0,0
18094,7,1,0
18094,7,2,0
18095,1,0,0
18095,2,1,0
18095,3,0,0
18095,3,1,0
18095,4,2,0
18095,5,0,0
18095,5,2,0
18095,6,1,0
18095,6,2,0
18095,7,0,0
18095,7,1,0
18095,7,2,0
18096,1,0,0
18096,2,1,0
18096,3,0,0
18096,3,1,0
18096,4,2,0
18096,5,0,0
18096,5,2,0
18096,6,1,0
18096,6,2,0
18096,7,0,0
18096,7,1,0
18096,7,2,0
18097,1,0,0
18097,2,1,0
18097,3,0,0
18097,3,1,0
18097,4,2,0
18097,5,0,0
18097,5,2,0
18097,6,1,0
18097,6,2,0
18097,7,0,0
18097,7,1,0
18097,7,2,0
18098,1,0,0
18098,2,1,0
18098,3,0,0
18098,3,1,0
18098,4,2,0
18098,5,0,0
18098,5,2,0
18098,6,1,0
18098,6,2,0
18098,7,0,0
18098,7,1,0
18098,7,2,0
18099,1,0,0
18099,2,1,0
18099,3,0,0
18099,3,1,0
18099,4,2,0
18099,5,0,0
18099,5,2,0
18099,6,1,0
18099,6,2,0
18099,7,0,0
18099,7,1,0
18099,7,2,0
18100,1,0,0
18100,2,1,0
18100,3,0,0
18100,3,1,0
18100,4,2,0
18100,5,0,0
18100,5,2,0
18100,6,1,0
18100,6,2,0
18100,7,0,0
18100,7,1,0
18100,7,2,0
18101,1,0,0
18101,2,1,0
18101,3,0,0
18101,3,1,0
18101,4,2,0
18101,5,0,0
18101,5,2,0
18101,6,1,0
18101,6,2,0
18101,7,0,0
18101,7,1,0
18101,7,2,0
18102,1,0,0
18102,2,1,0
18102,3,0,0
18102,3,1,0
18102,4,2,0
18102,5,0,0
18102,5,2,0
18102,6,1,0
18102,6,2,0
18102,7,0,0
18102,7,1,0
18102,7,2,0
18103,1,0,0
18103,2,1,0
18103,3,0,0
18103,3,1,0
18103,4,2,0
18103,5,0,0
18103,5,2,0
18103,6,1,0
18103,6,2,0
18103,7,0,0
18103,7,1,0
18103,7,2,0
18104,1,0,0
18104,2,1,0
18104,3,0,0
18104,3,1,0
18104,4,2,0
18104,5,0,0
18104,5,2,0
18104,6,1,0
18104,6,2,0
18104,7,0,0
18104,7,1,0
18104,7,2,0
18105,1,0,0
18105,2,1,0
18105,3,0,0
18105,3,1,0
18105,4,2,0
18105,5,0,0
18105,5,2,0
18105,6,1,0
18105,6,2,0
18105,7,0,0
18105,7,1,0
18105,7,2,0
18106,1,0,0
18106,2,1,0
18106,3,0,0
18106,3,1,0
18106,4,2,0
18106,5,0,0
18106,5,2,0
18106,6,1,0
18106,6,2,0
18106,7,0,0
18106,7,1,0
18106,7,2,0
18107,1,0,0
18107,2,1,0
18107,3,0,0
18107,3,1,0
18107,4,2,0
18107,5,0,0
18107,5,2,0
18107,6,1,0
18107,6,2,0
18107,7,0,0
18107,7,1,0
18107,7,2,0
18108,1,0,0
18108,2,1,0
18108,3,0,0
18108,3,1,0
18108,4,2,0
18108,5,0,0
18108,5,2,0
18108,6,1,0
18108,6,2,0
18108,7,0,0
18108,7,1,0
18108,7,2,0
18109,1,0,0
18109,2,1,0
18109,3,0,0
18109,3,1,0
18109,4,2,0
18109,5,0,0
18109,5,2,0
18109,6,1,0
18109,6,2,0
18109,7,0,0
18109,7,1,0
18109,7,2,0
18110,1,0,0
18110,2,1,0
18110,3,0,0
18110,3,1,0
18110,4,2,0
18110,5,0,0
18110,5,2,0
18110,6,1,0
18110,6,2,0
18110,7,0,0
18110,7,1,0
18110,7,2,0
18111,1,0,0
18111,2,1,0
18111,3,0,0
18111,3,1,0
18111,4,2,0
18111,5,0,0
18111,5,2,0
18111,6,1,0
18111,6,2,0
18111,7,0,0
18111,7,1,0
18111,7,2,0
18112,1,0,0
18112,2,1,0
18112,3,0,0
18112,3,1,0
18112,4,2,0
18112,5,0,0
18112,5,2,0
18112,6,1,0
18112,6,2,0
18112,7,0,0
18112,7,1,0
18112,7,2,0
18113,1,0,0
18113,2,1,0
18113,3,0,0
18113,3,1,0
18113,4,2,0
18113,5,0,0
18113,5,2,0
18113,6,1,0
18113,6,2,0
18113,7,0,0
18113,7,1,0
18113,7,2,0
18114,1,0,0
18114,2,1,0
18114,3,0,0
18114,3,1,0
18114,4,2,0
18114,5,0,0
18114,5,2,0
18114,6,1,0
18114,6,2,0
18114,7,0,0
18114,7,1,0
18114,7,2,0
18115,1,0,0
18115,2,1,0
18115,3,0,0
18115,3,1,0
18115,4,2,0
18115,5,0,0
18115,5,2,0
18115,6,1,0
18115,6,2,0
18115,7,0,0
18115,7,1,0
18115,7,2,0
18116,1,0,0
18116,2,1,0
18116,3,0,0
18116,3,1,0
18116,4,2,0
18116,5,0,0
18116,5,2,0
18116,6,1,0
18116,6,2,0
18116,7,0,0
18116,7,1,0
18116,7,2,0
18117,1,0,1
18117,2,1,0
18117,3,0,1
18117,3,1,0
18117,4,2,0
18117,5,0,1
18117,5,2,0
18117,6,1,0
18117,6,2,0
18117,7,0,1
18117,7,1,0
18117,7,2,0
18118,1,0,1
18118,2,1,0
18118,3,0,1
18118,3,1,0
18118,4,2,0
18118,5,0,1
18118,5,2,0
18118,6,1,0
18118,6,2,0
18118,7,0,1
18118,7,1,0
18118,7,2,0
18119,1,0,0
18119,2,1,0
18119,3,0,0
18119,3,1,0
18119,4,2,0
18119,5,0,0
18119,5,2,0
18119,6,1,0
18119,6,2,0
18119,7,0,0
18119,7,1,0
18119,7,2,0
18120,1,0,0
18120,2,1,0
18120,3,0,0
18120,3,1,0
18120,4,2,0
18120,5,0,0
18120,5,2,0
18120,6,1,0
18120,6,2,0
18120,7,0,0
18120,7,1,0
18120,7,2,0
18121,1,0,0
18121,2,1,0
18121,3,0,0
18121,3,1,0
18121,4,2,0
18121,5,0,0
18121,5,2,0
18121,6,1,0
18121,6,2,0
18121,7,0,0
18121,7,1,0
18121,7,2,0
18122,1,0,0
18122,2,1,0
18122,3,0,0
18122,3,1,0
18122,4,2,0
18122,5,0,0
18122,5,2,0
18122,6,1,0
18122,6,2,0
18122,7,0,0
18122,7,1,0
18122,7,2,0
18123,1,0,0
18123,2,1,0
18123,3,0,0
18123,3,1,0
18123,4,2,0
18123,5,0,0
18123,5,2,0
18123,6,1,0
18123,6,2,0
18123,7,0,0
18123,7,1,0
18123,7,2,0
18124,1,0,0
18124,2,1,0
18124,3,0,0
18124,3,1,0
18124,4,2,0
18124,5,0,0
18124,5,2,0
18124,6,1,0
18124,6,2,0
18124,7,0,0
18124,7,1,0
18124,7,2,0
18125,1,0,0
18125,2,1,0
18125,3,0,0
18125,3,1,0
18125,4,2,0
18125,5,0,0
18125,5,2,0
18125,6,1,0
18125,6,2,0
18125,7,0,0
18125,7,1,0
18125,7,2,0
18126,1,0,0
18126,2,1,0
18126,3,0,0
18126,3,1,0
18126,4,2,0
18126,5,0,0
18126,5,2,0
18126,6,1,0
18126,6,2,0
18126,7,0,0
18126,7,1,0
18126,7,2,0
18127,1,0,0
18127,2,1,0
18127,3,0,0
18127,3,1,0
18127,4,2,0
18127,5,0,0
18127,5,2,0
18127,6,1,0
18127,6,2,0
18127,7,0,0
18127,7,1,0
18127,7,2,0
18128,1,0,0
18128,2,1,0
18128,3,0,0
18128,3,1,0
18128,4,2,0
18128,5,0,0
18128,5,2,0
18128,6,1,0
18128,6,2,0
18128,7,0,0
18128,7,1,0
18128,7,2,0
18129,1,0,0
18129,2,1,0
18129,3,0,0
18129,3,1,0
18129,4,2,0
18129,5,0,0
18129,5,2,0
18129,6,1,0
18129,6,2,0
18129,7,0,0
18129,7,1,0
18129,7,2,0
18130,1,0,0
18130,2,1,0
18130,3,0,0
18130,3,1,0
18130,4,2,0
18130,5,0,0
18130,5,2,0
18130,6,1,0
18130,6,2,0
18130,7,0,0
18130,7,1,0
18130,7,2,0
18131,1,0,0
18131,2,1,0
18131,3,0,0
18131,3,1,0
18131,4,2,0
18131,5,0,0
18131,5,2,0
18131,6,1,0
18131,6,2,0
18131,7,0,0
18131,7,1,0
18131,7,2,0
18132,1,0,0
18132,2,1,0
18132,3,0,0
18132,3,1,0
18132,4,2,0
18132,5,0,0
18132,5,2,0
18132,6,1,0
18132,6,2,0
18132,7,0,0
18132,7,1,0
18132,7,2,0
18133,1,0,0
18133,2,1,0
18133,3,0,0
18133,3,1,0
18133,4,2,0
18133,5,0,0
18133,5,2,0
18133,6,1,0
18133,6,2,0
18133,7,0,0
18133,7,1,0
18133,7,2,0
18134,1,0,0
18134,2,1,0
18134,3,0,0
18134,3,1,0
18134,4,2,0
18134,5,0,0
18134,5,2,0
18134,6,1,0
18134,6,2,0
18134,7,0,0
18134,7,1,0
18134,7,2,0
18135,1,0,0
18135,2,1,0
18135,3,0,0
18135,3,1,0
18135,4,2,0
18135,5,0,0
18135,5,2,0
18135,6,1,0
18135,6,2,0
18135,7,0,0
18135,7,1,0
18135,7,2,0
18136,1,0,0
18136,2,1,0
18136,3,0,0
18136,3,1,0
18136,4,2,0
18136,5,0,0
18136,5,2,0
18136,6,1,0
18136,6,2,0
18136,7,0,0
18136,7,1,0
18136,7,2,0
18137,1,0,0
18137,2,1,0
18137,3,0,0
18137,3,1,0
18137,4,2,0
18137,5,0,0
18137,5,2,0
18137,6,1,0
18137,6,2,0
18137,7,0,0
18137,7,1,0
18137,7,2,0
18138,1,0,0
18138,2,1,0
18138,3,0,0
18138,3,1,0
18138,4,2,0
18138,5,0,0
18138,5,2,0
18138,6,1,0
18138,6,2,0
18138,7,0,0
18138,7,1,0
18138,7,2,0
18139,1,0,0
18139,2,1,0
18139,3,0,0
18139,3,1,0
18139,4,2,0
18139,5,0,0
18139,5,2,0
18139,6,1,0
18139,6,2,0
18139,7,0,0
18139,7,1,0
18139,7,2,0
18140,1,0,0
18140,2,1,0
18140,3,0,0
18140,3,1,0
18140,4,2,0
18140,5,0,0
18140,5,2,0
18140,6,1,0
18140,6,2,0
18140,7,0,0
18140,7,1,0
18140,7,2,0
18141,1,0,0
18141,2,1,0
18141,3,0,0
18141,3,1,0
18141,4,2,0
18141,5,0,0
18141,5,2,0
18141,6,1,0
18141,6,2,0
18141,7,0,0
18141,7,1,0
18141,7,2,0
18142,1,0,0
18142,2,1,0
18142,3,0,0
18142,3,1,0
18142,4,2,0
18142,5,0,0
18142,5,2,0
18142,6,1,0
18142,6,2,0
18142,7,0,0
18142,7,1,0
18142,7,2,0
18143,1,0,0
18143,2,1,0
18143,3,0,0
18143,3,1,0
18143,4,2,0
18143,5,0,0
18143,5,2,0
18143,6,1,0
18143,6,2,0
18143,7,0,0
18143,7,1,0
18143,7,2,0
18144,1,0,1
18144,2,1,0
18144,3,0,1
18144,3,1,0
18144,4,2,0
18144,5,0,1
18144,5,2,0
18144,6,1,0
18144,6,2,0
18144,7,0,1
18144,7,1,0
18144,7,2,0
18145,1,0,1
18145,2,1,0
18145,3,0,1
18145,3,1,0
18145,4,2,0
18145,5,0,1
18145,5,2,0
18145,6,1,0
18145,6,2,0
18145,7,0,1
18145,7,1,0
18145,7,2,0
18146,1,0,0
18146,2,1,0
18146,3,0,0
18146,3,1,0
18146,4,2,0
18146,5,0,0
18146,5,2,0
18146,6,1,0
18146,6,2,0
18146,7,0,0
18146,7,1,0
18146,7,2,0
18147,1,0,0
18147,2,1,0
18147,3,0,0
18147,3,1,0
18147,4,2,0
18147,5,0,0
18147,5,2,0
18147,6,1,0
18147,6,2,0
18147,7,0,0
18147,7,1,0
18147,7,2,0
18148,1,0,0
18148,2,1,0
18148,3,0,0
18148,3,1,0
18148,4,2,0
18148,5,0,0
18148,5,2,0
18148,6,1,0
18148,6,2,0
18148,7,0,0
18148,7,1,0
18148,7,2,0
18149,1,0,0
18149,2,1,0
18149,3,0,0
18149,3,1,0
18149,4,2,0
18149,5,0,0
18149,5,2,0
18149,6,1,0
18149,6,2,0
18149,7,0,0
18149,7,1,0
18149,7,2,0
18150,1,0,0
18150,2,1,0
18150,3,0,0
18150,3,1,0
18150,4,2,0
18150,5,0,0
18150,5,2,0
18150,6,1,0
18150,6,2,0
18150,7,0,0
18150,7,1,0
18150,7,2,0
18151,1,0,0
18151,2,1,0
18151,3,0,0
18151,3,1,0
18151,4,2,0
18151,5,0,0
18151,5,2,0
18151,6,1,0
18151,6,2,0
18151,7,0,0
18151,7,1,0
18151,7,2,0
18152,1,0,0
18152,2,1,0
18152,3,0,0
18152,3,1,0
18152,4,2,0
18152,5,0,0
18152,5,2,0
18152,6,1,0
18152,6,2,0
18152,7,0,0
18152,7,1,0
18152,7,2,0
18153,1,0,0
18153,2,1,0
18153,3,0,0
18153,3,1,0
18153,4,2,0
18153,5,0,0
18153,5,2,0
18153,6,1,0
18153,6,2,0
18153,7,0,0
18153,7,1,0
18153,7,2,0
18154,1,0,0
18154,2,1,0
18154,3,0,0
18154,3,1,0
18154,4,2,0
18154,5,0,0
18154,5,2,0
18154,6,1,0
18154,6,2,0
18154,7,0,0
18154,7,1,0
18154,7,2,0
18155,1,0,0
18155,2,1,0
18155,3,0,0
18155,3,1,0
18155,4,2,0
18155,5,0,0
18155,5,2,0
18155,6,1,0
18155,6,2,0
18155,7,0,0
18155,7,1,0
18155,7,2,0
18156,1,0,0
18156,2,1,0
18156,3,0,0
18156,3,1,0
18156,4,2,0
18156,5,0,0
18156,5,2,0
18156,6,1,0
18156,6,2,0
18156,7,0,0
18156,7,1,0
18156,7,2,0
18157,1,0,0
18157,2,1,0
18157,3,0,0
18157,3,1,0
18157,4,2,0
18157,5,0,0
18157,5,2,0
18157,6,1,0
18157,6,2,0
18157,7,0,0
18157,7,1,0
18157,7,2,0
18158,1,0,0
18158,2,1,0
18158,3,0,0
18158,3,1,0
18158,4,2,0
18158,5,0,0
18158,5,2,0
18158,6,1,0
18158,6,2,0
18158,7,0,0
18158,7,1,0
18158,7,2,0
18159,1,0,0
18159,2,1,0
18159,3,0,0
18159,3,1,0
18159,4,2,0
18159,5,0,0
18159,5,2,0
18159,6,1,0
18159,6,2,0
18159,7,0,0
18159,7,1,0
18159,7,2,0
18160,1,0,0
18160,2,1,0
18160,3,0,0
18160,3,1,0
18160,4,2,0
18160,5,0,0
18160,5,2,0
18160,6,1,0
18160,6,2,0
18160,7,0,0
18160,7,1,0
18160,7,2,0
18161,1,0,0
18161,2,1,0
18161,3,0,0
18161,3,1,0
18161,4,2,0
18161,5,0,0
18161,5,2,0
18161,6,1,0
18161,6,2,0
18161,7,0,0
18161,7,1,0
18161,7,2,0
18162,1,0,0
18162,2,1,0
18162,3,0,0
18162,3,1,0
18162,4,2,0
18162,5,0,0
18162,5,2,0
18162,6,1,0
18162,6,2,0
18162,7,0,0
18162,7,1,0
18162,7,2,0
18163,1,0,0
18163,2,1,0
18163,3,0,0
18163,3,1,0
18163,4,2,0
18163,5,0,0
18163,5,2,0
18163,6,1,0
18163,6,2,0
18163,7,0,0
18163,7,1,0
18163,7,2,0
18164,1,0,0
18164,2,1,0
18164,3,0,0
18164,3,1,0
18164,4,2,0
18164,5,0,0
18164,5,2,0
18164,6,1,0
18164,6,2,0
18164,7,0,0
18164,7,1,0
18164,7,2,0
18165,1,0,0
18165,2,1,0
18165,3,0,0
18165,3,1,0
18165,4,2,0
18165,5,0,0
18165,5,2,0
18165,6,1,0
18165,6,2,0
18165,7,0,0
18165,7,1,0
18165,7,2,0
18166,1,0,0
18166,2,1,0
18166,3,0,0
18166,3,1,0
18166,4,2,0
18166,5,0,0
18166,5,2,0
18166,6,1,0
18166,6,2,0
18166,7,0,0
18166,7,1,0
18166,7,2,0
18167,1,0,0
18167,2,1,0
18167,3,0,0
18167,3,1,0
18167,4,2,0
18167,5,0,0
18167,5,2,0
18167,6,1,0
18167,6,2,0
18167,7,0,0
18167,7,1,0
18167,7,2,0
18168,1,0,0
18168,2,1,0
18168,3,0,0
18168,3,1,0
18168,4,2,0
18168,5,0,0
18168,5,2,0
18168,6,1,0
18168,6,2,0
18168,7,0,0
18168,7,1,0
18168,7,2,0
18169,1,0,0
18169,2,1,0
18169,3,0,0
18169,3,1,0
18169,4,2,0
18169,5,0,0
18169,5,2,0
18169,6,1,0
18169,6,2,0
18169,7,0,0
18169,7,1,0
18169,7,2,0
18170,1,0,0
18170,2,1,0
18170,3,0,0
18170,3,1,0
18170,4,2,0
18170,5,0,0
18170,5,2,0
18170,6,1,0
18170,6,2,0
18170,7,0,0
18170,7,1,0
18170,7,2,0
18171,1,0,1
18171,2,1,0
18171,3,0,1
18171,3,1,0
18171,4,2,0
18171,5,0,1
18171,5,2,0
18171,6,1,0
18171,6,2,0
18171,7,0,1
18171,7,1,0
18171,7,2,0
18172,1,0,1
18172,2,1,0
18172,3,0,1
18172,3,1,0
18172,4,2,0
18172,5,0,1
18172,5,2,0
18172,6,1,0
18172,6,2,0
18172,7,0,1
18172,7,1,0
18172,7,2,0
18173,1,0,0
18173,2,1,0
18173,3,0,0
18173,3,1,0
18173,4,2,0
18173,5,0,0
18173,5,2,0
18173,6,1,0
18173,6,2,0
18173,7,0,0
18173,7,1,0
18173,7,2,0
18174,1,0,0
18174,2,1,0
18174,3,0,0
18174,3,1,0
18174,4,2,0
18174,5,0,0
18174,5,2,0
18174,6,1,0
18174,6,2,0
18174,7,0,0
18174,7,1,0
18174,7,2,0
18175,1,0,0
18175,2,1,0
18175,3,0,0
18175,3,1,0
18175,4,2,0
18175,5,0,0
18175,5,2,0
18175,6,1,0
18175,6,2,0
18175,7,0,0
18175,7,1,0
18175,7,2,0
18176,1,0,0
18176,2,1,0
18176,3,0,0
18176,3,1,0
18176,4,2,0
18176,5,0,0
18176,5,2,0
18176,6,1,0
18176,6,2,0
18176,7,0,0
18176,7,1,0
18176,7,2,0
18177,1,0,0
18177,2,1,0
18177,3,0,0
18177,3,1,0
18177,4,2,0
18177,5,0,0
18177,5,2,0
18177,6,1,0
18177,6,2,0
18177,7,0,0
18177,7,1,0
18177,7,2,0
18178,1,0,0
18178,2,1,0
18178,3,0,0
18178,3,1,0
18178,4,2,0
18178,5,0,0
18178,5,2,0
18178,6,1,0
18178,6,2,0
18178,7,0,0
18178,7,1,0
18178,7,2,0
18179,1,0,0
18179,2,1,0
18179,3,0,0
18179,3,1,0
18179,4,2,0
18179,5,0,0
18179,5,2,0
18179,6,1,0
18179,6,2,0
18179,7,0,0
18179,7,1,0
18179,7,2,0
18180,1,0,0
18180,2,1,0
18180,3,0,0
18180,3,1,0
18180,4,2,0
18180,5,0,0
18180,5,2,0
18180,6,1,0
18180,6,2,0
18180,7,0,0
18180,7,1,0
18180,7,2,0
18181,1,0,0
18181,2,1,0
18181,3,0,0
18181,3,1,0
18181,4,2,0
18181,5,0,0
18181,5,2,0
18181,6,1,0
18181,6,2,0
18181,7,0,0
18181,7,1,0
18181,7,2,0
18182,1,0,0
18182,2,1,0
18182,3,0,0
18182,3,1,0
18182,4,2,0
18182,5,0,0
18182,5,2,0
18182,6,1,0
18182,6,2,0
18182,7,0,0
18182,7,1,0
18182,7,2,0
18183,1,0,0
18183,2,1,0
18183,3,0,0
18183,3,1,0
18183,4,2,0
18183,5,0,0
18183,5,2,0
18183,6,1,0
18183,6,2,0
18183,7,0,0
18183,7,1,0
18183,7,2,0
18184,1,0,0
18184,2,1,0
18184,3,0,0
18184,3,1,0
18184,4,2,0
18184,5,0,0
18184,5,2,0
18184,6,1,0
18184,6,2,0
18184,7,0,0
18184,7,1,0
18184,7,2,0
18185,1,0,0
18185,2,1,0
18185,3,0,0
18185,3,1,0
18185,4,2,0
18185,5,0,0
18185,5,2,0
18185,6,1,0
18185,6,2,0
18185,7,0,0
18185,7,1,0
18185,7,2,0
18186,1,0,0
18186,2,1,0
18186,3,0,0
18186,3,1,0
18186,4,2,0
18186,5,0,0
18186,5,2,0
18186,6,1,0
18186,6,2,0
18186,7,0,0
18186,7,1,0
18186,7,2,0
18187,1,0,0
18187,2,1,0
18187,3,0,0
18187,3,1,0
18187,4,2,0
18187,5,0,0
18187,5,2,0
18187,6,1,0
18187,6,2,0
18187,7,0,0
18187,7,1,0
18187,7,2,0
18188,1,0,0
18188,2,1,0
18188,3,0,0
18188,3,1,0
18188,4,2,0
18188,5,0,0
18188,5,2,0
18188,6,1,0
18188,6,2,0
18188,7,0,0
18188,7,1,0
18188,7,2,0
18189,1,0,0
18189,2,1,0
18189,3,0,0
18189,3,1,0
18189,4,2,0
18189,5,0,0
18189,5,2,0
18189,6,1,0
18189,6,2,0
18189,7,0,0
18189,7,1,0
18189,7,2,0
18190,1,0,0
18190,2,1,0
18190,3,0,0
18190,3,1,0
18190,4,2,0
18190,5,0,0
18190,5,2,0
18190,6,1,0
18190,6,2,0
18190,7,0,0
18190,7,1,0
18190,7,2,0
18191,1,0,0
18191,2,1,0
18191,3,0,0
18191,3,1,0
18191,4,2,0
18191,5,0,0
18191,5,2,0
18191,6,1,0
18191,6,2,0
18191,7,0,0
18191,7,1,0
18191,7,2,0
18192,1,0,0
18192,2,1,0
18192,3,0,0
18192,3,1,0
18192,4,2,0
18192,5,0,0
18192,5,2,0
18192,6,1,0
18192,6,2,0
18192,7,0,0
18192,7,1,0
18192,7,2,0
18193,1,0,0
18193,2,1,0
18193,3,0,0
18193,3,1,0
18193,4,2,0
18193,5,0,0
18193,5,2,0
18193,6,1,0
18193,6,2,0
18193,7,0,0
18193,7,1,0
18193,7,2,0
18194,1,0,0
18194,2,1,0
18194,3,0,0
18194,3,1,0
18194,4,2,0
18194,5,0,0
18194,5,2,0
18194,6,1,0
18194,6,2,0
18194,7,0,0
18194,7,1,0
18194,7,2,0
18195,1,0,0
18195,2,1,0
18195,3,0,0
18195,3,1,0
18195,4,2,0
18195,5,0,0
18195,5,2,0
18195,6,1,0
18195,6,2,0
18195,7,0,0
18195,7,1,0
18195,7,2,0
18196,1,0,0
18196,2,1,0
18196,3,0,0
18196,3,1,0
18196,4,2,0
18196,5,0,0
18196,5,2,0
18196,6,1,0
18196,6,2,0
18196,7,0,0
18196,7,1,0
18196,7,2,0
18197,1,0,0
18197,2,1,0
18197,3,0,0
18197,3,1,0
18197,4,2,0
18197,5,0,0
18197,5,2,0
18197,6,1,0
18197,6,2,0
18197,7,0,0
18197,7,1,0
18197,7,2,0
18198,1,0,1
18198,2,1,0
18198,3,0,1
18198,3,1,0
18198,4,2,0
18198,5,0,1
18198,5,2,0
18198,6,1,0
18198,6,2,0
18198,7,0,1
18198,7,1,0
18198,7,2,0
18199,1,0,1
18199,2,1,0
18199,3,0,1
18199,3,1,0
18199,4,2,0
18199,5,0,1
18199,5,2,0
18199,6,1,0
18199,6,2,0
18199,7,0,1
18199,7,1,0
18199,7,2,0
18200,1,0,0
18200,2,1,0
18200,3,0,0
18200,3,1,0
18200,4,2,0
18200,5,0,0
18200,5,2,0
18200,6,1,0
18200,6,2,0
18200,7,0,0
18200,7,1,0
18200,7,2,0
18201,1,0,0
18201,2,1,0
18201,3,0,0
18201,3,1,0
18201,4,2,0
18201,5,0,0
18201,5,2,0
18201,6,1,0
18201,6,2,0
18201,7,0,0
18201,7,1,0
18201,7,2,0
18202,1,0,0
18202,2,1,0
18202,3,0,0
18202,3,1,0
18202,4,2,0
18202,5,0,0
18202,5,2,0
18202,6,1,0
18202,6,2,0
18202,7,0,0
18202,7,1,0
18202,7,2,0
18203,1,0,0
18203,2,1,0
18203,3,0,0
18203,3,1,0
18203,4,2,0
18203,5,0,0
18203,5,2,0
18203,6,1,0
18203,6,2,0
18203,7,0,0
18203,7,1,0
18203,7,2,0
18204,1,0,0
18204,2,1,0
18204,3,0,0
18204,3,1,0
18204,4,2,0
18204,5,0,0
18204,5,2,0
18204,6,1,0
18204,6,2,0
18204,7,0,0
18204,7,1,0
18204,7,2,0
18205,1,0,0
18205,2,1,0
18205,3,0,0
18205,3,1,0
18205,4,2,0
18205,5,0,0
18205,5,2,0
18205,6,1,0
18205,6,2,0
18205,7,0,0
18205,7,1,0
18205,7,2,0
18206,1,0,0
18206,2,1,0
18206,3,0,0
18206,3,1,0
18206,4,2,0
18206,5,0,0
18206,5,2,0
18206,6,1,0
18206,6,2,0
18206,7,0,0
18206,7,1,0
18206,7,2,0
18207,1,0,0
18207,2,1,0
18207,3,0,0
18207,3,1,0
18207,4,2,0
18207,5,0,0
18207,5,2,0
18207,6,1,0
18207,6,2,0
18207,7,0,0
18207,7,1,0
18207,7,2,0
18208,1,0,0
18208,2,1,0
18208,3,0,0
18208,3,1,0
18208,4,2,0
18208,5,0,0
18208,5,2,0
18208,6,1,0
18208,6,2,0
18208,7,0,0
18208,7,1,0
18208,7,2,0
18209,1,0,0
18209,2,1,0
18209,3,0,0
18209,3,1,0
18209,4,2,0
18209,5,0,0
18209,5,2,0
18209,6,1,0
18209,6,2,0
18209,7,0,0
18209,7,1,0
18209,7,2,0
18210,1,0,0
18210,2,1,0
18210,3,0,0
18210,3,1,0
18210,4,2,0
18210,5,0,0
18210,5,2,0
18210,6,1,0
18210,6,2,0
18210,7,0,0
18210,7,1,0
18210,7,2,0
18211,1,0,0
18211,2,1,0
18211,3,0,0
18211,3,1,0
18211,4,2,0
18211,5,0,0
18211,5,2,0
18211,6,1,0
18211,6,2,0
18211,7,0,0
18211,7,1,0
18211,7,2,0
18212,1,0,0
18212,2,1,0
18212,3,0,0
18212,3,1,0
18212,4,2,0
18212,5,0,0
18212,5,2,0
18212,6,1,0
18212,6,2,0
18212,7,0,0
18212,7,1,0
18212,7,2,0
18213,1,0,0
18213,2,1,0
18213,3,0,0
18213,3,1,0
18213,4,2,0
18213,5,0,0
18213,5,2,0
18213,6,1,0
18213,6,2,0
18213,7,0,0
18213,7,1,0
18213,7,2,0
18214,1,0,0
18214,2,1,0
18214,3,0,0
18214,3,1,0
18214,4,2,0
18214,5,0,0
18214,5,2,0
18214,6,1,0
18214,6,2,0
18214,7,0,0
18214,7,1,0
18214,7,2,0
18215,1,0,0
18215,2,1,0
18215,3,0,0
18215,3,1,0
18215,4,2,0
18215,5,0,0
18215,5,2,0
18215,6,1,0
18215,6,2,0
18215,7,0,0
18215,7,1,0
18215,7,2,0
18216,1,0,0
18216,2,1,0
18216,3,0,0
18216,3,1,0
18216,4,2,0
18216,5,0,0
18216,5,2,0
18216,6,1,0
18216,6,2,0
18216,7,0,0
18216,7,1,0
18216,7,2,0
18217,1,0,0
18217,2,1,0
18217,3,0,0
18217,3,1,0
18217,4,2,0
18217,5,0,0
18217,5,2,0
18217,6,1,0
18217,6,2,0
18217,7,0,0
18217,7,1,0
18217,7,2,0
18218,1,0,0
18218,2,1,0
18218,3,0,0
18218,3,1,0
18218,4,2,0
18218,5,0,0
18218,5,2,0
18218,6,1,0
18218,6,2,0
18218,7,0,0
18218,7,1,0
18218,7,2,0
18219,1,0,0
18219,2,1,0
18219,3,0,0
18219,3,1,0
18219,4,2,0
18219,5,0,0
18219,5,2,0
18219,6,1,0
18219,6,2,0
18219,7,0,0
18219,7,1,0
18219,7,2,0
18220,1,0,0
18220,2,1,0
18220,3,0,0
18220,3,1,0
18220,4,2,0
18220,5,0,0
18220,5,2,0
18220,6,1,0
18220,6,2,0
18220,7,0,0
18220,7,1,0
18220,7,2,0
18221,1,0,0
18221,2,1,0
18221,3,0,0
18221,3,1,0
18221,4,2,0
18221,5,0,0
18221,5,2,0
18221,6,1,0
18221,6,2,0
18221,7,0,0
18221,7,1,0
18221,7,2,0
18222,1,0,0
18222,2,1,0
18222,3,0,0
18222,3,1,0
18222,4,2,0
18222,5,0,0
18222,5,2,0
18222,6,1,0
18222,6,2,0
18222,7,0,0
18222,7,1,0
18222,7,2,0
18223,1,0,0
18223,2,1,0
18223,3,0,0
18223,3,1,0
18223,4,2,0
18223,5,0,0
18223,5,2,0
18223,6,1,0
18223,6,2,0
18223,7,0,0
18223,7,1,0
18223,7,2,0
18224,1,0,0
18224,2,1,0
18224,3,0,0
18224,3,1,0
18224,4,2,0
18224,5,0,0
18224,5,2,0
18224,6,1,0
18224,6,2,0
18224,7,0,0
18224,7,1,0
18224,7,2,0
18225,1,0,1
18225,2,1,1
18225,3,0,1
18225,3,1,1
18225,4,2,0
18225,5,0,1
18225,5,2,0
18225,6,1,1
18225,6,2,0
18225,7,0,1
18225,7,1,1
18225,7,2,0
18226,1,0,1
18226,2,1,1
18226,3,0,1
18226,3,1,1
18226,4,2,0
18226,5,0,1
18226,5,2,0
18226,6,1,1
18226,6,2,0
18226,7,0,1
18226,7,1,1
18226,7,2,0
18227,1,0,0
18227,2,1,1
18227,3,0,0
18227,3,1,1
18227,4,2,0
18227,5,0,0
18227,5,2,0
18227,6,1,1
18227,6,2,0
18227,7,0,0
18227,7,1,1
18227,7,2,0
18228,1,0,1
18228,2,1,1
18228,3,0,1
18228,3,1,1
18228,4,2,0
18228,5,0,1
18228,5,2,0
18228,6,1,1
18228,6,2,0
18228,7,0,1
18228,7,1,1
18228,7,2,0
18229,1,0,1
18229,2,1,1
18229,3,0,1
18229,3,1,1
18229,4,2,0
18229,5,0,1
18229,5,2,0
18229,6,1,1
18229,6,2,0
18229,7,0,1
18229,7,1,1
18229,7,2,0
18230,1,0,0
18230,2,1,1
18230,3,0,0
18230,3,1,1
18230,4,2,0
18230,5,0,0
18230,5,2,0
18230,6,1,1
18230,6,2,0
18230,7,0,0
18230,7,1,1
18230,7,2,0
18231,1,0,1
18231,2,1,1
18231,3,0,1
18231,3,1,1
18231,4,2,0
18231,5,0,1
18231,5,2,0
18231,6,1,1
18231,6,2,0
18231,7,0,1
18231,7,1,1
18231,7,2,0
18232,1,0,1
18232,2,1,1
18232,3,0,1
18232,3,1,1
18232,4,2,0
18232,5,0,1
18232,5,2,0
18232,6,1,1
18232,6,2,0
18232,7,0,1
18232,7,1,1
18232,7,2,0
18233,1,0,0
18233,2,1,1
18233,3,0,0
18233,3,1,1
18233,4,2,0
18233,5,0,0
18233,5,2,0
18233,6,1,1
18233,6,2,0
18233,7,0,0
18233,7,1,1
18233,7,2,0
18234,1,0,0
18234,2,1,1
18234,3,0,0
18234,3,1,1
18234,4,2,0
18234,5,0,0
18234,5,2,0
18234,6,1,1
18234,6,2,0
18234,7,0,0
18234,7,1,1
18234,7,2,0
18235,1,0,0
18235,2,1,1
18235,3,0,0
18235,3,1,1
18235,4,2,0
18235,5,0,0
18235,5,2,0
18235,6,1,1
18235,6,2,0
18235,7,0,0
18235,7,1,1
18235,7,2,0
18236,1,0,0
18236,2,1,1
18236,3,0,0
18236,3,1,1
18236,4,2,0
18236,5,0,0
18236,5,2,0
18236,6,1,1
18236,6,2,0
18236,7,0,0
18236,7,1,1
18236,7,2,0
18237,1,0,0
18237,2,1,1
18237,3,0,0
18237,3,1,1
18237,4,2,0
18237,5,0,0
18237,5,2,0
18237,6,1,1
18237,6,2,0
18237,7,0,0
18237,7,1,1
18237,7,2,0
18238,1,0,0
18238,2,1,1
18238,3,0,0
18238,3,1,1
18238,4,2,0
18238,5,0,0
18238,5,2,0
18238,6,1,1
18238,6,2,0
18238,7,0,0
18238,7,1,1
18238,7,2,0
18239,1,0,0
18239,2,1,1
18239,3,0,0
18239,3,1,1
18239,4,2,0
18239,5,0,0
18239,5,2,0
18239,6,1,1
18239,6,2,0
18239,7,0,0
18239,7,1,1
18239,7,2,0
18240,1,0,0
18240,2,1,1
18240,3,0,0
18240,3,1,1
18240,4,2,0
18240,5,0,0
18240,5,2,0
18240,6,1,1
18240,6,2,0
18240,7,0,0
18240,7,1,1
18240,7,2,0
18241,1,0,0
18241,2,1,1
18241,3,0,0
18241,3,1,1
18241,4,2,0
18241,5,0,0
18241,5,2,0
18241,6,1,1
18241,6,2,0
18241,7,0,0
18241,7,1,1
18241,7,2,0
18242,1,0,0
18242,2,1,1
18242,3,0,0
18242,3,1,1
18242,4,2,0
18242,5,0,0
18242,5,2,0
18242,6,1,1
18242,6,2,0
18242,7,0,0
18242,7,1,1
18242,7,2,0
18243,1,0,0
18243,2,1,1
18243,3,0,0
18243,3,1,1
18243,4,2,0
18243,5,0,0
18243,5,2,0
18243,6,1,1
18243,6,2,0
18243,7,0,0
18243,7,1,1
18243,7,2,0
18244,1,0,0
18244,2,1,1
18244,3,0,0
18244,3,1,1
18244,4,2,0
18244,5,0,0
18244,5,2,0
18244,6,1,1
18244,6,2,0
18244,7,0,0
18244,7,1,1
18244,7,2,0
18245,1,0,0
18245,2,1,1
18245,3,0,0
18245,3,1,1
18245,4,2,0
18245,5,0,0
18245,5,2,0
18245,6,1,1
18245,6,2,0
18245,7,0,0
18245,7,1,1
18245,7,2,0
18246,1,0,0
18246,2,1,1
18246,3,0,0
18246,3,1,1
18246,4,2,0
18246,5,0,0
18246,5,2,0
18246,6,1,1
18246,6,2,0
18246,7,0,0
18246,7,1,1
18246,7,2,0
18247,1,0,0
18247,2,1,1
18247,3,0,0
18247,3,1,1
18247,4,2,0
18247,5,0,0
18247,5,2,0
18247,6,1,1
18247,6,2,0
18247,7,0,0
18247,7,1,1
18247,7,2,0
18248,1,0,0
18248,2,1,1
18248,3,0,0
18248,3,1,1
18248,4,2,0
18248,5,0,0
18248,5,2,0
18248,6,1,1
18248,6,2,0
18248,7,0,0
18248,7,1,1
18248,7,2,0
18249,1,0,0
18249,2,1,1
18249,3,0,0
18249,3,1,1
18249,4,2,0
18249,5,0,0
18249,5,2,0
18249,6,1,1
18249,6,2,0
18249,7,0,0
18249,7,1,1
18249,7,2,0
18250,1,0,0
18250,2,1,1
18250,3,0,0
18250,3,1,1
18250,4,2,0
18250,5,0,0
18250,5,2,0
18250,6,1,1
18250,6,2,0
18250,7,0,0
18250,7,1,1
18250,7,2,0
18251,1,0,0
18251,2,1,1
18251,3,0,0
18251,3,1,1
18251,4,2,0
18251,5,0,0
18251,5,2,0
18251,6,1,1
18251,6,2,0
18251,7,0,0
18251,7,1,1
18251,7,2,0
18252,1,0,1
18252,2,1,1
18252,3,0,1
18252,3,1,1
18252,4,2,0
18252,5,0,1
18252,5,2,0
18252,6,1,1
18252,6,2,0
18252,7,0,1
18252,7,1,1
18252,7,2,0
18253,1,0,1
18253,2,1,1
18253,3,0,1
18253,3,1,1
18253,4,2,0
18253,5,0,1
18253,5,2,0
18253,6,1,1
18253,6,2,0
18253,7,0,1
18253,7,1,1
18253,7,2,0
18254,1,0,0
18254,2,1,0
18254,3,0,0
18254,3,1,0
18254,4,2,0
18254,5,0,0
18254,5,2,0
18254,6,1,0
18254,6,2,0
18254,7,0,0
18254,7,1,0
18254,7,2,0
18255,1,0,1
18255,2,1,1
18255,3,0,1
18255,3,1,1
18255,4,2,0
18255,5,0,1
18255,5,2,0
18255,6,1,1
18255,6,2,0
18255,7,0,1
18255,7,1,1
18255,7,2,0
18256,1,0,1
18256,2,1,1
18256,3,0,1
18256,3,1,1
18256,4,2,0
18256,5,0,1
18256,5,2,0
18256,6,1,1
18256,6,2,0
18256,7,0,1
18256,7,1,1
18256,7,2,0
18257,1,0,0
18257,2,1,0
18257,3,0,0
18257,3,1,0
18257,4,2,0
18257,5,0,0
18257,5,2,0
18257,6,1,0
18257,6,2,0
18257,7,0,0
18257,7,1,0
18257,7,2,0
18258,1,0,0
18258,2,1,0
18258,3,0,0
18258,3,1,0
18258,4,2,0
18258,5,0,0
18258,5,2,0
18258,6,1,0
18258,6,2,0
18258,7,0,0
18258,7,1,0
18258,7,2,0
18259,1,0,0
18259,2,1,0
18259,3,0,0
18259,3,1,0
18259,4,2,0
18259,5,0,0
18259,5,2,0
18259,6,1,0
18259,6,2,0
18259,7,0,0
18259,7,1,0
18259,7,2,0
18260,1,0,0
18260,2,1,0
18260,3,0,0
18260,3,1,0
18260,4,2,0
18260,5,0,0
18260,5,2,0
18260,6,1,0
18260,6,2,0
18260,7,0,0
18260,7,1,0
18260,7,2,0
18261,1,0,0
18261,2,1,0
18261,3,0,0
18261,3,1,0
18261,4,2,0
18261,5,0,0
18261,5,2,0
18261,6,1,0
18261,6,2,0
18261,7,0,0
18261,7,1,0
18261,7,2,0
18262,1,0,0
18262,2,1,0
18262,3,0,0
18262,3,1,0
18262,4,2,0
18262,5,0,0
18262,5,2,0
18262,6,1,0
18262,6,2,0
18262,7,0,0
18262,7,1,0
18262,7,2,0
18263,1,0,0
18263,2,1,0
18263,3,0,0
18263,3,1,0
18263,4,2,0
18263,5,0,0
18263,5,2,0
18263,6,1,0
18263,6,2,0
18263,7,0,0
18263,7,1,0
18263,7,2,0
18264,1,0,0
18264,2,1,0
18264,3,0,0
18264,3,1,0
18264,4,2,0
18264,5,0,0
18264,5,2,0
18264,6,1,0
18264,6,2,0
18264,7,0,0
18264,7,1,0
18264,7,2,0
18265,1,0,0
18265,2,1,0
18265,3,0,0
18265,3,1,0
18265,4,2,0
18265,5,0,0
18265,5,2,0
18265,6,1,0
18265,6,2,0
18265,7,0,0
18265,7,1,0
18265,7,2,0
18266,1,0,0
18266,2,1,0
18266,3,0,0
18266,3,1,0
18266,4,2,0
18266,5,0,0
18266,5,2,0
18266,6,1,0
18266,6,2,0
18266,7,0,0
18266,7,1,0
18266,7,2,0
18267,1,0,0
18267,2,1,0
18267,3,0,0
18267,3,1,0
18267,4,2,0
18267,5,0,0
18267,5,2,0
18267,6,1,0
18267,6,2,0
18267,7,0,0
18267,7,1,0
18267,7,2,0
18268,1,0,0
18268,2,1,0
18268,3,0,0
18268,3,1,0
18268,4,2,0
18268,5,0,0
18268,5,2,0
18268,6,1,0
18268,6,2,0
18268,7,0,0
18268,7,1,0
18268,7,2,0
18269,1,0,0
18269,2,1,0
18269,3,0,0
18269,3,1,0
18269,4,2,0
18269,5,0,0
18269,5,2,0
18269,6,1,0
18269,6,2,0
18269,7,0,0
18269,7,1,0
18269,7,2,0
18270,1,0,0
18270,2,1,0
18270,3,0,0
18270,3,1,0
18270,4,2,0
18270,5,0,0
18270,5,2,0
18270,6,1,0
18270,6,2,0
18270,7,0,0
18270,7,1,0
18270,7,2,0
18271,1,0,0
18271,2,1,0
18271,3,0,0
18271,3,1,0
18271,4,2,0
18271,5,0,0
18271,5,2,0
18271,6,1,0
18271,6,2,0
18271,7,0,0
18271,7,1,0
18271,7,2,0
18272,1,0,0
18272,2,1,0
18272,3,0,0
18272,3,1,0
18272,4,2,0
18272,5,0,0
18272,5,2,0
18272,6,1,0
18272,6,2,0
18272,7,0,0
18272,7,1,0
18272,7,2,0
18273,1,0,0
18273,2,1,0
18273,3,0,0
18273,3,1,0
18273,4,2,0
18273,5,0,0
18273,5,2,0
18273,6,1,0
18273,6,2,0
18273,7,0,0
18273,7,1,0
18273,7,2,0
18274,1,0,0
18274,2,1,0
18274,3,0,0
18274,3,1,0
18274,4,2,0
18274,5,0,0
18274,5,2,0
18274,6,1,0
18274,6,2,0
18274,7,0,0
18274,7,1,0
18274,7,2,0
18275,1,0,0
18275,2,1,0
18275,3,0,0
18275,3,1,0
18275,4,2,0
18275,5,0,0
18275,5,2,0
18275,6,1,0
18275,6,2,0
18275,7,0,0
18275,7,1,0
18275,7,2,0
18276,1,0,0
18276,2,1,0
18276,3,0,0
18276,3,1,0
18276,4,2,0
18276,5,0,0
18276,5,2,0
18276,6,1,0
18276,6,2,0
18276,7,0,0
18276,7,1,0
18276,7,2,0
18277,1,0,0
18277,2,1,0
18277,3,0,0
18277,3,1,0
18277,4,2,0
18277,5,0,0
18277,5,2,0
18277,6,1,0
18277,6,2,0
18277,7,0,0
18277,7,1,0
18277,7,2,0
18278,1,0,0
18278,2,1,0
18278,3,0,0
18278,3,1,0
18278,4,2,0
18278,5,0,0
18278,5,2,0
18278,6,1,0
18278,6,2,0
18278,7,0,0
18278,7,1,0
18278,7,2,0
18279,1,0,1
18279,2,1,1
18279,3,0,1
18279,3,1,1
18279,4,2,0
18279,5,0,1
18279,5,2,0
18279,6,1,1
18279,6,2,0
18279,7,0,1
18279,7,1,1
18279,7,2,0
18280,1,0,1
18280,2,1,1
18280,3,0,1
18280,3,1,1
18280,4,2,0
18280,5,0,1
18280,5,2,0
18280,6,1,1
18280,6,2,0
18280,7,0,1
18280,7,1,1
18280,7,2,0
18281,1,0,0
18281,2,1,0
18281,3,0,0
18281,3,1,0
18281,4,2,0
18281,5,0,0
18281,5,2,0
18281,6,1,0
18281,6,2,0
18281,7,0,0
18281,7,1,0
18281,7,2,0
18282,1,0,0
18282,2,1,0
18282,3,0,0
18282,3,1,0
18282,4,2,0
18282,5,0,0
18282,5,2,0
18282,6,1,0
18282,6,2,0
18282,7,0,0
18282,7,1,0
18282,7,2,0
18283,1,0,0
18283,2,1,0
18283,3,0,0
18283,3,1,0
18283,4,2,0
18283,5,0,0
18283,5,2,0
18283,6,1,0
18283,6,2,0
18283,7,0,0
18283,7,1,0
18283,7,2,0
18284,1,0,0
18284,2,1,0
18284,3,0,0
18284,3,1,0
18284,4,2,0
18284,5,0,0
18284,5,2,0
18284,6,1,0
18284,6,2,0
18284,7,0,0
18284,7,1,0
18284,7,2,0
18285,1,0,0
18285,2,1,0
18285,3,0,0
18285,3,1,0
18285,4,2,0
18285,5,0,0
18285,5,2,0
18285,6,1,0
18285,6,2,0
18285,7,0,0
18285,7,1,0
18285,7,2,0
18286,1,0,0
18286,2,1,0
18286,3,0,0
18286,3,1,0
18286,4,2,0
18286,5,0,0
18286,5,2,0
18286,6,1,0
18286,6,2,0
18286,7,0,0
18286,7,1,0
18286,7,2,0
18287,1,0,0
18287,2,1,0
18287,3,0,0
18287,3,1,0
18287,4,2,0
18287,5,0,0
18287,5,2,0
18287,6,1,0
18287,6,2,0
18287,7,0,0
18287,7,1,0
18287,7,2,0
18288,1,0,0
18288,2,1,0
18288,3,0,0
18288,3,1,0
18288,4,2,0
18288,5,0,0
18288,5,2,0
18288,6,1,0
18288,6,2,0
18288,7,0,0
18288,7,1,0
18288,7,2,0
18289,1,0,0
18289,2,1,0
18289,3,0,0
18289,3,1,0
18289,4,2,0
18289,5,0,0
18289,5,2,0
18289,6,1,0
18289,6,2,0
18289,7,0,0
18289,7,1,0
18289,7,2,0
18290,1,0,0
18290,2,1,0
18290,3,0,0
18290,3,1,0
18290,4,2,0
18290,5,0,0
18290,5,2,0
18290,6,1,0
18290,6,2,0
18290,7,0,0
18290,7,1,0
18290,7,2,0
18291,1,0,0
18291,2,1,0
18291,3,0,0
18291,3,1,0
18291,4,2,0
18291,5,0,0
18291,5,2,0
18291,6,1,0
18291,6,2,0
18291,7,0,0
18291,7,1,0
18291,7,2,0
18292,1,0,0
18292,2,1,0
18292,3,0,0
18292,3,1,0
18292,4,2,0
18292,5,0,0
18292,5,2,0
18292,6,1,0
18292,6,2,0
18292,7,0,0
18292,7,1,0
18292,7,2,0
18293,1,0,0
18293,2,1,0
18293,3,0,0
18293,3,1,0
18293,4,2,0
18293,5,0,0
18293,5,2,0
18293,6,1,0
18293,6,2,0
18293,7,0,0
18293,7,1,0
18293,7,2,0
18294,1,0,0
18294,2,1,0
18294,3,0,0
18294,3,1,0
18294,4,2,0
18294,5,0,0
18294,5,2,0
18294,6,1,0
18294,6,2,0
18294,7,0,0
18294,7,1,0
18294,7,2,0
18295,1,0,0
18295,2,1,0
18295,3,0,0
18295,3,1,0
18295,4,2,0
18295,5,0,0
18295,5,2,0
18295,6,1,0
18295,6,2,0
18295,7,0,0
18295,7,1,0
18295,7,2,0
18296,1,0,0
18296,2,1,0
18296,3,0,0
18296,3,1,0
18296,4,2,0
18296,5,0,0
18296,5,2,0
18296,6,1,0
18296,6,2,0
18296,7,0,0
18296,7,1,0
18296,7,2,0
18297,1,0,0
18297,2,1,0
18297,3,0,0
18297,3,1,0
18297,4,2,0
18297,5,0,0
18297,5,2,0
18297,6,1,0
18297,6,2,0
18297,7,0,0
18297,7,1,0
18297,7,2,0
18298,1,0,0
18298,2,1,0
18298,3,0,0
18298,3,1,0
18298,4,2,0
18298,5,0,0
18298,5,2,0
18298,6,1,0
18298,6,2,0
18298,7,0,0
18298,7,1,0
18298,7,2,0
18299,1,0,0
18299,2,1,0
18299,3,0,0
18299,3,1,0
18299,4,2,0
18299,5,0,0
18299,5,2,0
18299,6,1,0
18299,6,2,0
18299,7,0,0
18299,7,1,0
18299,7,2,0
18300,1,0,0
18300,2,1,0
18300,3,0,0
18300,3,1,0
18300,4,2,0
18300,5,0,0
18300,5,2,0
18300,6,1,0
18300,6,2,0
18300,7,0,0
18300,7,1,0
18300,7,2,0
18301,1,0,0
18301,2,1,0
18301,3,0,0
18301,3,1,0
18301,4,2,0
18301,5,0,0
18301,5,2,0
18301,6,1,0
18301,6,2,0
18301,7,0,0
18301,7,1,0
18301,7,2,0
18302,1,0,0
18302,2,1,0
18302,3,0,0
18302,3,1,0
18302,4,2,0
18302,5,0,0
18302,5,2,0
18302,6,1,0
18302,6,2,0
18302,7,0,0
18302,7,1,0
18302,7,2,0
18303,1,0,0
18303,2,1,0
18303,3,0,0
18303,3,1,0
18303,4,2,0
18303,5,0,0
18303,5,2,0
18303,6,1,0
18303,6,2,0
18303,7,0,0
18303,7,1,0
18303,7,2,0
18304,1,0,0
18304,2,1,0
18304,3,0,0
18304,3,1,0
18304,4,2,0
18304,5,0,0
18304,5,2,0
18304,6,1,0
18304,6,2,0
18304,7,0,0
18304,7,1,0
18304,7,2,0
18305,1,0,0
18305,2,1,0
18305,3,0,0
18305,3,1,0
18305,4,2,0
18305,5,0,0
18305,5,2,0
18305,6,1,0
18305,6,2,0
18305,7,0,0
18305,7,1,0
18305,7,2,0
18306,1,0,1
18306,2,1,1
18306,3,0,1
18306,3,1,1
18306,4,2,0
18306,5,0,1
18306,5,2,0
18306,6,1,1
18306,6,2,0
18306,7,0,1
18306,7,1,1
18306,7,2,0
18307,1,0,1
18307,2,1,1
18307,3,0,1
18307,3,1,1
18307,4,2,0
18307,5,0,1
18307,5,2,0
18307,6,1,1
18307,6,2,0
18307,7,0,1
18307,7,1,1
18307,7,2,0
18308,1,0,0
18308,2,1,1
18308,3,0,0
18308,3,1,1
18308,4,2,0
18308,5,0,0
18308,5,2,0
18308,6,1,1
18308,6,2,0
18308,7,0,0
18308,7,1,1
18308,7,2,0
18309,1,0,1
18309,2,1,1
18309,3,0,1
18309,3,1,1
18309,4,2,0
18309,5,0,1
18309,5,2,0
18309,6,1,1
18309,6,2,0
18309,7,0,1
18309,7,1,1
18309,7,2,0
18310,1,0,1
18310,2,1,1
18310,3,0,1
18310,3,1,1
18310,4,2,0
18310,5,0,1
18310,5,2,0
18310,6,1,1
18310,6,2,0
18310,7,0,1
18310,7,1,1
18310,7,2,0
18311,1,0,0
18311,2,1,1
18311,3,0,0
18311,3,1,1
18311,4,2,0
18311,5,0,0
18311,5,2,0
18311,6,1,1
18311,6,2,0
18311,7,0,0
18311,7,1,1
18311,7,2,0
18312,1,0,1
18312,2,1,1
18312,3,0,1
18312,3,1,1
18312,4,2,0
18312,5,0,1
18312,5,2,0
18312,6,1,1
18312,6,2,0
18312,7,0,1
18312,7,1,1
18312,7,2,0
18313,1,0,1
18313,2,1,1
18313,3,0,1
18313,3,1,1
18313,4,2,0
18313,5,0,1
18313,5,2,0
18313,6,1,1
18313,6,2,0
18313,7,0,1
18313,7,1,1
18313,7,2,0
18314,1,0,0
18314,2,1,1
18314,3,0,0
18314,3,1,1
18314,4,2,0
18314,5,0,0
18314,5,2,0
18314,6,1,1
18314,6,2,0
18314,7,0,0
18314,7,1,1
18314,7,2,0
18315,1,0,0
18315,2,1,1
18315,3,0,0
18315,3,1,1
18315,4,2,0
18315,5,0,0
18315,5,2,0
18315,6,1,1
18315,6,2,0
18315,7,0,0
18315,7,1,1
18315,7,2,0
18316,1,0,0
18316,2,1,1
18316,3,0,0
18316,3,1,1
18316,4,2,0
18316,5,0,0
18316,5,2,0
18316,6,1,1
18316,6,2,0
18316,7,0,0
18316,7,1,1
18316,7,2,0
18317,1,0,0
18317,2,1,1
18317,3,0,0
18317,3,1,1
18317,4,2,0
18317,5,0,0
18317,5,2,0
18317,6,1,1
18317,6,2,0
18317,7,0,0
18317,7,1,1
18317,7,2,0
18318,1,0,0
18318,2,1,1
18318,3,0,0
18318,3,1,1
18318,4,2,0
18318,5,0,0
18318,5,2,0
18318,6,1,1
18318,6,2,0
18318,7,0,0
18318,7,1,1
18318,7,2,0
18319,1,0,0
18319,2,1,1
18319,3,0,0
18319,3,1,1
18319,4,2,0
18319,5,0,0
18319,5,2,0
18319,6,1,1
18319,6,2,0
18319,7,0,0
18319,7,1,1
18319,7,2,0
18320,1,0,0
18320,2,1,1
18320,3,0,0
18320,3,1,1
18320,4,2,0
18320,5,0,0
18320,5,2,0
18320,6,1,1
18320,6,2,0
18320,7,0,0
18320,7,1,1
18320,7,2,0
18321,1,0,0
18321,2,1,1
18321,3,0,0
18321,3,1,1
18321,4,2,0
18321,5,0,0
18321,5,2,0
18321,6,1,1
18321,6,2,0
18321,7,0,0
18321,7,1,1
18321,7,2,0
18322,1,0,0
18322,2,1,1
18322,3,0,0
18322,3,1,1
18322,4,2,0
18322,5,0,0
18322,5,2,0
18322,6,1,1
18322,6,2,0
18322,7,0,0
18322,7,1,1
18322,7,2,0
18323,1,0,0
18323,2,1,1
18323,3,0,0
18323,3,1,1
18323,4,2,0
18323,5,0,0
18323,5,2,0
18323,6,1,1
18323,6,2,0
18323,7,0,0
18323,7,1,1
18323,7,2,0
18324,1,0,0
18324,2,1,1
18324,3,0,0
18324,3,1,1
18324,4,2,0
18324,5,0,0
18324,5,2,0
18324,6,1,1
18324,6,2,0
18324,7,0,0
18324,7,1,1
18324,7,2,0
18325,1,0,0
18325,2,1,1
18325,3,0,0
18325,3,1,1
18325,4,2,0
18325,5,0,0
18325,5,2,0
18325,6,1,1
18325,6,2,0
18325,7,0,0
18325,7,1,1
18325,7,2,0
18326,1,0,0
18326,2,1,1
18326,3,0,0
18326,3,1,1
18326,4,2,0
18326,5,0,0
18326,5,2,0
18326,6,1,1
18326,6,2,0
18326,7,0,0
18326,7,1,1
18326,7,2,0
18327,1,0,0
18327,2,1,1
18327,3,0,0
18327,3,1,1
18327,4,2,0
18327,5,0,0
18327,5,2,0
18327,6,1,1
18327,6,2,0
18327,7,0,0
18327,7,1,1
18327,7,2,0
18328,1,0,0
18328,2,1,1
18328,3,0,0
18328,3,1,1
18328,4,2,0
18328,5,0,0
18328,5,2,0
18328,6,1,1
18328,6,2,0
18328,7,0,0
18328,7,1,1
18328,7,2,0
18329,1,0,0
18329,2,1,1
18329,3,0,0
18329,3,1,1
18329,4,2,0
18329,5,0,0
18329,5,2,0
18329,6,1,1
18329,6,2,0
18329,7,0,0
18329,7,1,1
18329,7,2,0
18330,1,0,0
18330,2,1,1
18330,3,0,0
18330,3,1,1
18330,4,2,0
18330,5,0,0
18330,5,2,0
18330,6,1,1
18330,6,2,0
18330,7,0,0
18330,7,1,1
18330,7,2,0
18331,1,0,0
18331,2,1,1
18331,3,0,0
18331,3,1,1
18331,4,2,0
18331,5,0,0
18331,5,2,0
18331,6,1,1
18331,6,2,0
18331,7,0,0
18331,7,1,1
18331,7,2,0
18332,1,0,0
18332,2,1,1
18332,3,0,0
18332,3,1,1
18332,4,2,0
18332,5,0,0
18332,5,2,0
18332,6,1,1
18332,6,2,0
18332,7,0,0
18332,7,1,1
18332,7,2,0
18333,1,0,1
18333,2,1,1
18333,3,0,1
18333,3,1,1
18333,4,2,0
18333,5,0,1
18333,5,2,0
18333,6,1,1
18333,6,2,0
18333,7,0,1
18333,7,1,1
18333,7,2,0
18334,1,0,1
18334,2,1,1
18334,3,0,1
18334,3,1,1
18334,4,2,0
18334,5,0,1
18334,5,2,0
18334,6,1,1
18334,6,2,0
18334,7,0,1
18334,7,1,1
18334,7,2,0
18335,1,0,0
18335,2,1,0
18335,3,0,0
18335,3,1,0
18335,4,2,0
18335,5,0,0
18335,5,2,0
18335,6,1,0
18335,6,2,0
18335,7,0,0
18335,7,1,0
18335,7,2,0
18336,1,0,1
18336,2,1,1
18336,3,0,1
18336,3,1,1
18336,4,2,0
18336,5,0,1
18336,5,2,0
18336,6,1,1
18336,6,2,0
18336,7,0,1
18336,7,1,1
18336,7,2,0
18337,1,0,1
18337,2,1,1
18337,3,0,1
18337,3,1,1
18337,4,2,0
18337,5,0,1
18337,5,2,0
18337,6,1,1
18337,6,2,0
18337,7,0,1
18337,7,1,1
18337,7,2,0
18338,1,0,0
18338,2,1,0
18338,3,0,0
18338,3,1,0
18338,4,2,0
18338,5,0,0
18338,5,2,0
18338,6,1,0
18338,6,2,0
18338,7,0,0
18338,7,1,0
18338,7,2,0
18339,1,0,0
18339,2,1,0
18339,3,0,0
18339,3,1,0
18339,4,2,0
18339,5,0,0
18339,5,2,0
18339,6,1,0
18339,6,2,0
18339,7,0,0
18339,7,1,0
18339,7,2,0
18340,1,0,0
18340,2,1,0
18340,3,0,0
18340,3,1,0
18340,4,2,0
18340,5,0,0
18340,5,2,0
18340,6,1,0
18340,6,2,0
18340,7,0,0
18340,7,1,0
18340,7,2,0
18341,1,0,0
18341,2,1,0
18341,3,0,0
18341,3,1,0
18341,4,2,0
18341,5,0,0
18341,5,2,0
18341,6,1,0
18341,6,2,0
18341,7,0,0
18341,7,1,0
18341,7,2,0
18342,1,0,0
18342,2,1,0
18342,3,0,0
18342,3,1,0
18342,4,2,0
18342,5,0,0
18342,5,2,0
18342,6,1,0
18342,6,2,0
18342,7,0,0
18342,7,1,0
18342,7,2,0
18343,1,0,0
18343,2,1,0
18343,3,0,0
18343,3,1,0
18343,4,2,0
18343,5,0,0
18343,5,2,0
18343,6,1,0
18343,6,2,0
18343,7,0,0
18343,7,1,0
18343,7,2,0
18344,1,0,0
18344,2,1,0
18344,3,0,0
18344,3,1,0
18344,4,2,0
18344,5,0,0
18344,5,2,0
18344,6,1,0
18344,6,2,0
18344,7,0,0
18344,7,1,0
18344,7,2,0
18345,1,0,0
18345,2,1,0
18345,3,0,0
18345,3,1,0
18345,4,2,0
18345,5,0,0
18345,5,2,0
18345,6,1,0
18345,6,2,0
18345,7,0,0
18345,7,1,0
18345,7,2,0
18346,1,0,0
18346,2,1,0
18346,3,0,0
18346,3,1,0
18346,4,2,0
18346,5,0,0
18346,5,2,0
18346,6,1,0
18346,6,2,0
18346,7,0,0
18346,7,1,0
18346,7,2,0
18347,1,0,0
18347,2,1,0
18347,3,0,0
18347,3,1,0
18347,4,2,0
18347,5,0,0
18347,5,2,0
18347,6,1,0
18347,6,2,0
18347,7,0,0
18347,7,1,0
18347,7,2,0
18348,1,0,0
18348,2,1,0
18348,3,0,0
18348,3,1,0
18348,4,2,0
18348,5,0,0
18348,5,2,0
18348,6,1,0
18348,6,2,0
18348,7,0,0
18348,7,1,0
18348,7,2,0
18349,1,0,0
18349,2,1,0
18349,3,0,0
18349,3,1,0
18349,4,2,0
18349,5,0,0
18349,5,2,0
18349,6,1,0
18349,6,2,0
18349,7,0,0
18349,7,1,0
18349,7,2,0
18350,1,0,0
18350,2,1,0
18350,3,0,0
18350,3,1,0
18350,4,2,0
18350,5,0,0
18350,5,2,0
18350,6,1,0
18350,6,2,0
18350,7,0,0
18350,7,1,0
18350,7,2,0
18351,1,0,0
18351,2,1,0
18351,3,0,0
18351,3,1,0
18351,4,2,0
18351,5,0,0
18351,5,2,0
18351,6,1,0
18351,6,2,0
18351,7,0,0
18351,7,1,0
18351,7,2,0
18352,1,0,0
18352,2,1,0
18352,3,0,0
18352,3,1,0
18352,4,2,0
18352,5,0,0
18352,5,2,0
18352,6,1,0
18352,6,2,0
18352,7,0,0
18352,7,1,0
18352,7,2,0
18353,1,0,0
18353,2,1,0
18353,3,0,0
18353,3,1,0
18353,4,2,0
18353,5,0,0
18353,5,2,0
18353,6,1,0
18353,6,2,0
18353,7,0,0
18353,7,1,0
18353,7,2,0
18354,1,0,0
18354,2,1,0
18354,3,0,0
18354,3,1,0
18354,4,2,0
18354,5,0,0
18354,5,2,0
18354,6,1,0
18354,6,2,0
18354,7,0,0
18354,7,1,0
18354,7,2,0
18355,1,0,0
18355,2,1,0
18355,3,0,0
18355,3,1,0
18355,4,2,0
18355,5,0,0
18355,5,2,0
18355,6,1,0
18355,6,2,0
18355,7,0,0
18355,7,1,0
18355,7,2,0
18356,1,0,0
18356,2,1,0
18356,3,0,0
18356,3,1,0
18356,4,2,0
18356,5,0,0
18356,5,2,0
18356,6,1,0
18356,6,2,0
18356,7,0,0
18356,7,1,0
18356,7,2,0
18357,1,0,0
18357,2,1,0
18357,3,0,0
18357,3,1,0
18357,4,2,0
18357,5,0,0
18357,5,2,0
18357,6,1,0
18357,6,2,0
18357,7,0,0
18357,7,1,0
18357,7,2,0
18358,1,0,0
18358,2,1,0
18358,3,0,0
18358,3,1,0
18358,4,2,0
18358,5,0,0
18358,5,2,0
18358,6,1,0
18358,6,2,0
18358,7,0,0
18358,7,1,0
18358,7,2,0
18359,1,0,0
18359,2,1,0
18359,3,0,0
18359,3,1,0
18359,4,2,0
18359,5,0,0
18359,5,2,0
18359,6,1,0
18359,6,2,0
18359,7,0,0
18359,7,1,0
18359,7,2,0
18360,1,0,1
18360,2,1,1
18360,3,0,1
18360,3,1,1
18360,4,2,0
18360,5,0,1
18360,5,2,0
18360,6,1,1
18360,6,2,0
18360,7,0,1
18360,7,1,1
18360,7,2,0
18361,1,0,1
18361,2,1,1
18361,3,0,1
18361,3,1,1
18361,4,2,0
18361,5,0,1
18361,5,2,0
18361,6,1,1
18361,6,2,0
18361,7,0,1
18361,7,1,1
18361,7,2,0
18362,1,0,0
18362,2,1,0
18362,3,0,0
18362,3,1,0
18362,4,2,0
18362,5,0,0
18362,5,2,0
18362,6,1,0
18362,6,2,0
18362,7,0,0
18362,7,1,0
18362,7,2,0
18363,1,0,0
18363,2,1,0
18363,3,0,0
18363,3,1,0
18363,4,2,0
18363,5,0,0
18363,5,2,0
18363,6,1,0
18363,6,2,0
18363,7,0,0
18363,7,1,0
18363,7,2,0
18364,1,0,0
18364,2,1,0
18364,3,0,0
18364,3,1,0
18364,4,2,0
18364,5,0,0
18364,5,2,0
18364,6,1,0
18364,6,2,0
18364,7,0,0
18364,7,1,0
18364,7,2,0
18365,1,0,0
18365,2,1,0
18365,3,0,0
18365,3,1,0
18365,4,2,0
18365,5,0,0
18365,5,2,0
18365,6,1,0
18365,6,2,0
18365,7,0,0
18365,7,1,0
18365,7,2,0
18366,1,0,0
18366,2,1,0
18366,3,0,0
18366,3,1,0
18366,4,2,0
18366,5,0,0
18366,5,2,0
18366,6,1,0
18366,6,2,0
18366,7,0,0
18366,7,1,0
18366,7,2,0
18367,1,0,0
18367,2,1,0
18367,3,0,0
18367,3,1,0
18367,4,2,0
18367,5,0,0
18367,5,2,0
18367,6,1,0
18367,6,2,0
18367,7,0,0
18367,7,1,0
18367,7,2,0
18368,1,0,0
18368,2,1,0
18368,3,0,0
18368,3,1,0
18368,4,2,0
18368,5,0,0
18368,5,2,0
18368,6,1,0
18368,6,2,0
18368,7,0,0
18368,7,1,0
18368,7,2,0
18369,1,0,0
18369,2,1,0
18369,3,0,0
18369,3,1,0
18369,4,2,0
18369,5,0,0
18369,5,2,0
18369,6,1,0
18369,6,2,0
18369,7,0,0
18369,7,1,0
18369,7,2,0
18370,1,0,0
18370,2,1,0
18370,3,0,0
18370,3,1,0
18370,4,2,0
18370,5,0,0
18370,5,2,0
18370,6,1,0
18370,6,2,0
18370,7,0,0
18370,7,1,0
18370,7,2,0
18371,1,0,0
18371,2,1,0
18371,3,0,0
18371,3,1,0
18371,4,2,0
18371,5,0,0
18371,5,2,0
18371,6,1,0
18371,6,2,0
18371,7,0,0
18371,7,1,0
18371,7,2,0
18372,1,0,0
18372,2,1,0
18372,3,0,0
18372,3,1,0
18372,4,2,0
18372,5,0,0
18372,5,2,0
18372,6,1,0
18372,6,2,0
18372,7,0,0
18372,7,1,0
18372,7,2,0
18373,1,0,0
18373,2,1,0
18373,3,0,0
18373,3,1,0
18373,4,2,0
18373,5,0,0
18373,5,2,0
18373,6,1,0
18373,6,2,0
18373,7,0,0
18373,7,1,0
18373,7,2,0
18374,1,0,0
18374,2,1,0
18374,3,0,0
18374,3,1,0
18374,4,2,0
18374,5,0,0
18374,5,2,0
18374,6,1,0
18374,6,2,0
18374,7,0,0
18374,7,1,0
18374,7,2,0
18375,1,0,0
18375,2,1,0
18375,3,0,0
18375,3,1,0
18375,4,2,0
18375,5,0,0
18375,5,2,0
18375,6,1,0
18375,6,2,0
18375,7,0,0
18375,7,1,0
18375,7,2,0
18376,1,0,0
18376,2,1,0
18376,3,0,0
18376,3,1,0
18376,4,2,0
18376,5,0,0
18376,5,2,0
18376,6,1,0
18376,6,2,0
18376,7,0,0
18376,7,1,0
18376,7,2,0
18377,1,0,0
18377,2,1,0
18377,3,0,0
18377,3,1,0
18377,4,2,0
18377,5,0,0
18377,5,2,0
18377,6,1,0
18377,6,2,0
18377,7,0,0
18377,7,1,0
18377,7,2,0
18378,1,0,0
18378,2,1,0
18378,3,0,0
18378,3,1,0
18378,4,2,0
18378,5,0,0
18378,5,2,0
18378,6,1,0
18378,6,2,0
18378,7,0,0
18378,7,1,0
18378,7,2,0
18379,1,0,0
18379,2,1,0
18379,3,0,0
18379,3,1,0
18379,4,2,0
18379,5,0,0
18379,5,2,0
18379,6,1,0
18379,6,2,0
18379,7,0,0
18379,7,1,0
18379,7,2,0
18380,1,0,0
18380,2,1,0
18380,3,0,0
18380,3,1,0
18380,4,2,0
18380,5,0,0
18380,5,2,0
18380,6,1,0
18380,6,2,0
18380,7,0,0
18380,7,1,0
18380,7,2,0
18381,1,0,0
18381,2,1,0
18381,3,0,0
18381,3,1,0
18381,4,2,0
18381,5,0,0
18381,5,2,0
18381,6,1,0
18381,6,2,0
18381,7,0,0
18381,7,1,0
18381,7,2,0
18382,1,0,0
18382,2,1,0
18382,3,0,0
18382,3,1,0
18382,4,2,0
18382,5,0,0
18382,5,2,0
18382,6,1,0
18382,6,2,0
18382,7,0,0
18382,7,1,0
18382,7,2,0
18383,1,0,0
18383,2,1,0
18383,3,0,0
18383,3,1,0
18383,4,2,0
18383,5,0,0
18383,5,2,0
18383,6,1,0
18383,6,2,0
18383,7,0,0
18383,7,1,0
18383,7,2,0
18384,1,0,0
18384,2,1,0
18384,3,0,0
18384,3,1,0
18384,4,2,0
18384,5,0,0
18384,5,2,0
18384,6,1,0
18384,6,2,0
18384,7,0,0
18384,7,1,0
18384,7,2,0
18385,1,0,0
18385,2,1,0
18385,3,0,0
18385,3,1,0
18385,4,2,0
18385,5,0,0
18385,5,2,0
18385,6,1,0
18385,6,2,0
18385,7,0,0
18385,7,1,0
18385,7,2,0
18386,1,0,0
18386,2,1,0
18386,3,0,0
18386,3,1,0
18386,4,2,0
18386,5,0,0
18386,5,2,0
18386,6,1,0
18386,6,2,0
18386,7,0,0
18386,7,1,0
18386,7,2,0
18387,1,0,1
18387,2,1,0
18387,3,0,1
18387,3,1,0
18387,4,2,0
18387,5,0,1
18387,5,2,0
18387,6,1,0
18387,6,2,0
18387,7,0,1
18387,7,1,0
18387,7,2,0
18388,1,0,1
18388,2,1,0
18388,3,0,1
18388,3,1,0
18388,4,2,0
18388,5,0,1
18388,5,2,0
18388,6,1,0
18388,6,2,0
18388,7,0,1
18388,7,1,0
18388,7,2,0
18389,1,0,0
18389,2,1,0
18389,3,0,0
18389,3,1,0
18389,4,2,0
18389,5,0,0
18389,5,2,0
18389,6,1,0
18389,6,2,0
18389,7,0,0
18389,7,1,0
18389,7,2,0
18390,1,0,0
18390,2,1,0
18390,3,0,0
18390,3,1,0
18390,4,2,0
18390,5,0,0
18390,5,2,0
18390,6,1,0
18390,6,2,0
18390,7,0,0
18390,7,1,0
18390,7,2,0
18391,1,0,0
18391,2,1,0
18391,3,0,0
18391,3,1,0
18391,4,2,0
18391,5,0,0
18391,5,2,0
18391,6,1,0
18391,6,2,0
18391,7,0,0
18391,7,1,0
18391,7,2,0
18392,1,0,0
18392,2,1,0
18392,3,0,0
18392,3,1,0
18392,4,2,0
18392,5,0,0
18392,5,2,0
18392,6,1,0
18392,6,2,0
18392,7,0,0
18392,7,1,0
18392,7,2,0
18393,1,0,0
18393,2,1,0
18393,3,0,0
18393,3,1,0
18393,4,2,0
18393,5,0,0
18393,5,2,0
18393,6,1,0
18393,6,2,0
18393,7,0,0
18393,7,1,0
18393,7,2,0
18394,1,0,0
18394,2,1,0
18394,3,0,0
18394,3,1,0
18394,4,2,0
18394,5,0,0
18394,5,2,0
18394,6,1,0
18394,6,2,0
18394,7,0,0
18394,7,1,0
18394,7,2,0
18395,1,0,0
18395,2,1,0
18395,3,0,0
18395,3,1,0
18395,4,2,0
18395,5,0,0
18395,5,2,0
18395,6,1,0
18395,6,2,0
18395,7,0,0
18395,7,1,0
18395,7,2,0
18396,1,0,0
18396,2,1,0
18396,3,0,0
18396,3,1,0
18396,4,2,0
18396,5,0,0
18396,5,2,0
18396,6,1,0
18396,6,2,0
18396,7,0,0
18396,7,1,0
18396,7,2,0
18397,1,0,0
18397,2,1,0
18397,3,0,0
18397,3,1,0
18397,4,2,0
18397,5,0,0
18397,5,2,0
18397,6,1,0
18397,6,2,0
18397,7,0,0
18397,7,1,0
18397,7,2,0
18398,1,0,0
18398,2,1,0
18398,3,0,0
18398,3,1,0
18398,4,2,0
18398,5,0,0
18398,5,2,0
18398,6,1,0
18398,6,2,0
18398,7,0,0
18398,7,1,0
18398,7,2,0
18399,1,0,0
18399,2,1,0
18399,3,0,0
18399,3,1,0
18399,4,2,0
18399,5,0,0
18399,5,2,0
18399,6,1,0
18399,6,2,0
18399,7,0,0
18399,7,1,0
18399,7,2,0
18400,1,0,0
18400,2,1,0
18400,3,0,0
18400,3,1,0
18400,4,2,0
18400,5,0,0
18400,5,2,0
18400,6,1,0
18400,6,2,0
18400,7,0,0
18400,7,1,0
18400,7,2,0
18401,1,0,0
18401,2,1,0
18401,3,0,0
18401,3,1,0
18401,4,2,0
18401,5,0,0
18401,5,2,0
18401,6,1,0
18401,6,2,0
18401,7,0,0
18401,7,1,0
18401,7,2,0
18402,1,0,0
18402,2,1,0
18402,3,0,0
18402,3,1,0
18402,4,2,0
18402,5,0,0
18402,5,2,0
18402,6,1,0
18402,6,2,0
18402,7,0,0
18402,7,1,0
18402,7,2,0
18403,1,0,0
18403,2,1,0
18403,3,0,0
18403,3,1,0
18403,4,2,0
18403,5,0,0
18403,5,2,0
18403,6,1,0
18403,6,2,0
18403,7,0,0
18403,7,1,0
18403,7,2,0
18404,1,0,0
18404,2,1,0
18404,3,0,0
18404,3,1,0
18404,4,2,0
18404,5,0,0
18404,5,2,0
18404,6,1,0
18404,6,2,0
18404,7,0,0
18404,7,1,0
18404,7,2,0
18405,1,0,0
18405,2,1,0
18405,3,0,0
18405,3,1,0
18405,4,2,0
18405,5,0,0
18405,5,2,0
18405,6,1,0
18405,6,2,0
18405,7,0,0
18405,7,1,0
18405,7,2,0
18406,1,0,0
18406,2,1,0
18406,3,0,0
18406,3,1,0
18406,4,2,0
18406,5,0,0
18406,5,2,0
18406,6,1,0
18406,6,2,0
18406,7,0,0
18406,7,1,0
18406,7,2,0
18407,1,0,0
18407,2,1,0
18407,3,0,0
18407,3,1,0
18407,4,2,0
18407,5,0,0
18407,5,2,0
18407,6,1,0
18407,6,2,0
18407,7,0,0
18407,7,1,0
18407,7,2,0
18408,1,0,0
18408,2,1,0
18408,3,0,0
18408,3,1,0
18408,4,2,0
18408,5,0,0
18408,5,2,0
18408,6,1,0
18408,6,2,0
18408,7,0,0
18408,7,1,0
18408,7,2,0
18409,1,0,0
18409,2,1,0
18409,3,0,0
18409,3,1,0
18409,4,2,0
18409,5,0,0
18409,5,2,0
18409,6,1,0
18409,6,2,0
18409,7,0,0
18409,7,1,0
18409,7,2,0
18410,1,0,0
18410,2,1,0
18410,3,0,0
18410,3,1,0
18410,4,2,0
18410,5,0,0
18410,5,2,0
18410,6,1,0
18410,6,2,0
18410,7,0,0
18410,7,1,0
18410,7,2,0
18411,1,0,0
18411,2,1,0
18411,3,0,0
18411,3,1,0
18411,4,2,0
18411,5,0,0
18411,5,2,0
18411,6,1,0
18411,6,2,0
18411,7,0,0
18411,7,1,0
18411,7,2,0
18412,1,0,0
18412,2,1,0
18412,3,0,0
18412,3,1,0
18412,4,2,0
18412,5,0,0
18412,5,2,0
18412,6,1,0
18412,6,2,0
18412,7,0,0
18412,7,1,0
18412,7,2,0
18413,1,0,0
18413,2,1,0
18413,3,0,0
18413,3,1,0
18413,4,2,0
18413,5,0,0
18413,5,2,0
18413,6,1,0
18413,6,2,0
18413,7,0,0
18413,7,1,0
18413,7,2,0
18414,1,0,1
18414,2,1,0
18414,3,0,1
18414,3,1,0
18414,4,2,0
18414,5,0,1
18414,5,2,0
18414,6,1,0
18414,6,2,0
18414,7,0,1
18414,7,1,0
18414,7,2,0
18415,1,0,1
18415,2,1,0
18415,3,0,1
18415,3,1,0
18415,4,2,0
18415,5,0,1
18415,5,2,0
18415,6,1,0
18415,6,2,0
18415,7,0,1
18415,7,1,0
18415,7,2,0
18416,1,0,0
18416,2,1,0
18416,3,0,0
18416,3,1,0
18416,4,2,0
18416,5,0,0
18416,5,2,0
18416,6,1,0
18416,6,2,0
18416,7,0,0
18416,7,1,0
18416,7,2,0
18417,1,0,0
18417,2,1,0
18417,3,0,0
18417,3,1,0
18417,4,2,0
18417,5,0,0
18417,5,2,0
18417,6,1,0
18417,6,2,0
18417,7,0,0
18417,7,1,0
18417,7,2,0
18418,1,0,0
18418,2,1,0
18418,3,0,0
18418,3,1,0
18418,4,2,0
18418,5,0,0
18418,5,2,0
18418,6,1,0
18418,6,2,0
18418,7,0,0
18418,7,1,0
18418,7,2,0
18419,1,0,0
18419,2,1,0
18419,3,0,0
18419,3,1,0
18419,4,2,0
18419,5,0,0
18419,5,2,0
18419,6,1,0
18419,6,2,0
18419,7,0,0
18419,7,1,0
18419,7,2,0
18420,1,0,0
18420,2,1,0
18420,3,0,0
18420,3,1,0
18420,4,2,0
18420,5,0,0
18420,5,2,0
18420,6,1,0
18420,6,2,0
18420,7,0,0
18420,7,1,0
18420,7,2,0
18421,1,0,0
18421,2,1,0
18421,3,0,0
18421,3,1,0
18421,4,2,0
18421,5,0,0
18421,5,2,0
18421,6,1,0
18421,6,2,0
18421,7,0,0
18421,7,1,0
18421,7,2,0
18422,1,0,0
18422,2,1,0
18422,3,0,0
18422,3,1,0
18422,4,2,0
18422,5,0,0
18422,5,2,0
18422,6,1,0
18422,6,2,0
18422,7,0,0
18422,7,1,0
18422,7,2,0
18423,1,0,0
18423,2,1,0
18423,3,0,0
18423,3,1,0
18423,4,2,0
18423,5,0,0
18423,5,2,0
18423,6,1,0
18423,6,2,0
18423,7,0,0
18423,7,1,0
18423,7,2,0
18424,1,0,0
18424,2,1,0
18424,3,0,0
18424,3,1,0
18424,4,2,0
18424,5,0,0
18424,5,2,0
18424,6,1,0
18424,6,2,0
18424,7,0,0
18424,7,1,0
18424,7,2,0
18425,1,0,0
18425,2,1,0
18425,3,0,0
18425,3,1,0
18425,4,2,0
18425,5,0,0
18425,5,2,0
18425,6,1,0
18425,6,2,0
18425,7,0,0
18425,7,1,0
18425,7,2,0
18426,1,0,0
18426,2,1,0
18426,3,0,0
18426,3,1,0
18426,4,2,0
18426,5,0,0
18426,5,2,0
18426,6,1,0
18426,6,2,0
18426,7,0,0
18426,7,1,0
18426,7,2,0
18427,1,0,0
18427,2,1,0
18427,3,0,0
18427,3,1,0
18427,4,2,0
18427,5,0,0
18427,5,2,0
18427,6,1,0
18427,6,2,0
18427,7,0,0
18427,7,1,0
18427,7,2,0
18428,1,0,0
18428,2,1,0
18428,3,0,0
18428,3,1,0
18428,4,2,0
18428,5,0,0
18428,5,2,0
18428,6,1,0
18428,6,2,0
18428,7,0,0
18428,7,1,0
18428,7,2,0
18429,1,0,0
18429,2,1,0
18429,3,0,0
18429,3,1,0
18429,4,2,0
18429,5,0,0
18429,5,2,0
18429,6,1,0
18429,6,2,0
18429,7,0,0
18429,7,1,0
18429,7,2,0
18430,1,0,0
18430,2,1,0
18430,3,0,0
18430,3,1,0
18430,4,2,0
18430,5,0,0
18430,5,2,0
18430,6,1,0
18430,6,2,0
18430,7,0,0
18430,7,1,0
18430,7,2,0
18431,1,0,0
18431,2,1,0
18431,3,0,0
18431,3,1,0
18431,4,2,0
18431,5,0,0
18431,5,2,0
18431,6,1,0
18431,6,2,0
18431,7,0,0
18431,7,1,0
18431,7,2,0
18432,1,0,0
18432,2,1,0
18432,3,0,0
18432,3,1,0
18432,4,2,0
18432,5,0,0
18432,5,2,0
18432,6,1,0
18432,6,2,0
18432,7,0,0
18432,7,1,0
18432,7,2,0
18433,1,0,0
18433,2,1,0
18433,3,0,0
18433,3,1,0
18433,4,2,0
18433,5,0,0
18433,5,2,0
18433,6,1,0
18433,6,2,0
18433,7,0,0
18433,7,1,0
18433,7,2,0
18434,1,0,0
18434,2,1,0
18434,3,0,0
18434,3,1,0
18434,4,2,0
18434,5,0,0
18434,5,2,0
18434,6,1,0
18434,6,2,0
18434,7,0,0
18434,7,1,0
18434,7,2,0
18435,1,0,0
18435,2,1,0
18435,3,0,0
18435,3,1,0
18435,4,2,0
18435,5,0,0
18435,5,2,0
18435,6,1,0
18435,6,2,0
18435,7,0,0
18435,7,1,0
18435,7,2,0
18436,1,0,0
18436,2,1,0
18436,3,0,0
18436,3,1,0
18436,4,2,0
18436,5,0,0
18436,5,2,0
18436,6,1,0
18436,6,2,0
18436,7,0,0
18436,7,1,0
18436,7,2,0
18437,1,0,0
18437,2,1,0
18437,3,0,0
18437,3,1,0
18437,4,2,0
18437,5,0,0
18437,5,2,0
18437,6,1,0
18437,6,2,0
18437,7,0,0
18437,7,1,0
18437,7,2,0
18438,1,0,0
18438,2,1,0
18438,3,0,0
18438,3,1,0
18438,4,2,0
18438,5,0,0
18438,5,2,0
18438,6,1,0
18438,6,2,0
18438,7,0,0
18438,7,1,0
18438,7,2,0
18439,1,0,0
18439,2,1,0
18439,3,0,0
18439,3,1,0
18439,4,2,0
18439,5,0,0
18439,5,2,0
18439,6,1,0
18439,6,2,0
18439,7,0,0
18439,7,1,0
18439,7,2,0
18440,1,0,0
18440,2,1,0
18440,3,0,0
18440,3,1,0
18440,4,2,0
18440,5,0,0
18440,5,2,0
18440,6,1,0
18440,6,2,0
18440,7,0,0
18440,7,1,0
18440,7,2,0
18441,1,0,1
18441,2,1,0
18441,3,0,1
18441,3,1,0
18441,4,2,0
18441,5,0,1
18441,5,2,0
18441,6,1,0
18441,6,2,0
18441,7,0,1
18441,7,1,0
18441,7,2,0
18442,1,0,1
18442,2,1,0
18442,3,0,1
18442,3,1,0
18442,4,2,0
18442,5,0,1
18442,5,2,0
18442,6,1,0
18442,6,2,0
18442,7,0,1
18442,7,1,0
18442,7,2,0
18443,1,0,0
18443,2,1,0
18443,3,0,0
18443,3,1,0
18443,4,2,0
18443,5,0,0
18443,5,2,0
18443,6,1,0
18443,6,2,0
18443,7,0,0
18443,7,1,0
18443,7,2,0
18444,1,0,0
18444,2,1,0
18444,3,0,0
18444,3,1,0
18444,4,2,0
18444,5,0,0
18444,5,2,0
18444,6,1,0
18444,6,2,0
18444,7,0,0
18444,7,1,0
18444,7,2,0
18445,1,0,0
18445,2,1,0
18445,3,0,0
18445,3,1,0
18445,4,2,0
18445,5,0,0
18445,5,2,0
18445,6,1,0
18445,6,2,0
18445,7,0,0
18445,7,1,0
18445,7,2,0
18446,1,0,0
18446,2,1,0
18446,3,0,0
18446,3,1,0
18446,4,2,0
18446,5,0,0
18446,5,2,0
18446,6,1,0
18446,6,2,0
18446,7,0,0
18446,7,1,0
18446,7,2,0
18447,1,0,0
18447,2,1,0
18447,3,0,0
18447,3,1,0
18447,4,2,0
18447,5,0,0
18447,5,2,0
18447,6,1,0
18447,6,2,0
18447,7,0,0
18447,7,1,0
18447,7,2,0
18448,1,0,0
18448,2,1,0
18448,3,0,0
18448,3,1,0
18448,4,2,0
18448,5,0,0
18448,5,2,0
18448,6,1,0
18448,6,2,0
18448,7,0,0
18448,7,1,0
18448,7,2,0
18449,1,0,0
18449,2,1,0
18449,3,0,0
18449,3,1,0
18449,4,2,0
18449,5,0,0
18449,5,2,0
18449,6,1,0
18449,6,2,0
18449,7,0,0
18449,7,1,0
18449,7,2,0
18450,1,0,0
18450,2,1,0
18450,3,0,0
18450,3,1,0
18450,4,2,0
18450,5,0,0
18450,5,2,0
18450,6,1,0
18450,6,2,0
18450,7,0,0
18450,7,1,0
18450,7,2,0
18451,1,0,0
18451,2,1,0
18451,3,0,0
18451,3,1,0
18451,4,2,0
18451,5,0,0
18451,5,2,0
18451,6,1,0
18451,6,2,0
18451,7,0,0
18451,7,1,0
18451,7,2,0
18452,1,0,0
18452,2,1,0
18452,3,0,0
18452,3,1,0
18452,4,2,0
18452,5,0,0
18452,5,2,0
18452,6,1,0
18452,6,2,0
18452,7,0,0
18452,7,1,0
18452,7,2,0
18453,1,0,0
18453,2,1,0
18453,3,0,0
18453,3,1,0
18453,4,2,0
18453,5,0,0
18453,5,2,0
18453,6,1,0
18453,6,2,0
18453,7,0,0
18453,7,1,0
18453,7,2,0
18454,1,0,0
18454,2,1,0
18454,3,0,0
18454,3,1,0
18454,4,2,0
18454,5,0,0
18454,5,2,0
18454,6,1,0
18454,6,2,0
18454,7,0,0
18454,7,1,0
18454,7,2,0
18455,1,0,0
18455,2,1,0
18455,3,0,0
18455,3,1,0
18455,4,2,0
18455,5,0,0
18455,5,2,0
18455,6,1,0
18455,6,2,0
18455,7,0,0
18455,7,1,0
18455,7,2,0
18456,1,0,0
18456,2,1,0
18456,3,0,0
18456,3,1,0
18456,4,2,0
18456,5,0,0
18456,5,2,0
18456,6,1,0
18456,6,2,0
18456,7,0,0
18456,7,1,0
18456,7,2,0
18457,1,0,0
18457,2,1,0
18457,3,0,0
18457,3,1,0
18457,4,2,0
18457,5,0,0
18457,5,2,0
18457,6,1,0
18457,6,2,0
18457,7,0,0
18457,7,1,0
18457,7,2,0
18458,1,0,0
18458,2,1,0
18458,3,0,0
18458,3,1,0
18458,4,2,0
18458,5,0,0
18458,5,2,0
18458,6,1,0
18458,6,2,0
18458,7,0,0
18458,7,1,0
18458,7,2,0
18459,1,0,0
18459,2,1,0
18459,3,0,0
18459,3,1,0
18459,4,2,0
18459,5,0,0
18459,5,2,0
18459,6,1,0
18459,6,2,0
18459,7,0,0
18459,7,1,0
18459,7,2,0
18460,1,0,0
18460,2,1,0
18460,3,0,0
18460,3,1,0
18460,4,2,0
18460,5,0,0
18460,5,2,0
18460,6,1,0
18460,6,2,0
18460,7,0,0
18460,7,1,0
18460,7,2,0
18461,1,0,0
18461,2,1,0
18461,3,0,0
18461,3,1,0
18461,4,2,0
18461,5,0,0
18461,5,2,0
18461,6,1,0
18461,6,2,0
18461,7,0,0
18461,7,1,0
18461,7,2,0
18462,1,0,0
18462,2,1,0
18462,3,0,0
18462,3,1,0
18462,4,2,0
18462,5,0,0
18462,5,2,0
18462,6,1,0
18462,6,2,0
18462,7,0,0
18462,7,1,0
18462,7,2,0
18463,1,0,0
18463,2,1,0
18463,3,0,0
18463,3,1,0
18463,4,2,0
18463,5,0,0
18463,5,2,0
18463,6,1,0
18463,6,2,0
18463,7,0,0
18463,7,1,0
18463,7,2,0
18464,1,0,0
18464,2,1,0
18464,3,0,0
18464,3,1,0
18464,4,2,0
18464,5,0,0
18464,5,2,0
18464,6,1,0
18464,6,2,0
18464,7,0,0
18464,7,1,0
18464,7,2,0
18465,1,0,0
18465,2,1,0
18465,3,0,0
18465,3,1,0
18465,4,2,0
18465,5,0,0
18465,5,2,0
18465,6,1,0
18465,6,2,0
18465,7,0,0
18465,7,1,0
18465,7,2,0
18466,1,0,0
18466,2,1,0
18466,3,0,0
18466,3,1,0
18466,4,2,0
18466,5,0,0
18466,5,2,0
18466,6,1,0
18466,6,2,0
18466,7,0,0
18466,7,1,0
18466,7,2,0
18467,1,0,0
18467,2,1,0
18467,3,0,0
18467,3,1,0
18467,4,2,0
18467,5,0,0
18467,5,2,0
18467,6,1,0
18467,6,2,0
18467,7,0,0
18467,7,1,0
18467,7,2,0
18468,1,0,1
18468,2,1,0
18468,3,0,1
18468,3,1,0
18468,4,2,0
18468,5,0,1
18468,5,2,0
18468,6,1,0
18468,6,2,0
18468,7,0,1
18468,7,1,0
18468,7,2,0
18469,1,0,1
18469,2,1,0
18469,3,0,1
18469,3,1,0
18469,4,2,0
18469,5,0,1
18469,5,2,0
18469,6,1,0
18469,6,2,0
18469,7,0,1
18469,7,1,0
18469,7,2,0
18470,1,0,0
18470,2,1,0
18470,3,0,0
18470,3,1,0
18470,4,2,0
18470,5,0,0
18470,5,2,0
18470,6,1,0
18470,6,2,0
18470,7,0,0
18470,7,1,0
18470,7,2,0
18471,1,0,0
18471,2,1,0
18471,3,0,0
18471,3,1,0
18471,4,2,0
18471,5,0,0
18471,5,2,0
18471,6,1,0
18471,6,2,0
18471,7,0,0
18471,7,1,0
18471,7,2,0
18472,1,0,0
18472,2,1,0
18472,3,0,0
18472,3,1,0
18472,4,2,0
18472,5,0,0
18472,5,2,0
18472,6,1,0
18472,6,2,0
18472,7,0,0
18472,7,1,0
18472,7,2,0
18473,1,0,0
18473,2,1,0
18473,3,0,0
18473,3,1,0
18473,4,2,0
18473,5,0,0
18473,5,2,0
18473,6,1,0
18473,6,2,0
18473,7,0,0
18473,7,1,0
18473,7,2,0
18474,1,0,0
18474,2,1,0
18474,3,0,0
18474,3,1,0
18474,4,2,0
18474,5,0,0
18474,5,2,0
18474,6,1,0
18474,6,2,0
18474,7,0,0
18474,7,1,0
18474,7,2,0
18475,1,0,0
18475,2,1,0
18475,3,0,0
18475,3,1,0
18475,4,2,0
18475,5,0,0
18475,5,2,0
18475,6,1,0
18475,6,2,0
18475,7,0,0
18475,7,1,0
18475,7,2,0
18476,1,0,0
18476,2,1,0
18476,3,0,0
18476,3,1,0
18476,4,2,0
18476,5,0,0
18476,5,2,0
18476,6,1,0
18476,6,2,0
18476,7,0,0
18476,7,1,0
18476,7,2,0
18477,1,0,0
18477,2,1,0
18477,3,0,0
18477,3,1,0
18477,4,2,0
18477,5,0,0
18477,5,2,0
18477,6,1,0
18477,6,2,0
18477,7,0,0
18477,7,1,0
18477,7,2,0
18478,1,0,0
18478,2,1,0
18478,3,0,0
18478,3,1,0
18478,4,2,0
18478,5,0,0
18478,5,2,0
18478,6,1,0
18478,6,2,0
18478,7,0,0
18478,7,1,0
18478,7,2,0
18479,1,0,0
18479,2,1,0
18479,3,0,0
18479,3,1,0
18479,4,2,0
18479,5,0,0
18479,5,2,0
18479,6,1,0
18479,6,2,0
18479,7,0,0
18479,7,1,0
18479,7,2,0
18480,1,0,0
18480,2,1,0
18480,3,0,0
18480,3,1,0
18480,4,2,0
18480,5,0,0
18480,5,2,0
18480,6,1,0
18480,6,2,0
18480,7,0,0
18480,7,1,0
18480,7,2,0
18481,1,0,0
18481,2,1,0
18481,3,0,0
18481,3,1,0
18481,4,2,0
18481,5,0,0
18481,5,2,0
18481,6,1,0
18481,6,2,0
18481,7,0,0
18481,7,1,0
18481,7,2,0
18482,1,0,0
18482,2,1,0
18482,3,0,0
18482,3,1,0
18482,4,2,0
18482,5,0,0
18482,5,2,0
18482,6,1,0
18482,6,2,0
18482,7,0,0
18482,7,1,0
18482,7,2,0
18483,1,0,0
18483,2,1,0
18483,3,0,0
18483,3,1,0
18483,4,2,0
18483,5,0,0
18483,5,2,0
18483,6,1,0
18483,6,2,0
18483,7,0,0
18483,7,1,0
18483,7,2,0
18484,1,0,0
18484,2,1,0
18484,3,0,0
18484,3,1,0
18484,4,2,0
18484,5,0,0
18484,5,2,0
18484,6,1,0
18484,6,2,0
18484,7,0,0
18484,7,1,0
18484,7,2,0
18485,1,0,0
18485,2,1,0
18485,3,0,0
18485,3,1,0
18485,4,2,0
18485,5,0,0
18485,5,2,0
18485,6,1,0
18485,6,2,0
18485,7,0,0
18485,7,1,0
18485,7,2,0
18486,1,0,0
18486,2,1,0
18486,3,0,0
18486,3,1,0
18486,4,2,0
18486,5,0,0
18486,5,2,0
18486,6,1,0
18486,6,2,0
18486,7,0,0
18486,7,1,0
18486,7,2,0
18487,1,0,0
18487,2,1,0
18487,3,0,0
18487,3,1,0
18487,4,2,0
18487,5,0,0
18487,5,2,0
18487,6,1,0
18487,6,2,0
18487,7,0,0
18487,7,1,0
18487,7,2,0
18488,1,0,0
18488,2,1,0
18488,3,0,0
18488,3,1,0
18488,4,2,0
18488,5,0,0
18488,5,2,0
18488,6,1,0
18488,6,2,0
18488,7,0,0
18488,7,1,0
18488,7,2,0
18489,1,0,0
18489,2,1,0
18489,3,0,0
18489,3,1,0
18489,4,2,0
18489,5,0,0
18489,5,2,0
18489,6,1,0
18489,6,2,0
18489,7,0,0
18489,7,1,0
18489,7,2,0
18490,1,0,0
18490,2,1,0
18490,3,0,0
18490,3,1,0
18490,4,2,0
18490,5,0,0
18490,5,2,0
18490,6,1,0
18490,6,2,0
18490,7,0,0
18490,7,1,0
18490,7,2,0
18491,1,0,0
18491,2,1,0
18491,3,0,0
18491,3,1,0
18491,4,2,0
18491,5,0,0
18491,5,2,0
18491,6,1,0
18491,6,2,0
18491,7,0,0
18491,7,1,0
18491,7,2,0
18492,1,0,0
18492,2,1,0
18492,3,0,0
18492,3,1,0
18492,4,2,0
18492,5,0,0
18492,5,2,0
18492,6,1,0
18492,6,2,0
18492,7,0,0
18492,7,1,0
18492,7,2,0
18493,1,0,0
18493,2,1,0
18493,3,0,0
18493,3,1,0
18493,4,2,0
18493,5,0,0
18493,5,2,0
18493,6,1,0
18493,6,2,0
18493,7,0,0
18493,7,1,0
18493,7,2,0
18494,1,0,0
18494,2,1,0
18494,3,0,0
18494,3,1,0
18494,4,2,0
18494,5,0,0
18494,5,2,0
18494,6,1,0
18494,6,2,0
18494,7,0,0
18494,7,1,0
18494,7,2,0
18495,1,0,1
18495,2,1,0
18495,3,0,1
18495,3,1,0
18495,4,2,0
18495,5,0,1
18495,5,2,0
18495,6,1,0
18495,6,2,0
18495,7,0,1
18495,7,1,0
18495,7,2,0
18496,1,0,1
18496,2,1,0
18496,3,0,1
18496,3,1,0
18496,4,2,0
18496,5,0,1
18496,5,2,0
18496,6,1,0
18496,6,2,0
18496,7,0,1
18496,7,1,0
18496,7,2,0
18497,1,0,0
18497,2,1,0
18497,3,0,0
18497,3,1,0
18497,4,2,0
18497,5,0,0
18497,5,2,0
18497,6,1,0
18497,6,2,0
18497,7,0,0
18497,7,1,0
18497,7,2,0
18498,1,0,0
18498,2,1,0
18498,3,0,0
18498,3,1,0
18498,4,2,0
18498,5,0,0
18498,5,2,0
18498,6,1,0
18498,6,2,0
18498,7,0,0
18498,7,1,0
18498,7,2,0
18499,1,0,0
18499,2,1,0
18499,3,0,0
18499,3,1,0
18499,4,2,0
18499,5,0,0
18499,5,2,0
18499,6,1,0
18499,6,2,0
18499,7,0,0
18499,7,1,0
18499,7,2,0
18500,1,0,0
18500,2,1,0
18500,3,0,0
18500,3,1,0
18500,4,2,0
18500,5,0,0
18500,5,2,0
18500,6,1,0
18500,6,2,0
18500,7,0,0
18500,7,1,0
18500,7,2,0
18501,1,0,0
18501,2,1,0
18501,3,0,0
18501,3,1,0
18501,4,2,0
18501,5,0,0
18501,5,2,0
18501,6,1,0
18501,6,2,0
18501,7,0,0
18501,7,1,0
18501,7,2,0
18502,1,0,0
18502,2,1,0
18502,3,0,0
18502,3,1,0
18502,4,2,0
18502,5,0,0
18502,5,2,0
18502,6,1,0
18502,6,2,0
18502,7,0,0
18502,7,1,0
18502,7,2,0
18503,1,0,0
18503,2,1,0
18503,3,0,0
18503,3,1,0
18503,4,2,0
18503,5,0,0
18503,5,2,0
18503,6,1,0
18503,6,2,0
18503,7,0,0
18503,7,1,0
18503,7,2,0
18504,1,0,0
18504,2,1,0
18504,3,0,0
18504,3,1,0
18504,4,2,0
18504,5,0,0
18504,5,2,0
18504,6,1,0
18504,6,2,0
18504,7,0,0
18504,7,1,0
18504,7,2,0
18505,1,0,0
18505,2,1,0
18505,3,0,0
18505,3,1,0
18505,4,2,0
18505,5,0,0
18505,5,2,0
18505,6,1,0
18505,6,2,0
18505,7,0,0
18505,7,1,0
18505,7,2,0
18506,1,0,0
18506,2,1,0
18506,3,0,0
18506,3,1,0
18506,4,2,0
18506,5,0,0
18506,5,2,0
18506,6,1,0
18506,6,2,0
18506,7,0,0
18506,7,1,0
18506,7,2,0
18507,1,0,0
18507,2,1,0
18507,3,0,0
18507,3,1,0
18507,4,2,0
18507,5,0,0
18507,5,2,0
18507,6,1,0
18507,6,2,0
18507,7,0,0
18507,7,1,0
18507,7,2,0
18508,1,0,0
18508,2,1,0
18508,3,0,0
18508,3,1,0
18508,4,2,0
18508,5,0,0
18508,5,2,0
18508,6,1,0
18508,6,2,0
18508,7,0,0
18508,7,1,0
18508,7,2,0
18509,1,0,0
18509,2,1,0
18509,3,0,0
18509,3,1,0
18509,4,2,0
18509,5,0,0
18509,5,2,0
18509,6,1,0
18509,6,2,0
18509,7,0,0
18509,7,1,0
18509,7,2,0
18510,1,0,0
18510,2,1,0
18510,3,0,0
18510,3,1,0
18510,4,2,0
18510,5,0,0
18510,5,2,0
18510,6,1,0
18510,6,2,0
18510,7,0,0
18510,7,1,0
18510,7,2,0
18511,1,0,0
18511,2,1,0
18511,3,0,0
18511,3,1,0
18511,4,2,0
18511,5,0,0
18511,5,2,0
18511,6,1,0
18511,6,2,0
18511,7,0,0
18511,7,1,0
18511,7,2,0
18512,1,0,0
18512,2,1,0
18512,3,0,0
18512,3,1,0
18512,4,2,0
18512,5,0,0
18512,5,2,0
18512,6,1,0
18512,6,2,0
18512,7,0,0
18512,7,1,0
18512,7,2,0
18513,1,0,0
18513,2,1,0
18513,3,0,0
18513,3,1,0
18513,4,2,0
18513,5,0,0
18513,5,2,0
18513,6,1,0
18513,6,2,0
18513,7,0,0
18513,7,1,0
18513,7,2,0
18514,1,0,0
18514,2,1,0
18514,3,0,0
18514,3,1,0
18514,4,2,0
18514,5,0,0
18514,5,2,0
18514,6,1,0
18514,6,2,0
18514,7,0,0
18514,7,1,0
18514,7,2,0
18515,1,0,0
18515,2,1,0
18515,3,0,0
18515,3,1,0
18515,4,2,0
18515,5,0,0
18515,5,2,0
18515,6,1,0
18515,6,2,0
18515,7,0,0
18515,7,1,0
18515,7,2,0
18516,1,0,0
18516,2,1,0
18516,3,0,0
18516,3,1,0
18516,4,2,0
18516,5,0,0
18516,5,2,0
18516,6,1,0
18516,6,2,0
18516,7,0,0
18516,7,1,0
18516,7,2,0
18517,1,0,0
18517,2,1,0
18517,3,0,0
18517,3,1,0
18517,4,2,0
18517,5,0,0
18517,5,2,0
18517,6,1,0
18517,6,2,0
18517,7,0,0
18517,7,1,0
18517,7,2,0
18518,1,0,0
18518,2,1,0
18518,3,0,0
18518,3,1,0
18518,4,2,0
18518,5,0,0
18518,5,2,0
18518,6,1,0
18518,6,2,0
18518,7,0,0
18518,7,1,0
18518,7,2,0
18519,1,0,0
18519,2,1,0
18519,3,0,0
18519,3,1,0
18519,4,2,0
18519,5,0,0
18519,5,2,0
18519,6,1,0
18519,6,2,0
18519,7,0,0
18519,7,1,0
18519,7,2,0
18520,1,0,0
18520,2,1,0
18520,3,0,0
18520,3,1,0
18520,4,2,0
18520,5,0,0
18520,5,2,0
18520,6,1,0
18520,6,2,0
18520,7,0,0
18520,7,1,0
18520,7,2,0
18521,1,0,0
18521,2,1,0
18521,3,0,0
18521,3,1,0
18521,4,2,0
18521,5,0,0
18521,5,2,0
18521,6,1,0
18521,6,2,0
18521,7,0,0
18521,7,1,0
18521,7,2,0
18522,1,0,1
18522,2,1,0
18522,3,0,1
18522,3,1,0
18522,4,2,0
18522,5,0,1
18522,5,2,0
18522,6,1,0
18522,6,2,0
18522,7,0,1
18522,7,1,0
18522,7,2,0
18523,1,0,1
18523,2,1,0
18523,3,0,1
18523,3,1,0
18523,4,2,0
18523,5,0,1
18523,5,2,0
18523,6,1,0
18523,6,2,0
18523,7,0,1
18523,7,1,0
18523,7,2,0
18524,1,0,0
18524,2,1,0
18524,3,0,0
18524,3,1,0
18524,4,2,0
18524,5,0,0
18524,5,2,0
18524,6,1,0
18524,6,2,0
18524,7,0,0
18524,7,1,0
18524,7,2,0
18525,1,0,0
18525,2,1,0
18525,3,0,0
18525,3,1,0
18525,4,2,0
18525,5,0,0
18525,5,2,0
18525,6,1,0
18525,6,2,0
18525,7,0,0
18525,7,1,0
18525,7,2,0
18526,1,0,0
18526,2,1,0
18526,3,0,0
18526,3,1,0
18526,4,2,0
18526,5,0,0
18526,5,2,0
18526,6,1,0
18526,6,2,0
18526,7,0,0
18526,7,1,0
18526,7,2,0
18527,1,0,0
18527,2,1,0
18527,3,0,0
18527,3,1,0
18527,4,2,0
18527,5,0,0
18527,5,2,0
18527,6,1,0
18527,6,2,0
18527,7,0,0
18527,7,1,0
18527,7,2,0
18528,1,0,0
18528,2,1,0
18528,3,0,0
18528,3,1,0
18528,4,2,0
18528,5,0,0
18528,5,2,0
18528,6,1,0
18528,6,2,0
18528,7,0,0
18528,7,1,0
18528,7,2,0
18529,1,0,0
18529,2,1,0
18529,3,0,0
18529,3,1,0
18529,4,2,0
18529,5,0,0
18529,5,2,0
18529,6,1,0
18529,6,2,0
18529,7,0,0
18529,7,1,0
18529,7,2,0
18530,1,0,0
18530,2,1,0
18530,3,0,0
18530,3,1,0
18530,4,2,0
18530,5,0,0
18530,5,2,0
18530,6,1,0
18530,6,2,0
18530,7,0,0
18530,7,1,0
18530,7,2,0
18531,1,0,0
18531,2,1,0
18531,3,0,0
18531,3,1,0
18531,4,2,0
18531,5,0,0
18531,5,2,0
18531,6,1,0
18531,6,2,0
18531,7,0,0
18531,7,1,0
18531,7,2,0
18532,1,0,0
18532,2,1,0
18532,3,0,0
18532,3,1,0
18532,4,2,0
18532,5,0,0
18532,5,2,0
18532,6,1,0
18532,6,2,0
18532,7,0,0
18532,7,1,0
18532,7,2,0
18533,1,0,0
18533,2,1,0
18533,3,0,0
18533,3,1,0
18533,4,2,0
18533,5,0,0
18533,5,2,0
18533,6,1,0
18533,6,2,0
18533,7,0,0
18533,7,1,0
18533,7,2,0
18534,1,0,0
18534,2,1,0
18534,3,0,0
18534,3,1,0
18534,4,2,0
18534,5,0,0
18534,5,2,0
18534,6,1,0
18534,6,2,0
18534,7,0,0
18534,7,1,0
18534,7,2,0
18535,1,0,0
18535,2,1,0
18535,3,0,0
18535,3,1,0
18535,4,2,0
18535,5,0,0
18535,5,2,0
18535,6,1,0
18535,6,2,0
18535,7,0,0
18535,7,1,0
18535,7,2,0
18536,1,0,0
18536,2,1,0
18536,3,0,0
18536,3,1,0
18536,4,2,0
18536,5,0,0
18536,5,2,0
18536,6,1,0
18536,6,2,0
18536,7,0,0
18536,7,1,0
18536,7,2,0
18537,1,0,0
18537,2,1,0
18537,3,0,0
18537,3,1,0
18537,4,2,0
18537,5,0,0
18537,5,2,0
18537,6,1,0
18537,6,2,0
18537,7,0,0
18537,7,1,0
18537,7,2,0
18538,1,0,0
18538,2,1,0
18538,3,0,0
18538,3,1,0
18538,4,2,0
18538,5,0,0
18538,5,2,0
18538,6,1,0
18538,6,2,0
18538,7,0,0
18538,7,1,0
18538,7,2,0
18539,1,0,0
18539,2,1,0
18539,3,0,0
18539,3,1,0
18539,4,2,0
18539,5,0,0
18539,5,2,0
18539,6,1,0
18539,6,2,0
18539,7,0,0
18539,7,1,0
18539,7,2,0
18540,1,0,0
18540,2,1,0
18540,3,0,0
18540,3,1,0
18540,4,2,0
18540,5,0,0
18540,5,2,0
18540,6,1,0
18540,6,2,0
18540,7,0,0
18540,7,1,0
18540,7,2,0
18541,1,0,0
18541,2,1,0
18541,3,0,0
18541,3,1,0
18541,4,2,0
18541,5,0,0
18541,5,2,0
18541,6,1,0
18541,6,2,0
18541,7,0,0
18541,7,1,0
18541,7,2,0
18542,1,0,0
18542,2,1,0
18542,3,0,0
18542,3,1,0
18542,4,2,0
18542,5,0,0
18542,5,2,0
18542,6,1,0
18542,6,2,0
18542,7,0,0
18542,7,1,0
18542,7,2,0
18543,1,0,0
18543,2,1,0
18543,3,0,0
18543,3,1,0
18543,4,2,0
18543,5,0,0
18543,5,2,0
18543,6,1,0
18543,6,2,0
18543,7,0,0
18543,7,1,0
18543,7,2,0
18544,1,0,0
18544,2,1,0
18544,3,0,0
18544,3,1,0
18544,4,2,0
18544,5,0,0
18544,5,2,0
18544,6,1,0
18544,6,2,0
18544,7,0,0
18544,7,1,0
18544,7,2,0
18545,1,0,0
18545,2,1,0
18545,3,0,0
18545,3,1,0
18545,4,2,0
18545,5,0,0
18545,5,2,0
18545,6,1,0
18545,6,2,0
18545,7,0,0
18545,7,1,0
18545,7,2,0
18546,1,0,0
18546,2,1,0
18546,3,0,0
18546,3,1,0
18546,4,2,0
18546,5,0,0
18546,5,2,0
18546,6,1,0
18546,6,2,0
18546,7,0,0
18546,7,1,0
18546,7,2,0
18547,1,0,0
18547,2,1,0
18547,3,0,0
18547,3,1,0
18547,4,2,0
18547,5,0,0
18547,5,2,0
18547,6,1,0
18547,6,2,0
18547,7,0,0
18547,7,1,0
18547,7,2,0
18548,1,0,0
18548,2,1,0
18548,3,0,0
18548,3,1,0
18548,4,2,0
18548,5,0,0
18548,5,2,0
18548,6,1,0
18548,6,2,0
18548,7,0,0
18548,7,1,0
18548,7,2,0
18549,1,0,1
18549,2,1,0
18549,3,0,1
18549,3,1,0
18549,4,2,0
18549,5,0,1
18549,5,2,0
18549,6,1,0
18549,6,2,0
18549,7,0,1
18549,7,1,0
18549,7,2,0
18550,1,0,1
18550,2,1,0
18550,3,0,1
18550,3,1,0
18550,4,2,0
18550,5,0,1
18550,5,2,0
18550,6,1,0
18550,6,2,0
18550,7,0,1
18550,7,1,0
18550,7,2,0
18551,1,0,0
18551,2,1,0
18551,3,0,0
18551,3,1,0
18551,4,2,0
18551,5,0,0
18551,5,2,0
18551,6,1,0
18551,6,2,0
18551,7,0,0
18551,7,1,0
18551,7,2,0
18552,1,0,0
18552,2,1,0
18552,3,0,0
18552,3,1,0
18552,4,2,0
18552,5,0,0
18552,5,2,0
18552,6,1,0
18552,6,2,0
18552,7,0,0
18552,7,1,0
18552,7,2,0
18553,1,0,0
18553,2,1,0
18553,3,0,0
18553,3,1,0
18553,4,2,0
18553,5,0,0
18553,5,2,0
18553,6,1,0
18553,6,2,0
18553,7,0,0
18553,7,1,0
18553,7,2,0
18554,1,0,0
18554,2,1,0
18554,3,0,0
18554,3,1,0
18554,4,2,0
18554,5,0,0
18554,5,2,0
18554,6,1,0
18554,6,2,0
18554,7,0,0
18554,7,1,0
18554,7,2,0
18555,1,0,0
18555,2,1,0
18555,3,0,0
18555,3,1,0
18555,4,2,0
18555,5,0,0
18555,5,2,0
18555,6,1,0
18555,6,2,0
18555,7,0,0
18555,7,1,0
18555,7,2,0
18556,1,0,0
18556,2,1,0
18556,3,0,0
18556,3,1,0
18556,4,2,0
18556,5,0,0
18556,5,2,0
18556,6,1,0
18556,6,2,0
18556,7,0,0
18556,7,1,0
18556,7,2,0
18557,1,0,0
18557,2,1,0
18557,3,0,0
18557,3,1,0
18557,4,2,0
18557,5,0,0
18557,5,2,0
18557,6,1,0
18557,6,2,0
18557,7,0,0
18557,7,1,0
18557,7,2,0
18558,1,0,0
18558,2,1,0
18558,3,0,0
18558,3,1,0
18558,4,2,0
18558,5,0,0
18558,5,2,0
18558,6,1,0
18558,6,2,0
18558,7,0,0
18558,7,1,0
18558,7,2,0
18559,1,0,0
18559,2,1,0
18559,3,0,0
18559,3,1,0
18559,4,2,0
18559,5,0,0
18559,5,2,0
18559,6,1,0
18559,6,2,0
18559,7,0,0
18559,7,1,0
18559,7,2,0
18560,1,0,0
18560,2,1,0
18560,3,0,0
18560,3,1,0
18560,4,2,0
18560,5,0,0
18560,5,2,0
18560,6,1,0
18560,6,2,0
18560,7,0,0
18560,7,1,0
18560,7,2,0
18561,1,0,0
18561,2,1,0
18561,3,0,0
18561,3,1,0
18561,4,2,0
18561,5,0,0
18561,5,2,0
18561,6,1,0
18561,6,2,0
18561,7,0,0
18561,7,1,0
18561,7,2,0
18562,1,0,0
18562,2,1,0
18562,3,0,0
18562,3,1,0
18562,4,2,0
18562,5,0,0
18562,5,2,0
18562,6,1,0
18562,6,2,0
18562,7,0,0
18562,7,1,0
18562,7,2,0
18563,1,0,0
18563,2,1,0
18563,3,0,0
18563,3,1,0
18563,4,2,0
18563,5,0,0
18563,5,2,0
18563,6,1,0
18563,6,2,0
18563,7,0,0
18563,7,1,0
18563,7,2,0
18564,1,0,0
18564,2,1,0
18564,3,0,0
18564,3,1,0
18564,4,2,0
18564,5,0,0
18564,5,2,0
18564,6,1,0
18564,6,2,0
18564,7,0,0
18564,7,1,0
18564,7,2,0
18565,1,0,0
18565,2,1,0
18565,3,0,0
18565,3,1,0
18565,4,2,0
18565,5,0,0
18565,5,2,0
18565,6,1,0
18565,6,2,0
18565,7,0,0
18565,7,1,0
18565,7,2,0
18566,1,0,0
18566,2,1,0
18566,3,0,0
18566,3,1,0
18566,4,2,0
18566,5,0,0
18566,5,2,0
18566,6,1,0
18566,6,2,0
18566,7,0,0
18566,7,1,0
18566,7,2,0
18567,1,0,0
18567,2,1,0
18567,3,0,0
18567,3,1,0
18567,4,2,0
18567,5,0,0
18567,5,2,0
18567,6,1,0
18567,6,2,0
18567,7,0,0
18567,7,1,0
18567,7,2,0
18568,1,0,0
18568,2,1,0
18568,3,0,0
18568,3,1,0
18568,4,2,0
18568,5,0,0
18568,5,2,0
18568,6,1,0
18568,6,2,0
18568,7,0,0
18568,7,1,0
18568,7,2,0
18569,1,0,0
18569,2,1,0
18569,3,0,0
18569,3,1,0
18569,4,2,0
18569,5,0,0
18569,5,2,0
18569,6,1,0
18569,6,2,0
18569,7,0,0
18569,7,1,0
18569,7,2,0
18570,1,0,0
18570,2,1,0
18570,3,0,0
18570,3,1,0
18570,4,2,0
18570,5,0,0
18570,5,2,0
18570,6,1,0
18570,6,2,0
18570,7,0,0
18570,7,1,0
18570,7,2,0
18571,1,0,0
18571,2,1,0
18571,3,0,0
18571,3,1,0
18571,4,2,0
18571,5,0,0
18571,5,2,0
18571,6,1,0
18571,6,2,0
18571,7,0,0
18571,7,1,0
18571,7,2,0
18572,1,0,0
18572,2,1,0
18572,3,0,0
18572,3,1,0
18572,4,2,0
18572,5,0,0
18572,5,2,0
18572,6,1,0
18572,6,2,0
18572,7,0,0
18572,7,1,0
18572,7,2,0
18573,1,0,0
18573,2,1,0
18573,3,0,0
18573,3,1,0
18573,4,2,0
18573,5,0,0
18573,5,2,0
18573,6,1,0
18573,6,2,0
18573,7,0,0
18573,7,1,0
18573,7,2,0
18574,1,0,0
18574,2,1,0
18574,3,0,0
18574,3,1,0
18574,4,2,0
18574,5,0,0
18574,5,2,0
18574,6,1,0
18574,6,2,0
18574,7,0,0
18574,7,1,0
18574,7,2,0
18575,1,0,0
18575,2,1,0
18575,3,0,0
18575,3,1,0
18575,4,2,0
18575,5,0,0
18575,5,2,0
18575,6,1,0
18575,6,2,0
18575,7,0,0
18575,7,1,0
18575,7,2,0
18576,1,0,1
18576,2,1,0
18576,3,0,1
18576,3,1,0
18576,4,2,0
18576,5,0,1
18576,5,2,0
18576,6,1,0
18576,6,2,0
18576,7,0,1
18576,7,1,0
18576,7,2,0
18577,1,0,1
18577,2,1,0
18577,3,0,1
18577,3,1,0
18577,4,2,0
18577,5,0,1
18577,5,2,0
18577,6,1,0
18577,6,2,0
18577,7,0,1
18577,7,1,0
18577,7,2,0
18578,1,0,0
18578,2,1,0
18578,3,0,0
18578,3,1,0
18578,4,2,0
18578,5,0,0
18578,5,2,0
18578,6,1,0
18578,6,2,0
18578,7,0,0
18578,7,1,0
18578,7,2,0
18579,1,0,0
18579,2,1,0
18579,3,0,0
18579,3,1,0
18579,4,2,0
18579,5,0,0
18579,5,2,0
18579,6,1,0
18579,6,2,0
18579,7,0,0
18579,7,1,0
18579,7,2,0
18580,1,0,0
18580,2,1,0
18580,3,0,0
18580,3,1,0
18580,4,2,0
18580,5,0,0
18580,5,2,0
18580,6,1,0
18580,6,2,0
18580,7,0,0
18580,7,1,0
18580,7,2,0
18581,1,0,0
18581,2,1,0
18581,3,0,0
18581,3,1,0
18581,4,2,0
18581,5,0,0
18581,5,2,0
18581,6,1,0
18581,6,2,0
18581,7,0,0
18581,7,1,0
18581,7,2,0
18582,1,0,0
18582,2,1,0
18582,3,0,0
18582,3,1,0
18582,4,2,0
18582,5,0,0
18582,5,2,0
18582,6,1,0
18582,6,2,0
18582,7,0,0
18582,7,1,0
18582,7,2,0
18583,1,0,0
18583,2,1,0
18583,3,0,0
18583,3,1,0
18583,4,2,0
18583,5,0,0
18583,5,2,0
18583,6,1,0
18583,6,2,0
18583,7,0,0
18583,7,1,0
18583,7,2,0
18584,1,0,0
18584,2,1,0
18584,3,0,0
18584,3,1,0
18584,4,2,0
18584,5,0,0
18584,5,2,0
18584,6,1,0
18584,6,2,0
18584,7,0,0
18584,7,1,0
18584,7,2,0
18585,1,0,0
18585,2,1,0
18585,3,0,0
18585,3,1,0
18585,4,2,0
18585,5,0,0
18585,5,2,0
18585,6,1,0
18585,6,2,0
18585,7,0,0
18585,7,1,0
18585,7,2,0
18586,1,0,0
18586,2,1,0
18586,3,0,0
18586,3,1,0
18586,4,2,0
18586,5,0,0
18586,5,2,0
18586,6,1,0
18586,6,2,0
18586,7,0,0
18586,7,1,0
18586,7,2,0
18587,1,0,0
18587,2,1,0
18587,3,0,0
18587,3,1,0
18587,4,2,0
18587,5,0,0
18587,5,2,0
18587,6,1,0
18587,6,2,0
18587,7,0,0
18587,7,1,0
18587,7,2,0
18588,1,0,0
18588,2,1,0
18588,3,0,0
18588,3,1,0
18588,4,2,0
18588,5,0,0
18588,5,2,0
18588,6,1,0
18588,6,2,0
18588,7,0,0
18588,7,1,0
18588,7,2,0
18589,1,0,0
18589,2,1,0
18589,3,0,0
18589,3,1,0
18589,4,2,0
18589,5,0,0
18589,5,2,0
18589,6,1,0
18589,6,2,0
18589,7,0,0
18589,7,1,0
18589,7,2,0
18590,1,0,0
18590,2,1,0
18590,3,0,0
18590,3,1,0
18590,4,2,0
18590,5,0,0
18590,5,2,0
18590,6,1,0
18590,6,2,0
18590,7,0,0
18590,7,1,0
18590,7,2,0
18591,1,0,0
18591,2,1,0
18591,3,0,0
18591,3,1,0
18591,4,2,0
18591,5,0,0
18591,5,2,0
18591,6,1,0
18591,6,2,0
18591,7,0,0
18591,7,1,0
18591,7,2,0
18592,1,0,0
18592,2,1,0
18592,3,0,0
18592,3,1,0
18592,4,2,0
18592,5,0,0
18592,5,2,0
18592,6,1,0
18592,6,2,0
18592,7,0,0
18592,7,1,0
18592,7,2,0
18593,1,0,0
18593,2,1,0
18593,3,0,0
18593,3,1,0
18593,4,2,0
18593,5,0,0
18593,5,2,0
18593,6,1,0
18593,6,2,0
18593,7,0,0
18593,7,1,0
18593,7,2,0
18594,1,0,0
18594,2,1,0
18594,3,0,0
18594,3,1,0
18594,4,2,0
18594,5,0,0
18594,5,2,0
18594,6,1,0
18594,6,2,0
18594,7,0,0
18594,7,1,0
18594,7,2,0
18595,1,0,0
18595,2,1,0
18595,3,0,0
18595,3,1,0
18595,4,2,0
18595,5,0,0
18595,5,2,0
18595,6,1,0
18595,6,2,0
18595,7,0,0
18595,7,1,0
18595,7,2,0
18596,1,0,0
18596,2,1,0
18596,3,0,0
18596,3,1,0
18596,4,2,0
18596,5,0,0
18596,5,2,0
18596,6,1,0
18596,6,2,0
18596,7,0,0
18596,7,1,0
18596,7,2,0
18597,1,0,0
18597,2,1,0
18597,3,0,0
18597,3,1,0
18597,4,2,0
18597,5,0,0
18597,5,2,0
18597,6,1,0
18597,6,2,0
18597,7,0,0
18597,7,1,0
18597,7,2,0
18598,1,0,0
18598,2,1,0
18598,3,0,0
18598,3,1,0
18598,4,2,0
18598,5,0,0
18598,5,2,0
18598,6,1,0
18598,6,2,0
18598,7,0,0
18598,7,1,0
18598,7,2,0
18599,1,0,0
18599,2,1,0
18599,3,0,0
18599,3,1,0
18599,4,2,0
18599,5,0,0
18599,5,2,0
18599,6,1,0
18599,6,2,0
18599,7,0,0
18599,7,1,0
18599,7,2,0
18600,1,0,0
18600,2,1,0
18600,3,0,0
18600,3,1,0
18600,4,2,0
18600,5,0,0
18600,5,2,0
18600,6,1,0
18600,6,2,0
18600,7,0,0
18600,7,1,0
18600,7,2,0
18601,1,0,0
18601,2,1,0
18601,3,0,0
18601,3,1,0
18601,4,2,0
18601,5,0,0
18601,5,2,0
18601,6,1,0
18601,6,2,0
18601,7,0,0
18601,7,1,0
18601,7,2,0
18602,1,0,0
18602,2,1,0
18602,3,0,0
18602,3,1,0
18602,4,2,0
18602,5,0,0
18602,5,2,0
18602,6,1,0
18602,6,2,0
18602,7,0,0
18602,7,1,0
18602,7,2,0
18603,1,0,1
18603,2,1,0
18603,3,0,1
18603,3,1,0
18603,4,2,0
18603,5,0,1
18603,5,2,0
18603,6,1,0
18603,6,2,0
18603,7,0,1
18603,7,1,0
18603,7,2,0
18604,1,0,1
18604,2,1,0
18604,3,0,1
18604,3,1,0
18604,4,2,0
18604,5,0,1
18604,5,2,0
18604,6,1,0
18604,6,2,0
18604,7,0,1
18604,7,1,0
18604,7,2,0
18605,1,0,0
18605,2,1,0
18605,3,0,0
18605,3,1,0
18605,4,2,0
18605,5,0,0
18605,5,2,0
18605,6,1,0
18605,6,2,0
18605,7,0,0
18605,7,1,0
18605,7,2,0
18606,1,0,0
18606,2,1,0
18606,3,0,0
18606,3,1,0
18606,4,2,0
18606,5,0,0
18606,5,2,0
18606,6,1,0
18606,6,2,0
18606,7,0,0
18606,7,1,0
18606,7,2,0
18607,1,0,0
18607,2,1,0
18607,3,0,0
18607,3,1,0
18607,4,2,0
18607,5,0,0
18607,5,2,0
18607,6,1,0
18607,6,2,0
18607,7,0,0
18607,7,1,0
18607,7,2,0
18608,1,0,0
18608,2,1,0
18608,3,0,0
18608,3,1,0
18608,4,2,0
18608,5,0,0
18608,5,2,0
18608,6,1,0
18608,6,2,0
18608,7,0,0
18608,7,1,0
18608,7,2,0
18609,1,0,0
18609,2,1,0
18609,3,0,0
18609,3,1,0
18609,4,2,0
18609,5,0,0
18609,5,2,0
18609,6,1,0
18609,6,2,0
18609,7,0,0
18609,7,1,0
18609,7,2,0
18610,1,0,0
18610,2,1,0
18610,3,0,0
18610,3,1,0
18610,4,2,0
18610,5,0,0
18610,5,2,0
18610,6,1,0
18610,6,2,0
18610,7,0,0
18610,7,1,0
18610,7,2,0
18611,1,0,0
18611,2,1,0
18611,3,0,0
18611,3,1,0
18611,4,2,0
18611,5,0,0
18611,5,2,0
18611,6,1,0
18611,6,2,0
18611,7,0,0
18611,7,1,0
18611,7,2,0
18612,1,0,0
18612,2,1,0
18612,3,0,0
18612,3,1,0
18612,4,2,0
18612,5,0,0
18612,5,2,0
18612,6,1,0
18612,6,2,0
18612,7,0,0
18612,7,1,0
18612,7,2,0
18613,1,0,0
18613,2,1,0
18613,3,0,0
18613,3,1,0
18613,4,2,0
18613,5,0,0
18613,5,2,0
18613,6,1,0
18613,6,2,0
18613,7,0,0
18613,7,1,0
18613,7,2,0
18614,1,0,0
18614,2,1,0
18614,3,0,0
18614,3,1,0
18614,4,2,0
18614,5,0,0
18614,5,2,0
18614,6,1,0
18614,6,2,0
18614,7,0,0
18614,7,1,0
18614,7,2,0
18615,1,0,0
18615,2,1,0
18615,3,0,0
18615,3,1,0
18615,4,2,0
18615,5,0,0
18615,5,2,0
18615,6,1,0
18615,6,2,0
18615,7,0,0
18615,7,1,0
18615,7,2,0
18616,1,0,0
18616,2,1,0
18616,3,0,0
18616,3,1,0
18616,4,2,0
18616,5,0,0
18616,5,2,0
18616,6,1,0
18616,6,2,0
18616,7,0,0
18616,7,1,0
18616,7,2,0
18617,1,0,0
18617,2,1,0
18617,3,0,0
18617,3,1,0
18617,4,2,0
18617,5,0,0
18617,5,2,0
18617,6,1,0
18617,6,2,0
18617,7,0,0
18617,7,1,0
18617,7,2,0
18618,1,0,0
18618,2,1,0
18618,3,0,0
18618,3,1,0
18618,4,2,0
18618,5,0,0
18618,5,2,0
18618,6,1,0
18618,6,2,0
18618,7,0,0
18618,7,1,0
18618,7,2,0
18619,1,0,0
18619,2,1,0
18619,3,0,0
18619,3,1,0
18619,4,2,0
18619,5,0,0
18619,5,2,0
18619,6,1,0
18619,6,2,0
18619,7,0,0
18619,7,1,0
18619,7,2,0
18620,1,0,0
18620,2,1,0
18620,3,0,0
18620,3,1,0
18620,4,2,0
18620,5,0,0
18620,5,2,0
18620,6,1,0
18620,6,2,0
18620,7,0,0
18620,7,1,0
18620,7,2,0
18621,1,0,0
18621,2,1,0
18621,3,0,0
18621,3,1,0
18621,4,2,0
18621,5,0,0
18621,5,2,0
18621,6,1,0
18621,6,2,0
18621,7,0,0
18621,7,1,0
18621,7,2,0
18622,1,0,0
18622,2,1,0
18622,3,0,0
18622,3,1,0
18622,4,2,0
18622,5,0,0
18622,5,2,0
18622,6,1,0
18622,6,2,0
18622,7,0,0
18622,7,1,0
18622,7,2,0
18623,1,0,0
18623,2,1,0
18623,3,0,0
18623,3,1,0
18623,4,2,0
18623,5,0,0
18623,5,2,0
18623,6,1,0
18623,6,2,0
18623,7,0,0
18623,7,1,0
18623,7,2,0
18624,1,0,0
18624,2,1,0
18624,3,0,0
18624,3,1,0
18624,4,2,0
18624,5,0,0
18624,5,2,0
18624,6,1,0
18624,6,2,0
18624,7,0,0
18624,7,1,0
18624,7,2,0
18625,1,0,0
18625,2,1,0
18625,3,0,0
18625,3,1,0
18625,4,2,0
18625,5,0,0
18625,5,2,0
18625,6,1,0
18625,6,2,0
18625,7,0,0
18625,7,1,0
18625,7,2,0
18626,1,0,0
18626,2,1,0
18626,3,0,0
18626,3,1,0
18626,4,2,0
18626,5,0,0
18626,5,2,0
18626,6,1,0
18626,6,2,0
18626,7,0,0
18626,7,1,0
18626,7,2,0
18627,1,0,0
18627,2,1,0
18627,3,0,0
18627,3,1,0
18627,4,2,0
18627,5,0,0
18627,5,2,0
18627,6,1,0
18627,6,2,0
18627,7,0,0
18627,7,1,0
18627,7,2,0
18628,1,0,0
18628,2,1,0
18628,3,0,0
18628,3,1,0
18628,4,2,0
18628,5,0,0
18628,5,2,0
18628,6,1,0
18628,6,2,0
18628,7,0,0
18628,7,1,0
18628,7,2,0
18629,1,0,0
18629,2,1,0
18629,3,0,0
18629,3,1,0
18629,4,2,0
18629,5,0,0
18629,5,2,0
18629,6,1,0
18629,6,2,0
18629,7,0,0
18629,7,1,0
18629,7,2,0
18630,1,0,1
18630,2,1,0
18630,3,0,1
18630,3,1,0
18630,4,2,0
18630,5,0,1
18630,5,2,0
18630,6,1,0
18630,6,2,0
18630,7,0,1
18630,7,1,0
18630,7,2,0
18631,1,0,1
18631,2,1,0
18631,3,0,1
18631,3,1,0
18631,4,2,0
18631,5,0,1
18631,5,2,0
18631,6,1,0
18631,6,2,0
18631,7,0,1
18631,7,1,0
18631,7,2,0
18632,1,0,0
18632,2,1,0
18632,3,0,0
18632,3,1,0
18632,4,2,0
18632,5,0,0
18632,5,2,0
18632,6,1,0
18632,6,2,0
18632,7,0,0
18632,7,1,0
18632,7,2,0
18633,1,0,0
18633,2,1,0
18633,3,0,0
18633,3,1,0
18633,4,2,0
18633,5,0,0
18633,5,2,0
18633,6,1,0
18633,6,2,0
18633,7,0,0
18633,7,1,0
18633,7,2,0
18634,1,0,0
18634,2,1,0
18634,3,0,0
18634,3,1,0
18634,4,2,0
18634,5,0,0
18634,5,2,0
18634,6,1,0
18634,6,2,0
18634,7,0,0
18634,7,1,0
18634,7,2,0
18635,1,0,0
18635,2,1,0
18635,3,0,0
18635,3,1,0
18635,4,2,0
18635,5,0,0
18635,5,2,0
18635,6,1,0
18635,6,2,0
18635,7,0,0
18635,7,1,0
18635,7,2,0
18636,1,0,0
18636,2,1,0
18636,3,0,0
18636,3,1,0
18636,4,2,0
18636,5,0,0
18636,5,2,0
18636,6,1,0
18636,6,2,0
18636,7,0,0
18636,7,1,0
18636,7,2,0
18637,1,0,0
18637,2,1,0
18637,3,0,0
18637,3,1,0
18637,4,2,0
18637,5,0,0
18637,5,2,0
18637,6,1,0
18637,6,2,0
18637,7,0,0
18637,7,1,0
18637,7,2,0
18638,1,0,0
18638,2,1,0
18638,3,0,0
18638,3,1,0
18638,4,2,0
18638,5,0,0
18638,5,2,0
18638,6,1,0
18638,6,2,0
18638,7,0,0
18638,7,1,0
18638,7,2,0
18639,1,0,0
18639,2,1,0
18639,3,0,0
18639,3,1,0
18639,4,2,0
18639,5,0,0
18639,5,2,0
18639,6,1,0
18639,6,2,0
18639,7,0,0
18639,7,1,0
18639,7,2,0
18640,1,0,0
18640,2,1,0
18640,3,0,0
18640,3,1,0
18640,4,2,0
18640,5,0,0
18640,5,2,0
18640,6,1,0
18640,6,2,0
18640,7,0,0
18640,7,1,0
18640,7,2,0
18641,1,0,0
18641,2,1,0
18641,3,0,0
18641,3,1,0
18641,4,2,0
18641,5,0,0
18641,5,2,0
18641,6,1,0
18641,6,2,0
18641,7,0,0
18641,7,1,0
18641,7,2,0
18642,1,0,0
18642,2,1,0
18642,3,0,0
18642,3,1,0
18642,4,2,0
18642,5,0,0
18642,5,2,0
18642,6,1,0
18642,6,2,0
18642,7,0,0
18642,7,1,0
18642,7,2,0
18643,1,0,0
18643,2,1,0
18643,3,0,0
18643,3,1,0
18643,4,2,0
18643,5,0,0
18643,5,2,0
18643,6,1,0
18643,6,2,0
18643,7,0,0
18643,7,1,0
18643,7,2,0
18644,1,0,0
18644,2,1,0
18644,3,0,0
18644,3,1,0
18644,4,2,0
18644,5,0,0
18644,5,2,0
18644,6,1,0
18644,6,2,0
18644,7,0,0
18644,7,1,0
18644,7,2,0
18645,1,0,0
18645,2,1,0
18645,3,0,0
18645,3,1,0
18645,4,2,0
18645,5,0,0
18645,5,2,0
18645,6,1,0
18645,6,2,0
18645,7,0,0
18645,7,1,0
18645,7,2,0
18646,1,0,0
18646,2,1,0
18646,3,0,0
18646,3,1,0
18646,4,2,0
18646,5,0,0
18646,5,2,0
18646,6,1,0
18646,6,2,0
18646,7,0,0
18646,7,1,0
18646,7,2,0
18647,1,0,0
18647,2,1,0
18647,3,0,0
18647,3,1,0
18647,4,2,0
18647,5,0,0
18647,5,2,0
18647,6,1,0
18647,6,2,0
18647,7,0,0
18647,7,1,0
18647,7,2,0
18648,1,0,0
18648,2,1,0
18648,3,0,0
18648,3,1,0
18648,4,2,0
18648,5,0,0
18648,5,2,0
18648,6,1,0
18648,6,2,0
18648,7,0,0
18648,7,1,0
18648,7,2,0
18649,1,0,0
18649,2,1,0
18649,3,0,0
18649,3,1,0
18649,4,2,0
18649,5,0,0
18649,5,2,0
18649,6,1,0
18649,6,2,0
18649,7,0,0
18649,7,1,0
18649,7,2,0
18650,1,0,0
18650,2,1,0
18650,3,0,0
18650,3,1,0
18650,4,2,0
18650,5,0,0
18650,5,2,0
18650,6,1,0
18650,6,2,0
18650,7,0,0
18650,7,1,0
18650,7,2,0
18651,1,0,0
18651,2,1,0
18651,3,0,0
18651,3,1,0
18651,4,2,0
18651,5,0,0
18651,5,2,0
18651,6,1,0
18651,6,2,0
18651,7,0,0
18651,7,1,0
18651,7,2,0
18652,1,0,0
18652,2,1,0
18652,3,0,0
18652,3,1,0
18652,4,2,0
18652,5,0,0
18652,5,2,0
18652,6,1,0
18652,6,2,0
18652,7,0,0
18652,7,1,0
18652,7,2,0
18653,1,0,0
18653,2,1,0
18653,3,0,0
18653,3,1,0
18653,4,2,0
18653,5,0,0
18653,5,2,0
18653,6,1,0
18653,6,2,0
18653,7,0,0
18653,7,1,0
18653,7,2,0
18654,1,0,0
18654,2,1,0
18654,3,0,0
18654,3,1,0
18654,4,2,0
18654,5,0,0
18654,5,2,0
18654,6,1,0
18654,6,2,0
18654,7,0,0
18654,7,1,0
18654,7,2,0
18655,1,0,0
18655,2,1,0
18655,3,0,0
18655,3,1,0
18655,4,2,0
18655,5,0,0
18655,5,2,0
18655,6,1,0
18655,6,2,0
18655,7,0,0
18655,7,1,0
18655,7,2,0
18656,1,0,0
18656,2,1,0
18656,3,0,0
18656,3,1,0
18656,4,2,0
18656,5,0,0
18656,5,2,0
18656,6,1,0
18656,6,2,0
18656,7,0,0
18656,7,1,0
18656,7,2,0
18657,1,0,1
18657,2,1,0
18657,3,0,1
18657,3,1,0
18657,4,2,0
18657,5,0,1
18657,5,2,0
18657,6,1,0
18657,6,2,0
18657,7,0,1
18657,7,1,0
18657,7,2,0
18658,1,0,1
18658,2,1,0
18658,3,0,1
18658,3,1,0
18658,4,2,0
18658,5,0,1
18658,5,2,0
18658,6,1,0
18658,6,2,0
18658,7,0,1
18658,7,1,0
18658,7,2,0
18659,1,0,0
18659,2,1,0
18659,3,0,0
18659,3,1,0
18659,4,2,0
18659,5,0,0
18659,5,2,0
18659,6,1,0
18659,6,2,0
18659,7,0,0
18659,7,1,0
18659,7,2,0
18660,1,0,0
18660,2,1,0
18660,3,0,0
18660,3,1,0
18660,4,2,0
18660,5,0,0
18660,5,2,0
18660,6,1,0
18660,6,2,0
18660,7,0,0
18660,7,1,0
18660,7,2,0
18661,1,0,0
18661,2,1,0
18661,3,0,0
18661,3,1,0
18661,4,2,0
18661,5,0,0
18661,5,2,0
18661,6,1,0
18661,6,2,0
18661,7,0,0
18661,7,1,0
18661,7,2,0
18662,1,0,0
18662,2,1,0
18662,3,0,0
18662,3,1,0
18662,4,2,0
18662,5,0,0
18662,5,2,0
18662,6,1,0
18662,6,2,0
18662,7,0,0
18662,7,1,0
18662,7,2,0
18663,1,0,0
18663,2,1,0
18663,3,0,0
18663,3,1,0
18663,4,2,0
18663,5,0,0
18663,5,2,0
18663,6,1,0
18663,6,2,0
18663,7,0,0
18663,7,1,0
18663,7,2,0
18664,1,0,0
18664,2,1,0
18664,3,0,0
18664,3,1,0
18664,4,2,0
18664,5,0,0
18664,5,2,0
18664,6,1,0
18664,6,2,0
18664,7,0,0
18664,7,1,0
18664,7,2,0
18665,1,0,0
18665,2,1,0
18665,3,0,0
18665,3,1,0
18665,4,2,0
18665,5,0,0
18665,5,2,0
18665,6,1,0
18665,6,2,0
18665,7,0,0
18665,7,1,0
18665,7,2,0
18666,1,0,0
18666,2,1,0
18666,3,0,0
18666,3,1,0
18666,4,2,0
18666,5,0,0
18666,5,2,0
18666,6,1,0
18666,6,2,0
18666,7,0,0
18666,7,1,0
18666,7,2,0
18667,1,0,0
18667,2,1,0
18667,3,0,0
18667,3,1,0
18667,4,2,0
18667,5,0,0
18667,5,2,0
18667,6,1,0
18667,6,2,0
18667,7,0,0
18667,7,1,0
18667,7,2,0
18668,1,0,0
18668,2,1,0
18668,3,0,0
18668,3,1,0
18668,4,2,0
18668,5,0,0
18668,5,2,0
18668,6,1,0
18668,6,2,0
18668,7,0,0
18668,7,1,0
18668,7,2,0
18669,1,0,0
18669,2,1,0
18669,3,0,0
18669,3,1,0
18669,4,2,0
18669,5,0,0
18669,5,2,0
18669,6,1,0
18669,6,2,0
18669,7,0,0
18669,7,1,0
18669,7,2,0
18670,1,0,0
18670,2,1,0
18670,3,0,0
18670,3,1,0
18670,4,2,0
18670,5,0,0
18670,5,2,0
18670,6,1,0
18670,6,2,0
18670,7,0,0
18670,7,1,0
18670,7,2,0
18671,1,0,0
18671,2,1,0
18671,3,0,0
18671,3,1,0
18671,4,2,0
18671,5,0,0
18671,5,2,0
18671,6,1,0
18671,6,2,0
18671,7,0,0
18671,7,1,0
18671,7,2,0
18672,1,0,0
18672,2,1,0
18672,3,0,0
18672,3,1,0
18672,4,2,0
18672,5,0,0
18672,5,2,0
18672,6,1,0
18672,6,2,0
18672,7,0,0
18672,7,1,0
18672,7,2,0
18673,1,0,0
18673,2,1,0
18673,3,0,0
18673,3,1,0
18673,4,2,0
18673,5,0,0
18673,5,2,0
18673,6,1,0
18673,6,2,0
18673,7,0,0
18673,7,1,0
18673,7,2,0
18674,1,0,0
18674,2,1,0
18674,3,0,0
18674,3,1,0
18674,4,2,0
18674,5,0,0
18674,5,2,0
18674,6,1,0
18674,6,2,0
18674,7,0,0
18674,7,1,0
18674,7,2,0
18675,1,0,0
18675,2,1,0
18675,3,0,0
18675,3,1,0
18675,4,2,0
18675,5,0,0
18675,5,2,0
18675,6,1,0
18675,6,2,0
18675,7,0,0
18675,7,1,0
18675,7,2,0
18676,1,0,0
18676,2,1,0
18676,3,0,0
18676,3,1,0
18676,4,2,0
18676,5,0,0
18676,5,2,0
18676,6,1,0
18676,6,2,0
18676,7,0,0
18676,7,1,0
18676,7,2,0
18677,1,0,0
18677,2,1,0
18677,3,0,0
18677,3,1,0
18677,4,2,0
18677,5,0,0
18677,5,2,0
18677,6,1,0
18677,6,2,0
18677,7,0,0
18677,7,1,0
18677,7,2,0
18678,1,0,0
18678,2,1,0
18678,3,0,0
18678,3,1,0
18678,4,2,0
18678,5,0,0
18678,5,2,0
18678,6,1,0
18678,6,2,0
18678,7,0,0
18678,7,1,0
18678,7,2,0
18679,1,0,0
18679,2,1,0
18679,3,0,0
18679,3,1,0
18679,4,2,0
18679,5,0,0
18679,5,2,0
18679,6,1,0
18679,6,2,0
18679,7,0,0
18679,7,1,0
18679,7,2,0
18680,1,0,0
18680,2,1,0
18680,3,0,0
18680,3,1,0
18680,4,2,0
18680,5,0,0
18680,5,2,0
18680,6,1,0
18680,6,2,0
18680,7,0,0
18680,7,1,0
18680,7,2,0
18681,1,0,0
18681,2,1,0
18681,3,0,0
18681,3,1,0
18681,4,2,0
18681,5,0,0
18681,5,2,0
18681,6,1,0
18681,6,2,0
18681,7,0,0
18681,7,1,0
18681,7,2,0
18682,1,0,0
18682,2,1,0
18682,3,0,0
18682,3,1,0
18682,4,2,0
18682,5,0,0
18682,5,2,0
18682,6,1,0
18682,6,2,0
18682,7,0,0
18682,7,1,0
18682,7,2,0
18683,1,0,0
18683,2,1,0
18683,3,0,0
18683,3,1,0
18683,4,2,0
18683,5,0,0
18683,5,2,0
18683,6,1,0
18683,6,2,0
18683,7,0,0
18683,7,1,0
18683,7,2,0
18684,1,0,1
18684,2,1,0
18684,3,0,1
18684,3,1,0
18684,4,2,0
18684,5,0,1
18684,5,2,0
18684,6,1,0
18684,6,2,0
18684,7,0,1
18684,7,1,0
18684,7,2,0
18685,1,0,1
18685,2,1,0
18685,3,0,1
18685,3,1,0
18685,4,2,0
18685,5,0,1
18685,5,2,0
18685,6,1,0
18685,6,2,0
18685,7,0,1
18685,7,1,0
18685,7,2,0
18686,1,0,0
18686,2,1,0
18686,3,0,0
18686,3,1,0
18686,4,2,0
18686,5,0,0
18686,5,2,0
18686,6,1,0
18686,6,2,0
18686,7,0,0
18686,7,1,0
18686,7,2,0
18687,1,0,0
18687,2,1,0
18687,3,0,0
18687,3,1,0
18687,4,2,0
18687,5,0,0
18687,5,2,0
18687,6,1,0
18687,6,2,0
18687,7,0,0
18687,7,1,0
18687,7,2,0
18688,1,0,0
18688,2,1,0
18688,3,0,0
18688,3,1,0
18688,4,2,0
18688,5,0,0
18688,5,2,0
18688,6,1,0
18688,6,2,0
18688,7,0,0
18688,7,1,0
18688,7,2,0
18689,1,0,0
18689,2,1,0
18689,3,0,0
18689,3,1,0
18689,4,2,0
18689,5,0,0
18689,5,2,0
18689,6,1,0
18689,6,2,0
18689,7,0,0
18689,7,1,0
18689,7,2,0
18690,1,0,0
18690,2,1,0
18690,3,0,0
18690,3,1,0
18690,4,2,0
18690,5,0,0
18690,5,2,0
18690,6,1,0
18690,6,2,0
18690,7,0,0
18690,7,1,0
18690,7,2,0
18691,1,0,0
18691,2,1,0
18691,3,0,0
18691,3,1,0
18691,4,2,0
18691,5,0,0
18691,5,2,0
18691,6,1,0
18691,6,2,0
18691,7,0,0
18691,7,1,0
18691,7,2,0
18692,1,0,0
18692,2,1,0
18692,3,0,0
18692,3,1,0
18692,4,2,0
18692,5,0,0
18692,5,2,0
18692,6,1,0
18692,6,2,0
18692,7,0,0
18692,7,1,0
18692,7,2,0
18693,1,0,0
18693,2,1,0
18693,3,0,0
18693,3,1,0
18693,4,2,0
18693,5,0,0
18693,5,2,0
18693,6,1,0
18693,6,2,0
18693,7,0,0
18693,7,1,0
18693,7,2,0
18694,1,0,0
18694,2,1,0
18694,3,0,0
18694,3,1,0
18694,4,2,0
18694,5,0,0
18694,5,2,0
18694,6,1,0
18694,6,2,0
18694,7,0,0
18694,7,1,0
18694,7,2,0
18695,1,0,0
18695,2,1,0
18695,3,0,0
18695,3,1,0
18695,4,2,0
18695,5,0,0
18695,5,2,0
18695,6,1,0
18695,6,2,0
18695,7,0,0
18695,7,1,0
18695,7,2,0
18696,1,0,0
18696,2,1,0
18696,3,0,0
18696,3,1,0
18696,4,2,0
18696,5,0,0
18696,5,2,0
18696,6,1,0
18696,6,2,0
18696,7,0,0
18696,7,1,0
18696,7,2,0
18697,1,0,0
18697,2,1,0
18697,3,0,0
18697,3,1,0
18697,4,2,0
18697,5,0,0
18697,5,2,0
18697,6,1,0
18697,6,2,0
18697,7,0,0
18697,7,1,0
18697,7,2,0
18698,1,0,0
18698,2,1,0
18698,3,0,0
18698,3,1,0
18698,4,2,0
18698,5,0,0
18698,5,2,0
18698,6,1,0
18698,6,2,0
18698,7,0,0
18698,7,1,0
18698,7,2,0
18699,1,0,0
18699,2,1,0
18699,3,0,0
18699,3,1,0
18699,4,2,0
18699,5,0,0
18699,5,2,0
18699,6,1,0
18699,6,2,0
18699,7,0,0
18699,7,1,0
18699,7,2,0
18700,1,0,0
18700,2,1,0
18700,3,0,0
18700,3,1,0
18700,4,2,0
18700,5,0,0
18700,5,2,0
18700,6,1,0
18700,6,2,0
18700,7,0,0
18700,7,1,0
18700,7,2,0
18701,1,0,0
18701,2,1,0
18701,3,0,0
18701,3,1,0
18701,4,2,0
18701,5,0,0
18701,5,2,0
18701,6,1,0
18701,6,2,0
18701,7,0,0
18701,7,1,0
18701,7,2,0
18702,1,0,0
18702,2,1,0
18702,3,0,0
18702,3,1,0
18702,4,2,0
18702,5,0,0
18702,5,2,0
18702,6,1,0
18702,6,2,0
18702,7,0,0
18702,7,1,0
18702,7,2,0
18703,1,0,0
18703,2,1,0
18703,3,0,0
18703,3,1,0
18703,4,2,0
18703,5,0,0
18703,5,2,0
18703,6,1,0
18703,6,2,0
18703,7,0,0
18703,7,1,0
18703,7,2,0
18704,1,0,0
18704,2,1,0
18704,3,0,0
18704,3,1,0
18704,4,2,0
18704,5,0,0
18704,5,2,0
18704,6,1,0
18704,6,2,0
18704,7,0,0
18704,7,1,0
18704,7,2,0
18705,1,0,0
18705,2,1,0
18705,3,0,0
18705,3,1,0
18705,4,2,0
18705,5,0,0
18705,5,2,0
18705,6,1,0
18705,6,2,0
18705,7,0,0
18705,7,1,0
18705,7,2,0
18706,1,0,0
18706,2,1,0
18706,3,0,0
18706,3,1,0
18706,4,2,0
18706,5,0,0
18706,5,2,0
18706,6,1,0
18706,6,2,0
18706,7,0,0
18706,7,1,0
18706,7,2,0
18707,1,0,0
18707,2,1,0
18707,3,0,0
18707,3,1,0
18707,4,2,0
18707,5,0,0
18707,5,2,0
18707,6,1,0
18707,6,2,0
18707,7,0,0
18707,7,1,0
18707,7,2,0
18708,1,0,0
18708,2,1,0
18708,3,0,0
18708,3,1,0
18708,4,2,0
18708,5,0,0
18708,5,2,0
18708,6,1,0
18708,6,2,0
18708,7,0,0
18708,7,1,0
18708,7,2,0
18709,1,0,0
18709,2,1,0
18709,3,0,0
18709,3,1,0
18709,4,2,0
18709,5,0,0
18709,5,2,0
18709,6,1,0
18709,6,2,0
18709,7,0,0
18709,7,1,0
18709,7,2,0
18710,1,0,0
18710,2,1,0
18710,3,0,0
18710,3,1,0
18710,4,2,0
18710,5,0,0
18710,5,2,0
18710,6,1,0
18710,6,2,0
18710,7,0,0
18710,7,1,0
18710,7,2,0
18711,1,0,1
18711,2,1,0
18711,3,0,1
18711,3,1,0
18711,4,2,0
18711,5,0,1
18711,5,2,0
18711,6,1,0
18711,6,2,0
18711,7,0,1
18711,7,1,0
18711,7,2,0
18712,1,0,1
18712,2,1,0
18712,3,0,1
18712,3,1,0
18712,4,2,0
18712,5,0,1
18712,5,2,0
18712,6,1,0
18712,6,2,0
18712,7,0,1
18712,7,1,0
18712,7,2,0
18713,1,0,0
18713,2,1,0
18713,3,0,0
18713,3,1,0
18713,4,2,0
18713,5,0,0
18713,5,2,0
18713,6,1,0
18713,6,2,0
18713,7,0,0
18713,7,1,0
18713,7,2,0
18714,1,0,0
18714,2,1,0
18714,3,0,0
18714,3,1,0
18714,4,2,0
18714,5,0,0
18714,5,2,0
18714,6,1,0
18714,6,2,0
18714,7,0,0
18714,7,1,0
18714,7,2,0
18715,1,0,0
18715,2,1,0
18715,3,0,0
18715,3,1,0
18715,4,2,0
18715,5,0,0
18715,5,2,0
18715,6,1,0
18715,6,2,0
18715,7,0,0
18715,7,1,0
18715,7,2,0
18716,1,0,0
18716,2,1,0
18716,3,0,0
18716,3,1,0
18716,4,2,0
18716,5,0,0
18716,5,2,0
18716,6,1,0
18716,6,2,0
18716,7,0,0
18716,7,1,0
18716,7,2,0
18717,1,0,0
18717,2,1,0
18717,3,0,0
18717,3,1,0
18717,4,2,0
18717,5,0,0
18717,5,2,0
18717,6,1,0
18717,6,2,0
18717,7,0,0
18717,7,1,0
18717,7,2,0
18718,1,0,0
18718,2,1,0
18718,3,0,0
18718,3,1,0
18718,4,2,0
18718,5,0,0
18718,5,2,0
18718,6,1,0
18718,6,2,0
18718,7,0,0
18718,7,1,0
18718,7,2,0
18719,1,0,0
18719,2,1,0
18719,3,0,0
18719,3,1,0
18719,4,2,0
18719,5,0,0
18719,5,2,0
18719,6,1,0
18719,6,2,0
18719,7,0,0
18719,7,1,0
18719,7,2,0
18720,1,0,0
18720,2,1,0
18720,3,0,0
18720,3,1,0
18720,4,2,0
18720,5,0,0
18720,5,2,0
18720,6,1,0
18720,6,2,0
18720,7,0,0
18720,7,1,0
18720,7,2,0
18721,1,0,0
18721,2,1,0
18721,3,0,0
18721,3,1,0
18721,4,2,0
18721,5,0,0
18721,5,2,0
18721,6,1,0
18721,6,2,0
18721,7,0,0
18721,7,1,0
18721,7,2,0
18722,1,0,0
18722,2,1,0
18722,3,0,0
18722,3,1,0
18722,4,2,0
18722,5,0,0
18722,5,2,0
18722,6,1,0
18722,6,2,0
18722,7,0,0
18722,7,1,0
18722,7,2,0
18723,1,0,0
18723,2,1,0
18723,3,0,0
18723,3,1,0
18723,4,2,0
18723,5,0,0
18723,5,2,0
18723,6,1,0
18723,6,2,0
18723,7,0,0
18723,7,1,0
18723,7,2,0
18724,1,0,0
18724,2,1,0
18724,3,0,0
18724,3,1,0
18724,4,2,0
18724,5,0,0
18724,5,2,0
18724,6,1,0
18724,6,2,0
18724,7,0,0
18724,7,1,0
18724,7,2,0
18725,1,0,0
18725,2,1,0
18725,3,0,0
18725,3,1,0
18725,4,2,0
18725,5,0,0
18725,5,2,0
18725,6,1,0
18725,6,2,0
18725,7,0,0
18725,7,1,0
18725,7,2,0
18726,1,0,0
18726,2,1,0
18726,3,0,0
18726,3,1,0
18726,4,2,0
18726,5,0,0
18726,5,2,0
18726,6,1,0
18726,6,2,0
18726,7,0,0
18726,7,1,0
18726,7,2,0
18727,1,0,0
18727,2,1,0
18727,3,0,0
18727,3,1,0
18727,4,2,0
18727,5,0,0
18727,5,2,0
18727,6,1,0
18727,6,2,0
18727,7,0,0
18727,7,1,0
18727,7,2,0
18728,1,0,0
18728,2,1,0
18728,3,0,0
18728,3,1,0
18728,4,2,0
18728,5,0,0
18728,5,2,0
18728,6,1,0
18728,6,2,0
18728,7,0,0
18728,7,1,0
18728,7,2,0
18729,1,0,0
18729,2,1,0
18729,3,0,0
18729,3,1,0
18729,4,2,0
18729,5,0,0
18729,5,2,0
18729,6,1,0
18729,6,2,0
18729,7,0,0
18729,7,1,0
18729,7,2,0
18730,1,0,0
18730,2,1,0
18730,3,0,0
18730,3,1,0
18730,4,2,0
18730,5,0,0
18730,5,2,0
18730,6,1,0
18730,6,2,0
18730,7,0,0
18730,7,1,0
18730,7,2,0
18731,1,0,0
18731,2,1,0
18731,3,0,0
18731,3,1,0
18731,4,2,0
18731,5,0,0
18731,5,2,0
18731,6,1,0
18731,6,2,0
18731,7,0,0
18731,7,1,0
18731,7,2,0
18732,1,0,0
18732,2,1,0
18732,3,0,0
18732,3,1,0
18732,4,2,0
18732,5,0,0
18732,5,2,0
18732,6,1,0
18732,6,2,0
18732,7,0,0
18732,7,1,0
18732,7,2,0
18733,1,0,0
18733,2,1,0
18733,3,0,0
18733,3,1,0
18733,4,2,0
18733,5,0,0
18733,5,2,0
18733,6,1,0
18733,6,2,0
18733,7,0,0
18733,7,1,0
18733,7,2,0
18734,1,0,0
18734,2,1,0
18734,3,0,0
18734,3,1,0
18734,4,2,0
18734,5,0,0
18734,5,2,0
18734,6,1,0
18734,6,2,0
18734,7,0,0
18734,7,1,0
18734,7,2,0
18735,1,0,0
18735,2,1,0
18735,3,0,0
18735,3,1,0
18735,4,2,0
18735,5,0,0
18735,5,2,0
18735,6,1,0
18735,6,2,0
18735,7,0,0
18735,7,1,0
18735,7,2,0
18736,1,0,0
18736,2,1,0
18736,3,0,0
18736,3,1,0
18736,4,2,0
18736,5,0,0
18736,5,2,0
18736,6,1,0
18736,6,2,0
18736,7,0,0
18736,7,1,0
18736,7,2,0
18737,1,0,0
18737,2,1,0
18737,3,0,0
18737,3,1,0
18737,4,2,0
18737,5,0,0
18737,5,2,0
18737,6,1,0
18737,6,2,0
18737,7,0,0
18737,7,1,0
18737,7,2,0
18738,1,0,1
18738,2,1,0
18738,3,0,1
18738,3,1,0
18738,4,2,0
18738,5,0,1
18738,5,2,0
18738,6,1,0
18738,6,2,0
18738,7,0,1
18738,7,1,0
18738,7,2,0
18739,1,0,1
18739,2,1,0
18739,3,0,1
18739,3,1,0
18739,4,2,0
18739,5,0,1
18739,5,2,0
18739,6,1,0
18739,6,2,0
18739,7,0,1
18739,7,1,0
18739,7,2,0
18740,1,0,0
18740,2,1,0
18740,3,0,0
18740,3,1,0
18740,4,2,0
18740,5,0,0
18740,5,2,0
18740,6,1,0
18740,6,2,0
18740,7,0,0
18740,7,1,0
18740,7,2,0
18741,1,0,0
18741,2,1,0
18741,3,0,0
18741,3,1,0
18741,4,2,0
18741,5,0,0
18741,5,2,0
18741,6,1,0
18741,6,2,0
18741,7,0,0
18741,7,1,0
18741,7,2,0
18742,1,0,0
18742,2,1,0
18742,3,0,0
18742,3,1,0
18742,4,2,0
18742,5,0,0
18742,5,2,0
18742,6,1,0
18742,6,2,0
18742,7,0,0
18742,7,1,0
18742,7,2,0
18743,1,0,0
18743,2,1,0
18743,3,0,0
18743,3,1,0
18743,4,2,0
18743,5,0,0
18743,5,2,0
18743,6,1,0
18743,6,2,0
18743,7,0,0
18743,7,1,0
18743,7,2,0
18744,1,0,0
18744,2,1,0
18744,3,0,0
18744,3,1,0
18744,4,2,0
18744,5,0,0
18744,5,2,0
18744,6,1,0
18744,6,2,0
18744,7,0,0
18744,7,1,0
18744,7,2,0
18745,1,0,0
18745,2,1,0
18745,3,0,0
18745,3,1,0
18745,4,2,0
18745,5,0,0
18745,5,2,0
18745,6,1,0
18745,6,2,0
18745,7,0,0
18745,7,1,0
18745,7,2,0
18746,1,0,0
18746,2,1,0
18746,3,0,0
18746,3,1,0
18746,4,2,0
18746,5,0,0
18746,5,2,0
18746,6,1,0
18746,6,2,0
18746,7,0,0
18746,7,1,0
18746,7,2,0
18747,1,0,0
18747,2,1,0
18747,3,0,0
18747,3,1,0
18747,4,2,0
18747,5,0,0
18747,5,2,0
18747,6,1,0
18747,6,2,0
18747,7,0,0
18747,7,1,0
18747,7,2,0
18748,1,0,0
18748,2,1,0
18748,3,0,0
18748,3,1,0
18748,4,2,0
18748,5,0,0
18748,5,2,0
18748,6,1,0
18748,6,2,0
18748,7,0,0
18748,7,1,0
18748,7,2,0
18749,1,0,0
18749,2,1,0
18749,3,0,0
18749,3,1,0
18749,4,2,0
18749,5,0,0
18749,5,2,0
18749,6,1,0
18749,6,2,0
18749,7,0,0
18749,7,1,0
18749,7,2,0
18750,1,0,0
18750,2,1,0
18750,3,0,0
18750,3,1,0
18750,4,2,0
18750,5,0,0
18750,5,2,0
18750,6,1,0
18750,6,2,0
18750,7,0,0
18750,7,1,0
18750,7,2,0
18751,1,0,0
18751,2,1,0
18751,3,0,0
18751,3,1,0
18751,4,2,0
18751,5,0,0
18751,5,2,0
18751,6,1,0
18751,6,2,0
18751,7,0,0
18751,7,1,0
18751,7,2,0
18752,1,0,0
18752,2,1,0
18752,3,0,0
18752,3,1,0
18752,4,2,0
18752,5,0,0
18752,5,2,0
18752,6,1,0
18752,6,2,0
18752,7,0,0
18752,7,1,0
18752,7,2,0
18753,1,0,0
18753,2,1,0
18753,3,0,0
18753,3,1,0
18753,4,2,0
18753,5,0,0
18753,5,2,0
18753,6,1,0
18753,6,2,0
18753,7,0,0
18753,7,1,0
18753,7,2,0
18754,1,0,0
18754,2,1,0
18754,3,0,0
18754,3,1,0
18754,4,2,0
18754,5,0,0
18754,5,2,0
18754,6,1,0
18754,6,2,0
18754,7,0,0
18754,7,1,0
18754,7,2,0
18755,1,0,0
18755,2,1,0
18755,3,0,0
18755,3,1,0
18755,4,2,0
18755,5,0,0
18755,5,2,0
18755,6,1,0
18755,6,2,0
18755,7,0,0
18755,7,1,0
18755,7,2,0
18756,1,0,0
18756,2,1,0
18756,3,0,0
18756,3,1,0
18756,4,2,0
18756,5,0,0
18756,5,2,0
18756,6,1,0
18756,6,2,0
18756,7,0,0
18756,7,1,0
18756,7,2,0
18757,1,0,0
18757,2,1,0
18757,3,0,0
18757,3,1,0
18757,4,2,0
18757,5,0,0
18757,5,2,0
18757,6,1,0
18757,6,2,0
18757,7,0,0
18757,7,1,0
18757,7,2,0
18758,1,0,0
18758,2,1,0
18758,3,0,0
18758,3,1,0
18758,4,2,0
18758,5,0,0
18758,5,2,0
18758,6,1,0
18758,6,2,0
18758,7,0,0
18758,7,1,0
18758,7,2,0
18759,1,0,0
18759,2,1,0
18759,3,0,0
18759,3,1,0
18759,4,2,0
18759,5,0,0
18759,5,2,0
18759,6,1,0
18759,6,2,0
18759,7,0,0
18759,7,1,0
18759,7,2,0
18760,1,0,0
18760,2,1,0
18760,3,0,0
18760,3,1,0
18760,4,2,0
18760,5,0,0
18760,5,2,0
18760,6,1,0
18760,6,2,0
18760,7,0,0
18760,7,1,0
18760,7,2,0
18761,1,0,0
18761,2,1,0
18761,3,0,0
18761,3,1,0
18761,4,2,0
18761,5,0,0
18761,5,2,0
18761,6,1,0
18761,6,2,0
18761,7,0,0
18761,7,1,0
18761,7,2,0
18762,1,0,0
18762,2,1,0
18762,3,0,0
18762,3,1,0
18762,4,2,0
18762,5,0,0
18762,5,2,0
18762,6,1,0
18762,6,2,0
18762,7,0,0
18762,7,1,0
18762,7,2,0
18763,1,0,0
18763,2,1,0
18763,3,0,0
18763,3,1,0
18763,4,2,0
18763,5,0,0
18763,5,2,0
18763,6,1,0
18763,6,2,0
18763,7,0,0
18763,7,1,0
18763,7,2,0
18764,1,0,0
18764,2,1,0
18764,3,0,0
18764,3,1,0
18764,4,2,0
18764,5,0,0
18764,5,2,0
18764,6,1,0
18764,6,2,0
18764,7,0,0
18764,7,1,0
18764,7,2,0
18765,1,0,1
18765,2,1,0
18765,3,0,1
18765,3,1,0
18765,4,2,0
18765,5,0,1
18765,5,2,0
18765,6,1,0
18765,6,2,0
18765,7,0,1
18765,7,1,0
18765,7,2,0
18766,1,0,1
18766,2,1,0
18766,3,0,1
18766,3,1,0
18766,4,2,0
18766,5,0,1
18766,5,2,0
18766,6,1,0
18766,6,2,0
18766,7,0,1
18766,7,1,0
18766,7,2,0
18767,1,0,0
18767,2,1,0
18767,3,0,0
18767,3,1,0
18767,4,2,0
18767,5,0,0
18767,5,2,0
18767,6,1,0
18767,6,2,0
18767,7,0,0
18767,7,1,0
18767,7,2,0
18768,1,0,0
18768,2,1,0
18768,3,0,0
18768,3,1,0
18768,4,2,0
18768,5,0,0
18768,5,2,0
18768,6,1,0
18768,6,2,0
18768,7,0,0
18768,7,1,0
18768,7,2,0
18769,1,0,0
18769,2,1,0
18769,3,0,0
18769,3,1,0
18769,4,2,0
18769,5,0,0
18769,5,2,0
18769,6,1,0
18769,6,2,0
18769,7,0,0
18769,7,1,0
18769,7,2,0
18770,1,0,0
18770,2,1,0
18770,3,0,0
18770,3,1,0
18770,4,2,0
18770,5,0,0
18770,5,2,0
18770,6,1,0
18770,6,2,0
18770,7,0,0
18770,7,1,0
18770,7,2,0
18771,1,0,0
18771,2,1,0
18771,3,0,0
18771,3,1,0
18771,4,2,0
18771,5,0,0
18771,5,2,0
18771,6,1,0
18771,6,2,0
18771,7,0,0
18771,7,1,0
18771,7,2,0
18772,1,0,0
18772,2,1,0
18772,3,0,0
18772,3,1,0
18772,4,2,0
18772,5,0,0
18772,5,2,0
18772,6,1,0
18772,6,2,0
18772,7,0,0
18772,7,1,0
18772,7,2,0
18773,1,0,0
18773,2,1,0
18773,3,0,0
18773,3,1,0
18773,4,2,0
18773,5,0,0
18773,5,2,0
18773,6,1,0
18773,6,2,0
18773,7,0,0
18773,7,1,0
18773,7,2,0
18774,1,0,0
18774,2,1,0
18774,3,0,0
18774,3,1,0
18774,4,2,0
18774,5,0,0
18774,5,2,0
18774,6,1,0
18774,6,2,0
18774,7,0,0
18774,7,1,0
18774,7,2,0
18775,1,0,0
18775,2,1,0
18775,3,0,0
18775,3,1,0
18775,4,2,0
18775,5,0,0
18775,5,2,0
18775,6,1,0
18775,6,2,0
18775,7,0,0
18775,7,1,0
18775,7,2,0
18776,1,0,0
18776,2,1,0
18776,3,0,0
18776,3,1,0
18776,4,2,0
18776,5,0,0
18776,5,2,0
18776,6,1,0
18776,6,2,0
18776,7,0,0
18776,7,1,0
18776,7,2,0
18777,1,0,0
18777,2,1,0
18777,3,0,0
18777,3,1,0
18777,4,2,0
18777,5,0,0
18777,5,2,0
18777,6,1,0
18777,6,2,0
18777,7,0,0
18777,7,1,0
18777,7,2,0
18778,1,0,0
18778,2,1,0
18778,3,0,0
18778,3,1,0
18778,4,2,0
18778,5,0,0
18778,5,2,0
18778,6,1,0
18778,6,2,0
18778,7,0,0
18778,7,1,0
18778,7,2,0
18779,1,0,0
18779,2,1,0
18779,3,0,0
18779,3,1,0
18779,4,2,0
18779,5,0,0
18779,5,2,0
18779,6,1,0
18779,6,2,0
18779,7,0,0
18779,7,1,0
18779,7,2,0
18780,1,0,0
18780,2,1,0
18780,3,0,0
18780,3,1,0
18780,4,2,0
18780,5,0,0
18780,5,2,0
18780,6,1,0
18780,6,2,0
18780,7,0,0
18780,7,1,0
18780,7,2,0
18781,1,0,0
18781,2,1,0
18781,3,0,0
18781,3,1,0
18781,4,2,0
18781,5,0,0
18781,5,2,0
18781,6,1,0
18781,6,2,0
18781,7,0,0
18781,7,1,0
18781,7,2,0
18782,1,0,0
18782,2,1,0
18782,3,0,0
18782,3,1,0
18782,4,2,0
18782,5,0,0
18782,5,2,0
18782,6,1,0
18782,6,2,0
18782,7,0,0
18782,7,1,0
18782,7,2,0
18783,1,0,0
18783,2,1,0
18783,3,0,0
18783,3,1,0
18783,4,2,0
18783,5,0,0
18783,5,2,0
18783,6,1,0
18783,6,2,0
18783,7,0,0
18783,7,1,0
18783,7,2,0
18784,1,0,0
18784,2,1,0
18784,3,0,0
18784,3,1,0
18784,4,2,0
18784,5,0,0
18784,5,2,0
18784,6,1,0
18784,6,2,0
18784,7,0,0
18784,7,1,0
18784,7,2,0
18785,1,0,0
18785,2,1,0
18785,3,0,0
18785,3,1,0
18785,4,2,0
18785,5,0,0
18785,5,2,0
18785,6,1,0
18785,6,2,0
18785,7,0,0
18785,7,1,0
18785,7,2,0
18786,1,0,0
18786,2,1,0
18786,3,0,0
18786,3,1,0
18786,4,2,0
18786,5,0,0
18786,5,2,0
18786,6,1,0
18786,6,2,0
18786,7,0,0
18786,7,1,0
18786,7,2,0
18787,1,0,0
18787,2,1,0
18787,3,0,0
18787,3,1,0
18787,4,2,0
18787,5,0,0
18787,5,2,0
18787,6,1,0
18787,6,2,0
18787,7,0,0
18787,7,1,0
18787,7,2,0
18788,1,0,0
18788,2,1,0
18788,3,0,0
18788,3,1,0
18788,4,2,0
18788,5,0,0
18788,5,2,0
18788,6,1,0
18788,6,2,0
18788,7,0,0
18788,7,1,0
18788,7,2,0
18789,1,0,0
18789,2,1,0
18789,3,0,0
18789,3,1,0
18789,4,2,0
18789,5,0,0
18789,5,2,0
18789,6,1,0
18789,6,2,0
18789,7,0,0
18789,7,1,0
18789,7,2,0
18790,1,0,0
18790,2,1,0
18790,3,0,0
18790,3,1,0
18790,4,2,0
18790,5,0,0
18790,5,2,0
18790,6,1,0
18790,6,2,0
18790,7,0,0
18790,7,1,0
18790,7,2,0
18791,1,0,0
18791,2,1,0
18791,3,0,0
18791,3,1,0
18791,4,2,0
18791,5,0,0
18791,5,2,0
18791,6,1,0
18791,6,2,0
18791,7,0,0
18791,7,1,0
18791,7,2,0
18792,1,0,1
18792,2,1,0
18792,3,0,1
18792,3,1,0
18792,4,2,0
18792,5,0,1
18792,5,2,0
18792,6,1,0
18792,6,2,0
18792,7,0,1
18792,7,1,0
18792,7,2,0
18793,1,0,1
18793,2,1,0
18793,3,0,1
18793,3,1,0
18793,4,2,0
18793,5,0,1
18793,5,2,0
18793,6,1,0
18793,6,2,0
18793,7,0,1
18793,7,1,0
18793,7,2,0
18794,1,0,0
18794,2,1,0
18794,3,0,0
18794,3,1,0
18794,4,2,0
18794,5,0,0
18794,5,2,0
18794,6,1,0
18794,6,2,0
18794,7,0,0
18794,7,1,0
18794,7,2,0
18795,1,0,0
18795,2,1,0
18795,3,0,0
18795,3,1,0
18795,4,2,0
18795,5,0,0
18795,5,2,0
18795,6,1,0
18795,6,2,0
18795,7,0,0
18795,7,1,0
18795,7,2,0
18796,1,0,0
18796,2,1,0
18796,3,0,0
18796,3,1,0
18796,4,2,0
18796,5,0,0
18796,5,2,0
18796,6,1,0
18796,6,2,0
18796,7,0,0
18796,7,1,0
18796,7,2,0
18797,1,0,0
18797,2,1,0
18797,3,0,0
18797,3,1,0
18797,4,2,0
18797,5,0,0
18797,5,2,0
18797,6,1,0
18797,6,2,0
18797,7,0,0
18797,7,1,0
18797,7,2,0
18798,1,0,0
18798,2,1,0
18798,3,0,0
18798,3,1,0
18798,4,2,0
18798,5,0,0
18798,5,2,0
18798,6,1,0
18798,6,2,0
18798,7,0,0
18798,7,1,0
18798,7,2,0
18799,1,0,0
18799,2,1,0
18799,3,0,0
18799,3,1,0
18799,4,2,0
18799,5,0,0
18799,5,2,0
18799,6,1,0
18799,6,2,0
18799,7,0,0
18799,7,1,0
18799,7,2,0
18800,1,0,0
18800,2,1,0
18800,3,0,0
18800,3,1,0
18800,4,2,0
18800,5,0,0
18800,5,2,0
18800,6,1,0
18800,6,2,0
18800,7,0,0
18800,7,1,0
18800,7,2,0
18801,1,0,0
18801,2,1,0
18801,3,0,0
18801,3,1,0
18801,4,2,0
18801,5,0,0
18801,5,2,0
18801,6,1,0
18801,6,2,0
18801,7,0,0
18801,7,1,0
18801,7,2,0
18802,1,0,0
18802,2,1,0
18802,3,0,0
18802,3,1,0
18802,4,2,0
18802,5,0,0
18802,5,2,0
18802,6,1,0
18802,6,2,0
18802,7,0,0
18802,7,1,0
18802,7,2,0
18803,1,0,0
18803,2,1,0
18803,3,0,0
18803,3,1,0
18803,4,2,0
18803,5,0,0
18803,5,2,0
18803,6,1,0
18803,6,2,0
18803,7,0,0
18803,7,1,0
18803,7,2,0
18804,1,0,0
18804,2,1,0
18804,3,0,0
18804,3,1,0
18804,4,2,0
18804,5,0,0
18804,5,2,0
18804,6,1,0
18804,6,2,0
18804,7,0,0
18804,7,1,0
18804,7,2,0
18805,1,0,0
18805,2,1,0
18805,3,0,0
18805,3,1,0
18805,4,2,0
18805,5,0,0
18805,5,2,0
18805,6,1,0
18805,6,2,0
18805,7,0,0
18805,7,1,0
18805,7,2,0
18806,1,0,0
18806,2,1,0
18806,3,0,0
18806,3,1,0
18806,4,2,0
18806,5,0,0
18806,5,2,0
18806,6,1,0
18806,6,2,0
18806,7,0,0
18806,7,1,0
18806,7,2,0
18807,1,0,0
18807,2,1,0
18807,3,0,0
18807,3,1,0
18807,4,2,0
18807,5,0,0
18807,5,2,0
18807,6,1,0
18807,6,2,0
18807,7,0,0
18807,7,1,0
18807,7,2,0
18808,1,0,0
18808,2,1,0
18808,3,0,0
18808,3,1,0
18808,4,2,0
18808,5,0,0
18808,5,2,0
18808,6,1,0
18808,6,2,0
18808,7,0,0
18808,7,1,0
18808,7,2,0
18809,1,0,0
18809,2,1,0
18809,3,0,0
18809,3,1,0
18809,4,2,0
18809,5,0,0
18809,5,2,0
18809,6,1,0
18809,6,2,0
18809,7,0,0
18809,7,1,0
18809,7,2,0
18810,1,0,0
18810,2,1,0
18810,3,0,0
18810,3,1,0
18810,4,2,0
18810,5,0,0
18810,5,2,0
18810,6,1,0
18810,6,2,0
18810,7,0,0
18810,7,1,0
18810,7,2,0
18811,1,0,0
18811,2,1,0
18811,3,0,0
18811,3,1,0
18811,4,2,0
18811,5,0,0
18811,5,2,0
18811,6,1,0
18811,6,2,0
18811,7,0,0
18811,7,1,0
18811,7,2,0
18812,1,0,0
18812,2,1,0
18812,3,0,0
18812,3,1,0
18812,4,2,0
18812,5,0,0
18812,5,2,0
18812,6,1,0
18812,6,2,0
18812,7,0,0
18812,7,1,0
18812,7,2,0
18813,1,0,0
18813,2,1,0
18813,3,0,0
18813,3,1,0
18813,4,2,0
18813,5,0,0
18813,5,2,0
18813,6,1,0
18813,6,2,0
18813,7,0,0
18813,7,1,0
18813,7,2,0
18814,1,0,0
18814,2,1,0
18814,3,0,0
18814,3,1,0
18814,4,2,0
18814,5,0,0
18814,5,2,0
18814,6,1,0
18814,6,2,0
18814,7,0,0
18814,7,1,0
18814,7,2,0
18815,1,0,0
18815,2,1,0
18815,3,0,0
18815,3,1,0
18815,4,2,0
18815,5,0,0
18815,5,2,0
18815,6,1,0
18815,6,2,0
18815,7,0,0
18815,7,1,0
18815,7,2,0
18816,1,0,0
18816,2,1,0
18816,3,0,0
18816,3,1,0
18816,4,2,0
18816,5,0,0
18816,5,2,0
18816,6,1,0
18816,6,2,0
18816,7,0,0
18816,7,1,0
18816,7,2,0
18817,1,0,0
18817,2,1,0
18817,3,0,0
18817,3,1,0
18817,4,2,0
18817,5,0,0
18817,5,2,0
18817,6,1,0
18817,6,2,0
18817,7,0,0
18817,7,1,0
18817,7,2,0
18818,1,0,0
18818,2,1,0
18818,3,0,0
18818,3,1,0
18818,4,2,0
18818,5,0,0
18818,5,2,0
18818,6,1,0
18818,6,2,0
18818,7,0,0
18818,7,1,0
18818,7,2,0
18819,1,0,1
18819,2,1,0
18819,3,0,1
18819,3,1,0
18819,4,2,0
18819,5,0,1
18819,5,2,0
18819,6,1,0
18819,6,2,0
18819,7,0,1
18819,7,1,0
18819,7,2,0
18820,1,0,1
18820,2,1,0
18820,3,0,1
18820,3,1,0
18820,4,2,0
18820,5,0,1
18820,5,2,0
18820,6,1,0
18820,6,2,0
18820,7,0,1
18820,7,1,0
18820,7,2,0
18821,1,0,0
18821,2,1,0
18821,3,0,0
18821,3,1,0
18821,4,2,0
18821,5,0,0
18821,5,2,0
18821,6,1,0
18821,6,2,0
18821,7,0,0
18821,7,1,0
18821,7,2,0
18822,1,0,0
18822,2,1,0
18822,3,0,0
18822,3,1,0
18822,4,2,0
18822,5,0,0
18822,5,2,0
18822,6,1,0
18822,6,2,0
18822,7,0,0
18822,7,1,0
18822,7,2,0
18823,1,0,0
18823,2,1,0
18823,3,0,0
18823,3,1,0
18823,4,2,0
18823,5,0,0
18823,5,2,0
18823,6,1,0
18823,6,2,0
18823,7,0,0
18823,7,1,0
18823,7,2,0
18824,1,0,0
18824,2,1,0
18824,3,0,0
18824,3,1,0
18824,4,2,0
18824,5,0,0
18824,5,2,0
18824,6,1,0
18824,6,2,0
18824,7,0,0
18824,7,1,0
18824,7,2,0
18825,1,0,0
18825,2,1,0
18825,3,0,0
18825,3,1,0
18825,4,2,0
18825,5,0,0
18825,5,2,0
18825,6,1,0
18825,6,2,0
18825,7,0,0
18825,7,1,0
18825,7,2,0
18826,1,0,0
18826,2,1,0
18826,3,0,0
18826,3,1,0
18826,4,2,0
18826,5,0,0
18826,5,2,0
18826,6,1,0
18826,6,2,0
18826,7,0,0
18826,7,1,0
18826,7,2,0
18827,1,0,0
18827,2,1,0
18827,3,0,0
18827,3,1,0
18827,4,2,0
18827,5,0,0
18827,5,2,0
18827,6,1,0
18827,6,2,0
18827,7,0,0
18827,7,1,0
18827,7,2,0
18828,1,0,0
18828,2,1,0
18828,3,0,0
18828,3,1,0
18828,4,2,0
18828,5,0,0
18828,5,2,0
18828,6,1,0
18828,6,2,0
18828,7,0,0
18828,7,1,0
18828,7,2,0
18829,1,0,0
18829,2,1,0
18829,3,0,0
18829,3,1,0
18829,4,2,0
18829,5,0,0
18829,5,2,0
18829,6,1,0
18829,6,2,0
18829,7,0,0
18829,7,1,0
18829,7,2,0
18830,1,0,0
18830,2,1,0
18830,3,0,0
18830,3,1,0
18830,4,2,0
18830,5,0,0
18830,5,2,0
18830,6,1,0
18830,6,2,0
18830,7,0,0
18830,7,1,0
18830,7,2,0
18831,1,0,0
18831,2,1,0
18831,3,0,0
18831,3,1,0
18831,4,2,0
18831,5,0,0
18831,5,2,0
18831,6,1,0
18831,6,2,0
18831,7,0,0
18831,7,1,0
18831,7,2,0
18832,1,0,0
18832,2,1,0
18832,3,0,0
18832,3,1,0
18832,4,2,0
18832,5,0,0
18832,5,2,0
18832,6,1,0
18832,6,2,0
18832,7,0,0
18832,7,1,0
18832,7,2,0
18833,1,0,0
18833,2,1,0
18833,3,0,0
18833,3,1,0
18833,4,2,0
18833,5,0,0
18833,5,2,0
18833,6,1,0
18833,6,2,0
18833,7,0,0
18833,7,1,0
18833,7,2,0
18834,1,0,0
18834,2,1,0
18834,3,0,0
18834,3,1,0
18834,4,2,0
18834,5,0,0
18834,5,2,0
18834,6,1,0
18834,6,2,0
18834,7,0,0
18834,7,1,0
18834,7,2,0
18835,1,0,0
18835,2,1,0
18835,3,0,0
18835,3,1,0
18835,4,2,0
18835,5,0,0
18835,5,2,0
18835,6,1,0
18835,6,2,0
18835,7,0,0
18835,7,1,0
18835,7,2,0
18836,1,0,0
18836,2,1,0
18836,3,0,0
18836,3,1,0
18836,4,2,0
18836,5,0,0
18836,5,2,0
18836,6,1,0
18836,6,2,0
18836,7,0,0
18836,7,1,0
18836,7,2,0
18837,1,0,0
18837,2,1,0
18837,3,0,0
18837,3,1,0
18837,4,2,0
18837,5,0,0
18837,5,2,0
18837,6,1,0
18837,6,2,0
18837,7,0,0
18837,7,1,0
18837,7,2,0
18838,1,0,0
18838,2,1,0
18838,3,0,0
18838,3,1,0
18838,4,2,0
18838,5,0,0
18838,5,2,0
18838,6,1,0
18838,6,2,0
18838,7,0,0
18838,7,1,0
18838,7,2,0
18839,1,0,0
18839,2,1,0
18839,3,0,0
18839,3,1,0
18839,4,2,0
18839,5,0,0
18839,5,2,0
18839,6,1,0
18839,6,2,0
18839,7,0,0
18839,7,1,0
18839,7,2,0
18840,1,0,0
18840,2,1,0
18840,3,0,0
18840,3,1,0
18840,4,2,0
18840,5,0,0
18840,5,2,0
18840,6,1,0
18840,6,2,0
18840,7,0,0
18840,7,1,0
18840,7,2,0
18841,1,0,0
18841,2,1,0
18841,3,0,0
18841,3,1,0
18841,4,2,0
18841,5,0,0
18841,5,2,0
18841,6,1,0
18841,6,2,0
18841,7,0,0
18841,7,1,0
18841,7,2,0
18842,1,0,0
18842,2,1,0
18842,3,0,0
18842,3,1,0
18842,4,2,0
18842,5,0,0
18842,5,2,0
18842,6,1,0
18842,6,2,0
18842,7,0,0
18842,7,1,0
18842,7,2,0
18843,1,0,0
18843,2,1,0
18843,3,0,0
18843,3,1,0
18843,4,2,0
18843,5,0,0
18843,5,2,0
18843,6,1,0
18843,6,2,0
18843,7,0,0
18843,7,1,0
18843,7,2,0
18844,1,0,0
18844,2,1,0
18844,3,0,0
18844,3,1,0
18844,4,2,0
18844,5,0,0
18844,5,2,0
18844,6,1,0
18844,6,2,0
18844,7,0,0
18844,7,1,0
18844,7,2,0
18845,1,0,0
18845,2,1,0
18845,3,0,0
18845,3,1,0
18845,4,2,0
18845,5,0,0
18845,5,2,0
18845,6,1,0
18845,6,2,0
18845,7,0,0
18845,7,1,0
18845,7,2,0
18846,1,0,1
18846,2,1,0
18846,3,0,1
18846,3,1,0
18846,4,2,0
18846,5,0,1
18846,5,2,0
18846,6,1,0
18846,6,2,0
18846,7,0,1
18846,7,1,0
18846,7,2,0
18847,1,0,1
18847,2,1,0
18847,3,0,1
18847,3,1,0
18847,4,2,0
18847,5,0,1
18847,5,2,0
18847,6,1,0
18847,6,2,0
18847,7,0,1
18847,7,1,0
18847,7,2,0
18848,1,0,0
18848,2,1,0
18848,3,0,0
18848,3,1,0
18848,4,2,0
18848,5,0,0
18848,5,2,0
18848,6,1,0
18848,6,2,0
18848,7,0,0
18848,7,1,0
18848,7,2,0
18849,1,0,0
18849,2,1,0
18849,3,0,0
18849,3,1,0
18849,4,2,0
18849,5,0,0
18849,5,2,0
18849,6,1,0
18849,6,2,0
18849,7,0,0
18849,7,1,0
18849,7,2,0
18850,1,0,0
18850,2,1,0
18850,3,0,0
18850,3,1,0
18850,4,2,0
18850,5,0,0
18850,5,2,0
18850,6,1,0
18850,6,2,0
18850,7,0,0
18850,7,1,0
18850,7,2,0
18851,1,0,0
18851,2,1,0
18851,3,0,0
18851,3,1,0
18851,4,2,0
18851,5,0,0
18851,5,2,0
18851,6,1,0
18851,6,2,0
18851,7,0,0
18851,7,1,0
18851,7,2,0
18852,1,0,0
18852,2,1,0
18852,3,0,0
18852,3,1,0
18852,4,2,0
18852,5,0,0
18852,5,2,0
18852,6,1,0
18852,6,2,0
18852,7,0,0
18852,7,1,0
18852,7,2,0
18853,1,0,0
18853,2,1,0
18853,3,0,0
18853,3,1,0
18853,4,2,0
18853,5,0,0
18853,5,2,0
18853,6,1,0
18853,6,2,0
18853,7,0,0
18853,7,1,0
18853,7,2,0
18854,1,0,0
18854,2,1,0
18854,3,0,0
18854,3,1,0
18854,4,2,0
18854,5,0,0
18854,5,2,0
18854,6,1,0
18854,6,2,0
18854,7,0,0
18854,7,1,0
18854,7,2,0
18855,1,0,0
18855,2,1,0
18855,3,0,0
18855,3,1,0
18855,4,2,0
18855,5,0,0
18855,5,2,0
18855,6,1,0
18855,6,2,0
18855,7,0,0
18855,7,1,0
18855,7,2,0
18856,1,0,0
18856,2,1,0
18856,3,0,0
18856,3,1,0
18856,4,2,0
18856,5,0,0
18856,5,2,0
18856,6,1,0
18856,6,2,0
18856,7,0,0
18856,7,1,0
18856,7,2,0
18857,1,0,0
18857,2,1,0
18857,3,0,0
18857,3,1,0
18857,4,2,0
18857,5,0,0
18857,5,2,0
18857,6,1,0
18857,6,2,0
18857,7,0,0
18857,7,1,0
18857,7,2,0
18858,1,0,0
18858,2,1,0
18858,3,0,0
18858,3,1,0
18858,4,2,0
18858,5,0,0
18858,5,2,0
18858,6,1,0
18858,6,2,0
18858,7,0,0
18858,7,1,0
18858,7,2,0
18859,1,0,0
18859,2,1,0
18859,3,0,0
18859,3,1,0
18859,4,2,0
18859,5,0,0
18859,5,2,0
18859,6,1,0
18859,6,2,0
18859,7,0,0
18859,7,1,0
18859,7,2,0
18860,1,0,0
18860,2,1,0
18860,3,0,0
18860,3,1,0
18860,4,2,0
18860,5,0,0
18860,5,2,0
18860,6,1,0
18860,6,2,0
18860,7,0,0
18860,7,1,0
18860,7,2,0
18861,1,0,0
18861,2,1,0
18861,3,0,0
18861,3,1,0
18861,4,2,0
18861,5,0,0
18861,5,2,0
18861,6,1,0
18861,6,2,0
18861,7,0,0
18861,7,1,0
18861,7,2,0
18862,1,0,0
18862,2,1,0
18862,3,0,0
18862,3,1,0
18862,4,2,0
18862,5,0,0
18862,5,2,0
18862,6,1,0
18862,6,2,0
18862,7,0,0
18862,7,1,0
18862,7,2,0
18863,1,0,0
18863,2,1,0
18863,3,0,0
18863,3,1,0
18863,4,2,0
18863,5,0,0
18863,5,2,0
18863,6,1,0
18863,6,2,0
18863,7,0,0
18863,7,1,0
18863,7,2,0
18864,1,0,0
18864,2,1,0
18864,3,0,0
18864,3,1,0
18864,4,2,0
18864,5,0,0
18864,5,2,0
18864,6,1,0
18864,6,2,0
18864,7,0,0
18864,7,1,0
18864,7,2,0
18865,1,0,0
18865,2,1,0
18865,3,0,0
18865,3,1,0
18865,4,2,0
18865,5,0,0
18865,5,2,0
18865,6,1,0
18865,6,2,0
18865,7,0,0
18865,7,1,0
18865,7,2,0
18866,1,0,0
18866,2,1,0
18866,3,0,0
18866,3,1,0
18866,4,2,0
18866,5,0,0
18866,5,2,0
18866,6,1,0
18866,6,2,0
18866,7,0,0
18866,7,1,0
18866,7,2,0
18867,1,0,0
18867,2,1,0
18867,3,0,0
18867,3,1,0
18867,4,2,0
18867,5,0,0
18867,5,2,0
18867,6,1,0
18867,6,2,0
18867,7,0,0
18867,7,1,0
18867,7,2,0
18868,1,0,0
18868,2,1,0
18868,3,0,0
18868,3,1,0
18868,4,2,0
18868,5,0,0
18868,5,2,0
18868,6,1,0
18868,6,2,0
18868,7,0,0
18868,7,1,0
18868,7,2,0
18869,1,0,0
18869,2,1,0
18869,3,0,0
18869,3,1,0
18869,4,2,0
18869,5,0,0
18869,5,2,0
18869,6,1,0
18869,6,2,0
18869,7,0,0
18869,7,1,0
18869,7,2,0
18870,1,0,0
18870,2,1,0
18870,3,0,0
18870,3,1,0
18870,4,2,0
18870,5,0,0
18870,5,2,0
18870,6,1,0
18870,6,2,0
18870,7,0,0
18870,7,1,0
18870,7,2,0
18871,1,0,0
18871,2,1,0
18871,3,0,0
18871,3,1,0
18871,4,2,0
18871,5,0,0
18871,5,2,0
18871,6,1,0
18871,6,2,0
18871,7,0,0
18871,7,1,0
18871,7,2,0
18872,1,0,0
18872,2,1,0
18872,3,0,0
18872,3,1,0
18872,4,2,0
18872,5,0,0
18872,5,2,0
18872,6,1,0
18872,6,2,0
18872,7,0,0
18872,7,1,0
18872,7,2,0
18873,1,0,1
18873,2,1,0
18873,3,0,1
18873,3,1,0
18873,4,2,0
18873,5,0,1
18873,5,2,0
18873,6,1,0
18873,6,2,0
18873,7,0,1
18873,7,1,0
18873,7,2,0
18874,1,0,1
18874,2,1,0
18874,3,0,1
18874,3,1,0
18874,4,2,0
18874,5,0,1
18874,5,2,0
18874,6,1,0
18874,6,2,0
18874,7,0,1
18874,7,1,0
18874,7,2,0
18875,1,0,0
18875,2,1,0
18875,3,0,0
18875,3,1,0
18875,4,2,0
18875,5,0,0
18875,5,2,0
18875,6,1,0
18875,6,2,0
18875,7,0,0
18875,7,1,0
18875,7,2,0
18876,1,0,0
18876,2,1,0
18876,3,0,0
18876,3,1,0
18876,4,2,0
18876,5,0,0
18876,5,2,0
18876,6,1,0
18876,6,2,0
18876,7,0,0
18876,7,1,0
18876,7,2,0
18877,1,0,0
18877,2,1,0
18877,3,0,0
18877,3,1,0
18877,4,2,0
18877,5,0,0
18877,5,2,0
18877,6,1,0
18877,6,2,0
18877,7,0,0
18877,7,1,0
18877,7,2,0
18878,1,0,0
18878,2,1,0
18878,3,0,0
18878,3,1,0
18878,4,2,0
18878,5,0,0
18878,5,2,0
18878,6,1,0
18878,6,2,0
18878,7,0,0
18878,7,1,0
18878,7,2,0
18879,1,0,0
18879,2,1,0
18879,3,0,0
18879,3,1,0
18879,4,2,0
18879,5,0,0
18879,5,2,0
18879,6,1,0
18879,6,2,0
18879,7,0,0
18879,7,1,0
18879,7,2,0
18880,1,0,0
18880,2,1,0
18880,3,0,0
18880,3,1,0
18880,4,2,0
18880,5,0,0
18880,5,2,0
18880,6,1,0
18880,6,2,0
18880,7,0,0
18880,7,1,0
18880,7,2,0
18881,1,0,0
18881,2,1,0
18881,3,0,0
18881,3,1,0
18881,4,2,0
18881,5,0,0
18881,5,2,0
18881,6,1,0
18881,6,2,0
18881,7,0,0
18881,7,1,0
18881,7,2,0
18882,1,0,0
18882,2,1,0
18882,3,0,0
18882,3,1,0
18882,4,2,0
18882,5,0,0
18882,5,2,0
18882,6,1,0
18882,6,2,0
18882,7,0,0
18882,7,1,0
18882,7,2,0
18883,1,0,0
18883,2,1,0
18883,3,0,0
18883,3,1,0
18883,4,2,0
18883,5,0,0
18883,5,2,0
18883,6,1,0
18883,6,2,0
18883,7,0,0
18883,7,1,0
18883,7,2,0
18884,1,0,0
18884,2,1,0
18884,3,0,0
18884,3,1,0
18884,4,2,0
18884,5,0,0
18884,5,2,0
18884,6,1,0
18884,6,2,0
18884,7,0,0
18884,7,1,0
18884,7,2,0
18885,1,0,0
18885,2,1,0
18885,3,0,0
18885,3,1,0
18885,4,2,0
18885,5,0,0
18885,5,2,0
18885,6,1,0
18885,6,2,0
18885,7,0,0
18885,7,1,0
18885,7,2,0
18886,1,0,0
18886,2,1,0
18886,3,0,0
18886,3,1,0
18886,4,2,0
18886,5,0,0
18886,5,2,0
18886,6,1,0
18886,6,2,0
18886,7,0,0
18886,7,1,0
18886,7,2,0
18887,1,0,0
18887,2,1,0
18887,3,0,0
18887,3,1,0
18887,4,2,0
18887,5,0,0
18887,5,2,0
18887,6,1,0
18887,6,2,0
18887,7,0,0
18887,7,1,0
18887,7,2,0
18888,1,0,0
18888,2,1,0
18888,3,0,0
18888,3,1,0
18888,4,2,0
18888,5,0,0
18888,5,2,0
18888,6,1,0
18888,6,2,0
18888,7,0,0
18888,7,1,0
18888,7,2,0
18889,1,0,0
18889,2,1,0
18889,3,0,0
18889,3,1,0
18889,4,2,0
18889,5,0,0
18889,5,2,0
18889,6,1,0
18889,6,2,0
18889,7,0,0
18889,7,1,0
18889,7,2,0
18890,1,0,0
18890,2,1,0
18890,3,0,0
18890,3,1,0
18890,4,2,0
18890,5,0,0
18890,5,2,0
18890,6,1,0
18890,6,2,0
18890,7,0,0
18890,7,1,0
18890,7,2,0
18891,1,0,0
18891,2,1,0
18891,3,0,0
18891,3,1,0
18891,4,2,0
18891,5,0,0
18891,5,2,0
18891,6,1,0
18891,6,2,0
18891,7,0,0
18891,7,1,0
18891,7,2,0
18892,1,0,0
18892,2,1,0
18892,3,0,0
18892,3,1,0
18892,4,2,0
18892,5,0,0
18892,5,2,0
18892,6,1,0
18892,6,2,0
18892,7,0,0
18892,7,1,0
18892,7,2,0
18893,1,0,0
18893,2,1,0
18893,3,0,0
18893,3,1,0
18893,4,2,0
18893,5,0,0
18893,5,2,0
18893,6,1,0
18893,6,2,0
18893,7,0,0
18893,7,1,0
18893,7,2,0
18894,1,0,0
18894,2,1,0
18894,3,0,0
18894,3,1,0
18894,4,2,0
18894,5,0,0
18894,5,2,0
18894,6,1,0
18894,6,2,0
18894,7,0,0
18894,7,1,0
18894,7,2,0
18895,1,0,0
18895,2,1,0
18895,3,0,0
18895,3,1,0
18895,4,2,0
18895,5,0,0
18895,5,2,0
18895,6,1,0
18895,6,2,0
18895,7,0,0
18895,7,1,0
18895,7,2,0
18896,1,0,0
18896,2,1,0
18896,3,0,0
18896,3,1,0
18896,4,2,0
18896,5,0,0
18896,5,2,0
18896,6,1,0
18896,6,2,0
18896,7,0,0
18896,7,1,0
18896,7,2,0
18897,1,0,0
18897,2,1,0
18897,3,0,0
18897,3,1,0
18897,4,2,0
18897,5,0,0
18897,5,2,0
18897,6,1,0
18897,6,2,0
18897,7,0,0
18897,7,1,0
18897,7,2,0
18898,1,0,0
18898,2,1,0
18898,3,0,0
18898,3,1,0
18898,4,2,0
18898,5,0,0
18898,5,2,0
18898,6,1,0
18898,6,2,0
18898,7,0,0
18898,7,1,0
18898,7,2,0
18899,1,0,0
18899,2,1,0
18899,3,0,0
18899,3,1,0
18899,4,2,0
18899,5,0,0
18899,5,2,0
18899,6,1,0
18899,6,2,0
18899,7,0,0
18899,7,1,0
18899,7,2,0
18900,1,0,1
18900,2,1,0
18900,3,0,1
18900,3,1,0
18900,4,2,0
18900,5,0,1
18900,5,2,0
18900,6,1,0
18900,6,2,0
18900,7,0,1
18900,7,1,0
18900,7,2,0
18901,1,0,1
18901,2,1,0
18901,3,0,1
18901,3,1,0
18901,4,2,0
18901,5,0,1
18901,5,2,0
18901,6,1,0
18901,6,2,0
18901,7,0,1
18901,7,1,0
18901,7,2,0
18902,1,0,0
18902,2,1,0
18902,3,0,0
18902,3,1,0
18902,4,2,0
18902,5,0,0
18902,5,2,0
18902,6,1,0
18902,6,2,0
18902,7,0,0
18902,7,1,0
18902,7,2,0
18903,1,0,0
18903,2,1,0
18903,3,0,0
18903,3,1,0
18903,4,2,0
18903,5,0,0
18903,5,2,0
18903,6,1,0
18903,6,2,0
18903,7,0,0
18903,7,1,0
18903,7,2,0
18904,1,0,0
18904,2,1,0
18904,3,0,0
18904,3,1,0
18904,4,2,0
18904,5,0,0
18904,5,2,0
18904,6,1,0
18904,6,2,0
18904,7,0,0
18904,7,1,0
18904,7,2,0
18905,1,0,0
18905,2,1,0
18905,3,0,0
18905,3,1,0
18905,4,2,0
18905,5,0,0
18905,5,2,0
18905,6,1,0
18905,6,2,0
18905,7,0,0
18905,7,1,0
18905,7,2,0
18906,1,0,0
18906,2,1,0
18906,3,0,0
18906,3,1,0
18906,4,2,0
18906,5,0,0
18906,5,2,0
18906,6,1,0
18906,6,2,0
18906,7,0,0
18906,7,1,0
18906,7,2,0
18907,1,0,0
18907,2,1,0
18907,3,0,0
18907,3,1,0
18907,4,2,0
18907,5,0,0
18907,5,2,0
18907,6,1,0
18907,6,2,0
18907,7,0,0
18907,7,1,0
18907,7,2,0
18908,1,0,0
18908,2,1,0
18908,3,0,0
18908,3,1,0
18908,4,2,0
18908,5,0,0
18908,5,2,0
18908,6,1,0
18908,6,2,0
18908,7,0,0
18908,7,1,0
18908,7,2,0
18909,1,0,0
18909,2,1,0
18909,3,0,0
18909,3,1,0
18909,4,2,0
18909,5,0,0
18909,5,2,0
18909,6,1,0
18909,6,2,0
18909,7,0,0
18909,7,1,0
18909,7,2,0
18910,1,0,0
18910,2,1,0
18910,3,0,0
18910,3,1,0
18910,4,2,0
18910,5,0,0
18910,5,2,0
18910,6,1,0
18910,6,2,0
18910,7,0,0
18910,7,1,0
18910,7,2,0
18911,1,0,0
18911,2,1,0
18911,3,0,0
18911,3,1,0
18911,4,2,0
18911,5,0,0
18911,5,2,0
18911,6,1,0
18911,6,2,0
18911,7,0,0
18911,7,1,0
18911,7,2,0
18912,1,0,0
18912,2,1,0
18912,3,0,0
18912,3,1,0
18912,4,2,0
18912,5,0,0
18912,5,2,0
18912,6,1,0
18912,6,2,0
18912,7,0,0
18912,7,1,0
18912,7,2,0
18913,1,0,0
18913,2,1,0
18913,3,0,0
18913,3,1,0
18913,4,2,0
18913,5,0,0
18913,5,2,0
18913,6,1,0
18913,6,2,0
18913,7,0,0
18913,7,1,0
18913,7,2,0
18914,1,0,0
18914,2,1,0
18914,3,0,0
18914,3,1,0
18914,4,2,0
18914,5,0,0
18914,5,2,0
18914,6,1,0
18914,6,2,0
18914,7,0,0
18914,7,1,0
18914,7,2,0
18915,1,0,0
18915,2,1,0
18915,3,0,0
18915,3,1,0
18915,4,2,0
18915,5,0,0
18915,5,2,0
18915,6,1,0
18915,6,2,0
18915,7,0,0
18915,7,1,0
18915,7,2,0
18916,1,0,0
18916,2,1,0
18916,3,0,0
18916,3,1,0
18916,4,2,0
18916,5,0,0
18916,5,2,0
18916,6,1,0
18916,6,2,0
18916,7,0,0
18916,7,1,0
18916,7,2,0
18917,1,0,0
18917,2,1,0
18917,3,0,0
18917,3,1,0
18917,4,2,0
18917,5,0,0
18917,5,2,0
18917,6,1,0
18917,6,2,0
18917,7,0,0
18917,7,1,0
18917,7,2,0
18918,1,0,0
18918,2,1,0
18918,3,0,0
18918,3,1,0
18918,4,2,0
18918,5,0,0
18918,5,2,0
18918,6,1,0
18918,6,2,0
18918,7,0,0
18918,7,1,0
18918,7,2,0
18919,1,0,0
18919,2,1,0
18919,3,0,0
18919,3,1,0
18919,4,2,0
18919,5,0,0
18919,5,2,0
18919,6,1,0
18919,6,2,0
18919,7,0,0
18919,7,1,0
18919,7,2,0
18920,1,0,0
18920,2,1,0
18920,3,0,0
18920,3,1,0
18920,4,2,0
18920,5,0,0
18920,5,2,0
18920,6,1,0
18920,6,2,0
18920,7,0,0
18920,7,1,0
18920,7,2,0
18921,1,0,0
18921,2,1,0
18921,3,0,0
18921,3,1,0
18921,4,2,0
18921,5,0,0
18921,5,2,0
18921,6,1,0
18921,6,2,0
18921,7,0,0
18921,7,1,0
18921,7,2,0
18922,1,0,0
18922,2,1,0
18922,3,0,0
18922,3,1,0
18922,4,2,0
18922,5,0,0
18922,5,2,0
18922,6,1,0
18922,6,2,0
18922,7,0,0
18922,7,1,0
18922,7,2,0
18923,1,0,0
18923,2,1,0
18923,3,0,0
18923,3,1,0
18923,4,2,0
18923,5,0,0
18923,5,2,0
18923,6,1,0
18923,6,2,0
18923,7,0,0
18923,7,1,0
18923,7,2,0
18924,1,0,0
18924,2,1,0
18924,3,0,0
18924,3,1,0
18924,4,2,0
18924,5,0,0
18924,5,2,0
18924,6,1,0
18924,6,2,0
18924,7,0,0
18924,7,1,0
18924,7,2,0
18925,1,0,0
18925,2,1,0
18925,3,0,0
18925,3,1,0
18925,4,2,0
18925,5,0,0
18925,5,2,0
18925,6,1,0
18925,6,2,0
18925,7,0,0
18925,7,1,0
18925,7,2,0
18926,1,0,0
18926,2,1,0
18926,3,0,0
18926,3,1,0
18926,4,2,0
18926,5,0,0
18926,5,2,0
18926,6,1,0
18926,6,2,0
18926,7,0,0
18926,7,1,0
18926,7,2,0
18927,1,0,1
18927,2,1,0
18927,3,0,1
18927,3,1,0
18927,4,2,0
18927,5,0,1
18927,5,2,0
18927,6,1,0
18927,6,2,0
18927,7,0,1
18927,7,1,0
18927,7,2,0
18928,1,0,1
18928,2,1,0
18928,3,0,1
18928,3,1,0
18928,4,2,0
18928,5,0,1
18928,5,2,0
18928,6,1,0
18928,6,2,0
18928,7,0,1
18928,7,1,0
18928,7,2,0
18929,1,0,0
18929,2,1,0
18929,3,0,0
18929,3,1,0
18929,4,2,0
18929,5,0,0
18929,5,2,0
18929,6,1,0
18929,6,2,0
18929,7,0,0
18929,7,1,0
18929,7,2,0
18930,1,0,0
18930,2,1,0
18930,3,0,0
18930,3,1,0
18930,4,2,0
18930,5,0,0
18930,5,2,0
18930,6,1,0
18930,6,2,0
18930,7,0,0
18930,7,1,0
18930,7,2,0
18931,1,0,0
18931,2,1,0
18931,3,0,0
18931,3,1,0
18931,4,2,0
18931,5,0,0
18931,5,2,0
18931,6,1,0
18931,6,2,0
18931,7,0,0
18931,7,1,0
18931,7,2,0
18932,1,0,0
18932,2,1,0
18932,3,0,0
18932,3,1,0
18932,4,2,0
18932,5,0,0
18932,5,2,0
18932,6,1,0
18932,6,2,0
18932,7,0,0
18932,7,1,0
18932,7,2,0
18933,1,0,0
18933,2,1,0
18933,3,0,0
18933,3,1,0
18933,4,2,0
18933,5,0,0
18933,5,2,0
18933,6,1,0
18933,6,2,0
18933,7,0,0
18933,7,1,0
18933,7,2,0
18934,1,0,0
18934,2,1,0
18934,3,0,0
18934,3,1,0
18934,4,2,0
18934,5,0,0
18934,5,2,0
18934,6,1,0
18934,6,2,0
18934,7,0,0
18934,7,1,0
18934,7,2,0
18935,1,0,0
18935,2,1,0
18935,3,0,0
18935,3,1,0
18935,4,2,0
18935,5,0,0
18935,5,2,0
18935,6,1,0
18935,6,2,0
18935,7,0,0
18935,7,1,0
18935,7,2,0
18936,1,0,0
18936,2,1,0
18936,3,0,0
18936,3,1,0
18936,4,2,0
18936,5,0,0
18936,5,2,0
18936,6,1,0
18936,6,2,0
18936,7,0,0
18936,7,1,0
18936,7,2,0
18937,1,0,0
18937,2,1,0
18937,3,0,0
18937,3,1,0
18937,4,2,0
18937,5,0,0
18937,5,2,0
18937,6,1,0
18937,6,2,0
18937,7,0,0
18937,7,1,0
18937,7,2,0
18938,1,0,0
18938,2,1,0
18938,3,0,0
18938,3,1,0
18938,4,2,0
18938,5,0,0
18938,5,2,0
18938,6,1,0
18938,6,2,0
18938,7,0,0
18938,7,1,0
18938,7,2,0
18939,1,0,0
18939,2,1,0
18939,3,0,0
18939,3,1,0
18939,4,2,0
18939,5,0,0
18939,5,2,0
18939,6,1,0
18939,6,2,0
18939,7,0,0
18939,7,1,0
18939,7,2,0
18940,1,0,0
18940,2,1,0
18940,3,0,0
18940,3,1,0
18940,4,2,0
18940,5,0,0
18940,5,2,0
18940,6,1,0
18940,6,2,0
18940,7,0,0
18940,7,1,0
18940,7,2,0
18941,1,0,0
18941,2,1,0
18941,3,0,0
18941,3,1,0
18941,4,2,0
18941,5,0,0
18941,5,2,0
18941,6,1,0
18941,6,2,0
18941,7,0,0
18941,7,1,0
18941,7,2,0
18942,1,0,0
18942,2,1,0
18942,3,0,0
18942,3,1,0
18942,4,2,0
18942,5,0,0
18942,5,2,0
18942,6,1,0
18942,6,2,0
18942,7,0,0
18942,7,1,0
18942,7,2,0
18943,1,0,0
18943,2,1,0
18943,3,0,0
18943,3,1,0
18943,4,2,0
18943,5,0,0
18943,5,2,0
18943,6,1,0
18943,6,2,0
18943,7,0,0
18943,7,1,0
18943,7,2,0
18944,1,0,0
18944,2,1,0
18944,3,0,0
18944,3,1,0
18944,4,2,0
18944,5,0,0
18944,5,2,0
18944,6,1,0
18944,6,2,0
18944,7,0,0
18944,7,1,0
18944,7,2,0
18945,1,0,0
18945,2,1,0
18945,3,0,0
18945,3,1,0
18945,4,2,0
18945,5,0,0
18945,5,2,0
18945,6,1,0
18945,6,2,0
18945,7,0,0
18945,7,1,0
18945,7,2,0
18946,1,0,0
18946,2,1,0
18946,3,0,0
18946,3,1,0
18946,4,2,0
18946,5,0,0
18946,5,2,0
18946,6,1,0
18946,6,2,0
18946,7,0,0
18946,7,1,0
18946,7,2,0
18947,1,0,0
18947,2,1,0
18947,3,0,0
18947,3,1,0
18947,4,2,0
18947,5,0,0
18947,5,2,0
18947,6,1,0
18947,6,2,0
18947,7,0,0
18947,7,1,0
18947,7,2,0
18948,1,0,0
18948,2,1,0
18948,3,0,0
18948,3,1,0
18948,4,2,0
18948,5,0,0
18948,5,2,0
18948,6,1,0
18948,6,2,0
18948,7,0,0
18948,7,1,0
18948,7,2,0
18949,1,0,0
18949,2,1,0
18949,3,0,0
18949,3,1,0
18949,4,2,0
18949,5,0,0
18949,5,2,0
18949,6,1,0
18949,6,2,0
18949,7,0,0
18949,7,1,0
18949,7,2,0
18950,1,0,0
18950,2,1,0
18950,3,0,0
18950,3,1,0
18950,4,2,0
18950,5,0,0
18950,5,2,0
18950,6,1,0
18950,6,2,0
18950,7,0,0
18950,7,1,0
18950,7,2,0
18951,1,0,0
18951,2,1,0
18951,3,0,0
18951,3,1,0
18951,4,2,0
18951,5,0,0
18951,5,2,0
18951,6,1,0
18951,6,2,0
18951,7,0,0
18951,7,1,0
18951,7,2,0
18952,1,0,0
18952,2,1,0
18952,3,0,0
18952,3,1,0
18952,4,2,0
18952,5,0,0
18952,5,2,0
18952,6,1,0
18952,6,2,0
18952,7,0,0
18952,7,1,0
18952,7,2,0
18953,1,0,0
18953,2,1,0
18953,3,0,0
18953,3,1,0
18953,4,2,0
18953,5,0,0
18953,5,2,0
18953,6,1,0
18953,6,2,0
18953,7,0,0
18953,7,1,0
18953,7,2,0
18954,1,0,1
18954,2,1,1
18954,3,0,1
18954,3,1,1
18954,4,2,0
18954,5,0,1
18954,5,2,0
18954,6,1,1
18954,6,2,0
18954,7,0,1
18954,7,1,1
18954,7,2,0
18955,1,0,1
18955,2,1,1
18955,3,0,1
18955,3,1,1
18955,4,2,0
18955,5,0,1
18955,5,2,0
18955,6,1,1
18955,6,2,0
18955,7,0,1
18955,7,1,1
18955,7,2,0
18956,1,0,0
18956,2,1,1
18956,3,0,0
18956,3,1,1
18956,4,2,0
18956,5,0,0
18956,5,2,0
18956,6,1,1
18956,6,2,0
18956,7,0,0
18956,7,1,1
18956,7,2,0
18957,1,0,1
18957,2,1,1
18957,3,0,1
18957,3,1,1
18957,4,2,0
18957,5,0,1
18957,5,2,0
18957,6,1,1
18957,6,2,0
18957,7,0,1
18957,7,1,1
18957,7,2,0
18958,1,0,1
18958,2,1,1
18958,3,0,1
18958,3,1,1
18958,4,2,0
18958,5,0,1
18958,5,2,0
18958,6,1,1
18958,6,2,0
18958,7,0,1
18958,7,1,1
18958,7,2,0
18959,1,0,0
18959,2,1,1
18959,3,0,0
18959,3,1,1
18959,4,2,0
18959,5,0,0
18959,5,2,0
18959,6,1,1
18959,6,2,0
18959,7,0,0
18959,7,1,1
18959,7,2,0
18960,1,0,1
18960,2,1,1
18960,3,0,1
18960,3,1,1
18960,4,2,0
18960,5,0,1
18960,5,2,0
18960,6,1,1
18960,6,2,0
18960,7,0,1
18960,7,1,1
18960,7,2,0
18961,1,0,1
18961,2,1,1
18961,3,0,1
18961,3,1,1
18961,4,2,0
18961,5,0,1
18961,5,2,0
18961,6,1,1
18961,6,2,0
18961,7,0,1
18961,7,1,1
18961,7,2,0
18962,1,0,0
18962,2,1,1
18962,3,0,0
18962,3,1,1
18962,4,2,0
18962,5,0,0
18962,5,2,0
18962,6,1,1
18962,6,2,0
18962,7,0,0
18962,7,1,1
18962,7,2,0
18963,1,0,0
18963,2,1,1
18963,3,0,0
18963,3,1,1
18963,4,2,0
18963,5,0,0
18963,5,2,0
18963,6,1,1
18963,6,2,0
18963,7,0,0
18963,7,1,1
18963,7,2,0
18964,1,0,0
18964,2,1,1
18964,3,0,0
18964,3,1,1
18964,4,2,0
18964,5,0,0
18964,5,2,0
18964,6,1,1
18964,6,2,0
18964,7,0,0
18964,7,1,1
18964,7,2,0
18965,1,0,0
18965,2,1,1
18965,3,0,0
18965,3,1,1
18965,4,2,0
18965,5,0,0
18965,5,2,0
18965,6,1,1
18965,6,2,0
18965,7,0,0
18965,7,1,1
18965,7,2,0
18966,1,0,0
18966,2,1,1
18966,3,0,0
18966,3,1,1
18966,4,2,0
18966,5,0,0
18966,5,2,0
18966,6,1,1
18966,6,2,0
18966,7,0,0
18966,7,1,1
18966,7,2,0
18967,1,0,0
18967,2,1,1
18967,3,0,0
18967,3,1,1
18967,4,2,0
18967,5,0,0
18967,5,2,0
18967,6,1,1
18967,6,2,0
18967,7,0,0
18967,7,1,1
18967,7,2,0
18968,1,0,0
18968,2,1,1
18968,3,0,0
18968,3,1,1
18968,4,2,0
18968,5,0,0
18968,5,2,0
18968,6,1,1
18968,6,2,0
18968,7,0,0
18968,7,1,1
18968,7,2,0
18969,1,0,0
18969,2,1,1
18969,3,0,0
18969,3,1,1
18969,4,2,0
18969,5,0,0
18969,5,2,0
18969,6,1,1
18969,6,2,0
18969,7,0,0
18969,7,1,1
18969,7,2,0
18970,1,0,0
18970,2,1,1
18970,3,0,0
18970,3,1,1
18970,4,2,0
18970,5,0,0
18970,5,2,0
18970,6,1,1
18970,6,2,0
18970,7,0,0
18970,7,1,1
18970,7,2,0
18971,1,0,0
18971,2,1,1
18971,3,0,0
18971,3,1,1
18971,4,2,0
18971,5,0,0
18971,5,2,0
18971,6,1,1
18971,6,2,0
18971,7,0,0
18971,7,1,1
18971,7,2,0
18972,1,0,0
18972,2,1,1
18972,3,0,0
18972,3,1,1
18972,4,2,0
18972,5,0,0
18972,5,2,0
18972,6,1,1
18972,6,2,0
18972,7,0,0
18972,7,1,1
18972,7,2,0
18973,1,0,0
18973,2,1,1
18973,3,0,0
18973,3,1,1
18973,4,2,0
18973,5,0,0
18973,5,2,0
18973,6,1,1
18973,6,2,0
18973,7,0,0
18973,7,1,1
18973,7,2,0
18974,1,0,0
18974,2,1,1
18974,3,0,0
18974,3,1,1
18974,4,2,0
18974,5,0,0
18974,5,2,0
18974,6,1,1
18974,6,2,0
18974,7,0,0
18974,7,1,1
18974,7,2,0
18975,1,0,0
18975,2,1,1
18975,3,0,0
18975,3,1,1
18975,4,2,0
18975,5,0,0
18975,5,2,0
18975,6,1,1
18975,6,2,0
18975,7,0,0
18975,7,1,1
18975,7,2,0
18976,1,0,0
18976,2,1,1
18976,3,0,0
18976,3,1,1
18976,4,2,0
18976,5,0,0
18976,5,2,0
18976,6,1,1
18976,6,2,0
18976,7,0,0
18976,7,1,1
18976,7,2,0
18977,1,0,0
18977,2,1,1
18977,3,0,0
18977,3,1,1
18977,4,2,0
18977,5,0,0
18977,5,2,0
18977,6,1,1
18977,6,2,0
18977,7,0,0
18977,7,1,1
18977,7,2,0
18978,1,0,0
18978,2,1,1
18978,3,0,0
18978,3,1,1
18978,4,2,0
18978,5,0,0
18978,5,2,0
18978,6,1,1
18978,6,2,0
18978,7,0,0
18978,7,1,1
18978,7,2,0
18979,1,0,0
18979,2,1,1
18979,3,0,0
18979,3,1,1
18979,4,2,0
18979,5,0,0
18979,5,2,0
18979,6,1,1
18979,6,2,0
18979,7,0,0
18979,7,1,1
18979,7,2,0
18980,1,0,0
18980,2,1,1
18980,3,0,0
18980,3,1,1
18980,4,2,0
18980,5,0,0
18980,5,2,0
18980,6,1,1
18980,6,2,0
18980,7,0,0
18980,7,1,1
18980,7,2,0
18981,1,0,1
18981,2,1,1
18981,3,0,1
18981,3,1,1
18981,4,2,0
18981,5,0,1
18981,5,2,0
18981,6,1,1
18981,6,2,0
18981,7,0,1
18981,7,1,1
18981,7,2,0
18982,1,0,1
18982,2,1,1
18982,3,0,1
18982,3,1,1
18982,4,2,0
18982,5,0,1
18982,5,2,0
18982,6,1,1
18982,6,2,0
18982,7,0,1
18982,7,1,1
18982,7,2,0
18983,1,0,0
18983,2,1,0
18983,3,0,0
18983,3,1,0
18983,4,2,0
18983,5,0,0
18983,5,2,0
18983,6,1,0
18983,6,2,0
18983,7,0,0
18983,7,1,0
18983,7,2,0
18984,1,0,1
18984,2,1,1
18984,3,0,1
18984,3,1,1
18984,4,2,0
18984,5,0,1
18984,5,2,0
18984,6,1,1
18984,6,2,0
18984,7,0,1
18984,7,1,1
18984,7,2,0
18985,1,0,1
18985,2,1,1
18985,3,0,1
18985,3,1,1
18985,4,2,0
18985,5,0,1
18985,5,2,0
18985,6,1,1
18985,6,2,0
18985,7,0,1
18985,7,1,1
18985,7,2,0
18986,1,0,0
18986,2,1,0
18986,3,0,0
18986,3,1,0
18986,4,2,0
18986,5,0,0
18986,5,2,0
18986,6,1,0
18986,6,2,0
18986,7,0,0
18986,7,1,0
18986,7,2,0
18987,1,0,0
18987,2,1,0
18987,3,0,0
18987,3,1,0
18987,4,2,0
18987,5,0,0
18987,5,2,0
18987,6,1,0
18987,6,2,0
18987,7,0,0
18987,7,1,0
18987,7,2,0
18988,1,0,0
18988,2,1,0
18988,3,0,0
18988,3,1,0
18988,4,2,0
18988,5,0,0
18988,5,2,0
18988,6,1,0
18988,6,2,0
18988,7,0,0
18988,7,1,0
18988,7,2,0
18989,1,0,0
18989,2,1,0
18989,3,0,0
18989,3,1,0
18989,4,2,0
18989,5,0,0
18989,5,2,0
18989,6,1,0
18989,6,2,0
18989,7,0,0
18989,7,1,0
18989,7,2,0
18990,1,0,0
18990,2,1,0
18990,3,0,0
18990,3,1,0
18990,4,2,0
18990,5,0,0
18990,5,2,0
18990,6,1,0
18990,6,2,0
18990,7,0,0
18990,7,1,0
18990,7,2,0
18991,1,0,0
18991,2,1,0
18991,3,0,0
18991,3,1,0
18991,4,2,0
18991,5,0,0
18991,5,2,0
18991,6,1,0
18991,6,2,0
18991,7,0,0
18991,7,1,0
18991,7,2,0
18992,1,0,0
18992,2,1,0
18992,3,0,0
18992,3,1,0
18992,4,2,0
18992,5,0,0
18992,5,2,0
18992,6,1,0
18992,6,2,0
18992,7,0,0
18992,7,1,0
18992,7,2,0
18993,1,0,0
18993,2,1,0
18993,3,0,0
18993,3,1,0
18993,4,2,0
18993,5,0,0
18993,5,2,0
18993,6,1,0
18993,6,2,0
18993,7,0,0
18993,7,1,0
18993,7,2,0
18994,1,0,0
18994,2,1,0
18994,3,0,0
18994,3,1,0
18994,4,2,0
18994,5,0,0
18994,5,2,0
18994,6,1,0
18994,6,2,0
18994,7,0,0
18994,7,1,0
18994,7,2,0
18995,1,0,0
18995,2,1,0
18995,3,0,0
18995,3,1,0
18995,4,2,0
18995,5,0,0
18995,5,2,0
18995,6,1,0
18995,6,2,0
18995,7,0,0
18995,7,1,0
18995,7,2,0
18996,1,0,0
18996,2,1,0
18996,3,0,0
18996,3,1,0
18996,4,2,0
18996,5,0,0
18996,5,2,0
18996,6,1,0
18996,6,2,0
18996,7,0,0
18996,7,1,0
18996,7,2,0
18997,1,0,0
18997,2,1,0
18997,3,0,0
18997,3,1,0
18997,4,2,0
18997,5,0,0
18997,5,2,0
18997,6,1,0
18997,6,2,0
18997,7,0,0
18997,7,1,0
18997,7,2,0
18998,1,0,0
18998,2,1,0
18998,3,0,0
18998,3,1,0
18998,4,2,0
18998,5,0,0
18998,5,2,0
18998,6,1,0
18998,6,2,0
18998,7,0,0
18998,7,1,0
18998,7,2,0
18999,1,0,0
18999,2,1,0
18999,3,0,0
18999,3,1,0
18999,4,2,0
18999,5,0,0
18999,5,2,0
18999,6,1,0
18999,6,2,0
18999,7,0,0
18999,7,1,0
18999,7,2,0
19000,1,0,0
19000,2,1,0
19000,3,0,0
19000,3,1,0
19000,4,2,0
19000,5,0,0
19000,5,2,0
19000,6,1,0
19000,6,2,0
19000,7,0,0
19000,7,1,0
19000,7,2,0
19001,1,0,0
19001,2,1,0
19001,3,0,0
19001,3,1,0
19001,4,2,0
19001,5,0,0
19001,5,2,0
19001,6,1,0
19001,6,2,0
19001,7,0,0
19001,7,1,0
19001,7,2,0
19002,1,0,0
19002,2,1,0
19002,3,0,0
19002,3,1,0
19002,4,2,0
19002,5,0,0
19002,5,2,0
19002,6,1,0
19002,6,2,0
19002,7,0,0
19002,7,1,0
19002,7,2,0
19003,1,0,0
19003,2,1,0
19003,3,0,0
19003,3,1,0
19003,4,2,0
19003,5,0,0
19003,5,2,0
19003,6,1,0
19003,6,2,0
19003,7,0,0
19003,7,1,0
19003,7,2,0
19004,1,0,0
19004,2,1,0
19004,3,0,0
19004,3,1,0
19004,4,2,0
19004,5,0,0
19004,5,2,0
19004,6,1,0
19004,6,2,0
19004,7,0,0
19004,7,1,0
19004,7,2,0
19005,1,0,0
19005,2,1,0
19005,3,0,0
19005,3,1,0
19005,4,2,0
19005,5,0,0
19005,5,2,0
19005,6,1,0
19005,6,2,0
19005,7,0,0
19005,7,1,0
19005,7,2,0
19006,1,0,0
19006,2,1,0
19006,3,0,0
19006,3,1,0
19006,4,2,0
19006,5,0,0
19006,5,2,0
19006,6,1,0
19006,6,2,0
19006,7,0,0
19006,7,1,0
19006,7,2,0
19007,1,0,0
19007,2,1,0
19007,3,0,0
19007,3,1,0
19007,4,2,0
19007,5,0,0
19007,5,2,0
19007,6,1,0
19007,6,2,0
19007,7,0,0
19007,7,1,0
19007,7,2,0
19008,1,0,1
19008,2,1,1
19008,3,0,1
19008,3,1,1
19008,4,2,0
19008,5,0,1
19008,5,2,0
19008,6,1,1
19008,6,2,0
19008,7,0,1
19008,7,1,1
19008,7,2,0
19009,1,0,1
19009,2,1,1
19009,3,0,1
19009,3,1,1
19009,4,2,0
19009,5,0,1
19009,5,2,0
19009,6,1,1
19009,6,2,0
19009,7,0,1
19009,7,1,1
19009,7,2,0
19010,1,0,0
19010,2,1,0
19010,3,0,0
19010,3,1,0
19010,4,2,0
19010,5,0,0
19010,5,2,0
19010,6,1,0
19010,6,2,0
19010,7,0,0
19010,7,1,0
19010,7,2,0
19011,1,0,0
19011,2,1,0
19011,3,0,0
19011,3,1,0
19011,4,2,0
19011,5,0,0
19011,5,2,0
19011,6,1,0
19011,6,2,0
19011,7,0,0
19011,7,1,0
19011,7,2,0
19012,1,0,0
19012,2,1,0
19012,3,0,0
19012,3,1,0
19012,4,2,0
19012,5,0,0
19012,5,2,0
19012,6,1,0
19012,6,2,0
19012,7,0,0
19012,7,1,0
19012,7,2,0
19013,1,0,0
19013,2,1,0
19013,3,0,0
19013,3,1,0
19013,4,2,0
19013,5,0,0
19013,5,2,0
19013,6,1,0
19013,6,2,0
19013,7,0,0
19013,7,1,0
19013,7,2,0
19014,1,0,0
19014,2,1,0
19014,3,0,0
19014,3,1,0
19014,4,2,0
19014,5,0,0
19014,5,2,0
19014,6,1,0
19014,6,2,0
19014,7,0,0
19014,7,1,0
19014,7,2,0
19015,1,0,0
19015,2,1,0
19015,3,0,0
19015,3,1,0
19015,4,2,0
19015,5,0,0
19015,5,2,0
19015,6,1,0
19015,6,2,0
19015,7,0,0
19015,7,1,0
19015,7,2,0
19016,1,0,0
19016,2,1,0
19016,3,0,0
19016,3,1,0
19016,4,2,0
19016,5,0,0
19016,5,2,0
19016,6,1,0
19016,6,2,0
19016,7,0,0
19016,7,1,0
19016,7,2,0
19017,1,0,0
19017,2,1,0
19017,3,0,0
19017,3,1,0
19017,4,2,0
19017,5,0,0
19017,5,2,0
19017,6,1,0
19017,6,2,0
19017,7,0,0
19017,7,1,0
19017,7,2,0
19018,1,0,0
19018,2,1,0
19018,3,0,0
19018,3,1,0
19018,4,2,0
19018,5,0,0
19018,5,2,0
19018,6,1,0
19018,6,2,0
19018,7,0,0
19018,7,1,0
19018,7,2,0
19019,1,0,0
19019,2,1,0
19019,3,0,0
19019,3,1,0
19019,4,2,0
19019,5,0,0
19019,5,2,0
19019,6,1,0
19019,6,2,0
19019,7,0,0
19019,7,1,0
19019,7,2,0
19020,1,0,0
19020,2,1,0
19020,3,0,0
19020,3,1,0
19020,4,2,0
19020,5,0,0
19020,5,2,0
19020,6,1,0
19020,6,2,0
19020,7,0,0
19020,7,1,0
19020,7,2,0
19021,1,0,0
19021,2,1,0
19021,3,0,0
19021,3,1,0
19021,4,2,0
19021,5,0,0
19021,5,2,0
19021,6,1,0
19021,6,2,0
19021,7,0,0
19021,7,1,0
19021,7,2,0
19022,1,0,0
19022,2,1,0
19022,3,0,0
19022,3,1,0
19022,4,2,0
19022,5,0,0
19022,5,2,0
19022,6,1,0
19022,6,2,0
19022,7,0,0
19022,7,1,0
19022,7,2,0
19023,1,0,0
19023,2,1,0
19023,3,0,0
19023,3,1,0
19023,4,2,0
19023,5,0,0
19023,5,2,0
19023,6,1,0
19023,6,2,0
19023,7,0,0
19023,7,1,0
19023,7,2,0
19024,1,0,0
19024,2,1,0
19024,3,0,0
19024,3,1,0
19024,4,2,0
19024,5,0,0
19024,5,2,0
19024,6,1,0
19024,6,2,0
19024,7,0,0
19024,7,1,0
19024,7,2,0
19025,1,0,0
19025,2,1,0
19025,3,0,0
19025,3,1,0
19025,4,2,0
19025,5,0,0
19025,5,2,0
19025,6,1,0
19025,6,2,0
19025,7,0,0
19025,7,1,0
19025,7,2,0
19026,1,0,0
19026,2,1,0
19026,3,0,0
19026,3,1,0
19026,4,2,0
19026,5,0,0
19026,5,2,0
19026,6,1,0
19026,6,2,0
19026,7,0,0
19026,7,1,0
19026,7,2,0
19027,1,0,0
19027,2,1,0
19027,3,0,0
19027,3,1,0
19027,4,2,0
19027,5,0,0
19027,5,2,0
19027,6,1,0
19027,6,2,0
19027,7,0,0
19027,7,1,0
19027,7,2,0
19028,1,0,0
19028,2,1,0
19028,3,0,0
19028,3,1,0
19028,4,2,0
19028,5,0,0
19028,5,2,0
19028,6,1,0
19028,6,2,0
19028,7,0,0
19028,7,1,0
19028,7,2,0
19029,1,0,0
19029,2,1,0
19029,3,0,0
19029,3,1,0
19029,4,2,0
19029,5,0,0
19029,5,2,0
19029,6,1,0
19029,6,2,0
19029,7,0,0
19029,7,1,0
19029,7,2,0
19030,1,0,0
19030,2,1,0
19030,3,0,0
19030,3,1,0
19030,4,2,0
19030,5,0,0
19030,5,2,0
19030,6,1,0
19030,6,2,0
19030,7,0,0
19030,7,1,0
19030,7,2,0
19031,1,0,0
19031,2,1,0
19031,3,0,0
19031,3,1,0
19031,4,2,0
19031,5,0,0
19031,5,2,0
19031,6,1,0
19031,6,2,0
19031,7,0,0
19031,7,1,0
19031,7,2,0
19032,1,0,0
19032,2,1,0
19032,3,0,0
19032,3,1,0
19032,4,2,0
19032,5,0,0
19032,5,2,0
19032,6,1,0
19032,6,2,0
19032,7,0,0
19032,7,1,0
19032,7,2,0
19033,1,0,0
19033,2,1,0
19033,3,0,0
19033,3,1,0
19033,4,2,0
19033,5,0,0
19033,5,2,0
19033,6,1,0
19033,6,2,0
19033,7,0,0
19033,7,1,0
19033,7,2,0
19034,1,0,0
19034,2,1,0
19034,3,0,0
19034,3,1,0
19034,4,2,0
19034,5,0,0
19034,5,2,0
19034,6,1,0
19034,6,2,0
19034,7,0,0
19034,7,1,0
19034,7,2,0
19035,1,0,1
19035,2,1,1
19035,3,0,1
19035,3,1,1
19035,4,2,0
19035,5,0,1
19035,5,2,0
19035,6,1,1
19035,6,2,0
19035,7,0,1
19035,7,1,1
19035,7,2,0
19036,1,0,1
19036,2,1,1
19036,3,0,1
19036,3,1,1
19036,4,2,0
19036,5,0,1
19036,5,2,0
19036,6,1,1
19036,6,2,0
19036,7,0,1
19036,7,1,1
19036,7,2,0
19037,1,0,0
19037,2,1,1
19037,3,0,0
19037,3,1,1
19037,4,2,0
19037,5,0,0
19037,5,2,0
19037,6,1,1
19037,6,2,0
19037,7,0,0
19037,7,1,1
19037,7,2,0
19038,1,0,1
19038,2,1,1
19038,3,0,1
19038,3,1,1
19038,4,2,0
19038,5,0,1
19038,5,2,0
19038,6,1,1
19038,6,2,0
19038,7,0,1
19038,7,1,1
19038,7,2,0
19039,1,0,1
19039,2,1,1
19039,3,0,1
19039,3,1,1
19039,4,2,0
19039,5,0,1
19039,5,2,0
19039,6,1,1
19039,6,2,0
19039,7,0,1
19039,7,1,1
19039,7,2,0
19040,1,0,0
19040,2,1,1
19040,3,0,0
19040,3,1,1
19040,4,2,0
19040,5,0,0
19040,5,2,0
19040,6,1,1
19040,6,2,0
19040,7,0,0
19040,7,1,1
19040,7,2,0
19041,1,0,1
19041,2,1,1
19041,3,0,1
19041,3,1,1
19041,4,2,0
19041,5,0,1
19041,5,2,0
19041,6,1,1
19041,6,2,0
19041,7,0,1
19041,7,1,1
19041,7,2,0
19042,1,0,1
19042,2,1,1
19042,3,0,1
19042,3,1,1
19042,4,2,0
19042,5,0,1
19042,5,2,0
19042,6,1,1
19042,6,2,0
19042,7,0,1
19042,7,1,1
19042,7,2,0
19043,1,0,0
19043,2,1,1
19043,3,0,0
19043,3,1,1
19043,4,2,0
19043,5,0,0
19043,5,2,0
19043,6,1,1
19043,6,2,0
19043,7,0,0
19043,7,1,1
19043,7,2,0
19044,1,0,0
19044,2,1,1
19044,3,0,0
19044,3,1,1
19044,4,2,0
19044,5,0,0
19044,5,2,0
19044,6,1,1
19044,6,2,0
19044,7,0,0
19044,7,1,1
19044,7,2,0
19045,1,0,0
19045,2,1,1
19045,3,0,0
19045,3,1,1
19045,4,2,0
19045,5,0,0
19045,5,2,0
19045,6,1,1
19045,6,2,0
19045,7,0,0
19045,7,1,1
19045,7,2,0
19046,1,0,0
19046,2,1,1
19046,3,0,0
19046,3,1,1
19046,4,2,0
19046,5,0,0
19046,5,2,0
19046,6,1,1
19046,6,2,0
19046,7,0,0
19046,7,1,1
19046,7,2,0
19047,1,0,0
19047,2,1,1
19047,3,0,0
19047,3,1,1
19047,4,2,0
19047,5,0,0
19047,5,2,0
19047,6,1,1
19047,6,2,0
19047,7,0,0
19047,7,1,1
19047,7,2,0
19048,1,0,0
19048,2,1,1
19048,3,0,0
19048,3,1,1
19048,4,2,0
19048,5,0,0
19048,5,2,0
19048,6,1,1
19048,6,2,0
19048,7,0,0
19048,7,1,1
19048,7,2,0
19049,1,0,0
19049,2,1,1
19049,3,0,0
19049,3,1,1
19049,4,2,0
19049,5,0,0
19049,5,2,0
19049,6,1,1
19049,6,2,0
19049,7,0,0
19049,7,1,1
19049,7,2,0
19050,1,0,0
19050,2,1,1
19050,3,0,0
19050,3,1,1
19050,4,2,0
19050,5,0,0
19050,5,2,0
19050,6,1,1
19050,6,2,0
19050,7,0,0
19050,7,1,1
19050,7,2,0
19051,1,0,0
19051,2,1,1
19051,3,0,0
19051,3,1,1
19051,4,2,0
19051,5,0,0
19051,5,2,0
19051,6,1,1
19051,6,2,0
19051,7,0,0
19051,7,1,1
19051,7,2,0
19052,1,0,0
19052,2,1,1
19052,3,0,0
19052,3,1,1
19052,4,2,0
19052,5,0,0
19052,5,2,0
19052,6,1,1
19052,6,2,0
19052,7,0,0
19052,7,1,1
19052,7,2,0
19053,1,0,0
19053,2,1,1
19053,3,0,0
19053,3,1,1
19053,4,2,0
19053,5,0,0
19053,5,2,0
19053,6,1,1
19053,6,2,0
19053,7,0,0
19053,7,1,1
19053,7,2,0
19054,1,0,0
19054,2,1,1
19054,3,0,0
19054,3,1,1
19054,4,2,0
19054,5,0,0
19054,5,2,0
19054,6,1,1
19054,6,2,0
19054,7,0,0
19054,7,1,1
19054,7,2,0
19055,1,0,0
19055,2,1,1
19055,3,0,0
19055,3,1,1
19055,4,2,0
19055,5,0,0
19055,5,2,0
19055,6,1,1
19055,6,2,0
19055,7,0,0
19055,7,1,1
19055,7,2,0
19056,1,0,0
19056,2,1,1
19056,3,0,0
19056,3,1,1
19056,4,2,0
19056,5,0,0
19056,5,2,0
19056,6,1,1
19056,6,2,0
19056,7,0,0
19056,7,1,1
19056,7,2,0
19057,1,0,0
19057,2,1,1
19057,3,0,0
19057,3,1,1
19057,4,2,0
19057,5,0,0
19057,5,2,0
19057,6,1,1
19057,6,2,0
19057,7,0,0
19057,7,1,1
19057,7,2,0
19058,1,0,0
19058,2,1,1
19058,3,0,0
19058,3,1,1
19058,4,2,0
19058,5,0,0
19058,5,2,0
19058,6,1,1
19058,6,2,0
19058,7,0,0
19058,7,1,1
19058,7,2,0
19059,1,0,0
19059,2,1,1
19059,3,0,0
19059,3,1,1
19059,4,2,0
19059,5,0,0
19059,5,2,0
19059,6,1,1
19059,6,2,0
19059,7,0,0
19059,7,1,1
19059,7,2,0
19060,1,0,0
19060,2,1,1
19060,3,0,0
19060,3,1,1
19060,4,2,0
19060,5,0,0
19060,5,2,0
19060,6,1,1
19060,6,2,0
19060,7,0,0
19060,7,1,1
19060,7,2,0
19061,1,0,0
19061,2,1,1
19061,3,0,0
19061,3,1,1
19061,4,2,0
19061,5,0,0
19061,5,2,0
19061,6,1,1
19061,6,2,0
19061,7,0,0
19061,7,1,1
19061,7,2,0
19062,1,0,1
19062,2,1,1
19062,3,0,1
19062,3,1,1
19062,4,2,0
19062,5,0,1
19062,5,2,0
19062,6,1,1
19062,6,2,0
19062,7,0,1
19062,7,1,1
19062,7,2,0
19063,1,0,1
19063,2,1,1
19063,3,0,1
19063,3,1,1
19063,4,2,0
19063,5,0,1
19063,5,2,0
19063,6,1,1
19063,6,2,0
19063,7,0,1
19063,7,1,1
19063,7,2,0
19064,1,0,0
19064,2,1,0
19064,3,0,0
19064,3,1,0
19064,4,2,0
19064,5,0,0
19064,5,2,0
19064,6,1,0
19064,6,2,0
19064,7,0,0
19064,7,1,0
19064,7,2,0
19065,1,0,1
19065,2,1,1
19065,3,0,1
19065,3,1,1
19065,4,2,0
19065,5,0,1
19065,5,2,0
19065,6,1,1
19065,6,2,0
19065,7,0,1
19065,7,1,1
19065,7,2,0
19066,1,0,1
19066,2,1,1
19066,3,0,1
19066,3,1,1
19066,4,2,0
19066,5,0,1
19066,5,2,0
19066,6,1,1
19066,6,2,0
19066,7,0,1
19066,7,1,1
19066,7,2,0
19067,1,0,0
19067,2,1,0
19067,3,0,0
19067,3,1,0
19067,4,2,0
19067,5,0,0
19067,5,2,0
19067,6,1,0
19067,6,2,0
19067,7,0,0
19067,7,1,0
19067,7,2,0
19068,1,0,0
19068,2,1,0
19068,3,0,0
19068,3,1,0
19068,4,2,0
19068,5,0,0
19068,5,2,0
19068,6,1,0
19068,6,2,0
19068,7,0,0
19068,7,1,0
19068,7,2,0
19069,1,0,0
19069,2,1,0
19069,3,0,0
19069,3,1,0
19069,4,2,0
19069,5,0,0
19069,5,2,0
19069,6,1,0
19069,6,2,0
19069,7,0,0
19069,7,1,0
19069,7,2,0
19070,1,0,0
19070,2,1,0
19070,3,0,0
19070,3,1,0
19070,4,2,0
19070,5,0,0
19070,5,2,0
19070,6,1,0
19070,6,2,0
19070,7,0,0
19070,7,1,0
19070,7,2,0
19071,1,0,0
19071,2,1,0
19071,3,0,0
19071,3,1,0
19071,4,2,0
19071,5,0,0
19071,5,2,0
19071,6,1,0
19071,6,2,0
19071,7,0,0
19071,7,1,0
19071,7,2,0
19072,1,0,0
19072,2,1,0
19072,3,0,0
19072,3,1,0
19072,4,2,0
19072,5,0,0
19072,5,2,0
19072,6,1,0
19072,6,2,0
19072,7,0,0
19072,7,1,0
19072,7,2,0
19073,1,0,0
19073,2,1,0
19073,3,0,0
19073,3,1,0
19073,4,2,0
19073,5,0,0
19073,5,2,0
19073,6,1,0
19073,6,2,0
19073,7,0,0
19073,7,1,0
19073,7,2,0
19074,1,0,0
19074,2,1,0
19074,3,0,0
19074,3,1,0
19074,4,2,0
19074,5,0,0
19074,5,2,0
19074,6,1,0
19074,6,2,0
19074,7,0,0
19074,7,1,0
19074,7,2,0
19075,1,0,0
19075,2,1,0
19075,3,0,0
19075,3,1,0
19075,4,2,0
19075,5,0,0
19075,5,2,0
19075,6,1,0
19075,6,2,0
19075,7,0,0
19075,7,1,0
19075,7,2,0
19076,1,0,0
19076,2,1,0
19076,3,0,0
19076,3,1,0
19076,4,2,0
19076,5,0,0
19076,5,2,0
19076,6,1,0
19076,6,2,0
19076,7,0,0
19076,7,1,0
19076,7,2,0
19077,1,0,0
19077,2,1,0
19077,3,0,0
19077,3,1,0
19077,4,2,0
19077,5,0,0
19077,5,2,0
19077,6,1,0
19077,6,2,0
19077,7,0,0
19077,7,1,0
19077,7,2,0
19078,1,0,0
19078,2,1,0
19078,3,0,0
19078,3,1,0
19078,4,2,0
19078,5,0,0
19078,5,2,0
19078,6,1,0
19078,6,2,0
19078,7,0,0
19078,7,1,0
19078,7,2,0
19079,1,0,0
19079,2,1,0
19079,3,0,0
19079,3,1,0
19079,4,2,0
19079,5,0,0
19079,5,2,0
19079,6,1,0
19079,6,2,0
19079,7,0,0
19079,7,1,0
19079,7,2,0
19080,1,0,0
19080,2,1,0
19080,3,0,0
19080,3,1,0
19080,4,2,0
19080,5,0,0
19080,5,2,0
19080,6,1,0
19080,6,2,0
19080,7,0,0
19080,7,1,0
19080,7,2,0
19081,1,0,0
19081,2,1,0
19081,3,0,0
19081,3,1,0
19081,4,2,0
19081,5,0,0
19081,5,2,0
19081,6,1,0
19081,6,2,0
19081,7,0,0
19081,7,1,0
19081,7,2,0
19082,1,0,0
19082,2,1,0
19082,3,0,0
19082,3,1,0
19082,4,2,0
19082,5,0,0
19082,5,2,0
19082,6,1,0
19082,6,2,0
19082,7,0,0
19082,7,1,0
19082,7,2,0
19083,1,0,0
19083,2,1,0
19083,3,0,0
19083,3,1,0
19083,4,2,0
19083,5,0,0
19083,5,2,0
19083,6,1,0
19083,6,2,0
19083,7,0,0
19083,7,1,0
19083,7,2,0
19084,1,0,0
19084,2,1,0
19084,3,0,0
19084,3,1,0
19084,4,2,0
19084,5,0,0
19084,5,2,0
19084,6,1,0
19084,6,2,0
19084,7,0,0
19084,7,1,0
19084,7,2,0
19085,1,0,0
19085,2,1,0
19085,3,0,0
19085,3,1,0
19085,4,2,0
19085,5,0,0
19085,5,2,0
19085,6,1,0
19085,6,2,0
19085,7,0,0
19085,7,1,0
19085,7,2,0
19086,1,0,0
19086,2,1,0
19086,3,0,0
19086,3,1,0
19086,4,2,0
19086,5,0,0
19086,5,2,0
19086,6,1,0
19086,6,2,0
19086,7,0,0
19086,7,1,0
19086,7,2,0
19087,1,0,0
19087,2,1,0
19087,3,0,0
19087,3,1,0
19087,4,2,0
19087,5,0,0
19087,5,2,0
19087,6,1,0
19087,6,2,0
19087,7,0,0
19087,7,1,0
19087,7,2,0
19088,1,0,0
19088,2,1,0
19088,3,0,0
19088,3,1,0
19088,4,2,0
19088,5,0,0
19088,5,2,0
19088,6,1,0
19088,6,2,0
19088,7,0,0
19088,7,1,0
19088,7,2,0
19089,1,0,1
19089,2,1,1
19089,3,0,1
19089,3,1,1
19089,4,2,0
19089,5,0,1
19089,5,2,0
19089,6,1,1
19089,6,2,0
19089,7,0,1
19089,7,1,1
19089,7,2,0
19090,1,0,1
19090,2,1,1
19090,3,0,1
19090,3,1,1
19090,4,2,0
19090,5,0,1
19090,5,2,0
19090,6,1,1
19090,6,2,0
19090,7,0,1
19090,7,1,1
19090,7,2,0
19091,1,0,0
19091,2,1,0
19091,3,0,0
19091,3,1,0
19091,4,2,0
19091,5,0,0
19091,5,2,0
19091,6,1,0
19091,6,2,0
19091,7,0,0
19091,7,1,0
19091,7,2,0
19092,1,0,0
19092,2,1,0
19092,3,0,0
19092,3,1,0
19092,4,2,0
19092,5,0,0
19092,5,2,0
19092,6,1,0
19092,6,2,0
19092,7,0,0
19092,7,1,0
19092,7,2,0
19093,1,0,0
19093,2,1,0
19093,3,0,0
19093,3,1,0
19093,4,2,0
19093,5,0,0
19093,5,2,0
19093,6,1,0
19093,6,2,0
19093,7,0,0
19093,7,1,0
19093,7,2,0
19094,1,0,0
19094,2,1,0
19094,3,0,0
19094,3,1,0
19094,4,2,0
19094,5,0,0
19094,5,2,0
19094,6,1,0
19094,6,2,0
19094,7,0,0
19094,7,1,0
19094,7,2,0
19095,1,0,0
19095,2,1,0
19095,3,0,0
19095,3,1,0
19095,4,2,0
19095,5,0,0
19095,5,2,0
19095,6,1,0
19095,6,2,0
19095,7,0,0
19095,7,1,0
19095,7,2,0
19096,1,0,0
19096,2,1,0
19096,3,0,0
19096,3,1,0
19096,4,2,0
19096,5,0,0
19096,5,2,0
19096,6,1,0
19096,6,2,0
19096,7,0,0
19096,7,1,0
19096,7,2,0
19097,1,0,0
19097,2,1,0
19097,3,0,0
19097,3,1,0
19097,4,2,0
19097,5,0,0
19097,5,2,0
19097,6,1,0
19097,6,2,0
19097,7,0,0
19097,7,1,0
19097,7,2,0
19098,1,0,0
19098,2,1,0
19098,3,0,0
19098,3,1,0
19098,4,2,0
19098,5,0,0
19098,5,2,0
19098,6,1,0
19098,6,2,0
19098,7,0,0
19098,7,1,0
19098,7,2,0
19099,1,0,0
19099,2,1,0
19099,3,0,0
19099,3,1,0
19099,4,2,0
19099,5,0,0
19099,5,2,0
19099,6,1,0
19099,6,2,0
19099,7,0,0
19099,7,1,0
19099,7,2,0
19100,1,0,0
19100,2,1,0
19100,3,0,0
19100,3,1,0
19100,4,2,0
19100,5,0,0
19100,5,2,0
19100,6,1,0
19100,6,2,0
19100,7,0,0
19100,7,1,0
19100,7,2,0
19101,1,0,0
19101,2,1,0
19101,3,0,0
19101,3,1,0
19101,4,2,0
19101,5,0,0
19101,5,2,0
19101,6,1,0
19101,6,2,0
19101,7,0,0
19101,7,1,0
19101,7,2,0
19102,1,0,0
19102,2,1,0
19102,3,0,0
19102,3,1,0
19102,4,2,0
19102,5,0,0
19102,5,2,0
19102,6,1,0
19102,6,2,0
19102,7,0,0
19102,7,1,0
19102,7,2,0
19103,1,0,0
19103,2,1,0
19103,3,0,0
19103,3,1,0
19103,4,2,0
19103,5,0,0
19103,5,2,0
19103,6,1,0
19103,6,2,0
19103,7,0,0
19103,7,1,0
19103,7,2,0
19104,1,0,0
19104,2,1,0
19104,3,0,0
19104,3,1,0
19104,4,2,0
19104,5,0,0
19104,5,2,0
19104,6,1,0
19104,6,2,0
19104,7,0,0
19104,7,1,0
19104,7,2,0
19105,1,0,0
19105,2,1,0
19105,3,0,0
19105,3,1,0
19105,4,2,0
19105,5,0,0
19105,5,2,0
19105,6,1,0
19105,6,2,0
19105,7,0,0
19105,7,1,0
19105,7,2,0
19106,1,0,0
19106,2,1,0
19106,3,0,0
19106,3,1,0
19106,4,2,0
19106,5,0,0
19106,5,2,0
19106,6,1,0
19106,6,2,0
19106,7,0,0
19106,7,1,0
19106,7,2,0
19107,1,0,0
19107,2,1,0
19107,3,0,0
19107,3,1,0
19107,4,2,0
19107,5,0,0
19107,5,2,0
19107,6,1,0
19107,6,2,0
19107,7,0,0
19107,7,1,0
19107,7,2,0
19108,1,0,0
19108,2,1,0
19108,3,0,0
19108,3,1,0
19108,4,2,0
19108,5,0,0
19108,5,2,0
19108,6,1,0
19108,6,2,0
19108,7,0,0
19108,7,1,0
19108,7,2,0
19109,1,0,0
19109,2,1,0
19109,3,0,0
19109,3,1,0
19109,4,2,0
19109,5,0,0
19109,5,2,0
19109,6,1,0
19109,6,2,0
19109,7,0,0
19109,7,1,0
19109,7,2,0
19110,1,0,0
19110,2,1,0
19110,3,0,0
19110,3,1,0
19110,4,2,0
19110,5,0,0
19110,5,2,0
19110,6,1,0
19110,6,2,0
19110,7,0,0
19110,7,1,0
19110,7,2,0
19111,1,0,0
19111,2,1,0
19111,3,0,0
19111,3,1,0
19111,4,2,0
19111,5,0,0
19111,5,2,0
19111,6,1,0
19111,6,2,0
19111,7,0,0
19111,7,1,0
19111,7,2,0
19112,1,0,0
19112,2,1,0
19112,3,0,0
19112,3,1,0
19112,4,2,0
19112,5,0,0
19112,5,2,0
19112,6,1,0
19112,6,2,0
19112,7,0,0
19112,7,1,0
19112,7,2,0
19113,1,0,0
19113,2,1,0
19113,3,0,0
19113,3,1,0
19113,4,2,0
19113,5,0,0
19113,5,2,0
19113,6,1,0
19113,6,2,0
19113,7,0,0
19113,7,1,0
19113,7,2,0
19114,1,0,0
19114,2,1,0
19114,3,0,0
19114,3,1,0
19114,4,2,0
19114,5,0,0
19114,5,2,0
19114,6,1,0
19114,6,2,0
19114,7,0,0
19114,7,1,0
19114,7,2,0
19115,1,0,0
19115,2,1,0
19115,3,0,0
19115,3,1,0
19115,4,2,0
19115,5,0,0
19115,5,2,0
19115,6,1,0
19115,6,2,0
19115,7,0,0
19115,7,1,0
19115,7,2,0
19116,1,0,1
19116,2,1,0
19116,3,0,1
19116,3,1,0
19116,4,2,0
19116,5,0,1
19116,5,2,0
19116,6,1,0
19116,6,2,0
19116,7,0,1
19116,7,1,0
19116,7,2,0
19117,1,0,1
19117,2,1,0
19117,3,0,1
19117,3,1,0
19117,4,2,0
19117,5,0,1
19117,5,2,0
19117,6,1,0
19117,6,2,0
19117,7,0,1
19117,7,1,0
19117,7,2,0
19118,1,0,0
19118,2,1,0
19118,3,0,0
19118,3,1,0
19118,4,2,0
19118,5,0,0
19118,5,2,0
19118,6,1,0
19118,6,2,0
19118,7,0,0
19118,7,1,0
19118,7,2,0
19119,1,0,0
19119,2,1,0
19119,3,0,0
19119,3,1,0
19119,4,2,0
19119,5,0,0
19119,5,2,0
19119,6,1,0
19119,6,2,0
19119,7,0,0
19119,7,1,0
19119,7,2,0
19120,1,0,0
19120,2,1,0
19120,3,0,0
19120,3,1,0
19120,4,2,0
19120,5,0,0
19120,5,2,0
19120,6,1,0
19120,6,2,0
19120,7,0,0
19120,7,1,0
19120,7,2,0
19121,1,0,0
19121,2,1,0
19121,3,0,0
19121,3,1,0
19121,4,2,0
19121,5,0,0
19121,5,2,0
19121,6,1,0
19121,6,2,0
19121,7,0,0
19121,7,1,0
19121,7,2,0
19122,1,0,0
19122,2,1,0
19122,3,0,0
19122,3,1,0
19122,4,2,0
19122,5,0,0
19122,5,2,0
19122,6,1,0
19122,6,2,0
19122,7,0,0
19122,7,1,0
19122,7,2,0
19123,1,0,0
19123,2,1,0
19123,3,0,0
19123,3,1,0
19123,4,2,0
19123,5,0,0
19123,5,2,0
19123,6,1,0
19123,6,2,0
19123,7,0,0
19123,7,1,0
19123,7,2,0
19124,1,0,0
19124,2,1,0
19124,3,0,0
19124,3,1,0
19124,4,2,0
19124,5,0,0
19124,5,2,0
19124,6,1,0
19124,6,2,0
19124,7,0,0
19124,7,1,0
19124,7,2,0
19125,1,0,0
19125,2,1,0
19125,3,0,0
19125,3,1,0
19125,4,2,0
19125,5,0,0
19125,5,2,0
19125,6,1,0
19125,6,2,0
19125,7,0,0
19125,7,1,0
19125,7,2,0
19126,1,0,0
19126,2,1,0
19126,3,0,0
19126,3,1,0
19126,4,2,0
19126,5,0,0
19126,5,2,0
19126,6,1,0
19126,6,2,0
19126,7,0,0
19126,7,1,0
19126,7,2,0
19127,1,0,0
19127,2,1,0
19127,3,0,0
19127,3,1,0
19127,4,2,0
19127,5,0,0
19127,5,2,0
19127,6,1,0
19127,6,2,0
19127,7,0,0
19127,7,1,0
19127,7,2,0
19128,1,0,0
19128,2,1,0
19128,3,0,0
19128,3,1,0
19128,4,2,0
19128,5,0,0
19128,5,2,0
19128,6,1,0
19128,6,2,0
19128,7,0,0
19128,7,1,0
19128,7,2,0
19129,1,0,0
19129,2,1,0
19129,3,0,0
19129,3,1,0
19129,4,2,0
19129,5,0,0
19129,5,2,0
19129,6,1,0
19129,6,2,0
19129,7,0,0
19129,7,1,0
19129,7,2,0
19130,1,0,0
19130,2,1,0
19130,3,0,0
19130,3,1,0
19130,4,2,0
19130,5,0,0
19130,5,2,0
19130,6,1,0
19130,6,2,0
19130,7,0,0
19130,7,1,0
19130,7,2,0
19131,1,0,0
19131,2,1,0
19131,3,0,0
19131,3,1,0
19131,4,2,0
19131,5,0,0
19131,5,2,0
19131,6,1,0
19131,6,2,0
19131,7,0,0
19131,7,1,0
19131,7,2,0
19132,1,0,0
19132,2,1,0
19132,3,0,0
19132,3,1,0
19132,4,2,0
19132,5,0,0
19132,5,2,0
19132,6,1,0
19132,6,2,0
19132,7,0,0
19132,7,1,0
19132,7,2,0
19133,1,0,0
19133,2,1,0
19133,3,0,0
19133,3,1,0
19133,4,2,0
19133,5,0,0
19133,5,2,0
19133,6,1,0
19133,6,2,0
19133,7,0,0
19133,7,1,0
19133,7,2,0
19134,1,0,0
19134,2,1,0
19134,3,0,0
19134,3,1,0
19134,4,2,0
19134,5,0,0
19134,5,2,0
19134,6,1,0
19134,6,2,0
19134,7,0,0
19134,7,1,0
19134,7,2,0
19135,1,0,0
19135,2,1,0
19135,3,0,0
19135,3,1,0
19135,4,2,0
19135,5,0,0
19135,5,2,0
19135,6,1,0
19135,6,2,0
19135,7,0,0
19135,7,1,0
19135,7,2,0
19136,1,0,0
19136,2,1,0
19136,3,0,0
19136,3,1,0
19136,4,2,0
19136,5,0,0
19136,5,2,0
19136,6,1,0
19136,6,2,0
19136,7,0,0
19136,7,1,0
19136,7,2,0
19137,1,0,0
19137,2,1,0
19137,3,0,0
19137,3,1,0
19137,4,2,0
19137,5,0,0
19137,5,2,0
19137,6,1,0
19137,6,2,0
19137,7,0,0
19137,7,1,0
19137,7,2,0
19138,1,0,0
19138,2,1,0
19138,3,0,0
19138,3,1,0
19138,4,2,0
19138,5,0,0
19138,5,2,0
19138,6,1,0
19138,6,2,0
19138,7,0,0
19138,7,1,0
19138,7,2,0
19139,1,0,0
19139,2,1,0
19139,3,0,0
19139,3,1,0
19139,4,2,0
19139,5,0,0
19139,5,2,0
19139,6,1,0
19139,6,2,0
19139,7,0,0
19139,7,1,0
19139,7,2,0
19140,1,0,0
19140,2,1,0
19140,3,0,0
19140,3,1,0
19140,4,2,0
19140,5,0,0
19140,5,2,0
19140,6,1,0
19140,6,2,0
19140,7,0,0
19140,7,1,0
19140,7,2,0
19141,1,0,0
19141,2,1,0
19141,3,0,0
19141,3,1,0
19141,4,2,0
19141,5,0,0
19141,5,2,0
19141,6,1,0
19141,6,2,0
19141,7,0,0
19141,7,1,0
19141,7,2,0
19142,1,0,0
19142,2,1,0
19142,3,0,0
19142,3,1,0
19142,4,2,0
19142,5,0,0
19142,5,2,0
19142,6,1,0
19142,6,2,0
19142,7,0,0
19142,7,1,0
19142,7,2,0
19143,1,0,1
19143,2,1,0
19143,3,0,1
19143,3,1,0
19143,4,2,0
19143,5,0,1
19143,5,2,0
19143,6,1,0
19143,6,2,0
19143,7,0,1
19143,7,1,0
19143,7,2,0
19144,1,0,1
19144,2,1,0
19144,3,0,1
19144,3,1,0
19144,4,2,0
19144,5,0,1
19144,5,2,0
19144,6,1,0
19144,6,2,0
19144,7,0,1
19144,7,1,0
19144,7,2,0
19145,1,0,0
19145,2,1,0
19145,3,0,0
19145,3,1,0
19145,4,2,0
19145,5,0,0
19145,5,2,0
19145,6,1,0
19145,6,2,0
19145,7,0,0
19145,7,1,0
19145,7,2,0
19146,1,0,0
19146,2,1,0
19146,3,0,0
19146,3,1,0
19146,4,2,0
19146,5,0,0
19146,5,2,0
19146,6,1,0
19146,6,2,0
19146,7,0,0
19146,7,1,0
19146,7,2,0
19147,1,0,0
19147,2,1,0
19147,3,0,0
19147,3,1,0
19147,4,2,0
19147,5,0,0
19147,5,2,0
19147,6,1,0
19147,6,2,0
19147,7,0,0
19147,7,1,0
19147,7,2,0
19148,1,0,0
19148,2,1,0
19148,3,0,0
19148,3,1,0
19148,4,2,0
19148,5,0,0
19148,5,2,0
19148,6,1,0
19148,6,2,0
19148,7,0,0
19148,7,1,0
19148,7,2,0
19149,1,0,0
19149,2,1,0
19149,3,0,0
19149,3,1,0
19149,4,2,0
19149,5,0,0
19149,5,2,0
19149,6,1,0
19149,6,2,0
19149,7,0,0
19149,7,1,0
19149,7,2,0
19150,1,0,0
19150,2,1,0
19150,3,0,0
19150,3,1,0
19150,4,2,0
19150,5,0,0
19150,5,2,0
19150,6,1,0
19150,6,2,0
19150,7,0,0
19150,7,1,0
19150,7,2,0
19151,1,0,0
19151,2,1,0
19151,3,0,0
19151,3,1,0
19151,4,2,0
19151,5,0,0
19151,5,2,0
19151,6,1,0
19151,6,2,0
19151,7,0,0
19151,7,1,0
19151,7,2,0
19152,1,0,0
19152,2,1,0
19152,3,0,0
19152,3,1,0
19152,4,2,0
19152,5,0,0
19152,5,2,0
19152,6,1,0
19152,6,2,0
19152,7,0,0
19152,7,1,0
19152,7,2,0
19153,1,0,0
19153,2,1,0
19153,3,0,0
19153,3,1,0
19153,4,2,0
19153,5,0,0
19153,5,2,0
19153,6,1,0
19153,6,2,0
19153,7,0,0
19153,7,1,0
19153,7,2,0
19154,1,0,0
19154,2,1,0
19154,3,0,0
19154,3,1,0
19154,4,2,0
19154,5,0,0
19154,5,2,0
19154,6,1,0
19154,6,2,0
19154,7,0,0
19154,7,1,0
19154,7,2,0
19155,1,0,0
19155,2,1,0
19155,3,0,0
19155,3,1,0
19155,4,2,0
19155,5,0,0
19155,5,2,0
19155,6,1,0
19155,6,2,0
19155,7,0,0
19155,7,1,0
19155,7,2,0
19156,1,0,0
19156,2,1,0
19156,3,0,0
19156,3,1,0
19156,4,2,0
19156,5,0,0
19156,5,2,0
19156,6,1,0
19156,6,2,0
19156,7,0,0
19156,7,1,0
19156,7,2,0
19157,1,0,0
19157,2,1,0
19157,3,0,0
19157,3,1,0
19157,4,2,0
19157,5,0,0
19157,5,2,0
19157,6,1,0
19157,6,2,0
19157,7,0,0
19157,7,1,0
19157,7,2,0
19158,1,0,0
19158,2,1,0
19158,3,0,0
19158,3,1,0
19158,4,2,0
19158,5,0,0
19158,5,2,0
19158,6,1,0
19158,6,2,0
19158,7,0,0
19158,7,1,0
19158,7,2,0
19159,1,0,0
19159,2,1,0
19159,3,0,0
19159,3,1,0
19159,4,2,0
19159,5,0,0
19159,5,2,0
19159,6,1,0
19159,6,2,0
19159,7,0,0
19159,7,1,0
19159,7,2,0
19160,1,0,0
19160,2,1,0
19160,3,0,0
19160,3,1,0
19160,4,2,0
19160,5,0,0
19160,5,2,0
19160,6,1,0
19160,6,2,0
19160,7,0,0
19160,7,1,0
19160,7,2,0
19161,1,0,0
19161,2,1,0
19161,3,0,0
19161,3,1,0
19161,4,2,0
19161,5,0,0
19161,5,2,0
19161,6,1,0
19161,6,2,0
19161,7,0,0
19161,7,1,0
19161,7,2,0
19162,1,0,0
19162,2,1,0
19162,3,0,0
19162,3,1,0
19162,4,2,0
19162,5,0,0
19162,5,2,0
19162,6,1,0
19162,6,2,0
19162,7,0,0
19162,7,1,0
19162,7,2,0
19163,1,0,0
19163,2,1,0
19163,3,0,0
19163,3,1,0
19163,4,2,0
19163,5,0,0
19163,5,2,0
19163,6,1,0
19163,6,2,0
19163,7,0,0
19163,7,1,0
19163,7,2,0
19164,1,0,0
19164,2,1,0
19164,3,0,0
19164,3,1,0
19164,4,2,0
19164,5,0,0
19164,5,2,0
19164,6,1,0
19164,6,2,0
19164,7,0,0
19164,7,1,0
19164,7,2,0
19165,1,0,0
19165,2,1,0
19165,3,0,0
19165,3,1,0
19165,4,2,0
19165,5,0,0
19165,5,2,0
19165,6,1,0
19165,6,2,0
19165,7,0,0
19165,7,1,0
19165,7,2,0
19166,1,0,0
19166,2,1,0
19166,3,0,0
19166,3,1,0
19166,4,2,0
19166,5,0,0
19166,5,2,0
19166,6,1,0
19166,6,2,0
19166,7,0,0
19166,7,1,0
19166,7,2,0
19167,1,0,0
19167,2,1,0
19167,3,0,0
19167,3,1,0
19167,4,2,0
19167,5,0,0
19167,5,2,0
19167,6,1,0
19167,6,2,0
19167,7,0,0
19167,7,1,0
19167,7,2,0
19168,1,0,0
19168,2,1,0
19168,3,0,0
19168,3,1,0
19168,4,2,0
19168,5,0,0
19168,5,2,0
19168,6,1,0
19168,6,2,0
19168,7,0,0
19168,7,1,0
19168,7,2,0
19169,1,0,0
19169,2,1,0
19169,3,0,0
19169,3,1,0
19169,4,2,0
19169,5,0,0
19169,5,2,0
19169,6,1,0
19169,6,2,0
19169,7,0,0
19169,7,1,0
19169,7,2,0
19170,1,0,1
19170,2,1,0
19170,3,0,1
19170,3,1,0
19170,4,2,0
19170,5,0,1
19170,5,2,0
19170,6,1,0
19170,6,2,0
19170,7,0,1
19170,7,1,0
19170,7,2,0
19171,1,0,1
19171,2,1,0
19171,3,0,1
19171,3,1,0
19171,4,2,0
19171,5,0,1
19171,5,2,0
19171,6,1,0
19171,6,2,0
19171,7,0,1
19171,7,1,0
19171,7,2,0
19172,1,0,0
19172,2,1,0
19172,3,0,0
19172,3,1,0
19172,4,2,0
19172,5,0,0
19172,5,2,0
19172,6,1,0
19172,6,2,0
19172,7,0,0
19172,7,1,0
19172,7,2,0
19173,1,0,0
19173,2,1,0
19173,3,0,0
19173,3,1,0
19173,4,2,0
19173,5,0,0
19173,5,2,0
19173,6,1,0
19173,6,2,0
19173,7,0,0
19173,7,1,0
19173,7,2,0
19174,1,0,0
19174,2,1,0
19174,3,0,0
19174,3,1,0
19174,4,2,0
19174,5,0,0
19174,5,2,0
19174,6,1,0
19174,6,2,0
19174,7,0,0
19174,7,1,0
19174,7,2,0
19175,1,0,0
19175,2,1,0
19175,3,0,0
19175,3,1,0
19175,4,2,0
19175,5,0,0
19175,5,2,0
19175,6,1,0
19175,6,2,0
19175,7,0,0
19175,7,1,0
19175,7,2,0
19176,1,0,0
19176,2,1,0
19176,3,0,0
19176,3,1,0
19176,4,2,0
19176,5,0,0
19176,5,2,0
19176,6,1,0
19176,6,2,0
19176,7,0,0
19176,7,1,0
19176,7,2,0
19177,1,0,0
19177,2,1,0
19177,3,0,0
19177,3,1,0
19177,4,2,0
19177,5,0,0
19177,5,2,0
19177,6,1,0
19177,6,2,0
19177,7,0,0
19177,7,1,0
19177,7,2,0
19178,1,0,0
19178,2,1,0
19178,3,0,0
19178,3,1,0
19178,4,2,0
19178,5,0,0
19178,5,2,0
19178,6,1,0
19178,6,2,0
19178,7,0,0
19178,7,1,0
19178,7,2,0
19179,1,0,0
19179,2,1,0
19179,3,0,0
19179,3,1,0
19179,4,2,0
19179,5,0,0
19179,5,2,0
19179,6,1,0
19179,6,2,0
19179,7,0,0
19179,7,1,0
19179,7,2,0
19180,1,0,0
19180,2,1,0
19180,3,0,0
19180,3,1,0
19180,4,2,0
19180,5,0,0
19180,5,2,0
19180,6,1,0
19180,6,2,0
19180,7,0,0
19180,7,1,0
19180,7,2,0
19181,1,0,0
19181,2,1,0
19181,3,0,0
19181,3,1,0
19181,4,2,0
19181,5,0,0
19181,5,2,0
19181,6,1,0
19181,6,2,0
19181,7,0,0
19181,7,1,0
19181,7,2,0
19182,1,0,0
19182,2,1,0
19182,3,0,0
19182,3,1,0
19182,4,2,0
19182,5,0,0
19182,5,2,0
19182,6,1,0
19182,6,2,0
19182,7,0,0
19182,7,1,0
19182,7,2,0
19183,1,0,0
19183,2,1,0
19183,3,0,0
19183,3,1,0
19183,4,2,0
19183,5,0,0
19183,5,2,0
19183,6,1,0
19183,6,2,0
19183,7,0,0
19183,7,1,0
19183,7,2,0
19184,1,0,0
19184,2,1,0
19184,3,0,0
19184,3,1,0
19184,4,2,0
19184,5,0,0
19184,5,2,0
19184,6,1,0
19184,6,2,0
19184,7,0,0
19184,7,1,0
19184,7,2,0
19185,1,0,0
19185,2,1,0
19185,3,0,0
19185,3,1,0
19185,4,2,0
19185,5,0,0
19185,5,2,0
19185,6,1,0
19185,6,2,0
19185,7,0,0
19185,7,1,0
19185,7,2,0
19186,1,0,0
19186,2,1,0
19186,3,0,0
19186,3,1,0
19186,4,2,0
19186,5,0,0
19186,5,2,0
19186,6,1,0
19186,6,2,0
19186,7,0,0
19186,7,1,0
19186,7,2,0
19187,1,0,0
19187,2,1,0
19187,3,0,0
19187,3,1,0
19187,4,2,0
19187,5,0,0
19187,5,2,0
19187,6,1,0
19187,6,2,0
19187,7,0,0
19187,7,1,0
19187,7,2,0
19188,1,0,0
19188,2,1,0
19188,3,0,0
19188,3,1,0
19188,4,2,0
19188,5,0,0
19188,5,2,0
19188,6,1,0
19188,6,2,0
19188,7,0,0
19188,7,1,0
19188,7,2,0
19189,1,0,0
19189,2,1,0
19189,3,0,0
19189,3,1,0
19189,4,2,0
19189,5,0,0
19189,5,2,0
19189,6,1,0
19189,6,2,0
19189,7,0,0
19189,7,1,0
19189,7,2,0
19190,1,0,0
19190,2,1,0
19190,3,0,0
19190,3,1,0
19190,4,2,0
19190,5,0,0
19190,5,2,0
19190,6,1,0
19190,6,2,0
19190,7,0,0
19190,7,1,0
19190,7,2,0
19191,1,0,0
19191,2,1,0
19191,3,0,0
19191,3,1,0
19191,4,2,0
19191,5,0,0
19191,5,2,0
19191,6,1,0
19191,6,2,0
19191,7,0,0
19191,7,1,0
19191,7,2,0
19192,1,0,0
19192,2,1,0
19192,3,0,0
19192,3,1,0
19192,4,2,0
19192,5,0,0
19192,5,2,0
19192,6,1,0
19192,6,2,0
19192,7,0,0
19192,7,1,0
19192,7,2,0
19193,1,0,0
19193,2,1,0
19193,3,0,0
19193,3,1,0
19193,4,2,0
19193,5,0,0
19193,5,2,0
19193,6,1,0
19193,6,2,0
19193,7,0,0
19193,7,1,0
19193,7,2,0
19194,1,0,0
19194,2,1,0
19194,3,0,0
19194,3,1,0
19194,4,2,0
19194,5,0,0
19194,5,2,0
19194,6,1,0
19194,6,2,0
19194,7,0,0
19194,7,1,0
19194,7,2,0
19195,1,0,0
19195,2,1,0
19195,3,0,0
19195,3,1,0
19195,4,2,0
19195,5,0,0
19195,5,2,0
19195,6,1,0
19195,6,2,0
19195,7,0,0
19195,7,1,0
19195,7,2,0
19196,1,0,0
19196,2,1,0
19196,3,0,0
19196,3,1,0
19196,4,2,0
19196,5,0,0
19196,5,2,0
19196,6,1,0
19196,6,2,0
19196,7,0,0
19196,7,1,0
19196,7,2,0
19197,1,0,1
19197,2,1,0
19197,3,0,1
19197,3,1,0
19197,4,2,0
19197,5,0,1
19197,5,2,0
19197,6,1,0
19197,6,2,0
19197,7,0,1
19197,7,1,0
19197,7,2,0
19198,1,0,1
19198,2,1,0
19198,3,0,1
19198,3,1,0
19198,4,2,0
19198,5,0,1
19198,5,2,0
19198,6,1,0
19198,6,2,0
19198,7,0,1
19198,7,1,0
19198,7,2,0
19199,1,0,0
19199,2,1,0
19199,3,0,0
19199,3,1,0
19199,4,2,0
19199,5,0,0
19199,5,2,0
19199,6,1,0
19199,6,2,0
19199,7,0,0
19199,7,1,0
19199,7,2,0
19200,1,0,0
19200,2,1,0
19200,3,0,0
19200,3,1,0
19200,4,2,0
19200,5,0,0
19200,5,2,0
19200,6,1,0
19200,6,2,0
19200,7,0,0
19200,7,1,0
19200,7,2,0
19201,1,0,0
19201,2,1,0
19201,3,0,0
19201,3,1,0
19201,4,2,0
19201,5,0,0
19201,5,2,0
19201,6,1,0
19201,6,2,0
19201,7,0,0
19201,7,1,0
19201,7,2,0
19202,1,0,0
19202,2,1,0
19202,3,0,0
19202,3,1,0
19202,4,2,0
19202,5,0,0
19202,5,2,0
19202,6,1,0
19202,6,2,0
19202,7,0,0
19202,7,1,0
19202,7,2,0
19203,1,0,0
19203,2,1,0
19203,3,0,0
19203,3,1,0
19203,4,2,0
19203,5,0,0
19203,5,2,0
19203,6,1,0
19203,6,2,0
19203,7,0,0
19203,7,1,0
19203,7,2,0
19204,1,0,0
19204,2,1,0
19204,3,0,0
19204,3,1,0
19204,4,2,0
19204,5,0,0
19204,5,2,0
19204,6,1,0
19204,6,2,0
19204,7,0,0
19204,7,1,0
19204,7,2,0
19205,1,0,0
19205,2,1,0
19205,3,0,0
19205,3,1,0
19205,4,2,0
19205,5,0,0
19205,5,2,0
19205,6,1,0
19205,6,2,0
19205,7,0,0
19205,7,1,0
19205,7,2,0
19206,1,0,0
19206,2,1,0
19206,3,0,0
19206,3,1,0
19206,4,2,0
19206,5,0,0
19206,5,2,0
19206,6,1,0
19206,6,2,0
19206,7,0,0
19206,7,1,0
19206,7,2,0
19207,1,0,0
19207,2,1,0
19207,3,0,0
19207,3,1,0
19207,4,2,0
19207,5,0,0
19207,5,2,0
19207,6,1,0
19207,6,2,0
19207,7,0,0
19207,7,1,0
19207,7,2,0
19208,1,0,0
19208,2,1,0
19208,3,0,0
19208,3,1,0
19208,4,2,0
19208,5,0,0
19208,5,2,0
19208,6,1,0
19208,6,2,0
19208,7,0,0
19208,7,1,0
19208,7,2,0
19209,1,0,0
19209,2,1,0
19209,3,0,0
19209,3,1,0
19209,4,2,0
19209,5,0,0
19209,5,2,0
19209,6,1,0
19209,6,2,0
19209,7,0,0
19209,7,1,0
19209,7,2,0
19210,1,0,0
19210,2,1,0
19210,3,0,0
19210,3,1,0
19210,4,2,0
19210,5,0,0
19210,5,2,0
19210,6,1,0
19210,6,2,0
19210,7,0,0
19210,7,1,0
19210,7,2,0
19211,1,0,0
19211,2,1,0
19211,3,0,0
19211,3,1,0
19211,4,2,0
19211,5,0,0
19211,5,2,0
19211,6,1,0
19211,6,2,0
19211,7,0,0
19211,7,1,0
19211,7,2,0
19212,1,0,0
19212,2,1,0
19212,3,0,0
19212,3,1,0
19212,4,2,0
19212,5,0,0
19212,5,2,0
19212,6,1,0
19212,6,2,0
19212,7,0,0
19212,7,1,0
19212,7,2,0
19213,1,0,0
19213,2,1,0
19213,3,0,0
19213,3,1,0
19213,4,2,0
19213,5,0,0
19213,5,2,0
19213,6,1,0
19213,6,2,0
19213,7,0,0
19213,7,1,0
19213,7,2,0
19214,1,0,0
19214,2,1,0
19214,3,0,0
19214,3,1,0
19214,4,2,0
19214,5,0,0
19214,5,2,0
19214,6,1,0
19214,6,2,0
19214,7,0,0
19214,7,1,0
19214,7,2,0
19215,1,0,0
19215,2,1,0
19215,3,0,0
19215,3,1,0
19215,4,2,0
19215,5,0,0
19215,5,2,0
19215,6,1,0
19215,6,2,0
19215,7,0,0
19215,7,1,0
19215,7,2,0
19216,1,0,0
19216,2,1,0
19216,3,0,0
19216,3,1,0
19216,4,2,0
19216,5,0,0
19216,5,2,0
19216,6,1,0
19216,6,2,0
19216,7,0,0
19216,7,1,0
19216,7,2,0
19217,1,0,0
19217,2,1,0
19217,3,0,0
19217,3,1,0
19217,4,2,0
19217,5,0,0
19217,5,2,0
19217,6,1,0
19217,6,2,0
19217,7,0,0
19217,7,1,0
19217,7,2,0
19218,1,0,0
19218,2,1,0
19218,3,0,0
19218,3,1,0
19218,4,2,0
19218,5,0,0
19218,5,2,0
19218,6,1,0
19218,6,2,0
19218,7,0,0
19218,7,1,0
19218,7,2,0
19219,1,0,0
19219,2,1,0
19219,3,0,0
19219,3,1,0
19219,4,2,0
19219,5,0,0
19219,5,2,0
19219,6,1,0
19219,6,2,0
19219,7,0,0
19219,7,1,0
19219,7,2,0
19220,1,0,0
19220,2,1,0
19220,3,0,0
19220,3,1,0
19220,4,2,0
19220,5,0,0
19220,5,2,0
19220,6,1,0
19220,6,2,0
19220,7,0,0
19220,7,1,0
19220,7,2,0
19221,1,0,0
19221,2,1,0
19221,3,0,0
19221,3,1,0
19221,4,2,0
19221,5,0,0
19221,5,2,0
19221,6,1,0
19221,6,2,0
19221,7,0,0
19221,7,1,0
19221,7,2,0
19222,1,0,0
19222,2,1,0
19222,3,0,0
19222,3,1,0
19222,4,2,0
19222,5,0,0
19222,5,2,0
19222,6,1,0
19222,6,2,0
19222,7,0,0
19222,7,1,0
19222,7,2,0
19223,1,0,0
19223,2,1,0
19223,3,0,0
19223,3,1,0
19223,4,2,0
19223,5,0,0
19223,5,2,0
19223,6,1,0
19223,6,2,0
19223,7,0,0
19223,7,1,0
19223,7,2,0
19224,1,0,1
19224,2,1,0
19224,3,0,1
19224,3,1,0
19224,4,2,0
19224,5,0,1
19224,5,2,0
19224,6,1,0
19224,6,2,0
19224,7,0,1
19224,7,1,0
19224,7,2,0
19225,1,0,1
19225,2,1,0
19225,3,0,1
19225,3,1,0
19225,4,2,0
19225,5,0,1
19225,5,2,0
19225,6,1,0
19225,6,2,0
19225,7,0,1
19225,7,1,0
19225,7,2,0
19226,1,0,0
19226,2,1,0
19226,3,0,0
19226,3,1,0
19226,4,2,0
19226,5,0,0
19226,5,2,0
19226,6,1,0
19226,6,2,0
19226,7,0,0
19226,7,1,0
19226,7,2,0
19227,1,0,0
19227,2,1,0
19227,3,0,0
19227,3,1,0
19227,4,2,0
19227,5,0,0
19227,5,2,0
19227,6,1,0
19227,6,2,0
19227,7,0,0
19227,7,1,0
19227,7,2,0
19228,1,0,0
19228,2,1,0
19228,3,0,0
19228,3,1,0
19228,4,2,0
19228,5,0,0
19228,5,2,0
19228,6,1,0
19228,6,2,0
19228,7,0,0
19228,7,1,0
19228,7,2,0
19229,1,0,0
19229,2,1,0
19229,3,0,0
19229,3,1,0
19229,4,2,0
19229,5,0,0
19229,5,2,0
19229,6,1,0
19229,6,2,0
19229,7,0,0
19229,7,1,0
19229,7,2,0
19230,1,0,0
19230,2,1,0
19230,3,0,0
19230,3,1,0
19230,4,2,0
19230,5,0,0
19230,5,2,0
19230,6,1,0
19230,6,2,0
19230,7,0,0
19230,7,1,0
19230,7,2,0
19231,1,0,0
19231,2,1,0
19231,3,0,0
19231,3,1,0
19231,4,2,0
19231,5,0,0
19231,5,2,0
19231,6,1,0
19231,6,2,0
19231,7,0,0
19231,7,1,0
19231,7,2,0
19232,1,0,0
19232,2,1,0
19232,3,0,0
19232,3,1,0
19232,4,2,0
19232,5,0,0
19232,5,2,0
19232,6,1,0
19232,6,2,0
19232,7,0,0
19232,7,1,0
19232,7,2,0
19233,1,0,0
19233,2,1,0
19233,3,0,0
19233,3,1,0
19233,4,2,0
19233,5,0,0
19233,5,2,0
19233,6,1,0
19233,6,2,0
19233,7,0,0
19233,7,1,0
19233,7,2,0
19234,1,0,0
19234,2,1,0
19234,3,0,0
19234,3,1,0
19234,4,2,0
19234,5,0,0
19234,5,2,0
19234,6,1,0
19234,6,2,0
19234,7,0,0
19234,7,1,0
19234,7,2,0
19235,1,0,0
19235,2,1,0
19235,3,0,0
19235,3,1,0
19235,4,2,0
19235,5,0,0
19235,5,2,0
19235,6,1,0
19235,6,2,0
19235,7,0,0
19235,7,1,0
19235,7,2,0
19236,1,0,0
19236,2,1,0
19236,3,0,0
19236,3,1,0
19236,4,2,0
19236,5,0,0
19236,5,2,0
19236,6,1,0
19236,6,2,0
19236,7,0,0
19236,7,1,0
19236,7,2,0
19237,1,0,0
19237,2,1,0
19237,3,0,0
19237,3,1,0
19237,4,2,0
19237,5,0,0
19237,5,2,0
19237,6,1,0
19237,6,2,0
19237,7,0,0
19237,7,1,0
19237,7,2,0
19238,1,0,0
19238,2,1,0
19238,3,0,0
19238,3,1,0
19238,4,2,0
19238,5,0,0
19238,5,2,0
19238,6,1,0
19238,6,2,0
19238,7,0,0
19238,7,1,0
19238,7,2,0
19239,1,0,0
19239,2,1,0
19239,3,0,0
19239,3,1,0
19239,4,2,0
19239,5,0,0
19239,5,2,0
19239,6,1,0
19239,6,2,0
19239,7,0,0
19239,7,1,0
19239,7,2,0
19240,1,0,0
19240,2,1,0
19240,3,0,0
19240,3,1,0
19240,4,2,0
19240,5,0,0
19240,5,2,0
19240,6,1,0
19240,6,2,0
19240,7,0,0
19240,7,1,0
19240,7,2,0
19241,1,0,0
19241,2,1,0
19241,3,0,0
19241,3,1,0
19241,4,2,0
19241,5,0,0
19241,5,2,0
19241,6,1,0
19241,6,2,0
19241,7,0,0
19241,7,1,0
19241,7,2,0
19242,1,0,0
19242,2,1,0
19242,3,0,0
19242,3,1,0
19242,4,2,0
19242,5,0,0
19242,5,2,0
19242,6,1,0
19242,6,2,0
19242,7,0,0
19242,7,1,0
19242,7,2,0
19243,1,0,0
19243,2,1,0
19243,3,0,0
19243,3,1,0
19243,4,2,0
19243,5,0,0
19243,5,2,0
19243,6,1,0
19243,6,2,0
19243,7,0,0
19243,7,1,0
19243,7,2,0
19244,1,0,0
19244,2,1,0
19244,3,0,0
19244,3,1,0
19244,4,2,0
19244,5,0,0
19244,5,2,0
19244,6,1,0
19244,6,2,0
19244,7,0,0
19244,7,1,0
19244,7,2,0
19245,1,0,0
19245,2,1,0
19245,3,0,0
19245,3,1,0
19245,4,2,0
19245,5,0,0
19245,5,2,0
19245,6,1,0
19245,6,2,0
19245,7,0,0
19245,7,1,0
19245,7,2,0
19246,1,0,0
19246,2,1,0
19246,3,0,0
19246,3,1,0
19246,4,2,0
19246,5,0,0
19246,5,2,0
19246,6,1,0
19246,6,2,0
19246,7,0,0
19246,7,1,0
19246,7,2,0
19247,1,0,0
19247,2,1,0
19247,3,0,0
19247,3,1,0
19247,4,2,0
19247,5,0,0
19247,5,2,0
19247,6,1,0
19247,6,2,0
19247,7,0,0
19247,7,1,0
19247,7,2,0
19248,1,0,0
19248,2,1,0
19248,3,0,0
19248,3,1,0
19248,4,2,0
19248,5,0,0
19248,5,2,0
19248,6,1,0
19248,6,2,0
19248,7,0,0
19248,7,1,0
19248,7,2,0
19249,1,0,0
19249,2,1,0
19249,3,0,0
19249,3,1,0
19249,4,2,0
19249,5,0,0
19249,5,2,0
19249,6,1,0
19249,6,2,0
19249,7,0,0
19249,7,1,0
19249,7,2,0
19250,1,0,0
19250,2,1,0
19250,3,0,0
19250,3,1,0
19250,4,2,0
19250,5,0,0
19250,5,2,0
19250,6,1,0
19250,6,2,0
19250,7,0,0
19250,7,1,0
19250,7,2,0
19251,1,0,1
19251,2,1,0
19251,3,0,1
19251,3,1,0
19251,4,2,0
19251,5,0,1
19251,5,2,0
19251,6,1,0
19251,6,2,0
19251,7,0,1
19251,7,1,0
19251,7,2,0
19252,1,0,1
19252,2,1,0
19252,3,0,1
19252,3,1,0
19252,4,2,0
19252,5,0,1
19252,5,2,0
19252,6,1,0
19252,6,2,0
19252,7,0,1
19252,7,1,0
19252,7,2,0
19253,1,0,0
19253,2,1,0
19253,3,0,0
19253,3,1,0
19253,4,2,0
19253,5,0,0
19253,5,2,0
19253,6,1,0
19253,6,2,0
19253,7,0,0
19253,7,1,0
19253,7,2,0
19254,1,0,0
19254,2,1,0
19254,3,0,0
19254,3,1,0
19254,4,2,0
19254,5,0,0
19254,5,2,0
19254,6,1,0
19254,6,2,0
19254,7,0,0
19254,7,1,0
19254,7,2,0
19255,1,0,0
19255,2,1,0
19255,3,0,0
19255,3,1,0
19255,4,2,0
19255,5,0,0
19255,5,2,0
19255,6,1,0
19255,6,2,0
19255,7,0,0
19255,7,1,0
19255,7,2,0
19256,1,0,0
19256,2,1,0
19256,3,0,0
19256,3,1,0
19256,4,2,0
19256,5,0,0
19256,5,2,0
19256,6,1,0
19256,6,2,0
19256,7,0,0
19256,7,1,0
19256,7,2,0
19257,1,0,0
19257,2,1,0
19257,3,0,0
19257,3,1,0
19257,4,2,0
19257,5,0,0
19257,5,2,0
19257,6,1,0
19257,6,2,0
19257,7,0,0
19257,7,1,0
19257,7,2,0
19258,1,0,0
19258,2,1,0
19258,3,0,0
19258,3,1,0
19258,4,2,0
19258,5,0,0
19258,5,2,0
19258,6,1,0
19258,6,2,0
19258,7,0,0
19258,7,1,0
19258,7,2,0
19259,1,0,0
19259,2,1,0
19259,3,0,0
19259,3,1,0
19259,4,2,0
19259,5,0,0
19259,5,2,0
19259,6,1,0
19259,6,2,0
19259,7,0,0
19259,7,1,0
19259,7,2,0
19260,1,0,0
19260,2,1,0
19260,3,0,0
19260,3,1,0
19260,4,2,0
19260,5,0,0
19260,5,2,0
19260,6,1,0
19260,6,2,0
19260,7,0,0
19260,7,1,0
19260,7,2,0
19261,1,0,0
19261,2,1,0
19261,3,0,0
19261,3,1,0
19261,4,2,0
19261,5,0,0
19261,5,2,0
19261,6,1,0
19261,6,2,0
19261,7,0,0
19261,7,1,0
19261,7,2,0
19262,1,0,0
19262,2,1,0
19262,3,0,0
19262,3,1,0
19262,4,2,0
19262,5,0,0
19262,5,2,0
19262,6,1,0
19262,6,2,0
19262,7,0,0
19262,7,1,0
19262,7,2,0
19263,1,0,0
19263,2,1,0
19263,3,0,0
19263,3,1,0
19263,4,2,0
19263,5,0,0
19263,5,2,0
19263,6,1,0
19263,6,2,0
19263,7,0,0
19263,7,1,0
19263,7,2,0
19264,1,0,0
19264,2,1,0
19264,3,0,0
19264,3,1,0
19264,4,2,0
19264,5,0,0
19264,5,2,0
19264,6,1,0
19264,6,2,0
19264,7,0,0
19264,7,1,0
19264,7,2,0
19265,1,0,0
19265,2,1,0
19265,3,0,0
19265,3,1,0
19265,4,2,0
19265,5,0,0
19265,5,2,0
19265,6,1,0
19265,6,2,0
19265,7,0,0
19265,7,1,0
19265,7,2,0
19266,1,0,0
19266,2,1,0
19266,3,0,0
19266,3,1,0
19266,4,2,0
19266,5,0,0
19266,5,2,0
19266,6,1,0
19266,6,2,0
19266,7,0,0
19266,7,1,0
19266,7,2,0
19267,1,0,0
19267,2,1,0
19267,3,0,0
19267,3,1,0
19267,4,2,0
19267,5,0,0
19267,5,2,0
19267,6,1,0
19267,6,2,0
19267,7,0,0
19267,7,1,0
19267,7,2,0
19268,1,0,0
19268,2,1,0
19268,3,0,0
19268,3,1,0
19268,4,2,0
19268,5,0,0
19268,5,2,0
19268,6,1,0
19268,6,2,0
19268,7,0,0
19268,7,1,0
19268,7,2,0
19269,1,0,0
19269,2,1,0
19269,3,0,0
19269,3,1,0
19269,4,2,0
19269,5,0,0
19269,5,2,0
19269,6,1,0
19269,6,2,0
19269,7,0,0
19269,7,1,0
19269,7,2,0
19270,1,0,0
19270,2,1,0
19270,3,0,0
19270,3,1,0
19270,4,2,0
19270,5,0,0
19270,5,2,0
19270,6,1,0
19270,6,2,0
19270,7,0,0
19270,7,1,0
19270,7,2,0
19271,1,0,0
19271,2,1,0
19271,3,0,0
19271,3,1,0
19271,4,2,0
19271,5,0,0
19271,5,2,0
19271,6,1,0
19271,6,2,0
19271,7,0,0
19271,7,1,0
19271,7,2,0
19272,1,0,0
19272,2,1,0
19272,3,0,0
19272,3,1,0
19272,4,2,0
19272,5,0,0
19272,5,2,0
19272,6,1,0
19272,6,2,0
19272,7,0,0
19272,7,1,0
19272,7,2,0
19273,1,0,0
19273,2,1,0
19273,3,0,0
19273,3,1,0
19273,4,2,0
19273,5,0,0
19273,5,2,0
19273,6,1,0
19273,6,2,0
19273,7,0,0
19273,7,1,0
19273,7,2,0
19274,1,0,0
19274,2,1,0
19274,3,0,0
19274,3,1,0
19274,4,2,0
19274,5,0,0
19274,5,2,0
19274,6,1,0
19274,6,2,0
19274,7,0,0
19274,7,1,0
19274,7,2,0
19275,1,0,0
19275,2,1,0
19275,3,0,0
19275,3,1,0
19275,4,2,0
19275,5,0,0
19275,5,2,0
19275,6,1,0
19275,6,2,0
19275,7,0,0
19275,7,1,0
19275,7,2,0
19276,1,0,0
19276,2,1,0
19276,3,0,0
19276,3,1,0
19276,4,2,0
19276,5,0,0
19276,5,2,0
19276,6,1,0
19276,6,2,0
19276,7,0,0
19276,7,1,0
19276,7,2,0
19277,1,0,0
19277,2,1,0
19277,3,0,0
19277,3,1,0
19277,4,2,0
19277,5,0,0
19277,5,2,0
19277,6,1,0
19277,6,2,0
19277,7,0,0
19277,7,1,0
19277,7,2,0
19278,1,0,1
19278,2,1,0
19278,3,0,1
19278,3,1,0
19278,4,2,0
19278,5,0,1
19278,5,2,0
19278,6,1,0
19278,6,2,0
19278,7,0,1
19278,7,1,0
19278,7,2,0
19279,1,0,1
19279,2,1,0
19279,3,0,1
19279,3,1,0
19279,4,2,0
19279,5,0,1
19279,5,2,0
19279,6,1,0
19279,6,2,0
19279,7,0,1
19279,7,1,0
19279,7,2,0
19280,1,0,0
19280,2,1,0
19280,3,0,0
19280,3,1,0
19280,4,2,0
19280,5,0,0
19280,5,2,0
19280,6,1,0
19280,6,2,0
19280,7,0,0
19280,7,1,0
19280,7,2,0
19281,1,0,0
19281,2,1,0
19281,3,0,0
19281,3,1,0
19281,4,2,0
19281,5,0,0
19281,5,2,0
19281,6,1,0
19281,6,2,0
19281,7,0,0
19281,7,1,0
19281,7,2,0
19282,1,0,0
19282,2,1,0
19282,3,0,0
19282,3,1,0
19282,4,2,0
19282,5,0,0
19282,5,2,0
19282,6,1,0
19282,6,2,0
19282,7,0,0
19282,7,1,0
19282,7,2,0
19283,1,0,0
19283,2,1,0
19283,3,0,0
19283,3,1,0
19283,4,2,0
19283,5,0,0
19283,5,2,0
19283,6,1,0
19283,6,2,0
19283,7,0,0
19283,7,1,0
19283,7,2,0
19284,1,0,0
19284,2,1,0
19284,3,0,0
19284,3,1,0
19284,4,2,0
19284,5,0,0
19284,5,2,0
19284,6,1,0
19284,6,2,0
19284,7,0,0
19284,7,1,0
19284,7,2,0
19285,1,0,0
19285,2,1,0
19285,3,0,0
19285,3,1,0
19285,4,2,0
19285,5,0,0
19285,5,2,0
19285,6,1,0
19285,6,2,0
19285,7,0,0
19285,7,1,0
19285,7,2,0
19286,1,0,0
19286,2,1,0
19286,3,0,0
19286,3,1,0
19286,4,2,0
19286,5,0,0
19286,5,2,0
19286,6,1,0
19286,6,2,0
19286,7,0,0
19286,7,1,0
19286,7,2,0
19287,1,0,0
19287,2,1,0
19287,3,0,0
19287,3,1,0
19287,4,2,0
19287,5,0,0
19287,5,2,0
19287,6,1,0
19287,6,2,0
19287,7,0,0
19287,7,1,0
19287,7,2,0
19288,1,0,0
19288,2,1,0
19288,3,0,0
19288,3,1,0
19288,4,2,0
19288,5,0,0
19288,5,2,0
19288,6,1,0
19288,6,2,0
19288,7,0,0
19288,7,1,0
19288,7,2,0
19289,1,0,0
19289,2,1,0
19289,3,0,0
19289,3,1,0
19289,4,2,0
19289,5,0,0
19289,5,2,0
19289,6,1,0
19289,6,2,0
19289,7,0,0
19289,7,1,0
19289,7,2,0
19290,1,0,0
19290,2,1,0
19290,3,0,0
19290,3,1,0
19290,4,2,0
19290,5,0,0
19290,5,2,0
19290,6,1,0
19290,6,2,0
19290,7,0,0
19290,7,1,0
19290,7,2,0
19291,1,0,0
19291,2,1,0
19291,3,0,0
19291,3,1,0
19291,4,2,0
19291,5,0,0
19291,5,2,0
19291,6,1,0
19291,6,2,0
19291,7,0,0
19291,7,1,0
19291,7,2,0
19292,1,0,0
19292,2,1,0
19292,3,0,0
19292,3,1,0
19292,4,2,0
19292,5,0,0
19292,5,2,0
19292,6,1,0
19292,6,2,0
19292,7,0,0
19292,7,1,0
19292,7,2,0
19293,1,0,0
19293,2,1,0
19293,3,0,0
19293,3,1,0
19293,4,2,0
19293,5,0,0
19293,5,2,0
19293,6,1,0
19293,6,2,0
19293,7,0,0
19293,7,1,0
19293,7,2,0
19294,1,0,0
19294,2,1,0
19294,3,0,0
19294,3,1,0
19294,4,2,0
19294,5,0,0
19294,5,2,0
19294,6,1,0
19294,6,2,0
19294,7,0,0
19294,7,1,0
19294,7,2,0
19295,1,0,0
19295,2,1,0
19295,3,0,0
19295,3,1,0
19295,4,2,0
19295,5,0,0
19295,5,2,0
19295,6,1,0
19295,6,2,0
19295,7,0,0
19295,7,1,0
19295,7,2,0
19296,1,0,0
19296,2,1,0
19296,3,0,0
19296,3,1,0
19296,4,2,0
19296,5,0,0
19296,5,2,0
19296,6,1,0
19296,6,2,0
19296,7,0,0
19296,7,1,0
19296,7,2,0
19297,1,0,0
19297,2,1,0
19297,3,0,0
19297,3,1,0
19297,4,2,0
19297,5,0,0
19297,5,2,0
19297,6,1,0
19297,6,2,0
19297,7,0,0
19297,7,1,0
19297,7,2,0
19298,1,0,0
19298,2,1,0
19298,3,0,0
19298,3,1,0
19298,4,2,0
19298,5,0,0
19298,5,2,0
19298,6,1,0
19298,6,2,0
19298,7,0,0
19298,7,1,0
19298,7,2,0
19299,1,0,0
19299,2,1,0
19299,3,0,0
19299,3,1,0
19299,4,2,0
19299,5,0,0
19299,5,2,0
19299,6,1,0
19299,6,2,0
19299,7,0,0
19299,7,1,0
19299,7,2,0
19300,1,0,0
19300,2,1,0
19300,3,0,0
19300,3,1,0
19300,4,2,0
19300,5,0,0
19300,5,2,0
19300,6,1,0
19300,6,2,0
19300,7,0,0
19300,7,1,0
19300,7,2,0
19301,1,0,0
19301,2,1,0
19301,3,0,0
19301,3,1,0
19301,4,2,0
19301,5,0,0
19301,5,2,0
19301,6,1,0
19301,6,2,0
19301,7,0,0
19301,7,1,0
19301,7,2,0
19302,1,0,0
19302,2,1,0
19302,3,0,0
19302,3,1,0
19302,4,2,0
19302,5,0,0
19302,5,2,0
19302,6,1,0
19302,6,2,0
19302,7,0,0
19302,7,1,0
19302,7,2,0
19303,1,0,0
19303,2,1,0
19303,3,0,0
19303,3,1,0
19303,4,2,0
19303,5,0,0
19303,5,2,0
19303,6,1,0
19303,6,2,0
19303,7,0,0
19303,7,1,0
19303,7,2,0
19304,1,0,0
19304,2,1,0
19304,3,0,0
19304,3,1,0
19304,4,2,0
19304,5,0,0
19304,5,2,0
19304,6,1,0
19304,6,2,0
19304,7,0,0
19304,7,1,0
19304,7,2,0
19305,1,0,1
19305,2,1,0
19305,3,0,1
19305,3,1,0
19305,4,2,0
19305,5,0,1
19305,5,2,0
19305,6,1,0
19305,6,2,0
19305,7,0,1
19305,7,1,0
19305,7,2,0
19306,1,0,1
19306,2,1,0
19306,3,0,1
19306,3,1,0
19306,4,2,0
19306,5,0,1
19306,5,2,0
19306,6,1,0
19306,6,2,0
19306,7,0,1
19306,7,1,0
19306,7,2,0
19307,1,0,0
19307,2,1,0
19307,3,0,0
19307,3,1,0
19307,4,2,0
19307,5,0,0
19307,5,2,0
19307,6,1,0
19307,6,2,0
19307,7,0,0
19307,7,1,0
19307,7,2,0
19308,1,0,0
19308,2,1,0
19308,3,0,0
19308,3,1,0
19308,4,2,0
19308,5,0,0
19308,5,2,0
19308,6,1,0
19308,6,2,0
19308,7,0,0
19308,7,1,0
19308,7,2,0
19309,1,0,0
19309,2,1,0
19309,3,0,0
19309,3,1,0
19309,4,2,0
19309,5,0,0
19309,5,2,0
19309,6,1,0
19309,6,2,0
19309,7,0,0
19309,7,1,0
19309,7,2,0
19310,1,0,0
19310,2,1,0
19310,3,0,0
19310,3,1,0
19310,4,2,0
19310,5,0,0
19310,5,2,0
19310,6,1,0
19310,6,2,0
19310,7,0,0
19310,7,1,0
19310,7,2,0
19311,1,0,0
19311,2,1,0
19311,3,0,0
19311,3,1,0
19311,4,2,0
19311,5,0,0
19311,5,2,0
19311,6,1,0
19311,6,2,0
19311,7,0,0
19311,7,1,0
19311,7,2,0
19312,1,0,0
19312,2,1,0
19312,3,0,0
19312,3,1,0
19312,4,2,0
19312,5,0,0
19312,5,2,0
19312,6,1,0
19312,6,2,0
19312,7,0,0
19312,7,1,0
19312,7,2,0
19313,1,0,0
19313,2,1,0
19313,3,0,0
19313,3,1,0
19313,4,2,0
19313,5,0,0
19313,5,2,0
19313,6,1,0
19313,6,2,0
19313,7,0,0
19313,7,1,0
19313,7,2,0
19314,1,0,0
19314,2,1,0
19314,3,0,0
19314,3,1,0
19314,4,2,0
19314,5,0,0
19314,5,2,0
19314,6,1,0
19314,6,2,0
19314,7,0,0
19314,7,1,0
19314,7,2,0
19315,1,0,0
19315,2,1,0
19315,3,0,0
19315,3,1,0
19315,4,2,0
19315,5,0,0
19315,5,2,0
19315,6,1,0
19315,6,2,0
19315,7,0,0
19315,7,1,0
19315,7,2,0
19316,1,0,0
19316,2,1,0
19316,3,0,0
19316,3,1,0
19316,4,2,0
19316,5,0,0
19316,5,2,0
19316,6,1,0
19316,6,2,0
19316,7,0,0
19316,7,1,0
19316,7,2,0
19317,1,0,0
19317,2,1,0
19317,3,0,0
19317,3,1,0
19317,4,2,0
19317,5,0,0
19317,5,2,0
19317,6,1,0
19317,6,2,0
19317,7,0,0
19317,7,1,0
19317,7,2,0
19318,1,0,0
19318,2,1,0
19318,3,0,0
19318,3,1,0
19318,4,2,0
19318,5,0,0
19318,5,2,0
19318,6,1,0
19318,6,2,0
19318,7,0,0
19318,7,1,0
19318,7,2,0
19319,1,0,0
19319,2,1,0
19319,3,0,0
19319,3,1,0
19319,4,2,0
19319,5,0,0
19319,5,2,0
19319,6,1,0
19319,6,2,0
19319,7,0,0
19319,7,1,0
19319,7,2,0
19320,1,0,0
19320,2,1,0
19320,3,0,0
19320,3,1,0
19320,4,2,0
19320,5,0,0
19320,5,2,0
19320,6,1,0
19320,6,2,0
19320,7,0,0
19320,7,1,0
19320,7,2,0
19321,1,0,0
19321,2,1,0
19321,3,0,0
19321,3,1,0
19321,4,2,0
19321,5,0,0
19321,5,2,0
19321,6,1,0
19321,6,2,0
19321,7,0,0
19321,7,1,0
19321,7,2,0
19322,1,0,0
19322,2,1,0
19322,3,0,0
19322,3,1,0
19322,4,2,0
19322,5,0,0
19322,5,2,0
19322,6,1,0
19322,6,2,0
19322,7,0,0
19322,7,1,0
19322,7,2,0
19323,1,0,0
19323,2,1,0
19323,3,0,0
19323,3,1,0
19323,4,2,0
19323,5,0,0
19323,5,2,0
19323,6,1,0
19323,6,2,0
19323,7,0,0
19323,7,1,0
19323,7,2,0
19324,1,0,0
19324,2,1,0
19324,3,0,0
19324,3,1,0
19324,4,2,0
19324,5,0,0
19324,5,2,0
19324,6,1,0
19324,6,2,0
19324,7,0,0
19324,7,1,0
19324,7,2,0
19325,1,0,0
19325,2,1,0
19325,3,0,0
19325,3,1,0
19325,4,2,0
19325,5,0,0
19325,5,2,0
19325,6,1,0
19325,6,2,0
19325,7,0,0
19325,7,1,0
19325,7,2,0
19326,1,0,0
19326,2,1,0
19326,3,0,0
19326,3,1,0
19326,4,2,0
19326,5,0,0
19326,5,2,0
19326,6,1,0
19326,6,2,0
19326,7,0,0
19326,7,1,0
19326,7,2,0
19327,1,0,0
19327,2,1,0
19327,3,0,0
19327,3,1,0
19327,4,2,0
19327,5,0,0
19327,5,2,0
19327,6,1,0
19327,6,2,0
19327,7,0,0
19327,7,1,0
19327,7,2,0
19328,1,0,0
19328,2,1,0
19328,3,0,0
19328,3,1,0
19328,4,2,0
19328,5,0,0
19328,5,2,0
19328,6,1,0
19328,6,2,0
19328,7,0,0
19328,7,1,0
19328,7,2,0
19329,1,0,0
19329,2,1,0
19329,3,0,0
19329,3,1,0
19329,4,2,0
19329,5,0,0
19329,5,2,0
19329,6,1,0
19329,6,2,0
19329,7,0,0
19329,7,1,0
19329,7,2,0
19330,1,0,0
19330,2,1,0
19330,3,0,0
19330,3,1,0
19330,4,2,0
19330,5,0,0
19330,5,2,0
19330,6,1,0
19330,6,2,0
19330,7,0,0
19330,7,1,0
19330,7,2,0
19331,1,0,0
19331,2,1,0
19331,3,0,0
19331,3,1,0
19331,4,2,0
19331,5,0,0
19331,5,2,0
19331,6,1,0
19331,6,2,0
19331,7,0,0
19331,7,1,0
19331,7,2,0
19332,1,0,1
19332,2,1,0
19332,3,0,1
19332,3,1,0
19332,4,2,0
19332,5,0,1
19332,5,2,0
19332,6,1,0
19332,6,2,0
19332,7,0,1
19332,7,1,0
19332,7,2,0
19333,1,0,1
19333,2,1,0
19333,3,0,1
19333,3,1,0
19333,4,2,0
19333,5,0,1
19333,5,2,0
19333,6,1,0
19333,6,2,0
19333,7,0,1
19333,7,1,0
19333,7,2,0
19334,1,0,0
19334,2,1,0
19334,3,0,0
19334,3,1,0
19334,4,2,0
19334,5,0,0
19334,5,2,0
19334,6,1,0
19334,6,2,0
19334,7,0,0
19334,7,1,0
19334,7,2,0
19335,1,0,0
19335,2,1,0
19335,3,0,0
19335,3,1,0
19335,4,2,0
19335,5,0,0
19335,5,2,0
19335,6,1,0
19335,6,2,0
19335,7,0,0
19335,7,1,0
19335,7,2,0
19336,1,0,0
19336,2,1,0
19336,3,0,0
19336,3,1,0
19336,4,2,0
19336,5,0,0
19336,5,2,0
19336,6,1,0
19336,6,2,0
19336,7,0,0
19336,7,1,0
19336,7,2,0
19337,1,0,0
19337,2,1,0
19337,3,0,0
19337,3,1,0
19337,4,2,0
19337,5,0,0
19337,5,2,0
19337,6,1,0
19337,6,2,0
19337,7,0,0
19337,7,1,0
19337,7,2,0
19338,1,0,0
19338,2,1,0
19338,3,0,0
19338,3,1,0
19338,4,2,0
19338,5,0,0
19338,5,2,0
19338,6,1,0
19338,6,2,0
19338,7,0,0
19338,7,1,0
19338,7,2,0
19339,1,0,0
19339,2,1,0
19339,3,0,0
19339,3,1,0
19339,4,2,0
19339,5,0,0
19339,5,2,0
19339,6,1,0
19339,6,2,0
19339,7,0,0
19339,7,1,0
19339,7,2,0
19340,1,0,0
19340,2,1,0
19340,3,0,0
19340,3,1,0
19340,4,2,0
19340,5,0,0
19340,5,2,0
19340,6,1,0
19340,6,2,0
19340,7,0,0
19340,7,1,0
19340,7,2,0
19341,1,0,0
19341,2,1,0
19341,3,0,0
19341,3,1,0
19341,4,2,0
19341,5,0,0
19341,5,2,0
19341,6,1,0
19341,6,2,0
19341,7,0,0
19341,7,1,0
19341,7,2,0
19342,1,0,0
19342,2,1,0
19342,3,0,0
19342,3,1,0
19342,4,2,0
19342,5,0,0
19342,5,2,0
19342,6,1,0
19342,6,2,0
19342,7,0,0
19342,7,1,0
19342,7,2,0
19343,1,0,0
19343,2,1,0
19343,3,0,0
19343,3,1,0
19343,4,2,0
19343,5,0,0
19343,5,2,0
19343,6,1,0
19343,6,2,0
19343,7,0,0
19343,7,1,0
19343,7,2,0
19344,1,0,0
19344,2,1,0
19344,3,0,0
19344,3,1,0
19344,4,2,0
19344,5,0,0
19344,5,2,0
19344,6,1,0
19344,6,2,0
19344,7,0,0
19344,7,1,0
19344,7,2,0
19345,1,0,0
19345,2,1,0
19345,3,0,0
19345,3,1,0
19345,4,2,0
19345,5,0,0
19345,5,2,0
19345,6,1,0
19345,6,2,0
19345,7,0,0
19345,7,1,0
19345,7,2,0
19346,1,0,0
19346,2,1,0
19346,3,0,0
19346,3,1,0
19346,4,2,0
19346,5,0,0
19346,5,2,0
19346,6,1,0
19346,6,2,0
19346,7,0,0
19346,7,1,0
19346,7,2,0
19347,1,0,0
19347,2,1,0
19347,3,0,0
19347,3,1,0
19347,4,2,0
19347,5,0,0
19347,5,2,0
19347,6,1,0
19347,6,2,0
19347,7,0,0
19347,7,1,0
19347,7,2,0
19348,1,0,0
19348,2,1,0
19348,3,0,0
19348,3,1,0
19348,4,2,0
19348,5,0,0
19348,5,2,0
19348,6,1,0
19348,6,2,0
19348,7,0,0
19348,7,1,0
19348,7,2,0
19349,1,0,0
19349,2,1,0
19349,3,0,0
19349,3,1,0
19349,4,2,0
19349,5,0,0
19349,5,2,0
19349,6,1,0
19349,6,2,0
19349,7,0,0
19349,7,1,0
19349,7,2,0
19350,1,0,0
19350,2,1,0
19350,3,0,0
19350,3,1,0
19350,4,2,0
19350,5,0,0
19350,5,2,0
19350,6,1,0
19350,6,2,0
19350,7,0,0
19350,7,1,0
19350,7,2,0
19351,1,0,0
19351,2,1,0
19351,3,0,0
19351,3,1,0
19351,4,2,0
19351,5,0,0
19351,5,2,0
19351,6,1,0
19351,6,2,0
19351,7,0,0
19351,7,1,0
19351,7,2,0
19352,1,0,0
19352,2,1,0
19352,3,0,0
19352,3,1,0
19352,4,2,0
19352,5,0,0
19352,5,2,0
19352,6,1,0
19352,6,2,0
19352,7,0,0
19352,7,1,0
19352,7,2,0
19353,1,0,0
19353,2,1,0
19353,3,0,0
19353,3,1,0
19353,4,2,0
19353,5,0,0
19353,5,2,0
19353,6,1,0
19353,6,2,0
19353,7,0,0
19353,7,1,0
19353,7,2,0
19354,1,0,0
19354,2,1,0
19354,3,0,0
19354,3,1,0
19354,4,2,0
19354,5,0,0
19354,5,2,0
19354,6,1,0
19354,6,2,0
19354,7,0,0
19354,7,1,0
19354,7,2,0
19355,1,0,0
19355,2,1,0
19355,3,0,0
19355,3,1,0
19355,4,2,0
19355,5,0,0
19355,5,2,0
19355,6,1,0
19355,6,2,0
19355,7,0,0
19355,7,1,0
19355,7,2,0
19356,1,0,0
19356,2,1,0
19356,3,0,0
19356,3,1,0
19356,4,2,0
19356,5,0,0
19356,5,2,0
19356,6,1,0
19356,6,2,0
19356,7,0,0
19356,7,1,0
19356,7,2,0
19357,1,0,0
19357,2,1,0
19357,3,0,0
19357,3,1,0
19357,4,2,0
19357,5,0,0
19357,5,2,0
19357,6,1,0
19357,6,2,0
19357,7,0,0
19357,7,1,0
19357,7,2,0
19358,1,0,0
19358,2,1,0
19358,3,0,0
19358,3,1,0
19358,4,2,0
19358,5,0,0
19358,5,2,0
19358,6,1,0
19358,6,2,0
19358,7,0,0
19358,7,1,0
19358,7,2,0
19359,1,0,1
19359,2,1,0
19359,3,0,1
19359,3,1,0
19359,4,2,0
19359,5,0,1
19359,5,2,0
19359,6,1,0
19359,6,2,0
19359,7,0,1
19359,7,1,0
19359,7,2,0
19360,1,0,1
19360,2,1,0
19360,3,0,1
19360,3,1,0
19360,4,2,0
19360,5,0,1
19360,5,2,0
19360,6,1,0
19360,6,2,0
19360,7,0,1
19360,7,1,0
19360,7,2,0
19361,1,0,0
19361,2,1,0
19361,3,0,0
19361,3,1,0
19361,4,2,0
19361,5,0,0
19361,5,2,0
19361,6,1,0
19361,6,2,0
19361,7,0,0
19361,7,1,0
19361,7,2,0
19362,1,0,0
19362,2,1,0
19362,3,0,0
19362,3,1,0
19362,4,2,0
19362,5,0,0
19362,5,2,0
19362,6,1,0
19362,6,2,0
19362,7,0,0
19362,7,1,0
19362,7,2,0
19363,1,0,0
19363,2,1,0
19363,3,0,0
19363,3,1,0
19363,4,2,0
19363,5,0,0
19363,5,2,0
19363,6,1,0
19363,6,2,0
19363,7,0,0
19363,7,1,0
19363,7,2,0
19364,1,0,0
19364,2,1,0
19364,3,0,0
19364,3,1,0
19364,4,2,0
19364,5,0,0
19364,5,2,0
19364,6,1,0
19364,6,2,0
19364,7,0,0
19364,7,1,0
19364,7,2,0
19365,1,0,0
19365,2,1,0
19365,3,0,0
19365,3,1,0
19365,4,2,0
19365,5,0,0
19365,5,2,0
19365,6,1,0
19365,6,2,0
19365,7,0,0
19365,7,1,0
19365,7,2,0
19366,1,0,0
19366,2,1,0
19366,3,0,0
19366,3,1,0
19366,4,2,0
19366,5,0,0
19366,5,2,0
19366,6,1,0
19366,6,2,0
19366,7,0,0
19366,7,1,0
19366,7,2,0
19367,1,0,0
19367,2,1,0
19367,3,0,0
19367,3,1,0
19367,4,2,0
19367,5,0,0
19367,5,2,0
19367,6,1,0
19367,6,2,0
19367,7,0,0
19367,7,1,0
19367,7,2,0
19368,1,0,0
19368,2,1,0
19368,3,0,0
19368,3,1,0
19368,4,2,0
19368,5,0,0
19368,5,2,0
19368,6,1,0
19368,6,2,0
19368,7,0,0
19368,7,1,0
19368,7,2,0
19369,1,0,0
19369,2,1,0
19369,3,0,0
19369,3,1,0
19369,4,2,0
19369,5,0,0
19369,5,2,0
19369,6,1,0
19369,6,2,0
19369,7,0,0
19369,7,1,0
19369,7,2,0
19370,1,0,0
19370,2,1,0
19370,3,0,0
19370,3,1,0
19370,4,2,0
19370,5,0,0
19370,5,2,0
19370,6,1,0
19370,6,2,0
19370,7,0,0
19370,7,1,0
19370,7,2,0
19371,1,0,0
19371,2,1,0
19371,3,0,0
19371,3,1,0
19371,4,2,0
19371,5,0,0
19371,5,2,0
19371,6,1,0
19371,6,2,0
19371,7,0,0
19371,7,1,0
19371,7,2,0
19372,1,0,0
19372,2,1,0
19372,3,0,0
19372,3,1,0
19372,4,2,0
19372,5,0,0
19372,5,2,0
19372,6,1,0
19372,6,2,0
19372,7,0,0
19372,7,1,0
19372,7,2,0
19373,1,0,0
19373,2,1,0
19373,3,0,0
19373,3,1,0
19373,4,2,0
19373,5,0,0
19373,5,2,0
19373,6,1,0
19373,6,2,0
19373,7,0,0
19373,7,1,0
19373,7,2,0
19374,1,0,0
19374,2,1,0
19374,3,0,0
19374,3,1,0
19374,4,2,0
19374,5,0,0
19374,5,2,0
19374,6,1,0
19374,6,2,0
19374,7,0,0
19374,7,1,0
19374,7,2,0
19375,1,0,0
19375,2,1,0
19375,3,0,0
19375,3,1,0
19375,4,2,0
19375,5,0,0
19375,5,2,0
19375,6,1,0
19375,6,2,0
19375,7,0,0
19375,7,1,0
19375,7,2,0
19376,1,0,0
19376,2,1,0
19376,3,0,0
19376,3,1,0
19376,4,2,0
19376,5,0,0
19376,5,2,0
19376,6,1,0
19376,6,2,0
19376,7,0,0
19376,7,1,0
19376,7,2,0
19377,1,0,0
19377,2,1,0
19377,3,0,0
19377,3,1,0
19377,4,2,0
19377,5,0,0
19377,5,2,0
19377,6,1,0
19377,6,2,0
19377,7,0,0
19377,7,1,0
19377,7,2,0
19378,1,0,0
19378,2,1,0
19378,3,0,0
19378,3,1,0
19378,4,2,0
19378,5,0,0
19378,5,2,0
19378,6,1,0
19378,6,2,0
19378,7,0,0
19378,7,1,0
19378,7,2,0
19379,1,0,0
19379,2,1,0
19379,3,0,0
19379,3,1,0
19379,4,2,0
19379,5,0,0
19379,5,2,0
19379,6,1,0
19379,6,2,0
19379,7,0,0
19379,7,1,0
19379,7,2,0
19380,1,0,0
19380,2,1,0
19380,3,0,0
19380,3,1,0
19380,4,2,0
19380,5,0,0
19380,5,2,0
19380,6,1,0
19380,6,2,0
19380,7,0,0
19380,7,1,0
19380,7,2,0
19381,1,0,0
19381,2,1,0
19381,3,0,0
19381,3,1,0
19381,4,2,0
19381,5,0,0
19381,5,2,0
19381,6,1,0
19381,6,2,0
19381,7,0,0
19381,7,1,0
19381,7,2,0
19382,1,0,0
19382,2,1,0
19382,3,0,0
19382,3,1,0
19382,4,2,0
19382,5,0,0
19382,5,2,0
19382,6,1,0
19382,6,2,0
19382,7,0,0
19382,7,1,0
19382,7,2,0
19383,1,0,0
19383,2,1,0
19383,3,0,0
19383,3,1,0
19383,4,2,0
19383,5,0,0
19383,5,2,0
19383,6,1,0
19383,6,2,0
19383,7,0,0
19383,7,1,0
19383,7,2,0
19384,1,0,0
19384,2,1,0
19384,3,0,0
19384,3,1,0
19384,4,2,0
19384,5,0,0
19384,5,2,0
19384,6,1,0
19384,6,2,0
19384,7,0,0
19384,7,1,0
19384,7,2,0
19385,1,0,0
19385,2,1,0
19385,3,0,0
19385,3,1,0
19385,4,2,0
19385,5,0,0
19385,5,2,0
19385,6,1,0
19385,6,2,0
19385,7,0,0
19385,7,1,0
19385,7,2,0
19386,1,0,1
19386,2,1,0
19386,3,0,1
19386,3,1,0
19386,4,2,0
19386,5,0,1
19386,5,2,0
19386,6,1,0
19386,6,2,0
19386,7,0,1
19386,7,1,0
19386,7,2,0
19387,1,0,1
19387,2,1,0
19387,3,0,1
19387,3,1,0
19387,4,2,0
19387,5,0,1
19387,5,2,0
19387,6,1,0
19387,6,2,0
19387,7,0,1
19387,7,1,0
19387,7,2,0
19388,1,0,0
19388,2,1,0
19388,3,0,0
19388,3,1,0
19388,4,2,0
19388,5,0,0
19388,5,2,0
19388,6,1,0
19388,6,2,0
19388,7,0,0
19388,7,1,0
19388,7,2,0
19389,1,0,0
19389,2,1,0
19389,3,0,0
19389,3,1,0
19389,4,2,0
19389,5,0,0
19389,5,2,0
19389,6,1,0
19389,6,2,0
19389,7,0,0
19389,7,1,0
19389,7,2,0
19390,1,0,0
19390,2,1,0
19390,3,0,0
19390,3,1,0
19390,4,2,0
19390,5,0,0
19390,5,2,0
19390,6,1,0
19390,6,2,0
19390,7,0,0
19390,7,1,0
19390,7,2,0
19391,1,0,0
19391,2,1,0
19391,3,0,0
19391,3,1,0
19391,4,2,0
19391,5,0,0
19391,5,2,0
19391,6,1,0
19391,6,2,0
19391,7,0,0
19391,7,1,0
19391,7,2,0
19392,1,0,0
19392,2,1,0
19392,3,0,0
19392,3,1,0
19392,4,2,0
19392,5,0,0
19392,5,2,0
19392,6,1,0
19392,6,2,0
19392,7,0,0
19392,7,1,0
19392,7,2,0
19393,1,0,0
19393,2,1,0
19393,3,0,0
19393,3,1,0
19393,4,2,0
19393,5,0,0
19393,5,2,0
19393,6,1,0
19393,6,2,0
19393,7,0,0
19393,7,1,0
19393,7,2,0
19394,1,0,0
19394,2,1,0
19394,3,0,0
19394,3,1,0
19394,4,2,0
19394,5,0,0
19394,5,2,0
19394,6,1,0
19394,6,2,0
19394,7,0,0
19394,7,1,0
19394,7,2,0
19395,1,0,0
19395,2,1,0
19395,3,0,0
19395,3,1,0
19395,4,2,0
19395,5,0,0
19395,5,2,0
19395,6,1,0
19395,6,2,0
19395,7,0,0
19395,7,1,0
19395,7,2,0
19396,1,0,0
19396,2,1,0
19396,3,0,0
19396,3,1,0
19396,4,2,0
19396,5,0,0
19396,5,2,0
19396,6,1,0
19396,6,2,0
19396,7,0,0
19396,7,1,0
19396,7,2,0
19397,1,0,0
19397,2,1,0
19397,3,0,0
19397,3,1,0
19397,4,2,0
19397,5,0,0
19397,5,2,0
19397,6,1,0
19397,6,2,0
19397,7,0,0
19397,7,1,0
19397,7,2,0
19398,1,0,0
19398,2,1,0
19398,3,0,0
19398,3,1,0
19398,4,2,0
19398,5,0,0
19398,5,2,0
19398,6,1,0
19398,6,2,0
19398,7,0,0
19398,7,1,0
19398,7,2,0
19399,1,0,0
19399,2,1,0
19399,3,0,0
19399,3,1,0
19399,4,2,0
19399,5,0,0
19399,5,2,0
19399,6,1,0
19399,6,2,0
19399,7,0,0
19399,7,1,0
19399,7,2,0
19400,1,0,0
19400,2,1,0
19400,3,0,0
19400,3,1,0
19400,4,2,0
19400,5,0,0
19400,5,2,0
19400,6,1,0
19400,6,2,0
19400,7,0,0
19400,7,1,0
19400,7,2,0
19401,1,0,0
19401,2,1,0
19401,3,0,0
19401,3,1,0
19401,4,2,0
19401,5,0,0
19401,5,2,0
19401,6,1,0
19401,6,2,0
19401,7,0,0
19401,7,1,0
19401,7,2,0
19402,1,0,0
19402,2,1,0
19402,3,0,0
19402,3,1,0
19402,4,2,0
19402,5,0,0
19402,5,2,0
19402,6,1,0
19402,6,2,0
19402,7,0,0
19402,7,1,0
19402,7,2,0
19403,1,0,0
19403,2,1,0
19403,3,0,0
19403,3,1,0
19403,4,2,0
19403,5,0,0
19403,5,2,0
19403,6,1,0
19403,6,2,0
19403,7,0,0
19403,7,1,0
19403,7,2,0
19404,1,0,0
19404,2,1,0
19404,3,0,0
19404,3,1,0
19404,4,2,0
19404,5,0,0
19404,5,2,0
19404,6,1,0
19404,6,2,0
19404,7,0,0
19404,7,1,0
19404,7,2,0
19405,1,0,0
19405,2,1,0
19405,3,0,0
19405,3,1,0
19405,4,2,0
19405,5,0,0
19405,5,2,0
19405,6,1,0
19405,6,2,0
19405,7,0,0
19405,7,1,0
19405,7,2,0
19406,1,0,0
19406,2,1,0
19406,3,0,0
19406,3,1,0
19406,4,2,0
19406,5,0,0
19406,5,2,0
19406,6,1,0
19406,6,2,0
19406,7,0,0
19406,7,1,0
19406,7,2,0
19407,1,0,0
19407,2,1,0
19407,3,0,0
19407,3,1,0
19407,4,2,0
19407,5,0,0
19407,5,2,0
19407,6,1,0
19407,6,2,0
19407,7,0,0
19407,7,1,0
19407,7,2,0
19408,1,0,0
19408,2,1,0
19408,3,0,0
19408,3,1,0
19408,4,2,0
19408,5,0,0
19408,5,2,0
19408,6,1,0
19408,6,2,0
19408,7,0,0
19408,7,1,0
19408,7,2,0
19409,1,0,0
19409,2,1,0
19409,3,0,0
19409,3,1,0
19409,4,2,0
19409,5,0,0
19409,5,2,0
19409,6,1,0
19409,6,2,0
19409,7,0,0
19409,7,1,0
19409,7,2,0
19410,1,0,0
19410,2,1,0
19410,3,0,0
19410,3,1,0
19410,4,2,0
19410,5,0,0
19410,5,2,0
19410,6,1,0
19410,6,2,0
19410,7,0,0
19410,7,1,0
19410,7,2,0
19411,1,0,0
19411,2,1,0
19411,3,0,0
19411,3,1,0
19411,4,2,0
19411,5,0,0
19411,5,2,0
19411,6,1,0
19411,6,2,0
19411,7,0,0
19411,7,1,0
19411,7,2,0
19412,1,0,0
19412,2,1,0
19412,3,0,0
19412,3,1,0
19412,4,2,0
19412,5,0,0
19412,5,2,0
19412,6,1,0
19412,6,2,0
19412,7,0,0
19412,7,1,0
19412,7,2,0
19413,1,0,1
19413,2,1,0
19413,3,0,1
19413,3,1,0
19413,4,2,0
19413,5,0,1
19413,5,2,0
19413,6,1,0
19413,6,2,0
19413,7,0,1
19413,7,1,0
19413,7,2,0
19414,1,0,1
19414,2,1,0
19414,3,0,1
19414,3,1,0
19414,4,2,0
19414,5,0,1
19414,5,2,0
19414,6,1,0
19414,6,2,0
19414,7,0,1
19414,7,1,0
19414,7,2,0
19415,1,0,0
19415,2,1,0
19415,3,0,0
19415,3,1,0
19415,4,2,0
19415,5,0,0
19415,5,2,0
19415,6,1,0
19415,6,2,0
19415,7,0,0
19415,7,1,0
19415,7,2,0
19416,1,0,0
19416,2,1,0
19416,3,0,0
19416,3,1,0
19416,4,2,0
19416,5,0,0
19416,5,2,0
19416,6,1,0
19416,6,2,0
19416,7,0,0
19416,7,1,0
19416,7,2,0
19417,1,0,0
19417,2,1,0
19417,3,0,0
19417,3,1,0
19417,4,2,0
19417,5,0,0
19417,5,2,0
19417,6,1,0
19417,6,2,0
19417,7,0,0
19417,7,1,0
19417,7,2,0
19418,1,0,0
19418,2,1,0
19418,3,0,0
19418,3,1,0
19418,4,2,0
19418,5,0,0
19418,5,2,0
19418,6,1,0
19418,6,2,0
19418,7,0,0
19418,7,1,0
19418,7,2,0
19419,1,0,0
19419,2,1,0
19419,3,0,0
19419,3,1,0
19419,4,2,0
19419,5,0,0
19419,5,2,0
19419,6,1,0
19419,6,2,0
19419,7,0,0
19419,7,1,0
19419,7,2,0
19420,1,0,0
19420,2,1,0
19420,3,0,0
19420,3,1,0
19420,4,2,0
19420,5,0,0
19420,5,2,0
19420,6,1,0
19420,6,2,0
19420,7,0,0
19420,7,1,0
19420,7,2,0
19421,1,0,0
19421,2,1,0
19421,3,0,0
19421,3,1,0
19421,4,2,0
19421,5,0,0
19421,5,2,0
19421,6,1,0
19421,6,2,0
19421,7,0,0
19421,7,1,0
19421,7,2,0
19422,1,0,0
19422,2,1,0
19422,3,0,0
19422,3,1,0
19422,4,2,0
19422,5,0,0
19422,5,2,0
19422,6,1,0
19422,6,2,0
19422,7,0,0
19422,7,1,0
19422,7,2,0
19423,1,0,0
19423,2,1,0
19423,3,0,0
19423,3,1,0
19423,4,2,0
19423,5,0,0
19423,5,2,0
19423,6,1,0
19423,6,2,0
19423,7,0,0
19423,7,1,0
19423,7,2,0
19424,1,0,0
19424,2,1,0
19424,3,0,0
19424,3,1,0
19424,4,2,0
19424,5,0,0
19424,5,2,0
19424,6,1,0
19424,6,2,0
19424,7,0,0
19424,7,1,0
19424,7,2,0
19425,1,0,0
19425,2,1,0
19425,3,0,0
19425,3,1,0
19425,4,2,0
19425,5,0,0
19425,5,2,0
19425,6,1,0
19425,6,2,0
19425,7,0,0
19425,7,1,0
19425,7,2,0
19426,1,0,0
19426,2,1,0
19426,3,0,0
19426,3,1,0
19426,4,2,0
19426,5,0,0
19426,5,2,0
19426,6,1,0
19426,6,2,0
19426,7,0,0
19426,7,1,0
19426,7,2,0
19427,1,0,0
19427,2,1,0
19427,3,0,0
19427,3,1,0
19427,4,2,0
19427,5,0,0
19427,5,2,0
19427,6,1,0
19427,6,2,0
19427,7,0,0
19427,7,1,0
19427,7,2,0
19428,1,0,0
19428,2,1,0
19428,3,0,0
19428,3,1,0
19428,4,2,0
19428,5,0,0
19428,5,2,0
19428,6,1,0
19428,6,2,0
19428,7,0,0
19428,7,1,0
19428,7,2,0
19429,1,0,0
19429,2,1,0
19429,3,0,0
19429,3,1,0
19429,4,2,0
19429,5,0,0
19429,5,2,0
19429,6,1,0
19429,6,2,0
19429,7,0,0
19429,7,1,0
19429,7,2,0
19430,1,0,0
19430,2,1,0
19430,3,0,0
19430,3,1,0
19430,4,2,0
19430,5,0,0
19430,5,2,0
19430,6,1,0
19430,6,2,0
19430,7,0,0
19430,7,1,0
19430,7,2,0
19431,1,0,0
19431,2,1,0
19431,3,0,0
19431,3,1,0
19431,4,2,0
19431,5,0,0
19431,5,2,0
19431,6,1,0
19431,6,2,0
19431,7,0,0
19431,7,1,0
19431,7,2,0
19432,1,0,0
19432,2,1,0
19432,3,0,0
19432,3,1,0
19432,4,2,0
19432,5,0,0
19432,5,2,0
19432,6,1,0
19432,6,2,0
19432,7,0,0
19432,7,1,0
19432,7,2,0
19433,1,0,0
19433,2,1,0
19433,3,0,0
19433,3,1,0
19433,4,2,0
19433,5,0,0
19433,5,2,0
19433,6,1,0
19433,6,2,0
19433,7,0,0
19433,7,1,0
19433,7,2,0
19434,1,0,0
19434,2,1,0
19434,3,0,0
19434,3,1,0
19434,4,2,0
19434,5,0,0
19434,5,2,0
19434,6,1,0
19434,6,2,0
19434,7,0,0
19434,7,1,0
19434,7,2,0
19435,1,0,0
19435,2,1,0
19435,3,0,0
19435,3,1,0
19435,4,2,0
19435,5,0,0
19435,5,2,0
19435,6,1,0
19435,6,2,0
19435,7,0,0
19435,7,1,0
19435,7,2,0
19436,1,0,0
19436,2,1,0
19436,3,0,0
19436,3,1,0
19436,4,2,0
19436,5,0,0
19436,5,2,0
19436,6,1,0
19436,6,2,0
19436,7,0,0
19436,7,1,0
19436,7,2,0
19437,1,0,0
19437,2,1,0
19437,3,0,0
19437,3,1,0
19437,4,2,0
19437,5,0,0
19437,5,2,0
19437,6,1,0
19437,6,2,0
19437,7,0,0
19437,7,1,0
19437,7,2,0
19438,1,0,0
19438,2,1,0
19438,3,0,0
19438,3,1,0
19438,4,2,0
19438,5,0,0
19438,5,2,0
19438,6,1,0
19438,6,2,0
19438,7,0,0
19438,7,1,0
19438,7,2,0
19439,1,0,0
19439,2,1,0
19439,3,0,0
19439,3,1,0
19439,4,2,0
19439,5,0,0
19439,5,2,0
19439,6,1,0
19439,6,2,0
19439,7,0,0
19439,7,1,0
19439,7,2,0
19440,1,0,1
19440,2,1,0
19440,3,0,1
19440,3,1,0
19440,4,2,0
19440,5,0,1
19440,5,2,0
19440,6,1,0
19440,6,2,0
19440,7,0,1
19440,7,1,0
19440,7,2,0
19441,1,0,1
19441,2,1,0
19441,3,0,1
19441,3,1,0
19441,4,2,0
19441,5,0,1
19441,5,2,0
19441,6,1,0
19441,6,2,0
19441,7,0,1
19441,7,1,0
19441,7,2,0
19442,1,0,0
19442,2,1,0
19442,3,0,0
19442,3,1,0
19442,4,2,0
19442,5,0,0
19442,5,2,0
19442,6,1,0
19442,6,2,0
19442,7,0,0
19442,7,1,0
19442,7,2,0
19443,1,0,0
19443,2,1,0
19443,3,0,0
19443,3,1,0
19443,4,2,0
19443,5,0,0
19443,5,2,0
19443,6,1,0
19443,6,2,0
19443,7,0,0
19443,7,1,0
19443,7,2,0
19444,1,0,0
19444,2,1,0
19444,3,0,0
19444,3,1,0
19444,4,2,0
19444,5,0,0
19444,5,2,0
19444,6,1,0
19444,6,2,0
19444,7,0,0
19444,7,1,0
19444,7,2,0
19445,1,0,0
19445,2,1,0
19445,3,0,0
19445,3,1,0
19445,4,2,0
19445,5,0,0
19445,5,2,0
19445,6,1,0
19445,6,2,0
19445,7,0,0
19445,7,1,0
19445,7,2,0
19446,1,0,0
19446,2,1,0
19446,3,0,0
19446,3,1,0
19446,4,2,0
19446,5,0,0
19446,5,2,0
19446,6,1,0
19446,6,2,0
19446,7,0,0
19446,7,1,0
19446,7,2,0
19447,1,0,0
19447,2,1,0
19447,3,0,0
19447,3,1,0
19447,4,2,0
19447,5,0,0
19447,5,2,0
19447,6,1,0
19447,6,2,0
19447,7,0,0
19447,7,1,0
19447,7,2,0
19448,1,0,0
19448,2,1,0
19448,3,0,0
19448,3,1,0
19448,4,2,0
19448,5,0,0
19448,5,2,0
19448,6,1,0
19448,6,2,0
19448,7,0,0
19448,7,1,0
19448,7,2,0
19449,1,0,0
19449,2,1,0
19449,3,0,0
19449,3,1,0
19449,4,2,0
19449,5,0,0
19449,5,2,0
19449,6,1,0
19449,6,2,0
19449,7,0,0
19449,7,1,0
19449,7,2,0
19450,1,0,0
19450,2,1,0
19450,3,0,0
19450,3,1,0
19450,4,2,0
19450,5,0,0
19450,5,2,0
19450,6,1,0
19450,6,2,0
19450,7,0,0
19450,7,1,0
19450,7,2,0
19451,1,0,0
19451,2,1,0
19451,3,0,0
19451,3,1,0
19451,4,2,0
19451,5,0,0
19451,5,2,0
19451,6,1,0
19451,6,2,0
19451,7,0,0
19451,7,1,0
19451,7,2,0
19452,1,0,0
19452,2,1,0
19452,3,0,0
19452,3,1,0
19452,4,2,0
19452,5,0,0
19452,5,2,0
19452,6,1,0
19452,6,2,0
19452,7,0,0
19452,7,1,0
19452,7,2,0
19453,1,0,0
19453,2,1,0
19453,3,0,0
19453,3,1,0
19453,4,2,0
19453,5,0,0
19453,5,2,0
19453,6,1,0
19453,6,2,0
19453,7,0,0
19453,7,1,0
19453,7,2,0
19454,1,0,0
19454,2,1,0
19454,3,0,0
19454,3,1,0
19454,4,2,0
19454,5,0,0
19454,5,2,0
19454,6,1,0
19454,6,2,0
19454,7,0,0
19454,7,1,0
19454,7,2,0
19455,1,0,0
19455,2,1,0
19455,3,0,0
19455,3,1,0
19455,4,2,0
19455,5,0,0
19455,5,2,0
19455,6,1,0
19455,6,2,0
19455,7,0,0
19455,7,1,0
19455,7,2,0
19456,1,0,0
19456,2,1,0
19456,3,0,0
19456,3,1,0
19456,4,2,0
19456,5,0,0
19456,5,2,0
19456,6,1,0
19456,6,2,0
19456,7,0,0
19456,7,1,0
19456,7,2,0
19457,1,0,0
19457,2,1,0
19457,3,0,0
19457,3,1,0
19457,4,2,0
19457,5,0,0
19457,5,2,0
19457,6,1,0
19457,6,2,0
19457,7,0,0
19457,7,1,0
19457,7,2,0
19458,1,0,0
19458,2,1,0
19458,3,0,0
19458,3,1,0
19458,4,2,0
19458,5,0,0
19458,5,2,0
19458,6,1,0
19458,6,2,0
19458,7,0,0
19458,7,1,0
19458,7,2,0
19459,1,0,0
19459,2,1,0
19459,3,0,0
19459,3,1,0
19459,4,2,0
19459,5,0,0
19459,5,2,0
19459,6,1,0
19459,6,2,0
19459,7,0,0
19459,7,1,0
19459,7,2,0
19460,1,0,0
19460,2,1,0
19460,3,0,0
19460,3,1,0
19460,4,2,0
19460,5,0,0
19460,5,2,0
19460,6,1,0
19460,6,2,0
19460,7,0,0
19460,7,1,0
19460,7,2,0
19461,1,0,0
19461,2,1,0
19461,3,0,0
19461,3,1,0
19461,4,2,0
19461,5,0,0
19461,5,2,0
19461,6,1,0
19461,6,2,0
19461,7,0,0
19461,7,1,0
19461,7,2,0
19462,1,0,0
19462,2,1,0
19462,3,0,0
19462,3,1,0
19462,4,2,0
19462,5,0,0
19462,5,2,0
19462,6,1,0
19462,6,2,0
19462,7,0,0
19462,7,1,0
19462,7,2,0
19463,1,0,0
19463,2,1,0
19463,3,0,0
19463,3,1,0
19463,4,2,0
19463,5,0,0
19463,5,2,0
19463,6,1,0
19463,6,2,0
19463,7,0,0
19463,7,1,0
19463,7,2,0
19464,1,0,0
19464,2,1,0
19464,3,0,0
19464,3,1,0
19464,4,2,0
19464,5,0,0
19464,5,2,0
19464,6,1,0
19464,6,2,0
19464,7,0,0
19464,7,1,0
19464,7,2,0
19465,1,0,0
19465,2,1,0
19465,3,0,0
19465,3,1,0
19465,4,2,0
19465,5,0,0
19465,5,2,0
19465,6,1,0
19465,6,2,0
19465,7,0,0
19465,7,1,0
19465,7,2,0
19466,1,0,0
19466,2,1,0
19466,3,0,0
19466,3,1,0
19466,4,2,0
19466,5,0,0
19466,5,2,0
19466,6,1,0
19466,6,2,0
19466,7,0,0
19466,7,1,0
19466,7,2,0
19467,1,0,1
19467,2,1,0
19467,3,0,1
19467,3,1,0
19467,4,2,0
19467,5,0,1
19467,5,2,0
19467,6,1,0
19467,6,2,0
19467,7,0,1
19467,7,1,0
19467,7,2,0
19468,1,0,1
19468,2,1,0
19468,3,0,1
19468,3,1,0
19468,4,2,0
19468,5,0,1
19468,5,2,0
19468,6,1,0
19468,6,2,0
19468,7,0,1
19468,7,1,0
19468,7,2,0
19469,1,0,0
19469,2,1,0
19469,3,0,0
19469,3,1,0
19469,4,2,0
19469,5,0,0
19469,5,2,0
19469,6,1,0
19469,6,2,0
19469,7,0,0
19469,7,1,0
19469,7,2,0
19470,1,0,0
19470,2,1,0
19470,3,0,0
19470,3,1,0
19470,4,2,0
19470,5,0,0
19470,5,2,0
19470,6,1,0
19470,6,2,0
19470,7,0,0
19470,7,1,0
19470,7,2,0
19471,1,0,0
19471,2,1,0
19471,3,0,0
19471,3,1,0
19471,4,2,0
19471,5,0,0
19471,5,2,0
19471,6,1,0
19471,6,2,0
19471,7,0,0
19471,7,1,0
19471,7,2,0
19472,1,0,0
19472,2,1,0
19472,3,0,0
19472,3,1,0
19472,4,2,0
19472,5,0,0
19472,5,2,0
19472,6,1,0
19472,6,2,0
19472,7,0,0
19472,7,1,0
19472,7,2,0
19473,1,0,0
19473,2,1,0
19473,3,0,0
19473,3,1,0
19473,4,2,0
19473,5,0,0
19473,5,2,0
19473,6,1,0
19473,6,2,0
19473,7,0,0
19473,7,1,0
19473,7,2,0
19474,1,0,0
19474,2,1,0
19474,3,0,0
19474,3,1,0
19474,4,2,0
19474,5,0,0
19474,5,2,0
19474,6,1,0
19474,6,2,0
19474,7,0,0
19474,7,1,0
19474,7,2,0
19475,1,0,0
19475,2,1,0
19475,3,0,0
19475,3,1,0
19475,4,2,0
19475,5,0,0
19475,5,2,0
19475,6,1,0
19475,6,2,0
19475,7,0,0
19475,7,1,0
19475,7,2,0
19476,1,0,0
19476,2,1,0
19476,3,0,0
19476,3,1,0
19476,4,2,0
19476,5,0,0
19476,5,2,0
19476,6,1,0
19476,6,2,0
19476,7,0,0
19476,7,1,0
19476,7,2,0
19477,1,0,0
19477,2,1,0
19477,3,0,0
19477,3,1,0
19477,4,2,0
19477,5,0,0
19477,5,2,0
19477,6,1,0
19477,6,2,0
19477,7,0,0
19477,7,1,0
19477,7,2,0
19478,1,0,0
19478,2,1,0
19478,3,0,0
19478,3,1,0
19478,4,2,0
19478,5,0,0
19478,5,2,0
19478,6,1,0
19478,6,2,0
19478,7,0,0
19478,7,1,0
19478,7,2,0
19479,1,0,0
19479,2,1,0
19479,3,0,0
19479,3,1,0
19479,4,2,0
19479,5,0,0
19479,5,2,0
19479,6,1,0
19479,6,2,0
19479,7,0,0
19479,7,1,0
19479,7,2,0
19480,1,0,0
19480,2,1,0
19480,3,0,0
19480,3,1,0
19480,4,2,0
19480,5,0,0
19480,5,2,0
19480,6,1,0
19480,6,2,0
19480,7,0,0
19480,7,1,0
19480,7,2,0
19481,1,0,0
19481,2,1,0
19481,3,0,0
19481,3,1,0
19481,4,2,0
19481,5,0,0
19481,5,2,0
19481,6,1,0
19481,6,2,0
19481,7,0,0
19481,7,1,0
19481,7,2,0
19482,1,0,0
19482,2,1,0
19482,3,0,0
19482,3,1,0
19482,4,2,0
19482,5,0,0
19482,5,2,0
19482,6,1,0
19482,6,2,0
19482,7,0,0
19482,7,1,0
19482,7,2,0
19483,1,0,0
19483,2,1,0
19483,3,0,0
19483,3,1,0
19483,4,2,0
19483,5,0,0
19483,5,2,0
19483,6,1,0
19483,6,2,0
19483,7,0,0
19483,7,1,0
19483,7,2,0
19484,1,0,0
19484,2,1,0
19484,3,0,0
19484,3,1,0
19484,4,2,0
19484,5,0,0
19484,5,2,0
19484,6,1,0
19484,6,2,0
19484,7,0,0
19484,7,1,0
19484,7,2,0
19485,1,0,0
19485,2,1,0
19485,3,0,0
19485,3,1,0
19485,4,2,0
19485,5,0,0
19485,5,2,0
19485,6,1,0
19485,6,2,0
19485,7,0,0
19485,7,1,0
19485,7,2,0
19486,1,0,0
19486,2,1,0
19486,3,0,0
19486,3,1,0
19486,4,2,0
19486,5,0,0
19486,5,2,0
19486,6,1,0
19486,6,2,0
19486,7,0,0
19486,7,1,0
19486,7,2,0
19487,1,0,0
19487,2,1,0
19487,3,0,0
19487,3,1,0
19487,4,2,0
19487,5,0,0
19487,5,2,0
19487,6,1,0
19487,6,2,0
19487,7,0,0
19487,7,1,0
19487,7,2,0
19488,1,0,0
19488,2,1,0
19488,3,0,0
19488,3,1,0
19488,4,2,0
19488,5,0,0
19488,5,2,0
19488,6,1,0
19488,6,2,0
19488,7,0,0
19488,7,1,0
19488,7,2,0
19489,1,0,0
19489,2,1,0
19489,3,0,0
19489,3,1,0
19489,4,2,0
19489,5,0,0
19489,5,2,0
19489,6,1,0
19489,6,2,0
19489,7,0,0
19489,7,1,0
19489,7,2,0
19490,1,0,0
19490,2,1,0
19490,3,0,0
19490,3,1,0
19490,4,2,0
19490,5,0,0
19490,5,2,0
19490,6,1,0
19490,6,2,0
19490,7,0,0
19490,7,1,0
19490,7,2,0
19491,1,0,0
19491,2,1,0
19491,3,0,0
19491,3,1,0
19491,4,2,0
19491,5,0,0
19491,5,2,0
19491,6,1,0
19491,6,2,0
19491,7,0,0
19491,7,1,0
19491,7,2,0
19492,1,0,0
19492,2,1,0
19492,3,0,0
19492,3,1,0
19492,4,2,0
19492,5,0,0
19492,5,2,0
19492,6,1,0
19492,6,2,0
19492,7,0,0
19492,7,1,0
19492,7,2,0
19493,1,0,0
19493,2,1,0
19493,3,0,0
19493,3,1,0
19493,4,2,0
19493,5,0,0
19493,5,2,0
19493,6,1,0
19493,6,2,0
19493,7,0,0
19493,7,1,0
19493,7,2,0
19494,1,0,1
19494,2,1,0
19494,3,0,1
19494,3,1,0
19494,4,2,0
19494,5,0,1
19494,5,2,0
19494,6,1,0
19494,6,2,0
19494,7,0,1
19494,7,1,0
19494,7,2,0
19495,1,0,1
19495,2,1,0
19495,3,0,1
19495,3,1,0
19495,4,2,0
19495,5,0,1
19495,5,2,0
19495,6,1,0
19495,6,2,0
19495,7,0,1
19495,7,1,0
19495,7,2,0
19496,1,0,0
19496,2,1,0
19496,3,0,0
19496,3,1,0
19496,4,2,0
19496,5,0,0
19496,5,2,0
19496,6,1,0
19496,6,2,0
19496,7,0,0
19496,7,1,0
19496,7,2,0
19497,1,0,0
19497,2,1,0
19497,3,0,0
19497,3,1,0
19497,4,2,0
19497,5,0,0
19497,5,2,0
19497,6,1,0
19497,6,2,0
19497,7,0,0
19497,7,1,0
19497,7,2,0
19498,1,0,0
19498,2,1,0
19498,3,0,0
19498,3,1,0
19498,4,2,0
19498,5,0,0
19498,5,2,0
19498,6,1,0
19498,6,2,0
19498,7,0,0
19498,7,1,0
19498,7,2,0
19499,1,0,0
19499,2,1,0
19499,3,0,0
19499,3,1,0
19499,4,2,0
19499,5,0,0
19499,5,2,0
19499,6,1,0
19499,6,2,0
19499,7,0,0
19499,7,1,0
19499,7,2,0
19500,1,0,0
19500,2,1,0
19500,3,0,0
19500,3,1,0
19500,4,2,0
19500,5,0,0
19500,5,2,0
19500,6,1,0
19500,6,2,0
19500,7,0,0
19500,7,1,0
19500,7,2,0
19501,1,0,0
19501,2,1,0
19501,3,0,0
19501,3,1,0
19501,4,2,0
19501,5,0,0
19501,5,2,0
19501,6,1,0
19501,6,2,0
19501,7,0,0
19501,7,1,0
19501,7,2,0
19502,1,0,0
19502,2,1,0
19502,3,0,0
19502,3,1,0
19502,4,2,0
19502,5,0,0
19502,5,2,0
19502,6,1,0
19502,6,2,0
19502,7,0,0
19502,7,1,0
19502,7,2,0
19503,1,0,0
19503,2,1,0
19503,3,0,0
19503,3,1,0
19503,4,2,0
19503,5,0,0
19503,5,2,0
19503,6,1,0
19503,6,2,0
19503,7,0,0
19503,7,1,0
19503,7,2,0
19504,1,0,0
19504,2,1,0
19504,3,0,0
19504,3,1,0
19504,4,2,0
19504,5,0,0
19504,5,2,0
19504,6,1,0
19504,6,2,0
19504,7,0,0
19504,7,1,0
19504,7,2,0
19505,1,0,0
19505,2,1,0
19505,3,0,0
19505,3,1,0
19505,4,2,0
19505,5,0,0
19505,5,2,0
19505,6,1,0
19505,6,2,0
19505,7,0,0
19505,7,1,0
19505,7,2,0
19506,1,0,0
19506,2,1,0
19506,3,0,0
19506,3,1,0
19506,4,2,0
19506,5,0,0
19506,5,2,0
19506,6,1,0
19506,6,2,0
19506,7,0,0
19506,7,1,0
19506,7,2,0
19507,1,0,0
19507,2,1,0
19507,3,0,0
19507,3,1,0
19507,4,2,0
19507,5,0,0
19507,5,2,0
19507,6,1,0
19507,6,2,0
19507,7,0,0
19507,7,1,0
19507,7,2,0
19508,1,0,0
19508,2,1,0
19508,3,0,0
19508,3,1,0
19508,4,2,0
19508,5,0,0
19508,5,2,0
19508,6,1,0
19508,6,2,0
19508,7,0,0
19508,7,1,0
19508,7,2,0
19509,1,0,0
19509,2,1,0
19509,3,0,0
19509,3,1,0
19509,4,2,0
19509,5,0,0
19509,5,2,0
19509,6,1,0
19509,6,2,0
19509,7,0,0
19509,7,1,0
19509,7,2,0
19510,1,0,0
19510,2,1,0
19510,3,0,0
19510,3,1,0
19510,4,2,0
19510,5,0,0
19510,5,2,0
19510,6,1,0
19510,6,2,0
19510,7,0,0
19510,7,1,0
19510,7,2,0
19511,1,0,0
19511,2,1,0
19511,3,0,0
19511,3,1,0
19511,4,2,0
19511,5,0,0
19511,5,2,0
19511,6,1,0
19511,6,2,0
19511,7,0,0
19511,7,1,0
19511,7,2,0
19512,1,0,0
19512,2,1,0
19512,3,0,0
19512,3,1,0
19512,4,2,0
19512,5,0,0
19512,5,2,0
19512,6,1,0
19512,6,2,0
19512,7,0,0
19512,7,1,0
19512,7,2,0
19513,1,0,0
19513,2,1,0
19513,3,0,0
19513,3,1,0
19513,4,2,0
19513,5,0,0
19513,5,2,0
19513,6,1,0
19513,6,2,0
19513,7,0,0
19513,7,1,0
19513,7,2,0
19514,1,0,0
19514,2,1,0
19514,3,0,0
19514,3,1,0
19514,4,2,0
19514,5,0,0
19514,5,2,0
19514,6,1,0
19514,6,2,0
19514,7,0,0
19514,7,1,0
19514,7,2,0
19515,1,0,0
19515,2,1,0
19515,3,0,0
19515,3,1,0
19515,4,2,0
19515,5,0,0
19515,5,2,0
19515,6,1,0
19515,6,2,0
19515,7,0,0
19515,7,1,0
19515,7,2,0
19516,1,0,0
19516,2,1,0
19516,3,0,0
19516,3,1,0
19516,4,2,0
19516,5,0,0
19516,5,2,0
19516,6,1,0
19516,6,2,0
19516,7,0,0
19516,7,1,0
19516,7,2,0
19517,1,0,0
19517,2,1,0
19517,3,0,0
19517,3,1,0
19517,4,2,0
19517,5,0,0
19517,5,2,0
19517,6,1,0
19517,6,2,0
19517,7,0,0
19517,7,1,0
19517,7,2,0
19518,1,0,0
19518,2,1,0
19518,3,0,0
19518,3,1,0
19518,4,2,0
19518,5,0,0
19518,5,2,0
19518,6,1,0
19518,6,2,0
19518,7,0,0
19518,7,1,0
19518,7,2,0
19519,1,0,0
19519,2,1,0
19519,3,0,0
19519,3,1,0
19519,4,2,0
19519,5,0,0
19519,5,2,0
19519,6,1,0
19519,6,2,0
19519,7,0,0
19519,7,1,0
19519,7,2,0
19520,1,0,0
19520,2,1,0
19520,3,0,0
19520,3,1,0
19520,4,2,0
19520,5,0,0
19520,5,2,0
19520,6,1,0
19520,6,2,0
19520,7,0,0
19520,7,1,0
19520,7,2,0
19521,1,0,1
19521,2,1,0
19521,3,0,1
19521,3,1,0
19521,4,2,0
19521,5,0,1
19521,5,2,0
19521,6,1,0
19521,6,2,0
19521,7,0,1
19521,7,1,0
19521,7,2,0
19522,1,0,1
19522,2,1,0
19522,3,0,1
19522,3,1,0
19522,4,2,0
19522,5,0,1
19522,5,2,0
19522,6,1,0
19522,6,2,0
19522,7,0,1
19522,7,1,0
19522,7,2,0
19523,1,0,0
19523,2,1,0
19523,3,0,0
19523,3,1,0
19523,4,2,0
19523,5,0,0
19523,5,2,0
19523,6,1,0
19523,6,2,0
19523,7,0,0
19523,7,1,0
19523,7,2,0
19524,1,0,0
19524,2,1,0
19524,3,0,0
19524,3,1,0
19524,4,2,0
19524,5,0,0
19524,5,2,0
19524,6,1,0
19524,6,2,0
19524,7,0,0
19524,7,1,0
19524,7,2,0
19525,1,0,0
19525,2,1,0
19525,3,0,0
19525,3,1,0
19525,4,2,0
19525,5,0,0
19525,5,2,0
19525,6,1,0
19525,6,2,0
19525,7,0,0
19525,7,1,0
19525,7,2,0
19526,1,0,0
19526,2,1,0
19526,3,0,0
19526,3,1,0
19526,4,2,0
19526,5,0,0
19526,5,2,0
19526,6,1,0
19526,6,2,0
19526,7,0,0
19526,7,1,0
19526,7,2,0
19527,1,0,0
19527,2,1,0
19527,3,0,0
19527,3,1,0
19527,4,2,0
19527,5,0,0
19527,5,2,0
19527,6,1,0
19527,6,2,0
19527,7,0,0
19527,7,1,0
19527,7,2,0
19528,1,0,0
19528,2,1,0
19528,3,0,0
19528,3,1,0
19528,4,2,0
19528,5,0,0
19528,5,2,0
19528,6,1,0
19528,6,2,0
19528,7,0,0
19528,7,1,0
19528,7,2,0
19529,1,0,0
19529,2,1,0
19529,3,0,0
19529,3,1,0
19529,4,2,0
19529,5,0,0
19529,5,2,0
19529,6,1,0
19529,6,2,0
19529,7,0,0
19529,7,1,0
19529,7,2,0
19530,1,0,0
19530,2,1,0
19530,3,0,0
19530,3,1,0
19530,4,2,0
19530,5,0,0
19530,5,2,0
19530,6,1,0
19530,6,2,0
19530,7,0,0
19530,7,1,0
19530,7,2,0
19531,1,0,0
19531,2,1,0
19531,3,0,0
19531,3,1,0
19531,4,2,0
19531,5,0,0
19531,5,2,0
19531,6,1,0
19531,6,2,0
19531,7,0,0
19531,7,1,0
19531,7,2,0
19532,1,0,0
19532,2,1,0
19532,3,0,0
19532,3,1,0
19532,4,2,0
19532,5,0,0
19532,5,2,0
19532,6,1,0
19532,6,2,0
19532,7,0,0
19532,7,1,0
19532,7,2,0
19533,1,0,0
19533,2,1,0
19533,3,0,0
19533,3,1,0
19533,4,2,0
19533,5,0,0
19533,5,2,0
19533,6,1,0
19533,6,2,0
19533,7,0,0
19533,7,1,0
19533,7,2,0
19534,1,0,0
19534,2,1,0
19534,3,0,0
19534,3,1,0
19534,4,2,0
19534,5,0,0
19534,5,2,0
19534,6,1,0
19534,6,2,0
19534,7,0,0
19534,7,1,0
19534,7,2,0
19535,1,0,0
19535,2,1,0
19535,3,0,0
19535,3,1,0
19535,4,2,0
19535,5,0,0
19535,5,2,0
19535,6,1,0
19535,6,2,0
19535,7,0,0
19535,7,1,0
19535,7,2,0
19536,1,0,0
19536,2,1,0
19536,3,0,0
19536,3,1,0
19536,4,2,0
19536,5,0,0
19536,5,2,0
19536,6,1,0
19536,6,2,0
19536,7,0,0
19536,7,1,0
19536,7,2,0
19537,1,0,0
19537,2,1,0
19537,3,0,0
19537,3,1,0
19537,4,2,0
19537,5,0,0
19537,5,2,0
19537,6,1,0
19537,6,2,0
19537,7,0,0
19537,7,1,0
19537,7,2,0
19538,1,0,0
19538,2,1,0
19538,3,0,0
19538,3,1,0
19538,4,2,0
19538,5,0,0
19538,5,2,0
19538,6,1,0
19538,6,2,0
19538,7,0,0
19538,7,1,0
19538,7,2,0
19539,1,0,0
19539,2,1,0
19539,3,0,0
19539,3,1,0
19539,4,2,0
19539,5,0,0
19539,5,2,0
19539,6,1,0
19539,6,2,0
19539,7,0,0
19539,7,1,0
19539,7,2,0
19540,1,0,0
19540,2,1,0
19540,3,0,0
19540,3,1,0
19540,4,2,0
19540,5,0,0
19540,5,2,0
19540,6,1,0
19540,6,2,0
19540,7,0,0
19540,7,1,0
19540,7,2,0
19541,1,0,0
19541,2,1,0
19541,3,0,0
19541,3,1,0
19541,4,2,0
19541,5,0,0
19541,5,2,0
19541,6,1,0
19541,6,2,0
19541,7,0,0
19541,7,1,0
19541,7,2,0
19542,1,0,0
19542,2,1,0
19542,3,0,0
19542,3,1,0
19542,4,2,0
19542,5,0,0
19542,5,2,0
19542,6,1,0
19542,6,2,0
19542,7,0,0
19542,7,1,0
19542,7,2,0
19543,1,0,0
19543,2,1,0
19543,3,0,0
19543,3,1,0
19543,4,2,0
19543,5,0,0
19543,5,2,0
19543,6,1,0
19543,6,2,0
19543,7,0,0
19543,7,1,0
19543,7,2,0
19544,1,0,0
19544,2,1,0
19544,3,0,0
19544,3,1,0
19544,4,2,0
19544,5,0,0
19544,5,2,0
19544,6,1,0
19544,6,2,0
19544,7,0,0
19544,7,1,0
19544,7,2,0
19545,1,0,0
19545,2,1,0
19545,3,0,0
19545,3,1,0
19545,4,2,0
19545,5,0,0
19545,5,2,0
19545,6,1,0
19545,6,2,0
19545,7,0,0
19545,7,1,0
19545,7,2,0
19546,1,0,0
19546,2,1,0
19546,3,0,0
19546,3,1,0
19546,4,2,0
19546,5,0,0
19546,5,2,0
19546,6,1,0
19546,6,2,0
19546,7,0,0
19546,7,1,0
19546,7,2,0
19547,1,0,0
19547,2,1,0
19547,3,0,0
19547,3,1,0
19547,4,2,0
19547,5,0,0
19547,5,2,0
19547,6,1,0
19547,6,2,0
19547,7,0,0
19547,7,1,0
19547,7,2,0
19548,1,0,1
19548,2,1,0
19548,3,0,1
19548,3,1,0
19548,4,2,0
19548,5,0,1
19548,5,2,0
19548,6,1,0
19548,6,2,0
19548,7,0,1
19548,7,1,0
19548,7,2,0
19549,1,0,1
19549,2,1,0
19549,3,0,1
19549,3,1,0
19549,4,2,0
19549,5,0,1
19549,5,2,0
19549,6,1,0
19549,6,2,0
19549,7,0,1
19549,7,1,0
19549,7,2,0
19550,1,0,0
19550,2,1,0
19550,3,0,0
19550,3,1,0
19550,4,2,0
19550,5,0,0
19550,5,2,0
19550,6,1,0
19550,6,2,0
19550,7,0,0
19550,7,1,0
19550,7,2,0
19551,1,0,0
19551,2,1,0
19551,3,0,0
19551,3,1,0
19551,4,2,0
19551,5,0,0
19551,5,2,0
19551,6,1,0
19551,6,2,0
19551,7,0,0
19551,7,1,0
19551,7,2,0
19552,1,0,0
19552,2,1,0
19552,3,0,0
19552,3,1,0
19552,4,2,0
19552,5,0,0
19552,5,2,0
19552,6,1,0
19552,6,2,0
19552,7,0,0
19552,7,1,0
19552,7,2,0
19553,1,0,0
19553,2,1,0
19553,3,0,0
19553,3,1,0
19553,4,2,0
19553,5,0,0
19553,5,2,0
19553,6,1,0
19553,6,2,0
19553,7,0,0
19553,7,1,0
19553,7,2,0
19554,1,0,0
19554,2,1,0
19554,3,0,0
19554,3,1,0
19554,4,2,0
19554,5,0,0
19554,5,2,0
19554,6,1,0
19554,6,2,0
19554,7,0,0
19554,7,1,0
19554,7,2,0
19555,1,0,0
19555,2,1,0
19555,3,0,0
19555,3,1,0
19555,4,2,0
19555,5,0,0
19555,5,2,0
19555,6,1,0
19555,6,2,0
19555,7,0,0
19555,7,1,0
19555,7,2,0
19556,1,0,0
19556,2,1,0
19556,3,0,0
19556,3,1,0
19556,4,2,0
19556,5,0,0
19556,5,2,0
19556,6,1,0
19556,6,2,0
19556,7,0,0
19556,7,1,0
19556,7,2,0
19557,1,0,0
19557,2,1,0
19557,3,0,0
19557,3,1,0
19557,4,2,0
19557,5,0,0
19557,5,2,0
19557,6,1,0
19557,6,2,0
19557,7,0,0
19557,7,1,0
19557,7,2,0
19558,1,0,0
19558,2,1,0
19558,3,0,0
19558,3,1,0
19558,4,2,0
19558,5,0,0
19558,5,2,0
19558,6,1,0
19558,6,2,0
19558,7,0,0
19558,7,1,0
19558,7,2,0
19559,1,0,0
19559,2,1,0
19559,3,0,0
19559,3,1,0
19559,4,2,0
19559,5,0,0
19559,5,2,0
19559,6,1,0
19559,6,2,0
19559,7,0,0
19559,7,1,0
19559,7,2,0
19560,1,0,0
19560,2,1,0
19560,3,0,0
19560,3,1,0
19560,4,2,0
19560,5,0,0
19560,5,2,0
19560,6,1,0
19560,6,2,0
19560,7,0,0
19560,7,1,0
19560,7,2,0
19561,1,0,0
19561,2,1,0
19561,3,0,0
19561,3,1,0
19561,4,2,0
19561,5,0,0
19561,5,2,0
19561,6,1,0
19561,6,2,0
19561,7,0,0
19561,7,1,0
19561,7,2,0
19562,1,0,0
19562,2,1,0
19562,3,0,0
19562,3,1,0
19562,4,2,0
19562,5,0,0
19562,5,2,0
19562,6,1,0
19562,6,2,0
19562,7,0,0
19562,7,1,0
19562,7,2,0
19563,1,0,0
19563,2,1,0
19563,3,0,0
19563,3,1,0
19563,4,2,0
19563,5,0,0
19563,5,2,0
19563,6,1,0
19563,6,2,0
19563,7,0,0
19563,7,1,0
19563,7,2,0
19564,1,0,0
19564,2,1,0
19564,3,0,0
19564,3,1,0
19564,4,2,0
19564,5,0,0
19564,5,2,0
19564,6,1,0
19564,6,2,0
19564,7,0,0
19564,7,1,0
19564,7,2,0
19565,1,0,0
19565,2,1,0
19565,3,0,0
19565,3,1,0
19565,4,2,0
19565,5,0,0
19565,5,2,0
19565,6,1,0
19565,6,2,0
19565,7,0,0
19565,7,1,0
19565,7,2,0
19566,1,0,0
19566,2,1,0
19566,3,0,0
19566,3,1,0
19566,4,2,0
19566,5,0,0
19566,5,2,0
19566,6,1,0
19566,6,2,0
19566,7,0,0
19566,7,1,0
19566,7,2,0
19567,1,0,0
19567,2,1,0
19567,3,0,0
19567,3,1,0
19567,4,2,0
19567,5,0,0
19567,5,2,0
19567,6,1,0
19567,6,2,0
19567,7,0,0
19567,7,1,0
19567,7,2,0
19568,1,0,0
19568,2,1,0
19568,3,0,0
19568,3,1,0
19568,4,2,0
19568,5,0,0
19568,5,2,0
19568,6,1,0
19568,6,2,0
19568,7,0,0
19568,7,1,0
19568,7,2,0
19569,1,0,0
19569,2,1,0
19569,3,0,0
19569,3,1,0
19569,4,2,0
19569,5,0,0
19569,5,2,0
19569,6,1,0
19569,6,2,0
19569,7,0,0
19569,7,1,0
19569,7,2,0
19570,1,0,0
19570,2,1,0
19570,3,0,0
19570,3,1,0
19570,4,2,0
19570,5,0,0
19570,5,2,0
19570,6,1,0
19570,6,2,0
19570,7,0,0
19570,7,1,0
19570,7,2,0
19571,1,0,0
19571,2,1,0
19571,3,0,0
19571,3,1,0
19571,4,2,0
19571,5,0,0
19571,5,2,0
19571,6,1,0
19571,6,2,0
19571,7,0,0
19571,7,1,0
19571,7,2,0
19572,1,0,0
19572,2,1,0
19572,3,0,0
19572,3,1,0
19572,4,2,0
19572,5,0,0
19572,5,2,0
19572,6,1,0
19572,6,2,0
19572,7,0,0
19572,7,1,0
19572,7,2,0
19573,1,0,0
19573,2,1,0
19573,3,0,0
19573,3,1,0
19573,4,2,0
19573,5,0,0
19573,5,2,0
19573,6,1,0
19573,6,2,0
19573,7,0,0
19573,7,1,0
19573,7,2,0
19574,1,0,0
19574,2,1,0
19574,3,0,0
19574,3,1,0
19574,4,2,0
19574,5,0,0
19574,5,2,0
19574,6,1,0
19574,6,2,0
19574,7,0,0
19574,7,1,0
19574,7,2,0
19575,1,0,1
19575,2,1,0
19575,3,0,1
19575,3,1,0
19575,4,2,0
19575,5,0,1
19575,5,2,0
19575,6,1,0
19575,6,2,0
19575,7,0,1
19575,7,1,0
19575,7,2,0
19576,1,0,1
19576,2,1,0
19576,3,0,1
19576,3,1,0
19576,4,2,0
19576,5,0,1
19576,5,2,0
19576,6,1,0
19576,6,2,0
19576,7,0,1
19576,7,1,0
19576,7,2,0
19577,1,0,0
19577,2,1,0
19577,3,0,0
19577,3,1,0
19577,4,2,0
19577,5,0,0
19577,5,2,0
19577,6,1,0
19577,6,2,0
19577,7,0,0
19577,7,1,0
19577,7,2,0
19578,1,0,0
19578,2,1,0
19578,3,0,0
19578,3,1,0
19578,4,2,0
19578,5,0,0
19578,5,2,0
19578,6,1,0
19578,6,2,0
19578,7,0,0
19578,7,1,0
19578,7,2,0
19579,1,0,0
19579,2,1,0
19579,3,0,0
19579,3,1,0
19579,4,2,0
19579,5,0,0
19579,5,2,0
19579,6,1,0
19579,6,2,0
19579,7,0,0
19579,7,1,0
19579,7,2,0
19580,1,0,0
19580,2,1,0
19580,3,0,0
19580,3,1,0
19580,4,2,0
19580,5,0,0
19580,5,2,0
19580,6,1,0
19580,6,2,0
19580,7,0,0
19580,7,1,0
19580,7,2,0
19581,1,0,0
19581,2,1,0
19581,3,0,0
19581,3,1,0
19581,4,2,0
19581,5,0,0
19581,5,2,0
19581,6,1,0
19581,6,2,0
19581,7,0,0
19581,7,1,0
19581,7,2,0
19582,1,0,0
19582,2,1,0
19582,3,0,0
19582,3,1,0
19582,4,2,0
19582,5,0,0
19582,5,2,0
19582,6,1,0
19582,6,2,0
19582,7,0,0
19582,7,1,0
19582,7,2,0
19583,1,0,0
19583,2,1,0
19583,3,0,0
19583,3,1,0
19583,4,2,0
19583,5,0,0
19583,5,2,0
19583,6,1,0
19583,6,2,0
19583,7,0,0
19583,7,1,0
19583,7,2,0
19584,1,0,0
19584,2,1,0
19584,3,0,0
19584,3,1,0
19584,4,2,0
19584,5,0,0
19584,5,2,0
19584,6,1,0
19584,6,2,0
19584,7,0,0
19584,7,1,0
19584,7,2,0
19585,1,0,0
19585,2,1,0
19585,3,0,0
19585,3,1,0
19585,4,2,0
19585,5,0,0
19585,5,2,0
19585,6,1,0
19585,6,2,0
19585,7,0,0
19585,7,1,0
19585,7,2,0
19586,1,0,0
19586,2,1,0
19586,3,0,0
19586,3,1,0
19586,4,2,0
19586,5,0,0
19586,5,2,0
19586,6,1,0
19586,6,2,0
19586,7,0,0
19586,7,1,0
19586,7,2,0
19587,1,0,0
19587,2,1,0
19587,3,0,0
19587,3,1,0
19587,4,2,0
19587,5,0,0
19587,5,2,0
19587,6,1,0
19587,6,2,0
19587,7,0,0
19587,7,1,0
19587,7,2,0
19588,1,0,0
19588,2,1,0
19588,3,0,0
19588,3,1,0
19588,4,2,0
19588,5,0,0
19588,5,2,0
19588,6,1,0
19588,6,2,0
19588,7,0,0
19588,7,1,0
19588,7,2,0
19589,1,0,0
19589,2,1,0
19589,3,0,0
19589,3,1,0
19589,4,2,0
19589,5,0,0
19589,5,2,0
19589,6,1,0
19589,6,2,0
19589,7,0,0
19589,7,1,0
19589,7,2,0
19590,1,0,0
19590,2,1,0
19590,3,0,0
19590,3,1,0
19590,4,2,0
19590,5,0,0
19590,5,2,0
19590,6,1,0
19590,6,2,0
19590,7,0,0
19590,7,1,0
19590,7,2,0
19591,1,0,0
19591,2,1,0
19591,3,0,0
19591,3,1,0
19591,4,2,0
19591,5,0,0
19591,5,2,0
19591,6,1,0
19591,6,2,0
19591,7,0,0
19591,7,1,0
19591,7,2,0
19592,1,0,0
19592,2,1,0
19592,3,0,0
19592,3,1,0
19592,4,2,0
19592,5,0,0
19592,5,2,0
19592,6,1,0
19592,6,2,0
19592,7,0,0
19592,7,1,0
19592,7,2,0
19593,1,0,0
19593,2,1,0
19593,3,0,0
19593,3,1,0
19593,4,2,0
19593,5,0,0
19593,5,2,0
19593,6,1,0
19593,6,2,0
19593,7,0,0
19593,7,1,0
19593,7,2,0
19594,1,0,0
19594,2,1,0
19594,3,0,0
19594,3,1,0
19594,4,2,0
19594,5,0,0
19594,5,2,0
19594,6,1,0
19594,6,2,0
19594,7,0,0
19594,7,1,0
19594,7,2,0
19595,1,0,0
19595,2,1,0
19595,3,0,0
19595,3,1,0
19595,4,2,0
19595,5,0,0
19595,5,2,0
19595,6,1,0
19595,6,2,0
19595,7,0,0
19595,7,1,0
19595,7,2,0
19596,1,0,0
19596,2,1,0
19596,3,0,0
19596,3,1,0
19596,4,2,0
19596,5,0,0
19596,5,2,0
19596,6,1,0
19596,6,2,0
19596,7,0,0
19596,7,1,0
19596,7,2,0
19597,1,0,0
19597,2,1,0
19597,3,0,0
19597,3,1,0
19597,4,2,0
19597,5,0,0
19597,5,2,0
19597,6,1,0
19597,6,2,0
19597,7,0,0
19597,7,1,0
19597,7,2,0
19598,1,0,0
19598,2,1,0
19598,3,0,0
19598,3,1,0
19598,4,2,0
19598,5,0,0
19598,5,2,0
19598,6,1,0
19598,6,2,0
19598,7,0,0
19598,7,1,0
19598,7,2,0
19599,1,0,0
19599,2,1,0
19599,3,0,0
19599,3,1,0
19599,4,2,0
19599,5,0,0
19599,5,2,0
19599,6,1,0
19599,6,2,0
19599,7,0,0
19599,7,1,0
19599,7,2,0
19600,1,0,0
19600,2,1,0
19600,3,0,0
19600,3,1,0
19600,4,2,0
19600,5,0,0
19600,5,2,0
19600,6,1,0
19600,6,2,0
19600,7,0,0
19600,7,1,0
19600,7,2,0
19601,1,0,0
19601,2,1,0
19601,3,0,0
19601,3,1,0
19601,4,2,0
19601,5,0,0
19601,5,2,0
19601,6,1,0
19601,6,2,0
19601,7,0,0
19601,7,1,0
19601,7,2,0
19602,1,0,1
19602,2,1,0
19602,3,0,1
19602,3,1,0
19602,4,2,0
19602,5,0,1
19602,5,2,0
19602,6,1,0
19602,6,2,0
19602,7,0,1
19602,7,1,0
19602,7,2,0
19603,1,0,1
19603,2,1,0
19603,3,0,1
19603,3,1,0
19603,4,2,0
19603,5,0,1
19603,5,2,0
19603,6,1,0
19603,6,2,0
19603,7,0,1
19603,7,1,0
19603,7,2,0
19604,1,0,0
19604,2,1,0
19604,3,0,0
19604,3,1,0
19604,4,2,0
19604,5,0,0
19604,5,2,0
19604,6,1,0
19604,6,2,0
19604,7,0,0
19604,7,1,0
19604,7,2,0
19605,1,0,0
19605,2,1,0
19605,3,0,0
19605,3,1,0
19605,4,2,0
19605,5,0,0
19605,5,2,0
19605,6,1,0
19605,6,2,0
19605,7,0,0
19605,7,1,0
19605,7,2,0
19606,1,0,0
19606,2,1,0
19606,3,0,0
19606,3,1,0
19606,4,2,0
19606,5,0,0
19606,5,2,0
19606,6,1,0
19606,6,2,0
19606,7,0,0
19606,7,1,0
19606,7,2,0
19607,1,0,0
19607,2,1,0
19607,3,0,0
19607,3,1,0
19607,4,2,0
19607,5,0,0
19607,5,2,0
19607,6,1,0
19607,6,2,0
19607,7,0,0
19607,7,1,0
19607,7,2,0
19608,1,0,0
19608,2,1,0
19608,3,0,0
19608,3,1,0
19608,4,2,0
19608,5,0,0
19608,5,2,0
19608,6,1,0
19608,6,2,0
19608,7,0,0
19608,7,1,0
19608,7,2,0
19609,1,0,0
19609,2,1,0
19609,3,0,0
19609,3,1,0
19609,4,2,0
19609,5,0,0
19609,5,2,0
19609,6,1,0
19609,6,2,0
19609,7,0,0
19609,7,1,0
19609,7,2,0
19610,1,0,0
19610,2,1,0
19610,3,0,0
19610,3,1,0
19610,4,2,0
19610,5,0,0
19610,5,2,0
19610,6,1,0
19610,6,2,0
19610,7,0,0
19610,7,1,0
19610,7,2,0
19611,1,0,0
19611,2,1,0
19611,3,0,0
19611,3,1,0
19611,4,2,0
19611,5,0,0
19611,5,2,0
19611,6,1,0
19611,6,2,0
19611,7,0,0
19611,7,1,0
19611,7,2,0
19612,1,0,0
19612,2,1,0
19612,3,0,0
19612,3,1,0
19612,4,2,0
19612,5,0,0
19612,5,2,0
19612,6,1,0
19612,6,2,0
19612,7,0,0
19612,7,1,0
19612,7,2,0
19613,1,0,0
19613,2,1,0
19613,3,0,0
19613,3,1,0
19613,4,2,0
19613,5,0,0
19613,5,2,0
19613,6,1,0
19613,6,2,0
19613,7,0,0
19613,7,1,0
19613,7,2,0
19614,1,0,0
19614,2,1,0
19614,3,0,0
19614,3,1,0
19614,4,2,0
19614,5,0,0
19614,5,2,0
19614,6,1,0
19614,6,2,0
19614,7,0,0
19614,7,1,0
19614,7,2,0
19615,1,0,0
19615,2,1,0
19615,3,0,0
19615,3,1,0
19615,4,2,0
19615,5,0,0
19615,5,2,0
19615,6,1,0
19615,6,2,0
19615,7,0,0
19615,7,1,0
19615,7,2,0
19616,1,0,0
19616,2,1,0
19616,3,0,0
19616,3,1,0
19616,4,2,0
19616,5,0,0
19616,5,2,0
19616,6,1,0
19616,6,2,0
19616,7,0,0
19616,7,1,0
19616,7,2,0
19617,1,0,0
19617,2,1,0
19617,3,0,0
19617,3,1,0
19617,4,2,0
19617,5,0,0
19617,5,2,0
19617,6,1,0
19617,6,2,0
19617,7,0,0
19617,7,1,0
19617,7,2,0
19618,1,0,0
19618,2,1,0
19618,3,0,0
19618,3,1,0
19618,4,2,0
19618,5,0,0
19618,5,2,0
19618,6,1,0
19618,6,2,0
19618,7,0,0
19618,7,1,0
19618,7,2,0
19619,1,0,0
19619,2,1,0
19619,3,0,0
19619,3,1,0
19619,4,2,0
19619,5,0,0
19619,5,2,0
19619,6,1,0
19619,6,2,0
19619,7,0,0
19619,7,1,0
19619,7,2,0
19620,1,0,0
19620,2,1,0
19620,3,0,0
19620,3,1,0
19620,4,2,0
19620,5,0,0
19620,5,2,0
19620,6,1,0
19620,6,2,0
19620,7,0,0
19620,7,1,0
19620,7,2,0
19621,1,0,0
19621,2,1,0
19621,3,0,0
19621,3,1,0
19621,4,2,0
19621,5,0,0
19621,5,2,0
19621,6,1,0
19621,6,2,0
19621,7,0,0
19621,7,1,0
19621,7,2,0
19622,1,0,0
19622,2,1,0
19622,3,0,0
19622,3,1,0
19622,4,2,0
19622,5,0,0
19622,5,2,0
19622,6,1,0
19622,6,2,0
19622,7,0,0
19622,7,1,0
19622,7,2,0
19623,1,0,0
19623,2,1,0
19623,3,0,0
19623,3,1,0
19623,4,2,0
19623,5,0,0
19623,5,2,0
19623,6,1,0
19623,6,2,0
19623,7,0,0
19623,7,1,0
19623,7,2,0
19624,1,0,0
19624,2,1,0
19624,3,0,0
19624,3,1,0
19624,4,2,0
19624,5,0,0
19624,5,2,0
19624,6,1,0
19624,6,2,0
19624,7,0,0
19624,7,1,0
19624,7,2,0
19625,1,0,0
19625,2,1,0
19625,3,0,0
19625,3,1,0
19625,4,2,0
19625,5,0,0
19625,5,2,0
19625,6,1,0
19625,6,2,0
19625,7,0,0
19625,7,1,0
19625,7,2,0
19626,1,0,0
19626,2,1,0
19626,3,0,0
19626,3,1,0
19626,4,2,0
19626,5,0,0
19626,5,2,0
19626,6,1,0
19626,6,2,0
19626,7,0,0
19626,7,1,0
19626,7,2,0
19627,1,0,0
19627,2,1,0
19627,3,0,0
19627,3,1,0
19627,4,2,0
19627,5,0,0
19627,5,2,0
19627,6,1,0
19627,6,2,0
19627,7,0,0
19627,7,1,0
19627,7,2,0
19628,1,0,0
19628,2,1,0
19628,3,0,0
19628,3,1,0
19628,4,2,0
19628,5,0,0
19628,5,2,0
19628,6,1,0
19628,6,2,0
19628,7,0,0
19628,7,1,0
19628,7,2,0
19629,1,0,1
19629,2,1,0
19629,3,0,1
19629,3,1,0
19629,4,2,0
19629,5,0,1
19629,5,2,0
19629,6,1,0
19629,6,2,0
19629,7,0,1
19629,7,1,0
19629,7,2,0
19630,1,0,1
19630,2,1,0
19630,3,0,1
19630,3,1,0
19630,4,2,0
19630,5,0,1
19630,5,2,0
19630,6,1,0
19630,6,2,0
19630,7,0,1
19630,7,1,0
19630,7,2,0
19631,1,0,0
19631,2,1,0
19631,3,0,0
19631,3,1,0
19631,4,2,0
19631,5,0,0
19631,5,2,0
19631,6,1,0
19631,6,2,0
19631,7,0,0
19631,7,1,0
19631,7,2,0
19632,1,0,0
19632,2,1,0
19632,3,0,0
19632,3,1,0
19632,4,2,0
19632,5,0,0
19632,5,2,0
19632,6,1,0
19632,6,2,0
19632,7,0,0
19632,7,1,0
19632,7,2,0
19633,1,0,0
19633,2,1,0
19633,3,0,0
19633,3,1,0
19633,4,2,0
19633,5,0,0
19633,5,2,0
19633,6,1,0
19633,6,2,0
19633,7,0,0
19633,7,1,0
19633,7,2,0
19634,1,0,0
19634,2,1,0
19634,3,0,0
19634,3,1,0
19634,4,2,0
19634,5,0,0
19634,5,2,0
19634,6,1,0
19634,6,2,0
19634,7,0,0
19634,7,1,0
19634,7,2,0
19635,1,0,0
19635,2,1,0
19635,3,0,0
19635,3,1,0
19635,4,2,0
19635,5,0,0
19635,5,2,0
19635,6,1,0
19635,6,2,0
19635,7,0,0
19635,7,1,0
19635,7,2,0
19636,1,0,0
19636,2,1,0
19636,3,0,0
19636,3,1,0
19636,4,2,0
19636,5,0,0
19636,5,2,0
19636,6,1,0
19636,6,2,0
19636,7,0,0
19636,7,1,0
19636,7,2,0
19637,1,0,0
19637,2,1,0
19637,3,0,0
19637,3,1,0
19637,4,2,0
19637,5,0,0
19637,5,2,0
19637,6,1,0
19637,6,2,0
19637,7,0,0
19637,7,1,0
19637,7,2,0
19638,1,0,0
19638,2,1,0
19638,3,0,0
19638,3,1,0
19638,4,2,0
19638,5,0,0
19638,5,2,0
19638,6,1,0
19638,6,2,0
19638,7,0,0
19638,7,1,0
19638,7,2,0
19639,1,0,0
19639,2,1,0
19639,3,0,0
19639,3,1,0
19639,4,2,0
19639,5,0,0
19639,5,2,0
19639,6,1,0
19639,6,2,0
19639,7,0,0
19639,7,1,0
19639,7,2,0
19640,1,0,0
19640,2,1,0
19640,3,0,0
19640,3,1,0
19640,4,2,0
19640,5,0,0
19640,5,2,0
19640,6,1,0
19640,6,2,0
19640,7,0,0
19640,7,1,0
19640,7,2,0
19641,1,0,0
19641,2,1,0
19641,3,0,0
19641,3,1,0
19641,4,2,0
19641,5,0,0
19641,5,2,0
19641,6,1,0
19641,6,2,0
19641,7,0,0
19641,7,1,0
19641,7,2,0
19642,1,0,0
19642,2,1,0
19642,3,0,0
19642,3,1,0
19642,4,2,0
19642,5,0,0
19642,5,2,0
19642,6,1,0
19642,6,2,0
19642,7,0,0
19642,7,1,0
19642,7,2,0
19643,1,0,0
19643,2,1,0
19643,3,0,0
19643,3,1,0
19643,4,2,0
19643,5,0,0
19643,5,2,0
19643,6,1,0
19643,6,2,0
19643,7,0,0
19643,7,1,0
19643,7,2,0
19644,1,0,0
19644,2,1,0
19644,3,0,0
19644,3,1,0
19644,4,2,0
19644,5,0,0
19644,5,2,0
19644,6,1,0
19644,6,2,0
19644,7,0,0
19644,7,1,0
19644,7,2,0
19645,1,0,0
19645,2,1,0
19645,3,0,0
19645,3,1,0
19645,4,2,0
19645,5,0,0
19645,5,2,0
19645,6,1,0
19645,6,2,0
19645,7,0,0
19645,7,1,0
19645,7,2,0
19646,1,0,0
19646,2,1,0
19646,3,0,0
19646,3,1,0
19646,4,2,0
19646,5,0,0
19646,5,2,0
19646,6,1,0
19646,6,2,0
19646,7,0,0
19646,7,1,0
19646,7,2,0
19647,1,0,0
19647,2,1,0
19647,3,0,0
19647,3,1,0
19647,4,2,0
19647,5,0,0
19647,5,2,0
19647,6,1,0
19647,6,2,0
19647,7,0,0
19647,7,1,0
19647,7,2,0
19648,1,0,0
19648,2,1,0
19648,3,0,0
19648,3,1,0
19648,4,2,0
19648,5,0,0
19648,5,2,0
19648,6,1,0
19648,6,2,0
19648,7,0,0
19648,7,1,0
19648,7,2,0
19649,1,0,0
19649,2,1,0
19649,3,0,0
19649,3,1,0
19649,4,2,0
19649,5,0,0
19649,5,2,0
19649,6,1,0
19649,6,2,0
19649,7,0,0
19649,7,1,0
19649,7,2,0
19650,1,0,0
19650,2,1,0
19650,3,0,0
19650,3,1,0
19650,4,2,0
19650,5,0,0
19650,5,2,0
19650,6,1,0
19650,6,2,0
19650,7,0,0
19650,7,1,0
19650,7,2,0
19651,1,0,0
19651,2,1,0
19651,3,0,0
19651,3,1,0
19651,4,2,0
19651,5,0,0
19651,5,2,0
19651,6,1,0
19651,6,2,0
19651,7,0,0
19651,7,1,0
19651,7,2,0
19652,1,0,0
19652,2,1,0
19652,3,0,0
19652,3,1,0
19652,4,2,0
19652,5,0,0
19652,5,2,0
19652,6,1,0
19652,6,2,0
19652,7,0,0
19652,7,1,0
19652,7,2,0
19653,1,0,0
19653,2,1,0
19653,3,0,0
19653,3,1,0
19653,4,2,0
19653,5,0,0
19653,5,2,0
19653,6,1,0
19653,6,2,0
19653,7,0,0
19653,7,1,0
19653,7,2,0
19654,1,0,0
19654,2,1,0
19654,3,0,0
19654,3,1,0
19654,4,2,0
19654,5,0,0
19654,5,2,0
19654,6,1,0
19654,6,2,0
19654,7,0,0
19654,7,1,0
19654,7,2,0
19655,1,0,0
19655,2,1,0
19655,3,0,0
19655,3,1,0
19655,4,2,0
19655,5,0,0
19655,5,2,0
19655,6,1,0
19655,6,2,0
19655,7,0,0
19655,7,1,0
19655,7,2,0
19656,1,0,1
19656,2,1,0
19656,3,0,1
19656,3,1,0
19656,4,2,0
19656,5,0,1
19656,5,2,0
19656,6,1,0
19656,6,2,0
19656,7,0,1
19656,7,1,0
19656,7,2,0
19657,1,0,1
19657,2,1,0
19657,3,0,1
19657,3,1,0
19657,4,2,0
19657,5,0,1
19657,5,2,0
19657,6,1,0
19657,6,2,0
19657,7,0,1
19657,7,1,0
19657,7,2,0
19658,1,0,0
19658,2,1,0
19658,3,0,0
19658,3,1,0
19658,4,2,0
19658,5,0,0
19658,5,2,0
19658,6,1,0
19658,6,2,0
19658,7,0,0
19658,7,1,0
19658,7,2,0
19659,1,0,0
19659,2,1,0
19659,3,0,0
19659,3,1,0
19659,4,2,0
19659,5,0,0
19659,5,2,0
19659,6,1,0
19659,6,2,0
19659,7,0,0
19659,7,1,0
19659,7,2,0
19660,1,0,0
19660,2,1,0
19660,3,0,0
19660,3,1,0
19660,4,2,0
19660,5,0,0
19660,5,2,0
19660,6,1,0
19660,6,2,0
19660,7,0,0
19660,7,1,0
19660,7,2,0
19661,1,0,0
19661,2,1,0
19661,3,0,0
19661,3,1,0
19661,4,2,0
19661,5,0,0
19661,5,2,0
19661,6,1,0
19661,6,2,0
19661,7,0,0
19661,7,1,0
19661,7,2,0
19662,1,0,0
19662,2,1,0
19662,3,0,0
19662,3,1,0
19662,4,2,0
19662,5,0,0
19662,5,2,0
19662,6,1,0
19662,6,2,0
19662,7,0,0
19662,7,1,0
19662,7,2,0
19663,1,0,0
19663,2,1,0
19663,3,0,0
19663,3,1,0
19663,4,2,0
19663,5,0,0
19663,5,2,0
19663,6,1,0
19663,6,2,0
19663,7,0,0
19663,7,1,0
19663,7,2,0
19664,1,0,0
19664,2,1,0
19664,3,0,0
19664,3,1,0
19664,4,2,0
19664,5,0,0
19664,5,2,0
19664,6,1,0
19664,6,2,0
19664,7,0,0
19664,7,1,0
19664,7,2,0
19665,1,0,0
19665,2,1,0
19665,3,0,0
19665,3,1,0
19665,4,2,0
19665,5,0,0
19665,5,2,0
19665,6,1,0
19665,6,2,0
19665,7,0,0
19665,7,1,0
19665,7,2,0
19666,1,0,0
19666,2,1,0
19666,3,0,0
19666,3,1,0
19666,4,2,0
19666,5,0,0
19666,5,2,0
19666,6,1,0
19666,6,2,0
19666,7,0,0
19666,7,1,0
19666,7,2,0
19667,1,0,0
19667,2,1,0
19667,3,0,0
19667,3,1,0
19667,4,2,0
19667,5,0,0
19667,5,2,0
19667,6,1,0
19667,6,2,0
19667,7,0,0
19667,7,1,0
19667,7,2,0
19668,1,0,0
19668,2,1,0
19668,3,0,0
19668,3,1,0
19668,4,2,0
19668,5,0,0
19668,5,2,0
19668,6,1,0
19668,6,2,0
19668,7,0,0
19668,7,1,0
19668,7,2,0
19669,1,0,0
19669,2,1,0
19669,3,0,0
19669,3,1,0
19669,4,2,0
19669,5,0,0
19669,5,2,0
19669,6,1,0
19669,6,2,0
19669,7,0,0
19669,7,1,0
19669,7,2,0
19670,1,0,0
19670,2,1,0
19670,3,0,0
19670,3,1,0
19670,4,2,0
19670,5,0,0
19670,5,2,0
19670,6,1,0
19670,6,2,0
19670,7,0,0
19670,7,1,0
19670,7,2,0
19671,1,0,0
19671,2,1,0
19671,3,0,0
19671,3,1,0
19671,4,2,0
19671,5,0,0
19671,5,2,0
19671,6,1,0
19671,6,2,0
19671,7,0,0
19671,7,1,0
19671,7,2,0
19672,1,0,0
19672,2,1,0
19672,3,0,0
19672,3,1,0
19672,4,2,0
19672,5,0,0
19672,5,2,0
19672,6,1,0
19672,6,2,0
19672,7,0,0
19672,7,1,0
19672,7,2,0
19673,1,0,0
19673,2,1,0
19673,3,0,0
19673,3,1,0
19673,4,2,0
19673,5,0,0
19673,5,2,0
19673,6,1,0
19673,6,2,0
19673,7,0,0
19673,7,1,0
19673,7,2,0
19674,1,0,0
19674,2,1,0
19674,3,0,0
19674,3,1,0
19674,4,2,0
19674,5,0,0
19674,5,2,0
19674,6,1,0
19674,6,2,0
19674,7,0,0
19674,7,1,0
19674,7,2,0
19675,1,0,0
19675,2,1,0
19675,3,0,0
19675,3,1,0
19675,4,2,0
19675,5,0,0
19675,5,2,0
19675,6,1,0
19675,6,2,0
19675,7,0,0
19675,7,1,0
19675,7,2,0
19676,1,0,0
19676,2,1,0
19676,3,0,0
19676,3,1,0
19676,4,2,0
19676,5,0,0
19676,5,2,0
19676,6,1,0
19676,6,2,0
19676,7,0,0
19676,7,1,0
19676,7,2,0
19677,1,0,0
19677,2,1,0
19677,3,0,0
19677,3,1,0
19677,4,2,0
19677,5,0,0
19677,5,2,0
19677,6,1,0
19677,6,2,0
19677,7,0,0
19677,7,1,0
19677,7,2,0
19678,1,0,0
19678,2,1,0
19678,3,0,0
19678,3,1,0
19678,4,2,0
19678,5,0,0
19678,5,2,0
19678,6,1,0
19678,6,2,0
19678,7,0,0
19678,7,1,0
19678,7,2,0
19679,1,0,0
19679,2,1,0
19679,3,0,0
19679,3,1,0
19679,4,2,0
19679,5,0,0
19679,5,2,0
19679,6,1,0
19679,6,2,0
19679,7,0,0
19679,7,1,0
19679,7,2,0
19680,1,0,0
19680,2,1,0
19680,3,0,0
19680,3,1,0
19680,4,2,0
19680,5,0,0
19680,5,2,0
19680,6,1,0
19680,6,2,0
19680,7,0,0
19680,7,1,0
19680,7,2,0
19681,1,0,0
19681,2,1,0
19681,3,0,0
19681,3,1,0
19681,4,2,0
19681,5,0,0
19681,5,2,0
19681,6,1,0
19681,6,2,0
19681,7,0,0
19681,7,1,0
19681,7,2,0
19682,1,0,0
19682,2,1,0
19682,3,0,0
19682,3,1,0
19682,4,2,0
19682,5,0,0
19682,5,2,0
19682,6,1,0
19682,6,2,0
19682,7,0,0
19682,7,1,0
19682,7,2,0
