edge_encoding,port_bits,initial,live
8000,1,0,0
8000,2,1,0
8000,3,0,0
8000,3,1,0
8000,4,2,0
8000,5,0,0
8000,5,2,0
8000,6,1,0
8000,6,2,0
8000,7,0,0
8000,7,1,0
8000,7,2,0
8001,1,0,1
8001,2,1,0
8001,3,0,1
8001,3,1,0
8001,4,2,1
8001,5,0,1
8001,5,2,1
8001,6,1,0
8001,6,2,1
8001,7,0,1
8001,7,1,0
8001,7,2,1
8002,1,0,1
8002,2,1,0
8002,3,0,1
8002,3,1,0
8002,4,2,1
8002,5,0,1
8002,5,2,1
8002,6,1,0
8002,6,2,1
8002,7,0,1
8002,7,1,0
8002,7,2,1
8003,1,0,0
8003,2,1,0
8003,3,0,0
8003,3,1,0
8003,4,2,0
8003,5,0,0
8003,5,2,0
8003,6,1,0
8003,6,2,0
8003,7,0,0
8003,7,1,0
8003,7,2,0
8004,1,0,0
8004,2,1,0
8004,3,0,0
8004,3,1,0
8004,4,2,0
8004,5,0,0
8004,5,2,0
8004,6,1,0
8004,6,2,0
8004,7,0,0
8004,7,1,0
8004,7,2,0
8005,1,0,0
8005,2,1,0
8005,3,0,0
8005,3,1,0
8005,4,2,0
8005,5,0,0
8005,5,2,0
8005,6,1,0
8005,6,2,0
8005,7,0,0
8005,7,1,0
8005,7,2,0
8006,1,0,0
8006,2,1,0
8006,3,0,0
8006,3,1,0
8006,4,2,0
8006,5,0,0
8006,5,2,0
8006,6,1,0
8006,6,2,0
8006,7,0,0
8006,7,1,0
8006,7,2,0
8007,1,0,0
8007,2,1,0
8007,3,0,0
8007,3,1,0
8007,4,2,0
8007,5,0,0
8007,5,2,0
8007,6,1,0
8007,6,2,0
8007,7,0,0
8007,7,1,0
8007,7,2,0
8008,1,0,0
8008,2,1,0
8008,3,0,0
8008,3,1,0
8008,4,2,0
8008,5,0,0
8008,5,2,0
8008,6,1,0
8008,6,2,0
8008,7,0,0
8008,7,1,0
8008,7,2,0
8009,1,0,0
8009,2,1,0
8009,3,0,0
8009,3,1,0
8009,4,2,0
8009,5,0,0
8009,5,2,0
8009,6,1,0
8009,6,2,0
8009,7,0,0
8009,7,1,0
8009,7,2,0
8010,1,0,0
8010,2,1,0
8010,3,0,0
8010,3,1,0
8010,4,2,0
8010,5,0,0
8010,5,2,0
8010,6,1,0
8010,6,2,0
8010,7,0,0
8010,7,1,0
8010,7,2,0
8011,1,0,0
8011,2,1,0
8011,3,0,0
8011,3,1,0
8011,4,2,0
8011,5,0,0
8011,5,2,0
8011,6,1,0
8011,6,2,0
8011,7,0,0
8011,7,1,0
8011,7,2,0
8012,1,0,0
8012,2,1,0
8012,3,0,0
8012,3,1,0
8012,4,2,0
8012,5,0,0
8012,5,2,0
8012,6,1,0
8012,6,2,0
8012,7,0,0
8012,7,1,0
8012,7,2,0
8013,1,0,0
8013,2,1,0
8013,3,0,0
8013,3,1,0
8013,4,2,0
8013,5,0,0
8013,5,2,0
8013,6,1,0
8013,6,2,0
8013,7,0,0
8013,7,1,0
8013,7,2,0
8014,1,0,0
8014,2,1,0
8014,3,0,0
8014,3,1,0
8014,4,2,0
8014,5,0,0
8014,5,2,0
8014,6,1,0
8014,6,2,0
8014,7,0,0
8014,7,1,0
8014,7,2,0
8015,1,0,0
8015,2,1,0
8015,3,0,0
8015,3,1,0
8015,4,2,0
8015,5,0,0
8015,5,2,0
8015,6,1,0
8015,6,2,0
8015,7,0,0
8015,7,1,0
8015,7,2,0
8016,1,0,0
8016,2,1,0
8016,3,0,0
8016,3,1,0
8016,4,2,0
8016,5,0,0
8016,5,2,0
8016,6,1,0
8016,6,2,0
8016,7,0,0
8016,7,1,0
8016,7,2,0
8017,1,0,0
8017,2,1,0
8017,3,0,0
8017,3,1,0
8017,4,2,0
8017,5,0,0
8017,5,2,0
8017,6,1,0
8017,6,2,0
8017,7,0,0
8017,7,1,0
8017,7,2,0
8018,1,0,0
8018,2,1,0
8018,3,0,0
8018,3,1,0
8018,4,2,0
8018,5,0,0
8018,5,2,0
8018,6,1,0
8018,6,2,0
8018,7,0,0
8018,7,1,0
8018,7,2,0
8019,1,0,1
8019,2,1,1
8019,3,0,1
8019,3,1,1
8019,4,2,1
8019,5,0,1
8019,5,2,1
8019,6,1,1
8019,6,2,1
8019,7,0,1
8019,7,1,1
8019,7,2,1
8020,1,0,1
8020,2,1,1
8020,3,0,1
8020,3,1,1
8020,4,2,1
8020,5,0,1
8020,5,2,1
8020,6,1,1
8020,6,2,1
8020,7,0,1
8020,7,1,1
8020,7,2,1
8021,1,0,0
8021,2,1,1
8021,3,0,0
8021,3,1,1
8021,4,2,0
8021,5,0,0
8021,5,2,0
8021,6,1,1
8021,6,2,0
8021,7,0,0
8021,7,1,1
8021,7,2,0
8022,1,0,1
8022,2,1,1
8022,3,0,1
8022,3,1,1
8022,4,2,1
8022,5,0,1
8022,5,2,1
8022,6,1,1
8022,6,2,1
8022,7,0,1
8022,7,1,1
8022,7,2,1
8023,1,0,1
8023,2,1,1
8023,3,0,1
8023,3,1,1
8023,4,2,1
8023,5,0,1
8023,5,2,1
8023,6,1,1
8023,6,2,1
8023,7,0,1
8023,7,1,1
8023,7,2,1
8024,1,0,0
8024,2,1,1
8024,3,0,0
8024,3,1,1
8024,4,2,0
8024,5,0,0
8024,5,2,0
8024,6,1,1
8024,6,2,0
8024,7,0,0
8024,7,1,1
8024,7,2,0
8025,1,0,1
8025,2,1,1
8025,3,0,1
8025,3,1,1
8025,4,2,1
8025,5,0,1
8025,5,2,1
8025,6,1,1
8025,6,2,1
8025,7,0,1
8025,7,1,1
8025,7,2,1
8026,1,0,1
8026,2,1,1
8026,3,0,1
8026,3,1,1
8026,4,2,1
8026,5,0,1
8026,5,2,1
8026,6,1,1
8026,6,2,1
8026,7,0,1
8026,7,1,1
8026,7,2,1
8027,1,0,0
8027,2,1,1
8027,3,0,0
8027,3,1,1
8027,4,2,0
8027,5,0,0
8027,5,2,0
8027,6,1,1
8027,6,2,0
8027,7,0,0
8027,7,1,1
8027,7,2,0
8028,1,0,0
8028,2,1,1
8028,3,0,0
8028,3,1,1
8028,4,2,0
8028,5,0,0
8028,5,2,0
8028,6,1,1
8028,6,2,0
8028,7,0,0
8028,7,1,1
8028,7,2,0
8029,1,0,0
8029,2,1,1
8029,3,0,0
8029,3,1,1
8029,4,2,0
8029,5,0,0
8029,5,2,0
8029,6,1,1
8029,6,2,0
8029,7,0,0
8029,7,1,1
8029,7,2,0
8030,1,0,0
8030,2,1,1
8030,3,0,0
8030,3,1,1
8030,4,2,0
8030,5,0,0
8030,5,2,0
8030,6,1,1
8030,6,2,0
8030,7,0,0
8030,7,1,1
8030,7,2,0
8031,1,0,0
8031,2,1,1
8031,3,0,0
8031,3,1,1
8031,4,2,0
8031,5,0,0
8031,5,2,0
8031,6,1,1
8031,6,2,0
8031,7,0,0
8031,7,1,1
8031,7,2,0
8032,1,0,0
8032,2,1,1
8032,3,0,0
8032,3,1,1
8032,4,2,0
8032,5,0,0
8032,5,2,0
8032,6,1,1
8032,6,2,0
8032,7,0,0
8032,7,1,1
8032,7,2,0
8033,1,0,0
8033,2,1,1
8033,3,0,0
8033,3,1,1
8033,4,2,0
8033,5,0,0
8033,5,2,0
8033,6,1,1
8033,6,2,0
8033,7,0,0
8033,7,1,1
8033,7,2,0
8034,1,0,0
8034,2,1,1
8034,3,0,0
8034,3,1,1
8034,4,2,0
8034,5,0,0
8034,5,2,0
8034,6,1,1
8034,6,2,0
8034,7,0,0
8034,7,1,1
8034,7,2,0
8035,1,0,0
8035,2,1,1
8035,3,0,0
8035,3,1,1
8035,4,2,0
8035,5,0,0
8035,5,2,0
8035,6,1,1
8035,6,2,0
8035,7,0,0
8035,7,1,1
8035,7,2,0
8036,1,0,0
8036,2,1,1
8036,3,0,0
8036,3,1,1
8036,4,2,0
8036,5,0,0
8036,5,2,0
8036,6,1,1
8036,6,2,0
8036,7,0,0
8036,7,1,1
8036,7,2,0
8037,1,0,0
8037,2,1,1
8037,3,0,0
8037,3,1,1
8037,4,2,0
8037,5,0,0
8037,5,2,0
8037,6,1,1
8037,6,2,0
8037,7,0,0
8037,7,1,1
8037,7,2,0
8038,1,0,0
8038,2,1,1
8038,3,0,0
8038,3,1,1
8038,4,2,0
8038,5,0,0
8038,5,2,0
8038,6,1,1
8038,6,2,0
8038,7,0,0
8038,7,1,1
8038,7,2,0
8039,1,0,0
8039,2,1,1
8039,3,0,0
8039,3,1,1
8039,4,2,0
8039,5,0,0
8039,5,2,0
8039,6,1,1
8039,6,2,0
8039,7,0,0
8039,7,1,1
8039,7,2,0
8040,1,0,0
8040,2,1,1
8040,3,0,0
8040,3,1,1
8040,4,2,0
8040,5,0,0
8040,5,2,0
8040,6,1,1
8040,6,2,0
8040,7,0,0
8040,7,1,1
8040,7,2,0
8041,1,0,0
8041,2,1,1
8041,3,0,0
8041,3,1,1
8041,4,2,0
8041,5,0,0
8041,5,2,0
8041,6,1,1
8041,6,2,0
8041,7,0,0
8041,7,1,1
8041,7,2,0
8042,1,0,0
8042,2,1,1
8042,3,0,0
8042,3,1,1
8042,4,2,0
8042,5,0,0
8042,5,2,0
8042,6,1,1
8042,6,2,0
8042,7,0,0
8042,7,1,1
8042,7,2,0
8043,1,0,0
8043,2,1,1
8043,3,0,0
8043,3,1,1
8043,4,2,0
8043,5,0,0
8043,5,2,0
8043,6,1,1
8043,6,2,0
8043,7,0,0
8043,7,1,1
8043,7,2,0
8044,1,0,0
8044,2,1,1
8044,3,0,0
8044,3,1,1
8044,4,2,0
8044,5,0,0
8044,5,2,0
8044,6,1,1
8044,6,2,0
8044,7,0,0
8044,7,1,1
8044,7,2,0
8045,1,0,0
8045,2,1,1
8045,3,0,0
8045,3,1,1
8045,4,2,0
8045,5,0,0
8045,5,2,0
8045,6,1,1
8045,6,2,0
8045,7,0,0
8045,7,1,1
8045,7,2,0
8046,1,0,1
8046,2,1,1
8046,3,0,1
8046,3,1,1
8046,4,2,1
8046,5,0,1
8046,5,2,1
8046,6,1,1
8046,6,2,1
8046,7,0,1
8046,7,1,1
8046,7,2,1
8047,1,0,1
8047,2,1,1
8047,3,0,1
8047,3,1,1
8047,4,2,1
8047,5,0,1
8047,5,2,1
8047,6,1,1
8047,6,2,1
8047,7,0,1
8047,7,1,1
8047,7,2,1
8048,1,0,0
8048,2,1,0
8048,3,0,0
8048,3,1,0
8048,4,2,0
8048,5,0,0
8048,5,2,0
8048,6,1,0
8048,6,2,0
8048,7,0,0
8048,7,1,0
8048,7,2,0
8049,1,0,1
8049,2,1,1
8049,3,0,1
8049,3,1,1
8049,4,2,1
8049,5,0,1
8049,5,2,1
8049,6,1,1
8049,6,2,1
8049,7,0,1
8049,7,1,1
8049,7,2,1
8050,1,0,1
8050,2,1,1
8050,3,0,1
8050,3,1,1
8050,4,2,1
8050,5,0,1
8050,5,2,1
8050,6,1,1
8050,6,2,1
8050,7,0,1
8050,7,1,1
8050,7,2,1
8051,1,0,0
8051,2,1,0
8051,3,0,0
8051,3,1,0
8051,4,2,0
8051,5,0,0
8051,5,2,0
8051,6,1,0
8051,6,2,0
8051,7,0,0
8051,7,1,0
8051,7,2,0
8052,1,0,0
8052,2,1,0
8052,3,0,0
8052,3,1,0
8052,4,2,0
8052,5,0,0
8052,5,2,0
8052,6,1,0
8052,6,2,0
8052,7,0,0
8052,7,1,0
8052,7,2,0
8053,1,0,0
8053,2,1,0
8053,3,0,0
8053,3,1,0
8053,4,2,0
8053,5,0,0
8053,5,2,0
8053,6,1,0
8053,6,2,0
8053,7,0,0
8053,7,1,0
8053,7,2,0
8054,1,0,0
8054,2,1,0
8054,3,0,0
8054,3,1,0
8054,4,2,0
8054,5,0,0
8054,5,2,0
8054,6,1,0
8054,6,2,0
8054,7,0,0
8054,7,1,0
8054,7,2,0
8055,1,0,0
8055,2,1,0
8055,3,0,0
8055,3,1,0
8055,4,2,0
8055,5,0,0
8055,5,2,0
8055,6,1,0
8055,6,2,0
8055,7,0,0
8055,7,1,0
8055,7,2,0
8056,1,0,0
8056,2,1,0
8056,3,0,0
8056,3,1,0
8056,4,2,0
8056,5,0,0
8056,5,2,0
8056,6,1,0
8056,6,2,0
8056,7,0,0
8056,7,1,0
8056,7,2,0
8057,1,0,0
8057,2,1,0
8057,3,0,0
8057,3,1,0
8057,4,2,0
8057,5,0,0
8057,5,2,0
8057,6,1,0
8057,6,2,0
8057,7,0,0
8057,7,1,0
8057,7,2,0
8058,1,0,0
8058,2,1,0
8058,3,0,0
8058,3,1,0
8058,4,2,0
8058,5,0,0
8058,5,2,0
8058,6,1,0
8058,6,2,0
8058,7,0,0
8058,7,1,0
8058,7,2,0
8059,1,0,0
8059,2,1,0
8059,3,0,0
8059,3,1,0
8059,4,2,0
8059,5,0,0
8059,5,2,0
8059,6,1,0
8059,6,2,0
8059,7,0,0
8059,7,1,0
8059,7,2,0
8060,1,0,0
8060,2,1,0
8060,3,0,0
8060,3,1,0
8060,4,2,0
8060,5,0,0
8060,5,2,0
8060,6,1,0
8060,6,2,0
8060,7,0,0
8060,7,1,0
8060,7,2,0
8061,1,0,0
8061,2,1,0
8061,3,0,0
8061,3,1,0
8061,4,2,0
8061,5,0,0
8061,5,2,0
8061,6,1,0
8061,6,2,0
8061,7,0,0
8061,7,1,0
8061,7,2,0
8062,1,0,0
8062,2,1,0
8062,3,0,0
8062,3,1,0
8062,4,2,0
8062,5,0,0
8062,5,2,0
8062,6,1,0
8062,6,2,0
8062,7,0,0
8062,7,1,0
8062,7,2,0
8063,1,0,0
8063,2,1,0
8063,3,0,0
8063,3,1,0
8063,4,2,0
8063,5,0,0
8063,5,2,0
8063,6,1,0
8063,6,2,0
8063,7,0,0
8063,7,1,0
8063,7,2,0
8064,1,0,0
8064,2,1,0
8064,3,0,0
8064,3,1,0
8064,4,2,0
8064,5,0,0
8064,5,2,0
8064,6,1,0
8064,6,2,0
8064,7,0,0
8064,7,1,0
8064,7,2,0
8065,1,0,0
8065,2,1,0
8065,3,0,0
8065,3,1,0
8065,4,2,0
8065,5,0,0
8065,5,2,0
8065,6,1,0
8065,6,2,0
8065,7,0,0
8065,7,1,0
8065,7,2,0
8066,1,0,0
8066,2,1,0
8066,3,0,0
8066,3,1,0
8066,4,2,0
8066,5,0,0
8066,5,2,0
8066,6,1,0
8066,6,2,0
8066,7,0,0
8066,7,1,0
8066,7,2,0
8067,1,0,0
8067,2,1,0
8067,3,0,0
8067,3,1,0
8067,4,2,0
8067,5,0,0
8067,5,2,0
8067,6,1,0
8067,6,2,0
8067,7,0,0
8067,7,1,0
8067,7,2,0
8068,1,0,0
8068,2,1,0
8068,3,0,0
8068,3,1,0
8068,4,2,0
8068,5,0,0
8068,5,2,0
8068,6,1,0
8068,6,2,0
8068,7,0,0
8068,7,1,0
8068,7,2,0
8069,1,0,0
8069,2,1,0
8069,3,0,0
8069,3,1,0
8069,4,2,0
8069,5,0,0
8069,5,2,0
8069,6,1,0
8069,6,2,0
8069,7,0,0
8069,7,1,0
8069,7,2,0
8070,1,0,0
8070,2,1,0
8070,3,0,0
8070,3,1,0
8070,4,2,0
8070,5,0,0
8070,5,2,0
8070,6,1,0
8070,6,2,0
8070,7,0,0
8070,7,1,0
8070,7,2,0
8071,1,0,0
8071,2,1,0
8071,3,0,0
8071,3,1,0
8071,4,2,0
8071,5,0,0
8071,5,2,0
8071,6,1,0
8071,6,2,0
8071,7,0,0
8071,7,1,0
8071,7,2,0
8072,1,0,0
8072,2,1,0
8072,3,0,0
8072,3,1,0
8072,4,2,0
8072,5,0,0
8072,5,2,0
8072,6,1,0
8072,6,2,0
8072,7,0,0
8072,7,1,0
8072,7,2,0
8073,1,0,1
8073,2,1,1
8073,3,0,1
8073,3,1,1
8073,4,2,1
8073,5,0,1
8073,5,2,1
8073,6,1,1
8073,6,2,1
8073,7,0,1
8073,7,1,1
8073,7,2,1
8074,1,0,1
8074,2,1,1
8074,3,0,1
8074,3,1,1
8074,4,2,1
8074,5,0,1
8074,5,2,1
8074,6,1,1
8074,6,2,1
8074,7,0,1
8074,7,1,1
8074,7,2,1
8075,1,0,0
8075,2,1,0
8075,3,0,0
8075,3,1,0
8075,4,2,0
8075,5,0,0
8075,5,2,0
8075,6,1,0
8075,6,2,0
8075,7,0,0
8075,7,1,0
8075,7,2,0
8076,1,0,0
8076,2,1,0
8076,3,0,0
8076,3,1,0
8076,4,2,0
8076,5,0,0
8076,5,2,0
8076,6,1,0
8076,6,2,0
8076,7,0,0
8076,7,1,0
8076,7,2,0
8077,1,0,0
8077,2,1,0
8077,3,0,0
8077,3,1,0
8077,4,2,0
8077,5,0,0
8077,5,2,0
8077,6,1,0
8077,6,2,0
8077,7,0,0
8077,7,1,0
8077,7,2,0
8078,1,0,0
8078,2,1,0
8078,3,0,0
8078,3,1,0
8078,4,2,0
8078,5,0,0
8078,5,2,0
8078,6,1,0
8078,6,2,0
8078,7,0,0
8078,7,1,0
8078,7,2,0
8079,1,0,0
8079,2,1,0
8079,3,0,0
8079,3,1,0
8079,4,2,0
8079,5,0,0
8079,5,2,0
8079,6,1,0
8079,6,2,0
8079,7,0,0
8079,7,1,0
8079,7,2,0
8080,1,0,0
8080,2,1,0
8080,3,0,0
8080,3,1,0
8080,4,2,0
8080,5,0,0
8080,5,2,0
8080,6,1,0
8080,6,2,0
8080,7,0,0
8080,7,1,0
8080,7,2,0
8081,1,0,0
8081,2,1,0
8081,3,0,0
8081,3,1,0
8081,4,2,0
8081,5,0,0
8081,5,2,0
8081,6,1,0
8081,6,2,0
8081,7,0,0
8081,7,1,0
8081,7,2,0
8082,1,0,0
8082,2,1,0
8082,3,0,0
8082,3,1,0
8082,4,2,0
8082,5,0,0
8082,5,2,0
8082,6,1,0
8082,6,2,0
8082,7,0,0
8082,7,1,0
8082,7,2,0
8083,1,0,0
8083,2,1,0
8083,3,0,0
8083,3,1,0
8083,4,2,0
8083,5,0,0
8083,5,2,0
8083,6,1,0
8083,6,2,0
8083,7,0,0
8083,7,1,0
8083,7,2,0
8084,1,0,0
8084,2,1,0
8084,3,0,0
8084,3,1,0
8084,4,2,0
8084,5,0,0
8084,5,2,0
8084,6,1,0
8084,6,2,0
8084,7,0,0
8084,7,1,0
8084,7,2,0
8085,1,0,0
8085,2,1,0
8085,3,0,0
8085,3,1,0
8085,4,2,0
8085,5,0,0
8085,5,2,0
8085,6,1,0
8085,6,2,0
8085,7,0,0
8085,7,1,0
8085,7,2,0
8086,1,0,0
8086,2,1,0
8086,3,0,0
8086,3,1,0
8086,4,2,0
8086,5,0,0
8086,5,2,0
8086,6,1,0
8086,6,2,0
8086,7,0,0
8086,7,1,0
8086,7,2,0
8087,1,0,0
8087,2,1,0
8087,3,0,0
8087,3,1,0
8087,4,2,0
8087,5,0,0
8087,5,2,0
8087,6,1,0
8087,6,2,0
8087,7,0,0
8087,7,1,0
8087,7,2,0
8088,1,0,0
8088,2,1,0
8088,3,0,0
8088,3,1,0
8088,4,2,0
8088,5,0,0
8088,5,2,0
8088,6,1,0
8088,6,2,0
8088,7,0,0
8088,7,1,0
8088,7,2,0
8089,1,0,0
8089,2,1,0
8089,3,0,0
8089,3,1,0
8089,4,2,0
8089,5,0,0
8089,5,2,0
8089,6,1,0
8089,6,2,0
8089,7,0,0
8089,7,1,0
8089,7,2,0
8090,1,0,0
8090,2,1,0
8090,3,0,0
8090,3,1,0
8090,4,2,0
8090,5,0,0
8090,5,2,0
8090,6,1,0
8090,6,2,0
8090,7,0,0
8090,7,1,0
8090,7,2,0
8091,1,0,0
8091,2,1,0
8091,3,0,0
8091,3,1,0
8091,4,2,0
8091,5,0,0
8091,5,2,0
8091,6,1,0
8091,6,2,0
8091,7,0,0
8091,7,1,0
8091,7,2,0
8092,1,0,0
8092,2,1,0
8092,3,0,0
8092,3,1,0
8092,4,2,0
8092,5,0,0
8092,5,2,0
8092,6,1,0
8092,6,2,0
8092,7,0,0
8092,7,1,0
8092,7,2,0
8093,1,0,0
8093,2,1,0
8093,3,0,0
8093,3,1,0
8093,4,2,0
8093,5,0,0
8093,5,2,0
8093,6,1,0
8093,6,2,0
8093,7,0,0
8093,7,1,0
8093,7,2,0
8094,1,0,0
8094,2,1,0
8094,3,0,0
8094,3,1,0
8094,4,2,0
8094,5,0,0
8094,5,2,0
8094,6,1,0
8094,6,2,0
8094,7,0,0
8094,7,1,0
8094,7,2,0
8095,1,0,0
8095,2,1,0
8095,3,0,0
8095,3,1,0
8095,4,2,0
8095,5,0,0
8095,5,2,0
8095,6,1,0
8095,6,2,0
8095,7,0,0
8095,7,1,0
8095,7,2,0
8096,1,0,0
8096,2,1,0
8096,3,0,0
8096,3,1,0
8096,4,2,0
8096,5,0,0
8096,5,2,0
8096,6,1,0
8096,6,2,0
8096,7,0,0
8096,7,1,0
8096,7,2,0
8097,1,0,0
8097,2,1,0
8097,3,0,0
8097,3,1,0
8097,4,2,0
8097,5,0,0
8097,5,2,0
8097,6,1,0
8097,6,2,0
8097,7,0,0
8097,7,1,0
8097,7,2,0
8098,1,0,0
8098,2,1,0
8098,3,0,0
8098,3,1,0
8098,4,2,0
8098,5,0,0
8098,5,2,0
8098,6,1,0
8098,6,2,0
8098,7,0,0
8098,7,1,0
8098,7,2,0
8099,1,0,0
8099,2,1,0
8099,3,0,0
8099,3,1,0
8099,4,2,0
8099,5,0,0
8099,5,2,0
8099,6,1,0
8099,6,2,0
8099,7,0,0
8099,7,1,0
8099,7,2,0
8100,1,0,1
8100,2,1,1
8100,3,0,1
8100,3,1,1
8100,4,2,1
8100,5,0,1
8100,5,2,1
8100,6,1,1
8100,6,2,1
8100,7,0,1
8100,7,1,1
8100,7,2,1
8101,1,0,1
8101,2,1,1
8101,3,0,1
8101,3,1,1
8101,4,2,1
8101,5,0,1
8101,5,2,1
8101,6,1,1
8101,6,2,1
8101,7,0,1
8101,7,1,1
8101,7,2,1
8102,1,0,0
8102,2,1,1
8102,3,0,0
8102,3,1,1
8102,4,2,0
8102,5,0,0
8102,5,2,0
8102,6,1,1
8102,6,2,0
8102,7,0,0
8102,7,1,1
8102,7,2,0
8103,1,0,1
8103,2,1,1
8103,3,0,1
8103,3,1,1
8103,4,2,1
8103,5,0,1
8103,5,2,1
8103,6,1,1
8103,6,2,1
8103,7,0,1
8103,7,1,1
8103,7,2,1
8104,1,0,1
8104,2,1,1
8104,3,0,1
8104,3,1,1
8104,4,2,1
8104,5,0,1
8104,5,2,1
8104,6,1,1
8104,6,2,1
8104,7,0,1
8104,7,1,1
8104,7,2,1
8105,1,0,0
8105,2,1,1
8105,3,0,0
8105,3,1,1
8105,4,2,0
8105,5,0,0
8105,5,2,0
8105,6,1,1
8105,6,2,0
8105,7,0,0
8105,7,1,1
8105,7,2,0
8106,1,0,1
8106,2,1,1
8106,3,0,1
8106,3,1,1
8106,4,2,1
8106,5,0,1
8106,5,2,1
8106,6,1,1
8106,6,2,1
8106,7,0,1
8106,7,1,1
8106,7,2,1
8107,1,0,1
8107,2,1,1
8107,3,0,1
8107,3,1,1
8107,4,2,1
8107,5,0,1
8107,5,2,1
8107,6,1,1
8107,6,2,1
8107,7,0,1
8107,7,1,1
8107,7,2,1
8108,1,0,0
8108,2,1,1
8108,3,0,0
8108,3,1,1
8108,4,2,0
8108,5,0,0
8108,5,2,0
8108,6,1,1
8108,6,2,0
8108,7,0,0
8108,7,1,1
8108,7,2,0
8109,1,0,0
8109,2,1,1
8109,3,0,0
8109,3,1,1
8109,4,2,0
8109,5,0,0
8109,5,2,0
8109,6,1,1
8109,6,2,0
8109,7,0,0
8109,7,1,1
8109,7,2,0
8110,1,0,0
8110,2,1,1
8110,3,0,0
8110,3,1,1
8110,4,2,0
8110,5,0,0
8110,5,2,0
8110,6,1,1
8110,6,2,0
8110,7,0,0
8110,7,1,1
8110,7,2,0
8111,1,0,0
8111,2,1,1
8111,3,0,0
8111,3,1,1
8111,4,2,0
8111,5,0,0
8111,5,2,0
8111,6,1,1
8111,6,2,0
8111,7,0,0
8111,7,1,1
8111,7,2,0
8112,1,0,0
8112,2,1,1
8112,3,0,0
8112,3,1,1
8112,4,2,0
8112,5,0,0
8112,5,2,0
8112,6,1,1
8112,6,2,0
8112,7,0,0
8112,7,1,1
8112,7,2,0
8113,1,0,0
8113,2,1,1
8113,3,0,0
8113,3,1,1
8113,4,2,0
8113,5,0,0
8113,5,2,0
8113,6,1,1
8113,6,2,0
8113,7,0,0
8113,7,1,1
8113,7,2,0
8114,1,0,0
8114,2,1,1
8114,3,0,0
8114,3,1,1
8114,4,2,0
8114,5,0,0
8114,5,2,0
8114,6,1,1
8114,6,2,0
8114,7,0,0
8114,7,1,1
8114,7,2,0
8115,1,0,0
8115,2,1,1
8115,3,0,0
8115,3,1,1
8115,4,2,0
8115,5,0,0
8115,5,2,0
8115,6,1,1
8115,6,2,0
8115,7,0,0
8115,7,1,1
8115,7,2,0
8116,1,0,0
8116,2,1,1
8116,3,0,0
8116,3,1,1
8116,4,2,0
8116,5,0,0
8116,5,2,0
8116,6,1,1
8116,6,2,0
8116,7,0,0
8116,7,1,1
8116,7,2,0
8117,1,0,0
8117,2,1,1
8117,3,0,0
8117,3,1,1
8117,4,2,0
8117,5,0,0
8117,5,2,0
8117,6,1,1
8117,6,2,0
8117,7,0,0
8117,7,1,1
8117,7,2,0
8118,1,0,0
8118,2,1,1
8118,3,0,0
8118,3,1,1
8118,4,2,0
8118,5,0,0
8118,5,2,0
8118,6,1,1
8118,6,2,0
8118,7,0,0
8118,7,1,1
8118,7,2,0
8119,1,0,0
8119,2,1,1
8119,3,0,0
8119,3,1,1
8119,4,2,0
8119,5,0,0
8119,5,2,0
8119,6,1,1
8119,6,2,0
8119,7,0,0
8119,7,1,1
8119,7,2,0
8120,1,0,0
8120,2,1,1
8120,3,0,0
8120,3,1,1
8120,4,2,0
8120,5,0,0
8120,5,2,0
8120,6,1,1
8120,6,2,0
8120,7,0,0
8120,7,1,1
8120,7,2,0
8121,1,0,0
8121,2,1,1
8121,3,0,0
8121,3,1,1
8121,4,2,0
8121,5,0,0
8121,5,2,0
8121,6,1,1
8121,6,2,0
8121,7,0,0
8121,7,1,1
8121,7,2,0
8122,1,0,0
8122,2,1,1
8122,3,0,0
8122,3,1,1
8122,4,2,0
8122,5,0,0
8122,5,2,0
8122,6,1,1
8122,6,2,0
8122,7,0,0
8122,7,1,1
8122,7,2,0
8123,1,0,0
8123,2,1,1
8123,3,0,0
8123,3,1,1
8123,4,2,0
8123,5,0,0
8123,5,2,0
8123,6,1,1
8123,6,2,0
8123,7,0,0
8123,7,1,1
8123,7,2,0
8124,1,0,0
8124,2,1,1
8124,3,0,0
8124,3,1,1
8124,4,2,0
8124,5,0,0
8124,5,2,0
8124,6,1,1
8124,6,2,0
8124,7,0,0
8124,7,1,1
8124,7,2,0
8125,1,0,0
8125,2,1,1
8125,3,0,0
8125,3,1,1
8125,4,2,0
8125,5,0,0
8125,5,2,0
8125,6,1,1
8125,6,2,0
8125,7,0,0
8125,7,1,1
8125,7,2,0
8126,1,0,0
8126,2,1,1
8126,3,0,0
8126,3,1,1
8126,4,2,0
8126,5,0,0
8126,5,2,0
8126,6,1,1
8126,6,2,0
8126,7,0,0
8126,7,1,1
8126,7,2,0
8127,1,0,1
8127,2,1,1
8127,3,0,1
8127,3,1,1
8127,4,2,1
8127,5,0,1
8127,5,2,1
8127,6,1,1
8127,6,2,1
8127,7,0,1
8127,7,1,1
8127,7,2,1
8128,1,0,1
8128,2,1,1
8128,3,0,1
8128,3,1,1
8128,4,2,1
8128,5,0,1
8128,5,2,1
8128,6,1,1
8128,6,2,1
8128,7,0,1
8128,7,1,1
8128,7,2,1
8129,1,0,0
8129,2,1,0
8129,3,0,0
8129,3,1,0
8129,4,2,0
8129,5,0,0
8129,5,2,0
8129,6,1,0
8129,6,2,0
8129,7,0,0
8129,7,1,0
8129,7,2,0
8130,1,0,1
8130,2,1,1
8130,3,0,1
8130,3,1,1
8130,4,2,1
8130,5,0,1
8130,5,2,1
8130,6,1,1
8130,6,2,1
8130,7,0,1
8130,7,1,1
8130,7,2,1
8131,1,0,1
8131,2,1,1
8131,3,0,1
8131,3,1,1
8131,4,2,1
8131,5,0,1
8131,5,2,1
8131,6,1,1
8131,6,2,1
8131,7,0,1
8131,7,1,1
8131,7,2,1
8132,1,0,0
8132,2,1,0
8132,3,0,0
8132,3,1,0
8132,4,2,0
8132,5,0,0
8132,5,2,0
8132,6,1,0
8132,6,2,0
8132,7,0,0
8132,7,1,0
8132,7,2,0
8133,1,0,0
8133,2,1,0
8133,3,0,0
8133,3,1,0
8133,4,2,0
8133,5,0,0
8133,5,2,0
8133,6,1,0
8133,6,2,0
8133,7,0,0
8133,7,1,0
8133,7,2,0
8134,1,0,0
8134,2,1,0
8134,3,0,0
8134,3,1,0
8134,4,2,0
8134,5,0,0
8134,5,2,0
8134,6,1,0
8134,6,2,0
8134,7,0,0
8134,7,1,0
8134,7,2,0
8135,1,0,0
8135,2,1,0
8135,3,0,0
8135,3,1,0
8135,4,2,0
8135,5,0,0
8135,5,2,0
8135,6,1,0
8135,6,2,0
8135,7,0,0
8135,7,1,0
8135,7,2,0
8136,1,0,0
8136,2,1,0
8136,3,0,0
8136,3,1,0
8136,4,2,0
8136,5,0,0
8136,5,2,0
8136,6,1,0
8136,6,2,0
8136,7,0,0
8136,7,1,0
8136,7,2,0
8137,1,0,0
8137,2,1,0
8137,3,0,0
8137,3,1,0
8137,4,2,0
8137,5,0,0
8137,5,2,0
8137,6,1,0
8137,6,2,0
8137,7,0,0
8137,7,1,0
8137,7,2,0
8138,1,0,0
8138,2,1,0
8138,3,0,0
8138,3,1,0
8138,4,2,0
8138,5,0,0
8138,5,2,0
8138,6,1,0
8138,6,2,0
8138,7,0,0
8138,7,1,0
8138,7,2,0
8139,1,0,0
8139,2,1,0
8139,3,0,0
8139,3,1,0
8139,4,2,0
8139,5,0,0
8139,5,2,0
8139,6,1,0
8139,6,2,0
8139,7,0,0
8139,7,1,0
8139,7,2,0
8140,1,0,0
8140,2,1,0
8140,3,0,0
8140,3,1,0
8140,4,2,0
8140,5,0,0
8140,5,2,0
8140,6,1,0
8140,6,2,0
8140,7,0,0
8140,7,1,0
8140,7,2,0
8141,1,0,0
8141,2,1,0
8141,3,0,0
8141,3,1,0
8141,4,2,0
8141,5,0,0
8141,5,2,0
8141,6,1,0
8141,6,2,0
8141,7,0,0
8141,7,1,0
8141,7,2,0
8142,1,0,0
8142,2,1,0
8142,3,0,0
8142,3,1,0
8142,4,2,0
8142,5,0,0
8142,5,2,0
8142,6,1,0
8142,6,2,0
8142,7,0,0
8142,7,1,0
8142,7,2,0
8143,1,0,0
8143,2,1,0
8143,3,0,0
8143,3,1,0
8143,4,2,0
8143,5,0,0
8143,5,2,0
8143,6,1,0
8143,6,2,0
8143,7,0,0
8143,7,1,0
8143,7,2,0
8144,1,0,0
8144,2,1,0
8144,3,0,0
8144,3,1,0
8144,4,2,0
8144,5,0,0
8144,5,2,0
8144,6,1,0
8144,6,2,0
8144,7,0,0
8144,7,1,0
8144,7,2,0
8145,1,0,0
8145,2,1,0
8145,3,0,0
8145,3,1,0
8145,4,2,0
8145,5,0,0
8145,5,2,0
8145,6,1,0
8145,6,2,0
8145,7,0,0
8145,7,1,0
8145,7,2,0
8146,1,0,0
8146,2,1,0
8146,3,0,0
8146,3,1,0
8146,4,2,0
8146,5,0,0
8146,5,2,0
8146,6,1,0
8146,6,2,0
8146,7,0,0
8146,7,1,0
8146,7,2,0
8147,1,0,0
8147,2,1,0
8147,3,0,0
8147,3,1,0
8147,4,2,0
8147,5,0,0
8147,5,2,0
8147,6,1,0
8147,6,2,0
8147,7,0,0
8147,7,1,0
8147,7,2,0
8148,1,0,0
8148,2,1,0
8148,3,0,0
8148,3,1,0
8148,4,2,0
8148,5,0,0
8148,5,2,0
8148,6,1,0
8148,6,2,0
8148,7,0,0
8148,7,1,0
8148,7,2,0
8149,1,0,0
8149,2,1,0
8149,3,0,0
8149,3,1,0
8149,4,2,0
8149,5,0,0
8149,5,2,0
8149,6,1,0
8149,6,2,0
8149,7,0,0
8149,7,1,0
8149,7,2,0
8150,1,0,0
8150,2,1,0
8150,3,0,0
8150,3,1,0
8150,4,2,0
8150,5,0,0
8150,5,2,0
8150,6,1,0
8150,6,2,0
8150,7,0,0
8150,7,1,0
8150,7,2,0
8151,1,0,0
8151,2,1,0
8151,3,0,0
8151,3,1,0
8151,4,2,0
8151,5,0,0
8151,5,2,0
8151,6,1,0
8151,6,2,0
8151,7,0,0
8151,7,1,0
8151,7,2,0
8152,1,0,0
8152,2,1,0
8152,3,0,0
8152,3,1,0
8152,4,2,0
8152,5,0,0
8152,5,2,0
8152,6,1,0
8152,6,2,0
8152,7,0,0
8152,7,1,0
8152,7,2,0
8153,1,0,0
8153,2,1,0
8153,3,0,0
8153,3,1,0
8153,4,2,0
8153,5,0,0
8153,5,2,0
8153,6,1,0
8153,6,2,0
8153,7,0,0
8153,7,1,0
8153,7,2,0
8154,1,0,1
8154,2,1,1
8154,3,0,1
8154,3,1,1
8154,4,2,1
8154,5,0,1
8154,5,2,1
8154,6,1,1
8154,6,2,1
8154,7,0,1
8154,7,1,1
8154,7,2,1
8155,1,0,1
8155,2,1,1
8155,3,0,1
8155,3,1,1
8155,4,2,1
8155,5,0,1
8155,5,2,1
8155,6,1,1
8155,6,2,1
8155,7,0,1
8155,7,1,1
8155,7,2,1
8156,1,0,0
8156,2,1,0
8156,3,0,0
8156,3,1,0
8156,4,2,0
8156,5,0,0
8156,5,2,0
8156,6,1,0
8156,6,2,0
8156,7,0,0
8156,7,1,0
8156,7,2,0
8157,1,0,0
8157,2,1,0
8157,3,0,0
8157,3,1,0
8157,4,2,0
8157,5,0,0
8157,5,2,0
8157,6,1,0
8157,6,2,0
8157,7,0,0
8157,7,1,0
8157,7,2,0
8158,1,0,0
8158,2,1,0
8158,3,0,0
8158,3,1,0
8158,4,2,0
8158,5,0,0
8158,5,2,0
8158,6,1,0
8158,6,2,0
8158,7,0,0
8158,7,1,0
8158,7,2,0
8159,1,0,0
8159,2,1,0
8159,3,0,0
8159,3,1,0
8159,4,2,0
8159,5,0,0
8159,5,2,0
8159,6,1,0
8159,6,2,0
8159,7,0,0
8159,7,1,0
8159,7,2,0
8160,1,0,0
8160,2,1,0
8160,3,0,0
8160,3,1,0
8160,4,2,0
8160,5,0,0
8160,5,2,0
8160,6,1,0
8160,6,2,0
8160,7,0,0
8160,7,1,0
8160,7,2,0
8161,1,0,0
8161,2,1,0
8161,3,0,0
8161,3,1,0
8161,4,2,0
8161,5,0,0
8161,5,2,0
8161,6,1,0
8161,6,2,0
8161,7,0,0
8161,7,1,0
8161,7,2,0
8162,1,0,0
8162,2,1,0
8162,3,0,0
8162,3,1,0
8162,4,2,0
8162,5,0,0
8162,5,2,0
8162,6,1,0
8162,6,2,0
8162,7,0,0
8162,7,1,0
8162,7,2,0
8163,1,0,0
8163,2,1,0
8163,3,0,0
8163,3,1,0
8163,4,2,0
8163,5,0,0
8163,5,2,0
8163,6,1,0
8163,6,2,0
8163,7,0,0
8163,7,1,0
8163,7,2,0
8164,1,0,0
8164,2,1,0
8164,3,0,0
8164,3,1,0
8164,4,2,0
8164,5,0,0
8164,5,2,0
8164,6,1,0
8164,6,2,0
8164,7,0,0
8164,7,1,0
8164,7,2,0
8165,1,0,0
8165,2,1,0
8165,3,0,0
8165,3,1,0
8165,4,2,0
8165,5,0,0
8165,5,2,0
8165,6,1,0
8165,6,2,0
8165,7,0,0
8165,7,1,0
8165,7,2,0
8166,1,0,0
8166,2,1,0
8166,3,0,0
8166,3,1,0
8166,4,2,0
8166,5,0,0
8166,5,2,0
8166,6,1,0
8166,6,2,0
8166,7,0,0
8166,7,1,0
8166,7,2,0
8167,1,0,0
8167,2,1,0
8167,3,0,0
8167,3,1,0
8167,4,2,0
8167,5,0,0
8167,5,2,0
8167,6,1,0
8167,6,2,0
8167,7,0,0
8167,7,1,0
8167,7,2,0
8168,1,0,0
8168,2,1,0
8168,3,0,0
8168,3,1,0
8168,4,2,0
8168,5,0,0
8168,5,2,0
8168,6,1,0
8168,6,2,0
8168,7,0,0
8168,7,1,0
8168,7,2,0
8169,1,0,0
8169,2,1,0
8169,3,0,0
8169,3,1,0
8169,4,2,0
8169,5,0,0
8169,5,2,0
8169,6,1,0
8169,6,2,0
8169,7,0,0
8169,7,1,0
8169,7,2,0
8170,1,0,0
8170,2,1,0
8170,3,0,0
8170,3,1,0
8170,4,2,0
8170,5,0,0
8170,5,2,0
8170,6,1,0
8170,6,2,0
8170,7,0,0
8170,7,1,0
8170,7,2,0
8171,1,0,0
8171,2,1,0
8171,3,0,0
8171,3,1,0
8171,4,2,0
8171,5,0,0
8171,5,2,0
8171,6,1,0
8171,6,2,0
8171,7,0,0
8171,7,1,0
8171,7,2,0
8172,1,0,0
8172,2,1,0
8172,3,0,0
8172,3,1,0
8172,4,2,0
8172,5,0,0
8172,5,2,0
8172,6,1,0
8172,6,2,0
8172,7,0,0
8172,7,1,0
8172,7,2,0
8173,1,0,0
8173,2,1,0
8173,3,0,0
8173,3,1,0
8173,4,2,0
8173,5,0,0
8173,5,2,0
8173,6,1,0
8173,6,2,0
8173,7,0,0
8173,7,1,0
8173,7,2,0
8174,1,0,0
8174,2,1,0
8174,3,0,0
8174,3,1,0
8174,4,2,0
8174,5,0,0
8174,5,2,0
8174,6,1,0
8174,6,2,0
8174,7,0,0
8174,7,1,0
8174,7,2,0
8175,1,0,0
8175,2,1,0
8175,3,0,0
8175,3,1,0
8175,4,2,0
8175,5,0,0
8175,5,2,0
8175,6,1,0
8175,6,2,0
8175,7,0,0
8175,7,1,0
8175,7,2,0
8176,1,0,0
8176,2,1,0
8176,3,0,0
8176,3,1,0
8176,4,2,0
8176,5,0,0
8176,5,2,0
8176,6,1,0
8176,6,2,0
8176,7,0,0
8176,7,1,0
8176,7,2,0
8177,1,0,0
8177,2,1,0
8177,3,0,0
8177,3,1,0
8177,4,2,0
8177,5,0,0
8177,5,2,0
8177,6,1,0
8177,6,2,0
8177,7,0,0
8177,7,1,0
8177,7,2,0
8178,1,0,0
8178,2,1,0
8178,3,0,0
8178,3,1,0
8178,4,2,0
8178,5,0,0
8178,5,2,0
8178,6,1,0
8178,6,2,0
8178,7,0,0
8178,7,1,0
8178,7,2,0
8179,1,0,0
8179,2,1,0
8179,3,0,0
8179,3,1,0
8179,4,2,0
8179,5,0,0
8179,5,2,0
8179,6,1,0
8179,6,2,0
8179,7,0,0
8179,7,1,0
8179,7,2,0
8180,1,0,0
8180,2,1,0
8180,3,0,0
8180,3,1,0
8180,4,2,0
8180,5,0,0
8180,5,2,0
8180,6,1,0
8180,6,2,0
8180,7,0,0
8180,7,1,0
8180,7,2,0
8181,1,0,1
8181,2,1,0
8181,3,0,1
8181,3,1,0
8181,4,2,1
8181,5,0,1
8181,5,2,1
8181,6,1,0
8181,6,2,1
8181,7,0,1
8181,7,1,0
8181,7,2,1
8182,1,0,1
8182,2,1,0
8182,3,0,1
8182,3,1,0
8182,4,2,1
8182,5,0,1
8182,5,2,1
8182,6,1,0
8182,6,2,1
8182,7,0,1
8182,7,1,0
8182,7,2,1
8183,1,0,0
8183,2,1,0
8183,3,0,0
8183,3,1,0
8183,4,2,0
8183,5,0,0
8183,5,2,0
8183,6,1,0
8183,6,2,0
8183,7,0,0
8183,7,1,0
8183,7,2,0
8184,1,0,0
8184,2,1,0
8184,3,0,0
8184,3,1,0
8184,4,2,0
8184,5,0,0
8184,5,2,0
8184,6,1,0
8184,6,2,0
8184,7,0,0
8184,7,1,0
8184,7,2,0
8185,1,0,0
8185,2,1,0
8185,3,0,0
8185,3,1,0
8185,4,2,0
8185,5,0,0
8185,5,2,0
8185,6,1,0
8185,6,2,0
8185,7,0,0
8185,7,1,0
8185,7,2,0
8186,1,0,0
8186,2,1,0
8186,3,0,0
8186,3,1,0
8186,4,2,0
8186,5,0,0
8186,5,2,0
8186,6,1,0
8186,6,2,0
8186,7,0,0
8186,7,1,0
8186,7,2,0
8187,1,0,0
8187,2,1,0
8187,3,0,0
8187,3,1,0
8187,4,2,0
8187,5,0,0
8187,5,2,0
8187,6,1,0
8187,6,2,0
8187,7,0,0
8187,7,1,0
8187,7,2,0
8188,1,0,0
8188,2,1,0
8188,3,0,0
8188,3,1,0
8188,4,2,0
8188,5,0,0
8188,5,2,0
8188,6,1,0
8188,6,2,0
8188,7,0,0
8188,7,1,0
8188,7,2,0
8189,1,0,0
8189,2,1,0
8189,3,0,0
8189,3,1,0
8189,4,2,0
8189,5,0,0
8189,5,2,0
8189,6,1,0
8189,6,2,0
8189,7,0,0
8189,7,1,0
8189,7,2,0
8190,1,0,0
8190,2,1,0
8190,3,0,0
8190,3,1,0
8190,4,2,0
8190,5,0,0
8190,5,2,0
8190,6,1,0
8190,6,2,0
8190,7,0,0
8190,7,1,0
8190,7,2,0
8191,1,0,0
8191,2,1,0
8191,3,0,0
8191,3,1,0
8191,4,2,0
8191,5,0,0
8191,5,2,0
8191,6,1,0
8191,6,2,0
8191,7,0,0
8191,7,1,0
8191,7,2,0
8192,1,0,0
8192,2,1,0
8192,3,0,0
8192,3,1,0
8192,4,2,0
8192,5,0,0
8192,5,2,0
8192,6,1,0
8192,6,2,0
8192,7,0,0
8192,7,1,0
8192,7,2,0
8193,1,0,0
8193,2,1,0
8193,3,0,0
8193,3,1,0
8193,4,2,0
8193,5,0,0
8193,5,2,0
8193,6,1,0
8193,6,2,0
8193,7,0,0
8193,7,1,0
8193,7,2,0
8194,1,0,0
8194,2,1,0
8194,3,0,0
8194,3,1,0
8194,4,2,0
8194,5,0,0
8194,5,2,0
8194,6,1,0
8194,6,2,0
8194,7,0,0
8194,7,1,0
8194,7,2,0
8195,1,0,0
8195,2,1,0
8195,3,0,0
8195,3,1,0
8195,4,2,0
8195,5,0,0
8195,5,2,0
8195,6,1,0
8195,6,2,0
8195,7,0,0
8195,7,1,0
8195,7,2,0
8196,1,0,0
8196,2,1,0
8196,3,0,0
8196,3,1,0
8196,4,2,0
8196,5,0,0
8196,5,2,0
8196,6,1,0
8196,6,2,0
8196,7,0,0
8196,7,1,0
8196,7,2,0
8197,1,0,0
8197,2,1,0
8197,3,0,0
8197,3,1,0
8197,4,2,0
8197,5,0,0
8197,5,2,0
8197,6,1,0
8197,6,2,0
8197,7,0,0
8197,7,1,0
8197,7,2,0
8198,1,0,0
8198,2,1,0
8198,3,0,0
8198,3,1,0
8198,4,2,0
8198,5,0,0
8198,5,2,0
8198,6,1,0
8198,6,2,0
8198,7,0,0
8198,7,1,0
8198,7,2,0
8199,1,0,0
8199,2,1,0
8199,3,0,0
8199,3,1,0
8199,4,2,0
8199,5,0,0
8199,5,2,0
8199,6,1,0
8199,6,2,0
8199,7,0,0
8199,7,1,0
8199,7,2,0
8200,1,0,0
8200,2,1,0
8200,3,0,0
8200,3,1,0
8200,4,2,0
8200,5,0,0
8200,5,2,0
8200,6,1,0
8200,6,2,0
8200,7,0,0
8200,7,1,0
8200,7,2,0
8201,1,0,0
8201,2,1,0
8201,3,0,0
8201,3,1,0
8201,4,2,0
8201,5,0,0
8201,5,2,0
8201,6,1,0
8201,6,2,0
8201,7,0,0
8201,7,1,0
8201,7,2,0
8202,1,0,0
8202,2,1,0
8202,3,0,0
8202,3,1,0
8202,4,2,0
8202,5,0,0
8202,5,2,0
8202,6,1,0
8202,6,2,0
8202,7,0,0
8202,7,1,0
8202,7,2,0
8203,1,0,0
8203,2,1,0
8203,3,0,0
8203,3,1,0
8203,4,2,0
8203,5,0,0
8203,5,2,0
8203,6,1,0
8203,6,2,0
8203,7,0,0
8203,7,1,0
8203,7,2,0
8204,1,0,0
8204,2,1,0
8204,3,0,0
8204,3,1,0
8204,4,2,0
8204,5,0,0
8204,5,2,0
8204,6,1,0
8204,6,2,0
8204,7,0,0
8204,7,1,0
8204,7,2,0
8205,1,0,0
8205,2,1,0
8205,3,0,0
8205,3,1,0
8205,4,2,0
8205,5,0,0
8205,5,2,0
8205,6,1,0
8205,6,2,0
8205,7,0,0
8205,7,1,0
8205,7,2,0
8206,1,0,0
8206,2,1,0
8206,3,0,0
8206,3,1,0
8206,4,2,0
8206,5,0,0
8206,5,2,0
8206,6,1,0
8206,6,2,0
8206,7,0,0
8206,7,1,0
8206,7,2,0
8207,1,0,0
8207,2,1,0
8207,3,0,0
8207,3,1,0
8207,4,2,0
8207,5,0,0
8207,5,2,0
8207,6,1,0
8207,6,2,0
8207,7,0,0
8207,7,1,0
8207,7,2,0
8208,1,0,1
8208,2,1,0
8208,3,0,1
8208,3,1,0
8208,4,2,1
8208,5,0,1
8208,5,2,1
8208,6,1,0
8208,6,2,1
8208,7,0,1
8208,7,1,0
8208,7,2,1
8209,1,0,1
8209,2,1,0
8209,3,0,1
8209,3,1,0
8209,4,2,1
8209,5,0,1
8209,5,2,1
8209,6,1,0
8209,6,2,1
8209,7,0,1
8209,7,1,0
8209,7,2,1
8210,1,0,0
8210,2,1,0
8210,3,0,0
8210,3,1,0
8210,4,2,0
8210,5,0,0
8210,5,2,0
8210,6,1,0
8210,6,2,0
8210,7,0,0
8210,7,1,0
8210,7,2,0
8211,1,0,0
8211,2,1,0
8211,3,0,0
8211,3,1,0
8211,4,2,0
8211,5,0,0
8211,5,2,0
8211,6,1,0
8211,6,2,0
8211,7,0,0
8211,7,1,0
8211,7,2,0
8212,1,0,0
8212,2,1,0
8212,3,0,0
8212,3,1,0
8212,4,2,0
8212,5,0,0
8212,5,2,0
8212,6,1,0
8212,6,2,0
8212,7,0,0
8212,7,1,0
8212,7,2,0
8213,1,0,0
8213,2,1,0
8213,3,0,0
8213,3,1,0
8213,4,2,0
8213,5,0,0
8213,5,2,0
8213,6,1,0
8213,6,2,0
8213,7,0,0
8213,7,1,0
8213,7,2,0
8214,1,0,0
8214,2,1,0
8214,3,0,0
8214,3,1,0
8214,4,2,0
8214,5,0,0
8214,5,2,0
8214,6,1,0
8214,6,2,0
8214,7,0,0
8214,7,1,0
8214,7,2,0
8215,1,0,0
8215,2,1,0
8215,3,0,0
8215,3,1,0
8215,4,2,0
8215,5,0,0
8215,5,2,0
8215,6,1,0
8215,6,2,0
8215,7,0,0
8215,7,1,0
8215,7,2,0
8216,1,0,0
8216,2,1,0
8216,3,0,0
8216,3,1,0
8216,4,2,0
8216,5,0,0
8216,5,2,0
8216,6,1,0
8216,6,2,0
8216,7,0,0
8216,7,1,0
8216,7,2,0
8217,1,0,0
8217,2,1,0
8217,3,0,0
8217,3,1,0
8217,4,2,0
8217,5,0,0
8217,5,2,0
8217,6,1,0
8217,6,2,0
8217,7,0,0
8217,7,1,0
8217,7,2,0
8218,1,0,0
8218,2,1,0
8218,3,0,0
8218,3,1,0
8218,4,2,0
8218,5,0,0
8218,5,2,0
8218,6,1,0
8218,6,2,0
8218,7,0,0
8218,7,1,0
8218,7,2,0
8219,1,0,0
8219,2,1,0
8219,3,0,0
8219,3,1,0
8219,4,2,0
8219,5,0,0
8219,5,2,0
8219,6,1,0
8219,6,2,0
8219,7,0,0
8219,7,1,0
8219,7,2,0
8220,1,0,0
8220,2,1,0
8220,3,0,0
8220,3,1,0
8220,4,2,0
8220,5,0,0
8220,5,2,0
8220,6,1,0
8220,6,2,0
8220,7,0,0
8220,7,1,0
8220,7,2,0
8221,1,0,0
8221,2,1,0
8221,3,0,0
8221,3,1,0
8221,4,2,0
8221,5,0,0
8221,5,2,0
8221,6,1,0
8221,6,2,0
8221,7,0,0
8221,7,1,0
8221,7,2,0
8222,1,0,0
8222,2,1,0
8222,3,0,0
8222,3,1,0
8222,4,2,0
8222,5,0,0
8222,5,2,0
8222,6,1,0
8222,6,2,0
8222,7,0,0
8222,7,1,0
8222,7,2,0
8223,1,0,0
8223,2,1,0
8223,3,0,0
8223,3,1,0
8223,4,2,0
8223,5,0,0
8223,5,2,0
8223,6,1,0
8223,6,2,0
8223,7,0,0
8223,7,1,0
8223,7,2,0
8224,1,0,0
8224,2,1,0
8224,3,0,0
8224,3,1,0
8224,4,2,0
8224,5,0,0
8224,5,2,0
8224,6,1,0
8224,6,2,0
8224,7,0,0
8224,7,1,0
8224,7,2,0
8225,1,0,0
8225,2,1,0
8225,3,0,0
8225,3,1,0
8225,4,2,0
8225,5,0,0
8225,5,2,0
8225,6,1,0
8225,6,2,0
8225,7,0,0
8225,7,1,0
8225,7,2,0
8226,1,0,0
8226,2,1,0
8226,3,0,0
8226,3,1,0
8226,4,2,0
8226,5,0,0
8226,5,2,0
8226,6,1,0
8226,6,2,0
8226,7,0,0
8226,7,1,0
8226,7,2,0
8227,1,0,0
8227,2,1,0
8227,3,0,0
8227,3,1,0
8227,4,2,0
8227,5,0,0
8227,5,2,0
8227,6,1,0
8227,6,2,0
8227,7,0,0
8227,7,1,0
8227,7,2,0
8228,1,0,0
8228,2,1,0
8228,3,0,0
8228,3,1,0
8228,4,2,0
8228,5,0,0
8228,5,2,0
8228,6,1,0
8228,6,2,0
8228,7,0,0
8228,7,1,0
8228,7,2,0
8229,1,0,0
8229,2,1,0
8229,3,0,0
8229,3,1,0
8229,4,2,0
8229,5,0,0
8229,5,2,0
8229,6,1,0
8229,6,2,0
8229,7,0,0
8229,7,1,0
8229,7,2,0
8230,1,0,0
8230,2,1,0
8230,3,0,0
8230,3,1,0
8230,4,2,0
8230,5,0,0
8230,5,2,0
8230,6,1,0
8230,6,2,0
8230,7,0,0
8230,7,1,0
8230,7,2,0
8231,1,0,0
8231,2,1,0
8231,3,0,0
8231,3,1,0
8231,4,2,0
8231,5,0,0
8231,5,2,0
8231,6,1,0
8231,6,2,0
8231,7,0,0
8231,7,1,0
8231,7,2,0
8232,1,0,0
8232,2,1,0
8232,3,0,0
8232,3,1,0
8232,4,2,0
8232,5,0,0
8232,5,2,0
8232,6,1,0
8232,6,2,0
8232,7,0,0
8232,7,1,0
8232,7,2,0
8233,1,0,0
8233,2,1,0
8233,3,0,0
8233,3,1,0
8233,4,2,0
8233,5,0,0
8233,5,2,0
8233,6,1,0
8233,6,2,0
8233,7,0,0
8233,7,1,0
8233,7,2,0
8234,1,0,0
8234,2,1,0
8234,3,0,0
8234,3,1,0
8234,4,2,0
8234,5,0,0
8234,5,2,0
8234,6,1,0
8234,6,2,0
8234,7,0,0
8234,7,1,0
8234,7,2,0
8235,1,0,1
8235,2,1,0
8235,3,0,1
8235,3,1,0
8235,4,2,1
8235,5,0,1
8235,5,2,1
8235,6,1,0
8235,6,2,1
8235,7,0,1
8235,7,1,0
8235,7,2,1
8236,1,0,1
8236,2,1,0
8236,3,0,1
8236,3,1,0
8236,4,2,1
8236,5,0,1
8236,5,2,1
8236,6,1,0
8236,6,2,1
8236,7,0,1
8236,7,1,0
8236,7,2,1
8237,1,0,0
8237,2,1,0
8237,3,0,0
8237,3,1,0
8237,4,2,0
8237,5,0,0
8237,5,2,0
8237,6,1,0
8237,6,2,0
8237,7,0,0
8237,7,1,0
8237,7,2,0
8238,1,0,0
8238,2,1,0
8238,3,0,0
8238,3,1,0
8238,4,2,0
8238,5,0,0
8238,5,2,0
8238,6,1,0
8238,6,2,0
8238,7,0,0
8238,7,1,0
8238,7,2,0
8239,1,0,0
8239,2,1,0
8239,3,0,0
8239,3,1,0
8239,4,2,0
8239,5,0,0
8239,5,2,0
8239,6,1,0
8239,6,2,0
8239,7,0,0
8239,7,1,0
8239,7,2,0
8240,1,0,0
8240,2,1,0
8240,3,0,0
8240,3,1,0
8240,4,2,0
8240,5,0,0
8240,5,2,0
8240,6,1,0
8240,6,2,0
8240,7,0,0
8240,7,1,0
8240,7,2,0
8241,1,0,0
8241,2,1,0
8241,3,0,0
8241,3,1,0
8241,4,2,0
8241,5,0,0
8241,5,2,0
8241,6,1,0
8241,6,2,0
8241,7,0,0
8241,7,1,0
8241,7,2,0
8242,1,0,0
8242,2,1,0
8242,3,0,0
8242,3,1,0
8242,4,2,0
8242,5,0,0
8242,5,2,0
8242,6,1,0
8242,6,2,0
8242,7,0,0
8242,7,1,0
8242,7,2,0
8243,1,0,0
8243,2,1,0
8243,3,0,0
8243,3,1,0
8243,4,2,0
8243,5,0,0
8243,5,2,0
8243,6,1,0
8243,6,2,0
8243,7,0,0
8243,7,1,0
8243,7,2,0
8244,1,0,0
8244,2,1,0
8244,3,0,0
8244,3,1,0
8244,4,2,0
8244,5,0,0
8244,5,2,0
8244,6,1,0
8244,6,2,0
8244,7,0,0
8244,7,1,0
8244,7,2,0
8245,1,0,0
8245,2,1,0
8245,3,0,0
8245,3,1,0
8245,4,2,0
8245,5,0,0
8245,5,2,0
8245,6,1,0
8245,6,2,0
8245,7,0,0
8245,7,1,0
8245,7,2,0
8246,1,0,0
8246,2,1,0
8246,3,0,0
8246,3,1,0
8246,4,2,0
8246,5,0,0
8246,5,2,0
8246,6,1,0
8246,6,2,0
8246,7,0,0
8246,7,1,0
8246,7,2,0
8247,1,0,0
8247,2,1,0
8247,3,0,0
8247,3,1,0
8247,4,2,0
8247,5,0,0
8247,5,2,0
8247,6,1,0
8247,6,2,0
8247,7,0,0
8247,7,1,0
8247,7,2,0
8248,1,0,0
8248,2,1,0
8248,3,0,0
8248,3,1,0
8248,4,2,0
8248,5,0,0
8248,5,2,0
8248,6,1,0
8248,6,2,0
8248,7,0,0
8248,7,1,0
8248,7,2,0
8249,1,0,0
8249,2,1,0
8249,3,0,0
8249,3,1,0
8249,4,2,0
8249,5,0,0
8249,5,2,0
8249,6,1,0
8249,6,2,0
8249,7,0,0
8249,7,1,0
8249,7,2,0
8250,1,0,0
8250,2,1,0
8250,3,0,0
8250,3,1,0
8250,4,2,0
8250,5,0,0
8250,5,2,0
8250,6,1,0
8250,6,2,0
8250,7,0,0
8250,7,1,0
8250,7,2,0
8251,1,0,0
8251,2,1,0
8251,3,0,0
8251,3,1,0
8251,4,2,0
8251,5,0,0
8251,5,2,0
8251,6,1,0
8251,6,2,0
8251,7,0,0
8251,7,1,0
8251,7,2,0
8252,1,0,0
8252,2,1,0
8252,3,0,0
8252,3,1,0
8252,4,2,0
8252,5,0,0
8252,5,2,0
8252,6,1,0
8252,6,2,0
8252,7,0,0
8252,7,1,0
8252,7,2,0
8253,1,0,0
8253,2,1,0
8253,3,0,0
8253,3,1,0
8253,4,2,0
8253,5,0,0
8253,5,2,0
8253,6,1,0
8253,6,2,0
8253,7,0,0
8253,7,1,0
8253,7,2,0
8254,1,0,0
8254,2,1,0
8254,3,0,0
8254,3,1,0
8254,4,2,0
8254,5,0,0
8254,5,2,0
8254,6,1,0
8254,6,2,0
8254,7,0,0
8254,7,1,0
8254,7,2,0
8255,1,0,0
8255,2,1,0
8255,3,0,0
8255,3,1,0
8255,4,2,0
8255,5,0,0
8255,5,2,0
8255,6,1,0
8255,6,2,0
8255,7,0,0
8255,7,1,0
8255,7,2,0
8256,1,0,0
8256,2,1,0
8256,3,0,0
8256,3,1,0
8256,4,2,0
8256,5,0,0
8256,5,2,0
8256,6,1,0
8256,6,2,0
8256,7,0,0
8256,7,1,0
8256,7,2,0
8257,1,0,0
8257,2,1,0
8257,3,0,0
8257,3,1,0
8257,4,2,0
8257,5,0,0
8257,5,2,0
8257,6,1,0
8257,6,2,0
8257,7,0,0
8257,7,1,0
8257,7,2,0
8258,1,0,0
8258,2,1,0
8258,3,0,0
8258,3,1,0
8258,4,2,0
8258,5,0,0
8258,5,2,0
8258,6,1,0
8258,6,2,0
8258,7,0,0
8258,7,1,0
8258,7,2,0
8259,1,0,0
8259,2,1,0
8259,3,0,0
8259,3,1,0
8259,4,2,0
8259,5,0,0
8259,5,2,0
8259,6,1,0
8259,6,2,0
8259,7,0,0
8259,7,1,0
8259,7,2,0
8260,1,0,0
8260,2,1,0
8260,3,0,0
8260,3,1,0
8260,4,2,0
8260,5,0,0
8260,5,2,0
8260,6,1,0
8260,6,2,0
8260,7,0,0
8260,7,1,0
8260,7,2,0
8261,1,0,0
8261,2,1,0
8261,3,0,0
8261,3,1,0
8261,4,2,0
8261,5,0,0
8261,5,2,0
8261,6,1,0
8261,6,2,0
8261,7,0,0
8261,7,1,0
8261,7,2,0
8262,1,0,1
8262,2,1,1
8262,3,0,1
8262,3,1,1
8262,4,2,1
8262,5,0,1
8262,5,2,1
8262,6,1,1
8262,6,2,1
8262,7,0,1
8262,7,1,1
8262,7,2,1
8263,1,0,1
8263,2,1,1
8263,3,0,1
8263,3,1,1
8263,4,2,1
8263,5,0,1
8263,5,2,1
8263,6,1,1
8263,6,2,1
8263,7,0,1
8263,7,1,1
8263,7,2,1
8264,1,0,0
8264,2,1,0
8264,3,0,0
8264,3,1,0
8264,4,2,0
8264,5,0,0
8264,5,2,0
8264,6,1,0
8264,6,2,0
8264,7,0,0
8264,7,1,0
8264,7,2,0
8265,1,0,0
8265,2,1,0
8265,3,0,0
8265,3,1,0
8265,4,2,0
8265,5,0,0
8265,5,2,0
8265,6,1,0
8265,6,2,0
8265,7,0,0
8265,7,1,0
8265,7,2,0
8266,1,0,0
8266,2,1,0
8266,3,0,0
8266,3,1,0
8266,4,2,0
8266,5,0,0
8266,5,2,0
8266,6,1,0
8266,6,2,0
8266,7,0,0
8266,7,1,0
8266,7,2,0
8267,1,0,0
8267,2,1,0
8267,3,0,0
8267,3,1,0
8267,4,2,0
8267,5,0,0
8267,5,2,0
8267,6,1,0
8267,6,2,0
8267,7,0,0
8267,7,1,0
8267,7,2,0
8268,1,0,0
8268,2,1,0
8268,3,0,0
8268,3,1,0
8268,4,2,0
8268,5,0,0
8268,5,2,0
8268,6,1,0
8268,6,2,0
8268,7,0,0
8268,7,1,0
8268,7,2,0
8269,1,0,0
8269,2,1,0
8269,3,0,0
8269,3,1,0
8269,4,2,0
8269,5,0,0
8269,5,2,0
8269,6,1,0
8269,6,2,0
8269,7,0,0
8269,7,1,0
8269,7,2,0
8270,1,0,0
8270,2,1,0
8270,3,0,0
8270,3,1,0
8270,4,2,0
8270,5,0,0
8270,5,2,0
8270,6,1,0
8270,6,2,0
8270,7,0,0
8270,7,1,0
8270,7,2,0
8271,1,0,0
8271,2,1,0
8271,3,0,0
8271,3,1,0
8271,4,2,0
8271,5,0,0
8271,5,2,0
8271,6,1,0
8271,6,2,0
8271,7,0,0
8271,7,1,0
8271,7,2,0
8272,1,0,0
8272,2,1,0
8272,3,0,0
8272,3,1,0
8272,4,2,0
8272,5,0,0
8272,5,2,0
8272,6,1,0
8272,6,2,0
8272,7,0,0
8272,7,1,0
8272,7,2,0
8273,1,0,0
8273,2,1,0
8273,3,0,0
8273,3,1,0
8273,4,2,0
8273,5,0,0
8273,5,2,0
8273,6,1,0
8273,6,2,0
8273,7,0,0
8273,7,1,0
8273,7,2,0
8274,1,0,0
8274,2,1,0
8274,3,0,0
8274,3,1,0
8274,4,2,0
8274,5,0,0
8274,5,2,0
8274,6,1,0
8274,6,2,0
8274,7,0,0
8274,7,1,0
8274,7,2,0
8275,1,0,0
8275,2,1,0
8275,3,0,0
8275,3,1,0
8275,4,2,0
8275,5,0,0
8275,5,2,0
8275,6,1,0
8275,6,2,0
8275,7,0,0
8275,7,1,0
8275,7,2,0
8276,1,0,0
8276,2,1,0
8276,3,0,0
8276,3,1,0
8276,4,2,0
8276,5,0,0
8276,5,2,0
8276,6,1,0
8276,6,2,0
8276,7,0,0
8276,7,1,0
8276,7,2,0
8277,1,0,0
8277,2,1,0
8277,3,0,0
8277,3,1,0
8277,4,2,0
8277,5,0,0
8277,5,2,0
8277,6,1,0
8277,6,2,0
8277,7,0,0
8277,7,1,0
8277,7,2,0
8278,1,0,0
8278,2,1,0
8278,3,0,0
8278,3,1,0
8278,4,2,0
8278,5,0,0
8278,5,2,0
8278,6,1,0
8278,6,2,0
8278,7,0,0
8278,7,1,0
8278,7,2,0
8279,1,0,0
8279,2,1,0
8279,3,0,0
8279,3,1,0
8279,4,2,0
8279,5,0,0
8279,5,2,0
8279,6,1,0
8279,6,2,0
8279,7,0,0
8279,7,1,0
8279,7,2,0
8280,1,0,0
8280,2,1,0
8280,3,0,0
8280,3,1,0
8280,4,2,0
8280,5,0,0
8280,5,2,0
8280,6,1,0
8280,6,2,0
8280,7,0,0
8280,7,1,0
8280,7,2,0
8281,1,0,0
8281,2,1,0
8281,3,0,0
8281,3,1,0
8281,4,2,0
8281,5,0,0
8281,5,2,0
8281,6,1,0
8281,6,2,0
8281,7,0,0
8281,7,1,0
8281,7,2,0
8282,1,0,0
8282,2,1,0
8282,3,0,0
8282,3,1,0
8282,4,2,0
8282,5,0,0
8282,5,2,0
8282,6,1,0
8282,6,2,0
8282,7,0,0
8282,7,1,0
8282,7,2,0
8283,1,0,0
8283,2,1,0
8283,3,0,0
8283,3,1,0
8283,4,2,0
8283,5,0,0
8283,5,2,0
8283,6,1,0
8283,6,2,0
8283,7,0,0
8283,7,1,0
8283,7,2,0
8284,1,0,0
8284,2,1,0
8284,3,0,0
8284,3,1,0
8284,4,2,0
8284,5,0,0
8284,5,2,0
8284,6,1,0
8284,6,2,0
8284,7,0,0
8284,7,1,0
8284,7,2,0
8285,1,0,0
8285,2,1,0
8285,3,0,0
8285,3,1,0
8285,4,2,0
8285,5,0,0
8285,5,2,0
8285,6,1,0
8285,6,2,0
8285,7,0,0
8285,7,1,0
8285,7,2,0
8286,1,0,0
8286,2,1,0
8286,3,0,0
8286,3,1,0
8286,4,2,0
8286,5,0,0
8286,5,2,0
8286,6,1,0
8286,6,2,0
8286,7,0,0
8286,7,1,0
8286,7,2,0
8287,1,0,0
8287,2,1,0
8287,3,0,0
8287,3,1,0
8287,4,2,0
8287,5,0,0
8287,5,2,0
8287,6,1,0
8287,6,2,0
8287,7,0,0
8287,7,1,0
8287,7,2,0
8288,1,0,0
8288,2,1,0
8288,3,0,0
8288,3,1,0
8288,4,2,0
8288,5,0,0
8288,5,2,0
8288,6,1,0
8288,6,2,0
8288,7,0,0
8288,7,1,0
8288,7,2,0
8289,1,0,1
8289,2,1,1
8289,3,0,1
8289,3,1,1
8289,4,2,1
8289,5,0,1
8289,5,2,1
8289,6,1,1
8289,6,2,1
8289,7,0,1
8289,7,1,1
8289,7,2,1
8290,1,0,1
8290,2,1,1
8290,3,0,1
8290,3,1,1
8290,4,2,1
8290,5,0,1
8290,5,2,1
8290,6,1,1
8290,6,2,1
8290,7,0,1
8290,7,1,1
8290,7,2,1
8291,1,0,0
8291,2,1,0
8291,3,0,0
8291,3,1,0
8291,4,2,0
8291,5,0,0
8291,5,2,0
8291,6,1,0
8291,6,2,0
8291,7,0,0
8291,7,1,0
8291,7,2,0
8292,1,0,0
8292,2,1,0
8292,3,0,0
8292,3,1,0
8292,4,2,0
8292,5,0,0
8292,5,2,0
8292,6,1,0
8292,6,2,0
8292,7,0,0
8292,7,1,0
8292,7,2,0
8293,1,0,0
8293,2,1,0
8293,3,0,0
8293,3,1,0
8293,4,2,0
8293,5,0,0
8293,5,2,0
8293,6,1,0
8293,6,2,0
8293,7,0,0
8293,7,1,0
8293,7,2,0
8294,1,0,0
8294,2,1,0
8294,3,0,0
8294,3,1,0
8294,4,2,0
8294,5,0,0
8294,5,2,0
8294,6,1,0
8294,6,2,0
8294,7,0,0
8294,7,1,0
8294,7,2,0
8295,1,0,0
8295,2,1,0
8295,3,0,0
8295,3,1,0
8295,4,2,0
8295,5,0,0
8295,5,2,0
8295,6,1,0
8295,6,2,0
8295,7,0,0
8295,7,1,0
8295,7,2,0
8296,1,0,0
8296,2,1,0
8296,3,0,0
8296,3,1,0
8296,4,2,0
8296,5,0,0
8296,5,2,0
8296,6,1,0
8296,6,2,0
8296,7,0,0
8296,7,1,0
8296,7,2,0
8297,1,0,0
8297,2,1,0
8297,3,0,0
8297,3,1,0
8297,4,2,0
8297,5,0,0
8297,5,2,0
8297,6,1,0
8297,6,2,0
8297,7,0,0
8297,7,1,0
8297,7,2,0
8298,1,0,0
8298,2,1,0
8298,3,0,0
8298,3,1,0
8298,4,2,0
8298,5,0,0
8298,5,2,0
8298,6,1,0
8298,6,2,0
8298,7,0,0
8298,7,1,0
8298,7,2,0
8299,1,0,0
8299,2,1,0
8299,3,0,0
8299,3,1,0
8299,4,2,0
8299,5,0,0
8299,5,2,0
8299,6,1,0
8299,6,2,0
8299,7,0,0
8299,7,1,0
8299,7,2,0
8300,1,0,0
8300,2,1,0
8300,3,0,0
8300,3,1,0
8300,4,2,0
8300,5,0,0
8300,5,2,0
8300,6,1,0
8300,6,2,0
8300,7,0,0
8300,7,1,0
8300,7,2,0
8301,1,0,0
8301,2,1,0
8301,3,0,0
8301,3,1,0
8301,4,2,0
8301,5,0,0
8301,5,2,0
8301,6,1,0
8301,6,2,0
8301,7,0,0
8301,7,1,0
8301,7,2,0
8302,1,0,0
8302,2,1,0
8302,3,0,0
8302,3,1,0
8302,4,2,0
8302,5,0,0
8302,5,2,0
8302,6,1,0
8302,6,2,0
8302,7,0,0
8302,7,1,0
8302,7,2,0
8303,1,0,0
8303,2,1,0
8303,3,0,0
8303,3,1,0
8303,4,2,0
8303,5,0,0
8303,5,2,0
8303,6,1,0
8303,6,2,0
8303,7,0,0
8303,7,1,0
8303,7,2,0
8304,1,0,0
8304,2,1,0
8304,3,0,0
8304,3,1,0
8304,4,2,0
8304,5,0,0
8304,5,2,0
8304,6,1,0
8304,6,2,0
8304,7,0,0
8304,7,1,0
8304,7,2,0
8305,1,0,0
8305,2,1,0
8305,3,0,0
8305,3,1,0
8305,4,2,0
8305,5,0,0
8305,5,2,0
8305,6,1,0
8305,6,2,0
8305,7,0,0
8305,7,1,0
8305,7,2,0
8306,1,0,0
8306,2,1,0
8306,3,0,0
8306,3,1,0
8306,4,2,0
8306,5,0,0
8306,5,2,0
8306,6,1,0
8306,6,2,0
8306,7,0,0
8306,7,1,0
8306,7,2,0
8307,1,0,0
8307,2,1,0
8307,3,0,0
8307,3,1,0
8307,4,2,0
8307,5,0,0
8307,5,2,0
8307,6,1,0
8307,6,2,0
8307,7,0,0
8307,7,1,0
8307,7,2,0
8308,1,0,0
8308,2,1,0
8308,3,0,0
8308,3,1,0
8308,4,2,0
8308,5,0,0
8308,5,2,0
8308,6,1,0
8308,6,2,0
8308,7,0,0
8308,7,1,0
8308,7,2,0
8309,1,0,0
8309,2,1,0
8309,3,0,0
8309,3,1,0
8309,4,2,0
8309,5,0,0
8309,5,2,0
8309,6,1,0
8309,6,2,0
8309,7,0,0
8309,7,1,0
8309,7,2,0
8310,1,0,0
8310,2,1,0
8310,3,0,0
8310,3,1,0
8310,4,2,0
8310,5,0,0
8310,5,2,0
8310,6,1,0
8310,6,2,0
8310,7,0,0
8310,7,1,0
8310,7,2,0
8311,1,0,0
8311,2,1,0
8311,3,0,0
8311,3,1,0
8311,4,2,0
8311,5,0,0
8311,5,2,0
8311,6,1,0
8311,6,2,0
8311,7,0,0
8311,7,1,0
8311,7,2,0
8312,1,0,0
8312,2,1,0
8312,3,0,0
8312,3,1,0
8312,4,2,0
8312,5,0,0
8312,5,2,0
8312,6,1,0
8312,6,2,0
8312,7,0,0
8312,7,1,0
8312,7,2,0
8313,1,0,0
8313,2,1,0
8313,3,0,0
8313,3,1,0
8313,4,2,0
8313,5,0,0
8313,5,2,0
8313,6,1,0
8313,6,2,0
8313,7,0,0
8313,7,1,0
8313,7,2,0
8314,1,0,0
8314,2,1,0
8314,3,0,0
8314,3,1,0
8314,4,2,0
8314,5,0,0
8314,5,2,0
8314,6,1,0
8314,6,2,0
8314,7,0,0
8314,7,1,0
8314,7,2,0
8315,1,0,0
8315,2,1,0
8315,3,0,0
8315,3,1,0
8315,4,2,0
8315,5,0,0
8315,5,2,0
8315,6,1,0
8315,6,2,0
8315,7,0,0
8315,7,1,0
8315,7,2,0
8316,1,0,1
8316,2,1,1
8316,3,0,1
8316,3,1,1
8316,4,2,1
8316,5,0,1
8316,5,2,1
8316,6,1,1
8316,6,2,1
8316,7,0,1
8316,7,1,1
8316,7,2,1
8317,1,0,1
8317,2,1,1
8317,3,0,1
8317,3,1,1
8317,4,2,1
8317,5,0,1
8317,5,2,1
8317,6,1,1
8317,6,2,1
8317,7,0,1
8317,7,1,1
8317,7,2,1
8318,1,0,0
8318,2,1,0
8318,3,0,0
8318,3,1,0
8318,4,2,0
8318,5,0,0
8318,5,2,0
8318,6,1,0
8318,6,2,0
8318,7,0,0
8318,7,1,0
8318,7,2,0
8319,1,0,0
8319,2,1,0
8319,3,0,0
8319,3,1,0
8319,4,2,0
8319,5,0,0
8319,5,2,0
8319,6,1,0
8319,6,2,0
8319,7,0,0
8319,7,1,0
8319,7,2,0
8320,1,0,0
8320,2,1,0
8320,3,0,0
8320,3,1,0
8320,4,2,0
8320,5,0,0
8320,5,2,0
8320,6,1,0
8320,6,2,0
8320,7,0,0
8320,7,1,0
8320,7,2,0
8321,1,0,0
8321,2,1,0
8321,3,0,0
8321,3,1,0
8321,4,2,0
8321,5,0,0
8321,5,2,0
8321,6,1,0
8321,6,2,0
8321,7,0,0
8321,7,1,0
8321,7,2,0
8322,1,0,0
8322,2,1,0
8322,3,0,0
8322,3,1,0
8322,4,2,0
8322,5,0,0
8322,5,2,0
8322,6,1,0
8322,6,2,0
8322,7,0,0
8322,7,1,0
8322,7,2,0
8323,1,0,0
8323,2,1,0
8323,3,0,0
8323,3,1,0
8323,4,2,0
8323,5,0,0
8323,5,2,0
8323,6,1,0
8323,6,2,0
8323,7,0,0
8323,7,1,0
8323,7,2,0
8324,1,0,0
8324,2,1,0
8324,3,0,0
8324,3,1,0
8324,4,2,0
8324,5,0,0
8324,5,2,0
8324,6,1,0
8324,6,2,0
8324,7,0,0
8324,7,1,0
8324,7,2,0
8325,1,0,0
8325,2,1,0
8325,3,0,0
8325,3,1,0
8325,4,2,0
8325,5,0,0
8325,5,2,0
8325,6,1,0
8325,6,2,0
8325,7,0,0
8325,7,1,0
8325,7,2,0
8326,1,0,0
8326,2,1,0
8326,3,0,0
8326,3,1,0
8326,4,2,0
8326,5,0,0
8326,5,2,0
8326,6,1,0
8326,6,2,0
8326,7,0,0
8326,7,1,0
8326,7,2,0
8327,1,0,0
8327,2,1,0
8327,3,0,0
8327,3,1,0
8327,4,2,0
8327,5,0,0
8327,5,2,0
8327,6,1,0
8327,6,2,0
8327,7,0,0
8327,7,1,0
8327,7,2,0
8328,1,0,0
8328,2,1,0
8328,3,0,0
8328,3,1,0
8328,4,2,0
8328,5,0,0
8328,5,2,0
8328,6,1,0
8328,6,2,0
8328,7,0,0
8328,7,1,0
8328,7,2,0
8329,1,0,0
8329,2,1,0
8329,3,0,0
8329,3,1,0
8329,4,2,0
8329,5,0,0
8329,5,2,0
8329,6,1,0
8329,6,2,0
8329,7,0,0
8329,7,1,0
8329,7,2,0
8330,1,0,0
8330,2,1,0
8330,3,0,0
8330,3,1,0
8330,4,2,0
8330,5,0,0
8330,5,2,0
8330,6,1,0
8330,6,2,0
8330,7,0,0
8330,7,1,0
8330,7,2,0
8331,1,0,0
8331,2,1,0
8331,3,0,0
8331,3,1,0
8331,4,2,0
8331,5,0,0
8331,5,2,0
8331,6,1,0
8331,6,2,0
8331,7,0,0
8331,7,1,0
8331,7,2,0
8332,1,0,0
8332,2,1,0
8332,3,0,0
8332,3,1,0
8332,4,2,0
8332,5,0,0
8332,5,2,0
8332,6,1,0
8332,6,2,0
8332,7,0,0
8332,7,1,0
8332,7,2,0
8333,1,0,0
8333,2,1,0
8333,3,0,0
8333,3,1,0
8333,4,2,0
8333,5,0,0
8333,5,2,0
8333,6,1,0
8333,6,2,0
8333,7,0,0
8333,7,1,0
8333,7,2,0
8334,1,0,0
8334,2,1,0
8334,3,0,0
8334,3,1,0
8334,4,2,0
8334,5,0,0
8334,5,2,0
8334,6,1,0
8334,6,2,0
8334,7,0,0
8334,7,1,0
8334,7,2,0
8335,1,0,0
8335,2,1,0
8335,3,0,0
8335,3,1,0
8335,4,2,0
8335,5,0,0
8335,5,2,0
8335,6,1,0
8335,6,2,0
8335,7,0,0
8335,7,1,0
8335,7,2,0
8336,1,0,0
8336,2,1,0
8336,3,0,0
8336,3,1,0
8336,4,2,0
8336,5,0,0
8336,5,2,0
8336,6,1,0
8336,6,2,0
8336,7,0,0
8336,7,1,0
8336,7,2,0
8337,1,0,0
8337,2,1,0
8337,3,0,0
8337,3,1,0
8337,4,2,0
8337,5,0,0
8337,5,2,0
8337,6,1,0
8337,6,2,0
8337,7,0,0
8337,7,1,0
8337,7,2,0
8338,1,0,0
8338,2,1,0
8338,3,0,0
8338,3,1,0
8338,4,2,0
8338,5,0,0
8338,5,2,0
8338,6,1,0
8338,6,2,0
8338,7,0,0
8338,7,1,0
8338,7,2,0
8339,1,0,0
8339,2,1,0
8339,3,0,0
8339,3,1,0
8339,4,2,0
8339,5,0,0
8339,5,2,0
8339,6,1,0
8339,6,2,0
8339,7,0,0
8339,7,1,0
8339,7,2,0
8340,1,0,0
8340,2,1,0
8340,3,0,0
8340,3,1,0
8340,4,2,0
8340,5,0,0
8340,5,2,0
8340,6,1,0
8340,6,2,0
8340,7,0,0
8340,7,1,0
8340,7,2,0
8341,1,0,0
8341,2,1,0
8341,3,0,0
8341,3,1,0
8341,4,2,0
8341,5,0,0
8341,5,2,0
8341,6,1,0
8341,6,2,0
8341,7,0,0
8341,7,1,0
8341,7,2,0
8342,1,0,0
8342,2,1,0
8342,3,0,0
8342,3,1,0
8342,4,2,0
8342,5,0,0
8342,5,2,0
8342,6,1,0
8342,6,2,0
8342,7,0,0
8342,7,1,0
8342,7,2,0
8343,1,0,1
8343,2,1,1
8343,3,0,1
8343,3,1,1
8343,4,2,1
8343,5,0,1
8343,5,2,1
8343,6,1,1
8343,6,2,1
8343,7,0,1
8343,7,1,1
8343,7,2,1
8344,1,0,1
8344,2,1,1
8344,3,0,1
8344,3,1,1
8344,4,2,1
8344,5,0,1
8344,5,2,1
8344,6,1,1
8344,6,2,1
8344,7,0,1
8344,7,1,1
8344,7,2,1
8345,1,0,0
8345,2,1,0
8345,3,0,0
8345,3,1,0
8345,4,2,0
8345,5,0,0
8345,5,2,0
8345,6,1,0
8345,6,2,0
8345,7,0,0
8345,7,1,0
8345,7,2,0
8346,1,0,0
8346,2,1,0
8346,3,0,0
8346,3,1,0
8346,4,2,0
8346,5,0,0
8346,5,2,0
8346,6,1,0
8346,6,2,0
8346,7,0,0
8346,7,1,0
8346,7,2,0
8347,1,0,0
8347,2,1,0
8347,3,0,0
8347,3,1,0
8347,4,2,0
8347,5,0,0
8347,5,2,0
8347,6,1,0
8347,6,2,0
8347,7,0,0
8347,7,1,0
8347,7,2,0
8348,1,0,0
8348,2,1,0
8348,3,0,0
8348,3,1,0
8348,4,2,0
8348,5,0,0
8348,5,2,0
8348,6,1,0
8348,6,2,0
8348,7,0,0
8348,7,1,0
8348,7,2,0
8349,1,0,0
8349,2,1,0
8349,3,0,0
8349,3,1,0
8349,4,2,0
8349,5,0,0
8349,5,2,0
8349,6,1,0
8349,6,2,0
8349,7,0,0
8349,7,1,0
8349,7,2,0
8350,1,0,0
8350,2,1,0
8350,3,0,0
8350,3,1,0
8350,4,2,0
8350,5,0,0
8350,5,2,0
8350,6,1,0
8350,6,2,0
8350,7,0,0
8350,7,1,0
8350,7,2,0
8351,1,0,0
8351,2,1,0
8351,3,0,0
8351,3,1,0
8351,4,2,0
8351,5,0,0
8351,5,2,0
8351,6,1,0
8351,6,2,0
8351,7,0,0
8351,7,1,0
8351,7,2,0
8352,1,0,0
8352,2,1,0
8352,3,0,0
8352,3,1,0
8352,4,2,0
8352,5,0,0
8352,5,2,0
8352,6,1,0
8352,6,2,0
8352,7,0,0
8352,7,1,0
8352,7,2,0
8353,1,0,0
8353,2,1,0
8353,3,0,0
8353,3,1,0
8353,4,2,0
8353,5,0,0
8353,5,2,0
8353,6,1,0
8353,6,2,0
8353,7,0,0
8353,7,1,0
8353,7,2,0
8354,1,0,0
8354,2,1,0
8354,3,0,0
8354,3,1,0
8354,4,2,0
8354,5,0,0
8354,5,2,0
8354,6,1,0
8354,6,2,0
8354,7,0,0
8354,7,1,0
8354,7,2,0
8355,1,0,0
8355,2,1,0
8355,3,0,0
8355,3,1,0
8355,4,2,0
8355,5,0,0
8355,5,2,0
8355,6,1,0
8355,6,2,0
8355,7,0,0
8355,7,1,0
8355,7,2,0
8356,1,0,0
8356,2,1,0
8356,3,0,0
8356,3,1,0
8356,4,2,0
8356,5,0,0
8356,5,2,0
8356,6,1,0
8356,6,2,0
8356,7,0,0
8356,7,1,0
8356,7,2,0
8357,1,0,0
8357,2,1,0
8357,3,0,0
8357,3,1,0
8357,4,2,0
8357,5,0,0
8357,5,2,0
8357,6,1,0
8357,6,2,0
8357,7,0,0
8357,7,1,0
8357,7,2,0
8358,1,0,0
8358,2,1,0
8358,3,0,0
8358,3,1,0
8358,4,2,0
8358,5,0,0
8358,5,2,0
8358,6,1,0
8358,6,2,0
8358,7,0,0
8358,7,1,0
8358,7,2,0
8359,1,0,0
8359,2,1,0
8359,3,0,0
8359,3,1,0
8359,4,2,0
8359,5,0,0
8359,5,2,0
8359,6,1,0
8359,6,2,0
8359,7,0,0
8359,7,1,0
8359,7,2,0
8360,1,0,0
8360,2,1,0
8360,3,0,0
8360,3,1,0
8360,4,2,0
8360,5,0,0
8360,5,2,0
8360,6,1,0
8360,6,2,0
8360,7,0,0
8360,7,1,0
8360,7,2,0
8361,1,0,0
8361,2,1,0
8361,3,0,0
8361,3,1,0
8361,4,2,0
8361,5,0,0
8361,5,2,0
8361,6,1,0
8361,6,2,0
8361,7,0,0
8361,7,1,0
8361,7,2,0
8362,1,0,0
8362,2,1,0
8362,3,0,0
8362,3,1,0
8362,4,2,0
8362,5,0,0
8362,5,2,0
8362,6,1,0
8362,6,2,0
8362,7,0,0
8362,7,1,0
8362,7,2,0
8363,1,0,0
8363,2,1,0
8363,3,0,0
8363,3,1,0
8363,4,2,0
8363,5,0,0
8363,5,2,0
8363,6,1,0
8363,6,2,0
8363,7,0,0
8363,7,1,0
8363,7,2,0
8364,1,0,0
8364,2,1,0
8364,3,0,0
8364,3,1,0
8364,4,2,0
8364,5,0,0
8364,5,2,0
8364,6,1,0
8364,6,2,0
8364,7,0,0
8364,7,1,0
8364,7,2,0
8365,1,0,0
8365,2,1,0
8365,3,0,0
8365,3,1,0
8365,4,2,0
8365,5,0,0
8365,5,2,0
8365,6,1,0
8365,6,2,0
8365,7,0,0
8365,7,1,0
8365,7,2,0
8366,1,0,0
8366,2,1,0
8366,3,0,0
8366,3,1,0
8366,4,2,0
8366,5,0,0
8366,5,2,0
8366,6,1,0
8366,6,2,0
8366,7,0,0
8366,7,1,0
8366,7,2,0
8367,1,0,0
8367,2,1,0
8367,3,0,0
8367,3,1,0
8367,4,2,0
8367,5,0,0
8367,5,2,0
8367,6,1,0
8367,6,2,0
8367,7,0,0
8367,7,1,0
8367,7,2,0
8368,1,0,0
8368,2,1,0
8368,3,0,0
8368,3,1,0
8368,4,2,0
8368,5,0,0
8368,5,2,0
8368,6,1,0
8368,6,2,0
8368,7,0,0
8368,7,1,0
8368,7,2,0
8369,1,0,0
8369,2,1,0
8369,3,0,0
8369,3,1,0
8369,4,2,0
8369,5,0,0
8369,5,2,0
8369,6,1,0
8369,6,2,0
8369,7,0,0
8369,7,1,0
8369,7,2,0
8370,1,0,1
8370,2,1,1
8370,3,0,1
8370,3,1,1
8370,4,2,1
8370,5,0,1
8370,5,2,1
8370,6,1,1
8370,6,2,1
8370,7,0,1
8370,7,1,1
8370,7,2,1
8371,1,0,1
8371,2,1,1
8371,3,0,1
8371,3,1,1
8371,4,2,1
8371,5,0,1
8371,5,2,1
8371,6,1,1
8371,6,2,1
8371,7,0,1
8371,7,1,1
8371,7,2,1
8372,1,0,0
8372,2,1,0
8372,3,0,0
8372,3,1,0
8372,4,2,0
8372,5,0,0
8372,5,2,0
8372,6,1,0
8372,6,2,0
8372,7,0,0
8372,7,1,0
8372,7,2,0
8373,1,0,0
8373,2,1,0
8373,3,0,0
8373,3,1,0
8373,4,2,0
8373,5,0,0
8373,5,2,0
8373,6,1,0
8373,6,2,0
8373,7,0,0
8373,7,1,0
8373,7,2,0
8374,1,0,0
8374,2,1,0
8374,3,0,0
8374,3,1,0
8374,4,2,0
8374,5,0,0
8374,5,2,0
8374,6,1,0
8374,6,2,0
8374,7,0,0
8374,7,1,0
8374,7,2,0
8375,1,0,0
8375,2,1,0
8375,3,0,0
8375,3,1,0
8375,4,2,0
8375,5,0,0
8375,5,2,0
8375,6,1,0
8375,6,2,0
8375,7,0,0
8375,7,1,0
8375,7,2,0
8376,1,0,0
8376,2,1,0
8376,3,0,0
8376,3,1,0
8376,4,2,0
8376,5,0,0
8376,5,2,0
8376,6,1,0
8376,6,2,0
8376,7,0,0
8376,7,1,0
8376,7,2,0
8377,1,0,0
8377,2,1,0
8377,3,0,0
8377,3,1,0
8377,4,2,0
8377,5,0,0
8377,5,2,0
8377,6,1,0
8377,6,2,0
8377,7,0,0
8377,7,1,0
8377,7,2,0
8378,1,0,0
8378,2,1,0
8378,3,0,0
8378,3,1,0
8378,4,2,0
8378,5,0,0
8378,5,2,0
8378,6,1,0
8378,6,2,0
8378,7,0,0
8378,7,1,0
8378,7,2,0
8379,1,0,0
8379,2,1,0
8379,3,0,0
8379,3,1,0
8379,4,2,0
8379,5,0,0
8379,5,2,0
8379,6,1,0
8379,6,2,0
8379,7,0,0
8379,7,1,0
8379,7,2,0
8380,1,0,0
8380,2,1,0
8380,3,0,0
8380,3,1,0
8380,4,2,0
8380,5,0,0
8380,5,2,0
8380,6,1,0
8380,6,2,0
8380,7,0,0
8380,7,1,0
8380,7,2,0
8381,1,0,0
8381,2,1,0
8381,3,0,0
8381,3,1,0
8381,4,2,0
8381,5,0,0
8381,5,2,0
8381,6,1,0
8381,6,2,0
8381,7,0,0
8381,7,1,0
8381,7,2,0
8382,1,0,0
8382,2,1,0
8382,3,0,0
8382,3,1,0
8382,4,2,0
8382,5,0,0
8382,5,2,0
8382,6,1,0
8382,6,2,0
8382,7,0,0
8382,7,1,0
8382,7,2,0
8383,1,0,0
8383,2,1,0
8383,3,0,0
8383,3,1,0
8383,4,2,0
8383,5,0,0
8383,5,2,0
8383,6,1,0
8383,6,2,0
8383,7,0,0
8383,7,1,0
8383,7,2,0
8384,1,0,0
8384,2,1,0
8384,3,0,0
8384,3,1,0
8384,4,2,0
8384,5,0,0
8384,5,2,0
8384,6,1,0
8384,6,2,0
8384,7,0,0
8384,7,1,0
8384,7,2,0
8385,1,0,0
8385,2,1,0
8385,3,0,0
8385,3,1,0
8385,4,2,0
8385,5,0,0
8385,5,2,0
8385,6,1,0
8385,6,2,0
8385,7,0,0
8385,7,1,0
8385,7,2,0
8386,1,0,0
8386,2,1,0
8386,3,0,0
8386,3,1,0
8386,4,2,0
8386,5,0,0
8386,5,2,0
8386,6,1,0
8386,6,2,0
8386,7,0,0
8386,7,1,0
8386,7,2,0
8387,1,0,0
8387,2,1,0
8387,3,0,0
8387,3,1,0
8387,4,2,0
8387,5,0,0
8387,5,2,0
8387,6,1,0
8387,6,2,0
8387,7,0,0
8387,7,1,0
8387,7,2,0
8388,1,0,0
8388,2,1,0
8388,3,0,0
8388,3,1,0
8388,4,2,0
8388,5,0,0
8388,5,2,0
8388,6,1,0
8388,6,2,0
8388,7,0,0
8388,7,1,0
8388,7,2,0
8389,1,0,0
8389,2,1,0
8389,3,0,0
8389,3,1,0
8389,4,2,0
8389,5,0,0
8389,5,2,0
8389,6,1,0
8389,6,2,0
8389,7,0,0
8389,7,1,0
8389,7,2,0
8390,1,0,0
8390,2,1,0
8390,3,0,0
8390,3,1,0
8390,4,2,0
8390,5,0,0
8390,5,2,0
8390,6,1,0
8390,6,2,0
8390,7,0,0
8390,7,1,0
8390,7,2,0
8391,1,0,0
8391,2,1,0
8391,3,0,0
8391,3,1,0
8391,4,2,0
8391,5,0,0
8391,5,2,0
8391,6,1,0
8391,6,2,0
8391,7,0,0
8391,7,1,0
8391,7,2,0
8392,1,0,0
8392,2,1,0
8392,3,0,0
8392,3,1,0
8392,4,2,0
8392,5,0,0
8392,5,2,0
8392,6,1,0
8392,6,2,0
8392,7,0,0
8392,7,1,0
8392,7,2,0
8393,1,0,0
8393,2,1,0
8393,3,0,0
8393,3,1,0
8393,4,2,0
8393,5,0,0
8393,5,2,0
8393,6,1,0
8393,6,2,0
8393,7,0,0
8393,7,1,0
8393,7,2,0
8394,1,0,0
8394,2,1,0
8394,3,0,0
8394,3,1,0
8394,4,2,0
8394,5,0,0
8394,5,2,0
8394,6,1,0
8394,6,2,0
8394,7,0,0
8394,7,1,0
8394,7,2,0
8395,1,0,0
8395,2,1,0
8395,3,0,0
8395,3,1,0
8395,4,2,0
8395,5,0,0
8395,5,2,0
8395,6,1,0
8395,6,2,0
8395,7,0,0
8395,7,1,0
8395,7,2,0
8396,1,0,0
8396,2,1,0
8396,3,0,0
8396,3,1,0
8396,4,2,0
8396,5,0,0
8396,5,2,0
8396,6,1,0
8396,6,2,0
8396,7,0,0
8396,7,1,0
8396,7,2,0
8397,1,0,1
8397,2,1,1
8397,3,0,1
8397,3,1,1
8397,4,2,1
8397,5,0,1
8397,5,2,1
8397,6,1,1
8397,6,2,1
8397,7,0,1
8397,7,1,1
8397,7,2,1
8398,1,0,1
8398,2,1,1
8398,3,0,1
8398,3,1,1
8398,4,2,1
8398,5,0,1
8398,5,2,1
8398,6,1,1
8398,6,2,1
8398,7,0,1
8398,7,1,1
8398,7,2,1
8399,1,0,0
8399,2,1,0
8399,3,0,0
8399,3,1,0
8399,4,2,0
8399,5,0,0
8399,5,2,0
8399,6,1,0
8399,6,2,0
8399,7,0,0
8399,7,1,0
8399,7,2,0
8400,1,0,0
8400,2,1,0
8400,3,0,0
8400,3,1,0
8400,4,2,0
8400,5,0,0
8400,5,2,0
8400,6,1,0
8400,6,2,0
8400,7,0,0
8400,7,1,0
8400,7,2,0
8401,1,0,0
8401,2,1,0
8401,3,0,0
8401,3,1,0
8401,4,2,0
8401,5,0,0
8401,5,2,0
8401,6,1,0
8401,6,2,0
8401,7,0,0
8401,7,1,0
8401,7,2,0
8402,1,0,0
8402,2,1,0
8402,3,0,0
8402,3,1,0
8402,4,2,0
8402,5,0,0
8402,5,2,0
8402,6,1,0
8402,6,2,0
8402,7,0,0
8402,7,1,0
8402,7,2,0
8403,1,0,0
8403,2,1,0
8403,3,0,0
8403,3,1,0
8403,4,2,0
8403,5,0,0
8403,5,2,0
8403,6,1,0
8403,6,2,0
8403,7,0,0
8403,7,1,0
8403,7,2,0
8404,1,0,0
8404,2,1,0
8404,3,0,0
8404,3,1,0
8404,4,2,0
8404,5,0,0
8404,5,2,0
8404,6,1,0
8404,6,2,0
8404,7,0,0
8404,7,1,0
8404,7,2,0
8405,1,0,0
8405,2,1,0
8405,3,0,0
8405,3,1,0
8405,4,2,0
8405,5,0,0
8405,5,2,0
8405,6,1,0
8405,6,2,0
8405,7,0,0
8405,7,1,0
8405,7,2,0
8406,1,0,0
8406,2,1,0
8406,3,0,0
8406,3,1,0
8406,4,2,0
8406,5,0,0
8406,5,2,0
8406,6,1,0
8406,6,2,0
8406,7,0,0
8406,7,1,0
8406,7,2,0
8407,1,0,0
8407,2,1,0
8407,3,0,0
8407,3,1,0
8407,4,2,0
8407,5,0,0
8407,5,2,0
8407,6,1,0
8407,6,2,0
8407,7,0,0
8407,7,1,0
8407,7,2,0
8408,1,0,0
8408,2,1,0
8408,3,0,0
8408,3,1,0
8408,4,2,0
8408,5,0,0
8408,5,2,0
8408,6,1,0
8408,6,2,0
8408,7,0,0
8408,7,1,0
8408,7,2,0
8409,1,0,0
8409,2,1,0
8409,3,0,0
8409,3,1,0
8409,4,2,0
8409,5,0,0
8409,5,2,0
8409,6,1,0
8409,6,2,0
8409,7,0,0
8409,7,1,0
8409,7,2,0
8410,1,0,0
8410,2,1,0
8410,3,0,0
8410,3,1,0
8410,4,2,0
8410,5,0,0
8410,5,2,0
8410,6,1,0
8410,6,2,0
8410,7,0,0
8410,7,1,0
8410,7,2,0
8411,1,0,0
8411,2,1,0
8411,3,0,0
8411,3,1,0
8411,4,2,0
8411,5,0,0
8411,5,2,0
8411,6,1,0
8411,6,2,0
8411,7,0,0
8411,7,1,0
8411,7,2,0
8412,1,0,0
8412,2,1,0
8412,3,0,0
8412,3,1,0
8412,4,2,0
8412,5,0,0
8412,5,2,0
8412,6,1,0
8412,6,2,0
8412,7,0,0
8412,7,1,0
8412,7,2,0
8413,1,0,0
8413,2,1,0
8413,3,0,0
8413,3,1,0
8413,4,2,0
8413,5,0,0
8413,5,2,0
8413,6,1,0
8413,6,2,0
8413,7,0,0
8413,7,1,0
8413,7,2,0
8414,1,0,0
8414,2,1,0
8414,3,0,0
8414,3,1,0
8414,4,2,0
8414,5,0,0
8414,5,2,0
8414,6,1,0
8414,6,2,0
8414,7,0,0
8414,7,1,0
8414,7,2,0
8415,1,0,0
8415,2,1,0
8415,3,0,0
8415,3,1,0
8415,4,2,0
8415,5,0,0
8415,5,2,0
8415,6,1,0
8415,6,2,0
8415,7,0,0
8415,7,1,0
8415,7,2,0
8416,1,0,0
8416,2,1,0
8416,3,0,0
8416,3,1,0
8416,4,2,0
8416,5,0,0
8416,5,2,0
8416,6,1,0
8416,6,2,0
8416,7,0,0
8416,7,1,0
8416,7,2,0
8417,1,0,0
8417,2,1,0
8417,3,0,0
8417,3,1,0
8417,4,2,0
8417,5,0,0
8417,5,2,0
8417,6,1,0
8417,6,2,0
8417,7,0,0
8417,7,1,0
8417,7,2,0
8418,1,0,0
8418,2,1,0
8418,3,0,0
8418,3,1,0
8418,4,2,0
8418,5,0,0
8418,5,2,0
8418,6,1,0
8418,6,2,0
8418,7,0,0
8418,7,1,0
8418,7,2,0
8419,1,0,0
8419,2,1,0
8419,3,0,0
8419,3,1,0
8419,4,2,0
8419,5,0,0
8419,5,2,0
8419,6,1,0
8419,6,2,0
8419,7,0,0
8419,7,1,0
8419,7,2,0
8420,1,0,0
8420,2,1,0
8420,3,0,0
8420,3,1,0
8420,4,2,0
8420,5,0,0
8420,5,2,0
8420,6,1,0
8420,6,2,0
8420,7,0,0
8420,7,1,0
8420,7,2,0
8421,1,0,0
8421,2,1,0
8421,3,0,0
8421,3,1,0
8421,4,2,0
8421,5,0,0
8421,5,2,0
8421,6,1,0
8421,6,2,0
8421,7,0,0
8421,7,1,0
8421,7,2,0
8422,1,0,0
8422,2,1,0
8422,3,0,0
8422,3,1,0
8422,4,2,0
8422,5,0,0
8422,5,2,0
8422,6,1,0
8422,6,2,0
8422,7,0,0
8422,7,1,0
8422,7,2,0
8423,1,0,0
8423,2,1,0
8423,3,0,0
8423,3,1,0
8423,4,2,0
8423,5,0,0
8423,5,2,0
8423,6,1,0
8423,6,2,0
8423,7,0,0
8423,7,1,0
8423,7,2,0
8424,1,0,1
8424,2,1,0
8424,3,0,1
8424,3,1,0
8424,4,2,1
8424,5,0,1
8424,5,2,1
8424,6,1,0
8424,6,2,1
8424,7,0,1
8424,7,1,0
8424,7,2,1
8425,1,0,1
8425,2,1,0
8425,3,0,1
8425,3,1,0
8425,4,2,1
8425,5,0,1
8425,5,2,1
8425,6,1,0
8425,6,2,1
8425,7,0,1
8425,7,1,0
8425,7,2,1
8426,1,0,0
8426,2,1,0
8426,3,0,0
8426,3,1,0
8426,4,2,0
8426,5,0,0
8426,5,2,0
8426,6,1,0
8426,6,2,0
8426,7,0,0
8426,7,1,0
8426,7,2,0
8427,1,0,0
8427,2,1,0
8427,3,0,0
8427,3,1,0
8427,4,2,0
8427,5,0,0
8427,5,2,0
8427,6,1,0
8427,6,2,0
8427,7,0,0
8427,7,1,0
8427,7,2,0
8428,1,0,0
8428,2,1,0
8428,3,0,0
8428,3,1,0
8428,4,2,0
8428,5,0,0
8428,5,2,0
8428,6,1,0
8428,6,2,0
8428,7,0,0
8428,7,1,0
8428,7,2,0
8429,1,0,0
8429,2,1,0
8429,3,0,0
8429,3,1,0
8429,4,2,0
8429,5,0,0
8429,5,2,0
8429,6,1,0
8429,6,2,0
8429,7,0,0
8429,7,1,0
8429,7,2,0
8430,1,0,0
8430,2,1,0
8430,3,0,0
8430,3,1,0
8430,4,2,0
8430,5,0,0
8430,5,2,0
8430,6,1,0
8430,6,2,0
8430,7,0,0
8430,7,1,0
8430,7,2,0
8431,1,0,0
8431,2,1,0
8431,3,0,0
8431,3,1,0
8431,4,2,0
8431,5,0,0
8431,5,2,0
8431,6,1,0
8431,6,2,0
8431,7,0,0
8431,7,1,0
8431,7,2,0
8432,1,0,0
8432,2,1,0
8432,3,0,0
8432,3,1,0
8432,4,2,0
8432,5,0,0
8432,5,2,0
8432,6,1,0
8432,6,2,0
8432,7,0,0
8432,7,1,0
8432,7,2,0
8433,1,0,0
8433,2,1,0
8433,3,0,0
8433,3,1,0
8433,4,2,0
8433,5,0,0
8433,5,2,0
8433,6,1,0
8433,6,2,0
8433,7,0,0
8433,7,1,0
8433,7,2,0
8434,1,0,0
8434,2,1,0
8434,3,0,0
8434,3,1,0
8434,4,2,0
8434,5,0,0
8434,5,2,0
8434,6,1,0
8434,6,2,0
8434,7,0,0
8434,7,1,0
8434,7,2,0
8435,1,0,0
8435,2,1,0
8435,3,0,0
8435,3,1,0
8435,4,2,0
8435,5,0,0
8435,5,2,0
8435,6,1,0
8435,6,2,0
8435,7,0,0
8435,7,1,0
8435,7,2,0
8436,1,0,0
8436,2,1,0
8436,3,0,0
8436,3,1,0
8436,4,2,0
8436,5,0,0
8436,5,2,0
8436,6,1,0
8436,6,2,0
8436,7,0,0
8436,7,1,0
8436,7,2,0
8437,1,0,0
8437,2,1,0
8437,3,0,0
8437,3,1,0
8437,4,2,0
8437,5,0,0
8437,5,2,0
8437,6,1,0
8437,6,2,0
8437,7,0,0
8437,7,1,0
8437,7,2,0
8438,1,0,0
8438,2,1,0
8438,3,0,0
8438,3,1,0
8438,4,2,0
8438,5,0,0
8438,5,2,0
8438,6,1,0
8438,6,2,0
8438,7,0,0
8438,7,1,0
8438,7,2,0
8439,1,0,0
8439,2,1,0
8439,3,0,0
8439,3,1,0
8439,4,2,0
8439,5,0,0
8439,5,2,0
8439,6,1,0
8439,6,2,0
8439,7,0,0
8439,7,1,0
8439,7,2,0
8440,1,0,0
8440,2,1,0
8440,3,0,0
8440,3,1,0
8440,4,2,0
8440,5,0,0
8440,5,2,0
8440,6,1,0
8440,6,2,0
8440,7,0,0
8440,7,1,0
8440,7,2,0
8441,1,0,0
8441,2,1,0
8441,3,0,0
8441,3,1,0
8441,4,2,0
8441,5,0,0
8441,5,2,0
8441,6,1,0
8441,6,2,0
8441,7,0,0
8441,7,1,0
8441,7,2,0
8442,1,0,0
8442,2,1,0
8442,3,0,0
8442,3,1,0
8442,4,2,0
8442,5,0,0
8442,5,2,0
8442,6,1,0
8442,6,2,0
8442,7,0,0
8442,7,1,0
8442,7,2,0
8443,1,0,0
8443,2,1,0
8443,3,0,0
8443,3,1,0
8443,4,2,0
8443,5,0,0
8443,5,2,0
8443,6,1,0
8443,6,2,0
8443,7,0,0
8443,7,1,0
8443,7,2,0
8444,1,0,0
8444,2,1,0
8444,3,0,0
8444,3,1,0
8444,4,2,0
8444,5,0,0
8444,5,2,0
8444,6,1,0
8444,6,2,0
8444,7,0,0
8444,7,1,0
8444,7,2,0
8445,1,0,0
8445,2,1,0
8445,3,0,0
8445,3,1,0
8445,4,2,0
8445,5,0,0
8445,5,2,0
8445,6,1,0
8445,6,2,0
8445,7,0,0
8445,7,1,0
8445,7,2,0
8446,1,0,0
8446,2,1,0
8446,3,0,0
8446,3,1,0
8446,4,2,0
8446,5,0,0
8446,5,2,0
8446,6,1,0
8446,6,2,0
8446,7,0,0
8446,7,1,0
8446,7,2,0
8447,1,0,0
8447,2,1,0
8447,3,0,0
8447,3,1,0
8447,4,2,0
8447,5,0,0
8447,5,2,0
8447,6,1,0
8447,6,2,0
8447,7,0,0
8447,7,1,0
8447,7,2,0
8448,1,0,0
8448,2,1,0
8448,3,0,0
8448,3,1,0
8448,4,2,0
8448,5,0,0
8448,5,2,0
8448,6,1,0
8448,6,2,0
8448,7,0,0
8448,7,1,0
8448,7,2,0
8449,1,0,0
8449,2,1,0
8449,3,0,0
8449,3,1,0
8449,4,2,0
8449,5,0,0
8449,5,2,0
8449,6,1,0
8449,6,2,0
8449,7,0,0
8449,7,1,0
8449,7,2,0
8450,1,0,0
8450,2,1,0
8450,3,0,0
8450,3,1,0
8450,4,2,0
8450,5,0,0
8450,5,2,0
8450,6,1,0
8450,6,2,0
8450,7,0,0
8450,7,1,0
8450,7,2,0
8451,1,0,1
8451,2,1,0
8451,3,0,1
8451,3,1,0
8451,4,2,1
8451,5,0,1
8451,5,2,1
8451,6,1,0
8451,6,2,1
8451,7,0,1
8451,7,1,0
8451,7,2,1
8452,1,0,1
8452,2,1,0
8452,3,0,1
8452,3,1,0
8452,4,2,1
8452,5,0,1
8452,5,2,1
8452,6,1,0
8452,6,2,1
8452,7,0,1
8452,7,1,0
8452,7,2,1
8453,1,0,0
8453,2,1,0
8453,3,0,0
8453,3,1,0
8453,4,2,0
8453,5,0,0
8453,5,2,0
8453,6,1,0
8453,6,2,0
8453,7,0,0
8453,7,1,0
8453,7,2,0
8454,1,0,0
8454,2,1,0
8454,3,0,0
8454,3,1,0
8454,4,2,0
8454,5,0,0
8454,5,2,0
8454,6,1,0
8454,6,2,0
8454,7,0,0
8454,7,1,0
8454,7,2,0
8455,1,0,0
8455,2,1,0
8455,3,0,0
8455,3,1,0
8455,4,2,0
8455,5,0,0
8455,5,2,0
8455,6,1,0
8455,6,2,0
8455,7,0,0
8455,7,1,0
8455,7,2,0
8456,1,0,0
8456,2,1,0
8456,3,0,0
8456,3,1,0
8456,4,2,0
8456,5,0,0
8456,5,2,0
8456,6,1,0
8456,6,2,0
8456,7,0,0
8456,7,1,0
8456,7,2,0
8457,1,0,0
8457,2,1,0
8457,3,0,0
8457,3,1,0
8457,4,2,0
8457,5,0,0
8457,5,2,0
8457,6,1,0
8457,6,2,0
8457,7,0,0
8457,7,1,0
8457,7,2,0
8458,1,0,0
8458,2,1,0
8458,3,0,0
8458,3,1,0
8458,4,2,0
8458,5,0,0
8458,5,2,0
8458,6,1,0
8458,6,2,0
8458,7,0,0
8458,7,1,0
8458,7,2,0
8459,1,0,0
8459,2,1,0
8459,3,0,0
8459,3,1,0
8459,4,2,0
8459,5,0,0
8459,5,2,0
8459,6,1,0
8459,6,2,0
8459,7,0,0
8459,7,1,0
8459,7,2,0
8460,1,0,0
8460,2,1,0
8460,3,0,0
8460,3,1,0
8460,4,2,0
8460,5,0,0
8460,5,2,0
8460,6,1,0
8460,6,2,0
8460,7,0,0
8460,7,1,0
8460,7,2,0
8461,1,0,0
8461,2,1,0
8461,3,0,0
8461,3,1,0
8461,4,2,0
8461,5,0,0
8461,5,2,0
8461,6,1,0
8461,6,2,0
8461,7,0,0
8461,7,1,0
8461,7,2,0
8462,1,0,0
8462,2,1,0
8462,3,0,0
8462,3,1,0
8462,4,2,0
8462,5,0,0
8462,5,2,0
8462,6,1,0
8462,6,2,0
8462,7,0,0
8462,7,1,0
8462,7,2,0
8463,1,0,0
8463,2,1,0
8463,3,0,0
8463,3,1,0
8463,4,2,0
8463,5,0,0
8463,5,2,0
8463,6,1,0
8463,6,2,0
8463,7,0,0
8463,7,1,0
8463,7,2,0
8464,1,0,0
8464,2,1,0
8464,3,0,0
8464,3,1,0
8464,4,2,0
8464,5,0,0
8464,5,2,0
8464,6,1,0
8464,6,2,0
8464,7,0,0
8464,7,1,0
8464,7,2,0
8465,1,0,0
8465,2,1,0
8465,3,0,0
8465,3,1,0
8465,4,2,0
8465,5,0,0
8465,5,2,0
8465,6,1,0
8465,6,2,0
8465,7,0,0
8465,7,1,0
8465,7,2,0
8466,1,0,0
8466,2,1,0
8466,3,0,0
8466,3,1,0
8466,4,2,0
8466,5,0,0
8466,5,2,0
8466,6,1,0
8466,6,2,0
8466,7,0,0
8466,7,1,0
8466,7,2,0
8467,1,0,0
8467,2,1,0
8467,3,0,0
8467,3,1,0
8467,4,2,0
8467,5,0,0
8467,5,2,0
8467,6,1,0
8467,6,2,0
8467,7,0,0
8467,7,1,0
8467,7,2,0
8468,1,0,0
8468,2,1,0
8468,3,0,0
8468,3,1,0
8468,4,2,0
8468,5,0,0
8468,5,2,0
8468,6,1,0
8468,6,2,0
8468,7,0,0
8468,7,1,0
8468,7,2,0
8469,1,0,0
8469,2,1,0
8469,3,0,0
8469,3,1,0
8469,4,2,0
8469,5,0,0
8469,5,2,0
8469,6,1,0
8469,6,2,0
8469,7,0,0
8469,7,1,0
8469,7,2,0
8470,1,0,0
8470,2,1,0
8470,3,0,0
8470,3,1,0
8470,4,2,0
8470,5,0,0
8470,5,2,0
8470,6,1,0
8470,6,2,0
8470,7,0,0
8470,7,1,0
8470,7,2,0
8471,1,0,0
8471,2,1,0
8471,3,0,0
8471,3,1,0
8471,4,2,0
8471,5,0,0
8471,5,2,0
8471,6,1,0
8471,6,2,0
8471,7,0,0
8471,7,1,0
8471,7,2,0
8472,1,0,0
8472,2,1,0
8472,3,0,0
8472,3,1,0
8472,4,2,0
8472,5,0,0
8472,5,2,0
8472,6,1,0
8472,6,2,0
8472,7,0,0
8472,7,1,0
8472,7,2,0
8473,1,0,0
8473,2,1,0
8473,3,0,0
8473,3,1,0
8473,4,2,0
8473,5,0,0
8473,5,2,0
8473,6,1,0
8473,6,2,0
8473,7,0,0
8473,7,1,0
8473,7,2,0
8474,1,0,0
8474,2,1,0
8474,3,0,0
8474,3,1,0
8474,4,2,0
8474,5,0,0
8474,5,2,0
8474,6,1,0
8474,6,2,0
8474,7,0,0
8474,7,1,0
8474,7,2,0
8475,1,0,0
8475,2,1,0
8475,3,0,0
8475,3,1,0
8475,4,2,0
8475,5,0,0
8475,5,2,0
8475,6,1,0
8475,6,2,0
8475,7,0,0
8475,7,1,0
8475,7,2,0
8476,1,0,0
8476,2,1,0
8476,3,0,0
8476,3,1,0
8476,4,2,0
8476,5,0,0
8476,5,2,0
8476,6,1,0
8476,6,2,0
8476,7,0,0
8476,7,1,0
8476,7,2,0
8477,1,0,0
8477,2,1,0
8477,3,0,0
8477,3,1,0
8477,4,2,0
8477,5,0,0
8477,5,2,0
8477,6,1,0
8477,6,2,0
8477,7,0,0
8477,7,1,0
8477,7,2,0
8478,1,0,1
8478,2,1,0
8478,3,0,1
8478,3,1,0
8478,4,2,1
8478,5,0,1
8478,5,2,1
8478,6,1,0
8478,6,2,1
8478,7,0,1
8478,7,1,0
8478,7,2,1
8479,1,0,1
8479,2,1,0
8479,3,0,1
8479,3,1,0
8479,4,2,1
8479,5,0,1
8479,5,2,1
8479,6,1,0
8479,6,2,1
8479,7,0,1
8479,7,1,0
8479,7,2,1
8480,1,0,0
8480,2,1,0
8480,3,0,0
8480,3,1,0
8480,4,2,0
8480,5,0,0
8480,5,2,0
8480,6,1,0
8480,6,2,0
8480,7,0,0
8480,7,1,0
8480,7,2,0
8481,1,0,0
8481,2,1,0
8481,3,0,0
8481,3,1,0
8481,4,2,0
8481,5,0,0
8481,5,2,0
8481,6,1,0
8481,6,2,0
8481,7,0,0
8481,7,1,0
8481,7,2,0
8482,1,0,0
8482,2,1,0
8482,3,0,0
8482,3,1,0
8482,4,2,0
8482,5,0,0
8482,5,2,0
8482,6,1,0
8482,6,2,0
8482,7,0,0
8482,7,1,0
8482,7,2,0
8483,1,0,0
8483,2,1,0
8483,3,0,0
8483,3,1,0
8483,4,2,0
8483,5,0,0
8483,5,2,0
8483,6,1,0
8483,6,2,0
8483,7,0,0
8483,7,1,0
8483,7,2,0
8484,1,0,0
8484,2,1,0
8484,3,0,0
8484,3,1,0
8484,4,2,0
8484,5,0,0
8484,5,2,0
8484,6,1,0
8484,6,2,0
8484,7,0,0
8484,7,1,0
8484,7,2,0
8485,1,0,0
8485,2,1,0
8485,3,0,0
8485,3,1,0
8485,4,2,0
8485,5,0,0
8485,5,2,0
8485,6,1,0
8485,6,2,0
8485,7,0,0
8485,7,1,0
8485,7,2,0
8486,1,0,0
8486,2,1,0
8486,3,0,0
8486,3,1,0
8486,4,2,0
8486,5,0,0
8486,5,2,0
8486,6,1,0
8486,6,2,0
8486,7,0,0
8486,7,1,0
8486,7,2,0
8487,1,0,0
8487,2,1,0
8487,3,0,0
8487,3,1,0
8487,4,2,0
8487,5,0,0
8487,5,2,0
8487,6,1,0
8487,6,2,0
8487,7,0,0
8487,7,1,0
8487,7,2,0
8488,1,0,0
8488,2,1,0
8488,3,0,0
8488,3,1,0
8488,4,2,0
8488,5,0,0
8488,5,2,0
8488,6,1,0
8488,6,2,0
8488,7,0,0
8488,7,1,0
8488,7,2,0
8489,1,0,0
8489,2,1,0
8489,3,0,0
8489,3,1,0
8489,4,2,0
8489,5,0,0
8489,5,2,0
8489,6,1,0
8489,6,2,0
8489,7,0,0
8489,7,1,0
8489,7,2,0
8490,1,0,0
8490,2,1,0
8490,3,0,0
8490,3,1,0
8490,4,2,0
8490,5,0,0
8490,5,2,0
8490,6,1,0
8490,6,2,0
8490,7,0,0
8490,7,1,0
8490,7,2,0
8491,1,0,0
8491,2,1,0
8491,3,0,0
8491,3,1,0
8491,4,2,0
8491,5,0,0
8491,5,2,0
8491,6,1,0
8491,6,2,0
8491,7,0,0
8491,7,1,0
8491,7,2,0
8492,1,0,0
8492,2,1,0
8492,3,0,0
8492,3,1,0
8492,4,2,0
8492,5,0,0
8492,5,2,0
8492,6,1,0
8492,6,2,0
8492,7,0,0
8492,7,1,0
8492,7,2,0
8493,1,0,0
8493,2,1,0
8493,3,0,0
8493,3,1,0
8493,4,2,0
8493,5,0,0
8493,5,2,0
8493,6,1,0
8493,6,2,0
8493,7,0,0
8493,7,1,0
8493,7,2,0
8494,1,0,0
8494,2,1,0
8494,3,0,0
8494,3,1,0
8494,4,2,0
8494,5,0,0
8494,5,2,0
8494,6,1,0
8494,6,2,0
8494,7,0,0
8494,7,1,0
8494,7,2,0
8495,1,0,0
8495,2,1,0
8495,3,0,0
8495,3,1,0
8495,4,2,0
8495,5,0,0
8495,5,2,0
8495,6,1,0
8495,6,2,0
8495,7,0,0
8495,7,1,0
8495,7,2,0
8496,1,0,0
8496,2,1,0
8496,3,0,0
8496,3,1,0
8496,4,2,0
8496,5,0,0
8496,5,2,0
8496,6,1,0
8496,6,2,0
8496,7,0,0
8496,7,1,0
8496,7,2,0
8497,1,0,0
8497,2,1,0
8497,3,0,0
8497,3,1,0
8497,4,2,0
8497,5,0,0
8497,5,2,0
8497,6,1,0
8497,6,2,0
8497,7,0,0
8497,7,1,0
8497,7,2,0
8498,1,0,0
8498,2,1,0
8498,3,0,0
8498,3,1,0
8498,4,2,0
8498,5,0,0
8498,5,2,0
8498,6,1,0
8498,6,2,0
8498,7,0,0
8498,7,1,0
8498,7,2,0
8499,1,0,0
8499,2,1,0
8499,3,0,0
8499,3,1,0
8499,4,2,0
8499,5,0,0
8499,5,2,0
8499,6,1,0
8499,6,2,0
8499,7,0,0
8499,7,1,0
8499,7,2,0
8500,1,0,0
8500,2,1,0
8500,3,0,0
8500,3,1,0
8500,4,2,0
8500,5,0,0
8500,5,2,0
8500,6,1,0
8500,6,2,0
8500,7,0,0
8500,7,1,0
8500,7,2,0
8501,1,0,0
8501,2,1,0
8501,3,0,0
8501,3,1,0
8501,4,2,0
8501,5,0,0
8501,5,2,0
8501,6,1,0
8501,6,2,0
8501,7,0,0
8501,7,1,0
8501,7,2,0
8502,1,0,0
8502,2,1,0
8502,3,0,0
8502,3,1,0
8502,4,2,0
8502,5,0,0
8502,5,2,0
8502,6,1,0
8502,6,2,0
8502,7,0,0
8502,7,1,0
8502,7,2,0
8503,1,0,0
8503,2,1,0
8503,3,0,0
8503,3,1,0
8503,4,2,0
8503,5,0,0
8503,5,2,0
8503,6,1,0
8503,6,2,0
8503,7,0,0
8503,7,1,0
8503,7,2,0
8504,1,0,0
8504,2,1,0
8504,3,0,0
8504,3,1,0
8504,4,2,0
8504,5,0,0
8504,5,2,0
8504,6,1,0
8504,6,2,0
8504,7,0,0
8504,7,1,0
8504,7,2,0
8505,1,0,1
8505,2,1,1
8505,3,0,1
8505,3,1,1
8505,4,2,1
8505,5,0,1
8505,5,2,1
8505,6,1,1
8505,6,2,1
8505,7,0,1
8505,7,1,1
8505,7,2,1
8506,1,0,1
8506,2,1,1
8506,3,0,1
8506,3,1,1
8506,4,2,1
8506,5,0,1
8506,5,2,1
8506,6,1,1
8506,6,2,1
8506,7,0,1
8506,7,1,1
8506,7,2,1
8507,1,0,0
8507,2,1,0
8507,3,0,0
8507,3,1,0
8507,4,2,0
8507,5,0,0
8507,5,2,0
8507,6,1,0
8507,6,2,0
8507,7,0,0
8507,7,1,0
8507,7,2,0
8508,1,0,0
8508,2,1,0
8508,3,0,0
8508,3,1,0
8508,4,2,0
8508,5,0,0
8508,5,2,0
8508,6,1,0
8508,6,2,0
8508,7,0,0
8508,7,1,0
8508,7,2,0
8509,1,0,0
8509,2,1,0
8509,3,0,0
8509,3,1,0
8509,4,2,0
8509,5,0,0
8509,5,2,0
8509,6,1,0
8509,6,2,0
8509,7,0,0
8509,7,1,0
8509,7,2,0
8510,1,0,0
8510,2,1,0
8510,3,0,0
8510,3,1,0
8510,4,2,0
8510,5,0,0
8510,5,2,0
8510,6,1,0
8510,6,2,0
8510,7,0,0
8510,7,1,0
8510,7,2,0
8511,1,0,0
8511,2,1,0
8511,3,0,0
8511,3,1,0
8511,4,2,0
8511,5,0,0
8511,5,2,0
8511,6,1,0
8511,6,2,0
8511,7,0,0
8511,7,1,0
8511,7,2,0
8512,1,0,0
8512,2,1,0
8512,3,0,0
8512,3,1,0
8512,4,2,0
8512,5,0,0
8512,5,2,0
8512,6,1,0
8512,6,2,0
8512,7,0,0
8512,7,1,0
8512,7,2,0
8513,1,0,0
8513,2,1,0
8513,3,0,0
8513,3,1,0
8513,4,2,0
8513,5,0,0
8513,5,2,0
8513,6,1,0
8513,6,2,0
8513,7,0,0
8513,7,1,0
8513,7,2,0
8514,1,0,0
8514,2,1,0
8514,3,0,0
8514,3,1,0
8514,4,2,0
8514,5,0,0
8514,5,2,0
8514,6,1,0
8514,6,2,0
8514,7,0,0
8514,7,1,0
8514,7,2,0
8515,1,0,0
8515,2,1,0
8515,3,0,0
8515,3,1,0
8515,4,2,0
8515,5,0,0
8515,5,2,0
8515,6,1,0
8515,6,2,0
8515,7,0,0
8515,7,1,0
8515,7,2,0
8516,1,0,0
8516,2,1,0
8516,3,0,0
8516,3,1,0
8516,4,2,0
8516,5,0,0
8516,5,2,0
8516,6,1,0
8516,6,2,0
8516,7,0,0
8516,7,1,0
8516,7,2,0
8517,1,0,0
8517,2,1,0
8517,3,0,0
8517,3,1,0
8517,4,2,0
8517,5,0,0
8517,5,2,0
8517,6,1,0
8517,6,2,0
8517,7,0,0
8517,7,1,0
8517,7,2,0
8518,1,0,0
8518,2,1,0
8518,3,0,0
8518,3,1,0
8518,4,2,0
8518,5,0,0
8518,5,2,0
8518,6,1,0
8518,6,2,0
8518,7,0,0
8518,7,1,0
8518,7,2,0
8519,1,0,0
8519,2,1,0
8519,3,0,0
8519,3,1,0
8519,4,2,0
8519,5,0,0
8519,5,2,0
8519,6,1,0
8519,6,2,0
8519,7,0,0
8519,7,1,0
8519,7,2,0
8520,1,0,0
8520,2,1,0
8520,3,0,0
8520,3,1,0
8520,4,2,0
8520,5,0,0
8520,5,2,0
8520,6,1,0
8520,6,2,0
8520,7,0,0
8520,7,1,0
8520,7,2,0
8521,1,0,0
8521,2,1,0
8521,3,0,0
8521,3,1,0
8521,4,2,0
8521,5,0,0
8521,5,2,0
8521,6,1,0
8521,6,2,0
8521,7,0,0
8521,7,1,0
8521,7,2,0
8522,1,0,0
8522,2,1,0
8522,3,0,0
8522,3,1,0
8522,4,2,0
8522,5,0,0
8522,5,2,0
8522,6,1,0
8522,6,2,0
8522,7,0,0
8522,7,1,0
8522,7,2,0
8523,1,0,0
8523,2,1,0
8523,3,0,0
8523,3,1,0
8523,4,2,0
8523,5,0,0
8523,5,2,0
8523,6,1,0
8523,6,2,0
8523,7,0,0
8523,7,1,0
8523,7,2,0
8524,1,0,0
8524,2,1,0
8524,3,0,0
8524,3,1,0
8524,4,2,0
8524,5,0,0
8524,5,2,0
8524,6,1,0
8524,6,2,0
8524,7,0,0
8524,7,1,0
8524,7,2,0
8525,1,0,0
8525,2,1,0
8525,3,0,0
8525,3,1,0
8525,4,2,0
8525,5,0,0
8525,5,2,0
8525,6,1,0
8525,6,2,0
8525,7,0,0
8525,7,1,0
8525,7,2,0
8526,1,0,0
8526,2,1,0
8526,3,0,0
8526,3,1,0
8526,4,2,0
8526,5,0,0
8526,5,2,0
8526,6,1,0
8526,6,2,0
8526,7,0,0
8526,7,1,0
8526,7,2,0
8527,1,0,0
8527,2,1,0
8527,3,0,0
8527,3,1,0
8527,4,2,0
8527,5,0,0
8527,5,2,0
8527,6,1,0
8527,6,2,0
8527,7,0,0
8527,7,1,0
8527,7,2,0
8528,1,0,0
8528,2,1,0
8528,3,0,0
8528,3,1,0
8528,4,2,0
8528,5,0,0
8528,5,2,0
8528,6,1,0
8528,6,2,0
8528,7,0,0
8528,7,1,0
8528,7,2,0
8529,1,0,0
8529,2,1,0
8529,3,0,0
8529,3,1,0
8529,4,2,0
8529,5,0,0
8529,5,2,0
8529,6,1,0
8529,6,2,0
8529,7,0,0
8529,7,1,0
8529,7,2,0
8530,1,0,0
8530,2,1,0
8530,3,0,0
8530,3,1,0
8530,4,2,0
8530,5,0,0
8530,5,2,0
8530,6,1,0
8530,6,2,0
8530,7,0,0
8530,7,1,0
8530,7,2,0
8531,1,0,0
8531,2,1,0
8531,3,0,0
8531,3,1,0
8531,4,2,0
8531,5,0,0
8531,5,2,0
8531,6,1,0
8531,6,2,0
8531,7,0,0
8531,7,1,0
8531,7,2,0
8532,1,0,1
8532,2,1,1
8532,3,0,1
8532,3,1,1
8532,4,2,1
8532,5,0,1
8532,5,2,1
8532,6,1,1
8532,6,2,1
8532,7,0,1
8532,7,1,1
8532,7,2,1
8533,1,0,1
8533,2,1,1
8533,3,0,1
8533,3,1,1
8533,4,2,1
8533,5,0,1
8533,5,2,1
8533,6,1,1
8533,6,2,1
8533,7,0,1
8533,7,1,1
8533,7,2,1
8534,1,0,0
8534,2,1,0
8534,3,0,0
8534,3,1,0
8534,4,2,0
8534,5,0,0
8534,5,2,0
8534,6,1,0
8534,6,2,0
8534,7,0,0
8534,7,1,0
8534,7,2,0
8535,1,0,0
8535,2,1,0
8535,3,0,0
8535,3,1,0
8535,4,2,0
8535,5,0,0
8535,5,2,0
8535,6,1,0
8535,6,2,0
8535,7,0,0
8535,7,1,0
8535,7,2,0
8536,1,0,0
8536,2,1,0
8536,3,0,0
8536,3,1,0
8536,4,2,0
8536,5,0,0
8536,5,2,0
8536,6,1,0
8536,6,2,0
8536,7,0,0
8536,7,1,0
8536,7,2,0
8537,1,0,0
8537,2,1,0
8537,3,0,0
8537,3,1,0
8537,4,2,0
8537,5,0,0
8537,5,2,0
8537,6,1,0
8537,6,2,0
8537,7,0,0
8537,7,1,0
8537,7,2,0
8538,1,0,0
8538,2,1,0
8538,3,0,0
8538,3,1,0
8538,4,2,0
8538,5,0,0
8538,5,2,0
8538,6,1,0
8538,6,2,0
8538,7,0,0
8538,7,1,0
8538,7,2,0
8539,1,0,0
8539,2,1,0
8539,3,0,0
8539,3,1,0
8539,4,2,0
8539,5,0,0
8539,5,2,0
8539,6,1,0
8539,6,2,0
8539,7,0,0
8539,7,1,0
8539,7,2,0
8540,1,0,0
8540,2,1,0
8540,3,0,0
8540,3,1,0
8540,4,2,0
8540,5,0,0
8540,5,2,0
8540,6,1,0
8540,6,2,0
8540,7,0,0
8540,7,1,0
8540,7,2,0
8541,1,0,0
8541,2,1,0
8541,3,0,0
8541,3,1,0
8541,4,2,0
8541,5,0,0
8541,5,2,0
8541,6,1,0
8541,6,2,0
8541,7,0,0
8541,7,1,0
8541,7,2,0
8542,1,0,0
8542,2,1,0
8542,3,0,0
8542,3,1,0
8542,4,2,0
8542,5,0,0
8542,5,2,0
8542,6,1,0
8542,6,2,0
8542,7,0,0
8542,7,1,0
8542,7,2,0
8543,1,0,0
8543,2,1,0
8543,3,0,0
8543,3,1,0
8543,4,2,0
8543,5,0,0
8543,5,2,0
8543,6,1,0
8543,6,2,0
8543,7,0,0
8543,7,1,0
8543,7,2,0
8544,1,0,0
8544,2,1,0
8544,3,0,0
8544,3,1,0
8544,4,2,0
8544,5,0,0
8544,5,2,0
8544,6,1,0
8544,6,2,0
8544,7,0,0
8544,7,1,0
8544,7,2,0
8545,1,0,0
8545,2,1,0
8545,3,0,0
8545,3,1,0
8545,4,2,0
8545,5,0,0
8545,5,2,0
8545,6,1,0
8545,6,2,0
8545,7,0,0
8545,7,1,0
8545,7,2,0
8546,1,0,0
8546,2,1,0
8546,3,0,0
8546,3,1,0
8546,4,2,0
8546,5,0,0
8546,5,2,0
8546,6,1,0
8546,6,2,0
8546,7,0,0
8546,7,1,0
8546,7,2,0
8547,1,0,0
8547,2,1,0
8547,3,0,0
8547,3,1,0
8547,4,2,0
8547,5,0,0
8547,5,2,0
8547,6,1,0
8547,6,2,0
8547,7,0,0
8547,7,1,0
8547,7,2,0
8548,1,0,0
8548,2,1,0
8548,3,0,0
8548,3,1,0
8548,4,2,0
8548,5,0,0
8548,5,2,0
8548,6,1,0
8548,6,2,0
8548,7,0,0
8548,7,1,0
8548,7,2,0
8549,1,0,0
8549,2,1,0
8549,3,0,0
8549,3,1,0
8549,4,2,0
8549,5,0,0
8549,5,2,0
8549,6,1,0
8549,6,2,0
8549,7,0,0
8549,7,1,0
8549,7,2,0
8550,1,0,0
8550,2,1,0
8550,3,0,0
8550,3,1,0
8550,4,2,0
8550,5,0,0
8550,5,2,0
8550,6,1,0
8550,6,2,0
8550,7,0,0
8550,7,1,0
8550,7,2,0
8551,1,0,0
8551,2,1,0
8551,3,0,0
8551,3,1,0
8551,4,2,0
8551,5,0,0
8551,5,2,0
8551,6,1,0
8551,6,2,0
8551,7,0,0
8551,7,1,0
8551,7,2,0
8552,1,0,0
8552,2,1,0
8552,3,0,0
8552,3,1,0
8552,4,2,0
8552,5,0,0
8552,5,2,0
8552,6,1,0
8552,6,2,0
8552,7,0,0
8552,7,1,0
8552,7,2,0
8553,1,0,0
8553,2,1,0
8553,3,0,0
8553,3,1,0
8553,4,2,0
8553,5,0,0
8553,5,2,0
8553,6,1,0
8553,6,2,0
8553,7,0,0
8553,7,1,0
8553,7,2,0
8554,1,0,0
8554,2,1,0
8554,3,0,0
8554,3,1,0
8554,4,2,0
8554,5,0,0
8554,5,2,0
8554,6,1,0
8554,6,2,0
8554,7,0,0
8554,7,1,0
8554,7,2,0
8555,1,0,0
8555,2,1,0
8555,3,0,0
8555,3,1,0
8555,4,2,0
8555,5,0,0
8555,5,2,0
8555,6,1,0
8555,6,2,0
8555,7,0,0
8555,7,1,0
8555,7,2,0
8556,1,0,0
8556,2,1,0
8556,3,0,0
8556,3,1,0
8556,4,2,0
8556,5,0,0
8556,5,2,0
8556,6,1,0
8556,6,2,0
8556,7,0,0
8556,7,1,0
8556,7,2,0
8557,1,0,0
8557,2,1,0
8557,3,0,0
8557,3,1,0
8557,4,2,0
8557,5,0,0
8557,5,2,0
8557,6,1,0
8557,6,2,0
8557,7,0,0
8557,7,1,0
8557,7,2,0
8558,1,0,0
8558,2,1,0
8558,3,0,0
8558,3,1,0
8558,4,2,0
8558,5,0,0
8558,5,2,0
8558,6,1,0
8558,6,2,0
8558,7,0,0
8558,7,1,0
8558,7,2,0
8559,1,0,1
8559,2,1,1
8559,3,0,1
8559,3,1,1
8559,4,2,1
8559,5,0,1
8559,5,2,1
8559,6,1,1
8559,6,2,1
8559,7,0,1
8559,7,1,1
8559,7,2,1
8560,1,0,1
8560,2,1,1
8560,3,0,1
8560,3,1,1
8560,4,2,1
8560,5,0,1
8560,5,2,1
8560,6,1,1
8560,6,2,1
8560,7,0,1
8560,7,1,1
8560,7,2,1
8561,1,0,0
8561,2,1,0
8561,3,0,0
8561,3,1,0
8561,4,2,0
8561,5,0,0
8561,5,2,0
8561,6,1,0
8561,6,2,0
8561,7,0,0
8561,7,1,0
8561,7,2,0
8562,1,0,0
8562,2,1,0
8562,3,0,0
8562,3,1,0
8562,4,2,0
8562,5,0,0
8562,5,2,0
8562,6,1,0
8562,6,2,0
8562,7,0,0
8562,7,1,0
8562,7,2,0
8563,1,0,0
8563,2,1,0
8563,3,0,0
8563,3,1,0
8563,4,2,0
8563,5,0,0
8563,5,2,0
8563,6,1,0
8563,6,2,0
8563,7,0,0
8563,7,1,0
8563,7,2,0
8564,1,0,0
8564,2,1,0
8564,3,0,0
8564,3,1,0
8564,4,2,0
8564,5,0,0
8564,5,2,0
8564,6,1,0
8564,6,2,0
8564,7,0,0
8564,7,1,0
8564,7,2,0
8565,1,0,0
8565,2,1,0
8565,3,0,0
8565,3,1,0
8565,4,2,0
8565,5,0,0
8565,5,2,0
8565,6,1,0
8565,6,2,0
8565,7,0,0
8565,7,1,0
8565,7,2,0
8566,1,0,0
8566,2,1,0
8566,3,0,0
8566,3,1,0
8566,4,2,0
8566,5,0,0
8566,5,2,0
8566,6,1,0
8566,6,2,0
8566,7,0,0
8566,7,1,0
8566,7,2,0
8567,1,0,0
8567,2,1,0
8567,3,0,0
8567,3,1,0
8567,4,2,0
8567,5,0,0
8567,5,2,0
8567,6,1,0
8567,6,2,0
8567,7,0,0
8567,7,1,0
8567,7,2,0
8568,1,0,0
8568,2,1,0
8568,3,0,0
8568,3,1,0
8568,4,2,0
8568,5,0,0
8568,5,2,0
8568,6,1,0
8568,6,2,0
8568,7,0,0
8568,7,1,0
8568,7,2,0
8569,1,0,0
8569,2,1,0
8569,3,0,0
8569,3,1,0
8569,4,2,0
8569,5,0,0
8569,5,2,0
8569,6,1,0
8569,6,2,0
8569,7,0,0
8569,7,1,0
8569,7,2,0
8570,1,0,0
8570,2,1,0
8570,3,0,0
8570,3,1,0
8570,4,2,0
8570,5,0,0
8570,5,2,0
8570,6,1,0
8570,6,2,0
8570,7,0,0
8570,7,1,0
8570,7,2,0
8571,1,0,0
8571,2,1,0
8571,3,0,0
8571,3,1,0
8571,4,2,0
8571,5,0,0
8571,5,2,0
8571,6,1,0
8571,6,2,0
8571,7,0,0
8571,7,1,0
8571,7,2,0
8572,1,0,0
8572,2,1,0
8572,3,0,0
8572,3,1,0
8572,4,2,0
8572,5,0,0
8572,5,2,0
8572,6,1,0
8572,6,2,0
8572,7,0,0
8572,7,1,0
8572,7,2,0
8573,1,0,0
8573,2,1,0
8573,3,0,0
8573,3,1,0
8573,4,2,0
8573,5,0,0
8573,5,2,0
8573,6,1,0
8573,6,2,0
8573,7,0,0
8573,7,1,0
8573,7,2,0
8574,1,0,0
8574,2,1,0
8574,3,0,0
8574,3,1,0
8574,4,2,0
8574,5,0,0
8574,5,2,0
8574,6,1,0
8574,6,2,0
8574,7,0,0
8574,7,1,0
8574,7,2,0
8575,1,0,0
8575,2,1,0
8575,3,0,0
8575,3,1,0
8575,4,2,0
8575,5,0,0
8575,5,2,0
8575,6,1,0
8575,6,2,0
8575,7,0,0
8575,7,1,0
8575,7,2,0
8576,1,0,0
8576,2,1,0
8576,3,0,0
8576,3,1,0
8576,4,2,0
8576,5,0,0
8576,5,2,0
8576,6,1,0
8576,6,2,0
8576,7,0,0
8576,7,1,0
8576,7,2,0
8577,1,0,0
8577,2,1,0
8577,3,0,0
8577,3,1,0
8577,4,2,0
8577,5,0,0
8577,5,2,0
8577,6,1,0
8577,6,2,0
8577,7,0,0
8577,7,1,0
8577,7,2,0
8578,1,0,0
8578,2,1,0
8578,3,0,0
8578,3,1,0
8578,4,2,0
8578,5,0,0
8578,5,2,0
8578,6,1,0
8578,6,2,0
8578,7,0,0
8578,7,1,0
8578,7,2,0
8579,1,0,0
8579,2,1,0
8579,3,0,0
8579,3,1,0
8579,4,2,0
8579,5,0,0
8579,5,2,0
8579,6,1,0
8579,6,2,0
8579,7,0,0
8579,7,1,0
8579,7,2,0
8580,1,0,0
8580,2,1,0
8580,3,0,0
8580,3,1,0
8580,4,2,0
8580,5,0,0
8580,5,2,0
8580,6,1,0
8580,6,2,0
8580,7,0,0
8580,7,1,0
8580,7,2,0
8581,1,0,0
8581,2,1,0
8581,3,0,0
8581,3,1,0
8581,4,2,0
8581,5,0,0
8581,5,2,0
8581,6,1,0
8581,6,2,0
8581,7,0,0
8581,7,1,0
8581,7,2,0
8582,1,0,0
8582,2,1,0
8582,3,0,0
8582,3,1,0
8582,4,2,0
8582,5,0,0
8582,5,2,0
8582,6,1,0
8582,6,2,0
8582,7,0,0
8582,7,1,0
8582,7,2,0
8583,1,0,0
8583,2,1,0
8583,3,0,0
8583,3,1,0
8583,4,2,0
8583,5,0,0
8583,5,2,0
8583,6,1,0
8583,6,2,0
8583,7,0,0
8583,7,1,0
8583,7,2,0
8584,1,0,0
8584,2,1,0
8584,3,0,0
8584,3,1,0
8584,4,2,0
8584,5,0,0
8584,5,2,0
8584,6,1,0
8584,6,2,0
8584,7,0,0
8584,7,1,0
8584,7,2,0
8585,1,0,0
8585,2,1,0
8585,3,0,0
8585,3,1,0
8585,4,2,0
8585,5,0,0
8585,5,2,0
8585,6,1,0
8585,6,2,0
8585,7,0,0
8585,7,1,0
8585,7,2,0
8586,1,0,1
8586,2,1,1
8586,3,0,1
8586,3,1,1
8586,4,2,1
8586,5,0,1
8586,5,2,1
8586,6,1,1
8586,6,2,1
8586,7,0,1
8586,7,1,1
8586,7,2,1
8587,1,0,1
8587,2,1,1
8587,3,0,1
8587,3,1,1
8587,4,2,1
8587,5,0,1
8587,5,2,1
8587,6,1,1
8587,6,2,1
8587,7,0,1
8587,7,1,1
8587,7,2,1
8588,1,0,0
8588,2,1,0
8588,3,0,0
8588,3,1,0
8588,4,2,0
8588,5,0,0
8588,5,2,0
8588,6,1,0
8588,6,2,0
8588,7,0,0
8588,7,1,0
8588,7,2,0
8589,1,0,0
8589,2,1,0
8589,3,0,0
8589,3,1,0
8589,4,2,0
8589,5,0,0
8589,5,2,0
8589,6,1,0
8589,6,2,0
8589,7,0,0
8589,7,1,0
8589,7,2,0
8590,1,0,0
8590,2,1,0
8590,3,0,0
8590,3,1,0
8590,4,2,0
8590,5,0,0
8590,5,2,0
8590,6,1,0
8590,6,2,0
8590,7,0,0
8590,7,1,0
8590,7,2,0
8591,1,0,0
8591,2,1,0
8591,3,0,0
8591,3,1,0
8591,4,2,0
8591,5,0,0
8591,5,2,0
8591,6,1,0
8591,6,2,0
8591,7,0,0
8591,7,1,0
8591,7,2,0
8592,1,0,0
8592,2,1,0
8592,3,0,0
8592,3,1,0
8592,4,2,0
8592,5,0,0
8592,5,2,0
8592,6,1,0
8592,6,2,0
8592,7,0,0
8592,7,1,0
8592,7,2,0
8593,1,0,0
8593,2,1,0
8593,3,0,0
8593,3,1,0
8593,4,2,0
8593,5,0,0
8593,5,2,0
8593,6,1,0
8593,6,2,0
8593,7,0,0
8593,7,1,0
8593,7,2,0
8594,1,0,0
8594,2,1,0
8594,3,0,0
8594,3,1,0
8594,4,2,0
8594,5,0,0
8594,5,2,0
8594,6,1,0
8594,6,2,0
8594,7,0,0
8594,7,1,0
8594,7,2,0
8595,1,0,0
8595,2,1,0
8595,3,0,0
8595,3,1,0
8595,4,2,0
8595,5,0,0
8595,5,2,0
8595,6,1,0
8595,6,2,0
8595,7,0,0
8595,7,1,0
8595,7,2,0
8596,1,0,0
8596,2,1,0
8596,3,0,0
8596,3,1,0
8596,4,2,0
8596,5,0,0
8596,5,2,0
8596,6,1,0
8596,6,2,0
8596,7,0,0
8596,7,1,0
8596,7,2,0
8597,1,0,0
8597,2,1,0
8597,3,0,0
8597,3,1,0
8597,4,2,0
8597,5,0,0
8597,5,2,0
8597,6,1,0
8597,6,2,0
8597,7,0,0
8597,7,1,0
8597,7,2,0
8598,1,0,0
8598,2,1,0
8598,3,0,0
8598,3,1,0
8598,4,2,0
8598,5,0,0
8598,5,2,0
8598,6,1,0
8598,6,2,0
8598,7,0,0
8598,7,1,0
8598,7,2,0
8599,1,0,0
8599,2,1,0
8599,3,0,0
8599,3,1,0
8599,4,2,0
8599,5,0,0
8599,5,2,0
8599,6,1,0
8599,6,2,0
8599,7,0,0
8599,7,1,0
8599,7,2,0
8600,1,0,0
8600,2,1,0
8600,3,0,0
8600,3,1,0
8600,4,2,0
8600,5,0,0
8600,5,2,0
8600,6,1,0
8600,6,2,0
8600,7,0,0
8600,7,1,0
8600,7,2,0
8601,1,0,0
8601,2,1,0
8601,3,0,0
8601,3,1,0
8601,4,2,0
8601,5,0,0
8601,5,2,0
8601,6,1,0
8601,6,2,0
8601,7,0,0
8601,7,1,0
8601,7,2,0
8602,1,0,0
8602,2,1,0
8602,3,0,0
8602,3,1,0
8602,4,2,0
8602,5,0,0
8602,5,2,0
8602,6,1,0
8602,6,2,0
8602,7,0,0
8602,7,1,0
8602,7,2,0
8603,1,0,0
8603,2,1,0
8603,3,0,0
8603,3,1,0
8603,4,2,0
8603,5,0,0
8603,5,2,0
8603,6,1,0
8603,6,2,0
8603,7,0,0
8603,7,1,0
8603,7,2,0
8604,1,0,0
8604,2,1,0
8604,3,0,0
8604,3,1,0
8604,4,2,0
8604,5,0,0
8604,5,2,0
8604,6,1,0
8604,6,2,0
8604,7,0,0
8604,7,1,0
8604,7,2,0
8605,1,0,0
8605,2,1,0
8605,3,0,0
8605,3,1,0
8605,4,2,0
8605,5,0,0
8605,5,2,0
8605,6,1,0
8605,6,2,0
8605,7,0,0
8605,7,1,0
8605,7,2,0
8606,1,0,0
8606,2,1,0
8606,3,0,0
8606,3,1,0
8606,4,2,0
8606,5,0,0
8606,5,2,0
8606,6,1,0
8606,6,2,0
8606,7,0,0
8606,7,1,0
8606,7,2,0
8607,1,0,0
8607,2,1,0
8607,3,0,0
8607,3,1,0
8607,4,2,0
8607,5,0,0
8607,5,2,0
8607,6,1,0
8607,6,2,0
8607,7,0,0
8607,7,1,0
8607,7,2,0
8608,1,0,0
8608,2,1,0
8608,3,0,0
8608,3,1,0
8608,4,2,0
8608,5,0,0
8608,5,2,0
8608,6,1,0
8608,6,2,0
8608,7,0,0
8608,7,1,0
8608,7,2,0
8609,1,0,0
8609,2,1,0
8609,3,0,0
8609,3,1,0
8609,4,2,0
8609,5,0,0
8609,5,2,0
8609,6,1,0
8609,6,2,0
8609,7,0,0
8609,7,1,0
8609,7,2,0
8610,1,0,0
8610,2,1,0
8610,3,0,0
8610,3,1,0
8610,4,2,0
8610,5,0,0
8610,5,2,0
8610,6,1,0
8610,6,2,0
8610,7,0,0
8610,7,1,0
8610,7,2,0
8611,1,0,0
8611,2,1,0
8611,3,0,0
8611,3,1,0
8611,4,2,0
8611,5,0,0
8611,5,2,0
8611,6,1,0
8611,6,2,0
8611,7,0,0
8611,7,1,0
8611,7,2,0
8612,1,0,0
8612,2,1,0
8612,3,0,0
8612,3,1,0
8612,4,2,0
8612,5,0,0
8612,5,2,0
8612,6,1,0
8612,6,2,0
8612,7,0,0
8612,7,1,0
8612,7,2,0
8613,1,0,1
8613,2,1,1
8613,3,0,1
8613,3,1,1
8613,4,2,1
8613,5,0,1
8613,5,2,1
8613,6,1,1
8613,6,2,1
8613,7,0,1
8613,7,1,1
8613,7,2,1
8614,1,0,1
8614,2,1,1
8614,3,0,1
8614,3,1,1
8614,4,2,1
8614,5,0,1
8614,5,2,1
8614,6,1,1
8614,6,2,1
8614,7,0,1
8614,7,1,1
8614,7,2,1
8615,1,0,0
8615,2,1,0
8615,3,0,0
8615,3,1,0
8615,4,2,0
8615,5,0,0
8615,5,2,0
8615,6,1,0
8615,6,2,0
8615,7,0,0
8615,7,1,0
8615,7,2,0
8616,1,0,0
8616,2,1,0
8616,3,0,0
8616,3,1,0
8616,4,2,0
8616,5,0,0
8616,5,2,0
8616,6,1,0
8616,6,2,0
8616,7,0,0
8616,7,1,0
8616,7,2,0
8617,1,0,0
8617,2,1,0
8617,3,0,0
8617,3,1,0
8617,4,2,0
8617,5,0,0
8617,5,2,0
8617,6,1,0
8617,6,2,0
8617,7,0,0
8617,7,1,0
8617,7,2,0
8618,1,0,0
8618,2,1,0
8618,3,0,0
8618,3,1,0
8618,4,2,0
8618,5,0,0
8618,5,2,0
8618,6,1,0
8618,6,2,0
8618,7,0,0
8618,7,1,0
8618,7,2,0
8619,1,0,0
8619,2,1,0
8619,3,0,0
8619,3,1,0
8619,4,2,0
8619,5,0,0
8619,5,2,0
8619,6,1,0
8619,6,2,0
8619,7,0,0
8619,7,1,0
8619,7,2,0
8620,1,0,0
8620,2,1,0
8620,3,0,0
8620,3,1,0
8620,4,2,0
8620,5,0,0
8620,5,2,0
8620,6,1,0
8620,6,2,0
8620,7,0,0
8620,7,1,0
8620,7,2,0
8621,1,0,0
8621,2,1,0
8621,3,0,0
8621,3,1,0
8621,4,2,0
8621,5,0,0
8621,5,2,0
8621,6,1,0
8621,6,2,0
8621,7,0,0
8621,7,1,0
8621,7,2,0
8622,1,0,0
8622,2,1,0
8622,3,0,0
8622,3,1,0
8622,4,2,0
8622,5,0,0
8622,5,2,0
8622,6,1,0
8622,6,2,0
8622,7,0,0
8622,7,1,0
8622,7,2,0
8623,1,0,0
8623,2,1,0
8623,3,0,0
8623,3,1,0
8623,4,2,0
8623,5,0,0
8623,5,2,0
8623,6,1,0
8623,6,2,0
8623,7,0,0
8623,7,1,0
8623,7,2,0
8624,1,0,0
8624,2,1,0
8624,3,0,0
8624,3,1,0
8624,4,2,0
8624,5,0,0
8624,5,2,0
8624,6,1,0
8624,6,2,0
8624,7,0,0
8624,7,1,0
8624,7,2,0
8625,1,0,0
8625,2,1,0
8625,3,0,0
8625,3,1,0
8625,4,2,0
8625,5,0,0
8625,5,2,0
8625,6,1,0
8625,6,2,0
8625,7,0,0
8625,7,1,0
8625,7,2,0
8626,1,0,0
8626,2,1,0
8626,3,0,0
8626,3,1,0
8626,4,2,0
8626,5,0,0
8626,5,2,0
8626,6,1,0
8626,6,2,0
8626,7,0,0
8626,7,1,0
8626,7,2,0
8627,1,0,0
8627,2,1,0
8627,3,0,0
8627,3,1,0
8627,4,2,0
8627,5,0,0
8627,5,2,0
8627,6,1,0
8627,6,2,0
8627,7,0,0
8627,7,1,0
8627,7,2,0
8628,1,0,0
8628,2,1,0
8628,3,0,0
8628,3,1,0
8628,4,2,0
8628,5,0,0
8628,5,2,0
8628,6,1,0
8628,6,2,0
8628,7,0,0
8628,7,1,0
8628,7,2,0
8629,1,0,0
8629,2,1,0
8629,3,0,0
8629,3,1,0
8629,4,2,0
8629,5,0,0
8629,5,2,0
8629,6,1,0
8629,6,2,0
8629,7,0,0
8629,7,1,0
8629,7,2,0
8630,1,0,0
8630,2,1,0
8630,3,0,0
8630,3,1,0
8630,4,2,0
8630,5,0,0
8630,5,2,0
8630,6,1,0
8630,6,2,0
8630,7,0,0
8630,7,1,0
8630,7,2,0
8631,1,0,0
8631,2,1,0
8631,3,0,0
8631,3,1,0
8631,4,2,0
8631,5,0,0
8631,5,2,0
8631,6,1,0
8631,6,2,0
8631,7,0,0
8631,7,1,0
8631,7,2,0
8632,1,0,0
8632,2,1,0
8632,3,0,0
8632,3,1,0
8632,4,2,0
8632,5,0,0
8632,5,2,0
8632,6,1,0
8632,6,2,0
8632,7,0,0
8632,7,1,0
8632,7,2,0
8633,1,0,0
8633,2,1,0
8633,3,0,0
8633,3,1,0
8633,4,2,0
8633,5,0,0
8633,5,2,0
8633,6,1,0
8633,6,2,0
8633,7,0,0
8633,7,1,0
8633,7,2,0
8634,1,0,0
8634,2,1,0
8634,3,0,0
8634,3,1,0
8634,4,2,0
8634,5,0,0
8634,5,2,0
8634,6,1,0
8634,6,2,0
8634,7,0,0
8634,7,1,0
8634,7,2,0
8635,1,0,0
8635,2,1,0
8635,3,0,0
8635,3,1,0
8635,4,2,0
8635,5,0,0
8635,5,2,0
8635,6,1,0
8635,6,2,0
8635,7,0,0
8635,7,1,0
8635,7,2,0
8636,1,0,0
8636,2,1,0
8636,3,0,0
8636,3,1,0
8636,4,2,0
8636,5,0,0
8636,5,2,0
8636,6,1,0
8636,6,2,0
8636,7,0,0
8636,7,1,0
8636,7,2,0
8637,1,0,0
8637,2,1,0
8637,3,0,0
8637,3,1,0
8637,4,2,0
8637,5,0,0
8637,5,2,0
8637,6,1,0
8637,6,2,0
8637,7,0,0
8637,7,1,0
8637,7,2,0
8638,1,0,0
8638,2,1,0
8638,3,0,0
8638,3,1,0
8638,4,2,0
8638,5,0,0
8638,5,2,0
8638,6,1,0
8638,6,2,0
8638,7,0,0
8638,7,1,0
8638,7,2,0
8639,1,0,0
8639,2,1,0
8639,3,0,0
8639,3,1,0
8639,4,2,0
8639,5,0,0
8639,5,2,0
8639,6,1,0
8639,6,2,0
8639,7,0,0
8639,7,1,0
8639,7,2,0
8640,1,0,1
8640,2,1,1
8640,3,0,1
8640,3,1,1
8640,4,2,1
8640,5,0,1
8640,5,2,1
8640,6,1,1
8640,6,2,1
8640,7,0,1
8640,7,1,1
8640,7,2,1
8641,1,0,1
8641,2,1,1
8641,3,0,1
8641,3,1,1
8641,4,2,1
8641,5,0,1
8641,5,2,1
8641,6,1,1
8641,6,2,1
8641,7,0,1
8641,7,1,1
8641,7,2,1
8642,1,0,0
8642,2,1,0
8642,3,0,0
8642,3,1,0
8642,4,2,0
8642,5,0,0
8642,5,2,0
8642,6,1,0
8642,6,2,0
8642,7,0,0
8642,7,1,0
8642,7,2,0
8643,1,0,0
8643,2,1,0
8643,3,0,0
8643,3,1,0
8643,4,2,0
8643,5,0,0
8643,5,2,0
8643,6,1,0
8643,6,2,0
8643,7,0,0
8643,7,1,0
8643,7,2,0
8644,1,0,0
8644,2,1,0
8644,3,0,0
8644,3,1,0
8644,4,2,0
8644,5,0,0
8644,5,2,0
8644,6,1,0
8644,6,2,0
8644,7,0,0
8644,7,1,0
8644,7,2,0
8645,1,0,0
8645,2,1,0
8645,3,0,0
8645,3,1,0
8645,4,2,0
8645,5,0,0
8645,5,2,0
8645,6,1,0
8645,6,2,0
8645,7,0,0
8645,7,1,0
8645,7,2,0
8646,1,0,0
8646,2,1,0
8646,3,0,0
8646,3,1,0
8646,4,2,0
8646,5,0,0
8646,5,2,0
8646,6,1,0
8646,6,2,0
8646,7,0,0
8646,7,1,0
8646,7,2,0
8647,1,0,0
8647,2,1,0
8647,3,0,0
8647,3,1,0
8647,4,2,0
8647,5,0,0
8647,5,2,0
8647,6,1,0
8647,6,2,0
8647,7,0,0
8647,7,1,0
8647,7,2,0
8648,1,0,0
8648,2,1,0
8648,3,0,0
8648,3,1,0
8648,4,2,0
8648,5,0,0
8648,5,2,0
8648,6,1,0
8648,6,2,0
8648,7,0,0
8648,7,1,0
8648,7,2,0
8649,1,0,0
8649,2,1,0
8649,3,0,0
8649,3,1,0
8649,4,2,0
8649,5,0,0
8649,5,2,0
8649,6,1,0
8649,6,2,0
8649,7,0,0
8649,7,1,0
8649,7,2,0
8650,1,0,0
8650,2,1,0
8650,3,0,0
8650,3,1,0
8650,4,2,0
8650,5,0,0
8650,5,2,0
8650,6,1,0
8650,6,2,0
8650,7,0,0
8650,7,1,0
8650,7,2,0
8651,1,0,0
8651,2,1,0
8651,3,0,0
8651,3,1,0
8651,4,2,0
8651,5,0,0
8651,5,2,0
8651,6,1,0
8651,6,2,0
8651,7,0,0
8651,7,1,0
8651,7,2,0
8652,1,0,0
8652,2,1,0
8652,3,0,0
8652,3,1,0
8652,4,2,0
8652,5,0,0
8652,5,2,0
8652,6,1,0
8652,6,2,0
8652,7,0,0
8652,7,1,0
8652,7,2,0
8653,1,0,0
8653,2,1,0
8653,3,0,0
8653,3,1,0
8653,4,2,0
8653,5,0,0
8653,5,2,0
8653,6,1,0
8653,6,2,0
8653,7,0,0
8653,7,1,0
8653,7,2,0
8654,1,0,0
8654,2,1,0
8654,3,0,0
8654,3,1,0
8654,4,2,0
8654,5,0,0
8654,5,2,0
8654,6,1,0
8654,6,2,0
8654,7,0,0
8654,7,1,0
8654,7,2,0
8655,1,0,0
8655,2,1,0
8655,3,0,0
8655,3,1,0
8655,4,2,0
8655,5,0,0
8655,5,2,0
8655,6,1,0
8655,6,2,0
8655,7,0,0
8655,7,1,0
8655,7,2,0
8656,1,0,0
8656,2,1,0
8656,3,0,0
8656,3,1,0
8656,4,2,0
8656,5,0,0
8656,5,2,0
8656,6,1,0
8656,6,2,0
8656,7,0,0
8656,7,1,0
8656,7,2,0
8657,1,0,0
8657,2,1,0
8657,3,0,0
8657,3,1,0
8657,4,2,0
8657,5,0,0
8657,5,2,0
8657,6,1,0
8657,6,2,0
8657,7,0,0
8657,7,1,0
8657,7,2,0
8658,1,0,0
8658,2,1,0
8658,3,0,0
8658,3,1,0
8658,4,2,0
8658,5,0,0
8658,5,2,0
8658,6,1,0
8658,6,2,0
8658,7,0,0
8658,7,1,0
8658,7,2,0
8659,1,0,0
8659,2,1,0
8659,3,0,0
8659,3,1,0
8659,4,2,0
8659,5,0,0
8659,5,2,0
8659,6,1,0
8659,6,2,0
8659,7,0,0
8659,7,1,0
8659,7,2,0
8660,1,0,0
8660,2,1,0
8660,3,0,0
8660,3,1,0
8660,4,2,0
8660,5,0,0
8660,5,2,0
8660,6,1,0
8660,6,2,0
8660,7,0,0
8660,7,1,0
8660,7,2,0
8661,1,0,0
8661,2,1,0
8661,3,0,0
8661,3,1,0
8661,4,2,0
8661,5,0,0
8661,5,2,0
8661,6,1,0
8661,6,2,0
8661,7,0,0
8661,7,1,0
8661,7,2,0
8662,1,0,0
8662,2,1,0
8662,3,0,0
8662,3,1,0
8662,4,2,0
8662,5,0,0
8662,5,2,0
8662,6,1,0
8662,6,2,0
8662,7,0,0
8662,7,1,0
8662,7,2,0
8663,1,0,0
8663,2,1,0
8663,3,0,0
8663,3,1,0
8663,4,2,0
8663,5,0,0
8663,5,2,0
8663,6,1,0
8663,6,2,0
8663,7,0,0
8663,7,1,0
8663,7,2,0
8664,1,0,0
8664,2,1,0
8664,3,0,0
8664,3,1,0
8664,4,2,0
8664,5,0,0
8664,5,2,0
8664,6,1,0
8664,6,2,0
8664,7,0,0
8664,7,1,0
8664,7,2,0
8665,1,0,0
8665,2,1,0
8665,3,0,0
8665,3,1,0
8665,4,2,0
8665,5,0,0
8665,5,2,0
8665,6,1,0
8665,6,2,0
8665,7,0,0
8665,7,1,0
8665,7,2,0
8666,1,0,0
8666,2,1,0
8666,3,0,0
8666,3,1,0
8666,4,2,0
8666,5,0,0
8666,5,2,0
8666,6,1,0
8666,6,2,0
8666,7,0,0
8666,7,1,0
8666,7,2,0
8667,1,0,1
8667,2,1,0
8667,3,0,1
8667,3,1,0
8667,4,2,1
8667,5,0,1
8667,5,2,1
8667,6,1,0
8667,6,2,1
8667,7,0,1
8667,7,1,0
8667,7,2,1
8668,1,0,1
8668,2,1,0
8668,3,0,1
8668,3,1,0
8668,4,2,1
8668,5,0,1
8668,5,2,1
8668,6,1,0
8668,6,2,1
8668,7,0,1
8668,7,1,0
8668,7,2,1
8669,1,0,0
8669,2,1,0
8669,3,0,0
8669,3,1,0
8669,4,2,0
8669,5,0,0
8669,5,2,0
8669,6,1,0
8669,6,2,0
8669,7,0,0
8669,7,1,0
8669,7,2,0
8670,1,0,0
8670,2,1,0
8670,3,0,0
8670,3,1,0
8670,4,2,0
8670,5,0,0
8670,5,2,0
8670,6,1,0
8670,6,2,0
8670,7,0,0
8670,7,1,0
8670,7,2,0
8671,1,0,0
8671,2,1,0
8671,3,0,0
8671,3,1,0
8671,4,2,0
8671,5,0,0
8671,5,2,0
8671,6,1,0
8671,6,2,0
8671,7,0,0
8671,7,1,0
8671,7,2,0
8672,1,0,0
8672,2,1,0
8672,3,0,0
8672,3,1,0
8672,4,2,0
8672,5,0,0
8672,5,2,0
8672,6,1,0
8672,6,2,0
8672,7,0,0
8672,7,1,0
8672,7,2,0
8673,1,0,0
8673,2,1,0
8673,3,0,0
8673,3,1,0
8673,4,2,0
8673,5,0,0
8673,5,2,0
8673,6,1,0
8673,6,2,0
8673,7,0,0
8673,7,1,0
8673,7,2,0
8674,1,0,0
8674,2,1,0
8674,3,0,0
8674,3,1,0
8674,4,2,0
8674,5,0,0
8674,5,2,0
8674,6,1,0
8674,6,2,0
8674,7,0,0
8674,7,1,0
8674,7,2,0
8675,1,0,0
8675,2,1,0
8675,3,0,0
8675,3,1,0
8675,4,2,0
8675,5,0,0
8675,5,2,0
8675,6,1,0
8675,6,2,0
8675,7,0,0
8675,7,1,0
8675,7,2,0
8676,1,0,0
8676,2,1,0
8676,3,0,0
8676,3,1,0
8676,4,2,0
8676,5,0,0
8676,5,2,0
8676,6,1,0
8676,6,2,0
8676,7,0,0
8676,7,1,0
8676,7,2,0
8677,1,0,0
8677,2,1,0
8677,3,0,0
8677,3,1,0
8677,4,2,0
8677,5,0,0
8677,5,2,0
8677,6,1,0
8677,6,2,0
8677,7,0,0
8677,7,1,0
8677,7,2,0
8678,1,0,0
8678,2,1,0
8678,3,0,0
8678,3,1,0
8678,4,2,0
8678,5,0,0
8678,5,2,0
8678,6,1,0
8678,6,2,0
8678,7,0,0
8678,7,1,0
8678,7,2,0
8679,1,0,0
8679,2,1,0
8679,3,0,0
8679,3,1,0
8679,4,2,0
8679,5,0,0
8679,5,2,0
8679,6,1,0
8679,6,2,0
8679,7,0,0
8679,7,1,0
8679,7,2,0
8680,1,0,0
8680,2,1,0
8680,3,0,0
8680,3,1,0
8680,4,2,0
8680,5,0,0
8680,5,2,0
8680,6,1,0
8680,6,2,0
8680,7,0,0
8680,7,1,0
8680,7,2,0
8681,1,0,0
8681,2,1,0
8681,3,0,0
8681,3,1,0
8681,4,2,0
8681,5,0,0
8681,5,2,0
8681,6,1,0
8681,6,2,0
8681,7,0,0
8681,7,1,0
8681,7,2,0
8682,1,0,0
8682,2,1,0
8682,3,0,0
8682,3,1,0
8682,4,2,0
8682,5,0,0
8682,5,2,0
8682,6,1,0
8682,6,2,0
8682,7,0,0
8682,7,1,0
8682,7,2,0
8683,1,0,0
8683,2,1,0
8683,3,0,0
8683,3,1,0
8683,4,2,0
8683,5,0,0
8683,5,2,0
8683,6,1,0
8683,6,2,0
8683,7,0,0
8683,7,1,0
8683,7,2,0
8684,1,0,0
8684,2,1,0
8684,3,0,0
8684,3,1,0
8684,4,2,0
8684,5,0,0
8684,5,2,0
8684,6,1,0
8684,6,2,0
8684,7,0,0
8684,7,1,0
8684,7,2,0
8685,1,0,0
8685,2,1,0
8685,3,0,0
8685,3,1,0
8685,4,2,0
8685,5,0,0
8685,5,2,0
8685,6,1,0
8685,6,2,0
8685,7,0,0
8685,7,1,0
8685,7,2,0
8686,1,0,0
8686,2,1,0
8686,3,0,0
8686,3,1,0
8686,4,2,0
8686,5,0,0
8686,5,2,0
8686,6,1,0
8686,6,2,0
8686,7,0,0
8686,7,1,0
8686,7,2,0
8687,1,0,0
8687,2,1,0
8687,3,0,0
8687,3,1,0
8687,4,2,0
8687,5,0,0
8687,5,2,0
8687,6,1,0
8687,6,2,0
8687,7,0,0
8687,7,1,0
8687,7,2,0
8688,1,0,0
8688,2,1,0
8688,3,0,0
8688,3,1,0
8688,4,2,0
8688,5,0,0
8688,5,2,0
8688,6,1,0
8688,6,2,0
8688,7,0,0
8688,7,1,0
8688,7,2,0
8689,1,0,0
8689,2,1,0
8689,3,0,0
8689,3,1,0
8689,4,2,0
8689,5,0,0
8689,5,2,0
8689,6,1,0
8689,6,2,0
8689,7,0,0
8689,7,1,0
8689,7,2,0
8690,1,0,0
8690,2,1,0
8690,3,0,0
8690,3,1,0
8690,4,2,0
8690,5,0,0
8690,5,2,0
8690,6,1,0
8690,6,2,0
8690,7,0,0
8690,7,1,0
8690,7,2,0
8691,1,0,0
8691,2,1,0
8691,3,0,0
8691,3,1,0
8691,4,2,0
8691,5,0,0
8691,5,2,0
8691,6,1,0
8691,6,2,0
8691,7,0,0
8691,7,1,0
8691,7,2,0
8692,1,0,0
8692,2,1,0
8692,3,0,0
8692,3,1,0
8692,4,2,0
8692,5,0,0
8692,5,2,0
8692,6,1,0
8692,6,2,0
8692,7,0,0
8692,7,1,0
8692,7,2,0
8693,1,0,0
8693,2,1,0
8693,3,0,0
8693,3,1,0
8693,4,2,0
8693,5,0,0
8693,5,2,0
8693,6,1,0
8693,6,2,0
8693,7,0,0
8693,7,1,0
8693,7,2,0
8694,1,0,1
8694,2,1,0
8694,3,0,1
8694,3,1,0
8694,4,2,1
8694,5,0,1
8694,5,2,1
8694,6,1,0
8694,6,2,1
8694,7,0,1
8694,7,1,0
8694,7,2,1
8695,1,0,1
8695,2,1,0
8695,3,0,1
8695,3,1,0
8695,4,2,1
8695,5,0,1
8695,5,2,1
8695,6,1,0
8695,6,2,1
8695,7,0,1
8695,7,1,0
8695,7,2,1
8696,1,0,0
8696,2,1,0
8696,3,0,0
8696,3,1,0
8696,4,2,0
8696,5,0,0
8696,5,2,0
8696,6,1,0
8696,6,2,0
8696,7,0,0
8696,7,1,0
8696,7,2,0
8697,1,0,0
8697,2,1,0
8697,3,0,0
8697,3,1,0
8697,4,2,0
8697,5,0,0
8697,5,2,0
8697,6,1,0
8697,6,2,0
8697,7,0,0
8697,7,1,0
8697,7,2,0
8698,1,0,0
8698,2,1,0
8698,3,0,0
8698,3,1,0
8698,4,2,0
8698,5,0,0
8698,5,2,0
8698,6,1,0
8698,6,2,0
8698,7,0,0
8698,7,1,0
8698,7,2,0
8699,1,0,0
8699,2,1,0
8699,3,0,0
8699,3,1,0
8699,4,2,0
8699,5,0,0
8699,5,2,0
8699,6,1,0
8699,6,2,0
8699,7,0,0
8699,7,1,0
8699,7,2,0
8700,1,0,0
8700,2,1,0
8700,3,0,0
8700,3,1,0
8700,4,2,0
8700,5,0,0
8700,5,2,0
8700,6,1,0
8700,6,2,0
8700,7,0,0
8700,7,1,0
8700,7,2,0
8701,1,0,0
8701,2,1,0
8701,3,0,0
8701,3,1,0
8701,4,2,0
8701,5,0,0
8701,5,2,0
8701,6,1,0
8701,6,2,0
8701,7,0,0
8701,7,1,0
8701,7,2,0
8702,1,0,0
8702,2,1,0
8702,3,0,0
8702,3,1,0
8702,4,2,0
8702,5,0,0
8702,5,2,0
8702,6,1,0
8702,6,2,0
8702,7,0,0
8702,7,1,0
8702,7,2,0
8703,1,0,0
8703,2,1,0
8703,3,0,0
8703,3,1,0
8703,4,2,0
8703,5,0,0
8703,5,2,0
8703,6,1,0
8703,6,2,0
8703,7,0,0
8703,7,1,0
8703,7,2,0
8704,1,0,0
8704,2,1,0
8704,3,0,0
8704,3,1,0
8704,4,2,0
8704,5,0,0
8704,5,2,0
8704,6,1,0
8704,6,2,0
8704,7,0,0
8704,7,1,0
8704,7,2,0
8705,1,0,0
8705,2,1,0
8705,3,0,0
8705,3,1,0
8705,4,2,0
8705,5,0,0
8705,5,2,0
8705,6,1,0
8705,6,2,0
8705,7,0,0
8705,7,1,0
8705,7,2,0
8706,1,0,0
8706,2,1,0
8706,3,0,0
8706,3,1,0
8706,4,2,0
8706,5,0,0
8706,5,2,0
8706,6,1,0
8706,6,2,0
8706,7,0,0
8706,7,1,0
8706,7,2,0
8707,1,0,0
8707,2,1,0
8707,3,0,0
8707,3,1,0
8707,4,2,0
8707,5,0,0
8707,5,2,0
8707,6,1,0
8707,6,2,0
8707,7,0,0
8707,7,1,0
8707,7,2,0
8708,1,0,0
8708,2,1,0
8708,3,0,0
8708,3,1,0
8708,4,2,0
8708,5,0,0
8708,5,2,0
8708,6,1,0
8708,6,2,0
8708,7,0,0
8708,7,1,0
8708,7,2,0
8709,1,0,0
8709,2,1,0
8709,3,0,0
8709,3,1,0
8709,4,2,0
8709,5,0,0
8709,5,2,0
8709,6,1,0
8709,6,2,0
8709,7,0,0
8709,7,1,0
8709,7,2,0
8710,1,0,0
8710,2,1,0
8710,3,0,0
8710,3,1,0
8710,4,2,0
8710,5,0,0
8710,5,2,0
8710,6,1,0
8710,6,2,0
8710,7,0,0
8710,7,1,0
8710,7,2,0
8711,1,0,0
8711,2,1,0
8711,3,0,0
8711,3,1,0
8711,4,2,0
8711,5,0,0
8711,5,2,0
8711,6,1,0
8711,6,2,0
8711,7,0,0
8711,7,1,0
8711,7,2,0
8712,1,0,0
8712,2,1,0
8712,3,0,0
8712,3,1,0
8712,4,2,0
8712,5,0,0
8712,5,2,0
8712,6,1,0
8712,6,2,0
8712,7,0,0
8712,7,1,0
8712,7,2,0
8713,1,0,0
8713,2,1,0
8713,3,0,0
8713,3,1,0
8713,4,2,0
8713,5,0,0
8713,5,2,0
8713,6,1,0
8713,6,2,0
8713,7,0,0
8713,7,1,0
8713,7,2,0
8714,1,0,0
8714,2,1,0
8714,3,0,0
8714,3,1,0
8714,4,2,0
8714,5,0,0
8714,5,2,0
8714,6,1,0
8714,6,2,0
8714,7,0,0
8714,7,1,0
8714,7,2,0
8715,1,0,0
8715,2,1,0
8715,3,0,0
8715,3,1,0
8715,4,2,0
8715,5,0,0
8715,5,2,0
8715,6,1,0
8715,6,2,0
8715,7,0,0
8715,7,1,0
8715,7,2,0
8716,1,0,0
8716,2,1,0
8716,3,0,0
8716,3,1,0
8716,4,2,0
8716,5,0,0
8716,5,2,0
8716,6,1,0
8716,6,2,0
8716,7,0,0
8716,7,1,0
8716,7,2,0
8717,1,0,0
8717,2,1,0
8717,3,0,0
8717,3,1,0
8717,4,2,0
8717,5,0,0
8717,5,2,0
8717,6,1,0
8717,6,2,0
8717,7,0,0
8717,7,1,0
8717,7,2,0
8718,1,0,0
8718,2,1,0
8718,3,0,0
8718,3,1,0
8718,4,2,0
8718,5,0,0
8718,5,2,0
8718,6,1,0
8718,6,2,0
8718,7,0,0
8718,7,1,0
8718,7,2,0
8719,1,0,0
8719,2,1,0
8719,3,0,0
8719,3,1,0
8719,4,2,0
8719,5,0,0
8719,5,2,0
8719,6,1,0
8719,6,2,0
8719,7,0,0
8719,7,1,0
8719,7,2,0
8720,1,0,0
8720,2,1,0
8720,3,0,0
8720,3,1,0
8720,4,2,0
8720,5,0,0
8720,5,2,0
8720,6,1,0
8720,6,2,0
8720,7,0,0
8720,7,1,0
8720,7,2,0
8721,1,0,1
8721,2,1,0
8721,3,0,1
8721,3,1,0
8721,4,2,1
8721,5,0,1
8721,5,2,1
8721,6,1,0
8721,6,2,1
8721,7,0,1
8721,7,1,0
8721,7,2,1
8722,1,0,1
8722,2,1,0
8722,3,0,1
8722,3,1,0
8722,4,2,1
8722,5,0,1
8722,5,2,1
8722,6,1,0
8722,6,2,1
8722,7,0,1
8722,7,1,0
8722,7,2,1
8723,1,0,0
8723,2,1,0
8723,3,0,0
8723,3,1,0
8723,4,2,0
8723,5,0,0
8723,5,2,0
8723,6,1,0
8723,6,2,0
8723,7,0,0
8723,7,1,0
8723,7,2,0
8724,1,0,0
8724,2,1,0
8724,3,0,0
8724,3,1,0
8724,4,2,0
8724,5,0,0
8724,5,2,0
8724,6,1,0
8724,6,2,0
8724,7,0,0
8724,7,1,0
8724,7,2,0
8725,1,0,0
8725,2,1,0
8725,3,0,0
8725,3,1,0
8725,4,2,0
8725,5,0,0
8725,5,2,0
8725,6,1,0
8725,6,2,0
8725,7,0,0
8725,7,1,0
8725,7,2,0
8726,1,0,0
8726,2,1,0
8726,3,0,0
8726,3,1,0
8726,4,2,0
8726,5,0,0
8726,5,2,0
8726,6,1,0
8726,6,2,0
8726,7,0,0
8726,7,1,0
8726,7,2,0
8727,1,0,0
8727,2,1,0
8727,3,0,0
8727,3,1,0
8727,4,2,0
8727,5,0,0
8727,5,2,0
8727,6,1,0
8727,6,2,0
8727,7,0,0
8727,7,1,0
8727,7,2,0
8728,1,0,0
8728,2,1,0
8728,3,0,0
8728,3,1,0
8728,4,2,0
8728,5,0,0
8728,5,2,0
8728,6,1,0
8728,6,2,0
8728,7,0,0
8728,7,1,0
8728,7,2,0
8729,1,0,0
8729,2,1,0
8729,3,0,0
8729,3,1,0
8729,4,2,0
8729,5,0,0
8729,5,2,0
8729,6,1,0
8729,6,2,0
8729,7,0,0
8729,7,1,0
8729,7,2,0
8730,1,0,0
8730,2,1,0
8730,3,0,0
8730,3,1,0
8730,4,2,0
8730,5,0,0
8730,5,2,0
8730,6,1,0
8730,6,2,0
8730,7,0,0
8730,7,1,0
8730,7,2,0
8731,1,0,0
8731,2,1,0
8731,3,0,0
8731,3,1,0
8731,4,2,0
8731,5,0,0
8731,5,2,0
8731,6,1,0
8731,6,2,0
8731,7,0,0
8731,7,1,0
8731,7,2,0
8732,1,0,0
8732,2,1,0
8732,3,0,0
8732,3,1,0
8732,4,2,0
8732,5,0,0
8732,5,2,0
8732,6,1,0
8732,6,2,0
8732,7,0,0
8732,7,1,0
8732,7,2,0
8733,1,0,0
8733,2,1,0
8733,3,0,0
8733,3,1,0
8733,4,2,0
8733,5,0,0
8733,5,2,0
8733,6,1,0
8733,6,2,0
8733,7,0,0
8733,7,1,0
8733,7,2,0
8734,1,0,0
8734,2,1,0
8734,3,0,0
8734,3,1,0
8734,4,2,0
8734,5,0,0
8734,5,2,0
8734,6,1,0
8734,6,2,0
8734,7,0,0
8734,7,1,0
8734,7,2,0
8735,1,0,0
8735,2,1,0
8735,3,0,0
8735,3,1,0
8735,4,2,0
8735,5,0,0
8735,5,2,0
8735,6,1,0
8735,6,2,0
8735,7,0,0
8735,7,1,0
8735,7,2,0
8736,1,0,0
8736,2,1,0
8736,3,0,0
8736,3,1,0
8736,4,2,0
8736,5,0,0
8736,5,2,0
8736,6,1,0
8736,6,2,0
8736,7,0,0
8736,7,1,0
8736,7,2,0
8737,1,0,0
8737,2,1,0
8737,3,0,0
8737,3,1,0
8737,4,2,0
8737,5,0,0
8737,5,2,0
8737,6,1,0
8737,6,2,0
8737,7,0,0
8737,7,1,0
8737,7,2,0
8738,1,0,0
8738,2,1,0
8738,3,0,0
8738,3,1,0
8738,4,2,0
8738,5,0,0
8738,5,2,0
8738,6,1,0
8738,6,2,0
8738,7,0,0
8738,7,1,0
8738,7,2,0
8739,1,0,0
8739,2,1,0
8739,3,0,0
8739,3,1,0
8739,4,2,0
8739,5,0,0
8739,5,2,0
8739,6,1,0
8739,6,2,0
8739,7,0,0
8739,7,1,0
8739,7,2,0
8740,1,0,0
8740,2,1,0
8740,3,0,0
8740,3,1,0
8740,4,2,0
8740,5,0,0
8740,5,2,0
8740,6,1,0
8740,6,2,0
8740,7,0,0
8740,7,1,0
8740,7,2,0
8741,1,0,0
8741,2,1,0
8741,3,0,0
8741,3,1,0
8741,4,2,0
8741,5,0,0
8741,5,2,0
8741,6,1,0
8741,6,2,0
8741,7,0,0
8741,7,1,0
8741,7,2,0
8742,1,0,0
8742,2,1,0
8742,3,0,0
8742,3,1,0
8742,4,2,0
8742,5,0,0
8742,5,2,0
8742,6,1,0
8742,6,2,0
8742,7,0,0
8742,7,1,0
8742,7,2,0
8743,1,0,0
8743,2,1,0
8743,3,0,0
8743,3,1,0
8743,4,2,0
8743,5,0,0
8743,5,2,0
8743,6,1,0
8743,6,2,0
8743,7,0,0
8743,7,1,0
8743,7,2,0
8744,1,0,0
8744,2,1,0
8744,3,0,0
8744,3,1,0
8744,4,2,0
8744,5,0,0
8744,5,2,0
8744,6,1,0
8744,6,2,0
8744,7,0,0
8744,7,1,0
8744,7,2,0
8745,1,0,0
8745,2,1,0
8745,3,0,0
8745,3,1,0
8745,4,2,0
8745,5,0,0
8745,5,2,0
8745,6,1,0
8745,6,2,0
8745,7,0,0
8745,7,1,0
8745,7,2,0
8746,1,0,0
8746,2,1,0
8746,3,0,0
8746,3,1,0
8746,4,2,0
8746,5,0,0
8746,5,2,0
8746,6,1,0
8746,6,2,0
8746,7,0,0
8746,7,1,0
8746,7,2,0
8747,1,0,0
8747,2,1,0
8747,3,0,0
8747,3,1,0
8747,4,2,0
8747,5,0,0
8747,5,2,0
8747,6,1,0
8747,6,2,0
8747,7,0,0
8747,7,1,0
8747,7,2,0
8748,1,0,1
8748,2,1,1
8748,3,0,1
8748,3,1,1
8748,4,2,1
8748,5,0,1
8748,5,2,1
8748,6,1,1
8748,6,2,1
8748,7,0,1
8748,7,1,1
8748,7,2,1
8749,1,0,1
8749,2,1,1
8749,3,0,1
8749,3,1,1
8749,4,2,1
8749,5,0,1
8749,5,2,1
8749,6,1,1
8749,6,2,1
8749,7,0,1
8749,7,1,1
8749,7,2,1
8750,1,0,0
8750,2,1,1
8750,3,0,0
8750,3,1,1
8750,4,2,1
8750,5,0,0
8750,5,2,1
8750,6,1,1
8750,6,2,1
8750,7,0,0
8750,7,1,1
8750,7,2,1
8751,1,0,1
8751,2,1,1
8751,3,0,1
8751,3,1,1
8751,4,2,1
8751,5,0,1
8751,5,2,1
8751,6,1,1
8751,6,2,1
8751,7,0,1
8751,7,1,1
8751,7,2,1
8752,1,0,1
8752,2,1,1
8752,3,0,1
8752,3,1,1
8752,4,2,1
8752,5,0,1
8752,5,2,1
8752,6,1,1
8752,6,2,1
8752,7,0,1
8752,7,1,1
8752,7,2,1
8753,1,0,0
8753,2,1,1
8753,3,0,0
8753,3,1,1
8753,4,2,1
8753,5,0,0
8753,5,2,1
8753,6,1,1
8753,6,2,1
8753,7,0,0
8753,7,1,1
8753,7,2,1
8754,1,0,1
8754,2,1,1
8754,3,0,1
8754,3,1,1
8754,4,2,1
8754,5,0,1
8754,5,2,1
8754,6,1,1
8754,6,2,1
8754,7,0,1
8754,7,1,1
8754,7,2,1
8755,1,0,1
8755,2,1,1
8755,3,0,1
8755,3,1,1
8755,4,2,1
8755,5,0,1
8755,5,2,1
8755,6,1,1
8755,6,2,1
8755,7,0,1
8755,7,1,1
8755,7,2,1
8756,1,0,0
8756,2,1,1
8756,3,0,0
8756,3,1,1
8756,4,2,1
8756,5,0,0
8756,5,2,1
8756,6,1,1
8756,6,2,1
8756,7,0,0
8756,7,1,1
8756,7,2,1
8757,1,0,1
8757,2,1,1
8757,3,0,1
8757,3,1,1
8757,4,2,1
8757,5,0,1
8757,5,2,1
8757,6,1,1
8757,6,2,1
8757,7,0,1
8757,7,1,1
8757,7,2,1
8758,1,0,1
8758,2,1,1
8758,3,0,1
8758,3,1,1
8758,4,2,1
8758,5,0,1
8758,5,2,1
8758,6,1,1
8758,6,2,1
8758,7,0,1
8758,7,1,1
8758,7,2,1
8759,1,0,0
8759,2,1,1
8759,3,0,0
8759,3,1,1
8759,4,2,1
8759,5,0,0
8759,5,2,1
8759,6,1,1
8759,6,2,1
8759,7,0,0
8759,7,1,1
8759,7,2,1
8760,1,0,1
8760,2,1,1
8760,3,0,1
8760,3,1,1
8760,4,2,1
8760,5,0,1
8760,5,2,1
8760,6,1,1
8760,6,2,1
8760,7,0,1
8760,7,1,1
8760,7,2,1
8761,1,0,1
8761,2,1,1
8761,3,0,1
8761,3,1,1
8761,4,2,1
8761,5,0,1
8761,5,2,1
8761,6,1,1
8761,6,2,1
8761,7,0,1
8761,7,1,1
8761,7,2,1
8762,1,0,0
8762,2,1,1
8762,3,0,0
8762,3,1,1
8762,4,2,1
8762,5,0,0
8762,5,2,1
8762,6,1,1
8762,6,2,1
8762,7,0,0
8762,7,1,1
8762,7,2,1
8763,1,0,1
8763,2,1,1
8763,3,0,1
8763,3,1,1
8763,4,2,1
8763,5,0,1
8763,5,2,1
8763,6,1,1
8763,6,2,1
8763,7,0,1
8763,7,1,1
8763,7,2,1
8764,1,0,1
8764,2,1,1
8764,3,0,1
8764,3,1,1
8764,4,2,1
8764,5,0,1
8764,5,2,1
8764,6,1,1
8764,6,2,1
8764,7,0,1
8764,7,1,1
8764,7,2,1
8765,1,0,0
8765,2,1,1
8765,3,0,0
8765,3,1,1
8765,4,2,1
8765,5,0,0
8765,5,2,1
8765,6,1,1
8765,6,2,1
8765,7,0,0
8765,7,1,1
8765,7,2,1
8766,1,0,1
8766,2,1,1
8766,3,0,1
8766,3,1,1
8766,4,2,1
8766,5,0,1
8766,5,2,1
8766,6,1,1
8766,6,2,1
8766,7,0,1
8766,7,1,1
8766,7,2,1
8767,1,0,1
8767,2,1,1
8767,3,0,1
8767,3,1,1
8767,4,2,1
8767,5,0,1
8767,5,2,1
8767,6,1,1
8767,6,2,1
8767,7,0,1
8767,7,1,1
8767,7,2,1
8768,1,0,0
8768,2,1,1
8768,3,0,0
8768,3,1,1
8768,4,2,1
8768,5,0,0
8768,5,2,1
8768,6,1,1
8768,6,2,1
8768,7,0,0
8768,7,1,1
8768,7,2,1
8769,1,0,1
8769,2,1,1
8769,3,0,1
8769,3,1,1
8769,4,2,1
8769,5,0,1
8769,5,2,1
8769,6,1,1
8769,6,2,1
8769,7,0,1
8769,7,1,1
8769,7,2,1
8770,1,0,1
8770,2,1,1
8770,3,0,1
8770,3,1,1
8770,4,2,1
8770,5,0,1
8770,5,2,1
8770,6,1,1
8770,6,2,1
8770,7,0,1
8770,7,1,1
8770,7,2,1
8771,1,0,0
8771,2,1,1
8771,3,0,0
8771,3,1,1
8771,4,2,1
8771,5,0,0
8771,5,2,1
8771,6,1,1
8771,6,2,1
8771,7,0,0
8771,7,1,1
8771,7,2,1
8772,1,0,1
8772,2,1,1
8772,3,0,1
8772,3,1,1
8772,4,2,1
8772,5,0,1
8772,5,2,1
8772,6,1,1
8772,6,2,1
8772,7,0,1
8772,7,1,1
8772,7,2,1
8773,1,0,1
8773,2,1,1
8773,3,0,1
8773,3,1,1
8773,4,2,1
8773,5,0,1
8773,5,2,1
8773,6,1,1
8773,6,2,1
8773,7,0,1
8773,7,1,1
8773,7,2,1
8774,1,0,0
8774,2,1,1
8774,3,0,0
8774,3,1,1
8774,4,2,1
8774,5,0,0
8774,5,2,1
8774,6,1,1
8774,6,2,1
8774,7,0,0
8774,7,1,1
8774,7,2,1
8775,1,0,1
8775,2,1,1
8775,3,0,1
8775,3,1,1
8775,4,2,1
8775,5,0,1
8775,5,2,1
8775,6,1,1
8775,6,2,1
8775,7,0,1
8775,7,1,1
8775,7,2,1
8776,1,0,1
8776,2,1,1
8776,3,0,1
8776,3,1,1
8776,4,2,1
8776,5,0,1
8776,5,2,1
8776,6,1,1
8776,6,2,1
8776,7,0,1
8776,7,1,1
8776,7,2,1
8777,1,0,0
8777,2,1,0
8777,3,0,0
8777,3,1,0
8777,4,2,0
8777,5,0,0
8777,5,2,0
8777,6,1,0
8777,6,2,0
8777,7,0,0
8777,7,1,0
8777,7,2,0
8778,1,0,1
8778,2,1,1
8778,3,0,1
8778,3,1,1
8778,4,2,1
8778,5,0,1
8778,5,2,1
8778,6,1,1
8778,6,2,1
8778,7,0,1
8778,7,1,1
8778,7,2,1
8779,1,0,1
8779,2,1,1
8779,3,0,1
8779,3,1,1
8779,4,2,1
8779,5,0,1
8779,5,2,1
8779,6,1,1
8779,6,2,1
8779,7,0,1
8779,7,1,1
8779,7,2,1
8780,1,0,0
8780,2,1,0
8780,3,0,0
8780,3,1,0
8780,4,2,0
8780,5,0,0
8780,5,2,0
8780,6,1,0
8780,6,2,0
8780,7,0,0
8780,7,1,0
8780,7,2,0
8781,1,0,0
8781,2,1,0
8781,3,0,0
8781,3,1,0
8781,4,2,0
8781,5,0,0
8781,5,2,0
8781,6,1,0
8781,6,2,0
8781,7,0,0
8781,7,1,0
8781,7,2,0
8782,1,0,0
8782,2,1,0
8782,3,0,0
8782,3,1,0
8782,4,2,0
8782,5,0,0
8782,5,2,0
8782,6,1,0
8782,6,2,0
8782,7,0,0
8782,7,1,0
8782,7,2,0
8783,1,0,0
8783,2,1,0
8783,3,0,0
8783,3,1,0
8783,4,2,0
8783,5,0,0
8783,5,2,0
8783,6,1,0
8783,6,2,0
8783,7,0,0
8783,7,1,0
8783,7,2,0
8784,1,0,1
8784,2,1,1
8784,3,0,1
8784,3,1,1
8784,4,2,1
8784,5,0,1
8784,5,2,1
8784,6,1,1
8784,6,2,1
8784,7,0,1
8784,7,1,1
8784,7,2,1
8785,1,0,1
8785,2,1,1
8785,3,0,1
8785,3,1,1
8785,4,2,1
8785,5,0,1
8785,5,2,1
8785,6,1,1
8785,6,2,1
8785,7,0,1
8785,7,1,1
8785,7,2,1
8786,1,0,0
8786,2,1,0
8786,3,0,0
8786,3,1,0
8786,4,2,0
8786,5,0,0
8786,5,2,0
8786,6,1,0
8786,6,2,0
8786,7,0,0
8786,7,1,0
8786,7,2,0
8787,1,0,1
8787,2,1,1
8787,3,0,1
8787,3,1,1
8787,4,2,1
8787,5,0,1
8787,5,2,1
8787,6,1,1
8787,6,2,1
8787,7,0,1
8787,7,1,1
8787,7,2,1
8788,1,0,1
8788,2,1,1
8788,3,0,1
8788,3,1,1
8788,4,2,1
8788,5,0,1
8788,5,2,1
8788,6,1,1
8788,6,2,1
8788,7,0,1
8788,7,1,1
8788,7,2,1
8789,1,0,0
8789,2,1,0
8789,3,0,0
8789,3,1,0
8789,4,2,0
8789,5,0,0
8789,5,2,0
8789,6,1,0
8789,6,2,0
8789,7,0,0
8789,7,1,0
8789,7,2,0
8790,1,0,0
8790,2,1,0
8790,3,0,0
8790,3,1,0
8790,4,2,0
8790,5,0,0
8790,5,2,0
8790,6,1,0
8790,6,2,0
8790,7,0,0
8790,7,1,0
8790,7,2,0
8791,1,0,0
8791,2,1,0
8791,3,0,0
8791,3,1,0
8791,4,2,0
8791,5,0,0
8791,5,2,0
8791,6,1,0
8791,6,2,0
8791,7,0,0
8791,7,1,0
8791,7,2,0
8792,1,0,0
8792,2,1,0
8792,3,0,0
8792,3,1,0
8792,4,2,0
8792,5,0,0
8792,5,2,0
8792,6,1,0
8792,6,2,0
8792,7,0,0
8792,7,1,0
8792,7,2,0
8793,1,0,0
8793,2,1,0
8793,3,0,0
8793,3,1,0
8793,4,2,0
8793,5,0,0
8793,5,2,0
8793,6,1,0
8793,6,2,0
8793,7,0,0
8793,7,1,0
8793,7,2,0
8794,1,0,0
8794,2,1,0
8794,3,0,0
8794,3,1,0
8794,4,2,0
8794,5,0,0
8794,5,2,0
8794,6,1,0
8794,6,2,0
8794,7,0,0
8794,7,1,0
8794,7,2,0
8795,1,0,0
8795,2,1,0
8795,3,0,0
8795,3,1,0
8795,4,2,0
8795,5,0,0
8795,5,2,0
8795,6,1,0
8795,6,2,0
8795,7,0,0
8795,7,1,0
8795,7,2,0
8796,1,0,0
8796,2,1,0
8796,3,0,0
8796,3,1,0
8796,4,2,0
8796,5,0,0
8796,5,2,0
8796,6,1,0
8796,6,2,0
8796,7,0,0
8796,7,1,0
8796,7,2,0
8797,1,0,0
8797,2,1,0
8797,3,0,0
8797,3,1,0
8797,4,2,0
8797,5,0,0
8797,5,2,0
8797,6,1,0
8797,6,2,0
8797,7,0,0
8797,7,1,0
8797,7,2,0
8798,1,0,0
8798,2,1,0
8798,3,0,0
8798,3,1,0
8798,4,2,0
8798,5,0,0
8798,5,2,0
8798,6,1,0
8798,6,2,0
8798,7,0,0
8798,7,1,0
8798,7,2,0
8799,1,0,0
8799,2,1,0
8799,3,0,0
8799,3,1,0
8799,4,2,0
8799,5,0,0
8799,5,2,0
8799,6,1,0
8799,6,2,0
8799,7,0,0
8799,7,1,0
8799,7,2,0
8800,1,0,0
8800,2,1,0
8800,3,0,0
8800,3,1,0
8800,4,2,0
8800,5,0,0
8800,5,2,0
8800,6,1,0
8800,6,2,0
8800,7,0,0
8800,7,1,0
8800,7,2,0
8801,1,0,0
8801,2,1,0
8801,3,0,0
8801,3,1,0
8801,4,2,0
8801,5,0,0
8801,5,2,0
8801,6,1,0
8801,6,2,0
8801,7,0,0
8801,7,1,0
8801,7,2,0
8802,1,0,1
8802,2,1,1
8802,3,0,1
8802,3,1,1
8802,4,2,1
8802,5,0,1
8802,5,2,1
8802,6,1,1
8802,6,2,1
8802,7,0,1
8802,7,1,1
8802,7,2,1
8803,1,0,1
8803,2,1,1
8803,3,0,1
8803,3,1,1
8803,4,2,1
8803,5,0,1
8803,5,2,1
8803,6,1,1
8803,6,2,1
8803,7,0,1
8803,7,1,1
8803,7,2,1
8804,1,0,0
8804,2,1,0
8804,3,0,0
8804,3,1,0
8804,4,2,0
8804,5,0,0
8804,5,2,0
8804,6,1,0
8804,6,2,0
8804,7,0,0
8804,7,1,0
8804,7,2,0
8805,1,0,0
8805,2,1,0
8805,3,0,0
8805,3,1,0
8805,4,2,0
8805,5,0,0
8805,5,2,0
8805,6,1,0
8805,6,2,0
8805,7,0,0
8805,7,1,0
8805,7,2,0
8806,1,0,0
8806,2,1,0
8806,3,0,0
8806,3,1,0
8806,4,2,0
8806,5,0,0
8806,5,2,0
8806,6,1,0
8806,6,2,0
8806,7,0,0
8806,7,1,0
8806,7,2,0
8807,1,0,0
8807,2,1,0
8807,3,0,0
8807,3,1,0
8807,4,2,0
8807,5,0,0
8807,5,2,0
8807,6,1,0
8807,6,2,0
8807,7,0,0
8807,7,1,0
8807,7,2,0
8808,1,0,0
8808,2,1,0
8808,3,0,0
8808,3,1,0
8808,4,2,0
8808,5,0,0
8808,5,2,0
8808,6,1,0
8808,6,2,0
8808,7,0,0
8808,7,1,0
8808,7,2,0
8809,1,0,0
8809,2,1,0
8809,3,0,0
8809,3,1,0
8809,4,2,0
8809,5,0,0
8809,5,2,0
8809,6,1,0
8809,6,2,0
8809,7,0,0
8809,7,1,0
8809,7,2,0
8810,1,0,0
8810,2,1,0
8810,3,0,0
8810,3,1,0
8810,4,2,0
8810,5,0,0
8810,5,2,0
8810,6,1,0
8810,6,2,0
8810,7,0,0
8810,7,1,0
8810,7,2,0
8811,1,0,0
8811,2,1,0
8811,3,0,0
8811,3,1,0
8811,4,2,0
8811,5,0,0
8811,5,2,0
8811,6,1,0
8811,6,2,0
8811,7,0,0
8811,7,1,0
8811,7,2,0
8812,1,0,0
8812,2,1,0
8812,3,0,0
8812,3,1,0
8812,4,2,0
8812,5,0,0
8812,5,2,0
8812,6,1,0
8812,6,2,0
8812,7,0,0
8812,7,1,0
8812,7,2,0
8813,1,0,0
8813,2,1,0
8813,3,0,0
8813,3,1,0
8813,4,2,0
8813,5,0,0
8813,5,2,0
8813,6,1,0
8813,6,2,0
8813,7,0,0
8813,7,1,0
8813,7,2,0
8814,1,0,0
8814,2,1,0
8814,3,0,0
8814,3,1,0
8814,4,2,0
8814,5,0,0
8814,5,2,0
8814,6,1,0
8814,6,2,0
8814,7,0,0
8814,7,1,0
8814,7,2,0
8815,1,0,0
8815,2,1,0
8815,3,0,0
8815,3,1,0
8815,4,2,0
8815,5,0,0
8815,5,2,0
8815,6,1,0
8815,6,2,0
8815,7,0,0
8815,7,1,0
8815,7,2,0
8816,1,0,0
8816,2,1,0
8816,3,0,0
8816,3,1,0
8816,4,2,0
8816,5,0,0
8816,5,2,0
8816,6,1,0
8816,6,2,0
8816,7,0,0
8816,7,1,0
8816,7,2,0
8817,1,0,0
8817,2,1,0
8817,3,0,0
8817,3,1,0
8817,4,2,0
8817,5,0,0
8817,5,2,0
8817,6,1,0
8817,6,2,0
8817,7,0,0
8817,7,1,0
8817,7,2,0
8818,1,0,0
8818,2,1,0
8818,3,0,0
8818,3,1,0
8818,4,2,0
8818,5,0,0
8818,5,2,0
8818,6,1,0
8818,6,2,0
8818,7,0,0
8818,7,1,0
8818,7,2,0
8819,1,0,0
8819,2,1,0
8819,3,0,0
8819,3,1,0
8819,4,2,0
8819,5,0,0
8819,5,2,0
8819,6,1,0
8819,6,2,0
8819,7,0,0
8819,7,1,0
8819,7,2,0
8820,1,0,0
8820,2,1,0
8820,3,0,0
8820,3,1,0
8820,4,2,0
8820,5,0,0
8820,5,2,0
8820,6,1,0
8820,6,2,0
8820,7,0,0
8820,7,1,0
8820,7,2,0
8821,1,0,0
8821,2,1,0
8821,3,0,0
8821,3,1,0
8821,4,2,0
8821,5,0,0
8821,5,2,0
8821,6,1,0
8821,6,2,0
8821,7,0,0
8821,7,1,0
8821,7,2,0
8822,1,0,0
8822,2,1,0
8822,3,0,0
8822,3,1,0
8822,4,2,0
8822,5,0,0
8822,5,2,0
8822,6,1,0
8822,6,2,0
8822,7,0,0
8822,7,1,0
8822,7,2,0
8823,1,0,0
8823,2,1,0
8823,3,0,0
8823,3,1,0
8823,4,2,0
8823,5,0,0
8823,5,2,0
8823,6,1,0
8823,6,2,0
8823,7,0,0
8823,7,1,0
8823,7,2,0
8824,1,0,0
8824,2,1,0
8824,3,0,0
8824,3,1,0
8824,4,2,0
8824,5,0,0
8824,5,2,0
8824,6,1,0
8824,6,2,0
8824,7,0,0
8824,7,1,0
8824,7,2,0
8825,1,0,0
8825,2,1,0
8825,3,0,0
8825,3,1,0
8825,4,2,0
8825,5,0,0
8825,5,2,0
8825,6,1,0
8825,6,2,0
8825,7,0,0
8825,7,1,0
8825,7,2,0
8826,1,0,0
8826,2,1,0
8826,3,0,0
8826,3,1,0
8826,4,2,0
8826,5,0,0
8826,5,2,0
8826,6,1,0
8826,6,2,0
8826,7,0,0
8826,7,1,0
8826,7,2,0
8827,1,0,0
8827,2,1,0
8827,3,0,0
8827,3,1,0
8827,4,2,0
8827,5,0,0
8827,5,2,0
8827,6,1,0
8827,6,2,0
8827,7,0,0
8827,7,1,0
8827,7,2,0
8828,1,0,0
8828,2,1,0
8828,3,0,0
8828,3,1,0
8828,4,2,0
8828,5,0,0
8828,5,2,0
8828,6,1,0
8828,6,2,0
8828,7,0,0
8828,7,1,0
8828,7,2,0
8829,1,0,1
8829,2,1,1
8829,3,0,1
8829,3,1,1
8829,4,2,1
8829,5,0,1
8829,5,2,1
8829,6,1,1
8829,6,2,1
8829,7,0,1
8829,7,1,1
8829,7,2,1
8830,1,0,1
8830,2,1,1
8830,3,0,1
8830,3,1,1
8830,4,2,1
8830,5,0,1
8830,5,2,1
8830,6,1,1
8830,6,2,1
8830,7,0,1
8830,7,1,1
8830,7,2,1
8831,1,0,0
8831,2,1,1
8831,3,0,0
8831,3,1,1
8831,4,2,1
8831,5,0,0
8831,5,2,1
8831,6,1,1
8831,6,2,1
8831,7,0,0
8831,7,1,1
8831,7,2,1
8832,1,0,1
8832,2,1,1
8832,3,0,1
8832,3,1,1
8832,4,2,1
8832,5,0,1
8832,5,2,1
8832,6,1,1
8832,6,2,1
8832,7,0,1
8832,7,1,1
8832,7,2,1
8833,1,0,1
8833,2,1,1
8833,3,0,1
8833,3,1,1
8833,4,2,1
8833,5,0,1
8833,5,2,1
8833,6,1,1
8833,6,2,1
8833,7,0,1
8833,7,1,1
8833,7,2,1
8834,1,0,0
8834,2,1,1
8834,3,0,0
8834,3,1,1
8834,4,2,1
8834,5,0,0
8834,5,2,1
8834,6,1,1
8834,6,2,1
8834,7,0,0
8834,7,1,1
8834,7,2,1
8835,1,0,1
8835,2,1,1
8835,3,0,1
8835,3,1,1
8835,4,2,1
8835,5,0,1
8835,5,2,1
8835,6,1,1
8835,6,2,1
8835,7,0,1
8835,7,1,1
8835,7,2,1
8836,1,0,1
8836,2,1,1
8836,3,0,1
8836,3,1,1
8836,4,2,1
8836,5,0,1
8836,5,2,1
8836,6,1,1
8836,6,2,1
8836,7,0,1
8836,7,1,1
8836,7,2,1
8837,1,0,0
8837,2,1,1
8837,3,0,0
8837,3,1,1
8837,4,2,1
8837,5,0,0
8837,5,2,1
8837,6,1,1
8837,6,2,1
8837,7,0,0
8837,7,1,1
8837,7,2,1
8838,1,0,1
8838,2,1,1
8838,3,0,1
8838,3,1,1
8838,4,2,1
8838,5,0,1
8838,5,2,1
8838,6,1,1
8838,6,2,1
8838,7,0,1
8838,7,1,1
8838,7,2,1
8839,1,0,1
8839,2,1,1
8839,3,0,1
8839,3,1,1
8839,4,2,1
8839,5,0,1
8839,5,2,1
8839,6,1,1
8839,6,2,1
8839,7,0,1
8839,7,1,1
8839,7,2,1
8840,1,0,0
8840,2,1,1
8840,3,0,0
8840,3,1,1
8840,4,2,1
8840,5,0,0
8840,5,2,1
8840,6,1,1
8840,6,2,1
8840,7,0,0
8840,7,1,1
8840,7,2,1
8841,1,0,1
8841,2,1,1
8841,3,0,1
8841,3,1,1
8841,4,2,1
8841,5,0,1
8841,5,2,1
8841,6,1,1
8841,6,2,1
8841,7,0,1
8841,7,1,1
8841,7,2,1
8842,1,0,1
8842,2,1,1
8842,3,0,1
8842,3,1,1
8842,4,2,1
8842,5,0,1
8842,5,2,1
8842,6,1,1
8842,6,2,1
8842,7,0,1
8842,7,1,1
8842,7,2,1
8843,1,0,0
8843,2,1,1
8843,3,0,0
8843,3,1,1
8843,4,2,1
8843,5,0,0
8843,5,2,1
8843,6,1,1
8843,6,2,1
8843,7,0,0
8843,7,1,1
8843,7,2,1
8844,1,0,1
8844,2,1,1
8844,3,0,1
8844,3,1,1
8844,4,2,1
8844,5,0,1
8844,5,2,1
8844,6,1,1
8844,6,2,1
8844,7,0,1
8844,7,1,1
8844,7,2,1
8845,1,0,1
8845,2,1,1
8845,3,0,1
8845,3,1,1
8845,4,2,1
8845,5,0,1
8845,5,2,1
8845,6,1,1
8845,6,2,1
8845,7,0,1
8845,7,1,1
8845,7,2,1
8846,1,0,0
8846,2,1,1
8846,3,0,0
8846,3,1,1
8846,4,2,1
8846,5,0,0
8846,5,2,1
8846,6,1,1
8846,6,2,1
8846,7,0,0
8846,7,1,1
8846,7,2,1
8847,1,0,1
8847,2,1,1
8847,3,0,1
8847,3,1,1
8847,4,2,1
8847,5,0,1
8847,5,2,1
8847,6,1,1
8847,6,2,1
8847,7,0,1
8847,7,1,1
8847,7,2,1
8848,1,0,1
8848,2,1,1
8848,3,0,1
8848,3,1,1
8848,4,2,1
8848,5,0,1
8848,5,2,1
8848,6,1,1
8848,6,2,1
8848,7,0,1
8848,7,1,1
8848,7,2,1
8849,1,0,0
8849,2,1,1
8849,3,0,0
8849,3,1,1
8849,4,2,1
8849,5,0,0
8849,5,2,1
8849,6,1,1
8849,6,2,1
8849,7,0,0
8849,7,1,1
8849,7,2,1
8850,1,0,1
8850,2,1,1
8850,3,0,1
8850,3,1,1
8850,4,2,1
8850,5,0,1
8850,5,2,1
8850,6,1,1
8850,6,2,1
8850,7,0,1
8850,7,1,1
8850,7,2,1
8851,1,0,1
8851,2,1,1
8851,3,0,1
8851,3,1,1
8851,4,2,1
8851,5,0,1
8851,5,2,1
8851,6,1,1
8851,6,2,1
8851,7,0,1
8851,7,1,1
8851,7,2,1
8852,1,0,0
8852,2,1,1
8852,3,0,0
8852,3,1,1
8852,4,2,1
8852,5,0,0
8852,5,2,1
8852,6,1,1
8852,6,2,1
8852,7,0,0
8852,7,1,1
8852,7,2,1
8853,1,0,1
8853,2,1,1
8853,3,0,1
8853,3,1,1
8853,4,2,1
8853,5,0,1
8853,5,2,1
8853,6,1,1
8853,6,2,1
8853,7,0,1
8853,7,1,1
8853,7,2,1
8854,1,0,1
8854,2,1,1
8854,3,0,1
8854,3,1,1
8854,4,2,1
8854,5,0,1
8854,5,2,1
8854,6,1,1
8854,6,2,1
8854,7,0,1
8854,7,1,1
8854,7,2,1
8855,1,0,0
8855,2,1,1
8855,3,0,0
8855,3,1,1
8855,4,2,1
8855,5,0,0
8855,5,2,1
8855,6,1,1
8855,6,2,1
8855,7,0,0
8855,7,1,1
8855,7,2,1
8856,1,0,1
8856,2,1,1
8856,3,0,1
8856,3,1,1
8856,4,2,1
8856,5,0,1
8856,5,2,1
8856,6,1,1
8856,6,2,1
8856,7,0,1
8856,7,1,1
8856,7,2,1
8857,1,0,1
8857,2,1,1
8857,3,0,1
8857,3,1,1
8857,4,2,1
8857,5,0,1
8857,5,2,1
8857,6,1,1
8857,6,2,1
8857,7,0,1
8857,7,1,1
8857,7,2,1
8858,1,0,0
8858,2,1,0
8858,3,0,0
8858,3,1,0
8858,4,2,0
8858,5,0,0
8858,5,2,0
8858,6,1,0
8858,6,2,0
8858,7,0,0
8858,7,1,0
8858,7,2,0
8859,1,0,1
8859,2,1,1
8859,3,0,1
8859,3,1,1
8859,4,2,1
8859,5,0,1
8859,5,2,1
8859,6,1,1
8859,6,2,1
8859,7,0,1
8859,7,1,1
8859,7,2,1
8860,1,0,1
8860,2,1,1
8860,3,0,1
8860,3,1,1
8860,4,2,1
8860,5,0,1
8860,5,2,1
8860,6,1,1
8860,6,2,1
8860,7,0,1
8860,7,1,1
8860,7,2,1
8861,1,0,0
8861,2,1,0
8861,3,0,0
8861,3,1,0
8861,4,2,0
8861,5,0,0
8861,5,2,0
8861,6,1,0
8861,6,2,0
8861,7,0,0
8861,7,1,0
8861,7,2,0
8862,1,0,0
8862,2,1,0
8862,3,0,0
8862,3,1,0
8862,4,2,0
8862,5,0,0
8862,5,2,0
8862,6,1,0
8862,6,2,0
8862,7,0,0
8862,7,1,0
8862,7,2,0
8863,1,0,0
8863,2,1,0
8863,3,0,0
8863,3,1,0
8863,4,2,0
8863,5,0,0
8863,5,2,0
8863,6,1,0
8863,6,2,0
8863,7,0,0
8863,7,1,0
8863,7,2,0
8864,1,0,0
8864,2,1,0
8864,3,0,0
8864,3,1,0
8864,4,2,0
8864,5,0,0
8864,5,2,0
8864,6,1,0
8864,6,2,0
8864,7,0,0
8864,7,1,0
8864,7,2,0
8865,1,0,1
8865,2,1,1
8865,3,0,1
8865,3,1,1
8865,4,2,1
8865,5,0,1
8865,5,2,1
8865,6,1,1
8865,6,2,1
8865,7,0,1
8865,7,1,1
8865,7,2,1
8866,1,0,1
8866,2,1,1
8866,3,0,1
8866,3,1,1
8866,4,2,1
8866,5,0,1
8866,5,2,1
8866,6,1,1
8866,6,2,1
8866,7,0,1
8866,7,1,1
8866,7,2,1
8867,1,0,0
8867,2,1,0
8867,3,0,0
8867,3,1,0
8867,4,2,0
8867,5,0,0
8867,5,2,0
8867,6,1,0
8867,6,2,0
8867,7,0,0
8867,7,1,0
8867,7,2,0
8868,1,0,1
8868,2,1,1
8868,3,0,1
8868,3,1,1
8868,4,2,1
8868,5,0,1
8868,5,2,1
8868,6,1,1
8868,6,2,1
8868,7,0,1
8868,7,1,1
8868,7,2,1
8869,1,0,1
8869,2,1,1
8869,3,0,1
8869,3,1,1
8869,4,2,1
8869,5,0,1
8869,5,2,1
8869,6,1,1
8869,6,2,1
8869,7,0,1
8869,7,1,1
8869,7,2,1
8870,1,0,0
8870,2,1,0
8870,3,0,0
8870,3,1,0
8870,4,2,0
8870,5,0,0
8870,5,2,0
8870,6,1,0
8870,6,2,0
8870,7,0,0
8870,7,1,0
8870,7,2,0
8871,1,0,0
8871,2,1,0
8871,3,0,0
8871,3,1,0
8871,4,2,0
8871,5,0,0
8871,5,2,0
8871,6,1,0
8871,6,2,0
8871,7,0,0
8871,7,1,0
8871,7,2,0
8872,1,0,0
8872,2,1,0
8872,3,0,0
8872,3,1,0
8872,4,2,0
8872,5,0,0
8872,5,2,0
8872,6,1,0
8872,6,2,0
8872,7,0,0
8872,7,1,0
8872,7,2,0
8873,1,0,0
8873,2,1,0
8873,3,0,0
8873,3,1,0
8873,4,2,0
8873,5,0,0
8873,5,2,0
8873,6,1,0
8873,6,2,0
8873,7,0,0
8873,7,1,0
8873,7,2,0
8874,1,0,0
8874,2,1,0
8874,3,0,0
8874,3,1,0
8874,4,2,0
8874,5,0,0
8874,5,2,0
8874,6,1,0
8874,6,2,0
8874,7,0,0
8874,7,1,0
8874,7,2,0
8875,1,0,0
8875,2,1,0
8875,3,0,0
8875,3,1,0
8875,4,2,0
8875,5,0,0
8875,5,2,0
8875,6,1,0
8875,6,2,0
8875,7,0,0
8875,7,1,0
8875,7,2,0
8876,1,0,0
8876,2,1,0
8876,3,0,0
8876,3,1,0
8876,4,2,0
8876,5,0,0
8876,5,2,0
8876,6,1,0
8876,6,2,0
8876,7,0,0
8876,7,1,0
8876,7,2,0
8877,1,0,0
8877,2,1,0
8877,3,0,0
8877,3,1,0
8877,4,2,0
8877,5,0,0
8877,5,2,0
8877,6,1,0
8877,6,2,0
8877,7,0,0
8877,7,1,0
8877,7,2,0
8878,1,0,0
8878,2,1,0
8878,3,0,0
8878,3,1,0
8878,4,2,0
8878,5,0,0
8878,5,2,0
8878,6,1,0
8878,6,2,0
8878,7,0,0
8878,7,1,0
8878,7,2,0
8879,1,0,0
8879,2,1,0
8879,3,0,0
8879,3,1,0
8879,4,2,0
8879,5,0,0
8879,5,2,0
8879,6,1,0
8879,6,2,0
8879,7,0,0
8879,7,1,0
8879,7,2,0
8880,1,0,0
8880,2,1,0
8880,3,0,0
8880,3,1,0
8880,4,2,0
8880,5,0,0
8880,5,2,0
8880,6,1,0
8880,6,2,0
8880,7,0,0
8880,7,1,0
8880,7,2,0
8881,1,0,0
8881,2,1,0
8881,3,0,0
8881,3,1,0
8881,4,2,0
8881,5,0,0
8881,5,2,0
8881,6,1,0
8881,6,2,0
8881,7,0,0
8881,7,1,0
8881,7,2,0
8882,1,0,0
8882,2,1,0
8882,3,0,0
8882,3,1,0
8882,4,2,0
8882,5,0,0
8882,5,2,0
8882,6,1,0
8882,6,2,0
8882,7,0,0
8882,7,1,0
8882,7,2,0
8883,1,0,1
8883,2,1,1
8883,3,0,1
8883,3,1,1
8883,4,2,1
8883,5,0,1
8883,5,2,1
8883,6,1,1
8883,6,2,1
8883,7,0,1
8883,7,1,1
8883,7,2,1
8884,1,0,1
8884,2,1,1
8884,3,0,1
8884,3,1,1
8884,4,2,1
8884,5,0,1
8884,5,2,1
8884,6,1,1
8884,6,2,1
8884,7,0,1
8884,7,1,1
8884,7,2,1
8885,1,0,0
8885,2,1,0
8885,3,0,0
8885,3,1,0
8885,4,2,0
8885,5,0,0
8885,5,2,0
8885,6,1,0
8885,6,2,0
8885,7,0,0
8885,7,1,0
8885,7,2,0
8886,1,0,0
8886,2,1,0
8886,3,0,0
8886,3,1,0
8886,4,2,0
8886,5,0,0
8886,5,2,0
8886,6,1,0
8886,6,2,0
8886,7,0,0
8886,7,1,0
8886,7,2,0
8887,1,0,0
8887,2,1,0
8887,3,0,0
8887,3,1,0
8887,4,2,0
8887,5,0,0
8887,5,2,0
8887,6,1,0
8887,6,2,0
8887,7,0,0
8887,7,1,0
8887,7,2,0
8888,1,0,0
8888,2,1,0
8888,3,0,0
8888,3,1,0
8888,4,2,0
8888,5,0,0
8888,5,2,0
8888,6,1,0
8888,6,2,0
8888,7,0,0
8888,7,1,0
8888,7,2,0
8889,1,0,0
8889,2,1,0
8889,3,0,0
8889,3,1,0
8889,4,2,0
8889,5,0,0
8889,5,2,0
8889,6,1,0
8889,6,2,0
8889,7,0,0
8889,7,1,0
8889,7,2,0
8890,1,0,0
8890,2,1,0
8890,3,0,0
8890,3,1,0
8890,4,2,0
8890,5,0,0
8890,5,2,0
8890,6,1,0
8890,6,2,0
8890,7,0,0
8890,7,1,0
8890,7,2,0
8891,1,0,0
8891,2,1,0
8891,3,0,0
8891,3,1,0
8891,4,2,0
8891,5,0,0
8891,5,2,0
8891,6,1,0
8891,6,2,0
8891,7,0,0
8891,7,1,0
8891,7,2,0
8892,1,0,0
8892,2,1,0
8892,3,0,0
8892,3,1,0
8892,4,2,0
8892,5,0,0
8892,5,2,0
8892,6,1,0
8892,6,2,0
8892,7,0,0
8892,7,1,0
8892,7,2,0
8893,1,0,0
8893,2,1,0
8893,3,0,0
8893,3,1,0
8893,4,2,0
8893,5,0,0
8893,5,2,0
8893,6,1,0
8893,6,2,0
8893,7,0,0
8893,7,1,0
8893,7,2,0
8894,1,0,0
8894,2,1,0
8894,3,0,0
8894,3,1,0
8894,4,2,0
8894,5,0,0
8894,5,2,0
8894,6,1,0
8894,6,2,0
8894,7,0,0
8894,7,1,0
8894,7,2,0
8895,1,0,0
8895,2,1,0
8895,3,0,0
8895,3,1,0
8895,4,2,0
8895,5,0,0
8895,5,2,0
8895,6,1,0
8895,6,2,0
8895,7,0,0
8895,7,1,0
8895,7,2,0
8896,1,0,0
8896,2,1,0
8896,3,0,0
8896,3,1,0
8896,4,2,0
8896,5,0,0
8896,5,2,0
8896,6,1,0
8896,6,2,0
8896,7,0,0
8896,7,1,0
8896,7,2,0
8897,1,0,0
8897,2,1,0
8897,3,0,0
8897,3,1,0
8897,4,2,0
8897,5,0,0
8897,5,2,0
8897,6,1,0
8897,6,2,0
8897,7,0,0
8897,7,1,0
8897,7,2,0
8898,1,0,0
8898,2,1,0
8898,3,0,0
8898,3,1,0
8898,4,2,0
8898,5,0,0
8898,5,2,0
8898,6,1,0
8898,6,2,0
8898,7,0,0
8898,7,1,0
8898,7,2,0
8899,1,0,0
8899,2,1,0
8899,3,0,0
8899,3,1,0
8899,4,2,0
8899,5,0,0
8899,5,2,0
8899,6,1,0
8899,6,2,0
8899,7,0,0
8899,7,1,0
8899,7,2,0
8900,1,0,0
8900,2,1,0
8900,3,0,0
8900,3,1,0
8900,4,2,0
8900,5,0,0
8900,5,2,0
8900,6,1,0
8900,6,2,0
8900,7,0,0
8900,7,1,0
8900,7,2,0
8901,1,0,0
8901,2,1,0
8901,3,0,0
8901,3,1,0
8901,4,2,0
8901,5,0,0
8901,5,2,0
8901,6,1,0
8901,6,2,0
8901,7,0,0
8901,7,1,0
8901,7,2,0
8902,1,0,0
8902,2,1,0
8902,3,0,0
8902,3,1,0
8902,4,2,0
8902,5,0,0
8902,5,2,0
8902,6,1,0
8902,6,2,0
8902,7,0,0
8902,7,1,0
8902,7,2,0
8903,1,0,0
8903,2,1,0
8903,3,0,0
8903,3,1,0
8903,4,2,0
8903,5,0,0
8903,5,2,0
8903,6,1,0
8903,6,2,0
8903,7,0,0
8903,7,1,0
8903,7,2,0
8904,1,0,0
8904,2,1,0
8904,3,0,0
8904,3,1,0
8904,4,2,0
8904,5,0,0
8904,5,2,0
8904,6,1,0
8904,6,2,0
8904,7,0,0
8904,7,1,0
8904,7,2,0
8905,1,0,0
8905,2,1,0
8905,3,0,0
8905,3,1,0
8905,4,2,0
8905,5,0,0
8905,5,2,0
8905,6,1,0
8905,6,2,0
8905,7,0,0
8905,7,1,0
8905,7,2,0
8906,1,0,0
8906,2,1,0
8906,3,0,0
8906,3,1,0
8906,4,2,0
8906,5,0,0
8906,5,2,0
8906,6,1,0
8906,6,2,0
8906,7,0,0
8906,7,1,0
8906,7,2,0
8907,1,0,0
8907,2,1,0
8907,3,0,0
8907,3,1,0
8907,4,2,0
8907,5,0,0
8907,5,2,0
8907,6,1,0
8907,6,2,0
8907,7,0,0
8907,7,1,0
8907,7,2,0
8908,1,0,0
8908,2,1,0
8908,3,0,0
8908,3,1,0
8908,4,2,0
8908,5,0,0
8908,5,2,0
8908,6,1,0
8908,6,2,0
8908,7,0,0
8908,7,1,0
8908,7,2,0
8909,1,0,0
8909,2,1,0
8909,3,0,0
8909,3,1,0
8909,4,2,0
8909,5,0,0
8909,5,2,0
8909,6,1,0
8909,6,2,0
8909,7,0,0
8909,7,1,0
8909,7,2,0
8910,1,0,1
8910,2,1,0
8910,3,0,1
8910,3,1,0
8910,4,2,0
8910,5,0,1
8910,5,2,0
8910,6,1,0
8910,6,2,0
8910,7,0,1
8910,7,1,0
8910,7,2,0
8911,1,0,1
8911,2,1,0
8911,3,0,1
8911,3,1,0
8911,4,2,0
8911,5,0,1
8911,5,2,0
8911,6,1,0
8911,6,2,0
8911,7,0,1
8911,7,1,0
8911,7,2,0
8912,1,0,0
8912,2,1,0
8912,3,0,0
8912,3,1,0
8912,4,2,0
8912,5,0,0
8912,5,2,0
8912,6,1,0
8912,6,2,0
8912,7,0,0
8912,7,1,0
8912,7,2,0
8913,1,0,0
8913,2,1,0
8913,3,0,0
8913,3,1,0
8913,4,2,0
8913,5,0,0
8913,5,2,0
8913,6,1,0
8913,6,2,0
8913,7,0,0
8913,7,1,0
8913,7,2,0
8914,1,0,0
8914,2,1,0
8914,3,0,0
8914,3,1,0
8914,4,2,0
8914,5,0,0
8914,5,2,0
8914,6,1,0
8914,6,2,0
8914,7,0,0
8914,7,1,0
8914,7,2,0
8915,1,0,0
8915,2,1,0
8915,3,0,0
8915,3,1,0
8915,4,2,0
8915,5,0,0
8915,5,2,0
8915,6,1,0
8915,6,2,0
8915,7,0,0
8915,7,1,0
8915,7,2,0
8916,1,0,0
8916,2,1,0
8916,3,0,0
8916,3,1,0
8916,4,2,0
8916,5,0,0
8916,5,2,0
8916,6,1,0
8916,6,2,0
8916,7,0,0
8916,7,1,0
8916,7,2,0
8917,1,0,0
8917,2,1,0
8917,3,0,0
8917,3,1,0
8917,4,2,0
8917,5,0,0
8917,5,2,0
8917,6,1,0
8917,6,2,0
8917,7,0,0
8917,7,1,0
8917,7,2,0
8918,1,0,0
8918,2,1,0
8918,3,0,0
8918,3,1,0
8918,4,2,0
8918,5,0,0
8918,5,2,0
8918,6,1,0
8918,6,2,0
8918,7,0,0
8918,7,1,0
8918,7,2,0
8919,1,0,0
8919,2,1,0
8919,3,0,0
8919,3,1,0
8919,4,2,0
8919,5,0,0
8919,5,2,0
8919,6,1,0
8919,6,2,0
8919,7,0,0
8919,7,1,0
8919,7,2,0
8920,1,0,0
8920,2,1,0
8920,3,0,0
8920,3,1,0
8920,4,2,0
8920,5,0,0
8920,5,2,0
8920,6,1,0
8920,6,2,0
8920,7,0,0
8920,7,1,0
8920,7,2,0
8921,1,0,0
8921,2,1,0
8921,3,0,0
8921,3,1,0
8921,4,2,0
8921,5,0,0
8921,5,2,0
8921,6,1,0
8921,6,2,0
8921,7,0,0
8921,7,1,0
8921,7,2,0
8922,1,0,0
8922,2,1,0
8922,3,0,0
8922,3,1,0
8922,4,2,0
8922,5,0,0
8922,5,2,0
8922,6,1,0
8922,6,2,0
8922,7,0,0
8922,7,1,0
8922,7,2,0
8923,1,0,0
8923,2,1,0
8923,3,0,0
8923,3,1,0
8923,4,2,0
8923,5,0,0
8923,5,2,0
8923,6,1,0
8923,6,2,0
8923,7,0,0
8923,7,1,0
8923,7,2,0
8924,1,0,0
8924,2,1,0
8924,3,0,0
8924,3,1,0
8924,4,2,0
8924,5,0,0
8924,5,2,0
8924,6,1,0
8924,6,2,0
8924,7,0,0
8924,7,1,0
8924,7,2,0
8925,1,0,0
8925,2,1,0
8925,3,0,0
8925,3,1,0
8925,4,2,0
8925,5,0,0
8925,5,2,0
8925,6,1,0
8925,6,2,0
8925,7,0,0
8925,7,1,0
8925,7,2,0
8926,1,0,0
8926,2,1,0
8926,3,0,0
8926,3,1,0
8926,4,2,0
8926,5,0,0
8926,5,2,0
8926,6,1,0
8926,6,2,0
8926,7,0,0
8926,7,1,0
8926,7,2,0
8927,1,0,0
8927,2,1,0
8927,3,0,0
8927,3,1,0
8927,4,2,0
8927,5,0,0
8927,5,2,0
8927,6,1,0
8927,6,2,0
8927,7,0,0
8927,7,1,0
8927,7,2,0
8928,1,0,0
8928,2,1,0
8928,3,0,0
8928,3,1,0
8928,4,2,0
8928,5,0,0
8928,5,2,0
8928,6,1,0
8928,6,2,0
8928,7,0,0
8928,7,1,0
8928,7,2,0
8929,1,0,0
8929,2,1,0
8929,3,0,0
8929,3,1,0
8929,4,2,0
8929,5,0,0
8929,5,2,0
8929,6,1,0
8929,6,2,0
8929,7,0,0
8929,7,1,0
8929,7,2,0
8930,1,0,0
8930,2,1,0
8930,3,0,0
8930,3,1,0
8930,4,2,0
8930,5,0,0
8930,5,2,0
8930,6,1,0
8930,6,2,0
8930,7,0,0
8930,7,1,0
8930,7,2,0
8931,1,0,0
8931,2,1,0
8931,3,0,0
8931,3,1,0
8931,4,2,0
8931,5,0,0
8931,5,2,0
8931,6,1,0
8931,6,2,0
8931,7,0,0
8931,7,1,0
8931,7,2,0
8932,1,0,0
8932,2,1,0
8932,3,0,0
8932,3,1,0
8932,4,2,0
8932,5,0,0
8932,5,2,0
8932,6,1,0
8932,6,2,0
8932,7,0,0
8932,7,1,0
8932,7,2,0
8933,1,0,0
8933,2,1,0
8933,3,0,0
8933,3,1,0
8933,4,2,0
8933,5,0,0
8933,5,2,0
8933,6,1,0
8933,6,2,0
8933,7,0,0
8933,7,1,0
8933,7,2,0
8934,1,0,0
8934,2,1,0
8934,3,0,0
8934,3,1,0
8934,4,2,0
8934,5,0,0
8934,5,2,0
8934,6,1,0
8934,6,2,0
8934,7,0,0
8934,7,1,0
8934,7,2,0
8935,1,0,0
8935,2,1,0
8935,3,0,0
8935,3,1,0
8935,4,2,0
8935,5,0,0
8935,5,2,0
8935,6,1,0
8935,6,2,0
8935,7,0,0
8935,7,1,0
8935,7,2,0
8936,1,0,0
8936,2,1,0
8936,3,0,0
8936,3,1,0
8936,4,2,0
8936,5,0,0
8936,5,2,0
8936,6,1,0
8936,6,2,0
8936,7,0,0
8936,7,1,0
8936,7,2,0
8937,1,0,1
8937,2,1,0
8937,3,0,1
8937,3,1,0
8937,4,2,0
8937,5,0,1
8937,5,2,0
8937,6,1,0
8937,6,2,0
8937,7,0,1
8937,7,1,0
8937,7,2,0
8938,1,0,1
8938,2,1,0
8938,3,0,1
8938,3,1,0
8938,4,2,0
8938,5,0,1
8938,5,2,0
8938,6,1,0
8938,6,2,0
8938,7,0,1
8938,7,1,0
8938,7,2,0
8939,1,0,0
8939,2,1,0
8939,3,0,0
8939,3,1,0
8939,4,2,0
8939,5,0,0
8939,5,2,0
8939,6,1,0
8939,6,2,0
8939,7,0,0
8939,7,1,0
8939,7,2,0
8940,1,0,0
8940,2,1,0
8940,3,0,0
8940,3,1,0
8940,4,2,0
8940,5,0,0
8940,5,2,0
8940,6,1,0
8940,6,2,0
8940,7,0,0
8940,7,1,0
8940,7,2,0
8941,1,0,0
8941,2,1,0
8941,3,0,0
8941,3,1,0
8941,4,2,0
8941,5,0,0
8941,5,2,0
8941,6,1,0
8941,6,2,0
8941,7,0,0
8941,7,1,0
8941,7,2,0
8942,1,0,0
8942,2,1,0
8942,3,0,0
8942,3,1,0
8942,4,2,0
8942,5,0,0
8942,5,2,0
8942,6,1,0
8942,6,2,0
8942,7,0,0
8942,7,1,0
8942,7,2,0
8943,1,0,0
8943,2,1,0
8943,3,0,0
8943,3,1,0
8943,4,2,0
8943,5,0,0
8943,5,2,0
8943,6,1,0
8943,6,2,0
8943,7,0,0
8943,7,1,0
8943,7,2,0
8944,1,0,0
8944,2,1,0
8944,3,0,0
8944,3,1,0
8944,4,2,0
8944,5,0,0
8944,5,2,0
8944,6,1,0
8944,6,2,0
8944,7,0,0
8944,7,1,0
8944,7,2,0
8945,1,0,0
8945,2,1,0
8945,3,0,0
8945,3,1,0
8945,4,2,0
8945,5,0,0
8945,5,2,0
8945,6,1,0
8945,6,2,0
8945,7,0,0
8945,7,1,0
8945,7,2,0
8946,1,0,0
8946,2,1,0
8946,3,0,0
8946,3,1,0
8946,4,2,0
8946,5,0,0
8946,5,2,0
8946,6,1,0
8946,6,2,0
8946,7,0,0
8946,7,1,0
8946,7,2,0
8947,1,0,0
8947,2,1,0
8947,3,0,0
8947,3,1,0
8947,4,2,0
8947,5,0,0
8947,5,2,0
8947,6,1,0
8947,6,2,0
8947,7,0,0
8947,7,1,0
8947,7,2,0
8948,1,0,0
8948,2,1,0
8948,3,0,0
8948,3,1,0
8948,4,2,0
8948,5,0,0
8948,5,2,0
8948,6,1,0
8948,6,2,0
8948,7,0,0
8948,7,1,0
8948,7,2,0
8949,1,0,0
8949,2,1,0
8949,3,0,0
8949,3,1,0
8949,4,2,0
8949,5,0,0
8949,5,2,0
8949,6,1,0
8949,6,2,0
8949,7,0,0
8949,7,1,0
8949,7,2,0
8950,1,0,0
8950,2,1,0
8950,3,0,0
8950,3,1,0
8950,4,2,0
8950,5,0,0
8950,5,2,0
8950,6,1,0
8950,6,2,0
8950,7,0,0
8950,7,1,0
8950,7,2,0
8951,1,0,0
8951,2,1,0
8951,3,0,0
8951,3,1,0
8951,4,2,0
8951,5,0,0
8951,5,2,0
8951,6,1,0
8951,6,2,0
8951,7,0,0
8951,7,1,0
8951,7,2,0
8952,1,0,0
8952,2,1,0
8952,3,0,0
8952,3,1,0
8952,4,2,0
8952,5,0,0
8952,5,2,0
8952,6,1,0
8952,6,2,0
8952,7,0,0
8952,7,1,0
8952,7,2,0
8953,1,0,0
8953,2,1,0
8953,3,0,0
8953,3,1,0
8953,4,2,0
8953,5,0,0
8953,5,2,0
8953,6,1,0
8953,6,2,0
8953,7,0,0
8953,7,1,0
8953,7,2,0
8954,1,0,0
8954,2,1,0
8954,3,0,0
8954,3,1,0
8954,4,2,0
8954,5,0,0
8954,5,2,0
8954,6,1,0
8954,6,2,0
8954,7,0,0
8954,7,1,0
8954,7,2,0
8955,1,0,0
8955,2,1,0
8955,3,0,0
8955,3,1,0
8955,4,2,0
8955,5,0,0
8955,5,2,0
8955,6,1,0
8955,6,2,0
8955,7,0,0
8955,7,1,0
8955,7,2,0
8956,1,0,0
8956,2,1,0
8956,3,0,0
8956,3,1,0
8956,4,2,0
8956,5,0,0
8956,5,2,0
8956,6,1,0
8956,6,2,0
8956,7,0,0
8956,7,1,0
8956,7,2,0
8957,1,0,0
8957,2,1,0
8957,3,0,0
8957,3,1,0
8957,4,2,0
8957,5,0,0
8957,5,2,0
8957,6,1,0
8957,6,2,0
8957,7,0,0
8957,7,1,0
8957,7,2,0
8958,1,0,0
8958,2,1,0
8958,3,0,0
8958,3,1,0
8958,4,2,0
8958,5,0,0
8958,5,2,0
8958,6,1,0
8958,6,2,0
8958,7,0,0
8958,7,1,0
8958,7,2,0
8959,1,0,0
8959,2,1,0
8959,3,0,0
8959,3,1,0
8959,4,2,0
8959,5,0,0
8959,5,2,0
8959,6,1,0
8959,6,2,0
8959,7,0,0
8959,7,1,0
8959,7,2,0
8960,1,0,0
8960,2,1,0
8960,3,0,0
8960,3,1,0
8960,4,2,0
8960,5,0,0
8960,5,2,0
8960,6,1,0
8960,6,2,0
8960,7,0,0
8960,7,1,0
8960,7,2,0
8961,1,0,0
8961,2,1,0
8961,3,0,0
8961,3,1,0
8961,4,2,0
8961,5,0,0
8961,5,2,0
8961,6,1,0
8961,6,2,0
8961,7,0,0
8961,7,1,0
8961,7,2,0
8962,1,0,0
8962,2,1,0
8962,3,0,0
8962,3,1,0
8962,4,2,0
8962,5,0,0
8962,5,2,0
8962,6,1,0
8962,6,2,0
8962,7,0,0
8962,7,1,0
8962,7,2,0
8963,1,0,0
8963,2,1,0
8963,3,0,0
8963,3,1,0
8963,4,2,0
8963,5,0,0
8963,5,2,0
8963,6,1,0
8963,6,2,0
8963,7,0,0
8963,7,1,0
8963,7,2,0
8964,1,0,1
8964,2,1,0
8964,3,0,1
8964,3,1,0
8964,4,2,0
8964,5,0,1
8964,5,2,0
8964,6,1,0
8964,6,2,0
8964,7,0,1
8964,7,1,0
8964,7,2,0
8965,1,0,1
8965,2,1,0
8965,3,0,1
8965,3,1,0
8965,4,2,0
8965,5,0,1
8965,5,2,0
8965,6,1,0
8965,6,2,0
8965,7,0,1
8965,7,1,0
8965,7,2,0
8966,1,0,0
8966,2,1,0
8966,3,0,0
8966,3,1,0
8966,4,2,0
8966,5,0,0
8966,5,2,0
8966,6,1,0
8966,6,2,0
8966,7,0,0
8966,7,1,0
8966,7,2,0
8967,1,0,0
8967,2,1,0
8967,3,0,0
8967,3,1,0
8967,4,2,0
8967,5,0,0
8967,5,2,0
8967,6,1,0
8967,6,2,0
8967,7,0,0
8967,7,1,0
8967,7,2,0
8968,1,0,0
8968,2,1,0
8968,3,0,0
8968,3,1,0
8968,4,2,0
8968,5,0,0
8968,5,2,0
8968,6,1,0
8968,6,2,0
8968,7,0,0
8968,7,1,0
8968,7,2,0
8969,1,0,0
8969,2,1,0
8969,3,0,0
8969,3,1,0
8969,4,2,0
8969,5,0,0
8969,5,2,0
8969,6,1,0
8969,6,2,0
8969,7,0,0
8969,7,1,0
8969,7,2,0
8970,1,0,0
8970,2,1,0
8970,3,0,0
8970,3,1,0
8970,4,2,0
8970,5,0,0
8970,5,2,0
8970,6,1,0
8970,6,2,0
8970,7,0,0
8970,7,1,0
8970,7,2,0
8971,1,0,0
8971,2,1,0
8971,3,0,0
8971,3,1,0
8971,4,2,0
8971,5,0,0
8971,5,2,0
8971,6,1,0
8971,6,2,0
8971,7,0,0
8971,7,1,0
8971,7,2,0
8972,1,0,0
8972,2,1,0
8972,3,0,0
8972,3,1,0
8972,4,2,0
8972,5,0,0
8972,5,2,0
8972,6,1,0
8972,6,2,0
8972,7,0,0
8972,7,1,0
8972,7,2,0
8973,1,0,0
8973,2,1,0
8973,3,0,0
8973,3,1,0
8973,4,2,0
8973,5,0,0
8973,5,2,0
8973,6,1,0
8973,6,2,0
8973,7,0,0
8973,7,1,0
8973,7,2,0
8974,1,0,0
8974,2,1,0
8974,3,0,0
8974,3,1,0
8974,4,2,0
8974,5,0,0
8974,5,2,0
8974,6,1,0
8974,6,2,0
8974,7,0,0
8974,7,1,0
8974,7,2,0
8975,1,0,0
8975,2,1,0
8975,3,0,0
8975,3,1,0
8975,4,2,0
8975,5,0,0
8975,5,2,0
8975,6,1,0
8975,6,2,0
8975,7,0,0
8975,7,1,0
8975,7,2,0
8976,1,0,0
8976,2,1,0
8976,3,0,0
8976,3,1,0
8976,4,2,0
8976,5,0,0
8976,5,2,0
8976,6,1,0
8976,6,2,0
8976,7,0,0
8976,7,1,0
8976,7,2,0
8977,1,0,0
8977,2,1,0
8977,3,0,0
8977,3,1,0
8977,4,2,0
8977,5,0,0
8977,5,2,0
8977,6,1,0
8977,6,2,0
8977,7,0,0
8977,7,1,0
8977,7,2,0
8978,1,0,0
8978,2,1,0
8978,3,0,0
8978,3,1,0
8978,4,2,0
8978,5,0,0
8978,5,2,0
8978,6,1,0
8978,6,2,0
8978,7,0,0
8978,7,1,0
8978,7,2,0
8979,1,0,0
8979,2,1,0
8979,3,0,0
8979,3,1,0
8979,4,2,0
8979,5,0,0
8979,5,2,0
8979,6,1,0
8979,6,2,0
8979,7,0,0
8979,7,1,0
8979,7,2,0
8980,1,0,0
8980,2,1,0
8980,3,0,0
8980,3,1,0
8980,4,2,0
8980,5,0,0
8980,5,2,0
8980,6,1,0
8980,6,2,0
8980,7,0,0
8980,7,1,0
8980,7,2,0
8981,1,0,0
8981,2,1,0
8981,3,0,0
8981,3,1,0
8981,4,2,0
8981,5,0,0
8981,5,2,0
8981,6,1,0
8981,6,2,0
8981,7,0,0
8981,7,1,0
8981,7,2,0
8982,1,0,0
8982,2,1,0
8982,3,0,0
8982,3,1,0
8982,4,2,0
8982,5,0,0
8982,5,2,0
8982,6,1,0
8982,6,2,0
8982,7,0,0
8982,7,1,0
8982,7,2,0
8983,1,0,0
8983,2,1,0
8983,3,0,0
8983,3,1,0
8983,4,2,0
8983,5,0,0
8983,5,2,0
8983,6,1,0
8983,6,2,0
8983,7,0,0
8983,7,1,0
8983,7,2,0
8984,1,0,0
8984,2,1,0
8984,3,0,0
8984,3,1,0
8984,4,2,0
8984,5,0,0
8984,5,2,0
8984,6,1,0
8984,6,2,0
8984,7,0,0
8984,7,1,0
8984,7,2,0
8985,1,0,0
8985,2,1,0
8985,3,0,0
8985,3,1,0
8985,4,2,0
8985,5,0,0
8985,5,2,0
8985,6,1,0
8985,6,2,0
8985,7,0,0
8985,7,1,0
8985,7,2,0
8986,1,0,0
8986,2,1,0
8986,3,0,0
8986,3,1,0
8986,4,2,0
8986,5,0,0
8986,5,2,0
8986,6,1,0
8986,6,2,0
8986,7,0,0
8986,7,1,0
8986,7,2,0
8987,1,0,0
8987,2,1,0
8987,3,0,0
8987,3,1,0
8987,4,2,0
8987,5,0,0
8987,5,2,0
8987,6,1,0
8987,6,2,0
8987,7,0,0
8987,7,1,0
8987,7,2,0
8988,1,0,0
8988,2,1,0
8988,3,0,0
8988,3,1,0
8988,4,2,0
8988,5,0,0
8988,5,2,0
8988,6,1,0
8988,6,2,0
8988,7,0,0
8988,7,1,0
8988,7,2,0
8989,1,0,0
8989,2,1,0
8989,3,0,0
8989,3,1,0
8989,4,2,0
8989,5,0,0
8989,5,2,0
8989,6,1,0
8989,6,2,0
8989,7,0,0
8989,7,1,0
8989,7,2,0
8990,1,0,0
8990,2,1,0
8990,3,0,0
8990,3,1,0
8990,4,2,0
8990,5,0,0
8990,5,2,0
8990,6,1,0
8990,6,2,0
8990,7,0,0
8990,7,1,0
8990,7,2,0
8991,1,0,1
8991,2,1,1
8991,3,0,1
8991,3,1,1
8991,4,2,1
8991,5,0,1
8991,5,2,1
8991,6,1,1
8991,6,2,1
8991,7,0,1
8991,7,1,1
8991,7,2,1
8992,1,0,1
8992,2,1,1
8992,3,0,1
8992,3,1,1
8992,4,2,1
8992,5,0,1
8992,5,2,1
8992,6,1,1
8992,6,2,1
8992,7,0,1
8992,7,1,1
8992,7,2,1
8993,1,0,0
8993,2,1,1
8993,3,0,0
8993,3,1,1
8993,4,2,1
8993,5,0,0
8993,5,2,1
8993,6,1,1
8993,6,2,1
8993,7,0,0
8993,7,1,1
8993,7,2,1
8994,1,0,1
8994,2,1,1
8994,3,0,1
8994,3,1,1
8994,4,2,1
8994,5,0,1
8994,5,2,1
8994,6,1,1
8994,6,2,1
8994,7,0,1
8994,7,1,1
8994,7,2,1
8995,1,0,1
8995,2,1,1
8995,3,0,1
8995,3,1,1
8995,4,2,1
8995,5,0,1
8995,5,2,1
8995,6,1,1
8995,6,2,1
8995,7,0,1
8995,7,1,1
8995,7,2,1
8996,1,0,0
8996,2,1,1
8996,3,0,0
8996,3,1,1
8996,4,2,1
8996,5,0,0
8996,5,2,1
8996,6,1,1
8996,6,2,1
8996,7,0,0
8996,7,1,1
8996,7,2,1
8997,1,0,1
8997,2,1,1
8997,3,0,1
8997,3,1,1
8997,4,2,1
8997,5,0,1
8997,5,2,1
8997,6,1,1
8997,6,2,1
8997,7,0,1
8997,7,1,1
8997,7,2,1
8998,1,0,1
8998,2,1,1
8998,3,0,1
8998,3,1,1
8998,4,2,1
8998,5,0,1
8998,5,2,1
8998,6,1,1
8998,6,2,1
8998,7,0,1
8998,7,1,1
8998,7,2,1
8999,1,0,0
8999,2,1,1
8999,3,0,0
8999,3,1,1
8999,4,2,1
8999,5,0,0
8999,5,2,1
8999,6,1,1
8999,6,2,1
8999,7,0,0
8999,7,1,1
8999,7,2,1
9000,1,0,1
9000,2,1,1
9000,3,0,1
9000,3,1,1
9000,4,2,1
9000,5,0,1
9000,5,2,1
9000,6,1,1
9000,6,2,1
9000,7,0,1
9000,7,1,1
9000,7,2,1
9001,1,0,1
9001,2,1,1
9001,3,0,1
9001,3,1,1
9001,4,2,1
9001,5,0,1
9001,5,2,1
9001,6,1,1
9001,6,2,1
9001,7,0,1
9001,7,1,1
9001,7,2,1
9002,1,0,0
9002,2,1,1
9002,3,0,0
9002,3,1,1
9002,4,2,1
9002,5,0,0
9002,5,2,1
9002,6,1,1
9002,6,2,1
9002,7,0,0
9002,7,1,1
9002,7,2,1
9003,1,0,1
9003,2,1,1
9003,3,0,1
9003,3,1,1
9003,4,2,1
9003,5,0,1
9003,5,2,1
9003,6,1,1
9003,6,2,1
9003,7,0,1
9003,7,1,1
9003,7,2,1
9004,1,0,1
9004,2,1,1
9004,3,0,1
9004,3,1,1
9004,4,2,1
9004,5,0,1
9004,5,2,1
9004,6,1,1
9004,6,2,1
9004,7,0,1
9004,7,1,1
9004,7,2,1
9005,1,0,0
9005,2,1,1
9005,3,0,0
9005,3,1,1
9005,4,2,1
9005,5,0,0
9005,5,2,1
9005,6,1,1
9005,6,2,1
9005,7,0,0
9005,7,1,1
9005,7,2,1
9006,1,0,1
9006,2,1,1
9006,3,0,1
9006,3,1,1
9006,4,2,1
9006,5,0,1
9006,5,2,1
9006,6,1,1
9006,6,2,1
9006,7,0,1
9006,7,1,1
9006,7,2,1
9007,1,0,1
9007,2,1,1
9007,3,0,1
9007,3,1,1
9007,4,2,1
9007,5,0,1
9007,5,2,1
9007,6,1,1
9007,6,2,1
9007,7,0,1
9007,7,1,1
9007,7,2,1
9008,1,0,0
9008,2,1,1
9008,3,0,0
9008,3,1,1
9008,4,2,1
9008,5,0,0
9008,5,2,1
9008,6,1,1
9008,6,2,1
9008,7,0,0
9008,7,1,1
9008,7,2,1
9009,1,0,1
9009,2,1,1
9009,3,0,1
9009,3,1,1
9009,4,2,1
9009,5,0,1
9009,5,2,1
9009,6,1,1
9009,6,2,1
9009,7,0,1
9009,7,1,1
9009,7,2,1
9010,1,0,1
9010,2,1,1
9010,3,0,1
9010,3,1,1
9010,4,2,1
9010,5,0,1
9010,5,2,1
9010,6,1,1
9010,6,2,1
9010,7,0,1
9010,7,1,1
9010,7,2,1
9011,1,0,0
9011,2,1,1
9011,3,0,0
9011,3,1,1
9011,4,2,1
9011,5,0,0
9011,5,2,1
9011,6,1,1
9011,6,2,1
9011,7,0,0
9011,7,1,1
9011,7,2,1
9012,1,0,1
9012,2,1,1
9012,3,0,1
9012,3,1,1
9012,4,2,1
9012,5,0,1
9012,5,2,1
9012,6,1,1
9012,6,2,1
9012,7,0,1
9012,7,1,1
9012,7,2,1
9013,1,0,1
9013,2,1,1
9013,3,0,1
9013,3,1,1
9013,4,2,1
9013,5,0,1
9013,5,2,1
9013,6,1,1
9013,6,2,1
9013,7,0,1
9013,7,1,1
9013,7,2,1
9014,1,0,0
9014,2,1,1
9014,3,0,0
9014,3,1,1
9014,4,2,1
9014,5,0,0
9014,5,2,1
9014,6,1,1
9014,6,2,1
9014,7,0,0
9014,7,1,1
9014,7,2,1
9015,1,0,1
9015,2,1,1
9015,3,0,1
9015,3,1,1
9015,4,2,1
9015,5,0,1
9015,5,2,1
9015,6,1,1
9015,6,2,1
9015,7,0,1
9015,7,1,1
9015,7,2,1
9016,1,0,1
9016,2,1,1
9016,3,0,1
9016,3,1,1
9016,4,2,1
9016,5,0,1
9016,5,2,1
9016,6,1,1
9016,6,2,1
9016,7,0,1
9016,7,1,1
9016,7,2,1
9017,1,0,0
9017,2,1,1
9017,3,0,0
9017,3,1,1
9017,4,2,1
9017,5,0,0
9017,5,2,1
9017,6,1,1
9017,6,2,1
9017,7,0,0
9017,7,1,1
9017,7,2,1
9018,1,0,1
9018,2,1,1
9018,3,0,1
9018,3,1,1
9018,4,2,1
9018,5,0,1
9018,5,2,1
9018,6,1,1
9018,6,2,1
9018,7,0,1
9018,7,1,1
9018,7,2,1
9019,1,0,1
9019,2,1,1
9019,3,0,1
9019,3,1,1
9019,4,2,1
9019,5,0,1
9019,5,2,1
9019,6,1,1
9019,6,2,1
9019,7,0,1
9019,7,1,1
9019,7,2,1
9020,1,0,0
9020,2,1,0
9020,3,0,0
9020,3,1,0
9020,4,2,0
9020,5,0,0
9020,5,2,0
9020,6,1,0
9020,6,2,0
9020,7,0,0
9020,7,1,0
9020,7,2,0
9021,1,0,1
9021,2,1,1
9021,3,0,1
9021,3,1,1
9021,4,2,1
9021,5,0,1
9021,5,2,1
9021,6,1,1
9021,6,2,1
9021,7,0,1
9021,7,1,1
9021,7,2,1
9022,1,0,1
9022,2,1,1
9022,3,0,1
9022,3,1,1
9022,4,2,1
9022,5,0,1
9022,5,2,1
9022,6,1,1
9022,6,2,1
9022,7,0,1
9022,7,1,1
9022,7,2,1
9023,1,0,0
9023,2,1,0
9023,3,0,0
9023,3,1,0
9023,4,2,0
9023,5,0,0
9023,5,2,0
9023,6,1,0
9023,6,2,0
9023,7,0,0
9023,7,1,0
9023,7,2,0
9024,1,0,0
9024,2,1,0
9024,3,0,0
9024,3,1,0
9024,4,2,0
9024,5,0,0
9024,5,2,0
9024,6,1,0
9024,6,2,0
9024,7,0,0
9024,7,1,0
9024,7,2,0
9025,1,0,0
9025,2,1,0
9025,3,0,0
9025,3,1,0
9025,4,2,0
9025,5,0,0
9025,5,2,0
9025,6,1,0
9025,6,2,0
9025,7,0,0
9025,7,1,0
9025,7,2,0
9026,1,0,0
9026,2,1,0
9026,3,0,0
9026,3,1,0
9026,4,2,0
9026,5,0,0
9026,5,2,0
9026,6,1,0
9026,6,2,0
9026,7,0,0
9026,7,1,0
9026,7,2,0
9027,1,0,1
9027,2,1,1
9027,3,0,1
9027,3,1,1
9027,4,2,1
9027,5,0,1
9027,5,2,1
9027,6,1,1
9027,6,2,1
9027,7,0,1
9027,7,1,1
9027,7,2,1
9028,1,0,1
9028,2,1,1
9028,3,0,1
9028,3,1,1
9028,4,2,1
9028,5,0,1
9028,5,2,1
9028,6,1,1
9028,6,2,1
9028,7,0,1
9028,7,1,1
9028,7,2,1
9029,1,0,0
9029,2,1,0
9029,3,0,0
9029,3,1,0
9029,4,2,0
9029,5,0,0
9029,5,2,0
9029,6,1,0
9029,6,2,0
9029,7,0,0
9029,7,1,0
9029,7,2,0
9030,1,0,1
9030,2,1,1
9030,3,0,1
9030,3,1,1
9030,4,2,1
9030,5,0,1
9030,5,2,1
9030,6,1,1
9030,6,2,1
9030,7,0,1
9030,7,1,1
9030,7,2,1
9031,1,0,1
9031,2,1,1
9031,3,0,1
9031,3,1,1
9031,4,2,1
9031,5,0,1
9031,5,2,1
9031,6,1,1
9031,6,2,1
9031,7,0,1
9031,7,1,1
9031,7,2,1
9032,1,0,0
9032,2,1,0
9032,3,0,0
9032,3,1,0
9032,4,2,0
9032,5,0,0
9032,5,2,0
9032,6,1,0
9032,6,2,0
9032,7,0,0
9032,7,1,0
9032,7,2,0
9033,1,0,0
9033,2,1,0
9033,3,0,0
9033,3,1,0
9033,4,2,0
9033,5,0,0
9033,5,2,0
9033,6,1,0
9033,6,2,0
9033,7,0,0
9033,7,1,0
9033,7,2,0
9034,1,0,0
9034,2,1,0
9034,3,0,0
9034,3,1,0
9034,4,2,0
9034,5,0,0
9034,5,2,0
9034,6,1,0
9034,6,2,0
9034,7,0,0
9034,7,1,0
9034,7,2,0
9035,1,0,0
9035,2,1,0
9035,3,0,0
9035,3,1,0
9035,4,2,0
9035,5,0,0
9035,5,2,0
9035,6,1,0
9035,6,2,0
9035,7,0,0
9035,7,1,0
9035,7,2,0
9036,1,0,0
9036,2,1,0
9036,3,0,0
9036,3,1,0
9036,4,2,0
9036,5,0,0
9036,5,2,0
9036,6,1,0
9036,6,2,0
9036,7,0,0
9036,7,1,0
9036,7,2,0
9037,1,0,0
9037,2,1,0
9037,3,0,0
9037,3,1,0
9037,4,2,0
9037,5,0,0
9037,5,2,0
9037,6,1,0
9037,6,2,0
9037,7,0,0
9037,7,1,0
9037,7,2,0
9038,1,0,0
9038,2,1,0
9038,3,0,0
9038,3,1,0
9038,4,2,0
9038,5,0,0
9038,5,2,0
9038,6,1,0
9038,6,2,0
9038,7,0,0
9038,7,1,0
9038,7,2,0
9039,1,0,0
9039,2,1,0
9039,3,0,0
9039,3,1,0
9039,4,2,0
9039,5,0,0
9039,5,2,0
9039,6,1,0
9039,6,2,0
9039,7,0,0
9039,7,1,0
9039,7,2,0
9040,1,0,0
9040,2,1,0
9040,3,0,0
9040,3,1,0
9040,4,2,0
9040,5,0,0
9040,5,2,0
9040,6,1,0
9040,6,2,0
9040,7,0,0
9040,7,1,0
9040,7,2,0
9041,1,0,0
9041,2,1,0
9041,3,0,0
9041,3,1,0
9041,4,2,0
9041,5,0,0
9041,5,2,0
9041,6,1,0
9041,6,2,0
9041,7,0,0
9041,7,1,0
9041,7,2,0
9042,1,0,0
9042,2,1,0
9042,3,0,0
9042,3,1,0
9042,4,2,0
9042,5,0,0
9042,5,2,0
9042,6,1,0
9042,6,2,0
9042,7,0,0
9042,7,1,0
9042,7,2,0
9043,1,0,0
9043,2,1,0
9043,3,0,0
9043,3,1,0
9043,4,2,0
9043,5,0,0
9043,5,2,0
9043,6,1,0
9043,6,2,0
9043,7,0,0
9043,7,1,0
9043,7,2,0
9044,1,0,0
9044,2,1,0
9044,3,0,0
9044,3,1,0
9044,4,2,0
9044,5,0,0
9044,5,2,0
9044,6,1,0
9044,6,2,0
9044,7,0,0
9044,7,1,0
9044,7,2,0
9045,1,0,1
9045,2,1,1
9045,3,0,1
9045,3,1,1
9045,4,2,1
9045,5,0,1
9045,5,2,1
9045,6,1,1
9045,6,2,1
9045,7,0,1
9045,7,1,1
9045,7,2,1
9046,1,0,1
9046,2,1,1
9046,3,0,1
9046,3,1,1
9046,4,2,1
9046,5,0,1
9046,5,2,1
9046,6,1,1
9046,6,2,1
9046,7,0,1
9046,7,1,1
9046,7,2,1
9047,1,0,0
9047,2,1,0
9047,3,0,0
9047,3,1,0
9047,4,2,0
9047,5,0,0
9047,5,2,0
9047,6,1,0
9047,6,2,0
9047,7,0,0
9047,7,1,0
9047,7,2,0
9048,1,0,0
9048,2,1,0
9048,3,0,0
9048,3,1,0
9048,4,2,0
9048,5,0,0
9048,5,2,0
9048,6,1,0
9048,6,2,0
9048,7,0,0
9048,7,1,0
9048,7,2,0
9049,1,0,0
9049,2,1,0
9049,3,0,0
9049,3,1,0
9049,4,2,0
9049,5,0,0
9049,5,2,0
9049,6,1,0
9049,6,2,0
9049,7,0,0
9049,7,1,0
9049,7,2,0
9050,1,0,0
9050,2,1,0
9050,3,0,0
9050,3,1,0
9050,4,2,0
9050,5,0,0
9050,5,2,0
9050,6,1,0
9050,6,2,0
9050,7,0,0
9050,7,1,0
9050,7,2,0
9051,1,0,0
9051,2,1,0
9051,3,0,0
9051,3,1,0
9051,4,2,0
9051,5,0,0
9051,5,2,0
9051,6,1,0
9051,6,2,0
9051,7,0,0
9051,7,1,0
9051,7,2,0
9052,1,0,0
9052,2,1,0
9052,3,0,0
9052,3,1,0
9052,4,2,0
9052,5,0,0
9052,5,2,0
9052,6,1,0
9052,6,2,0
9052,7,0,0
9052,7,1,0
9052,7,2,0
9053,1,0,0
9053,2,1,0
9053,3,0,0
9053,3,1,0
9053,4,2,0
9053,5,0,0
9053,5,2,0
9053,6,1,0
9053,6,2,0
9053,7,0,0
9053,7,1,0
9053,7,2,0
9054,1,0,0
9054,2,1,0
9054,3,0,0
9054,3,1,0
9054,4,2,0
9054,5,0,0
9054,5,2,0
9054,6,1,0
9054,6,2,0
9054,7,0,0
9054,7,1,0
9054,7,2,0
9055,1,0,0
9055,2,1,0
9055,3,0,0
9055,3,1,0
9055,4,2,0
9055,5,0,0
9055,5,2,0
9055,6,1,0
9055,6,2,0
9055,7,0,0
9055,7,1,0
9055,7,2,0
9056,1,0,0
9056,2,1,0
9056,3,0,0
9056,3,1,0
9056,4,2,0
9056,5,0,0
9056,5,2,0
9056,6,1,0
9056,6,2,0
9056,7,0,0
9056,7,1,0
9056,7,2,0
9057,1,0,0
9057,2,1,0
9057,3,0,0
9057,3,1,0
9057,4,2,0
9057,5,0,0
9057,5,2,0
9057,6,1,0
9057,6,2,0
9057,7,0,0
9057,7,1,0
9057,7,2,0
9058,1,0,0
9058,2,1,0
9058,3,0,0
9058,3,1,0
9058,4,2,0
9058,5,0,0
9058,5,2,0
9058,6,1,0
9058,6,2,0
9058,7,0,0
9058,7,1,0
9058,7,2,0
9059,1,0,0
9059,2,1,0
9059,3,0,0
9059,3,1,0
9059,4,2,0
9059,5,0,0
9059,5,2,0
9059,6,1,0
9059,6,2,0
9059,7,0,0
9059,7,1,0
9059,7,2,0
9060,1,0,0
9060,2,1,0
9060,3,0,0
9060,3,1,0
9060,4,2,0
9060,5,0,0
9060,5,2,0
9060,6,1,0
9060,6,2,0
9060,7,0,0
9060,7,1,0
9060,7,2,0
9061,1,0,0
9061,2,1,0
9061,3,0,0
9061,3,1,0
9061,4,2,0
9061,5,0,0
9061,5,2,0
9061,6,1,0
9061,6,2,0
9061,7,0,0
9061,7,1,0
9061,7,2,0
9062,1,0,0
9062,2,1,0
9062,3,0,0
9062,3,1,0
9062,4,2,0
9062,5,0,0
9062,5,2,0
9062,6,1,0
9062,6,2,0
9062,7,0,0
9062,7,1,0
9062,7,2,0
9063,1,0,0
9063,2,1,0
9063,3,0,0
9063,3,1,0
9063,4,2,0
9063,5,0,0
9063,5,2,0
9063,6,1,0
9063,6,2,0
9063,7,0,0
9063,7,1,0
9063,7,2,0
9064,1,0,0
9064,2,1,0
9064,3,0,0
9064,3,1,0
9064,4,2,0
9064,5,0,0
9064,5,2,0
9064,6,1,0
9064,6,2,0
9064,7,0,0
9064,7,1,0
9064,7,2,0
9065,1,0,0
9065,2,1,0
9065,3,0,0
9065,3,1,0
9065,4,2,0
9065,5,0,0
9065,5,2,0
9065,6,1,0
9065,6,2,0
9065,7,0,0
9065,7,1,0
9065,7,2,0
9066,1,0,0
9066,2,1,0
9066,3,0,0
9066,3,1,0
9066,4,2,0
9066,5,0,0
9066,5,2,0
9066,6,1,0
9066,6,2,0
9066,7,0,0
9066,7,1,0
9066,7,2,0
9067,1,0,0
9067,2,1,0
9067,3,0,0
9067,3,1,0
9067,4,2,0
9067,5,0,0
9067,5,2,0
9067,6,1,0
9067,6,2,0
9067,7,0,0
9067,7,1,0
9067,7,2,0
9068,1,0,0
9068,2,1,0
9068,3,0,0
9068,3,1,0
9068,4,2,0
9068,5,0,0
9068,5,2,0
9068,6,1,0
9068,6,2,0
9068,7,0,0
9068,7,1,0
9068,7,2,0
9069,1,0,0
9069,2,1,0
9069,3,0,0
9069,3,1,0
9069,4,2,0
9069,5,0,0
9069,5,2,0
9069,6,1,0
9069,6,2,0
9069,7,0,0
9069,7,1,0
9069,7,2,0
9070,1,0,0
9070,2,1,0
9070,3,0,0
9070,3,1,0
9070,4,2,0
9070,5,0,0
9070,5,2,0
9070,6,1,0
9070,6,2,0
9070,7,0,0
9070,7,1,0
9070,7,2,0
9071,1,0,0
9071,2,1,0
9071,3,0,0
9071,3,1,0
9071,4,2,0
9071,5,0,0
9071,5,2,0
9071,6,1,0
9071,6,2,0
9071,7,0,0
9071,7,1,0
9071,7,2,0
9072,1,0,1
9072,2,1,1
9072,3,0,1
9072,3,1,1
9072,4,2,1
9072,5,0,1
9072,5,2,1
9072,6,1,1
9072,6,2,1
9072,7,0,1
9072,7,1,1
9072,7,2,1
9073,1,0,1
9073,2,1,1
9073,3,0,1
9073,3,1,1
9073,4,2,1
9073,5,0,1
9073,5,2,1
9073,6,1,1
9073,6,2,1
9073,7,0,1
9073,7,1,1
9073,7,2,1
9074,1,0,0
9074,2,1,1
9074,3,0,0
9074,3,1,1
9074,4,2,1
9074,5,0,0
9074,5,2,1
9074,6,1,1
9074,6,2,1
9074,7,0,0
9074,7,1,1
9074,7,2,1
9075,1,0,1
9075,2,1,1
9075,3,0,1
9075,3,1,1
9075,4,2,1
9075,5,0,1
9075,5,2,1
9075,6,1,1
9075,6,2,1
9075,7,0,1
9075,7,1,1
9075,7,2,1
9076,1,0,1
9076,2,1,1
9076,3,0,1
9076,3,1,1
9076,4,2,1
9076,5,0,1
9076,5,2,1
9076,6,1,1
9076,6,2,1
9076,7,0,1
9076,7,1,1
9076,7,2,1
9077,1,0,0
9077,2,1,1
9077,3,0,0
9077,3,1,1
9077,4,2,1
9077,5,0,0
9077,5,2,1
9077,6,1,1
9077,6,2,1
9077,7,0,0
9077,7,1,1
9077,7,2,1
9078,1,0,1
9078,2,1,1
9078,3,0,1
9078,3,1,1
9078,4,2,1
9078,5,0,1
9078,5,2,1
9078,6,1,1
9078,6,2,1
9078,7,0,1
9078,7,1,1
9078,7,2,1
9079,1,0,1
9079,2,1,1
9079,3,0,1
9079,3,1,1
9079,4,2,1
9079,5,0,1
9079,5,2,1
9079,6,1,1
9079,6,2,1
9079,7,0,1
9079,7,1,1
9079,7,2,1
9080,1,0,0
9080,2,1,1
9080,3,0,0
9080,3,1,1
9080,4,2,1
9080,5,0,0
9080,5,2,1
9080,6,1,1
9080,6,2,1
9080,7,0,0
9080,7,1,1
9080,7,2,1
9081,1,0,1
9081,2,1,1
9081,3,0,1
9081,3,1,1
9081,4,2,1
9081,5,0,1
9081,5,2,1
9081,6,1,1
9081,6,2,1
9081,7,0,1
9081,7,1,1
9081,7,2,1
9082,1,0,1
9082,2,1,1
9082,3,0,1
9082,3,1,1
9082,4,2,1
9082,5,0,1
9082,5,2,1
9082,6,1,1
9082,6,2,1
9082,7,0,1
9082,7,1,1
9082,7,2,1
9083,1,0,0
9083,2,1,1
9083,3,0,0
9083,3,1,1
9083,4,2,1
9083,5,0,0
9083,5,2,1
9083,6,1,1
9083,6,2,1
9083,7,0,0
9083,7,1,1
9083,7,2,1
9084,1,0,1
9084,2,1,1
9084,3,0,1
9084,3,1,1
9084,4,2,1
9084,5,0,1
9084,5,2,1
9084,6,1,1
9084,6,2,1
9084,7,0,1
9084,7,1,1
9084,7,2,1
9085,1,0,1
9085,2,1,1
9085,3,0,1
9085,3,1,1
9085,4,2,1
9085,5,0,1
9085,5,2,1
9085,6,1,1
9085,6,2,1
9085,7,0,1
9085,7,1,1
9085,7,2,1
9086,1,0,0
9086,2,1,1
9086,3,0,0
9086,3,1,1
9086,4,2,1
9086,5,0,0
9086,5,2,1
9086,6,1,1
9086,6,2,1
9086,7,0,0
9086,7,1,1
9086,7,2,1
9087,1,0,1
9087,2,1,1
9087,3,0,1
9087,3,1,1
9087,4,2,1
9087,5,0,1
9087,5,2,1
9087,6,1,1
9087,6,2,1
9087,7,0,1
9087,7,1,1
9087,7,2,1
9088,1,0,1
9088,2,1,1
9088,3,0,1
9088,3,1,1
9088,4,2,1
9088,5,0,1
9088,5,2,1
9088,6,1,1
9088,6,2,1
9088,7,0,1
9088,7,1,1
9088,7,2,1
9089,1,0,0
9089,2,1,1
9089,3,0,0
9089,3,1,1
9089,4,2,1
9089,5,0,0
9089,5,2,1
9089,6,1,1
9089,6,2,1
9089,7,0,0
9089,7,1,1
9089,7,2,1
9090,1,0,1
9090,2,1,1
9090,3,0,1
9090,3,1,1
9090,4,2,1
9090,5,0,1
9090,5,2,1
9090,6,1,1
9090,6,2,1
9090,7,0,1
9090,7,1,1
9090,7,2,1
9091,1,0,1
9091,2,1,1
9091,3,0,1
9091,3,1,1
9091,4,2,1
9091,5,0,1
9091,5,2,1
9091,6,1,1
9091,6,2,1
9091,7,0,1
9091,7,1,1
9091,7,2,1
9092,1,0,0
9092,2,1,1
9092,3,0,0
9092,3,1,1
9092,4,2,1
9092,5,0,0
9092,5,2,1
9092,6,1,1
9092,6,2,1
9092,7,0,0
9092,7,1,1
9092,7,2,1
9093,1,0,1
9093,2,1,1
9093,3,0,1
9093,3,1,1
9093,4,2,1
9093,5,0,1
9093,5,2,1
9093,6,1,1
9093,6,2,1
9093,7,0,1
9093,7,1,1
9093,7,2,1
9094,1,0,1
9094,2,1,1
9094,3,0,1
9094,3,1,1
9094,4,2,1
9094,5,0,1
9094,5,2,1
9094,6,1,1
9094,6,2,1
9094,7,0,1
9094,7,1,1
9094,7,2,1
9095,1,0,0
9095,2,1,1
9095,3,0,0
9095,3,1,1
9095,4,2,1
9095,5,0,0
9095,5,2,1
9095,6,1,1
9095,6,2,1
9095,7,0,0
9095,7,1,1
9095,7,2,1
9096,1,0,1
9096,2,1,1
9096,3,0,1
9096,3,1,1
9096,4,2,1
9096,5,0,1
9096,5,2,1
9096,6,1,1
9096,6,2,1
9096,7,0,1
9096,7,1,1
9096,7,2,1
9097,1,0,1
9097,2,1,1
9097,3,0,1
9097,3,1,1
9097,4,2,1
9097,5,0,1
9097,5,2,1
9097,6,1,1
9097,6,2,1
9097,7,0,1
9097,7,1,1
9097,7,2,1
9098,1,0,0
9098,2,1,1
9098,3,0,0
9098,3,1,1
9098,4,2,1
9098,5,0,0
9098,5,2,1
9098,6,1,1
9098,6,2,1
9098,7,0,0
9098,7,1,1
9098,7,2,1
9099,1,0,1
9099,2,1,1
9099,3,0,1
9099,3,1,1
9099,4,2,1
9099,5,0,1
9099,5,2,1
9099,6,1,1
9099,6,2,1
9099,7,0,1
9099,7,1,1
9099,7,2,1
9100,1,0,1
9100,2,1,1
9100,3,0,1
9100,3,1,1
9100,4,2,1
9100,5,0,1
9100,5,2,1
9100,6,1,1
9100,6,2,1
9100,7,0,1
9100,7,1,1
9100,7,2,1
9101,1,0,0
9101,2,1,0
9101,3,0,0
9101,3,1,0
9101,4,2,0
9101,5,0,0
9101,5,2,0
9101,6,1,0
9101,6,2,0
9101,7,0,0
9101,7,1,0
9101,7,2,0
9102,1,0,1
9102,2,1,1
9102,3,0,1
9102,3,1,1
9102,4,2,1
9102,5,0,1
9102,5,2,1
9102,6,1,1
9102,6,2,1
9102,7,0,1
9102,7,1,1
9102,7,2,1
9103,1,0,1
9103,2,1,1
9103,3,0,1
9103,3,1,1
9103,4,2,1
9103,5,0,1
9103,5,2,1
9103,6,1,1
9103,6,2,1
9103,7,0,1
9103,7,1,1
9103,7,2,1
9104,1,0,0
9104,2,1,0
9104,3,0,0
9104,3,1,0
9104,4,2,0
9104,5,0,0
9104,5,2,0
9104,6,1,0
9104,6,2,0
9104,7,0,0
9104,7,1,0
9104,7,2,0
9105,1,0,0
9105,2,1,0
9105,3,0,0
9105,3,1,0
9105,4,2,0
9105,5,0,0
9105,5,2,0
9105,6,1,0
9105,6,2,0
9105,7,0,0
9105,7,1,0
9105,7,2,0
9106,1,0,0
9106,2,1,0
9106,3,0,0
9106,3,1,0
9106,4,2,0
9106,5,0,0
9106,5,2,0
9106,6,1,0
9106,6,2,0
9106,7,0,0
9106,7,1,0
9106,7,2,0
9107,1,0,0
9107,2,1,0
9107,3,0,0
9107,3,1,0
9107,4,2,0
9107,5,0,0
9107,5,2,0
9107,6,1,0
9107,6,2,0
9107,7,0,0
9107,7,1,0
9107,7,2,0
9108,1,0,1
9108,2,1,1
9108,3,0,1
9108,3,1,1
9108,4,2,1
9108,5,0,1
9108,5,2,1
9108,6,1,1
9108,6,2,1
9108,7,0,1
9108,7,1,1
9108,7,2,1
9109,1,0,1
9109,2,1,1
9109,3,0,1
9109,3,1,1
9109,4,2,1
9109,5,0,1
9109,5,2,1
9109,6,1,1
9109,6,2,1
9109,7,0,1
9109,7,1,1
9109,7,2,1
9110,1,0,0
9110,2,1,0
9110,3,0,0
9110,3,1,0
9110,4,2,0
9110,5,0,0
9110,5,2,0
9110,6,1,0
9110,6,2,0
9110,7,0,0
9110,7,1,0
9110,7,2,0
9111,1,0,1
9111,2,1,1
9111,3,0,1
9111,3,1,1
9111,4,2,1
9111,5,0,1
9111,5,2,1
9111,6,1,1
9111,6,2,1
9111,7,0,1
9111,7,1,1
9111,7,2,1
9112,1,0,1
9112,2,1,1
9112,3,0,1
9112,3,1,1
9112,4,2,1
9112,5,0,1
9112,5,2,1
9112,6,1,1
9112,6,2,1
9112,7,0,1
9112,7,1,1
9112,7,2,1
9113,1,0,0
9113,2,1,0
9113,3,0,0
9113,3,1,0
9113,4,2,0
9113,5,0,0
9113,5,2,0
9113,6,1,0
9113,6,2,0
9113,7,0,0
9113,7,1,0
9113,7,2,0
9114,1,0,0
9114,2,1,0
9114,3,0,0
9114,3,1,0
9114,4,2,0
9114,5,0,0
9114,5,2,0
9114,6,1,0
9114,6,2,0
9114,7,0,0
9114,7,1,0
9114,7,2,0
9115,1,0,0
9115,2,1,0
9115,3,0,0
9115,3,1,0
9115,4,2,0
9115,5,0,0
9115,5,2,0
9115,6,1,0
9115,6,2,0
9115,7,0,0
9115,7,1,0
9115,7,2,0
9116,1,0,0
9116,2,1,0
9116,3,0,0
9116,3,1,0
9116,4,2,0
9116,5,0,0
9116,5,2,0
9116,6,1,0
9116,6,2,0
9116,7,0,0
9116,7,1,0
9116,7,2,0
9117,1,0,0
9117,2,1,0
9117,3,0,0
9117,3,1,0
9117,4,2,0
9117,5,0,0
9117,5,2,0
9117,6,1,0
9117,6,2,0
9117,7,0,0
9117,7,1,0
9117,7,2,0
9118,1,0,0
9118,2,1,0
9118,3,0,0
9118,3,1,0
9118,4,2,0
9118,5,0,0
9118,5,2,0
9118,6,1,0
9118,6,2,0
9118,7,0,0
9118,7,1,0
9118,7,2,0
9119,1,0,0
9119,2,1,0
9119,3,0,0
9119,3,1,0
9119,4,2,0
9119,5,0,0
9119,5,2,0
9119,6,1,0
9119,6,2,0
9119,7,0,0
9119,7,1,0
9119,7,2,0
9120,1,0,0
9120,2,1,0
9120,3,0,0
9120,3,1,0
9120,4,2,0
9120,5,0,0
9120,5,2,0
9120,6,1,0
9120,6,2,0
9120,7,0,0
9120,7,1,0
9120,7,2,0
9121,1,0,0
9121,2,1,0
9121,3,0,0
9121,3,1,0
9121,4,2,0
9121,5,0,0
9121,5,2,0
9121,6,1,0
9121,6,2,0
9121,7,0,0
9121,7,1,0
9121,7,2,0
9122,1,0,0
9122,2,1,0
9122,3,0,0
9122,3,1,0
9122,4,2,0
9122,5,0,0
9122,5,2,0
9122,6,1,0
9122,6,2,0
9122,7,0,0
9122,7,1,0
9122,7,2,0
9123,1,0,0
9123,2,1,0
9123,3,0,0
9123,3,1,0
9123,4,2,0
9123,5,0,0
9123,5,2,0
9123,6,1,0
9123,6,2,0
9123,7,0,0
9123,7,1,0
9123,7,2,0
9124,1,0,0
9124,2,1,0
9124,3,0,0
9124,3,1,0
9124,4,2,0
9124,5,0,0
9124,5,2,0
9124,6,1,0
9124,6,2,0
9124,7,0,0
9124,7,1,0
9124,7,2,0
9125,1,0,0
9125,2,1,0
9125,3,0,0
9125,3,1,0
9125,4,2,0
9125,5,0,0
9125,5,2,0
9125,6,1,0
9125,6,2,0
9125,7,0,0
9125,7,1,0
9125,7,2,0
9126,1,0,1
9126,2,1,1
9126,3,0,1
9126,3,1,1
9126,4,2,1
9126,5,0,1
9126,5,2,1
9126,6,1,1
9126,6,2,1
9126,7,0,1
9126,7,1,1
9126,7,2,1
9127,1,0,1
9127,2,1,1
9127,3,0,1
9127,3,1,1
9127,4,2,1
9127,5,0,1
9127,5,2,1
9127,6,1,1
9127,6,2,1
9127,7,0,1
9127,7,1,1
9127,7,2,1
9128,1,0,0
9128,2,1,0
9128,3,0,0
9128,3,1,0
9128,4,2,0
9128,5,0,0
9128,5,2,0
9128,6,1,0
9128,6,2,0
9128,7,0,0
9128,7,1,0
9128,7,2,0
9129,1,0,0
9129,2,1,0
9129,3,0,0
9129,3,1,0
9129,4,2,0
9129,5,0,0
9129,5,2,0
9129,6,1,0
9129,6,2,0
9129,7,0,0
9129,7,1,0
9129,7,2,0
9130,1,0,0
9130,2,1,0
9130,3,0,0
9130,3,1,0
9130,4,2,0
9130,5,0,0
9130,5,2,0
9130,6,1,0
9130,6,2,0
9130,7,0,0
9130,7,1,0
9130,7,2,0
9131,1,0,0
9131,2,1,0
9131,3,0,0
9131,3,1,0
9131,4,2,0
9131,5,0,0
9131,5,2,0
9131,6,1,0
9131,6,2,0
9131,7,0,0
9131,7,1,0
9131,7,2,0
9132,1,0,0
9132,2,1,0
9132,3,0,0
9132,3,1,0
9132,4,2,0
9132,5,0,0
9132,5,2,0
9132,6,1,0
9132,6,2,0
9132,7,0,0
9132,7,1,0
9132,7,2,0
9133,1,0,0
9133,2,1,0
9133,3,0,0
9133,3,1,0
9133,4,2,0
9133,5,0,0
9133,5,2,0
9133,6,1,0
9133,6,2,0
9133,7,0,0
9133,7,1,0
9133,7,2,0
9134,1,0,0
9134,2,1,0
9134,3,0,0
9134,3,1,0
9134,4,2,0
9134,5,0,0
9134,5,2,0
9134,6,1,0
9134,6,2,0
9134,7,0,0
9134,7,1,0
9134,7,2,0
9135,1,0,0
9135,2,1,0
9135,3,0,0
9135,3,1,0
9135,4,2,0
9135,5,0,0
9135,5,2,0
9135,6,1,0
9135,6,2,0
9135,7,0,0
9135,7,1,0
9135,7,2,0
9136,1,0,0
9136,2,1,0
9136,3,0,0
9136,3,1,0
9136,4,2,0
9136,5,0,0
9136,5,2,0
9136,6,1,0
9136,6,2,0
9136,7,0,0
9136,7,1,0
9136,7,2,0
9137,1,0,0
9137,2,1,0
9137,3,0,0
9137,3,1,0
9137,4,2,0
9137,5,0,0
9137,5,2,0
9137,6,1,0
9137,6,2,0
9137,7,0,0
9137,7,1,0
9137,7,2,0
9138,1,0,0
9138,2,1,0
9138,3,0,0
9138,3,1,0
9138,4,2,0
9138,5,0,0
9138,5,2,0
9138,6,1,0
9138,6,2,0
9138,7,0,0
9138,7,1,0
9138,7,2,0
9139,1,0,0
9139,2,1,0
9139,3,0,0
9139,3,1,0
9139,4,2,0
9139,5,0,0
9139,5,2,0
9139,6,1,0
9139,6,2,0
9139,7,0,0
9139,7,1,0
9139,7,2,0
9140,1,0,0
9140,2,1,0
9140,3,0,0
9140,3,1,0
9140,4,2,0
9140,5,0,0
9140,5,2,0
9140,6,1,0
9140,6,2,0
9140,7,0,0
9140,7,1,0
9140,7,2,0
9141,1,0,0
9141,2,1,0
9141,3,0,0
9141,3,1,0
9141,4,2,0
9141,5,0,0
9141,5,2,0
9141,6,1,0
9141,6,2,0
9141,7,0,0
9141,7,1,0
9141,7,2,0
9142,1,0,0
9142,2,1,0
9142,3,0,0
9142,3,1,0
9142,4,2,0
9142,5,0,0
9142,5,2,0
9142,6,1,0
9142,6,2,0
9142,7,0,0
9142,7,1,0
9142,7,2,0
9143,1,0,0
9143,2,1,0
9143,3,0,0
9143,3,1,0
9143,4,2,0
9143,5,0,0
9143,5,2,0
9143,6,1,0
9143,6,2,0
9143,7,0,0
9143,7,1,0
9143,7,2,0
9144,1,0,0
9144,2,1,0
9144,3,0,0
9144,3,1,0
9144,4,2,0
9144,5,0,0
9144,5,2,0
9144,6,1,0
9144,6,2,0
9144,7,0,0
9144,7,1,0
9144,7,2,0
9145,1,0,0
9145,2,1,0
9145,3,0,0
9145,3,1,0
9145,4,2,0
9145,5,0,0
9145,5,2,0
9145,6,1,0
9145,6,2,0
9145,7,0,0
9145,7,1,0
9145,7,2,0
9146,1,0,0
9146,2,1,0
9146,3,0,0
9146,3,1,0
9146,4,2,0
9146,5,0,0
9146,5,2,0
9146,6,1,0
9146,6,2,0
9146,7,0,0
9146,7,1,0
9146,7,2,0
9147,1,0,0
9147,2,1,0
9147,3,0,0
9147,3,1,0
9147,4,2,0
9147,5,0,0
9147,5,2,0
9147,6,1,0
9147,6,2,0
9147,7,0,0
9147,7,1,0
9147,7,2,0
9148,1,0,0
9148,2,1,0
9148,3,0,0
9148,3,1,0
9148,4,2,0
9148,5,0,0
9148,5,2,0
9148,6,1,0
9148,6,2,0
9148,7,0,0
9148,7,1,0
9148,7,2,0
9149,1,0,0
9149,2,1,0
9149,3,0,0
9149,3,1,0
9149,4,2,0
9149,5,0,0
9149,5,2,0
9149,6,1,0
9149,6,2,0
9149,7,0,0
9149,7,1,0
9149,7,2,0
9150,1,0,0
9150,2,1,0
9150,3,0,0
9150,3,1,0
9150,4,2,0
9150,5,0,0
9150,5,2,0
9150,6,1,0
9150,6,2,0
9150,7,0,0
9150,7,1,0
9150,7,2,0
9151,1,0,0
9151,2,1,0
9151,3,0,0
9151,3,1,0
9151,4,2,0
9151,5,0,0
9151,5,2,0
9151,6,1,0
9151,6,2,0
9151,7,0,0
9151,7,1,0
9151,7,2,0
9152,1,0,0
9152,2,1,0
9152,3,0,0
9152,3,1,0
9152,4,2,0
9152,5,0,0
9152,5,2,0
9152,6,1,0
9152,6,2,0
9152,7,0,0
9152,7,1,0
9152,7,2,0
9153,1,0,1
9153,2,1,0
9153,3,0,1
9153,3,1,0
9153,4,2,0
9153,5,0,1
9153,5,2,0
9153,6,1,0
9153,6,2,0
9153,7,0,1
9153,7,1,0
9153,7,2,0
9154,1,0,1
9154,2,1,0
9154,3,0,1
9154,3,1,0
9154,4,2,0
9154,5,0,1
9154,5,2,0
9154,6,1,0
9154,6,2,0
9154,7,0,1
9154,7,1,0
9154,7,2,0
9155,1,0,0
9155,2,1,0
9155,3,0,0
9155,3,1,0
9155,4,2,0
9155,5,0,0
9155,5,2,0
9155,6,1,0
9155,6,2,0
9155,7,0,0
9155,7,1,0
9155,7,2,0
9156,1,0,0
9156,2,1,0
9156,3,0,0
9156,3,1,0
9156,4,2,0
9156,5,0,0
9156,5,2,0
9156,6,1,0
9156,6,2,0
9156,7,0,0
9156,7,1,0
9156,7,2,0
9157,1,0,0
9157,2,1,0
9157,3,0,0
9157,3,1,0
9157,4,2,0
9157,5,0,0
9157,5,2,0
9157,6,1,0
9157,6,2,0
9157,7,0,0
9157,7,1,0
9157,7,2,0
9158,1,0,0
9158,2,1,0
9158,3,0,0
9158,3,1,0
9158,4,2,0
9158,5,0,0
9158,5,2,0
9158,6,1,0
9158,6,2,0
9158,7,0,0
9158,7,1,0
9158,7,2,0
9159,1,0,0
9159,2,1,0
9159,3,0,0
9159,3,1,0
9159,4,2,0
9159,5,0,0
9159,5,2,0
9159,6,1,0
9159,6,2,0
9159,7,0,0
9159,7,1,0
9159,7,2,0
9160,1,0,0
9160,2,1,0
9160,3,0,0
9160,3,1,0
9160,4,2,0
9160,5,0,0
9160,5,2,0
9160,6,1,0
9160,6,2,0
9160,7,0,0
9160,7,1,0
9160,7,2,0
9161,1,0,0
9161,2,1,0
9161,3,0,0
9161,3,1,0
9161,4,2,0
9161,5,0,0
9161,5,2,0
9161,6,1,0
9161,6,2,0
9161,7,0,0
9161,7,1,0
9161,7,2,0
9162,1,0,0
9162,2,1,0
9162,3,0,0
9162,3,1,0
9162,4,2,0
9162,5,0,0
9162,5,2,0
9162,6,1,0
9162,6,2,0
9162,7,0,0
9162,7,1,0
9162,7,2,0
9163,1,0,0
9163,2,1,0
9163,3,0,0
9163,3,1,0
9163,4,2,0
9163,5,0,0
9163,5,2,0
9163,6,1,0
9163,6,2,0
9163,7,0,0
9163,7,1,0
9163,7,2,0
9164,1,0,0
9164,2,1,0
9164,3,0,0
9164,3,1,0
9164,4,2,0
9164,5,0,0
9164,5,2,0
9164,6,1,0
9164,6,2,0
9164,7,0,0
9164,7,1,0
9164,7,2,0
9165,1,0,0
9165,2,1,0
9165,3,0,0
9165,3,1,0
9165,4,2,0
9165,5,0,0
9165,5,2,0
9165,6,1,0
9165,6,2,0
9165,7,0,0
9165,7,1,0
9165,7,2,0
9166,1,0,0
9166,2,1,0
9166,3,0,0
9166,3,1,0
9166,4,2,0
9166,5,0,0
9166,5,2,0
9166,6,1,0
9166,6,2,0
9166,7,0,0
9166,7,1,0
9166,7,2,0
9167,1,0,0
9167,2,1,0
9167,3,0,0
9167,3,1,0
9167,4,2,0
9167,5,0,0
9167,5,2,0
9167,6,1,0
9167,6,2,0
9167,7,0,0
9167,7,1,0
9167,7,2,0
9168,1,0,0
9168,2,1,0
9168,3,0,0
9168,3,1,0
9168,4,2,0
9168,5,0,0
9168,5,2,0
9168,6,1,0
9168,6,2,0
9168,7,0,0
9168,7,1,0
9168,7,2,0
9169,1,0,0
9169,2,1,0
9169,3,0,0
9169,3,1,0
9169,4,2,0
9169,5,0,0
9169,5,2,0
9169,6,1,0
9169,6,2,0
9169,7,0,0
9169,7,1,0
9169,7,2,0
9170,1,0,0
9170,2,1,0
9170,3,0,0
9170,3,1,0
9170,4,2,0
9170,5,0,0
9170,5,2,0
9170,6,1,0
9170,6,2,0
9170,7,0,0
9170,7,1,0
9170,7,2,0
9171,1,0,0
9171,2,1,0
9171,3,0,0
9171,3,1,0
9171,4,2,0
9171,5,0,0
9171,5,2,0
9171,6,1,0
9171,6,2,0
9171,7,0,0
9171,7,1,0
9171,7,2,0
9172,1,0,0
9172,2,1,0
9172,3,0,0
9172,3,1,0
9172,4,2,0
9172,5,0,0
9172,5,2,0
9172,6,1,0
9172,6,2,0
9172,7,0,0
9172,7,1,0
9172,7,2,0
9173,1,0,0
9173,2,1,0
9173,3,0,0
9173,3,1,0
9173,4,2,0
9173,5,0,0
9173,5,2,0
9173,6,1,0
9173,6,2,0
9173,7,0,0
9173,7,1,0
9173,7,2,0
9174,1,0,0
9174,2,1,0
9174,3,0,0
9174,3,1,0
9174,4,2,0
9174,5,0,0
9174,5,2,0
9174,6,1,0
9174,6,2,0
9174,7,0,0
9174,7,1,0
9174,7,2,0
9175,1,0,0
9175,2,1,0
9175,3,0,0
9175,3,1,0
9175,4,2,0
9175,5,0,0
9175,5,2,0
9175,6,1,0
9175,6,2,0
9175,7,0,0
9175,7,1,0
9175,7,2,0
9176,1,0,0
9176,2,1,0
9176,3,0,0
9176,3,1,0
9176,4,2,0
9176,5,0,0
9176,5,2,0
9176,6,1,0
9176,6,2,0
9176,7,0,0
9176,7,1,0
9176,7,2,0
9177,1,0,0
9177,2,1,0
9177,3,0,0
9177,3,1,0
9177,4,2,0
9177,5,0,0
9177,5,2,0
9177,6,1,0
9177,6,2,0
9177,7,0,0
9177,7,1,0
9177,7,2,0
9178,1,0,0
9178,2,1,0
9178,3,0,0
9178,3,1,0
9178,4,2,0
9178,5,0,0
9178,5,2,0
9178,6,1,0
9178,6,2,0
9178,7,0,0
9178,7,1,0
9178,7,2,0
9179,1,0,0
9179,2,1,0
9179,3,0,0
9179,3,1,0
9179,4,2,0
9179,5,0,0
9179,5,2,0
9179,6,1,0
9179,6,2,0
9179,7,0,0
9179,7,1,0
9179,7,2,0
9180,1,0,1
9180,2,1,0
9180,3,0,1
9180,3,1,0
9180,4,2,0
9180,5,0,1
9180,5,2,0
9180,6,1,0
9180,6,2,0
9180,7,0,1
9180,7,1,0
9180,7,2,0
9181,1,0,1
9181,2,1,0
9181,3,0,1
9181,3,1,0
9181,4,2,0
9181,5,0,1
9181,5,2,0
9181,6,1,0
9181,6,2,0
9181,7,0,1
9181,7,1,0
9181,7,2,0
9182,1,0,0
9182,2,1,0
9182,3,0,0
9182,3,1,0
9182,4,2,0
9182,5,0,0
9182,5,2,0
9182,6,1,0
9182,6,2,0
9182,7,0,0
9182,7,1,0
9182,7,2,0
9183,1,0,0
9183,2,1,0
9183,3,0,0
9183,3,1,0
9183,4,2,0
9183,5,0,0
9183,5,2,0
9183,6,1,0
9183,6,2,0
9183,7,0,0
9183,7,1,0
9183,7,2,0
9184,1,0,0
9184,2,1,0
9184,3,0,0
9184,3,1,0
9184,4,2,0
9184,5,0,0
9184,5,2,0
9184,6,1,0
9184,6,2,0
9184,7,0,0
9184,7,1,0
9184,7,2,0
9185,1,0,0
9185,2,1,0
9185,3,0,0
9185,3,1,0
9185,4,2,0
9185,5,0,0
9185,5,2,0
9185,6,1,0
9185,6,2,0
9185,7,0,0
9185,7,1,0
9185,7,2,0
9186,1,0,0
9186,2,1,0
9186,3,0,0
9186,3,1,0
9186,4,2,0
9186,5,0,0
9186,5,2,0
9186,6,1,0
9186,6,2,0
9186,7,0,0
9186,7,1,0
9186,7,2,0
9187,1,0,0
9187,2,1,0
9187,3,0,0
9187,3,1,0
9187,4,2,0
9187,5,0,0
9187,5,2,0
9187,6,1,0
9187,6,2,0
9187,7,0,0
9187,7,1,0
9187,7,2,0
9188,1,0,0
9188,2,1,0
9188,3,0,0
9188,3,1,0
9188,4,2,0
9188,5,0,0
9188,5,2,0
9188,6,1,0
9188,6,2,0
9188,7,0,0
9188,7,1,0
9188,7,2,0
9189,1,0,0
9189,2,1,0
9189,3,0,0
9189,3,1,0
9189,4,2,0
9189,5,0,0
9189,5,2,0
9189,6,1,0
9189,6,2,0
9189,7,0,0
9189,7,1,0
9189,7,2,0
9190,1,0,0
9190,2,1,0
9190,3,0,0
9190,3,1,0
9190,4,2,0
9190,5,0,0
9190,5,2,0
9190,6,1,0
9190,6,2,0
9190,7,0,0
9190,7,1,0
9190,7,2,0
9191,1,0,0
9191,2,1,0
9191,3,0,0
9191,3,1,0
9191,4,2,0
9191,5,0,0
9191,5,2,0
9191,6,1,0
9191,6,2,0
9191,7,0,0
9191,7,1,0
9191,7,2,0
9192,1,0,0
9192,2,1,0
9192,3,0,0
9192,3,1,0
9192,4,2,0
9192,5,0,0
9192,5,2,0
9192,6,1,0
9192,6,2,0
9192,7,0,0
9192,7,1,0
9192,7,2,0
9193,1,0,0
9193,2,1,0
9193,3,0,0
9193,3,1,0
9193,4,2,0
9193,5,0,0
9193,5,2,0
9193,6,1,0
9193,6,2,0
9193,7,0,0
9193,7,1,0
9193,7,2,0
9194,1,0,0
9194,2,1,0
9194,3,0,0
9194,3,1,0
9194,4,2,0
9194,5,0,0
9194,5,2,0
9194,6,1,0
9194,6,2,0
9194,7,0,0
9194,7,1,0
9194,7,2,0
9195,1,0,0
9195,2,1,0
9195,3,0,0
9195,3,1,0
9195,4,2,0
9195,5,0,0
9195,5,2,0
9195,6,1,0
9195,6,2,0
9195,7,0,0
9195,7,1,0
9195,7,2,0
9196,1,0,0
9196,2,1,0
9196,3,0,0
9196,3,1,0
9196,4,2,0
9196,5,0,0
9196,5,2,0
9196,6,1,0
9196,6,2,0
9196,7,0,0
9196,7,1,0
9196,7,2,0
9197,1,0,0
9197,2,1,0
9197,3,0,0
9197,3,1,0
9197,4,2,0
9197,5,0,0
9197,5,2,0
9197,6,1,0
9197,6,2,0
9197,7,0,0
9197,7,1,0
9197,7,2,0
9198,1,0,0
9198,2,1,0
9198,3,0,0
9198,3,1,0
9198,4,2,0
9198,5,0,0
9198,5,2,0
9198,6,1,0
9198,6,2,0
9198,7,0,0
9198,7,1,0
9198,7,2,0
9199,1,0,0
9199,2,1,0
9199,3,0,0
9199,3,1,0
9199,4,2,0
9199,5,0,0
9199,5,2,0
9199,6,1,0
9199,6,2,0
9199,7,0,0
9199,7,1,0
9199,7,2,0
9200,1,0,0
9200,2,1,0
9200,3,0,0
9200,3,1,0
9200,4,2,0
9200,5,0,0
9200,5,2,0
9200,6,1,0
9200,6,2,0
9200,7,0,0
9200,7,1,0
9200,7,2,0
9201,1,0,0
9201,2,1,0
9201,3,0,0
9201,3,1,0
9201,4,2,0
9201,5,0,0
9201,5,2,0
9201,6,1,0
9201,6,2,0
9201,7,0,0
9201,7,1,0
9201,7,2,0
9202,1,0,0
9202,2,1,0
9202,3,0,0
9202,3,1,0
9202,4,2,0
9202,5,0,0
9202,5,2,0
9202,6,1,0
9202,6,2,0
9202,7,0,0
9202,7,1,0
9202,7,2,0
9203,1,0,0
9203,2,1,0
9203,3,0,0
9203,3,1,0
9203,4,2,0
9203,5,0,0
9203,5,2,0
9203,6,1,0
9203,6,2,0
9203,7,0,0
9203,7,1,0
9203,7,2,0
9204,1,0,0
9204,2,1,0
9204,3,0,0
9204,3,1,0
9204,4,2,0
9204,5,0,0
9204,5,2,0
9204,6,1,0
9204,6,2,0
9204,7,0,0
9204,7,1,0
9204,7,2,0
9205,1,0,0
9205,2,1,0
9205,3,0,0
9205,3,1,0
9205,4,2,0
9205,5,0,0
9205,5,2,0
9205,6,1,0
9205,6,2,0
9205,7,0,0
9205,7,1,0
9205,7,2,0
9206,1,0,0
9206,2,1,0
9206,3,0,0
9206,3,1,0
9206,4,2,0
9206,5,0,0
9206,5,2,0
9206,6,1,0
9206,6,2,0
9206,7,0,0
9206,7,1,0
9206,7,2,0
9207,1,0,1
9207,2,1,0
9207,3,0,1
9207,3,1,0
9207,4,2,0
9207,5,0,1
9207,5,2,0
9207,6,1,0
9207,6,2,0
9207,7,0,1
9207,7,1,0
9207,7,2,0
9208,1,0,1
9208,2,1,0
9208,3,0,1
9208,3,1,0
9208,4,2,0
9208,5,0,1
9208,5,2,0
9208,6,1,0
9208,6,2,0
9208,7,0,1
9208,7,1,0
9208,7,2,0
9209,1,0,0
9209,2,1,0
9209,3,0,0
9209,3,1,0
9209,4,2,0
9209,5,0,0
9209,5,2,0
9209,6,1,0
9209,6,2,0
9209,7,0,0
9209,7,1,0
9209,7,2,0
9210,1,0,0
9210,2,1,0
9210,3,0,0
9210,3,1,0
9210,4,2,0
9210,5,0,0
9210,5,2,0
9210,6,1,0
9210,6,2,0
9210,7,0,0
9210,7,1,0
9210,7,2,0
9211,1,0,0
9211,2,1,0
9211,3,0,0
9211,3,1,0
9211,4,2,0
9211,5,0,0
9211,5,2,0
9211,6,1,0
9211,6,2,0
9211,7,0,0
9211,7,1,0
9211,7,2,0
9212,1,0,0
9212,2,1,0
9212,3,0,0
9212,3,1,0
9212,4,2,0
9212,5,0,0
9212,5,2,0
9212,6,1,0
9212,6,2,0
9212,7,0,0
9212,7,1,0
9212,7,2,0
9213,1,0,0
9213,2,1,0
9213,3,0,0
9213,3,1,0
9213,4,2,0
9213,5,0,0
9213,5,2,0
9213,6,1,0
9213,6,2,0
9213,7,0,0
9213,7,1,0
9213,7,2,0
9214,1,0,0
9214,2,1,0
9214,3,0,0
9214,3,1,0
9214,4,2,0
9214,5,0,0
9214,5,2,0
9214,6,1,0
9214,6,2,0
9214,7,0,0
9214,7,1,0
9214,7,2,0
9215,1,0,0
9215,2,1,0
9215,3,0,0
9215,3,1,0
9215,4,2,0
9215,5,0,0
9215,5,2,0
9215,6,1,0
9215,6,2,0
9215,7,0,0
9215,7,1,0
9215,7,2,0
9216,1,0,0
9216,2,1,0
9216,3,0,0
9216,3,1,0
9216,4,2,0
9216,5,0,0
9216,5,2,0
9216,6,1,0
9216,6,2,0
9216,7,0,0
9216,7,1,0
9216,7,2,0
9217,1,0,0
9217,2,1,0
9217,3,0,0
9217,3,1,0
9217,4,2,0
9217,5,0,0
9217,5,2,0
9217,6,1,0
9217,6,2,0
9217,7,0,0
9217,7,1,0
9217,7,2,0
9218,1,0,0
9218,2,1,0
9218,3,0,0
9218,3,1,0
9218,4,2,0
9218,5,0,0
9218,5,2,0
9218,6,1,0
9218,6,2,0
9218,7,0,0
9218,7,1,0
9218,7,2,0
9219,1,0,0
9219,2,1,0
9219,3,0,0
9219,3,1,0
9219,4,2,0
9219,5,0,0
9219,5,2,0
9219,6,1,0
9219,6,2,0
9219,7,0,0
9219,7,1,0
9219,7,2,0
9220,1,0,0
9220,2,1,0
9220,3,0,0
9220,3,1,0
9220,4,2,0
9220,5,0,0
9220,5,2,0
9220,6,1,0
9220,6,2,0
9220,7,0,0
9220,7,1,0
9220,7,2,0
9221,1,0,0
9221,2,1,0
9221,3,0,0
9221,3,1,0
9221,4,2,0
9221,5,0,0
9221,5,2,0
9221,6,1,0
9221,6,2,0
9221,7,0,0
9221,7,1,0
9221,7,2,0
9222,1,0,0
9222,2,1,0
9222,3,0,0
9222,3,1,0
9222,4,2,0
9222,5,0,0
9222,5,2,0
9222,6,1,0
9222,6,2,0
9222,7,0,0
9222,7,1,0
9222,7,2,0
9223,1,0,0
9223,2,1,0
9223,3,0,0
9223,3,1,0
9223,4,2,0
9223,5,0,0
9223,5,2,0
9223,6,1,0
9223,6,2,0
9223,7,0,0
9223,7,1,0
9223,7,2,0
9224,1,0,0
9224,2,1,0
9224,3,0,0
9224,3,1,0
9224,4,2,0
9224,5,0,0
9224,5,2,0
9224,6,1,0
9224,6,2,0
9224,7,0,0
9224,7,1,0
9224,7,2,0
9225,1,0,0
9225,2,1,0
9225,3,0,0
9225,3,1,0
9225,4,2,0
9225,5,0,0
9225,5,2,0
9225,6,1,0
9225,6,2,0
9225,7,0,0
9225,7,1,0
9225,7,2,0
9226,1,0,0
9226,2,1,0
9226,3,0,0
9226,3,1,0
9226,4,2,0
9226,5,0,0
9226,5,2,0
9226,6,1,0
9226,6,2,0
9226,7,0,0
9226,7,1,0
9226,7,2,0
9227,1,0,0
9227,2,1,0
9227,3,0,0
9227,3,1,0
9227,4,2,0
9227,5,0,0
9227,5,2,0
9227,6,1,0
9227,6,2,0
9227,7,0,0
9227,7,1,0
9227,7,2,0
9228,1,0,0
9228,2,1,0
9228,3,0,0
9228,3,1,0
9228,4,2,0
9228,5,0,0
9228,5,2,0
9228,6,1,0
9228,6,2,0
9228,7,0,0
9228,7,1,0
9228,7,2,0
9229,1,0,0
9229,2,1,0
9229,3,0,0
9229,3,1,0
9229,4,2,0
9229,5,0,0
9229,5,2,0
9229,6,1,0
9229,6,2,0
9229,7,0,0
9229,7,1,0
9229,7,2,0
9230,1,0,0
9230,2,1,0
9230,3,0,0
9230,3,1,0
9230,4,2,0
9230,5,0,0
9230,5,2,0
9230,6,1,0
9230,6,2,0
9230,7,0,0
9230,7,1,0
9230,7,2,0
9231,1,0,0
9231,2,1,0
9231,3,0,0
9231,3,1,0
9231,4,2,0
9231,5,0,0
9231,5,2,0
9231,6,1,0
9231,6,2,0
9231,7,0,0
9231,7,1,0
9231,7,2,0
9232,1,0,0
9232,2,1,0
9232,3,0,0
9232,3,1,0
9232,4,2,0
9232,5,0,0
9232,5,2,0
9232,6,1,0
9232,6,2,0
9232,7,0,0
9232,7,1,0
9232,7,2,0
9233,1,0,0
9233,2,1,0
9233,3,0,0
9233,3,1,0
9233,4,2,0
9233,5,0,0
9233,5,2,0
9233,6,1,0
9233,6,2,0
9233,7,0,0
9233,7,1,0
9233,7,2,0
9234,1,0,1
9234,2,1,0
9234,3,0,1
9234,3,1,0
9234,4,2,0
9234,5,0,1
9234,5,2,0
9234,6,1,0
9234,6,2,0
9234,7,0,1
9234,7,1,0
9234,7,2,0
9235,1,0,1
9235,2,1,0
9235,3,0,1
9235,3,1,0
9235,4,2,0
9235,5,0,1
9235,5,2,0
9235,6,1,0
9235,6,2,0
9235,7,0,1
9235,7,1,0
9235,7,2,0
9236,1,0,0
9236,2,1,0
9236,3,0,0
9236,3,1,0
9236,4,2,0
9236,5,0,0
9236,5,2,0
9236,6,1,0
9236,6,2,0
9236,7,0,0
9236,7,1,0
9236,7,2,0
9237,1,0,0
9237,2,1,0
9237,3,0,0
9237,3,1,0
9237,4,2,0
9237,5,0,0
9237,5,2,0
9237,6,1,0
9237,6,2,0
9237,7,0,0
9237,7,1,0
9237,7,2,0
9238,1,0,0
9238,2,1,0
9238,3,0,0
9238,3,1,0
9238,4,2,0
9238,5,0,0
9238,5,2,0
9238,6,1,0
9238,6,2,0
9238,7,0,0
9238,7,1,0
9238,7,2,0
9239,1,0,0
9239,2,1,0
9239,3,0,0
9239,3,1,0
9239,4,2,0
9239,5,0,0
9239,5,2,0
9239,6,1,0
9239,6,2,0
9239,7,0,0
9239,7,1,0
9239,7,2,0
9240,1,0,0
9240,2,1,0
9240,3,0,0
9240,3,1,0
9240,4,2,0
9240,5,0,0
9240,5,2,0
9240,6,1,0
9240,6,2,0
9240,7,0,0
9240,7,1,0
9240,7,2,0
9241,1,0,0
9241,2,1,0
9241,3,0,0
9241,3,1,0
9241,4,2,0
9241,5,0,0
9241,5,2,0
9241,6,1,0
9241,6,2,0
9241,7,0,0
9241,7,1,0
9241,7,2,0
9242,1,0,0
9242,2,1,0
9242,3,0,0
9242,3,1,0
9242,4,2,0
9242,5,0,0
9242,5,2,0
9242,6,1,0
9242,6,2,0
9242,7,0,0
9242,7,1,0
9242,7,2,0
9243,1,0,0
9243,2,1,0
9243,3,0,0
9243,3,1,0
9243,4,2,0
9243,5,0,0
9243,5,2,0
9243,6,1,0
9243,6,2,0
9243,7,0,0
9243,7,1,0
9243,7,2,0
9244,1,0,0
9244,2,1,0
9244,3,0,0
9244,3,1,0
9244,4,2,0
9244,5,0,0
9244,5,2,0
9244,6,1,0
9244,6,2,0
9244,7,0,0
9244,7,1,0
9244,7,2,0
9245,1,0,0
9245,2,1,0
9245,3,0,0
9245,3,1,0
9245,4,2,0
9245,5,0,0
9245,5,2,0
9245,6,1,0
9245,6,2,0
9245,7,0,0
9245,7,1,0
9245,7,2,0
9246,1,0,0
9246,2,1,0
9246,3,0,0
9246,3,1,0
9246,4,2,0
9246,5,0,0
9246,5,2,0
9246,6,1,0
9246,6,2,0
9246,7,0,0
9246,7,1,0
9246,7,2,0
9247,1,0,0
9247,2,1,0
9247,3,0,0
9247,3,1,0
9247,4,2,0
9247,5,0,0
9247,5,2,0
9247,6,1,0
9247,6,2,0
9247,7,0,0
9247,7,1,0
9247,7,2,0
9248,1,0,0
9248,2,1,0
9248,3,0,0
9248,3,1,0
9248,4,2,0
9248,5,0,0
9248,5,2,0
9248,6,1,0
9248,6,2,0
9248,7,0,0
9248,7,1,0
9248,7,2,0
9249,1,0,0
9249,2,1,0
9249,3,0,0
9249,3,1,0
9249,4,2,0
9249,5,0,0
9249,5,2,0
9249,6,1,0
9249,6,2,0
9249,7,0,0
9249,7,1,0
9249,7,2,0
9250,1,0,0
9250,2,1,0
9250,3,0,0
9250,3,1,0
9250,4,2,0
9250,5,0,0
9250,5,2,0
9250,6,1,0
9250,6,2,0
9250,7,0,0
9250,7,1,0
9250,7,2,0
9251,1,0,0
9251,2,1,0
9251,3,0,0
9251,3,1,0
9251,4,2,0
9251,5,0,0
9251,5,2,0
9251,6,1,0
9251,6,2,0
9251,7,0,0
9251,7,1,0
9251,7,2,0
9252,1,0,0
9252,2,1,0
9252,3,0,0
9252,3,1,0
9252,4,2,0
9252,5,0,0
9252,5,2,0
9252,6,1,0
9252,6,2,0
9252,7,0,0
9252,7,1,0
9252,7,2,0
9253,1,0,0
9253,2,1,0
9253,3,0,0
9253,3,1,0
9253,4,2,0
9253,5,0,0
9253,5,2,0
9253,6,1,0
9253,6,2,0
9253,7,0,0
9253,7,1,0
9253,7,2,0
9254,1,0,0
9254,2,1,0
9254,3,0,0
9254,3,1,0
9254,4,2,0
9254,5,0,0
9254,5,2,0
9254,6,1,0
9254,6,2,0
9254,7,0,0
9254,7,1,0
9254,7,2,0
9255,1,0,0
9255,2,1,0
9255,3,0,0
9255,3,1,0
9255,4,2,0
9255,5,0,0
9255,5,2,0
9255,6,1,0
9255,6,2,0
9255,7,0,0
9255,7,1,0
9255,7,2,0
9256,1,0,0
9256,2,1,0
9256,3,0,0
9256,3,1,0
9256,4,2,0
9256,5,0,0
9256,5,2,0
9256,6,1,0
9256,6,2,0
9256,7,0,0
9256,7,1,0
9256,7,2,0
9257,1,0,0
9257,2,1,0
9257,3,0,0
9257,3,1,0
9257,4,2,0
9257,5,0,0
9257,5,2,0
9257,6,1,0
9257,6,2,0
9257,7,0,0
9257,7,1,0
9257,7,2,0
9258,1,0,0
9258,2,1,0
9258,3,0,0
9258,3,1,0
9258,4,2,0
9258,5,0,0
9258,5,2,0
9258,6,1,0
9258,6,2,0
9258,7,0,0
9258,7,1,0
9258,7,2,0
9259,1,0,0
9259,2,1,0
9259,3,0,0
9259,3,1,0
9259,4,2,0
9259,5,0,0
9259,5,2,0
9259,6,1,0
9259,6,2,0
9259,7,0,0
9259,7,1,0
9259,7,2,0
9260,1,0,0
9260,2,1,0
9260,3,0,0
9260,3,1,0
9260,4,2,0
9260,5,0,0
9260,5,2,0
9260,6,1,0
9260,6,2,0
9260,7,0,0
9260,7,1,0
9260,7,2,0
9261,1,0,1
9261,2,1,0
9261,3,0,1
9261,3,1,0
9261,4,2,0
9261,5,0,1
9261,5,2,0
9261,6,1,0
9261,6,2,0
9261,7,0,1
9261,7,1,0
9261,7,2,0
9262,1,0,1
9262,2,1,0
9262,3,0,1
9262,3,1,0
9262,4,2,0
9262,5,0,1
9262,5,2,0
9262,6,1,0
9262,6,2,0
9262,7,0,1
9262,7,1,0
9262,7,2,0
9263,1,0,0
9263,2,1,0
9263,3,0,0
9263,3,1,0
9263,4,2,0
9263,5,0,0
9263,5,2,0
9263,6,1,0
9263,6,2,0
9263,7,0,0
9263,7,1,0
9263,7,2,0
9264,1,0,0
9264,2,1,0
9264,3,0,0
9264,3,1,0
9264,4,2,0
9264,5,0,0
9264,5,2,0
9264,6,1,0
9264,6,2,0
9264,7,0,0
9264,7,1,0
9264,7,2,0
9265,1,0,0
9265,2,1,0
9265,3,0,0
9265,3,1,0
9265,4,2,0
9265,5,0,0
9265,5,2,0
9265,6,1,0
9265,6,2,0
9265,7,0,0
9265,7,1,0
9265,7,2,0
9266,1,0,0
9266,2,1,0
9266,3,0,0
9266,3,1,0
9266,4,2,0
9266,5,0,0
9266,5,2,0
9266,6,1,0
9266,6,2,0
9266,7,0,0
9266,7,1,0
9266,7,2,0
9267,1,0,0
9267,2,1,0
9267,3,0,0
9267,3,1,0
9267,4,2,0
9267,5,0,0
9267,5,2,0
9267,6,1,0
9267,6,2,0
9267,7,0,0
9267,7,1,0
9267,7,2,0
9268,1,0,0
9268,2,1,0
9268,3,0,0
9268,3,1,0
9268,4,2,0
9268,5,0,0
9268,5,2,0
9268,6,1,0
9268,6,2,0
9268,7,0,0
9268,7,1,0
9268,7,2,0
9269,1,0,0
9269,2,1,0
9269,3,0,0
9269,3,1,0
9269,4,2,0
9269,5,0,0
9269,5,2,0
9269,6,1,0
9269,6,2,0
9269,7,0,0
9269,7,1,0
9269,7,2,0
9270,1,0,0
9270,2,1,0
9270,3,0,0
9270,3,1,0
9270,4,2,0
9270,5,0,0
9270,5,2,0
9270,6,1,0
9270,6,2,0
9270,7,0,0
9270,7,1,0
9270,7,2,0
9271,1,0,0
9271,2,1,0
9271,3,0,0
9271,3,1,0
9271,4,2,0
9271,5,0,0
9271,5,2,0
9271,6,1,0
9271,6,2,0
9271,7,0,0
9271,7,1,0
9271,7,2,0
9272,1,0,0
9272,2,1,0
9272,3,0,0
9272,3,1,0
9272,4,2,0
9272,5,0,0
9272,5,2,0
9272,6,1,0
9272,6,2,0
9272,7,0,0
9272,7,1,0
9272,7,2,0
9273,1,0,0
9273,2,1,0
9273,3,0,0
9273,3,1,0
9273,4,2,0
9273,5,0,0
9273,5,2,0
9273,6,1,0
9273,6,2,0
9273,7,0,0
9273,7,1,0
9273,7,2,0
9274,1,0,0
9274,2,1,0
9274,3,0,0
9274,3,1,0
9274,4,2,0
9274,5,0,0
9274,5,2,0
9274,6,1,0
9274,6,2,0
9274,7,0,0
9274,7,1,0
9274,7,2,0
9275,1,0,0
9275,2,1,0
9275,3,0,0
9275,3,1,0
9275,4,2,0
9275,5,0,0
9275,5,2,0
9275,6,1,0
9275,6,2,0
9275,7,0,0
9275,7,1,0
9275,7,2,0
9276,1,0,0
9276,2,1,0
9276,3,0,0
9276,3,1,0
9276,4,2,0
9276,5,0,0
9276,5,2,0
9276,6,1,0
9276,6,2,0
9276,7,0,0
9276,7,1,0
9276,7,2,0
9277,1,0,0
9277,2,1,0
9277,3,0,0
9277,3,1,0
9277,4,2,0
9277,5,0,0
9277,5,2,0
9277,6,1,0
9277,6,2,0
9277,7,0,0
9277,7,1,0
9277,7,2,0
9278,1,0,0
9278,2,1,0
9278,3,0,0
9278,3,1,0
9278,4,2,0
9278,5,0,0
9278,5,2,0
9278,6,1,0
9278,6,2,0
9278,7,0,0
9278,7,1,0
9278,7,2,0
9279,1,0,0
9279,2,1,0
9279,3,0,0
9279,3,1,0
9279,4,2,0
9279,5,0,0
9279,5,2,0
9279,6,1,0
9279,6,2,0
9279,7,0,0
9279,7,1,0
9279,7,2,0
9280,1,0,0
9280,2,1,0
9280,3,0,0
9280,3,1,0
9280,4,2,0
9280,5,0,0
9280,5,2,0
9280,6,1,0
9280,6,2,0
9280,7,0,0
9280,7,1,0
9280,7,2,0
9281,1,0,0
9281,2,1,0
9281,3,0,0
9281,3,1,0
9281,4,2,0
9281,5,0,0
9281,5,2,0
9281,6,1,0
9281,6,2,0
9281,7,0,0
9281,7,1,0
9281,7,2,0
9282,1,0,0
9282,2,1,0
9282,3,0,0
9282,3,1,0
9282,4,2,0
9282,5,0,0
9282,5,2,0
9282,6,1,0
9282,6,2,0
9282,7,0,0
9282,7,1,0
9282,7,2,0
9283,1,0,0
9283,2,1,0
9283,3,0,0
9283,3,1,0
9283,4,2,0
9283,5,0,0
9283,5,2,0
9283,6,1,0
9283,6,2,0
9283,7,0,0
9283,7,1,0
9283,7,2,0
9284,1,0,0
9284,2,1,0
9284,3,0,0
9284,3,1,0
9284,4,2,0
9284,5,0,0
9284,5,2,0
9284,6,1,0
9284,6,2,0
9284,7,0,0
9284,7,1,0
9284,7,2,0
9285,1,0,0
9285,2,1,0
9285,3,0,0
9285,3,1,0
9285,4,2,0
9285,5,0,0
9285,5,2,0
9285,6,1,0
9285,6,2,0
9285,7,0,0
9285,7,1,0
9285,7,2,0
9286,1,0,0
9286,2,1,0
9286,3,0,0
9286,3,1,0
9286,4,2,0
9286,5,0,0
9286,5,2,0
9286,6,1,0
9286,6,2,0
9286,7,0,0
9286,7,1,0
9286,7,2,0
9287,1,0,0
9287,2,1,0
9287,3,0,0
9287,3,1,0
9287,4,2,0
9287,5,0,0
9287,5,2,0
9287,6,1,0
9287,6,2,0
9287,7,0,0
9287,7,1,0
9287,7,2,0
9288,1,0,1
9288,2,1,0
9288,3,0,1
9288,3,1,0
9288,4,2,0
9288,5,0,1
9288,5,2,0
9288,6,1,0
9288,6,2,0
9288,7,0,1
9288,7,1,0
9288,7,2,0
9289,1,0,1
9289,2,1,0
9289,3,0,1
9289,3,1,0
9289,4,2,0
9289,5,0,1
9289,5,2,0
9289,6,1,0
9289,6,2,0
9289,7,0,1
9289,7,1,0
9289,7,2,0
9290,1,0,0
9290,2,1,0
9290,3,0,0
9290,3,1,0
9290,4,2,0
9290,5,0,0
9290,5,2,0
9290,6,1,0
9290,6,2,0
9290,7,0,0
9290,7,1,0
9290,7,2,0
9291,1,0,0
9291,2,1,0
9291,3,0,0
9291,3,1,0
9291,4,2,0
9291,5,0,0
9291,5,2,0
9291,6,1,0
9291,6,2,0
9291,7,0,0
9291,7,1,0
9291,7,2,0
9292,1,0,0
9292,2,1,0
9292,3,0,0
9292,3,1,0
9292,4,2,0
9292,5,0,0
9292,5,2,0
9292,6,1,0
9292,6,2,0
9292,7,0,0
9292,7,1,0
9292,7,2,0
9293,1,0,0
9293,2,1,0
9293,3,0,0
9293,3,1,0
9293,4,2,0
9293,5,0,0
9293,5,2,0
9293,6,1,0
9293,6,2,0
9293,7,0,0
9293,7,1,0
9293,7,2,0
9294,1,0,0
9294,2,1,0
9294,3,0,0
9294,3,1,0
9294,4,2,0
9294,5,0,0
9294,5,2,0
9294,6,1,0
9294,6,2,0
9294,7,0,0
9294,7,1,0
9294,7,2,0
9295,1,0,0
9295,2,1,0
9295,3,0,0
9295,3,1,0
9295,4,2,0
9295,5,0,0
9295,5,2,0
9295,6,1,0
9295,6,2,0
9295,7,0,0
9295,7,1,0
9295,7,2,0
9296,1,0,0
9296,2,1,0
9296,3,0,0
9296,3,1,0
9296,4,2,0
9296,5,0,0
9296,5,2,0
9296,6,1,0
9296,6,2,0
9296,7,0,0
9296,7,1,0
9296,7,2,0
9297,1,0,0
9297,2,1,0
9297,3,0,0
9297,3,1,0
9297,4,2,0
9297,5,0,0
9297,5,2,0
9297,6,1,0
9297,6,2,0
9297,7,0,0
9297,7,1,0
9297,7,2,0
9298,1,0,0
9298,2,1,0
9298,3,0,0
9298,3,1,0
9298,4,2,0
9298,5,0,0
9298,5,2,0
9298,6,1,0
9298,6,2,0
9298,7,0,0
9298,7,1,0
9298,7,2,0
9299,1,0,0
9299,2,1,0
9299,3,0,0
9299,3,1,0
9299,4,2,0
9299,5,0,0
9299,5,2,0
9299,6,1,0
9299,6,2,0
9299,7,0,0
9299,7,1,0
9299,7,2,0
9300,1,0,0
9300,2,1,0
9300,3,0,0
9300,3,1,0
9300,4,2,0
9300,5,0,0
9300,5,2,0
9300,6,1,0
9300,6,2,0
9300,7,0,0
9300,7,1,0
9300,7,2,0
9301,1,0,0
9301,2,1,0
9301,3,0,0
9301,3,1,0
9301,4,2,0
9301,5,0,0
9301,5,2,0
9301,6,1,0
9301,6,2,0
9301,7,0,0
9301,7,1,0
9301,7,2,0
9302,1,0,0
9302,2,1,0
9302,3,0,0
9302,3,1,0
9302,4,2,0
9302,5,0,0
9302,5,2,0
9302,6,1,0
9302,6,2,0
9302,7,0,0
9302,7,1,0
9302,7,2,0
9303,1,0,0
9303,2,1,0
9303,3,0,0
9303,3,1,0
9303,4,2,0
9303,5,0,0
9303,5,2,0
9303,6,1,0
9303,6,2,0
9303,7,0,0
9303,7,1,0
9303,7,2,0
9304,1,0,0
9304,2,1,0
9304,3,0,0
9304,3,1,0
9304,4,2,0
9304,5,0,0
9304,5,2,0
9304,6,1,0
9304,6,2,0
9304,7,0,0
9304,7,1,0
9304,7,2,0
9305,1,0,0
9305,2,1,0
9305,3,0,0
9305,3,1,0
9305,4,2,0
9305,5,0,0
9305,5,2,0
9305,6,1,0
9305,6,2,0
9305,7,0,0
9305,7,1,0
9305,7,2,0
9306,1,0,0
9306,2,1,0
9306,3,0,0
9306,3,1,0
9306,4,2,0
9306,5,0,0
9306,5,2,0
9306,6,1,0
9306,6,2,0
9306,7,0,0
9306,7,1,0
9306,7,2,0
9307,1,0,0
9307,2,1,0
9307,3,0,0
9307,3,1,0
9307,4,2,0
9307,5,0,0
9307,5,2,0
9307,6,1,0
9307,6,2,0
9307,7,0,0
9307,7,1,0
9307,7,2,0
9308,1,0,0
9308,2,1,0
9308,3,0,0
9308,3,1,0
9308,4,2,0
9308,5,0,0
9308,5,2,0
9308,6,1,0
9308,6,2,0
9308,7,0,0
9308,7,1,0
9308,7,2,0
9309,1,0,0
9309,2,1,0
9309,3,0,0
9309,3,1,0
9309,4,2,0
9309,5,0,0
9309,5,2,0
9309,6,1,0
9309,6,2,0
9309,7,0,0
9309,7,1,0
9309,7,2,0
9310,1,0,0
9310,2,1,0
9310,3,0,0
9310,3,1,0
9310,4,2,0
9310,5,0,0
9310,5,2,0
9310,6,1,0
9310,6,2,0
9310,7,0,0
9310,7,1,0
9310,7,2,0
9311,1,0,0
9311,2,1,0
9311,3,0,0
9311,3,1,0
9311,4,2,0
9311,5,0,0
9311,5,2,0
9311,6,1,0
9311,6,2,0
9311,7,0,0
9311,7,1,0
9311,7,2,0
9312,1,0,0
9312,2,1,0
9312,3,0,0
9312,3,1,0
9312,4,2,0
9312,5,0,0
9312,5,2,0
9312,6,1,0
9312,6,2,0
9312,7,0,0
9312,7,1,0
9312,7,2,0
9313,1,0,0
9313,2,1,0
9313,3,0,0
9313,3,1,0
9313,4,2,0
9313,5,0,0
9313,5,2,0
9313,6,1,0
9313,6,2,0
9313,7,0,0
9313,7,1,0
9313,7,2,0
9314,1,0,0
9314,2,1,0
9314,3,0,0
9314,3,1,0
9314,4,2,0
9314,5,0,0
9314,5,2,0
9314,6,1,0
9314,6,2,0
9314,7,0,0
9314,7,1,0
9314,7,2,0
9315,1,0,1
9315,2,1,0
9315,3,0,1
9315,3,1,0
9315,4,2,0
9315,5,0,1
9315,5,2,0
9315,6,1,0
9315,6,2,0
9315,7,0,1
9315,7,1,0
9315,7,2,0
9316,1,0,1
9316,2,1,0
9316,3,0,1
9316,3,1,0
9316,4,2,0
9316,5,0,1
9316,5,2,0
9316,6,1,0
9316,6,2,0
9316,7,0,1
9316,7,1,0
9316,7,2,0
9317,1,0,0
9317,2,1,0
9317,3,0,0
9317,3,1,0
9317,4,2,0
9317,5,0,0
9317,5,2,0
9317,6,1,0
9317,6,2,0
9317,7,0,0
9317,7,1,0
9317,7,2,0
9318,1,0,0
9318,2,1,0
9318,3,0,0
9318,3,1,0
9318,4,2,0
9318,5,0,0
9318,5,2,0
9318,6,1,0
9318,6,2,0
9318,7,0,0
9318,7,1,0
9318,7,2,0
9319,1,0,0
9319,2,1,0
9319,3,0,0
9319,3,1,0
9319,4,2,0
9319,5,0,0
9319,5,2,0
9319,6,1,0
9319,6,2,0
9319,7,0,0
9319,7,1,0
9319,7,2,0
9320,1,0,0
9320,2,1,0
9320,3,0,0
9320,3,1,0
9320,4,2,0
9320,5,0,0
9320,5,2,0
9320,6,1,0
9320,6,2,0
9320,7,0,0
9320,7,1,0
9320,7,2,0
9321,1,0,0
9321,2,1,0
9321,3,0,0
9321,3,1,0
9321,4,2,0
9321,5,0,0
9321,5,2,0
9321,6,1,0
9321,6,2,0
9321,7,0,0
9321,7,1,0
9321,7,2,0
9322,1,0,0
9322,2,1,0
9322,3,0,0
9322,3,1,0
9322,4,2,0
9322,5,0,0
9322,5,2,0
9322,6,1,0
9322,6,2,0
9322,7,0,0
9322,7,1,0
9322,7,2,0
9323,1,0,0
9323,2,1,0
9323,3,0,0
9323,3,1,0
9323,4,2,0
9323,5,0,0
9323,5,2,0
9323,6,1,0
9323,6,2,0
9323,7,0,0
9323,7,1,0
9323,7,2,0
9324,1,0,0
9324,2,1,0
9324,3,0,0
9324,3,1,0
9324,4,2,0
9324,5,0,0
9324,5,2,0
9324,6,1,0
9324,6,2,0
9324,7,0,0
9324,7,1,0
9324,7,2,0
9325,1,0,0
9325,2,1,0
9325,3,0,0
9325,3,1,0
9325,4,2,0
9325,5,0,0
9325,5,2,0
9325,6,1,0
9325,6,2,0
9325,7,0,0
9325,7,1,0
9325,7,2,0
9326,1,0,0
9326,2,1,0
9326,3,0,0
9326,3,1,0
9326,4,2,0
9326,5,0,0
9326,5,2,0
9326,6,1,0
9326,6,2,0
9326,7,0,0
9326,7,1,0
9326,7,2,0
9327,1,0,0
9327,2,1,0
9327,3,0,0
9327,3,1,0
9327,4,2,0
9327,5,0,0
9327,5,2,0
9327,6,1,0
9327,6,2,0
9327,7,0,0
9327,7,1,0
9327,7,2,0
9328,1,0,0
9328,2,1,0
9328,3,0,0
9328,3,1,0
9328,4,2,0
9328,5,0,0
9328,5,2,0
9328,6,1,0
9328,6,2,0
9328,7,0,0
9328,7,1,0
9328,7,2,0
9329,1,0,0
9329,2,1,0
9329,3,0,0
9329,3,1,0
9329,4,2,0
9329,5,0,0
9329,5,2,0
9329,6,1,0
9329,6,2,0
9329,7,0,0
9329,7,1,0
9329,7,2,0
9330,1,0,0
9330,2,1,0
9330,3,0,0
9330,3,1,0
9330,4,2,0
9330,5,0,0
9330,5,2,0
9330,6,1,0
9330,6,2,0
9330,7,0,0
9330,7,1,0
9330,7,2,0
9331,1,0,0
9331,2,1,0
9331,3,0,0
9331,3,1,0
9331,4,2,0
9331,5,0,0
9331,5,2,0
9331,6,1,0
9331,6,2,0
9331,7,0,0
9331,7,1,0
9331,7,2,0
9332,1,0,0
9332,2,1,0
9332,3,0,0
9332,3,1,0
9332,4,2,0
9332,5,0,0
9332,5,2,0
9332,6,1,0
9332,6,2,0
9332,7,0,0
9332,7,1,0
9332,7,2,0
9333,1,0,0
9333,2,1,0
9333,3,0,0
9333,3,1,0
9333,4,2,0
9333,5,0,0
9333,5,2,0
9333,6,1,0
9333,6,2,0
9333,7,0,0
9333,7,1,0
9333,7,2,0
9334,1,0,0
9334,2,1,0
9334,3,0,0
9334,3,1,0
9334,4,2,0
9334,5,0,0
9334,5,2,0
9334,6,1,0
9334,6,2,0
9334,7,0,0
9334,7,1,0
9334,7,2,0
9335,1,0,0
9335,2,1,0
9335,3,0,0
9335,3,1,0
9335,4,2,0
9335,5,0,0
9335,5,2,0
9335,6,1,0
9335,6,2,0
9335,7,0,0
9335,7,1,0
9335,7,2,0
9336,1,0,0
9336,2,1,0
9336,3,0,0
9336,3,1,0
9336,4,2,0
9336,5,0,0
9336,5,2,0
9336,6,1,0
9336,6,2,0
9336,7,0,0
9336,7,1,0
9336,7,2,0
9337,1,0,0
9337,2,1,0
9337,3,0,0
9337,3,1,0
9337,4,2,0
9337,5,0,0
9337,5,2,0
9337,6,1,0
9337,6,2,0
9337,7,0,0
9337,7,1,0
9337,7,2,0
9338,1,0,0
9338,2,1,0
9338,3,0,0
9338,3,1,0
9338,4,2,0
9338,5,0,0
9338,5,2,0
9338,6,1,0
9338,6,2,0
9338,7,0,0
9338,7,1,0
9338,7,2,0
9339,1,0,0
9339,2,1,0
9339,3,0,0
9339,3,1,0
9339,4,2,0
9339,5,0,0
9339,5,2,0
9339,6,1,0
9339,6,2,0
9339,7,0,0
9339,7,1,0
9339,7,2,0
9340,1,0,0
9340,2,1,0
9340,3,0,0
9340,3,1,0
9340,4,2,0
9340,5,0,0
9340,5,2,0
9340,6,1,0
9340,6,2,0
9340,7,0,0
9340,7,1,0
9340,7,2,0
9341,1,0,0
9341,2,1,0
9341,3,0,0
9341,3,1,0
9341,4,2,0
9341,5,0,0
9341,5,2,0
9341,6,1,0
9341,6,2,0
9341,7,0,0
9341,7,1,0
9341,7,2,0
9342,1,0,1
9342,2,1,0
9342,3,0,1
9342,3,1,0
9342,4,2,0
9342,5,0,1
9342,5,2,0
9342,6,1,0
9342,6,2,0
9342,7,0,1
9342,7,1,0
9342,7,2,0
9343,1,0,1
9343,2,1,0
9343,3,0,1
9343,3,1,0
9343,4,2,0
9343,5,0,1
9343,5,2,0
9343,6,1,0
9343,6,2,0
9343,7,0,1
9343,7,1,0
9343,7,2,0
9344,1,0,0
9344,2,1,0
9344,3,0,0
9344,3,1,0
9344,4,2,0
9344,5,0,0
9344,5,2,0
9344,6,1,0
9344,6,2,0
9344,7,0,0
9344,7,1,0
9344,7,2,0
9345,1,0,0
9345,2,1,0
9345,3,0,0
9345,3,1,0
9345,4,2,0
9345,5,0,0
9345,5,2,0
9345,6,1,0
9345,6,2,0
9345,7,0,0
9345,7,1,0
9345,7,2,0
9346,1,0,0
9346,2,1,0
9346,3,0,0
9346,3,1,0
9346,4,2,0
9346,5,0,0
9346,5,2,0
9346,6,1,0
9346,6,2,0
9346,7,0,0
9346,7,1,0
9346,7,2,0
9347,1,0,0
9347,2,1,0
9347,3,0,0
9347,3,1,0
9347,4,2,0
9347,5,0,0
9347,5,2,0
9347,6,1,0
9347,6,2,0
9347,7,0,0
9347,7,1,0
9347,7,2,0
9348,1,0,0
9348,2,1,0
9348,3,0,0
9348,3,1,0
9348,4,2,0
9348,5,0,0
9348,5,2,0
9348,6,1,0
9348,6,2,0
9348,7,0,0
9348,7,1,0
9348,7,2,0
9349,1,0,0
9349,2,1,0
9349,3,0,0
9349,3,1,0
9349,4,2,0
9349,5,0,0
9349,5,2,0
9349,6,1,0
9349,6,2,0
9349,7,0,0
9349,7,1,0
9349,7,2,0
9350,1,0,0
9350,2,1,0
9350,3,0,0
9350,3,1,0
9350,4,2,0
9350,5,0,0
9350,5,2,0
9350,6,1,0
9350,6,2,0
9350,7,0,0
9350,7,1,0
9350,7,2,0
9351,1,0,0
9351,2,1,0
9351,3,0,0
9351,3,1,0
9351,4,2,0
9351,5,0,0
9351,5,2,0
9351,6,1,0
9351,6,2,0
9351,7,0,0
9351,7,1,0
9351,7,2,0
9352,1,0,0
9352,2,1,0
9352,3,0,0
9352,3,1,0
9352,4,2,0
9352,5,0,0
9352,5,2,0
9352,6,1,0
9352,6,2,0
9352,7,0,0
9352,7,1,0
9352,7,2,0
9353,1,0,0
9353,2,1,0
9353,3,0,0
9353,3,1,0
9353,4,2,0
9353,5,0,0
9353,5,2,0
9353,6,1,0
9353,6,2,0
9353,7,0,0
9353,7,1,0
9353,7,2,0
9354,1,0,0
9354,2,1,0
9354,3,0,0
9354,3,1,0
9354,4,2,0
9354,5,0,0
9354,5,2,0
9354,6,1,0
9354,6,2,0
9354,7,0,0
9354,7,1,0
9354,7,2,0
9355,1,0,0
9355,2,1,0
9355,3,0,0
9355,3,1,0
9355,4,2,0
9355,5,0,0
9355,5,2,0
9355,6,1,0
9355,6,2,0
9355,7,0,0
9355,7,1,0
9355,7,2,0
9356,1,0,0
9356,2,1,0
9356,3,0,0
9356,3,1,0
9356,4,2,0
9356,5,0,0
9356,5,2,0
9356,6,1,0
9356,6,2,0
9356,7,0,0
9356,7,1,0
9356,7,2,0
9357,1,0,0
9357,2,1,0
9357,3,0,0
9357,3,1,0
9357,4,2,0
9357,5,0,0
9357,5,2,0
9357,6,1,0
9357,6,2,0
9357,7,0,0
9357,7,1,0
9357,7,2,0
9358,1,0,0
9358,2,1,0
9358,3,0,0
9358,3,1,0
9358,4,2,0
9358,5,0,0
9358,5,2,0
9358,6,1,0
9358,6,2,0
9358,7,0,0
9358,7,1,0
9358,7,2,0
9359,1,0,0
9359,2,1,0
9359,3,0,0
9359,3,1,0
9359,4,2,0
9359,5,0,0
9359,5,2,0
9359,6,1,0
9359,6,2,0
9359,7,0,0
9359,7,1,0
9359,7,2,0
9360,1,0,0
9360,2,1,0
9360,3,0,0
9360,3,1,0
9360,4,2,0
9360,5,0,0
9360,5,2,0
9360,6,1,0
9360,6,2,0
9360,7,0,0
9360,7,1,0
9360,7,2,0
9361,1,0,0
9361,2,1,0
9361,3,0,0
9361,3,1,0
9361,4,2,0
9361,5,0,0
9361,5,2,0
9361,6,1,0
9361,6,2,0
9361,7,0,0
9361,7,1,0
9361,7,2,0
9362,1,0,0
9362,2,1,0
9362,3,0,0
9362,3,1,0
9362,4,2,0
9362,5,0,0
9362,5,2,0
9362,6,1,0
9362,6,2,0
9362,7,0,0
9362,7,1,0
9362,7,2,0
9363,1,0,0
9363,2,1,0
9363,3,0,0
9363,3,1,0
9363,4,2,0
9363,5,0,0
9363,5,2,0
9363,6,1,0
9363,6,2,0
9363,7,0,0
9363,7,1,0
9363,7,2,0
9364,1,0,0
9364,2,1,0
9364,3,0,0
9364,3,1,0
9364,4,2,0
9364,5,0,0
9364,5,2,0
9364,6,1,0
9364,6,2,0
9364,7,0,0
9364,7,1,0
9364,7,2,0
9365,1,0,0
9365,2,1,0
9365,3,0,0
9365,3,1,0
9365,4,2,0
9365,5,0,0
9365,5,2,0
9365,6,1,0
9365,6,2,0
9365,7,0,0
9365,7,1,0
9365,7,2,0
9366,1,0,0
9366,2,1,0
9366,3,0,0
9366,3,1,0
9366,4,2,0
9366,5,0,0
9366,5,2,0
9366,6,1,0
9366,6,2,0
9366,7,0,0
9366,7,1,0
9366,7,2,0
9367,1,0,0
9367,2,1,0
9367,3,0,0
9367,3,1,0
9367,4,2,0
9367,5,0,0
9367,5,2,0
9367,6,1,0
9367,6,2,0
9367,7,0,0
9367,7,1,0
9367,7,2,0
9368,1,0,0
9368,2,1,0
9368,3,0,0
9368,3,1,0
9368,4,2,0
9368,5,0,0
9368,5,2,0
9368,6,1,0
9368,6,2,0
9368,7,0,0
9368,7,1,0
9368,7,2,0
9369,1,0,1
9369,2,1,0
9369,3,0,1
9369,3,1,0
9369,4,2,0
9369,5,0,1
9369,5,2,0
9369,6,1,0
9369,6,2,0
9369,7,0,1
9369,7,1,0
9369,7,2,0
9370,1,0,1
9370,2,1,0
9370,3,0,1
9370,3,1,0
9370,4,2,0
9370,5,0,1
9370,5,2,0
9370,6,1,0
9370,6,2,0
9370,7,0,1
9370,7,1,0
9370,7,2,0
9371,1,0,0
9371,2,1,0
9371,3,0,0
9371,3,1,0
9371,4,2,0
9371,5,0,0
9371,5,2,0
9371,6,1,0
9371,6,2,0
9371,7,0,0
9371,7,1,0
9371,7,2,0
9372,1,0,0
9372,2,1,0
9372,3,0,0
9372,3,1,0
9372,4,2,0
9372,5,0,0
9372,5,2,0
9372,6,1,0
9372,6,2,0
9372,7,0,0
9372,7,1,0
9372,7,2,0
9373,1,0,0
9373,2,1,0
9373,3,0,0
9373,3,1,0
9373,4,2,0
9373,5,0,0
9373,5,2,0
9373,6,1,0
9373,6,2,0
9373,7,0,0
9373,7,1,0
9373,7,2,0
9374,1,0,0
9374,2,1,0
9374,3,0,0
9374,3,1,0
9374,4,2,0
9374,5,0,0
9374,5,2,0
9374,6,1,0
9374,6,2,0
9374,7,0,0
9374,7,1,0
9374,7,2,0
9375,1,0,0
9375,2,1,0
9375,3,0,0
9375,3,1,0
9375,4,2,0
9375,5,0,0
9375,5,2,0
9375,6,1,0
9375,6,2,0
9375,7,0,0
9375,7,1,0
9375,7,2,0
9376,1,0,0
9376,2,1,0
9376,3,0,0
9376,3,1,0
9376,4,2,0
9376,5,0,0
9376,5,2,0
9376,6,1,0
9376,6,2,0
9376,7,0,0
9376,7,1,0
9376,7,2,0
9377,1,0,0
9377,2,1,0
9377,3,0,0
9377,3,1,0
9377,4,2,0
9377,5,0,0
9377,5,2,0
9377,6,1,0
9377,6,2,0
9377,7,0,0
9377,7,1,0
9377,7,2,0
9378,1,0,0
9378,2,1,0
9378,3,0,0
9378,3,1,0
9378,4,2,0
9378,5,0,0
9378,5,2,0
9378,6,1,0
9378,6,2,0
9378,7,0,0
9378,7,1,0
9378,7,2,0
9379,1,0,0
9379,2,1,0
9379,3,0,0
9379,3,1,0
9379,4,2,0
9379,5,0,0
9379,5,2,0
9379,6,1,0
9379,6,2,0
9379,7,0,0
9379,7,1,0
9379,7,2,0
9380,1,0,0
9380,2,1,0
9380,3,0,0
9380,3,1,0
9380,4,2,0
9380,5,0,0
9380,5,2,0
9380,6,1,0
9380,6,2,0
9380,7,0,0
9380,7,1,0
9380,7,2,0
9381,1,0,0
9381,2,1,0
9381,3,0,0
9381,3,1,0
9381,4,2,0
9381,5,0,0
9381,5,2,0
9381,6,1,0
9381,6,2,0
9381,7,0,0
9381,7,1,0
9381,7,2,0
9382,1,0,0
9382,2,1,0
9382,3,0,0
9382,3,1,0
9382,4,2,0
9382,5,0,0
9382,5,2,0
9382,6,1,0
9382,6,2,0
9382,7,0,0
9382,7,1,0
9382,7,2,0
9383,1,0,0
9383,2,1,0
9383,3,0,0
9383,3,1,0
9383,4,2,0
9383,5,0,0
9383,5,2,0
9383,6,1,0
9383,6,2,0
9383,7,0,0
9383,7,1,0
9383,7,2,0
9384,1,0,0
9384,2,1,0
9384,3,0,0
9384,3,1,0
9384,4,2,0
9384,5,0,0
9384,5,2,0
9384,6,1,0
9384,6,2,0
9384,7,0,0
9384,7,1,0
9384,7,2,0
9385,1,0,0
9385,2,1,0
9385,3,0,0
9385,3,1,0
9385,4,2,0
9385,5,0,0
9385,5,2,0
9385,6,1,0
9385,6,2,0
9385,7,0,0
9385,7,1,0
9385,7,2,0
9386,1,0,0
9386,2,1,0
9386,3,0,0
9386,3,1,0
9386,4,2,0
9386,5,0,0
9386,5,2,0
9386,6,1,0
9386,6,2,0
9386,7,0,0
9386,7,1,0
9386,7,2,0
9387,1,0,0
9387,2,1,0
9387,3,0,0
9387,3,1,0
9387,4,2,0
9387,5,0,0
9387,5,2,0
9387,6,1,0
9387,6,2,0
9387,7,0,0
9387,7,1,0
9387,7,2,0
9388,1,0,0
9388,2,1,0
9388,3,0,0
9388,3,1,0
9388,4,2,0
9388,5,0,0
9388,5,2,0
9388,6,1,0
9388,6,2,0
9388,7,0,0
9388,7,1,0
9388,7,2,0
9389,1,0,0
9389,2,1,0
9389,3,0,0
9389,3,1,0
9389,4,2,0
9389,5,0,0
9389,5,2,0
9389,6,1,0
9389,6,2,0
9389,7,0,0
9389,7,1,0
9389,7,2,0
9390,1,0,0
9390,2,1,0
9390,3,0,0
9390,3,1,0
9390,4,2,0
9390,5,0,0
9390,5,2,0
9390,6,1,0
9390,6,2,0
9390,7,0,0
9390,7,1,0
9390,7,2,0
9391,1,0,0
9391,2,1,0
9391,3,0,0
9391,3,1,0
9391,4,2,0
9391,5,0,0
9391,5,2,0
9391,6,1,0
9391,6,2,0
9391,7,0,0
9391,7,1,0
9391,7,2,0
9392,1,0,0
9392,2,1,0
9392,3,0,0
9392,3,1,0
9392,4,2,0
9392,5,0,0
9392,5,2,0
9392,6,1,0
9392,6,2,0
9392,7,0,0
9392,7,1,0
9392,7,2,0
9393,1,0,0
9393,2,1,0
9393,3,0,0
9393,3,1,0
9393,4,2,0
9393,5,0,0
9393,5,2,0
9393,6,1,0
9393,6,2,0
9393,7,0,0
9393,7,1,0
9393,7,2,0
9394,1,0,0
9394,2,1,0
9394,3,0,0
9394,3,1,0
9394,4,2,0
9394,5,0,0
9394,5,2,0
9394,6,1,0
9394,6,2,0
9394,7,0,0
9394,7,1,0
9394,7,2,0
9395,1,0,0
9395,2,1,0
9395,3,0,0
9395,3,1,0
9395,4,2,0
9395,5,0,0
9395,5,2,0
9395,6,1,0
9395,6,2,0
9395,7,0,0
9395,7,1,0
9395,7,2,0
9396,1,0,1
9396,2,1,0
9396,3,0,1
9396,3,1,0
9396,4,2,0
9396,5,0,1
9396,5,2,0
9396,6,1,0
9396,6,2,0
9396,7,0,1
9396,7,1,0
9396,7,2,0
9397,1,0,1
9397,2,1,0
9397,3,0,1
9397,3,1,0
9397,4,2,0
9397,5,0,1
9397,5,2,0
9397,6,1,0
9397,6,2,0
9397,7,0,1
9397,7,1,0
9397,7,2,0
9398,1,0,0
9398,2,1,0
9398,3,0,0
9398,3,1,0
9398,4,2,0
9398,5,0,0
9398,5,2,0
9398,6,1,0
9398,6,2,0
9398,7,0,0
9398,7,1,0
9398,7,2,0
9399,1,0,0
9399,2,1,0
9399,3,0,0
9399,3,1,0
9399,4,2,0
9399,5,0,0
9399,5,2,0
9399,6,1,0
9399,6,2,0
9399,7,0,0
9399,7,1,0
9399,7,2,0
9400,1,0,0
9400,2,1,0
9400,3,0,0
9400,3,1,0
9400,4,2,0
9400,5,0,0
9400,5,2,0
9400,6,1,0
9400,6,2,0
9400,7,0,0
9400,7,1,0
9400,7,2,0
9401,1,0,0
9401,2,1,0
9401,3,0,0
9401,3,1,0
9401,4,2,0
9401,5,0,0
9401,5,2,0
9401,6,1,0
9401,6,2,0
9401,7,0,0
9401,7,1,0
9401,7,2,0
9402,1,0,0
9402,2,1,0
9402,3,0,0
9402,3,1,0
9402,4,2,0
9402,5,0,0
9402,5,2,0
9402,6,1,0
9402,6,2,0
9402,7,0,0
9402,7,1,0
9402,7,2,0
9403,1,0,0
9403,2,1,0
9403,3,0,0
9403,3,1,0
9403,4,2,0
9403,5,0,0
9403,5,2,0
9403,6,1,0
9403,6,2,0
9403,7,0,0
9403,7,1,0
9403,7,2,0
9404,1,0,0
9404,2,1,0
9404,3,0,0
9404,3,1,0
9404,4,2,0
9404,5,0,0
9404,5,2,0
9404,6,1,0
9404,6,2,0
9404,7,0,0
9404,7,1,0
9404,7,2,0
9405,1,0,0
9405,2,1,0
9405,3,0,0
9405,3,1,0
9405,4,2,0
9405,5,0,0
9405,5,2,0
9405,6,1,0
9405,6,2,0
9405,7,0,0
9405,7,1,0
9405,7,2,0
9406,1,0,0
9406,2,1,0
9406,3,0,0
9406,3,1,0
9406,4,2,0
9406,5,0,0
9406,5,2,0
9406,6,1,0
9406,6,2,0
9406,7,0,0
9406,7,1,0
9406,7,2,0
9407,1,0,0
9407,2,1,0
9407,3,0,0
9407,3,1,0
9407,4,2,0
9407,5,0,0
9407,5,2,0
9407,6,1,0
9407,6,2,0
9407,7,0,0
9407,7,1,0
9407,7,2,0
9408,1,0,0
9408,2,1,0
9408,3,0,0
9408,3,1,0
9408,4,2,0
9408,5,0,0
9408,5,2,0
9408,6,1,0
9408,6,2,0
9408,7,0,0
9408,7,1,0
9408,7,2,0
9409,1,0,0
9409,2,1,0
9409,3,0,0
9409,3,1,0
9409,4,2,0
9409,5,0,0
9409,5,2,0
9409,6,1,0
9409,6,2,0
9409,7,0,0
9409,7,1,0
9409,7,2,0
9410,1,0,0
9410,2,1,0
9410,3,0,0
9410,3,1,0
9410,4,2,0
9410,5,0,0
9410,5,2,0
9410,6,1,0
9410,6,2,0
9410,7,0,0
9410,7,1,0
9410,7,2,0
9411,1,0,0
9411,2,1,0
9411,3,0,0
9411,3,1,0
9411,4,2,0
9411,5,0,0
9411,5,2,0
9411,6,1,0
9411,6,2,0
9411,7,0,0
9411,7,1,0
9411,7,2,0
9412,1,0,0
9412,2,1,0
9412,3,0,0
9412,3,1,0
9412,4,2,0
9412,5,0,0
9412,5,2,0
9412,6,1,0
9412,6,2,0
9412,7,0,0
9412,7,1,0
9412,7,2,0
9413,1,0,0
9413,2,1,0
9413,3,0,0
9413,3,1,0
9413,4,2,0
9413,5,0,0
9413,5,2,0
9413,6,1,0
9413,6,2,0
9413,7,0,0
9413,7,1,0
9413,7,2,0
9414,1,0,0
9414,2,1,0
9414,3,0,0
9414,3,1,0
9414,4,2,0
9414,5,0,0
9414,5,2,0
9414,6,1,0
9414,6,2,0
9414,7,0,0
9414,7,1,0
9414,7,2,0
9415,1,0,0
9415,2,1,0
9415,3,0,0
9415,3,1,0
9415,4,2,0
9415,5,0,0
9415,5,2,0
9415,6,1,0
9415,6,2,0
9415,7,0,0
9415,7,1,0
9415,7,2,0
9416,1,0,0
9416,2,1,0
9416,3,0,0
9416,3,1,0
9416,4,2,0
9416,5,0,0
9416,5,2,0
9416,6,1,0
9416,6,2,0
9416,7,0,0
9416,7,1,0
9416,7,2,0
9417,1,0,0
9417,2,1,0
9417,3,0,0
9417,3,1,0
9417,4,2,0
9417,5,0,0
9417,5,2,0
9417,6,1,0
9417,6,2,0
9417,7,0,0
9417,7,1,0
9417,7,2,0
9418,1,0,0
9418,2,1,0
9418,3,0,0
9418,3,1,0
9418,4,2,0
9418,5,0,0
9418,5,2,0
9418,6,1,0
9418,6,2,0
9418,7,0,0
9418,7,1,0
9418,7,2,0
9419,1,0,0
9419,2,1,0
9419,3,0,0
9419,3,1,0
9419,4,2,0
9419,5,0,0
9419,5,2,0
9419,6,1,0
9419,6,2,0
9419,7,0,0
9419,7,1,0
9419,7,2,0
9420,1,0,0
9420,2,1,0
9420,3,0,0
9420,3,1,0
9420,4,2,0
9420,5,0,0
9420,5,2,0
9420,6,1,0
9420,6,2,0
9420,7,0,0
9420,7,1,0
9420,7,2,0
9421,1,0,0
9421,2,1,0
9421,3,0,0
9421,3,1,0
9421,4,2,0
9421,5,0,0
9421,5,2,0
9421,6,1,0
9421,6,2,0
9421,7,0,0
9421,7,1,0
9421,7,2,0
9422,1,0,0
9422,2,1,0
9422,3,0,0
9422,3,1,0
9422,4,2,0
9422,5,0,0
9422,5,2,0
9422,6,1,0
9422,6,2,0
9422,7,0,0
9422,7,1,0
9422,7,2,0
9423,1,0,1
9423,2,1,0
9423,3,0,1
9423,3,1,0
9423,4,2,0
9423,5,0,1
9423,5,2,0
9423,6,1,0
9423,6,2,0
9423,7,0,1
9423,7,1,0
9423,7,2,0
9424,1,0,1
9424,2,1,0
9424,3,0,1
9424,3,1,0
9424,4,2,0
9424,5,0,1
9424,5,2,0
9424,6,1,0
9424,6,2,0
9424,7,0,1
9424,7,1,0
9424,7,2,0
9425,1,0,0
9425,2,1,0
9425,3,0,0
9425,3,1,0
9425,4,2,0
9425,5,0,0
9425,5,2,0
9425,6,1,0
9425,6,2,0
9425,7,0,0
9425,7,1,0
9425,7,2,0
9426,1,0,0
9426,2,1,0
9426,3,0,0
9426,3,1,0
9426,4,2,0
9426,5,0,0
9426,5,2,0
9426,6,1,0
9426,6,2,0
9426,7,0,0
9426,7,1,0
9426,7,2,0
9427,1,0,0
9427,2,1,0
9427,3,0,0
9427,3,1,0
9427,4,2,0
9427,5,0,0
9427,5,2,0
9427,6,1,0
9427,6,2,0
9427,7,0,0
9427,7,1,0
9427,7,2,0
9428,1,0,0
9428,2,1,0
9428,3,0,0
9428,3,1,0
9428,4,2,0
9428,5,0,0
9428,5,2,0
9428,6,1,0
9428,6,2,0
9428,7,0,0
9428,7,1,0
9428,7,2,0
9429,1,0,0
9429,2,1,0
9429,3,0,0
9429,3,1,0
9429,4,2,0
9429,5,0,0
9429,5,2,0
9429,6,1,0
9429,6,2,0
9429,7,0,0
9429,7,1,0
9429,7,2,0
9430,1,0,0
9430,2,1,0
9430,3,0,0
9430,3,1,0
9430,4,2,0
9430,5,0,0
9430,5,2,0
9430,6,1,0
9430,6,2,0
9430,7,0,0
9430,7,1,0
9430,7,2,0
9431,1,0,0
9431,2,1,0
9431,3,0,0
9431,3,1,0
9431,4,2,0
9431,5,0,0
9431,5,2,0
9431,6,1,0
9431,6,2,0
9431,7,0,0
9431,7,1,0
9431,7,2,0
9432,1,0,0
9432,2,1,0
9432,3,0,0
9432,3,1,0
9432,4,2,0
9432,5,0,0
9432,5,2,0
9432,6,1,0
9432,6,2,0
9432,7,0,0
9432,7,1,0
9432,7,2,0
9433,1,0,0
9433,2,1,0
9433,3,0,0
9433,3,1,0
9433,4,2,0
9433,5,0,0
9433,5,2,0
9433,6,1,0
9433,6,2,0
9433,7,0,0
9433,7,1,0
9433,7,2,0
9434,1,0,0
9434,2,1,0
9434,3,0,0
9434,3,1,0
9434,4,2,0
9434,5,0,0
9434,5,2,0
9434,6,1,0
9434,6,2,0
9434,7,0,0
9434,7,1,0
9434,7,2,0
9435,1,0,0
9435,2,1,0
9435,3,0,0
9435,3,1,0
9435,4,2,0
9435,5,0,0
9435,5,2,0
9435,6,1,0
9435,6,2,0
9435,7,0,0
9435,7,1,0
9435,7,2,0
9436,1,0,0
9436,2,1,0
9436,3,0,0
9436,3,1,0
9436,4,2,0
9436,5,0,0
9436,5,2,0
9436,6,1,0
9436,6,2,0
9436,7,0,0
9436,7,1,0
9436,7,2,0
9437,1,0,0
9437,2,1,0
9437,3,0,0
9437,3,1,0
9437,4,2,0
9437,5,0,0
9437,5,2,0
9437,6,1,0
9437,6,2,0
9437,7,0,0
9437,7,1,0
9437,7,2,0
9438,1,0,0
9438,2,1,0
9438,3,0,0
9438,3,1,0
9438,4,2,0
9438,5,0,0
9438,5,2,0
9438,6,1,0
9438,6,2,0
9438,7,0,0
9438,7,1,0
9438,7,2,0
9439,1,0,0
9439,2,1,0
9439,3,0,0
9439,3,1,0
9439,4,2,0
9439,5,0,0
9439,5,2,0
9439,6,1,0
9439,6,2,0
9439,7,0,0
9439,7,1,0
9439,7,2,0
9440,1,0,0
9440,2,1,0
9440,3,0,0
9440,3,1,0
9440,4,2,0
9440,5,0,0
9440,5,2,0
9440,6,1,0
9440,6,2,0
9440,7,0,0
9440,7,1,0
9440,7,2,0
9441,1,0,0
9441,2,1,0
9441,3,0,0
9441,3,1,0
9441,4,2,0
9441,5,0,0
9441,5,2,0
9441,6,1,0
9441,6,2,0
9441,7,0,0
9441,7,1,0
9441,7,2,0
9442,1,0,0
9442,2,1,0
9442,3,0,0
9442,3,1,0
9442,4,2,0
9442,5,0,0
9442,5,2,0
9442,6,1,0
9442,6,2,0
9442,7,0,0
9442,7,1,0
9442,7,2,0
9443,1,0,0
9443,2,1,0
9443,3,0,0
9443,3,1,0
9443,4,2,0
9443,5,0,0
9443,5,2,0
9443,6,1,0
9443,6,2,0
9443,7,0,0
9443,7,1,0
9443,7,2,0
9444,1,0,0
9444,2,1,0
9444,3,0,0
9444,3,1,0
9444,4,2,0
9444,5,0,0
9444,5,2,0
9444,6,1,0
9444,6,2,0
9444,7,0,0
9444,7,1,0
9444,7,2,0
9445,1,0,0
9445,2,1,0
9445,3,0,0
9445,3,1,0
9445,4,2,0
9445,5,0,0
9445,5,2,0
9445,6,1,0
9445,6,2,0
9445,7,0,0
9445,7,1,0
9445,7,2,0
9446,1,0,0
9446,2,1,0
9446,3,0,0
9446,3,1,0
9446,4,2,0
9446,5,0,0
9446,5,2,0
9446,6,1,0
9446,6,2,0
9446,7,0,0
9446,7,1,0
9446,7,2,0
9447,1,0,0
9447,2,1,0
9447,3,0,0
9447,3,1,0
9447,4,2,0
9447,5,0,0
9447,5,2,0
9447,6,1,0
9447,6,2,0
9447,7,0,0
9447,7,1,0
9447,7,2,0
9448,1,0,0
9448,2,1,0
9448,3,0,0
9448,3,1,0
9448,4,2,0
9448,5,0,0
9448,5,2,0
9448,6,1,0
9448,6,2,0
9448,7,0,0
9448,7,1,0
9448,7,2,0
9449,1,0,0
9449,2,1,0
9449,3,0,0
9449,3,1,0
9449,4,2,0
9449,5,0,0
9449,5,2,0
9449,6,1,0
9449,6,2,0
9449,7,0,0
9449,7,1,0
9449,7,2,0
9450,1,0,1
9450,2,1,0
9450,3,0,1
9450,3,1,0
9450,4,2,0
9450,5,0,1
9450,5,2,0
9450,6,1,0
9450,6,2,0
9450,7,0,1
9450,7,1,0
9450,7,2,0
9451,1,0,1
9451,2,1,0
9451,3,0,1
9451,3,1,0
9451,4,2,0
9451,5,0,1
9451,5,2,0
9451,6,1,0
9451,6,2,0
9451,7,0,1
9451,7,1,0
9451,7,2,0
9452,1,0,0
9452,2,1,0
9452,3,0,0
9452,3,1,0
9452,4,2,0
9452,5,0,0
9452,5,2,0
9452,6,1,0
9452,6,2,0
9452,7,0,0
9452,7,1,0
9452,7,2,0
9453,1,0,0
9453,2,1,0
9453,3,0,0
9453,3,1,0
9453,4,2,0
9453,5,0,0
9453,5,2,0
9453,6,1,0
9453,6,2,0
9453,7,0,0
9453,7,1,0
9453,7,2,0
9454,1,0,0
9454,2,1,0
9454,3,0,0
9454,3,1,0
9454,4,2,0
9454,5,0,0
9454,5,2,0
9454,6,1,0
9454,6,2,0
9454,7,0,0
9454,7,1,0
9454,7,2,0
9455,1,0,0
9455,2,1,0
9455,3,0,0
9455,3,1,0
9455,4,2,0
9455,5,0,0
9455,5,2,0
9455,6,1,0
9455,6,2,0
9455,7,0,0
9455,7,1,0
9455,7,2,0
9456,1,0,0
9456,2,1,0
9456,3,0,0
9456,3,1,0
9456,4,2,0
9456,5,0,0
9456,5,2,0
9456,6,1,0
9456,6,2,0
9456,7,0,0
9456,7,1,0
9456,7,2,0
9457,1,0,0
9457,2,1,0
9457,3,0,0
9457,3,1,0
9457,4,2,0
9457,5,0,0
9457,5,2,0
9457,6,1,0
9457,6,2,0
9457,7,0,0
9457,7,1,0
9457,7,2,0
9458,1,0,0
9458,2,1,0
9458,3,0,0
9458,3,1,0
9458,4,2,0
9458,5,0,0
9458,5,2,0
9458,6,1,0
9458,6,2,0
9458,7,0,0
9458,7,1,0
9458,7,2,0
9459,1,0,0
9459,2,1,0
9459,3,0,0
9459,3,1,0
9459,4,2,0
9459,5,0,0
9459,5,2,0
9459,6,1,0
9459,6,2,0
9459,7,0,0
9459,7,1,0
9459,7,2,0
9460,1,0,0
9460,2,1,0
9460,3,0,0
9460,3,1,0
9460,4,2,0
9460,5,0,0
9460,5,2,0
9460,6,1,0
9460,6,2,0
9460,7,0,0
9460,7,1,0
9460,7,2,0
9461,1,0,0
9461,2,1,0
9461,3,0,0
9461,3,1,0
9461,4,2,0
9461,5,0,0
9461,5,2,0
9461,6,1,0
9461,6,2,0
9461,7,0,0
9461,7,1,0
9461,7,2,0
9462,1,0,0
9462,2,1,0
9462,3,0,0
9462,3,1,0
9462,4,2,0
9462,5,0,0
9462,5,2,0
9462,6,1,0
9462,6,2,0
9462,7,0,0
9462,7,1,0
9462,7,2,0
9463,1,0,0
9463,2,1,0
9463,3,0,0
9463,3,1,0
9463,4,2,0
9463,5,0,0
9463,5,2,0
9463,6,1,0
9463,6,2,0
9463,7,0,0
9463,7,1,0
9463,7,2,0
9464,1,0,0
9464,2,1,0
9464,3,0,0
9464,3,1,0
9464,4,2,0
9464,5,0,0
9464,5,2,0
9464,6,1,0
9464,6,2,0
9464,7,0,0
9464,7,1,0
9464,7,2,0
9465,1,0,0
9465,2,1,0
9465,3,0,0
9465,3,1,0
9465,4,2,0
9465,5,0,0
9465,5,2,0
9465,6,1,0
9465,6,2,0
9465,7,0,0
9465,7,1,0
9465,7,2,0
9466,1,0,0
9466,2,1,0
9466,3,0,0
9466,3,1,0
9466,4,2,0
9466,5,0,0
9466,5,2,0
9466,6,1,0
9466,6,2,0
9466,7,0,0
9466,7,1,0
9466,7,2,0
9467,1,0,0
9467,2,1,0
9467,3,0,0
9467,3,1,0
9467,4,2,0
9467,5,0,0
9467,5,2,0
9467,6,1,0
9467,6,2,0
9467,7,0,0
9467,7,1,0
9467,7,2,0
9468,1,0,0
9468,2,1,0
9468,3,0,0
9468,3,1,0
9468,4,2,0
9468,5,0,0
9468,5,2,0
9468,6,1,0
9468,6,2,0
9468,7,0,0
9468,7,1,0
9468,7,2,0
9469,1,0,0
9469,2,1,0
9469,3,0,0
9469,3,1,0
9469,4,2,0
9469,5,0,0
9469,5,2,0
9469,6,1,0
9469,6,2,0
9469,7,0,0
9469,7,1,0
9469,7,2,0
9470,1,0,0
9470,2,1,0
9470,3,0,0
9470,3,1,0
9470,4,2,0
9470,5,0,0
9470,5,2,0
9470,6,1,0
9470,6,2,0
9470,7,0,0
9470,7,1,0
9470,7,2,0
9471,1,0,0
9471,2,1,0
9471,3,0,0
9471,3,1,0
9471,4,2,0
9471,5,0,0
9471,5,2,0
9471,6,1,0
9471,6,2,0
9471,7,0,0
9471,7,1,0
9471,7,2,0
9472,1,0,0
9472,2,1,0
9472,3,0,0
9472,3,1,0
9472,4,2,0
9472,5,0,0
9472,5,2,0
9472,6,1,0
9472,6,2,0
9472,7,0,0
9472,7,1,0
9472,7,2,0
9473,1,0,0
9473,2,1,0
9473,3,0,0
9473,3,1,0
9473,4,2,0
9473,5,0,0
9473,5,2,0
9473,6,1,0
9473,6,2,0
9473,7,0,0
9473,7,1,0
9473,7,2,0
9474,1,0,0
9474,2,1,0
9474,3,0,0
9474,3,1,0
9474,4,2,0
9474,5,0,0
9474,5,2,0
9474,6,1,0
9474,6,2,0
9474,7,0,0
9474,7,1,0
9474,7,2,0
9475,1,0,0
9475,2,1,0
9475,3,0,0
9475,3,1,0
9475,4,2,0
9475,5,0,0
9475,5,2,0
9475,6,1,0
9475,6,2,0
9475,7,0,0
9475,7,1,0
9475,7,2,0
9476,1,0,0
9476,2,1,0
9476,3,0,0
9476,3,1,0
9476,4,2,0
9476,5,0,0
9476,5,2,0
9476,6,1,0
9476,6,2,0
9476,7,0,0
9476,7,1,0
9476,7,2,0
9477,1,0,1
9477,2,1,1
9477,3,0,1
9477,3,1,1
9477,4,2,1
9477,5,0,1
9477,5,2,1
9477,6,1,1
9477,6,2,1
9477,7,0,1
9477,7,1,1
9477,7,2,1
9478,1,0,1
9478,2,1,1
9478,3,0,1
9478,3,1,1
9478,4,2,1
9478,5,0,1
9478,5,2,1
9478,6,1,1
9478,6,2,1
9478,7,0,1
9478,7,1,1
9478,7,2,1
9479,1,0,0
9479,2,1,1
9479,3,0,0
9479,3,1,1
9479,4,2,0
9479,5,0,0
9479,5,2,0
9479,6,1,1
9479,6,2,0
9479,7,0,0
9479,7,1,1
9479,7,2,0
9480,1,0,1
9480,2,1,1
9480,3,0,1
9480,3,1,1
9480,4,2,1
9480,5,0,1
9480,5,2,1
9480,6,1,1
9480,6,2,1
9480,7,0,1
9480,7,1,1
9480,7,2,1
9481,1,0,1
9481,2,1,1
9481,3,0,1
9481,3,1,1
9481,4,2,1
9481,5,0,1
9481,5,2,1
9481,6,1,1
9481,6,2,1
9481,7,0,1
9481,7,1,1
9481,7,2,1
9482,1,0,0
9482,2,1,1
9482,3,0,0
9482,3,1,1
9482,4,2,0
9482,5,0,0
9482,5,2,0
9482,6,1,1
9482,6,2,0
9482,7,0,0
9482,7,1,1
9482,7,2,0
9483,1,0,1
9483,2,1,1
9483,3,0,1
9483,3,1,1
9483,4,2,1
9483,5,0,1
9483,5,2,1
9483,6,1,1
9483,6,2,1
9483,7,0,1
9483,7,1,1
9483,7,2,1
9484,1,0,1
9484,2,1,1
9484,3,0,1
9484,3,1,1
9484,4,2,1
9484,5,0,1
9484,5,2,1
9484,6,1,1
9484,6,2,1
9484,7,0,1
9484,7,1,1
9484,7,2,1
9485,1,0,0
9485,2,1,1
9485,3,0,0
9485,3,1,1
9485,4,2,0
9485,5,0,0
9485,5,2,0
9485,6,1,1
9485,6,2,0
9485,7,0,0
9485,7,1,1
9485,7,2,0
9486,1,0,1
9486,2,1,1
9486,3,0,1
9486,3,1,1
9486,4,2,1
9486,5,0,1
9486,5,2,1
9486,6,1,1
9486,6,2,1
9486,7,0,1
9486,7,1,1
9486,7,2,1
9487,1,0,1
9487,2,1,1
9487,3,0,1
9487,3,1,1
9487,4,2,1
9487,5,0,1
9487,5,2,1
9487,6,1,1
9487,6,2,1
9487,7,0,1
9487,7,1,1
9487,7,2,1
9488,1,0,0
9488,2,1,1
9488,3,0,0
9488,3,1,1
9488,4,2,0
9488,5,0,0
9488,5,2,0
9488,6,1,1
9488,6,2,0
9488,7,0,0
9488,7,1,1
9488,7,2,0
9489,1,0,1
9489,2,1,1
9489,3,0,1
9489,3,1,1
9489,4,2,1
9489,5,0,1
9489,5,2,1
9489,6,1,1
9489,6,2,1
9489,7,0,1
9489,7,1,1
9489,7,2,1
9490,1,0,1
9490,2,1,1
9490,3,0,1
9490,3,1,1
9490,4,2,1
9490,5,0,1
9490,5,2,1
9490,6,1,1
9490,6,2,1
9490,7,0,1
9490,7,1,1
9490,7,2,1
9491,1,0,0
9491,2,1,1
9491,3,0,0
9491,3,1,1
9491,4,2,0
9491,5,0,0
9491,5,2,0
9491,6,1,1
9491,6,2,0
9491,7,0,0
9491,7,1,1
9491,7,2,0
9492,1,0,1
9492,2,1,1
9492,3,0,1
9492,3,1,1
9492,4,2,1
9492,5,0,1
9492,5,2,1
9492,6,1,1
9492,6,2,1
9492,7,0,1
9492,7,1,1
9492,7,2,1
9493,1,0,1
9493,2,1,1
9493,3,0,1
9493,3,1,1
9493,4,2,1
9493,5,0,1
9493,5,2,1
9493,6,1,1
9493,6,2,1
9493,7,0,1
9493,7,1,1
9493,7,2,1
9494,1,0,0
9494,2,1,1
9494,3,0,0
9494,3,1,1
9494,4,2,0
9494,5,0,0
9494,5,2,0
9494,6,1,1
9494,6,2,0
9494,7,0,0
9494,7,1,1
9494,7,2,0
9495,1,0,0
9495,2,1,1
9495,3,0,0
9495,3,1,1
9495,4,2,0
9495,5,0,0
9495,5,2,0
9495,6,1,1
9495,6,2,0
9495,7,0,0
9495,7,1,1
9495,7,2,0
9496,1,0,0
9496,2,1,1
9496,3,0,0
9496,3,1,1
9496,4,2,0
9496,5,0,0
9496,5,2,0
9496,6,1,1
9496,6,2,0
9496,7,0,0
9496,7,1,1
9496,7,2,0
9497,1,0,0
9497,2,1,1
9497,3,0,0
9497,3,1,1
9497,4,2,0
9497,5,0,0
9497,5,2,0
9497,6,1,1
9497,6,2,0
9497,7,0,0
9497,7,1,1
9497,7,2,0
9498,1,0,0
9498,2,1,1
9498,3,0,0
9498,3,1,1
9498,4,2,0
9498,5,0,0
9498,5,2,0
9498,6,1,1
9498,6,2,0
9498,7,0,0
9498,7,1,1
9498,7,2,0
9499,1,0,0
9499,2,1,1
9499,3,0,0
9499,3,1,1
9499,4,2,0
9499,5,0,0
9499,5,2,0
9499,6,1,1
9499,6,2,0
9499,7,0,0
9499,7,1,1
9499,7,2,0
9500,1,0,0
9500,2,1,1
9500,3,0,0
9500,3,1,1
9500,4,2,0
9500,5,0,0
9500,5,2,0
9500,6,1,1
9500,6,2,0
9500,7,0,0
9500,7,1,1
9500,7,2,0
9501,1,0,0
9501,2,1,1
9501,3,0,0
9501,3,1,1
9501,4,2,0
9501,5,0,0
9501,5,2,0
9501,6,1,1
9501,6,2,0
9501,7,0,0
9501,7,1,1
9501,7,2,0
9502,1,0,0
9502,2,1,1
9502,3,0,0
9502,3,1,1
9502,4,2,0
9502,5,0,0
9502,5,2,0
9502,6,1,1
9502,6,2,0
9502,7,0,0
9502,7,1,1
9502,7,2,0
9503,1,0,0
9503,2,1,1
9503,3,0,0
9503,3,1,1
9503,4,2,0
9503,5,0,0
9503,5,2,0
9503,6,1,1
9503,6,2,0
9503,7,0,0
9503,7,1,1
9503,7,2,0
9504,1,0,1
9504,2,1,1
9504,3,0,1
9504,3,1,1
9504,4,2,1
9504,5,0,1
9504,5,2,1
9504,6,1,1
9504,6,2,1
9504,7,0,1
9504,7,1,1
9504,7,2,1
9505,1,0,1
9505,2,1,1
9505,3,0,1
9505,3,1,1
9505,4,2,1
9505,5,0,1
9505,5,2,1
9505,6,1,1
9505,6,2,1
9505,7,0,1
9505,7,1,1
9505,7,2,1
9506,1,0,0
9506,2,1,0
9506,3,0,0
9506,3,1,0
9506,4,2,0
9506,5,0,0
9506,5,2,0
9506,6,1,0
9506,6,2,0
9506,7,0,0
9506,7,1,0
9506,7,2,0
9507,1,0,1
9507,2,1,1
9507,3,0,1
9507,3,1,1
9507,4,2,1
9507,5,0,1
9507,5,2,1
9507,6,1,1
9507,6,2,1
9507,7,0,1
9507,7,1,1
9507,7,2,1
9508,1,0,1
9508,2,1,1
9508,3,0,1
9508,3,1,1
9508,4,2,1
9508,5,0,1
9508,5,2,1
9508,6,1,1
9508,6,2,1
9508,7,0,1
9508,7,1,1
9508,7,2,1
9509,1,0,0
9509,2,1,0
9509,3,0,0
9509,3,1,0
9509,4,2,0
9509,5,0,0
9509,5,2,0
9509,6,1,0
9509,6,2,0
9509,7,0,0
9509,7,1,0
9509,7,2,0
9510,1,0,0
9510,2,1,0
9510,3,0,0
9510,3,1,0
9510,4,2,0
9510,5,0,0
9510,5,2,0
9510,6,1,0
9510,6,2,0
9510,7,0,0
9510,7,1,0
9510,7,2,0
9511,1,0,0
9511,2,1,0
9511,3,0,0
9511,3,1,0
9511,4,2,0
9511,5,0,0
9511,5,2,0
9511,6,1,0
9511,6,2,0
9511,7,0,0
9511,7,1,0
9511,7,2,0
9512,1,0,0
9512,2,1,0
9512,3,0,0
9512,3,1,0
9512,4,2,0
9512,5,0,0
9512,5,2,0
9512,6,1,0
9512,6,2,0
9512,7,0,0
9512,7,1,0
9512,7,2,0
9513,1,0,1
9513,2,1,1
9513,3,0,1
9513,3,1,1
9513,4,2,1
9513,5,0,1
9513,5,2,1
9513,6,1,1
9513,6,2,1
9513,7,0,1
9513,7,1,1
9513,7,2,1
9514,1,0,1
9514,2,1,1
9514,3,0,1
9514,3,1,1
9514,4,2,1
9514,5,0,1
9514,5,2,1
9514,6,1,1
9514,6,2,1
9514,7,0,1
9514,7,1,1
9514,7,2,1
9515,1,0,0
9515,2,1,0
9515,3,0,0
9515,3,1,0
9515,4,2,0
9515,5,0,0
9515,5,2,0
9515,6,1,0
9515,6,2,0
9515,7,0,0
9515,7,1,0
9515,7,2,0
9516,1,0,1
9516,2,1,1
9516,3,0,1
9516,3,1,1
9516,4,2,1
9516,5,0,1
9516,5,2,1
9516,6,1,1
9516,6,2,1
9516,7,0,1
9516,7,1,1
9516,7,2,1
9517,1,0,1
9517,2,1,1
9517,3,0,1
9517,3,1,1
9517,4,2,1
9517,5,0,1
9517,5,2,1
9517,6,1,1
9517,6,2,1
9517,7,0,1
9517,7,1,1
9517,7,2,1
9518,1,0,0
9518,2,1,0
9518,3,0,0
9518,3,1,0
9518,4,2,0
9518,5,0,0
9518,5,2,0
9518,6,1,0
9518,6,2,0
9518,7,0,0
9518,7,1,0
9518,7,2,0
9519,1,0,0
9519,2,1,0
9519,3,0,0
9519,3,1,0
9519,4,2,0
9519,5,0,0
9519,5,2,0
9519,6,1,0
9519,6,2,0
9519,7,0,0
9519,7,1,0
9519,7,2,0
9520,1,0,0
9520,2,1,0
9520,3,0,0
9520,3,1,0
9520,4,2,0
9520,5,0,0
9520,5,2,0
9520,6,1,0
9520,6,2,0
9520,7,0,0
9520,7,1,0
9520,7,2,0
9521,1,0,0
9521,2,1,0
9521,3,0,0
9521,3,1,0
9521,4,2,0
9521,5,0,0
9521,5,2,0
9521,6,1,0
9521,6,2,0
9521,7,0,0
9521,7,1,0
9521,7,2,0
9522,1,0,0
9522,2,1,0
9522,3,0,0
9522,3,1,0
9522,4,2,0
9522,5,0,0
9522,5,2,0
9522,6,1,0
9522,6,2,0
9522,7,0,0
9522,7,1,0
9522,7,2,0
9523,1,0,0
9523,2,1,0
9523,3,0,0
9523,3,1,0
9523,4,2,0
9523,5,0,0
9523,5,2,0
9523,6,1,0
9523,6,2,0
9523,7,0,0
9523,7,1,0
9523,7,2,0
9524,1,0,0
9524,2,1,0
9524,3,0,0
9524,3,1,0
9524,4,2,0
9524,5,0,0
9524,5,2,0
9524,6,1,0
9524,6,2,0
9524,7,0,0
9524,7,1,0
9524,7,2,0
9525,1,0,0
9525,2,1,0
9525,3,0,0
9525,3,1,0
9525,4,2,0
9525,5,0,0
9525,5,2,0
9525,6,1,0
9525,6,2,0
9525,7,0,0
9525,7,1,0
9525,7,2,0
9526,1,0,0
9526,2,1,0
9526,3,0,0
9526,3,1,0
9526,4,2,0
9526,5,0,0
9526,5,2,0
9526,6,1,0
9526,6,2,0
9526,7,0,0
9526,7,1,0
9526,7,2,0
9527,1,0,0
9527,2,1,0
9527,3,0,0
9527,3,1,0
9527,4,2,0
9527,5,0,0
9527,5,2,0
9527,6,1,0
9527,6,2,0
9527,7,0,0
9527,7,1,0
9527,7,2,0
9528,1,0,0
9528,2,1,0
9528,3,0,0
9528,3,1,0
9528,4,2,0
9528,5,0,0
9528,5,2,0
9528,6,1,0
9528,6,2,0
9528,7,0,0
9528,7,1,0
9528,7,2,0
9529,1,0,0
9529,2,1,0
9529,3,0,0
9529,3,1,0
9529,4,2,0
9529,5,0,0
9529,5,2,0
9529,6,1,0
9529,6,2,0
9529,7,0,0
9529,7,1,0
9529,7,2,0
9530,1,0,0
9530,2,1,0
9530,3,0,0
9530,3,1,0
9530,4,2,0
9530,5,0,0
9530,5,2,0
9530,6,1,0
9530,6,2,0
9530,7,0,0
9530,7,1,0
9530,7,2,0
9531,1,0,1
9531,2,1,1
9531,3,0,1
9531,3,1,1
9531,4,2,1
9531,5,0,1
9531,5,2,1
9531,6,1,1
9531,6,2,1
9531,7,0,1
9531,7,1,1
9531,7,2,1
9532,1,0,1
9532,2,1,1
9532,3,0,1
9532,3,1,1
9532,4,2,1
9532,5,0,1
9532,5,2,1
9532,6,1,1
9532,6,2,1
9532,7,0,1
9532,7,1,1
9532,7,2,1
9533,1,0,0
9533,2,1,0
9533,3,0,0
9533,3,1,0
9533,4,2,0
9533,5,0,0
9533,5,2,0
9533,6,1,0
9533,6,2,0
9533,7,0,0
9533,7,1,0
9533,7,2,0
9534,1,0,0
9534,2,1,0
9534,3,0,0
9534,3,1,0
9534,4,2,0
9534,5,0,0
9534,5,2,0
9534,6,1,0
9534,6,2,0
9534,7,0,0
9534,7,1,0
9534,7,2,0
9535,1,0,0
9535,2,1,0
9535,3,0,0
9535,3,1,0
9535,4,2,0
9535,5,0,0
9535,5,2,0
9535,6,1,0
9535,6,2,0
9535,7,0,0
9535,7,1,0
9535,7,2,0
9536,1,0,0
9536,2,1,0
9536,3,0,0
9536,3,1,0
9536,4,2,0
9536,5,0,0
9536,5,2,0
9536,6,1,0
9536,6,2,0
9536,7,0,0
9536,7,1,0
9536,7,2,0
9537,1,0,0
9537,2,1,0
9537,3,0,0
9537,3,1,0
9537,4,2,0
9537,5,0,0
9537,5,2,0
9537,6,1,0
9537,6,2,0
9537,7,0,0
9537,7,1,0
9537,7,2,0
9538,1,0,0
9538,2,1,0
9538,3,0,0
9538,3,1,0
9538,4,2,0
9538,5,0,0
9538,5,2,0
9538,6,1,0
9538,6,2,0
9538,7,0,0
9538,7,1,0
9538,7,2,0
9539,1,0,0
9539,2,1,0
9539,3,0,0
9539,3,1,0
9539,4,2,0
9539,5,0,0
9539,5,2,0
9539,6,1,0
9539,6,2,0
9539,7,0,0
9539,7,1,0
9539,7,2,0
9540,1,0,0
9540,2,1,0
9540,3,0,0
9540,3,1,0
9540,4,2,0
9540,5,0,0
9540,5,2,0
9540,6,1,0
9540,6,2,0
9540,7,0,0
9540,7,1,0
9540,7,2,0
9541,1,0,0
9541,2,1,0
9541,3,0,0
9541,3,1,0
9541,4,2,0
9541,5,0,0
9541,5,2,0
9541,6,1,0
9541,6,2,0
9541,7,0,0
9541,7,1,0
9541,7,2,0
9542,1,0,0
9542,2,1,0
9542,3,0,0
9542,3,1,0
9542,4,2,0
9542,5,0,0
9542,5,2,0
9542,6,1,0
9542,6,2,0
9542,7,0,0
9542,7,1,0
9542,7,2,0
9543,1,0,0
9543,2,1,0
9543,3,0,0
9543,3,1,0
9543,4,2,0
9543,5,0,0
9543,5,2,0
9543,6,1,0
9543,6,2,0
9543,7,0,0
9543,7,1,0
9543,7,2,0
9544,1,0,0
9544,2,1,0
9544,3,0,0
9544,3,1,0
9544,4,2,0
9544,5,0,0
9544,5,2,0
9544,6,1,0
9544,6,2,0
9544,7,0,0
9544,7,1,0
9544,7,2,0
9545,1,0,0
9545,2,1,0
9545,3,0,0
9545,3,1,0
9545,4,2,0
9545,5,0,0
9545,5,2,0
9545,6,1,0
9545,6,2,0
9545,7,0,0
9545,7,1,0
9545,7,2,0
9546,1,0,0
9546,2,1,0
9546,3,0,0
9546,3,1,0
9546,4,2,0
9546,5,0,0
9546,5,2,0
9546,6,1,0
9546,6,2,0
9546,7,0,0
9546,7,1,0
9546,7,2,0
9547,1,0,0
9547,2,1,0
9547,3,0,0
9547,3,1,0
9547,4,2,0
9547,5,0,0
9547,5,2,0
9547,6,1,0
9547,6,2,0
9547,7,0,0
9547,7,1,0
9547,7,2,0
9548,1,0,0
9548,2,1,0
9548,3,0,0
9548,3,1,0
9548,4,2,0
9548,5,0,0
9548,5,2,0
9548,6,1,0
9548,6,2,0
9548,7,0,0
9548,7,1,0
9548,7,2,0
9549,1,0,0
9549,2,1,0
9549,3,0,0
9549,3,1,0
9549,4,2,0
9549,5,0,0
9549,5,2,0
9549,6,1,0
9549,6,2,0
9549,7,0,0
9549,7,1,0
9549,7,2,0
9550,1,0,0
9550,2,1,0
9550,3,0,0
9550,3,1,0
9550,4,2,0
9550,5,0,0
9550,5,2,0
9550,6,1,0
9550,6,2,0
9550,7,0,0
9550,7,1,0
9550,7,2,0
9551,1,0,0
9551,2,1,0
9551,3,0,0
9551,3,1,0
9551,4,2,0
9551,5,0,0
9551,5,2,0
9551,6,1,0
9551,6,2,0
9551,7,0,0
9551,7,1,0
9551,7,2,0
9552,1,0,0
9552,2,1,0
9552,3,0,0
9552,3,1,0
9552,4,2,0
9552,5,0,0
9552,5,2,0
9552,6,1,0
9552,6,2,0
9552,7,0,0
9552,7,1,0
9552,7,2,0
9553,1,0,0
9553,2,1,0
9553,3,0,0
9553,3,1,0
9553,4,2,0
9553,5,0,0
9553,5,2,0
9553,6,1,0
9553,6,2,0
9553,7,0,0
9553,7,1,0
9553,7,2,0
9554,1,0,0
9554,2,1,0
9554,3,0,0
9554,3,1,0
9554,4,2,0
9554,5,0,0
9554,5,2,0
9554,6,1,0
9554,6,2,0
9554,7,0,0
9554,7,1,0
9554,7,2,0
9555,1,0,0
9555,2,1,0
9555,3,0,0
9555,3,1,0
9555,4,2,0
9555,5,0,0
9555,5,2,0
9555,6,1,0
9555,6,2,0
9555,7,0,0
9555,7,1,0
9555,7,2,0
9556,1,0,0
9556,2,1,0
9556,3,0,0
9556,3,1,0
9556,4,2,0
9556,5,0,0
9556,5,2,0
9556,6,1,0
9556,6,2,0
9556,7,0,0
9556,7,1,0
9556,7,2,0
9557,1,0,0
9557,2,1,0
9557,3,0,0
9557,3,1,0
9557,4,2,0
9557,5,0,0
9557,5,2,0
9557,6,1,0
9557,6,2,0
9557,7,0,0
9557,7,1,0
9557,7,2,0
9558,1,0,1
9558,2,1,1
9558,3,0,1
9558,3,1,1
9558,4,2,1
9558,5,0,1
9558,5,2,1
9558,6,1,1
9558,6,2,1
9558,7,0,1
9558,7,1,1
9558,7,2,1
9559,1,0,1
9559,2,1,1
9559,3,0,1
9559,3,1,1
9559,4,2,1
9559,5,0,1
9559,5,2,1
9559,6,1,1
9559,6,2,1
9559,7,0,1
9559,7,1,1
9559,7,2,1
9560,1,0,0
9560,2,1,1
9560,3,0,0
9560,3,1,1
9560,4,2,0
9560,5,0,0
9560,5,2,0
9560,6,1,1
9560,6,2,0
9560,7,0,0
9560,7,1,1
9560,7,2,0
9561,1,0,1
9561,2,1,1
9561,3,0,1
9561,3,1,1
9561,4,2,1
9561,5,0,1
9561,5,2,1
9561,6,1,1
9561,6,2,1
9561,7,0,1
9561,7,1,1
9561,7,2,1
9562,1,0,1
9562,2,1,1
9562,3,0,1
9562,3,1,1
9562,4,2,1
9562,5,0,1
9562,5,2,1
9562,6,1,1
9562,6,2,1
9562,7,0,1
9562,7,1,1
9562,7,2,1
9563,1,0,0
9563,2,1,1
9563,3,0,0
9563,3,1,1
9563,4,2,0
9563,5,0,0
9563,5,2,0
9563,6,1,1
9563,6,2,0
9563,7,0,0
9563,7,1,1
9563,7,2,0
9564,1,0,1
9564,2,1,1
9564,3,0,1
9564,3,1,1
9564,4,2,1
9564,5,0,1
9564,5,2,1
9564,6,1,1
9564,6,2,1
9564,7,0,1
9564,7,1,1
9564,7,2,1
9565,1,0,1
9565,2,1,1
9565,3,0,1
9565,3,1,1
9565,4,2,1
9565,5,0,1
9565,5,2,1
9565,6,1,1
9565,6,2,1
9565,7,0,1
9565,7,1,1
9565,7,2,1
9566,1,0,0
9566,2,1,1
9566,3,0,0
9566,3,1,1
9566,4,2,0
9566,5,0,0
9566,5,2,0
9566,6,1,1
9566,6,2,0
9566,7,0,0
9566,7,1,1
9566,7,2,0
9567,1,0,1
9567,2,1,1
9567,3,0,1
9567,3,1,1
9567,4,2,1
9567,5,0,1
9567,5,2,1
9567,6,1,1
9567,6,2,1
9567,7,0,1
9567,7,1,1
9567,7,2,1
9568,1,0,1
9568,2,1,1
9568,3,0,1
9568,3,1,1
9568,4,2,1
9568,5,0,1
9568,5,2,1
9568,6,1,1
9568,6,2,1
9568,7,0,1
9568,7,1,1
9568,7,2,1
9569,1,0,0
9569,2,1,1
9569,3,0,0
9569,3,1,1
9569,4,2,0
9569,5,0,0
9569,5,2,0
9569,6,1,1
9569,6,2,0
9569,7,0,0
9569,7,1,1
9569,7,2,0
9570,1,0,1
9570,2,1,1
9570,3,0,1
9570,3,1,1
9570,4,2,1
9570,5,0,1
9570,5,2,1
9570,6,1,1
9570,6,2,1
9570,7,0,1
9570,7,1,1
9570,7,2,1
9571,1,0,1
9571,2,1,1
9571,3,0,1
9571,3,1,1
9571,4,2,1
9571,5,0,1
9571,5,2,1
9571,6,1,1
9571,6,2,1
9571,7,0,1
9571,7,1,1
9571,7,2,1
9572,1,0,0
9572,2,1,1
9572,3,0,0
9572,3,1,1
9572,4,2,0
9572,5,0,0
9572,5,2,0
9572,6,1,1
9572,6,2,0
9572,7,0,0
9572,7,1,1
9572,7,2,0
9573,1,0,1
9573,2,1,1
9573,3,0,1
9573,3,1,1
9573,4,2,1
9573,5,0,1
9573,5,2,1
9573,6,1,1
9573,6,2,1
9573,7,0,1
9573,7,1,1
9573,7,2,1
9574,1,0,1
9574,2,1,1
9574,3,0,1
9574,3,1,1
9574,4,2,1
9574,5,0,1
9574,5,2,1
9574,6,1,1
9574,6,2,1
9574,7,0,1
9574,7,1,1
9574,7,2,1
9575,1,0,0
9575,2,1,1
9575,3,0,0
9575,3,1,1
9575,4,2,0
9575,5,0,0
9575,5,2,0
9575,6,1,1
9575,6,2,0
9575,7,0,0
9575,7,1,1
9575,7,2,0
9576,1,0,0
9576,2,1,1
9576,3,0,0
9576,3,1,1
9576,4,2,0
9576,5,0,0
9576,5,2,0
9576,6,1,1
9576,6,2,0
9576,7,0,0
9576,7,1,1
9576,7,2,0
9577,1,0,0
9577,2,1,1
9577,3,0,0
9577,3,1,1
9577,4,2,0
9577,5,0,0
9577,5,2,0
9577,6,1,1
9577,6,2,0
9577,7,0,0
9577,7,1,1
9577,7,2,0
9578,1,0,0
9578,2,1,1
9578,3,0,0
9578,3,1,1
9578,4,2,0
9578,5,0,0
9578,5,2,0
9578,6,1,1
9578,6,2,0
9578,7,0,0
9578,7,1,1
9578,7,2,0
9579,1,0,0
9579,2,1,1
9579,3,0,0
9579,3,1,1
9579,4,2,0
9579,5,0,0
9579,5,2,0
9579,6,1,1
9579,6,2,0
9579,7,0,0
9579,7,1,1
9579,7,2,0
9580,1,0,0
9580,2,1,1
9580,3,0,0
9580,3,1,1
9580,4,2,0
9580,5,0,0
9580,5,2,0
9580,6,1,1
9580,6,2,0
9580,7,0,0
9580,7,1,1
9580,7,2,0
9581,1,0,0
9581,2,1,1
9581,3,0,0
9581,3,1,1
9581,4,2,0
9581,5,0,0
9581,5,2,0
9581,6,1,1
9581,6,2,0
9581,7,0,0
9581,7,1,1
9581,7,2,0
9582,1,0,0
9582,2,1,1
9582,3,0,0
9582,3,1,1
9582,4,2,0
9582,5,0,0
9582,5,2,0
9582,6,1,1
9582,6,2,0
9582,7,0,0
9582,7,1,1
9582,7,2,0
9583,1,0,0
9583,2,1,1
9583,3,0,0
9583,3,1,1
9583,4,2,0
9583,5,0,0
9583,5,2,0
9583,6,1,1
9583,6,2,0
9583,7,0,0
9583,7,1,1
9583,7,2,0
9584,1,0,0
9584,2,1,1
9584,3,0,0
9584,3,1,1
9584,4,2,0
9584,5,0,0
9584,5,2,0
9584,6,1,1
9584,6,2,0
9584,7,0,0
9584,7,1,1
9584,7,2,0
9585,1,0,1
9585,2,1,1
9585,3,0,1
9585,3,1,1
9585,4,2,1
9585,5,0,1
9585,5,2,1
9585,6,1,1
9585,6,2,1
9585,7,0,1
9585,7,1,1
9585,7,2,1
9586,1,0,1
9586,2,1,1
9586,3,0,1
9586,3,1,1
9586,4,2,1
9586,5,0,1
9586,5,2,1
9586,6,1,1
9586,6,2,1
9586,7,0,1
9586,7,1,1
9586,7,2,1
9587,1,0,0
9587,2,1,0
9587,3,0,0
9587,3,1,0
9587,4,2,0
9587,5,0,0
9587,5,2,0
9587,6,1,0
9587,6,2,0
9587,7,0,0
9587,7,1,0
9587,7,2,0
9588,1,0,1
9588,2,1,1
9588,3,0,1
9588,3,1,1
9588,4,2,1
9588,5,0,1
9588,5,2,1
9588,6,1,1
9588,6,2,1
9588,7,0,1
9588,7,1,1
9588,7,2,1
9589,1,0,1
9589,2,1,1
9589,3,0,1
9589,3,1,1
9589,4,2,1
9589,5,0,1
9589,5,2,1
9589,6,1,1
9589,6,2,1
9589,7,0,1
9589,7,1,1
9589,7,2,1
9590,1,0,0
9590,2,1,0
9590,3,0,0
9590,3,1,0
9590,4,2,0
9590,5,0,0
9590,5,2,0
9590,6,1,0
9590,6,2,0
9590,7,0,0
9590,7,1,0
9590,7,2,0
9591,1,0,0
9591,2,1,0
9591,3,0,0
9591,3,1,0
9591,4,2,0
9591,5,0,0
9591,5,2,0
9591,6,1,0
9591,6,2,0
9591,7,0,0
9591,7,1,0
9591,7,2,0
9592,1,0,0
9592,2,1,0
9592,3,0,0
9592,3,1,0
9592,4,2,0
9592,5,0,0
9592,5,2,0
9592,6,1,0
9592,6,2,0
9592,7,0,0
9592,7,1,0
9592,7,2,0
9593,1,0,0
9593,2,1,0
9593,3,0,0
9593,3,1,0
9593,4,2,0
9593,5,0,0
9593,5,2,0
9593,6,1,0
9593,6,2,0
9593,7,0,0
9593,7,1,0
9593,7,2,0
9594,1,0,1
9594,2,1,1
9594,3,0,1
9594,3,1,1
9594,4,2,1
9594,5,0,1
9594,5,2,1
9594,6,1,1
9594,6,2,1
9594,7,0,1
9594,7,1,1
9594,7,2,1
9595,1,0,1
9595,2,1,1
9595,3,0,1
9595,3,1,1
9595,4,2,1
9595,5,0,1
9595,5,2,1
9595,6,1,1
9595,6,2,1
9595,7,0,1
9595,7,1,1
9595,7,2,1
9596,1,0,0
9596,2,1,0
9596,3,0,0
9596,3,1,0
9596,4,2,0
9596,5,0,0
9596,5,2,0
9596,6,1,0
9596,6,2,0
9596,7,0,0
9596,7,1,0
9596,7,2,0
9597,1,0,1
9597,2,1,1
9597,3,0,1
9597,3,1,1
9597,4,2,1
9597,5,0,1
9597,5,2,1
9597,6,1,1
9597,6,2,1
9597,7,0,1
9597,7,1,1
9597,7,2,1
9598,1,0,1
9598,2,1,1
9598,3,0,1
9598,3,1,1
9598,4,2,1
9598,5,0,1
9598,5,2,1
9598,6,1,1
9598,6,2,1
9598,7,0,1
9598,7,1,1
9598,7,2,1
9599,1,0,0
9599,2,1,0
9599,3,0,0
9599,3,1,0
9599,4,2,0
9599,5,0,0
9599,5,2,0
9599,6,1,0
9599,6,2,0
9599,7,0,0
9599,7,1,0
9599,7,2,0
9600,1,0,0
9600,2,1,0
9600,3,0,0
9600,3,1,0
9600,4,2,0
9600,5,0,0
9600,5,2,0
9600,6,1,0
9600,6,2,0
9600,7,0,0
9600,7,1,0
9600,7,2,0
9601,1,0,0
9601,2,1,0
9601,3,0,0
9601,3,1,0
9601,4,2,0
9601,5,0,0
9601,5,2,0
9601,6,1,0
9601,6,2,0
9601,7,0,0
9601,7,1,0
9601,7,2,0
9602,1,0,0
9602,2,1,0
9602,3,0,0
9602,3,1,0
9602,4,2,0
9602,5,0,0
9602,5,2,0
9602,6,1,0
9602,6,2,0
9602,7,0,0
9602,7,1,0
9602,7,2,0
9603,1,0,0
9603,2,1,0
9603,3,0,0
9603,3,1,0
9603,4,2,0
9603,5,0,0
9603,5,2,0
9603,6,1,0
9603,6,2,0
9603,7,0,0
9603,7,1,0
9603,7,2,0
9604,1,0,0
9604,2,1,0
9604,3,0,0
9604,3,1,0
9604,4,2,0
9604,5,0,0
9604,5,2,0
9604,6,1,0
9604,6,2,0
9604,7,0,0
9604,7,1,0
9604,7,2,0
9605,1,0,0
9605,2,1,0
9605,3,0,0
9605,3,1,0
9605,4,2,0
9605,5,0,0
9605,5,2,0
9605,6,1,0
9605,6,2,0
9605,7,0,0
9605,7,1,0
9605,7,2,0
9606,1,0,0
9606,2,1,0
9606,3,0,0
9606,3,1,0
9606,4,2,0
9606,5,0,0
9606,5,2,0
9606,6,1,0
9606,6,2,0
9606,7,0,0
9606,7,1,0
9606,7,2,0
9607,1,0,0
9607,2,1,0
9607,3,0,0
9607,3,1,0
9607,4,2,0
9607,5,0,0
9607,5,2,0
9607,6,1,0
9607,6,2,0
9607,7,0,0
9607,7,1,0
9607,7,2,0
9608,1,0,0
9608,2,1,0
9608,3,0,0
9608,3,1,0
9608,4,2,0
9608,5,0,0
9608,5,2,0
9608,6,1,0
9608,6,2,0
9608,7,0,0
9608,7,1,0
9608,7,2,0
9609,1,0,0
9609,2,1,0
9609,3,0,0
9609,3,1,0
9609,4,2,0
9609,5,0,0
9609,5,2,0
9609,6,1,0
9609,6,2,0
9609,7,0,0
9609,7,1,0
9609,7,2,0
9610,1,0,0
9610,2,1,0
9610,3,0,0
9610,3,1,0
9610,4,2,0
9610,5,0,0
9610,5,2,0
9610,6,1,0
9610,6,2,0
9610,7,0,0
9610,7,1,0
9610,7,2,0
9611,1,0,0
9611,2,1,0
9611,3,0,0
9611,3,1,0
9611,4,2,0
9611,5,0,0
9611,5,2,0
9611,6,1,0
9611,6,2,0
9611,7,0,0
9611,7,1,0
9611,7,2,0
9612,1,0,1
9612,2,1,1
9612,3,0,1
9612,3,1,1
9612,4,2,1
9612,5,0,1
9612,5,2,1
9612,6,1,1
9612,6,2,1
9612,7,0,1
9612,7,1,1
9612,7,2,1
9613,1,0,1
9613,2,1,1
9613,3,0,1
9613,3,1,1
9613,4,2,1
9613,5,0,1
9613,5,2,1
9613,6,1,1
9613,6,2,1
9613,7,0,1
9613,7,1,1
9613,7,2,1
9614,1,0,0
9614,2,1,0
9614,3,0,0
9614,3,1,0
9614,4,2,0
9614,5,0,0
9614,5,2,0
9614,6,1,0
9614,6,2,0
9614,7,0,0
9614,7,1,0
9614,7,2,0
9615,1,0,0
9615,2,1,0
9615,3,0,0
9615,3,1,0
9615,4,2,0
9615,5,0,0
9615,5,2,0
9615,6,1,0
9615,6,2,0
9615,7,0,0
9615,7,1,0
9615,7,2,0
9616,1,0,0
9616,2,1,0
9616,3,0,0
9616,3,1,0
9616,4,2,0
9616,5,0,0
9616,5,2,0
9616,6,1,0
9616,6,2,0
9616,7,0,0
9616,7,1,0
9616,7,2,0
9617,1,0,0
9617,2,1,0
9617,3,0,0
9617,3,1,0
9617,4,2,0
9617,5,0,0
9617,5,2,0
9617,6,1,0
9617,6,2,0
9617,7,0,0
9617,7,1,0
9617,7,2,0
9618,1,0,0
9618,2,1,0
9618,3,0,0
9618,3,1,0
9618,4,2,0
9618,5,0,0
9618,5,2,0
9618,6,1,0
9618,6,2,0
9618,7,0,0
9618,7,1,0
9618,7,2,0
9619,1,0,0
9619,2,1,0
9619,3,0,0
9619,3,1,0
9619,4,2,0
9619,5,0,0
9619,5,2,0
9619,6,1,0
9619,6,2,0
9619,7,0,0
9619,7,1,0
9619,7,2,0
9620,1,0,0
9620,2,1,0
9620,3,0,0
9620,3,1,0
9620,4,2,0
9620,5,0,0
9620,5,2,0
9620,6,1,0
9620,6,2,0
9620,7,0,0
9620,7,1,0
9620,7,2,0
9621,1,0,0
9621,2,1,0
9621,3,0,0
9621,3,1,0
9621,4,2,0
9621,5,0,0
9621,5,2,0
9621,6,1,0
9621,6,2,0
9621,7,0,0
9621,7,1,0
9621,7,2,0
9622,1,0,0
9622,2,1,0
9622,3,0,0
9622,3,1,0
9622,4,2,0
9622,5,0,0
9622,5,2,0
9622,6,1,0
9622,6,2,0
9622,7,0,0
9622,7,1,0
9622,7,2,0
9623,1,0,0
9623,2,1,0
9623,3,0,0
9623,3,1,0
9623,4,2,0
9623,5,0,0
9623,5,2,0
9623,6,1,0
9623,6,2,0
9623,7,0,0
9623,7,1,0
9623,7,2,0
9624,1,0,0
9624,2,1,0
9624,3,0,0
9624,3,1,0
9624,4,2,0
9624,5,0,0
9624,5,2,0
9624,6,1,0
9624,6,2,0
9624,7,0,0
9624,7,1,0
9624,7,2,0
9625,1,0,0
9625,2,1,0
9625,3,0,0
9625,3,1,0
9625,4,2,0
9625,5,0,0
9625,5,2,0
9625,6,1,0
9625,6,2,0
9625,7,0,0
9625,7,1,0
9625,7,2,0
9626,1,0,0
9626,2,1,0
9626,3,0,0
9626,3,1,0
9626,4,2,0
9626,5,0,0
9626,5,2,0
9626,6,1,0
9626,6,2,0
9626,7,0,0
9626,7,1,0
9626,7,2,0
9627,1,0,0
9627,2,1,0
9627,3,0,0
9627,3,1,0
9627,4,2,0
9627,5,0,0
9627,5,2,0
9627,6,1,0
9627,6,2,0
9627,7,0,0
9627,7,1,0
9627,7,2,0
9628,1,0,0
9628,2,1,0
9628,3,0,0
9628,3,1,0
9628,4,2,0
9628,5,0,0
9628,5,2,0
9628,6,1,0
9628,6,2,0
9628,7,0,0
9628,7,1,0
9628,7,2,0
9629,1,0,0
9629,2,1,0
9629,3,0,0
9629,3,1,0
9629,4,2,0
9629,5,0,0
9629,5,2,0
9629,6,1,0
9629,6,2,0
9629,7,0,0
9629,7,1,0
9629,7,2,0
9630,1,0,0
9630,2,1,0
9630,3,0,0
9630,3,1,0
9630,4,2,0
9630,5,0,0
9630,5,2,0
9630,6,1,0
9630,6,2,0
9630,7,0,0
9630,7,1,0
9630,7,2,0
9631,1,0,0
9631,2,1,0
9631,3,0,0
9631,3,1,0
9631,4,2,0
9631,5,0,0
9631,5,2,0
9631,6,1,0
9631,6,2,0
9631,7,0,0
9631,7,1,0
9631,7,2,0
9632,1,0,0
9632,2,1,0
9632,3,0,0
9632,3,1,0
9632,4,2,0
9632,5,0,0
9632,5,2,0
9632,6,1,0
9632,6,2,0
9632,7,0,0
9632,7,1,0
9632,7,2,0
9633,1,0,0
9633,2,1,0
9633,3,0,0
9633,3,1,0
9633,4,2,0
9633,5,0,0
9633,5,2,0
9633,6,1,0
9633,6,2,0
9633,7,0,0
9633,7,1,0
9633,7,2,0
9634,1,0,0
9634,2,1,0
9634,3,0,0
9634,3,1,0
9634,4,2,0
9634,5,0,0
9634,5,2,0
9634,6,1,0
9634,6,2,0
9634,7,0,0
9634,7,1,0
9634,7,2,0
9635,1,0,0
9635,2,1,0
9635,3,0,0
9635,3,1,0
9635,4,2,0
9635,5,0,0
9635,5,2,0
9635,6,1,0
9635,6,2,0
9635,7,0,0
9635,7,1,0
9635,7,2,0
9636,1,0,0
9636,2,1,0
9636,3,0,0
9636,3,1,0
9636,4,2,0
9636,5,0,0
9636,5,2,0
9636,6,1,0
9636,6,2,0
9636,7,0,0
9636,7,1,0
9636,7,2,0
9637,1,0,0
9637,2,1,0
9637,3,0,0
9637,3,1,0
9637,4,2,0
9637,5,0,0
9637,5,2,0
9637,6,1,0
9637,6,2,0
9637,7,0,0
9637,7,1,0
9637,7,2,0
9638,1,0,0
9638,2,1,0
9638,3,0,0
9638,3,1,0
9638,4,2,0
9638,5,0,0
9638,5,2,0
9638,6,1,0
9638,6,2,0
9638,7,0,0
9638,7,1,0
9638,7,2,0
9639,1,0,1
9639,2,1,0
9639,3,0,1
9639,3,1,0
9639,4,2,0
9639,5,0,1
9639,5,2,0
9639,6,1,0
9639,6,2,0
9639,7,0,1
9639,7,1,0
9639,7,2,0
9640,1,0,1
9640,2,1,0
9640,3,0,1
9640,3,1,0
9640,4,2,0
9640,5,0,1
9640,5,2,0
9640,6,1,0
9640,6,2,0
9640,7,0,1
9640,7,1,0
9640,7,2,0
9641,1,0,0
9641,2,1,0
9641,3,0,0
9641,3,1,0
9641,4,2,0
9641,5,0,0
9641,5,2,0
9641,6,1,0
9641,6,2,0
9641,7,0,0
9641,7,1,0
9641,7,2,0
9642,1,0,0
9642,2,1,0
9642,3,0,0
9642,3,1,0
9642,4,2,0
9642,5,0,0
9642,5,2,0
9642,6,1,0
9642,6,2,0
9642,7,0,0
9642,7,1,0
9642,7,2,0
9643,1,0,0
9643,2,1,0
9643,3,0,0
9643,3,1,0
9643,4,2,0
9643,5,0,0
9643,5,2,0
9643,6,1,0
9643,6,2,0
9643,7,0,0
9643,7,1,0
9643,7,2,0
9644,1,0,0
9644,2,1,0
9644,3,0,0
9644,3,1,0
9644,4,2,0
9644,5,0,0
9644,5,2,0
9644,6,1,0
9644,6,2,0
9644,7,0,0
9644,7,1,0
9644,7,2,0
9645,1,0,0
9645,2,1,0
9645,3,0,0
9645,3,1,0
9645,4,2,0
9645,5,0,0
9645,5,2,0
9645,6,1,0
9645,6,2,0
9645,7,0,0
9645,7,1,0
9645,7,2,0
9646,1,0,0
9646,2,1,0
9646,3,0,0
9646,3,1,0
9646,4,2,0
9646,5,0,0
9646,5,2,0
9646,6,1,0
9646,6,2,0
9646,7,0,0
9646,7,1,0
9646,7,2,0
9647,1,0,0
9647,2,1,0
9647,3,0,0
9647,3,1,0
9647,4,2,0
9647,5,0,0
9647,5,2,0
9647,6,1,0
9647,6,2,0
9647,7,0,0
9647,7,1,0
9647,7,2,0
9648,1,0,0
9648,2,1,0
9648,3,0,0
9648,3,1,0
9648,4,2,0
9648,5,0,0
9648,5,2,0
9648,6,1,0
9648,6,2,0
9648,7,0,0
9648,7,1,0
9648,7,2,0
9649,1,0,0
9649,2,1,0
9649,3,0,0
9649,3,1,0
9649,4,2,0
9649,5,0,0
9649,5,2,0
9649,6,1,0
9649,6,2,0
9649,7,0,0
9649,7,1,0
9649,7,2,0
9650,1,0,0
9650,2,1,0
9650,3,0,0
9650,3,1,0
9650,4,2,0
9650,5,0,0
9650,5,2,0
9650,6,1,0
9650,6,2,0
9650,7,0,0
9650,7,1,0
9650,7,2,0
9651,1,0,0
9651,2,1,0
9651,3,0,0
9651,3,1,0
9651,4,2,0
9651,5,0,0
9651,5,2,0
9651,6,1,0
9651,6,2,0
9651,7,0,0
9651,7,1,0
9651,7,2,0
9652,1,0,0
9652,2,1,0
9652,3,0,0
9652,3,1,0
9652,4,2,0
9652,5,0,0
9652,5,2,0
9652,6,1,0
9652,6,2,0
9652,7,0,0
9652,7,1,0
9652,7,2,0
9653,1,0,0
9653,2,1,0
9653,3,0,0
9653,3,1,0
9653,4,2,0
9653,5,0,0
9653,5,2,0
9653,6,1,0
9653,6,2,0
9653,7,0,0
9653,7,1,0
9653,7,2,0
9654,1,0,0
9654,2,1,0
9654,3,0,0
9654,3,1,0
9654,4,2,0
9654,5,0,0
9654,5,2,0
9654,6,1,0
9654,6,2,0
9654,7,0,0
9654,7,1,0
9654,7,2,0
9655,1,0,0
9655,2,1,0
9655,3,0,0
9655,3,1,0
9655,4,2,0
9655,5,0,0
9655,5,2,0
9655,6,1,0
9655,6,2,0
9655,7,0,0
9655,7,1,0
9655,7,2,0
9656,1,0,0
9656,2,1,0
9656,3,0,0
9656,3,1,0
9656,4,2,0
9656,5,0,0
9656,5,2,0
9656,6,1,0
9656,6,2,0
9656,7,0,0
9656,7,1,0
9656,7,2,0
9657,1,0,0
9657,2,1,0
9657,3,0,0
9657,3,1,0
9657,4,2,0
9657,5,0,0
9657,5,2,0
9657,6,1,0
9657,6,2,0
9657,7,0,0
9657,7,1,0
9657,7,2,0
9658,1,0,0
9658,2,1,0
9658,3,0,0
9658,3,1,0
9658,4,2,0
9658,5,0,0
9658,5,2,0
9658,6,1,0
9658,6,2,0
9658,7,0,0
9658,7,1,0
9658,7,2,0
9659,1,0,0
9659,2,1,0
9659,3,0,0
9659,3,1,0
9659,4,2,0
9659,5,0,0
9659,5,2,0
9659,6,1,0
9659,6,2,0
9659,7,0,0
9659,7,1,0
9659,7,2,0
9660,1,0,0
9660,2,1,0
9660,3,0,0
9660,3,1,0
9660,4,2,0
9660,5,0,0
9660,5,2,0
9660,6,1,0
9660,6,2,0
9660,7,0,0
9660,7,1,0
9660,7,2,0
9661,1,0,0
9661,2,1,0
9661,3,0,0
9661,3,1,0
9661,4,2,0
9661,5,0,0
9661,5,2,0
9661,6,1,0
9661,6,2,0
9661,7,0,0
9661,7,1,0
9661,7,2,0
9662,1,0,0
9662,2,1,0
9662,3,0,0
9662,3,1,0
9662,4,2,0
9662,5,0,0
9662,5,2,0
9662,6,1,0
9662,6,2,0
9662,7,0,0
9662,7,1,0
9662,7,2,0
9663,1,0,0
9663,2,1,0
9663,3,0,0
9663,3,1,0
9663,4,2,0
9663,5,0,0
9663,5,2,0
9663,6,1,0
9663,6,2,0
9663,7,0,0
9663,7,1,0
9663,7,2,0
9664,1,0,0
9664,2,1,0
9664,3,0,0
9664,3,1,0
9664,4,2,0
9664,5,0,0
9664,5,2,0
9664,6,1,0
9664,6,2,0
9664,7,0,0
9664,7,1,0
9664,7,2,0
9665,1,0,0
9665,2,1,0
9665,3,0,0
9665,3,1,0
9665,4,2,0
9665,5,0,0
9665,5,2,0
9665,6,1,0
9665,6,2,0
9665,7,0,0
9665,7,1,0
9665,7,2,0
9666,1,0,1
9666,2,1,0
9666,3,0,1
9666,3,1,0
9666,4,2,0
9666,5,0,1
9666,5,2,0
9666,6,1,0
9666,6,2,0
9666,7,0,1
9666,7,1,0
9666,7,2,0
9667,1,0,1
9667,2,1,0
9667,3,0,1
9667,3,1,0
9667,4,2,0
9667,5,0,1
9667,5,2,0
9667,6,1,0
9667,6,2,0
9667,7,0,1
9667,7,1,0
9667,7,2,0
9668,1,0,0
9668,2,1,0
9668,3,0,0
9668,3,1,0
9668,4,2,0
9668,5,0,0
9668,5,2,0
9668,6,1,0
9668,6,2,0
9668,7,0,0
9668,7,1,0
9668,7,2,0
9669,1,0,0
9669,2,1,0
9669,3,0,0
9669,3,1,0
9669,4,2,0
9669,5,0,0
9669,5,2,0
9669,6,1,0
9669,6,2,0
9669,7,0,0
9669,7,1,0
9669,7,2,0
9670,1,0,0
9670,2,1,0
9670,3,0,0
9670,3,1,0
9670,4,2,0
9670,5,0,0
9670,5,2,0
9670,6,1,0
9670,6,2,0
9670,7,0,0
9670,7,1,0
9670,7,2,0
9671,1,0,0
9671,2,1,0
9671,3,0,0
9671,3,1,0
9671,4,2,0
9671,5,0,0
9671,5,2,0
9671,6,1,0
9671,6,2,0
9671,7,0,0
9671,7,1,0
9671,7,2,0
9672,1,0,0
9672,2,1,0
9672,3,0,0
9672,3,1,0
9672,4,2,0
9672,5,0,0
9672,5,2,0
9672,6,1,0
9672,6,2,0
9672,7,0,0
9672,7,1,0
9672,7,2,0
9673,1,0,0
9673,2,1,0
9673,3,0,0
9673,3,1,0
9673,4,2,0
9673,5,0,0
9673,5,2,0
9673,6,1,0
9673,6,2,0
9673,7,0,0
9673,7,1,0
9673,7,2,0
9674,1,0,0
9674,2,1,0
9674,3,0,0
9674,3,1,0
9674,4,2,0
9674,5,0,0
9674,5,2,0
9674,6,1,0
9674,6,2,0
9674,7,0,0
9674,7,1,0
9674,7,2,0
9675,1,0,0
9675,2,1,0
9675,3,0,0
9675,3,1,0
9675,4,2,0
9675,5,0,0
9675,5,2,0
9675,6,1,0
9675,6,2,0
9675,7,0,0
9675,7,1,0
9675,7,2,0
9676,1,0,0
9676,2,1,0
9676,3,0,0
9676,3,1,0
9676,4,2,0
9676,5,0,0
9676,5,2,0
9676,6,1,0
9676,6,2,0
9676,7,0,0
9676,7,1,0
9676,7,2,0
9677,1,0,0
9677,2,1,0
9677,3,0,0
9677,3,1,0
9677,4,2,0
9677,5,0,0
9677,5,2,0
9677,6,1,0
9677,6,2,0
9677,7,0,0
9677,7,1,0
9677,7,2,0
9678,1,0,0
9678,2,1,0
9678,3,0,0
9678,3,1,0
9678,4,2,0
9678,5,0,0
9678,5,2,0
9678,6,1,0
9678,6,2,0
9678,7,0,0
9678,7,1,0
9678,7,2,0
9679,1,0,0
9679,2,1,0
9679,3,0,0
9679,3,1,0
9679,4,2,0
9679,5,0,0
9679,5,2,0
9679,6,1,0
9679,6,2,0
9679,7,0,0
9679,7,1,0
9679,7,2,0
9680,1,0,0
9680,2,1,0
9680,3,0,0
9680,3,1,0
9680,4,2,0
9680,5,0,0
9680,5,2,0
9680,6,1,0
9680,6,2,0
9680,7,0,0
9680,7,1,0
9680,7,2,0
9681,1,0,0
9681,2,1,0
9681,3,0,0
9681,3,1,0
9681,4,2,0
9681,5,0,0
9681,5,2,0
9681,6,1,0
9681,6,2,0
9681,7,0,0
9681,7,1,0
9681,7,2,0
9682,1,0,0
9682,2,1,0
9682,3,0,0
9682,3,1,0
9682,4,2,0
9682,5,0,0
9682,5,2,0
9682,6,1,0
9682,6,2,0
9682,7,0,0
9682,7,1,0
9682,7,2,0
9683,1,0,0
9683,2,1,0
9683,3,0,0
9683,3,1,0
9683,4,2,0
9683,5,0,0
9683,5,2,0
9683,6,1,0
9683,6,2,0
9683,7,0,0
9683,7,1,0
9683,7,2,0
9684,1,0,0
9684,2,1,0
9684,3,0,0
9684,3,1,0
9684,4,2,0
9684,5,0,0
9684,5,2,0
9684,6,1,0
9684,6,2,0
9684,7,0,0
9684,7,1,0
9684,7,2,0
9685,1,0,0
9685,2,1,0
9685,3,0,0
9685,3,1,0
9685,4,2,0
9685,5,0,0
9685,5,2,0
9685,6,1,0
9685,6,2,0
9685,7,0,0
9685,7,1,0
9685,7,2,0
9686,1,0,0
9686,2,1,0
9686,3,0,0
9686,3,1,0
9686,4,2,0
9686,5,0,0
9686,5,2,0
9686,6,1,0
9686,6,2,0
9686,7,0,0
9686,7,1,0
9686,7,2,0
9687,1,0,0
9687,2,1,0
9687,3,0,0
9687,3,1,0
9687,4,2,0
9687,5,0,0
9687,5,2,0
9687,6,1,0
9687,6,2,0
9687,7,0,0
9687,7,1,0
9687,7,2,0
9688,1,0,0
9688,2,1,0
9688,3,0,0
9688,3,1,0
9688,4,2,0
9688,5,0,0
9688,5,2,0
9688,6,1,0
9688,6,2,0
9688,7,0,0
9688,7,1,0
9688,7,2,0
9689,1,0,0
9689,2,1,0
9689,3,0,0
9689,3,1,0
9689,4,2,0
9689,5,0,0
9689,5,2,0
9689,6,1,0
9689,6,2,0
9689,7,0,0
9689,7,1,0
9689,7,2,0
9690,1,0,0
9690,2,1,0
9690,3,0,0
9690,3,1,0
9690,4,2,0
9690,5,0,0
9690,5,2,0
9690,6,1,0
9690,6,2,0
9690,7,0,0
9690,7,1,0
9690,7,2,0
9691,1,0,0
9691,2,1,0
9691,3,0,0
9691,3,1,0
9691,4,2,0
9691,5,0,0
9691,5,2,0
9691,6,1,0
9691,6,2,0
9691,7,0,0
9691,7,1,0
9691,7,2,0
9692,1,0,0
9692,2,1,0
9692,3,0,0
9692,3,1,0
9692,4,2,0
9692,5,0,0
9692,5,2,0
9692,6,1,0
9692,6,2,0
9692,7,0,0
9692,7,1,0
9692,7,2,0
9693,1,0,1
9693,2,1,0
9693,3,0,1
9693,3,1,0
9693,4,2,0
9693,5,0,1
9693,5,2,0
9693,6,1,0
9693,6,2,0
9693,7,0,1
9693,7,1,0
9693,7,2,0
9694,1,0,1
9694,2,1,0
9694,3,0,1
9694,3,1,0
9694,4,2,0
9694,5,0,1
9694,5,2,0
9694,6,1,0
9694,6,2,0
9694,7,0,1
9694,7,1,0
9694,7,2,0
9695,1,0,0
9695,2,1,0
9695,3,0,0
9695,3,1,0
9695,4,2,0
9695,5,0,0
9695,5,2,0
9695,6,1,0
9695,6,2,0
9695,7,0,0
9695,7,1,0
9695,7,2,0
9696,1,0,0
9696,2,1,0
9696,3,0,0
9696,3,1,0
9696,4,2,0
9696,5,0,0
9696,5,2,0
9696,6,1,0
9696,6,2,0
9696,7,0,0
9696,7,1,0
9696,7,2,0
9697,1,0,0
9697,2,1,0
9697,3,0,0
9697,3,1,0
9697,4,2,0
9697,5,0,0
9697,5,2,0
9697,6,1,0
9697,6,2,0
9697,7,0,0
9697,7,1,0
9697,7,2,0
9698,1,0,0
9698,2,1,0
9698,3,0,0
9698,3,1,0
9698,4,2,0
9698,5,0,0
9698,5,2,0
9698,6,1,0
9698,6,2,0
9698,7,0,0
9698,7,1,0
9698,7,2,0
9699,1,0,0
9699,2,1,0
9699,3,0,0
9699,3,1,0
9699,4,2,0
9699,5,0,0
9699,5,2,0
9699,6,1,0
9699,6,2,0
9699,7,0,0
9699,7,1,0
9699,7,2,0
9700,1,0,0
9700,2,1,0
9700,3,0,0
9700,3,1,0
9700,4,2,0
9700,5,0,0
9700,5,2,0
9700,6,1,0
9700,6,2,0
9700,7,0,0
9700,7,1,0
9700,7,2,0
9701,1,0,0
9701,2,1,0
9701,3,0,0
9701,3,1,0
9701,4,2,0
9701,5,0,0
9701,5,2,0
9701,6,1,0
9701,6,2,0
9701,7,0,0
9701,7,1,0
9701,7,2,0
9702,1,0,0
9702,2,1,0
9702,3,0,0
9702,3,1,0
9702,4,2,0
9702,5,0,0
9702,5,2,0
9702,6,1,0
9702,6,2,0
9702,7,0,0
9702,7,1,0
9702,7,2,0
9703,1,0,0
9703,2,1,0
9703,3,0,0
9703,3,1,0
9703,4,2,0
9703,5,0,0
9703,5,2,0
9703,6,1,0
9703,6,2,0
9703,7,0,0
9703,7,1,0
9703,7,2,0
9704,1,0,0
9704,2,1,0
9704,3,0,0
9704,3,1,0
9704,4,2,0
9704,5,0,0
9704,5,2,0
9704,6,1,0
9704,6,2,0
9704,7,0,0
9704,7,1,0
9704,7,2,0
9705,1,0,0
9705,2,1,0
9705,3,0,0
9705,3,1,0
9705,4,2,0
9705,5,0,0
9705,5,2,0
9705,6,1,0
9705,6,2,0
9705,7,0,0
9705,7,1,0
9705,7,2,0
9706,1,0,0
9706,2,1,0
9706,3,0,0
9706,3,1,0
9706,4,2,0
9706,5,0,0
9706,5,2,0
9706,6,1,0
9706,6,2,0
9706,7,0,0
9706,7,1,0
9706,7,2,0
9707,1,0,0
9707,2,1,0
9707,3,0,0
9707,3,1,0
9707,4,2,0
9707,5,0,0
9707,5,2,0
9707,6,1,0
9707,6,2,0
9707,7,0,0
9707,7,1,0
9707,7,2,0
9708,1,0,0
9708,2,1,0
9708,3,0,0
9708,3,1,0
9708,4,2,0
9708,5,0,0
9708,5,2,0
9708,6,1,0
9708,6,2,0
9708,7,0,0
9708,7,1,0
9708,7,2,0
9709,1,0,0
9709,2,1,0
9709,3,0,0
9709,3,1,0
9709,4,2,0
9709,5,0,0
9709,5,2,0
9709,6,1,0
9709,6,2,0
9709,7,0,0
9709,7,1,0
9709,7,2,0
9710,1,0,0
9710,2,1,0
9710,3,0,0
9710,3,1,0
9710,4,2,0
9710,5,0,0
9710,5,2,0
9710,6,1,0
9710,6,2,0
9710,7,0,0
9710,7,1,0
9710,7,2,0
9711,1,0,0
9711,2,1,0
9711,3,0,0
9711,3,1,0
9711,4,2,0
9711,5,0,0
9711,5,2,0
9711,6,1,0
9711,6,2,0
9711,7,0,0
9711,7,1,0
9711,7,2,0
9712,1,0,0
9712,2,1,0
9712,3,0,0
9712,3,1,0
9712,4,2,0
9712,5,0,0
9712,5,2,0
9712,6,1,0
9712,6,2,0
9712,7,0,0
9712,7,1,0
9712,7,2,0
9713,1,0,0
9713,2,1,0
9713,3,0,0
9713,3,1,0
9713,4,2,0
9713,5,0,0
9713,5,2,0
9713,6,1,0
9713,6,2,0
9713,7,0,0
9713,7,1,0
9713,7,2,0
9714,1,0,0
9714,2,1,0
9714,3,0,0
9714,3,1,0
9714,4,2,0
9714,5,0,0
9714,5,2,0
9714,6,1,0
9714,6,2,0
9714,7,0,0
9714,7,1,0
9714,7,2,0
9715,1,0,0
9715,2,1,0
9715,3,0,0
9715,3,1,0
9715,4,2,0
9715,5,0,0
9715,5,2,0
9715,6,1,0
9715,6,2,0
9715,7,0,0
9715,7,1,0
9715,7,2,0
9716,1,0,0
9716,2,1,0
9716,3,0,0
9716,3,1,0
9716,4,2,0
9716,5,0,0
9716,5,2,0
9716,6,1,0
9716,6,2,0
9716,7,0,0
9716,7,1,0
9716,7,2,0
9717,1,0,0
9717,2,1,0
9717,3,0,0
9717,3,1,0
9717,4,2,0
9717,5,0,0
9717,5,2,0
9717,6,1,0
9717,6,2,0
9717,7,0,0
9717,7,1,0
9717,7,2,0
9718,1,0,0
9718,2,1,0
9718,3,0,0
9718,3,1,0
9718,4,2,0
9718,5,0,0
9718,5,2,0
9718,6,1,0
9718,6,2,0
9718,7,0,0
9718,7,1,0
9718,7,2,0
9719,1,0,0
9719,2,1,0
9719,3,0,0
9719,3,1,0
9719,4,2,0
9719,5,0,0
9719,5,2,0
9719,6,1,0
9719,6,2,0
9719,7,0,0
9719,7,1,0
9719,7,2,0
9720,1,0,1
9720,2,1,1
9720,3,0,1
9720,3,1,1
9720,4,2,1
9720,5,0,1
9720,5,2,1
9720,6,1,1
9720,6,2,1
9720,7,0,1
9720,7,1,1
9720,7,2,1
9721,1,0,1
9721,2,1,1
9721,3,0,1
9721,3,1,1
9721,4,2,1
9721,5,0,1
9721,5,2,1
9721,6,1,1
9721,6,2,1
9721,7,0,1
9721,7,1,1
9721,7,2,1
9722,1,0,0
9722,2,1,0
9722,3,0,0
9722,3,1,0
9722,4,2,0
9722,5,0,0
9722,5,2,0
9722,6,1,0
9722,6,2,0
9722,7,0,0
9722,7,1,0
9722,7,2,0
9723,1,0,1
9723,2,1,1
9723,3,0,1
9723,3,1,1
9723,4,2,1
9723,5,0,1
9723,5,2,1
9723,6,1,1
9723,6,2,1
9723,7,0,1
9723,7,1,1
9723,7,2,1
9724,1,0,1
9724,2,1,1
9724,3,0,1
9724,3,1,1
9724,4,2,1
9724,5,0,1
9724,5,2,1
9724,6,1,1
9724,6,2,1
9724,7,0,1
9724,7,1,1
9724,7,2,1
9725,1,0,0
9725,2,1,0
9725,3,0,0
9725,3,1,0
9725,4,2,0
9725,5,0,0
9725,5,2,0
9725,6,1,0
9725,6,2,0
9725,7,0,0
9725,7,1,0
9725,7,2,0
9726,1,0,0
9726,2,1,0
9726,3,0,0
9726,3,1,0
9726,4,2,0
9726,5,0,0
9726,5,2,0
9726,6,1,0
9726,6,2,0
9726,7,0,0
9726,7,1,0
9726,7,2,0
9727,1,0,0
9727,2,1,0
9727,3,0,0
9727,3,1,0
9727,4,2,0
9727,5,0,0
9727,5,2,0
9727,6,1,0
9727,6,2,0
9727,7,0,0
9727,7,1,0
9727,7,2,0
9728,1,0,0
9728,2,1,0
9728,3,0,0
9728,3,1,0
9728,4,2,0
9728,5,0,0
9728,5,2,0
9728,6,1,0
9728,6,2,0
9728,7,0,0
9728,7,1,0
9728,7,2,0
9729,1,0,1
9729,2,1,1
9729,3,0,1
9729,3,1,1
9729,4,2,1
9729,5,0,1
9729,5,2,1
9729,6,1,1
9729,6,2,1
9729,7,0,1
9729,7,1,1
9729,7,2,1
9730,1,0,1
9730,2,1,1
9730,3,0,1
9730,3,1,1
9730,4,2,1
9730,5,0,1
9730,5,2,1
9730,6,1,1
9730,6,2,1
9730,7,0,1
9730,7,1,1
9730,7,2,1
9731,1,0,0
9731,2,1,0
9731,3,0,0
9731,3,1,0
9731,4,2,0
9731,5,0,0
9731,5,2,0
9731,6,1,0
9731,6,2,0
9731,7,0,0
9731,7,1,0
9731,7,2,0
9732,1,0,1
9732,2,1,1
9732,3,0,1
9732,3,1,1
9732,4,2,1
9732,5,0,1
9732,5,2,1
9732,6,1,1
9732,6,2,1
9732,7,0,1
9732,7,1,1
9732,7,2,1
9733,1,0,1
9733,2,1,1
9733,3,0,1
9733,3,1,1
9733,4,2,1
9733,5,0,1
9733,5,2,1
9733,6,1,1
9733,6,2,1
9733,7,0,1
9733,7,1,1
9733,7,2,1
9734,1,0,0
9734,2,1,0
9734,3,0,0
9734,3,1,0
9734,4,2,0
9734,5,0,0
9734,5,2,0
9734,6,1,0
9734,6,2,0
9734,7,0,0
9734,7,1,0
9734,7,2,0
9735,1,0,0
9735,2,1,0
9735,3,0,0
9735,3,1,0
9735,4,2,0
9735,5,0,0
9735,5,2,0
9735,6,1,0
9735,6,2,0
9735,7,0,0
9735,7,1,0
9735,7,2,0
9736,1,0,0
9736,2,1,0
9736,3,0,0
9736,3,1,0
9736,4,2,0
9736,5,0,0
9736,5,2,0
9736,6,1,0
9736,6,2,0
9736,7,0,0
9736,7,1,0
9736,7,2,0
9737,1,0,0
9737,2,1,0
9737,3,0,0
9737,3,1,0
9737,4,2,0
9737,5,0,0
9737,5,2,0
9737,6,1,0
9737,6,2,0
9737,7,0,0
9737,7,1,0
9737,7,2,0
9738,1,0,0
9738,2,1,0
9738,3,0,0
9738,3,1,0
9738,4,2,0
9738,5,0,0
9738,5,2,0
9738,6,1,0
9738,6,2,0
9738,7,0,0
9738,7,1,0
9738,7,2,0
9739,1,0,0
9739,2,1,0
9739,3,0,0
9739,3,1,0
9739,4,2,0
9739,5,0,0
9739,5,2,0
9739,6,1,0
9739,6,2,0
9739,7,0,0
9739,7,1,0
9739,7,2,0
9740,1,0,0
9740,2,1,0
9740,3,0,0
9740,3,1,0
9740,4,2,0
9740,5,0,0
9740,5,2,0
9740,6,1,0
9740,6,2,0
9740,7,0,0
9740,7,1,0
9740,7,2,0
9741,1,0,0
9741,2,1,0
9741,3,0,0
9741,3,1,0
9741,4,2,0
9741,5,0,0
9741,5,2,0
9741,6,1,0
9741,6,2,0
9741,7,0,0
9741,7,1,0
9741,7,2,0
9742,1,0,0
9742,2,1,0
9742,3,0,0
9742,3,1,0
9742,4,2,0
9742,5,0,0
9742,5,2,0
9742,6,1,0
9742,6,2,0
9742,7,0,0
9742,7,1,0
9742,7,2,0
9743,1,0,0
9743,2,1,0
9743,3,0,0
9743,3,1,0
9743,4,2,0
9743,5,0,0
9743,5,2,0
9743,6,1,0
9743,6,2,0
9743,7,0,0
9743,7,1,0
9743,7,2,0
9744,1,0,0
9744,2,1,0
9744,3,0,0
9744,3,1,0
9744,4,2,0
9744,5,0,0
9744,5,2,0
9744,6,1,0
9744,6,2,0
9744,7,0,0
9744,7,1,0
9744,7,2,0
9745,1,0,0
9745,2,1,0
9745,3,0,0
9745,3,1,0
9745,4,2,0
9745,5,0,0
9745,5,2,0
9745,6,1,0
9745,6,2,0
9745,7,0,0
9745,7,1,0
9745,7,2,0
9746,1,0,0
9746,2,1,0
9746,3,0,0
9746,3,1,0
9746,4,2,0
9746,5,0,0
9746,5,2,0
9746,6,1,0
9746,6,2,0
9746,7,0,0
9746,7,1,0
9746,7,2,0
9747,1,0,1
9747,2,1,1
9747,3,0,1
9747,3,1,1
9747,4,2,1
9747,5,0,1
9747,5,2,1
9747,6,1,1
9747,6,2,1
9747,7,0,1
9747,7,1,1
9747,7,2,1
9748,1,0,1
9748,2,1,1
9748,3,0,1
9748,3,1,1
9748,4,2,1
9748,5,0,1
9748,5,2,1
9748,6,1,1
9748,6,2,1
9748,7,0,1
9748,7,1,1
9748,7,2,1
9749,1,0,0
9749,2,1,0
9749,3,0,0
9749,3,1,0
9749,4,2,0
9749,5,0,0
9749,5,2,0
9749,6,1,0
9749,6,2,0
9749,7,0,0
9749,7,1,0
9749,7,2,0
9750,1,0,1
9750,2,1,1
9750,3,0,1
9750,3,1,1
9750,4,2,1
9750,5,0,1
9750,5,2,1
9750,6,1,1
9750,6,2,1
9750,7,0,1
9750,7,1,1
9750,7,2,1
9751,1,0,1
9751,2,1,1
9751,3,0,1
9751,3,1,1
9751,4,2,1
9751,5,0,1
9751,5,2,1
9751,6,1,1
9751,6,2,1
9751,7,0,1
9751,7,1,1
9751,7,2,1
9752,1,0,0
9752,2,1,0
9752,3,0,0
9752,3,1,0
9752,4,2,0
9752,5,0,0
9752,5,2,0
9752,6,1,0
9752,6,2,0
9752,7,0,0
9752,7,1,0
9752,7,2,0
9753,1,0,0
9753,2,1,0
9753,3,0,0
9753,3,1,0
9753,4,2,0
9753,5,0,0
9753,5,2,0
9753,6,1,0
9753,6,2,0
9753,7,0,0
9753,7,1,0
9753,7,2,0
9754,1,0,0
9754,2,1,0
9754,3,0,0
9754,3,1,0
9754,4,2,0
9754,5,0,0
9754,5,2,0
9754,6,1,0
9754,6,2,0
9754,7,0,0
9754,7,1,0
9754,7,2,0
9755,1,0,0
9755,2,1,0
9755,3,0,0
9755,3,1,0
9755,4,2,0
9755,5,0,0
9755,5,2,0
9755,6,1,0
9755,6,2,0
9755,7,0,0
9755,7,1,0
9755,7,2,0
9756,1,0,1
9756,2,1,1
9756,3,0,1
9756,3,1,1
9756,4,2,1
9756,5,0,1
9756,5,2,1
9756,6,1,1
9756,6,2,1
9756,7,0,1
9756,7,1,1
9756,7,2,1
9757,1,0,1
9757,2,1,1
9757,3,0,1
9757,3,1,1
9757,4,2,1
9757,5,0,1
9757,5,2,1
9757,6,1,1
9757,6,2,1
9757,7,0,1
9757,7,1,1
9757,7,2,1
9758,1,0,0
9758,2,1,0
9758,3,0,0
9758,3,1,0
9758,4,2,0
9758,5,0,0
9758,5,2,0
9758,6,1,0
9758,6,2,0
9758,7,0,0
9758,7,1,0
9758,7,2,0
9759,1,0,1
9759,2,1,1
9759,3,0,1
9759,3,1,1
9759,4,2,1
9759,5,0,1
9759,5,2,1
9759,6,1,1
9759,6,2,1
9759,7,0,1
9759,7,1,1
9759,7,2,1
9760,1,0,1
9760,2,1,1
9760,3,0,1
9760,3,1,1
9760,4,2,1
9760,5,0,1
9760,5,2,1
9760,6,1,1
9760,6,2,1
9760,7,0,1
9760,7,1,1
9760,7,2,1
9761,1,0,0
9761,2,1,0
9761,3,0,0
9761,3,1,0
9761,4,2,0
9761,5,0,0
9761,5,2,0
9761,6,1,0
9761,6,2,0
9761,7,0,0
9761,7,1,0
9761,7,2,0
9762,1,0,0
9762,2,1,0
9762,3,0,0
9762,3,1,0
9762,4,2,0
9762,5,0,0
9762,5,2,0
9762,6,1,0
9762,6,2,0
9762,7,0,0
9762,7,1,0
9762,7,2,0
9763,1,0,0
9763,2,1,0
9763,3,0,0
9763,3,1,0
9763,4,2,0
9763,5,0,0
9763,5,2,0
9763,6,1,0
9763,6,2,0
9763,7,0,0
9763,7,1,0
9763,7,2,0
9764,1,0,0
9764,2,1,0
9764,3,0,0
9764,3,1,0
9764,4,2,0
9764,5,0,0
9764,5,2,0
9764,6,1,0
9764,6,2,0
9764,7,0,0
9764,7,1,0
9764,7,2,0
9765,1,0,0
9765,2,1,0
9765,3,0,0
9765,3,1,0
9765,4,2,0
9765,5,0,0
9765,5,2,0
9765,6,1,0
9765,6,2,0
9765,7,0,0
9765,7,1,0
9765,7,2,0
9766,1,0,0
9766,2,1,0
9766,3,0,0
9766,3,1,0
9766,4,2,0
9766,5,0,0
9766,5,2,0
9766,6,1,0
9766,6,2,0
9766,7,0,0
9766,7,1,0
9766,7,2,0
9767,1,0,0
9767,2,1,0
9767,3,0,0
9767,3,1,0
9767,4,2,0
9767,5,0,0
9767,5,2,0
9767,6,1,0
9767,6,2,0
9767,7,0,0
9767,7,1,0
9767,7,2,0
9768,1,0,0
9768,2,1,0
9768,3,0,0
9768,3,1,0
9768,4,2,0
9768,5,0,0
9768,5,2,0
9768,6,1,0
9768,6,2,0
9768,7,0,0
9768,7,1,0
9768,7,2,0
9769,1,0,0
9769,2,1,0
9769,3,0,0
9769,3,1,0
9769,4,2,0
9769,5,0,0
9769,5,2,0
9769,6,1,0
9769,6,2,0
9769,7,0,0
9769,7,1,0
9769,7,2,0
9770,1,0,0
9770,2,1,0
9770,3,0,0
9770,3,1,0
9770,4,2,0
9770,5,0,0
9770,5,2,0
9770,6,1,0
9770,6,2,0
9770,7,0,0
9770,7,1,0
9770,7,2,0
9771,1,0,0
9771,2,1,0
9771,3,0,0
9771,3,1,0
9771,4,2,0
9771,5,0,0
9771,5,2,0
9771,6,1,0
9771,6,2,0
9771,7,0,0
9771,7,1,0
9771,7,2,0
9772,1,0,0
9772,2,1,0
9772,3,0,0
9772,3,1,0
9772,4,2,0
9772,5,0,0
9772,5,2,0
9772,6,1,0
9772,6,2,0
9772,7,0,0
9772,7,1,0
9772,7,2,0
9773,1,0,0
9773,2,1,0
9773,3,0,0
9773,3,1,0
9773,4,2,0
9773,5,0,0
9773,5,2,0
9773,6,1,0
9773,6,2,0
9773,7,0,0
9773,7,1,0
9773,7,2,0
9774,1,0,1
9774,2,1,1
9774,3,0,1
9774,3,1,1
9774,4,2,1
9774,5,0,1
9774,5,2,1
9774,6,1,1
9774,6,2,1
9774,7,0,1
9774,7,1,1
9774,7,2,1
9775,1,0,1
9775,2,1,1
9775,3,0,1
9775,3,1,1
9775,4,2,1
9775,5,0,1
9775,5,2,1
9775,6,1,1
9775,6,2,1
9775,7,0,1
9775,7,1,1
9775,7,2,1
9776,1,0,0
9776,2,1,0
9776,3,0,0
9776,3,1,0
9776,4,2,0
9776,5,0,0
9776,5,2,0
9776,6,1,0
9776,6,2,0
9776,7,0,0
9776,7,1,0
9776,7,2,0
9777,1,0,0
9777,2,1,0
9777,3,0,0
9777,3,1,0
9777,4,2,0
9777,5,0,0
9777,5,2,0
9777,6,1,0
9777,6,2,0
9777,7,0,0
9777,7,1,0
9777,7,2,0
9778,1,0,0
9778,2,1,0
9778,3,0,0
9778,3,1,0
9778,4,2,0
9778,5,0,0
9778,5,2,0
9778,6,1,0
9778,6,2,0
9778,7,0,0
9778,7,1,0
9778,7,2,0
9779,1,0,0
9779,2,1,0
9779,3,0,0
9779,3,1,0
9779,4,2,0
9779,5,0,0
9779,5,2,0
9779,6,1,0
9779,6,2,0
9779,7,0,0
9779,7,1,0
9779,7,2,0
9780,1,0,0
9780,2,1,0
9780,3,0,0
9780,3,1,0
9780,4,2,0
9780,5,0,0
9780,5,2,0
9780,6,1,0
9780,6,2,0
9780,7,0,0
9780,7,1,0
9780,7,2,0
9781,1,0,0
9781,2,1,0
9781,3,0,0
9781,3,1,0
9781,4,2,0
9781,5,0,0
9781,5,2,0
9781,6,1,0
9781,6,2,0
9781,7,0,0
9781,7,1,0
9781,7,2,0
9782,1,0,0
9782,2,1,0
9782,3,0,0
9782,3,1,0
9782,4,2,0
9782,5,0,0
9782,5,2,0
9782,6,1,0
9782,6,2,0
9782,7,0,0
9782,7,1,0
9782,7,2,0
9783,1,0,0
9783,2,1,0
9783,3,0,0
9783,3,1,0
9783,4,2,0
9783,5,0,0
9783,5,2,0
9783,6,1,0
9783,6,2,0
9783,7,0,0
9783,7,1,0
9783,7,2,0
9784,1,0,0
9784,2,1,0
9784,3,0,0
9784,3,1,0
9784,4,2,0
9784,5,0,0
9784,5,2,0
9784,6,1,0
9784,6,2,0
9784,7,0,0
9784,7,1,0
9784,7,2,0
9785,1,0,0
9785,2,1,0
9785,3,0,0
9785,3,1,0
9785,4,2,0
9785,5,0,0
9785,5,2,0
9785,6,1,0
9785,6,2,0
9785,7,0,0
9785,7,1,0
9785,7,2,0
9786,1,0,0
9786,2,1,0
9786,3,0,0
9786,3,1,0
9786,4,2,0
9786,5,0,0
9786,5,2,0
9786,6,1,0
9786,6,2,0
9786,7,0,0
9786,7,1,0
9786,7,2,0
9787,1,0,0
9787,2,1,0
9787,3,0,0
9787,3,1,0
9787,4,2,0
9787,5,0,0
9787,5,2,0
9787,6,1,0
9787,6,2,0
9787,7,0,0
9787,7,1,0
9787,7,2,0
9788,1,0,0
9788,2,1,0
9788,3,0,0
9788,3,1,0
9788,4,2,0
9788,5,0,0
9788,5,2,0
9788,6,1,0
9788,6,2,0
9788,7,0,0
9788,7,1,0
9788,7,2,0
9789,1,0,0
9789,2,1,0
9789,3,0,0
9789,3,1,0
9789,4,2,0
9789,5,0,0
9789,5,2,0
9789,6,1,0
9789,6,2,0
9789,7,0,0
9789,7,1,0
9789,7,2,0
9790,1,0,0
9790,2,1,0
9790,3,0,0
9790,3,1,0
9790,4,2,0
9790,5,0,0
9790,5,2,0
9790,6,1,0
9790,6,2,0
9790,7,0,0
9790,7,1,0
9790,7,2,0
9791,1,0,0
9791,2,1,0
9791,3,0,0
9791,3,1,0
9791,4,2,0
9791,5,0,0
9791,5,2,0
9791,6,1,0
9791,6,2,0
9791,7,0,0
9791,7,1,0
9791,7,2,0
9792,1,0,0
9792,2,1,0
9792,3,0,0
9792,3,1,0
9792,4,2,0
9792,5,0,0
9792,5,2,0
9792,6,1,0
9792,6,2,0
9792,7,0,0
9792,7,1,0
9792,7,2,0
9793,1,0,0
9793,2,1,0
9793,3,0,0
9793,3,1,0
9793,4,2,0
9793,5,0,0
9793,5,2,0
9793,6,1,0
9793,6,2,0
9793,7,0,0
9793,7,1,0
9793,7,2,0
9794,1,0,0
9794,2,1,0
9794,3,0,0
9794,3,1,0
9794,4,2,0
9794,5,0,0
9794,5,2,0
9794,6,1,0
9794,6,2,0
9794,7,0,0
9794,7,1,0
9794,7,2,0
9795,1,0,0
9795,2,1,0
9795,3,0,0
9795,3,1,0
9795,4,2,0
9795,5,0,0
9795,5,2,0
9795,6,1,0
9795,6,2,0
9795,7,0,0
9795,7,1,0
9795,7,2,0
9796,1,0,0
9796,2,1,0
9796,3,0,0
9796,3,1,0
9796,4,2,0
9796,5,0,0
9796,5,2,0
9796,6,1,0
9796,6,2,0
9796,7,0,0
9796,7,1,0
9796,7,2,0
9797,1,0,0
9797,2,1,0
9797,3,0,0
9797,3,1,0
9797,4,2,0
9797,5,0,0
9797,5,2,0
9797,6,1,0
9797,6,2,0
9797,7,0,0
9797,7,1,0
9797,7,2,0
9798,1,0,0
9798,2,1,0
9798,3,0,0
9798,3,1,0
9798,4,2,0
9798,5,0,0
9798,5,2,0
9798,6,1,0
9798,6,2,0
9798,7,0,0
9798,7,1,0
9798,7,2,0
9799,1,0,0
9799,2,1,0
9799,3,0,0
9799,3,1,0
9799,4,2,0
9799,5,0,0
9799,5,2,0
9799,6,1,0
9799,6,2,0
9799,7,0,0
9799,7,1,0
9799,7,2,0
9800,1,0,0
9800,2,1,0
9800,3,0,0
9800,3,1,0
9800,4,2,0
9800,5,0,0
9800,5,2,0
9800,6,1,0
9800,6,2,0
9800,7,0,0
9800,7,1,0
9800,7,2,0
9801,1,0,1
9801,2,1,1
9801,3,0,1
9801,3,1,1
9801,4,2,1
9801,5,0,1
9801,5,2,1
9801,6,1,1
9801,6,2,1
9801,7,0,1
9801,7,1,1
9801,7,2,1
9802,1,0,1
9802,2,1,1
9802,3,0,1
9802,3,1,1
9802,4,2,1
9802,5,0,1
9802,5,2,1
9802,6,1,1
9802,6,2,1
9802,7,0,1
9802,7,1,1
9802,7,2,1
9803,1,0,0
9803,2,1,0
9803,3,0,0
9803,3,1,0
9803,4,2,0
9803,5,0,0
9803,5,2,0
9803,6,1,0
9803,6,2,0
9803,7,0,0
9803,7,1,0
9803,7,2,0
9804,1,0,1
9804,2,1,1
9804,3,0,1
9804,3,1,1
9804,4,2,1
9804,5,0,1
9804,5,2,1
9804,6,1,1
9804,6,2,1
9804,7,0,1
9804,7,1,1
9804,7,2,1
9805,1,0,1
9805,2,1,1
9805,3,0,1
9805,3,1,1
9805,4,2,1
9805,5,0,1
9805,5,2,1
9805,6,1,1
9805,6,2,1
9805,7,0,1
9805,7,1,1
9805,7,2,1
9806,1,0,0
9806,2,1,0
9806,3,0,0
9806,3,1,0
9806,4,2,0
9806,5,0,0
9806,5,2,0
9806,6,1,0
9806,6,2,0
9806,7,0,0
9806,7,1,0
9806,7,2,0
9807,1,0,0
9807,2,1,0
9807,3,0,0
9807,3,1,0
9807,4,2,0
9807,5,0,0
9807,5,2,0
9807,6,1,0
9807,6,2,0
9807,7,0,0
9807,7,1,0
9807,7,2,0
9808,1,0,0
9808,2,1,0
9808,3,0,0
9808,3,1,0
9808,4,2,0
9808,5,0,0
9808,5,2,0
9808,6,1,0
9808,6,2,0
9808,7,0,0
9808,7,1,0
9808,7,2,0
9809,1,0,0
9809,2,1,0
9809,3,0,0
9809,3,1,0
9809,4,2,0
9809,5,0,0
9809,5,2,0
9809,6,1,0
9809,6,2,0
9809,7,0,0
9809,7,1,0
9809,7,2,0
9810,1,0,1
9810,2,1,1
9810,3,0,1
9810,3,1,1
9810,4,2,1
9810,5,0,1
9810,5,2,1
9810,6,1,1
9810,6,2,1
9810,7,0,1
9810,7,1,1
9810,7,2,1
9811,1,0,1
9811,2,1,1
9811,3,0,1
9811,3,1,1
9811,4,2,1
9811,5,0,1
9811,5,2,1
9811,6,1,1
9811,6,2,1
9811,7,0,1
9811,7,1,1
9811,7,2,1
9812,1,0,0
9812,2,1,0
9812,3,0,0
9812,3,1,0
9812,4,2,0
9812,5,0,0
9812,5,2,0
9812,6,1,0
9812,6,2,0
9812,7,0,0
9812,7,1,0
9812,7,2,0
9813,1,0,1
9813,2,1,1
9813,3,0,1
9813,3,1,1
9813,4,2,1
9813,5,0,1
9813,5,2,1
9813,6,1,1
9813,6,2,1
9813,7,0,1
9813,7,1,1
9813,7,2,1
9814,1,0,1
9814,2,1,1
9814,3,0,1
9814,3,1,1
9814,4,2,1
9814,5,0,1
9814,5,2,1
9814,6,1,1
9814,6,2,1
9814,7,0,1
9814,7,1,1
9814,7,2,1
9815,1,0,0
9815,2,1,0
9815,3,0,0
9815,3,1,0
9815,4,2,0
9815,5,0,0
9815,5,2,0
9815,6,1,0
9815,6,2,0
9815,7,0,0
9815,7,1,0
9815,7,2,0
9816,1,0,0
9816,2,1,0
9816,3,0,0
9816,3,1,0
9816,4,2,0
9816,5,0,0
9816,5,2,0
9816,6,1,0
9816,6,2,0
9816,7,0,0
9816,7,1,0
9816,7,2,0
9817,1,0,0
9817,2,1,0
9817,3,0,0
9817,3,1,0
9817,4,2,0
9817,5,0,0
9817,5,2,0
9817,6,1,0
9817,6,2,0
9817,7,0,0
9817,7,1,0
9817,7,2,0
9818,1,0,0
9818,2,1,0
9818,3,0,0
9818,3,1,0
9818,4,2,0
9818,5,0,0
9818,5,2,0
9818,6,1,0
9818,6,2,0
9818,7,0,0
9818,7,1,0
9818,7,2,0
9819,1,0,0
9819,2,1,0
9819,3,0,0
9819,3,1,0
9819,4,2,0
9819,5,0,0
9819,5,2,0
9819,6,1,0
9819,6,2,0
9819,7,0,0
9819,7,1,0
9819,7,2,0
9820,1,0,0
9820,2,1,0
9820,3,0,0
9820,3,1,0
9820,4,2,0
9820,5,0,0
9820,5,2,0
9820,6,1,0
9820,6,2,0
9820,7,0,0
9820,7,1,0
9820,7,2,0
9821,1,0,0
9821,2,1,0
9821,3,0,0
9821,3,1,0
9821,4,2,0
9821,5,0,0
9821,5,2,0
9821,6,1,0
9821,6,2,0
9821,7,0,0
9821,7,1,0
9821,7,2,0
9822,1,0,0
9822,2,1,0
9822,3,0,0
9822,3,1,0
9822,4,2,0
9822,5,0,0
9822,5,2,0
9822,6,1,0
9822,6,2,0
9822,7,0,0
9822,7,1,0
9822,7,2,0
9823,1,0,0
9823,2,1,0
9823,3,0,0
9823,3,1,0
9823,4,2,0
9823,5,0,0
9823,5,2,0
9823,6,1,0
9823,6,2,0
9823,7,0,0
9823,7,1,0
9823,7,2,0
9824,1,0,0
9824,2,1,0
9824,3,0,0
9824,3,1,0
9824,4,2,0
9824,5,0,0
9824,5,2,0
9824,6,1,0
9824,6,2,0
9824,7,0,0
9824,7,1,0
9824,7,2,0
9825,1,0,0
9825,2,1,0
9825,3,0,0
9825,3,1,0
9825,4,2,0
9825,5,0,0
9825,5,2,0
9825,6,1,0
9825,6,2,0
9825,7,0,0
9825,7,1,0
9825,7,2,0
9826,1,0,0
9826,2,1,0
9826,3,0,0
9826,3,1,0
9826,4,2,0
9826,5,0,0
9826,5,2,0
9826,6,1,0
9826,6,2,0
9826,7,0,0
9826,7,1,0
9826,7,2,0
9827,1,0,0
9827,2,1,0
9827,3,0,0
9827,3,1,0
9827,4,2,0
9827,5,0,0
9827,5,2,0
9827,6,1,0
9827,6,2,0
9827,7,0,0
9827,7,1,0
9827,7,2,0
9828,1,0,1
9828,2,1,1
9828,3,0,1
9828,3,1,1
9828,4,2,1
9828,5,0,1
9828,5,2,1
9828,6,1,1
9828,6,2,1
9828,7,0,1
9828,7,1,1
9828,7,2,1
9829,1,0,1
9829,2,1,1
9829,3,0,1
9829,3,1,1
9829,4,2,1
9829,5,0,1
9829,5,2,1
9829,6,1,1
9829,6,2,1
9829,7,0,1
9829,7,1,1
9829,7,2,1
9830,1,0,0
9830,2,1,0
9830,3,0,0
9830,3,1,0
9830,4,2,0
9830,5,0,0
9830,5,2,0
9830,6,1,0
9830,6,2,0
9830,7,0,0
9830,7,1,0
9830,7,2,0
9831,1,0,1
9831,2,1,1
9831,3,0,1
9831,3,1,1
9831,4,2,1
9831,5,0,1
9831,5,2,1
9831,6,1,1
9831,6,2,1
9831,7,0,1
9831,7,1,1
9831,7,2,1
9832,1,0,1
9832,2,1,1
9832,3,0,1
9832,3,1,1
9832,4,2,1
9832,5,0,1
9832,5,2,1
9832,6,1,1
9832,6,2,1
9832,7,0,1
9832,7,1,1
9832,7,2,1
9833,1,0,0
9833,2,1,0
9833,3,0,0
9833,3,1,0
9833,4,2,0
9833,5,0,0
9833,5,2,0
9833,6,1,0
9833,6,2,0
9833,7,0,0
9833,7,1,0
9833,7,2,0
9834,1,0,0
9834,2,1,0
9834,3,0,0
9834,3,1,0
9834,4,2,0
9834,5,0,0
9834,5,2,0
9834,6,1,0
9834,6,2,0
9834,7,0,0
9834,7,1,0
9834,7,2,0
9835,1,0,0
9835,2,1,0
9835,3,0,0
9835,3,1,0
9835,4,2,0
9835,5,0,0
9835,5,2,0
9835,6,1,0
9835,6,2,0
9835,7,0,0
9835,7,1,0
9835,7,2,0
9836,1,0,0
9836,2,1,0
9836,3,0,0
9836,3,1,0
9836,4,2,0
9836,5,0,0
9836,5,2,0
9836,6,1,0
9836,6,2,0
9836,7,0,0
9836,7,1,0
9836,7,2,0
9837,1,0,1
9837,2,1,1
9837,3,0,1
9837,3,1,1
9837,4,2,1
9837,5,0,1
9837,5,2,1
9837,6,1,1
9837,6,2,1
9837,7,0,1
9837,7,1,1
9837,7,2,1
9838,1,0,1
9838,2,1,1
9838,3,0,1
9838,3,1,1
9838,4,2,1
9838,5,0,1
9838,5,2,1
9838,6,1,1
9838,6,2,1
9838,7,0,1
9838,7,1,1
9838,7,2,1
9839,1,0,0
9839,2,1,0
9839,3,0,0
9839,3,1,0
9839,4,2,0
9839,5,0,0
9839,5,2,0
9839,6,1,0
9839,6,2,0
9839,7,0,0
9839,7,1,0
9839,7,2,0
9840,1,0,1
9840,2,1,1
9840,3,0,1
9840,3,1,1
9840,4,2,1
9840,5,0,1
9840,5,2,1
9840,6,1,1
9840,6,2,1
9840,7,0,1
9840,7,1,1
9840,7,2,1
9841,1,0,1
9841,2,1,1
9841,3,0,1
9841,3,1,1
9841,4,2,1
9841,5,0,1
9841,5,2,1
9841,6,1,1
9841,6,2,1
9841,7,0,1
9841,7,1,1
9841,7,2,1
9842,1,0,0
9842,2,1,0
9842,3,0,0
9842,3,1,0
9842,4,2,0
9842,5,0,0
9842,5,2,0
9842,6,1,0
9842,6,2,0
9842,7,0,0
9842,7,1,0
9842,7,2,0
9843,1,0,0
9843,2,1,0
9843,3,0,0
9843,3,1,0
9843,4,2,0
9843,5,0,0
9843,5,2,0
9843,6,1,0
9843,6,2,0
9843,7,0,0
9843,7,1,0
9843,7,2,0
9844,1,0,0
9844,2,1,0
9844,3,0,0
9844,3,1,0
9844,4,2,0
9844,5,0,0
9844,5,2,0
9844,6,1,0
9844,6,2,0
9844,7,0,0
9844,7,1,0
9844,7,2,0
9845,1,0,0
9845,2,1,0
9845,3,0,0
9845,3,1,0
9845,4,2,0
9845,5,0,0
9845,5,2,0
9845,6,1,0
9845,6,2,0
9845,7,0,0
9845,7,1,0
9845,7,2,0
9846,1,0,0
9846,2,1,0
9846,3,0,0
9846,3,1,0
9846,4,2,0
9846,5,0,0
9846,5,2,0
9846,6,1,0
9846,6,2,0
9846,7,0,0
9846,7,1,0
9846,7,2,0
9847,1,0,0
9847,2,1,0
9847,3,0,0
9847,3,1,0
9847,4,2,0
9847,5,0,0
9847,5,2,0
9847,6,1,0
9847,6,2,0
9847,7,0,0
9847,7,1,0
9847,7,2,0
9848,1,0,0
9848,2,1,0
9848,3,0,0
9848,3,1,0
9848,4,2,0
9848,5,0,0
9848,5,2,0
9848,6,1,0
9848,6,2,0
9848,7,0,0
9848,7,1,0
9848,7,2,0
9849,1,0,0
9849,2,1,0
9849,3,0,0
9849,3,1,0
9849,4,2,0
9849,5,0,0
9849,5,2,0
9849,6,1,0
9849,6,2,0
9849,7,0,0
9849,7,1,0
9849,7,2,0
9850,1,0,0
9850,2,1,0
9850,3,0,0
9850,3,1,0
9850,4,2,0
9850,5,0,0
9850,5,2,0
9850,6,1,0
9850,6,2,0
9850,7,0,0
9850,7,1,0
9850,7,2,0
9851,1,0,0
9851,2,1,0
9851,3,0,0
9851,3,1,0
9851,4,2,0
9851,5,0,0
9851,5,2,0
9851,6,1,0
9851,6,2,0
9851,7,0,0
9851,7,1,0
9851,7,2,0
9852,1,0,0
9852,2,1,0
9852,3,0,0
9852,3,1,0
9852,4,2,0
9852,5,0,0
9852,5,2,0
9852,6,1,0
9852,6,2,0
9852,7,0,0
9852,7,1,0
9852,7,2,0
9853,1,0,0
9853,2,1,0
9853,3,0,0
9853,3,1,0
9853,4,2,0
9853,5,0,0
9853,5,2,0
9853,6,1,0
9853,6,2,0
9853,7,0,0
9853,7,1,0
9853,7,2,0
9854,1,0,0
9854,2,1,0
9854,3,0,0
9854,3,1,0
9854,4,2,0
9854,5,0,0
9854,5,2,0
9854,6,1,0
9854,6,2,0
9854,7,0,0
9854,7,1,0
9854,7,2,0
9855,1,0,1
9855,2,1,1
9855,3,0,1
9855,3,1,1
9855,4,2,1
9855,5,0,1
9855,5,2,1
9855,6,1,1
9855,6,2,1
9855,7,0,1
9855,7,1,1
9855,7,2,1
9856,1,0,1
9856,2,1,1
9856,3,0,1
9856,3,1,1
9856,4,2,1
9856,5,0,1
9856,5,2,1
9856,6,1,1
9856,6,2,1
9856,7,0,1
9856,7,1,1
9856,7,2,1
9857,1,0,0
9857,2,1,0
9857,3,0,0
9857,3,1,0
9857,4,2,0
9857,5,0,0
9857,5,2,0
9857,6,1,0
9857,6,2,0
9857,7,0,0
9857,7,1,0
9857,7,2,0
9858,1,0,0
9858,2,1,0
9858,3,0,0
9858,3,1,0
9858,4,2,0
9858,5,0,0
9858,5,2,0
9858,6,1,0
9858,6,2,0
9858,7,0,0
9858,7,1,0
9858,7,2,0
9859,1,0,0
9859,2,1,0
9859,3,0,0
9859,3,1,0
9859,4,2,0
9859,5,0,0
9859,5,2,0
9859,6,1,0
9859,6,2,0
9859,7,0,0
9859,7,1,0
9859,7,2,0
9860,1,0,0
9860,2,1,0
9860,3,0,0
9860,3,1,0
9860,4,2,0
9860,5,0,0
9860,5,2,0
9860,6,1,0
9860,6,2,0
9860,7,0,0
9860,7,1,0
9860,7,2,0
9861,1,0,0
9861,2,1,0
9861,3,0,0
9861,3,1,0
9861,4,2,0
9861,5,0,0
9861,5,2,0
9861,6,1,0
9861,6,2,0
9861,7,0,0
9861,7,1,0
9861,7,2,0
9862,1,0,0
9862,2,1,0
9862,3,0,0
9862,3,1,0
9862,4,2,0
9862,5,0,0
9862,5,2,0
9862,6,1,0
9862,6,2,0
9862,7,0,0
9862,7,1,0
9862,7,2,0
9863,1,0,0
9863,2,1,0
9863,3,0,0
9863,3,1,0
9863,4,2,0
9863,5,0,0
9863,5,2,0
9863,6,1,0
9863,6,2,0
9863,7,0,0
9863,7,1,0
9863,7,2,0
9864,1,0,0
9864,2,1,0
9864,3,0,0
9864,3,1,0
9864,4,2,0
9864,5,0,0
9864,5,2,0
9864,6,1,0
9864,6,2,0
9864,7,0,0
9864,7,1,0
9864,7,2,0
9865,1,0,0
9865,2,1,0
9865,3,0,0
9865,3,1,0
9865,4,2,0
9865,5,0,0
9865,5,2,0
9865,6,1,0
9865,6,2,0
9865,7,0,0
9865,7,1,0
9865,7,2,0
9866,1,0,0
9866,2,1,0
9866,3,0,0
9866,3,1,0
9866,4,2,0
9866,5,0,0
9866,5,2,0
9866,6,1,0
9866,6,2,0
9866,7,0,0
9866,7,1,0
9866,7,2,0
9867,1,0,0
9867,2,1,0
9867,3,0,0
9867,3,1,0
9867,4,2,0
9867,5,0,0
9867,5,2,0
9867,6,1,0
9867,6,2,0
9867,7,0,0
9867,7,1,0
9867,7,2,0
9868,1,0,0
9868,2,1,0
9868,3,0,0
9868,3,1,0
9868,4,2,0
9868,5,0,0
9868,5,2,0
9868,6,1,0
9868,6,2,0
9868,7,0,0
9868,7,1,0
9868,7,2,0
9869,1,0,0
9869,2,1,0
9869,3,0,0
9869,3,1,0
9869,4,2,0
9869,5,0,0
9869,5,2,0
9869,6,1,0
9869,6,2,0
9869,7,0,0
9869,7,1,0
9869,7,2,0
9870,1,0,0
9870,2,1,0
9870,3,0,0
9870,3,1,0
9870,4,2,0
9870,5,0,0
9870,5,2,0
9870,6,1,0
9870,6,2,0
9870,7,0,0
9870,7,1,0
9870,7,2,0
9871,1,0,0
9871,2,1,0
9871,3,0,0
9871,3,1,0
9871,4,2,0
9871,5,0,0
9871,5,2,0
9871,6,1,0
9871,6,2,0
9871,7,0,0
9871,7,1,0
9871,7,2,0
9872,1,0,0
9872,2,1,0
9872,3,0,0
9872,3,1,0
9872,4,2,0
9872,5,0,0
9872,5,2,0
9872,6,1,0
9872,6,2,0
9872,7,0,0
9872,7,1,0
9872,7,2,0
9873,1,0,0
9873,2,1,0
9873,3,0,0
9873,3,1,0
9873,4,2,0
9873,5,0,0
9873,5,2,0
9873,6,1,0
9873,6,2,0
9873,7,0,0
9873,7,1,0
9873,7,2,0
9874,1,0,0
9874,2,1,0
9874,3,0,0
9874,3,1,0
9874,4,2,0
9874,5,0,0
9874,5,2,0
9874,6,1,0
9874,6,2,0
9874,7,0,0
9874,7,1,0
9874,7,2,0
9875,1,0,0
9875,2,1,0
9875,3,0,0
9875,3,1,0
9875,4,2,0
9875,5,0,0
9875,5,2,0
9875,6,1,0
9875,6,2,0
9875,7,0,0
9875,7,1,0
9875,7,2,0
9876,1,0,0
9876,2,1,0
9876,3,0,0
9876,3,1,0
9876,4,2,0
9876,5,0,0
9876,5,2,0
9876,6,1,0
9876,6,2,0
9876,7,0,0
9876,7,1,0
9876,7,2,0
9877,1,0,0
9877,2,1,0
9877,3,0,0
9877,3,1,0
9877,4,2,0
9877,5,0,0
9877,5,2,0
9877,6,1,0
9877,6,2,0
9877,7,0,0
9877,7,1,0
9877,7,2,0
9878,1,0,0
9878,2,1,0
9878,3,0,0
9878,3,1,0
9878,4,2,0
9878,5,0,0
9878,5,2,0
9878,6,1,0
9878,6,2,0
9878,7,0,0
9878,7,1,0
9878,7,2,0
9879,1,0,0
9879,2,1,0
9879,3,0,0
9879,3,1,0
9879,4,2,0
9879,5,0,0
9879,5,2,0
9879,6,1,0
9879,6,2,0
9879,7,0,0
9879,7,1,0
9879,7,2,0
9880,1,0,0
9880,2,1,0
9880,3,0,0
9880,3,1,0
9880,4,2,0
9880,5,0,0
9880,5,2,0
9880,6,1,0
9880,6,2,0
9880,7,0,0
9880,7,1,0
9880,7,2,0
9881,1,0,0
9881,2,1,0
9881,3,0,0
9881,3,1,0
9881,4,2,0
9881,5,0,0
9881,5,2,0
9881,6,1,0
9881,6,2,0
9881,7,0,0
9881,7,1,0
9881,7,2,0
9882,1,0,1
9882,2,1,0
9882,3,0,1
9882,3,1,0
9882,4,2,0
9882,5,0,1
9882,5,2,0
9882,6,1,0
9882,6,2,0
9882,7,0,1
9882,7,1,0
9882,7,2,0
9883,1,0,1
9883,2,1,0
9883,3,0,1
9883,3,1,0
9883,4,2,0
9883,5,0,1
9883,5,2,0
9883,6,1,0
9883,6,2,0
9883,7,0,1
9883,7,1,0
9883,7,2,0
9884,1,0,0
9884,2,1,0
9884,3,0,0
9884,3,1,0
9884,4,2,0
9884,5,0,0
9884,5,2,0
9884,6,1,0
9884,6,2,0
9884,7,0,0
9884,7,1,0
9884,7,2,0
9885,1,0,0
9885,2,1,0
9885,3,0,0
9885,3,1,0
9885,4,2,0
9885,5,0,0
9885,5,2,0
9885,6,1,0
9885,6,2,0
9885,7,0,0
9885,7,1,0
9885,7,2,0
9886,1,0,0
9886,2,1,0
9886,3,0,0
9886,3,1,0
9886,4,2,0
9886,5,0,0
9886,5,2,0
9886,6,1,0
9886,6,2,0
9886,7,0,0
9886,7,1,0
9886,7,2,0
9887,1,0,0
9887,2,1,0
9887,3,0,0
9887,3,1,0
9887,4,2,0
9887,5,0,0
9887,5,2,0
9887,6,1,0
9887,6,2,0
9887,7,0,0
9887,7,1,0
9887,7,2,0
9888,1,0,0
9888,2,1,0
9888,3,0,0
9888,3,1,0
9888,4,2,0
9888,5,0,0
9888,5,2,0
9888,6,1,0
9888,6,2,0
9888,7,0,0
9888,7,1,0
9888,7,2,0
9889,1,0,0
9889,2,1,0
9889,3,0,0
9889,3,1,0
9889,4,2,0
9889,5,0,0
9889,5,2,0
9889,6,1,0
9889,6,2,0
9889,7,0,0
9889,7,1,0
9889,7,2,0
9890,1,0,0
9890,2,1,0
9890,3,0,0
9890,3,1,0
9890,4,2,0
9890,5,0,0
9890,5,2,0
9890,6,1,0
9890,6,2,0
9890,7,0,0
9890,7,1,0
9890,7,2,0
9891,1,0,0
9891,2,1,0
9891,3,0,0
9891,3,1,0
9891,4,2,0
9891,5,0,0
9891,5,2,0
9891,6,1,0
9891,6,2,0
9891,7,0,0
9891,7,1,0
9891,7,2,0
9892,1,0,0
9892,2,1,0
9892,3,0,0
9892,3,1,0
9892,4,2,0
9892,5,0,0
9892,5,2,0
9892,6,1,0
9892,6,2,0
9892,7,0,0
9892,7,1,0
9892,7,2,0
9893,1,0,0
9893,2,1,0
9893,3,0,0
9893,3,1,0
9893,4,2,0
9893,5,0,0
9893,5,2,0
9893,6,1,0
9893,6,2,0
9893,7,0,0
9893,7,1,0
9893,7,2,0
9894,1,0,0
9894,2,1,0
9894,3,0,0
9894,3,1,0
9894,4,2,0
9894,5,0,0
9894,5,2,0
9894,6,1,0
9894,6,2,0
9894,7,0,0
9894,7,1,0
9894,7,2,0
9895,1,0,0
9895,2,1,0
9895,3,0,0
9895,3,1,0
9895,4,2,0
9895,5,0,0
9895,5,2,0
9895,6,1,0
9895,6,2,0
9895,7,0,0
9895,7,1,0
9895,7,2,0
9896,1,0,0
9896,2,1,0
9896,3,0,0
9896,3,1,0
9896,4,2,0
9896,5,0,0
9896,5,2,0
9896,6,1,0
9896,6,2,0
9896,7,0,0
9896,7,1,0
9896,7,2,0
9897,1,0,0
9897,2,1,0
9897,3,0,0
9897,3,1,0
9897,4,2,0
9897,5,0,0
9897,5,2,0
9897,6,1,0
9897,6,2,0
9897,7,0,0
9897,7,1,0
9897,7,2,0
9898,1,0,0
9898,2,1,0
9898,3,0,0
9898,3,1,0
9898,4,2,0
9898,5,0,0
9898,5,2,0
9898,6,1,0
9898,6,2,0
9898,7,0,0
9898,7,1,0
9898,7,2,0
9899,1,0,0
9899,2,1,0
9899,3,0,0
9899,3,1,0
9899,4,2,0
9899,5,0,0
9899,5,2,0
9899,6,1,0
9899,6,2,0
9899,7,0,0
9899,7,1,0
9899,7,2,0
9900,1,0,0
9900,2,1,0
9900,3,0,0
9900,3,1,0
9900,4,2,0
9900,5,0,0
9900,5,2,0
9900,6,1,0
9900,6,2,0
9900,7,0,0
9900,7,1,0
9900,7,2,0
9901,1,0,0
9901,2,1,0
9901,3,0,0
9901,3,1,0
9901,4,2,0
9901,5,0,0
9901,5,2,0
9901,6,1,0
9901,6,2,0
9901,7,0,0
9901,7,1,0
9901,7,2,0
9902,1,0,0
9902,2,1,0
9902,3,0,0
9902,3,1,0
9902,4,2,0
9902,5,0,0
9902,5,2,0
9902,6,1,0
9902,6,2,0
9902,7,0,0
9902,7,1,0
9902,7,2,0
9903,1,0,0
9903,2,1,0
9903,3,0,0
9903,3,1,0
9903,4,2,0
9903,5,0,0
9903,5,2,0
9903,6,1,0
9903,6,2,0
9903,7,0,0
9903,7,1,0
9903,7,2,0
9904,1,0,0
9904,2,1,0
9904,3,0,0
9904,3,1,0
9904,4,2,0
9904,5,0,0
9904,5,2,0
9904,6,1,0
9904,6,2,0
9904,7,0,0
9904,7,1,0
9904,7,2,0
9905,1,0,0
9905,2,1,0
9905,3,0,0
9905,3,1,0
9905,4,2,0
9905,5,0,0
9905,5,2,0
9905,6,1,0
9905,6,2,0
9905,7,0,0
9905,7,1,0
9905,7,2,0
9906,1,0,0
9906,2,1,0
9906,3,0,0
9906,3,1,0
9906,4,2,0
9906,5,0,0
9906,5,2,0
9906,6,1,0
9906,6,2,0
9906,7,0,0
9906,7,1,0
9906,7,2,0
9907,1,0,0
9907,2,1,0
9907,3,0,0
9907,3,1,0
9907,4,2,0
9907,5,0,0
9907,5,2,0
9907,6,1,0
9907,6,2,0
9907,7,0,0
9907,7,1,0
9907,7,2,0
9908,1,0,0
9908,2,1,0
9908,3,0,0
9908,3,1,0
9908,4,2,0
9908,5,0,0
9908,5,2,0
9908,6,1,0
9908,6,2,0
9908,7,0,0
9908,7,1,0
9908,7,2,0
9909,1,0,1
9909,2,1,0
9909,3,0,1
9909,3,1,0
9909,4,2,0
9909,5,0,1
9909,5,2,0
9909,6,1,0
9909,6,2,0
9909,7,0,1
9909,7,1,0
9909,7,2,0
9910,1,0,1
9910,2,1,0
9910,3,0,1
9910,3,1,0
9910,4,2,0
9910,5,0,1
9910,5,2,0
9910,6,1,0
9910,6,2,0
9910,7,0,1
9910,7,1,0
9910,7,2,0
9911,1,0,0
9911,2,1,0
9911,3,0,0
9911,3,1,0
9911,4,2,0
9911,5,0,0
9911,5,2,0
9911,6,1,0
9911,6,2,0
9911,7,0,0
9911,7,1,0
9911,7,2,0
9912,1,0,0
9912,2,1,0
9912,3,0,0
9912,3,1,0
9912,4,2,0
9912,5,0,0
9912,5,2,0
9912,6,1,0
9912,6,2,0
9912,7,0,0
9912,7,1,0
9912,7,2,0
9913,1,0,0
9913,2,1,0
9913,3,0,0
9913,3,1,0
9913,4,2,0
9913,5,0,0
9913,5,2,0
9913,6,1,0
9913,6,2,0
9913,7,0,0
9913,7,1,0
9913,7,2,0
9914,1,0,0
9914,2,1,0
9914,3,0,0
9914,3,1,0
9914,4,2,0
9914,5,0,0
9914,5,2,0
9914,6,1,0
9914,6,2,0
9914,7,0,0
9914,7,1,0
9914,7,2,0
9915,1,0,0
9915,2,1,0
9915,3,0,0
9915,3,1,0
9915,4,2,0
9915,5,0,0
9915,5,2,0
9915,6,1,0
9915,6,2,0
9915,7,0,0
9915,7,1,0
9915,7,2,0
9916,1,0,0
9916,2,1,0
9916,3,0,0
9916,3,1,0
9916,4,2,0
9916,5,0,0
9916,5,2,0
9916,6,1,0
9916,6,2,0
9916,7,0,0
9916,7,1,0
9916,7,2,0
9917,1,0,0
9917,2,1,0
9917,3,0,0
9917,3,1,0
9917,4,2,0
9917,5,0,0
9917,5,2,0
9917,6,1,0
9917,6,2,0
9917,7,0,0
9917,7,1,0
9917,7,2,0
9918,1,0,0
9918,2,1,0
9918,3,0,0
9918,3,1,0
9918,4,2,0
9918,5,0,0
9918,5,2,0
9918,6,1,0
9918,6,2,0
9918,7,0,0
9918,7,1,0
9918,7,2,0
9919,1,0,0
9919,2,1,0
9919,3,0,0
9919,3,1,0
9919,4,2,0
9919,5,0,0
9919,5,2,0
9919,6,1,0
9919,6,2,0
9919,7,0,0
9919,7,1,0
9919,7,2,0
9920,1,0,0
9920,2,1,0
9920,3,0,0
9920,3,1,0
9920,4,2,0
9920,5,0,0
9920,5,2,0
9920,6,1,0
9920,6,2,0
9920,7,0,0
9920,7,1,0
9920,7,2,0
9921,1,0,0
9921,2,1,0
9921,3,0,0
9921,3,1,0
9921,4,2,0
9921,5,0,0
9921,5,2,0
9921,6,1,0
9921,6,2,0
9921,7,0,0
9921,7,1,0
9921,7,2,0
9922,1,0,0
9922,2,1,0
9922,3,0,0
9922,3,1,0
9922,4,2,0
9922,5,0,0
9922,5,2,0
9922,6,1,0
9922,6,2,0
9922,7,0,0
9922,7,1,0
9922,7,2,0
9923,1,0,0
9923,2,1,0
9923,3,0,0
9923,3,1,0
9923,4,2,0
9923,5,0,0
9923,5,2,0
9923,6,1,0
9923,6,2,0
9923,7,0,0
9923,7,1,0
9923,7,2,0
9924,1,0,0
9924,2,1,0
9924,3,0,0
9924,3,1,0
9924,4,2,0
9924,5,0,0
9924,5,2,0
9924,6,1,0
9924,6,2,0
9924,7,0,0
9924,7,1,0
9924,7,2,0
9925,1,0,0
9925,2,1,0
9925,3,0,0
9925,3,1,0
9925,4,2,0
9925,5,0,0
9925,5,2,0
9925,6,1,0
9925,6,2,0
9925,7,0,0
9925,7,1,0
9925,7,2,0
9926,1,0,0
9926,2,1,0
9926,3,0,0
9926,3,1,0
9926,4,2,0
9926,5,0,0
9926,5,2,0
9926,6,1,0
9926,6,2,0
9926,7,0,0
9926,7,1,0
9926,7,2,0
9927,1,0,0
9927,2,1,0
9927,3,0,0
9927,3,1,0
9927,4,2,0
9927,5,0,0
9927,5,2,0
9927,6,1,0
9927,6,2,0
9927,7,0,0
9927,7,1,0
9927,7,2,0
9928,1,0,0
9928,2,1,0
9928,3,0,0
9928,3,1,0
9928,4,2,0
9928,5,0,0
9928,5,2,0
9928,6,1,0
9928,6,2,0
9928,7,0,0
9928,7,1,0
9928,7,2,0
9929,1,0,0
9929,2,1,0
9929,3,0,0
9929,3,1,0
9929,4,2,0
9929,5,0,0
9929,5,2,0
9929,6,1,0
9929,6,2,0
9929,7,0,0
9929,7,1,0
9929,7,2,0
9930,1,0,0
9930,2,1,0
9930,3,0,0
9930,3,1,0
9930,4,2,0
9930,5,0,0
9930,5,2,0
9930,6,1,0
9930,6,2,0
9930,7,0,0
9930,7,1,0
9930,7,2,0
9931,1,0,0
9931,2,1,0
9931,3,0,0
9931,3,1,0
9931,4,2,0
9931,5,0,0
9931,5,2,0
9931,6,1,0
9931,6,2,0
9931,7,0,0
9931,7,1,0
9931,7,2,0
9932,1,0,0
9932,2,1,0
9932,3,0,0
9932,3,1,0
9932,4,2,0
9932,5,0,0
9932,5,2,0
9932,6,1,0
9932,6,2,0
9932,7,0,0
9932,7,1,0
9932,7,2,0
9933,1,0,0
9933,2,1,0
9933,3,0,0
9933,3,1,0
9933,4,2,0
9933,5,0,0
9933,5,2,0
9933,6,1,0
9933,6,2,0
9933,7,0,0
9933,7,1,0
9933,7,2,0
9934,1,0,0
9934,2,1,0
9934,3,0,0
9934,3,1,0
9934,4,2,0
9934,5,0,0
9934,5,2,0
9934,6,1,0
9934,6,2,0
9934,7,0,0
9934,7,1,0
9934,7,2,0
9935,1,0,0
9935,2,1,0
9935,3,0,0
9935,3,1,0
9935,4,2,0
9935,5,0,0
9935,5,2,0
9935,6,1,0
9935,6,2,0
9935,7,0,0
9935,7,1,0
9935,7,2,0
9936,1,0,1
9936,2,1,0
9936,3,0,1
9936,3,1,0
9936,4,2,0
9936,5,0,1
9936,5,2,0
9936,6,1,0
9936,6,2,0
9936,7,0,1
9936,7,1,0
9936,7,2,0
9937,1,0,1
9937,2,1,0
9937,3,0,1
9937,3,1,0
9937,4,2,0
9937,5,0,1
9937,5,2,0
9937,6,1,0
9937,6,2,0
9937,7,0,1
9937,7,1,0
9937,7,2,0
9938,1,0,0
9938,2,1,0
9938,3,0,0
9938,3,1,0
9938,4,2,0
9938,5,0,0
9938,5,2,0
9938,6,1,0
9938,6,2,0
9938,7,0,0
9938,7,1,0
9938,7,2,0
9939,1,0,0
9939,2,1,0
9939,3,0,0
9939,3,1,0
9939,4,2,0
9939,5,0,0
9939,5,2,0
9939,6,1,0
9939,6,2,0
9939,7,0,0
9939,7,1,0
9939,7,2,0
9940,1,0,0
9940,2,1,0
9940,3,0,0
9940,3,1,0
9940,4,2,0
9940,5,0,0
9940,5,2,0
9940,6,1,0
9940,6,2,0
9940,7,0,0
9940,7,1,0
9940,7,2,0
9941,1,0,0
9941,2,1,0
9941,3,0,0
9941,3,1,0
9941,4,2,0
9941,5,0,0
9941,5,2,0
9941,6,1,0
9941,6,2,0
9941,7,0,0
9941,7,1,0
9941,7,2,0
9942,1,0,0
9942,2,1,0
9942,3,0,0
9942,3,1,0
9942,4,2,0
9942,5,0,0
9942,5,2,0
9942,6,1,0
9942,6,2,0
9942,7,0,0
9942,7,1,0
9942,7,2,0
9943,1,0,0
9943,2,1,0
9943,3,0,0
9943,3,1,0
9943,4,2,0
9943,5,0,0
9943,5,2,0
9943,6,1,0
9943,6,2,0
9943,7,0,0
9943,7,1,0
9943,7,2,0
9944,1,0,0
9944,2,1,0
9944,3,0,0
9944,3,1,0
9944,4,2,0
9944,5,0,0
9944,5,2,0
9944,6,1,0
9944,6,2,0
9944,7,0,0
9944,7,1,0
9944,7,2,0
9945,1,0,0
9945,2,1,0
9945,3,0,0
9945,3,1,0
9945,4,2,0
9945,5,0,0
9945,5,2,0
9945,6,1,0
9945,6,2,0
9945,7,0,0
9945,7,1,0
9945,7,2,0
9946,1,0,0
9946,2,1,0
9946,3,0,0
9946,3,1,0
9946,4,2,0
9946,5,0,0
9946,5,2,0
9946,6,1,0
9946,6,2,0
9946,7,0,0
9946,7,1,0
9946,7,2,0
9947,1,0,0
9947,2,1,0
9947,3,0,0
9947,3,1,0
9947,4,2,0
9947,5,0,0
9947,5,2,0
9947,6,1,0
9947,6,2,0
9947,7,0,0
9947,7,1,0
9947,7,2,0
9948,1,0,0
9948,2,1,0
9948,3,0,0
9948,3,1,0
9948,4,2,0
9948,5,0,0
9948,5,2,0
9948,6,1,0
9948,6,2,0
9948,7,0,0
9948,7,1,0
9948,7,2,0
9949,1,0,0
9949,2,1,0
9949,3,0,0
9949,3,1,0
9949,4,2,0
9949,5,0,0
9949,5,2,0
9949,6,1,0
9949,6,2,0
9949,7,0,0
9949,7,1,0
9949,7,2,0
9950,1,0,0
9950,2,1,0
9950,3,0,0
9950,3,1,0
9950,4,2,0
9950,5,0,0
9950,5,2,0
9950,6,1,0
9950,6,2,0
9950,7,0,0
9950,7,1,0
9950,7,2,0
9951,1,0,0
9951,2,1,0
9951,3,0,0
9951,3,1,0
9951,4,2,0
9951,5,0,0
9951,5,2,0
9951,6,1,0
9951,6,2,0
9951,7,0,0
9951,7,1,0
9951,7,2,0
9952,1,0,0
9952,2,1,0
9952,3,0,0
9952,3,1,0
9952,4,2,0
9952,5,0,0
9952,5,2,0
9952,6,1,0
9952,6,2,0
9952,7,0,0
9952,7,1,0
9952,7,2,0
9953,1,0,0
9953,2,1,0
9953,3,0,0
9953,3,1,0
9953,4,2,0
9953,5,0,0
9953,5,2,0
9953,6,1,0
9953,6,2,0
9953,7,0,0
9953,7,1,0
9953,7,2,0
9954,1,0,0
9954,2,1,0
9954,3,0,0
9954,3,1,0
9954,4,2,0
9954,5,0,0
9954,5,2,0
9954,6,1,0
9954,6,2,0
9954,7,0,0
9954,7,1,0
9954,7,2,0
9955,1,0,0
9955,2,1,0
9955,3,0,0
9955,3,1,0
9955,4,2,0
9955,5,0,0
9955,5,2,0
9955,6,1,0
9955,6,2,0
9955,7,0,0
9955,7,1,0
9955,7,2,0
9956,1,0,0
9956,2,1,0
9956,3,0,0
9956,3,1,0
9956,4,2,0
9956,5,0,0
9956,5,2,0
9956,6,1,0
9956,6,2,0
9956,7,0,0
9956,7,1,0
9956,7,2,0
9957,1,0,0
9957,2,1,0
9957,3,0,0
9957,3,1,0
9957,4,2,0
9957,5,0,0
9957,5,2,0
9957,6,1,0
9957,6,2,0
9957,7,0,0
9957,7,1,0
9957,7,2,0
9958,1,0,0
9958,2,1,0
9958,3,0,0
9958,3,1,0
9958,4,2,0
9958,5,0,0
9958,5,2,0
9958,6,1,0
9958,6,2,0
9958,7,0,0
9958,7,1,0
9958,7,2,0
9959,1,0,0
9959,2,1,0
9959,3,0,0
9959,3,1,0
9959,4,2,0
9959,5,0,0
9959,5,2,0
9959,6,1,0
9959,6,2,0
9959,7,0,0
9959,7,1,0
9959,7,2,0
9960,1,0,0
9960,2,1,0
9960,3,0,0
9960,3,1,0
9960,4,2,0
9960,5,0,0
9960,5,2,0
9960,6,1,0
9960,6,2,0
9960,7,0,0
9960,7,1,0
9960,7,2,0
9961,1,0,0
9961,2,1,0
9961,3,0,0
9961,3,1,0
9961,4,2,0
9961,5,0,0
9961,5,2,0
9961,6,1,0
9961,6,2,0
9961,7,0,0
9961,7,1,0
9961,7,2,0
9962,1,0,0
9962,2,1,0
9962,3,0,0
9962,3,1,0
9962,4,2,0
9962,5,0,0
9962,5,2,0
9962,6,1,0
9962,6,2,0
9962,7,0,0
9962,7,1,0
9962,7,2,0
9963,1,0,1
9963,2,1,0
9963,3,0,1
9963,3,1,0
9963,4,2,0
9963,5,0,1
9963,5,2,0
9963,6,1,0
9963,6,2,0
9963,7,0,1
9963,7,1,0
9963,7,2,0
9964,1,0,1
9964,2,1,0
9964,3,0,1
9964,3,1,0
9964,4,2,0
9964,5,0,1
9964,5,2,0
9964,6,1,0
9964,6,2,0
9964,7,0,1
9964,7,1,0
9964,7,2,0
9965,1,0,0
9965,2,1,0
9965,3,0,0
9965,3,1,0
9965,4,2,0
9965,5,0,0
9965,5,2,0
9965,6,1,0
9965,6,2,0
9965,7,0,0
9965,7,1,0
9965,7,2,0
9966,1,0,0
9966,2,1,0
9966,3,0,0
9966,3,1,0
9966,4,2,0
9966,5,0,0
9966,5,2,0
9966,6,1,0
9966,6,2,0
9966,7,0,0
9966,7,1,0
9966,7,2,0
9967,1,0,0
9967,2,1,0
9967,3,0,0
9967,3,1,0
9967,4,2,0
9967,5,0,0
9967,5,2,0
9967,6,1,0
9967,6,2,0
9967,7,0,0
9967,7,1,0
9967,7,2,0
9968,1,0,0
9968,2,1,0
9968,3,0,0
9968,3,1,0
9968,4,2,0
9968,5,0,0
9968,5,2,0
9968,6,1,0
9968,6,2,0
9968,7,0,0
9968,7,1,0
9968,7,2,0
9969,1,0,0
9969,2,1,0
9969,3,0,0
9969,3,1,0
9969,4,2,0
9969,5,0,0
9969,5,2,0
9969,6,1,0
9969,6,2,0
9969,7,0,0
9969,7,1,0
9969,7,2,0
9970,1,0,0
9970,2,1,0
9970,3,0,0
9970,3,1,0
9970,4,2,0
9970,5,0,0
9970,5,2,0
9970,6,1,0
9970,6,2,0
9970,7,0,0
9970,7,1,0
9970,7,2,0
9971,1,0,0
9971,2,1,0
9971,3,0,0
9971,3,1,0
9971,4,2,0
9971,5,0,0
9971,5,2,0
9971,6,1,0
9971,6,2,0
9971,7,0,0
9971,7,1,0
9971,7,2,0
9972,1,0,0
9972,2,1,0
9972,3,0,0
9972,3,1,0
9972,4,2,0
9972,5,0,0
9972,5,2,0
9972,6,1,0
9972,6,2,0
9972,7,0,0
9972,7,1,0
9972,7,2,0
9973,1,0,0
9973,2,1,0
9973,3,0,0
9973,3,1,0
9973,4,2,0
9973,5,0,0
9973,5,2,0
9973,6,1,0
9973,6,2,0
9973,7,0,0
9973,7,1,0
9973,7,2,0
9974,1,0,0
9974,2,1,0
9974,3,0,0
9974,3,1,0
9974,4,2,0
9974,5,0,0
9974,5,2,0
9974,6,1,0
9974,6,2,0
9974,7,0,0
9974,7,1,0
9974,7,2,0
9975,1,0,0
9975,2,1,0
9975,3,0,0
9975,3,1,0
9975,4,2,0
9975,5,0,0
9975,5,2,0
9975,6,1,0
9975,6,2,0
9975,7,0,0
9975,7,1,0
9975,7,2,0
9976,1,0,0
9976,2,1,0
9976,3,0,0
9976,3,1,0
9976,4,2,0
9976,5,0,0
9976,5,2,0
9976,6,1,0
9976,6,2,0
9976,7,0,0
9976,7,1,0
9976,7,2,0
9977,1,0,0
9977,2,1,0
9977,3,0,0
9977,3,1,0
9977,4,2,0
9977,5,0,0
9977,5,2,0
9977,6,1,0
9977,6,2,0
9977,7,0,0
9977,7,1,0
9977,7,2,0
9978,1,0,0
9978,2,1,0
9978,3,0,0
9978,3,1,0
9978,4,2,0
9978,5,0,0
9978,5,2,0
9978,6,1,0
9978,6,2,0
9978,7,0,0
9978,7,1,0
9978,7,2,0
9979,1,0,0
9979,2,1,0
9979,3,0,0
9979,3,1,0
9979,4,2,0
9979,5,0,0
9979,5,2,0
9979,6,1,0
9979,6,2,0
9979,7,0,0
9979,7,1,0
9979,7,2,0
9980,1,0,0
9980,2,1,0
9980,3,0,0
9980,3,1,0
9980,4,2,0
9980,5,0,0
9980,5,2,0
9980,6,1,0
9980,6,2,0
9980,7,0,0
9980,7,1,0
9980,7,2,0
9981,1,0,0
9981,2,1,0
9981,3,0,0
9981,3,1,0
9981,4,2,0
9981,5,0,0
9981,5,2,0
9981,6,1,0
9981,6,2,0
9981,7,0,0
9981,7,1,0
9981,7,2,0
9982,1,0,0
9982,2,1,0
9982,3,0,0
9982,3,1,0
9982,4,2,0
9982,5,0,0
9982,5,2,0
9982,6,1,0
9982,6,2,0
9982,7,0,0
9982,7,1,0
9982,7,2,0
9983,1,0,0
9983,2,1,0
9983,3,0,0
9983,3,1,0
9983,4,2,0
9983,5,0,0
9983,5,2,0
9983,6,1,0
9983,6,2,0
9983,7,0,0
9983,7,1,0
9983,7,2,0
9984,1,0,0
9984,2,1,0
9984,3,0,0
9984,3,1,0
9984,4,2,0
9984,5,0,0
9984,5,2,0
9984,6,1,0
9984,6,2,0
9984,7,0,0
9984,7,1,0
9984,7,2,0
9985,1,0,0
9985,2,1,0
9985,3,0,0
9985,3,1,0
9985,4,2,0
9985,5,0,0
9985,5,2,0
9985,6,1,0
9985,6,2,0
9985,7,0,0
9985,7,1,0
9985,7,2,0
9986,1,0,0
9986,2,1,0
9986,3,0,0
9986,3,1,0
9986,4,2,0
9986,5,0,0
9986,5,2,0
9986,6,1,0
9986,6,2,0
9986,7,0,0
9986,7,1,0
9986,7,2,0
9987,1,0,0
9987,2,1,0
9987,3,0,0
9987,3,1,0
9987,4,2,0
9987,5,0,0
9987,5,2,0
9987,6,1,0
9987,6,2,0
9987,7,0,0
9987,7,1,0
9987,7,2,0
9988,1,0,0
9988,2,1,0
9988,3,0,0
9988,3,1,0
9988,4,2,0
9988,5,0,0
9988,5,2,0
9988,6,1,0
9988,6,2,0
9988,7,0,0
9988,7,1,0
9988,7,2,0
9989,1,0,0
9989,2,1,0
9989,3,0,0
9989,3,1,0
9989,4,2,0
9989,5,0,0
9989,5,2,0
9989,6,1,0
9989,6,2,0
9989,7,0,0
9989,7,1,0
9989,7,2,0
9990,1,0,1
9990,2,1,0
9990,3,0,1
9990,3,1,0
9990,4,2,0
9990,5,0,1
9990,5,2,0
9990,6,1,0
9990,6,2,0
9990,7,0,1
9990,7,1,0
9990,7,2,0
9991,1,0,1
9991,2,1,0
9991,3,0,1
9991,3,1,0
9991,4,2,0
9991,5,0,1
9991,5,2,0
9991,6,1,0
9991,6,2,0
9991,7,0,1
9991,7,1,0
9991,7,2,0
9992,1,0,0
9992,2,1,0
9992,3,0,0
9992,3,1,0
9992,4,2,0
9992,5,0,0
9992,5,2,0
9992,6,1,0
9992,6,2,0
9992,7,0,0
9992,7,1,0
9992,7,2,0
9993,1,0,0
9993,2,1,0
9993,3,0,0
9993,3,1,0
9993,4,2,0
9993,5,0,0
9993,5,2,0
9993,6,1,0
9993,6,2,0
9993,7,0,0
9993,7,1,0
9993,7,2,0
9994,1,0,0
9994,2,1,0
9994,3,0,0
9994,3,1,0
9994,4,2,0
9994,5,0,0
9994,5,2,0
9994,6,1,0
9994,6,2,0
9994,7,0,0
9994,7,1,0
9994,7,2,0
9995,1,0,0
9995,2,1,0
9995,3,0,0
9995,3,1,0
9995,4,2,0
9995,5,0,0
9995,5,2,0
9995,6,1,0
9995,6,2,0
9995,7,0,0
9995,7,1,0
9995,7,2,0
9996,1,0,0
9996,2,1,0
9996,3,0,0
9996,3,1,0
9996,4,2,0
9996,5,0,0
9996,5,2,0
9996,6,1,0
9996,6,2,0
9996,7,0,0
9996,7,1,0
9996,7,2,0
9997,1,0,0
9997,2,1,0
9997,3,0,0
9997,3,1,0
9997,4,2,0
9997,5,0,0
9997,5,2,0
9997,6,1,0
9997,6,2,0
9997,7,0,0
9997,7,1,0
9997,7,2,0
9998,1,0,0
9998,2,1,0
9998,3,0,0
9998,3,1,0
9998,4,2,0
9998,5,0,0
9998,5,2,0
9998,6,1,0
9998,6,2,0
9998,7,0,0
9998,7,1,0
9998,7,2,0
9999,1,0,0
9999,2,1,0
9999,3,0,0
9999,3,1,0
9999,4,2,0
9999,5,0,0
9999,5,2,0
9999,6,1,0
9999,6,2,0
9999,7,0,0
9999,7,1,0
9999,7,2,0
